#{"t_start": 1781050791.060342, "env_id": "None"}
r,l,t,completion_rate,feasible,served_customers,unserved_customers,invalid_actions,makespan,total_distance,average_regret,penalized_makespan,terminal_status
654.29745,40,3.857177,1.0,True,40,0,0,1521.533396244049,1985.9124183654785,22.603485649824144,1521.533396244049,completed
1329.235186,40,3.915211,1.0,True,40,0,0,1303.534972190857,1792.6520986557007,19.084081530570984,1303.534972190857,completed
2261.242031,40,3.97325,1.0,True,40,0,0,1154.325352370739,1507.820346236229,13.407004714012146,1154.325352370739,completed
2307.319764,40,4.030912,1.0,True,40,0,0,1022.4980955123901,1525.0626468658447,13.270155835151673,1022.4980955123901,completed
944.06383,40,4.088515,1.0,True,40,0,0,1349.8782720565796,1840.647050857544,22.266218137741088,1349.8782720565796,completed
272.493792,40,4.146656,1.0,True,40,0,0,1471.247151017189,2022.7387882471085,26.621815633773803,1471.247151017189,completed
3175.588264,40,4.205884,1.0,True,40,0,0,927.0292646884918,1153.0531554222107,8.872946333885192,927.0292646884918,completed
1887.32605,40,4.26371,1.0,True,40,0,0,1202.9081773757935,1641.6349592208862,15.251632356643677,1202.9081773757935,completed
2106.340912,40,4.348764,1.0,True,40,0,0,1177.1939368247986,1571.7329359054565,14.292956209182739,1177.1939368247986,completed
2042.630994,40,4.406842,1.0,True,40,0,0,1121.3350763320923,1537.491470336914,15.979091787338257,1121.3350763320923,completed
3028.619121,40,4.464203,1.0,True,40,0,0,916.7320022583008,1146.5515441894531,11.189187240600585,916.7320022583008,completed
1797.092614,40,4.521981,1.0,True,40,0,0,1239.4260113239288,1574.6199278831482,17.027123236656188,1239.4260113239288,completed
1779.888336,40,4.579522,1.0,True,40,0,0,1221.8716645240784,1595.952226638794,16.76801519393921,1221.8716645240784,completed
2994.783038,40,4.636177,1.0,True,40,0,0,997.9486167430878,1531.9974360466003,6.9531326532363895,997.9486167430878,completed
2294.482364,40,4.693568,1.0,True,40,0,0,1092.6080304384232,1381.5761997699738,15.502737474441528,1092.6080304384232,completed
3043.480706,40,4.750923,1.0,True,40,0,0,971.9454708099365,1362.7401666641235,8.241722857952118,971.9454708099365,completed
2383.831411,40,4.808219,1.0,True,40,0,0,1125.078633069992,1505.13343667984,13.06843285560608,1125.078633069992,completed
1382.888824,40,4.865403,1.0,True,40,0,0,1157.7213082313538,1704.4596195220947,21.344660115242004,1157.7213082313538,completed
1377.776611,40,4.923556,1.0,True,40,0,0,1121.3699803352356,1690.9384479522705,21.554613852500914,1121.3699803352356,completed
2233.765861,40,4.981852,1.0,True,40,0,0,1109.8203649520874,1643.89235496521,12.525754117965699,1109.8203649520874,completed
2130.974285,40,5.039277,1.0,True,40,0,0,1162.870879650116,1479.2996926307678,15.675919067859649,1162.870879650116,completed
316.980648,40,5.097419,1.0,True,40,0,0,1476.5005040168762,2136.739833831787,25.70881540775299,1476.5005040168762,completed
1575.560672,40,5.156217,1.0,True,40,0,0,1161.1137628555298,1716.2933053970337,19.373105430603026,1161.1137628555298,completed
3022.522141,40,5.214089,1.0,True,40,0,0,976.4968190193176,1266.3498272895813,10.107436966896056,976.4968190193176,completed
3625.98448,40,5.271672,1.0,True,40,0,0,740.7253270149231,1045.913146018982,7.050948286056519,740.7253270149231,completed
2557.621299,40,5.32996,1.0,True,40,0,0,1068.7640867233276,1728.8520622253418,7.929787254333496,1068.7640867233276,completed
3632.45079,40,5.388137,1.0,True,40,0,0,860.1957576274872,1075.4203276634216,4.7308674335479735,860.1957576274872,completed
938.028042,40,5.446335,1.0,True,40,0,0,1263.0822052955627,1951.14559841156,21.473280954360963,1263.0822052955627,completed
1936.900424,40,5.504387,1.0,True,40,0,0,1077.7161288261414,1494.4905948638916,17.281628060340882,1077.7161288261414,completed
2599.477955,40,5.562929,1.0,True,40,0,0,1057.979268670082,1495.5659620761871,10.695149064064026,1057.979268670082,completed
2769.259293,40,5.62125,1.0,True,40,0,0,970.2168653607368,1434.5733639001846,10.069748592376708,970.2168653607368,completed
2422.672633,40,5.678486,1.0,True,40,0,0,1078.0124673843384,1419.7030544281006,13.485581588745116,1078.0124673843384,completed
416.297654,40,5.736573,1.0,True,40,0,0,1315.7800055146217,1921.3049374818802,28.32248638868332,1315.7800055146217,completed
2959.317386,40,5.794766,1.0,True,40,0,0,995.4624495506287,1335.0469770431519,8.87316837310791,995.4624495506287,completed
370.051003,40,5.852531,1.0,True,40,0,0,1404.358796596527,2037.4986371994019,26.01356523036957,1404.358796596527,completed
2501.673845,40,5.909912,1.0,True,40,0,0,984.494402885437,1423.4445400238037,13.148006486892701,984.494402885437,completed
1867.311342,40,5.967485,1.0,True,40,0,0,1157.9214835166931,1604.5484991073608,17.286655235290528,1157.9214835166931,completed
2069.939152,40,6.024809,1.0,True,40,0,0,1063.8315420150757,1525.956238746643,16.85262575149536,1063.8315420150757,completed
971.03506,40,6.082294,1.0,True,40,0,0,1303.4140229225159,2058.4685583114624,19.595013904571534,1303.4140229225159,completed
1990.64046,40,6.140031,1.0,True,40,0,0,1056.9016661643982,1512.7711820602417,17.76462800502777,1056.9016661643982,completed
3265.796512,40,6.197824,1.0,True,40,0,0,924.0643582344055,1267.920660018921,7.438151836395264,924.0643582344055,completed
413.231064,40,6.254725,1.0,True,40,0,0,1407.012536764145,1894.4847085475922,28.357852935791016,1407.012536764145,completed
2573.442469,40,6.312677,1.0,True,40,0,0,974.1424448490143,1286.3242383003235,13.901442527770996,974.1424448490143,completed
1252.785342,40,6.370262,1.0,True,40,0,0,1219.7984619140625,1798.1424942016602,20.904735469818114,1219.7984619140625,completed
2544.554689,40,6.427228,1.0,True,40,0,0,980.4600796699524,1364.1566133499146,12.519962358474732,980.4600796699524,completed
2558.925724,40,6.485189,1.0,True,40,0,0,1004.1226873397827,1463.765079498291,11.41823844909668,1004.1226873397827,completed
449.440942,40,6.543507,1.0,True,40,0,0,1436.7496192455292,2222.7429728507996,23.16865019798279,1436.7496192455292,completed
3314.332018,40,6.60063,1.0,True,40,0,0,989.9607977867126,1145.563724040985,8.01964259147644,989.9607977867126,completed
2024.563398,40,6.658254,1.0,True,40,0,0,1193.9253134727478,1459.2552309036255,16.423758244514467,1193.9253134727478,completed
1222.649943,40,6.715754,1.0,True,40,0,0,1289.5078687667847,1699.1110591888428,21.807789635658263,1289.5078687667847,completed
667.462264,40,6.774086,1.0,True,40,0,0,1313.394603252411,1960.9040322303772,25.281331729888915,1313.394603252411,completed
2149.55929,40,8.079677,1.0,True,40,0,0,1102.5890936851501,1514.6125626564026,14.785167932510376,1102.5890936851501,completed
1910.324059,40,8.132745,1.0,True,40,0,0,1155.6158647537231,1507.6371793746948,16.223819065093995,1155.6158647537231,completed
596.571317,40,8.185926,1.0,True,40,0,0,1317.5753927230835,1966.9066982269287,25.11607599258423,1317.5753927230835,completed
2732.271735,40,8.241674,1.0,True,40,0,0,1057.5420775413513,1388.365560054779,10.200011277198792,1057.5420775413513,completed
1514.207715,40,8.294735,1.0,True,40,0,0,1194.6096863746643,1738.0883951187134,18.964115476608278,1194.6096863746643,completed
3083.866911,40,8.347564,1.0,True,40,0,0,969.6572494506836,1275.5372033119202,7.703097701072693,969.6572494506836,completed
21.142555,40,8.400769,1.0,True,40,0,0,1394.1344565153122,2080.2710292339325,28.613482981920242,1394.1344565153122,completed
2970.737368,40,8.453327,1.0,True,40,0,0,983.8705103397369,1270.2462964057922,9.708367490768433,983.8705103397369,completed
1545.773691,40,8.505993,1.0,True,40,0,0,1196.0496425628662,1672.7947125434875,19.144029247760773,1196.0496425628662,completed
1726.940507,40,8.558542,1.0,True,40,0,0,1169.902851998806,1535.312955737114,18.653419128060342,1169.902851998806,completed
-209.334168,40,8.612091,1.0,True,40,0,0,1529.0621438026428,2324.482111930847,28.999581986665724,1529.0621438026428,completed
1184.652566,40,8.664703,1.0,True,40,0,0,1123.3661980628967,1703.825605392456,22.838994359970094,1123.3661980628967,completed
1864.09517,40,8.716704,1.0,True,40,0,0,1218.5919551849365,1770.2204961776733,14.281338882446288,1218.5919551849365,completed
2436.26085,40,8.76906,1.0,True,40,0,0,1083.4996206760406,1411.3724083900452,12.764121603965759,1083.4996206760406,completed
2189.727381,40,8.82228,1.0,True,40,0,0,1154.3548320531845,1523.0003831386566,14.716991233825684,1154.3548320531845,completed
2530.744937,40,8.874804,1.0,True,40,0,0,1003.5560538768768,1433.245954990387,12.194386005401611,1003.5560538768768,completed
1183.48153,40,8.926857,1.0,True,40,0,0,1237.9605741500854,1796.5481629371643,21.65673933029175,1237.9605741500854,completed
1716.344985,40,8.980248,1.0,True,40,0,0,1265.471141576767,1823.1107363700867,14.736881494522095,1265.471141576767,completed
2677.176817,40,9.032634,1.0,True,40,0,0,1059.0538938045502,1354.703043460846,12.27771873474121,1059.0538938045502,completed
1831.636155,40,9.085316,1.0,True,40,0,0,1204.6448189020157,1591.0559532642365,16.94269256591797,1204.6448189020157,completed
3415.333528,40,9.137357,1.0,True,40,0,0,915.9010355472565,1073.2267563343048,7.369705229997635,915.9010355472565,completed
515.059022,40,9.189797,1.0,True,40,0,0,1419.8831086158752,1917.0537385940552,26.365650010108947,1419.8831086158752,completed
1986.761596,40,9.241973,1.0,True,40,0,0,1188.2842531204224,1624.0109176635742,15.298198032379151,1188.2842531204224,completed
2511.50571,40,9.294618,1.0,True,40,0,0,1046.763017654419,1552.9963455200195,9.839256238937377,1046.763017654419,completed
2395.203862,40,9.346853,1.0,True,40,0,0,1150.8349404335022,1534.7704801559448,12.013095569610595,1150.8349404335022,completed
2707.417287,40,9.399654,1.0,True,40,0,0,950.177830696106,1356.60484790802,11.75263352394104,950.177830696106,completed
2619.801463,40,9.45229,1.0,True,40,0,0,1098.5514786243439,1418.926585674286,11.503105068206787,1098.5514786243439,completed
3477.371719,40,9.504337,1.0,True,40,0,0,853.9353177547455,1134.5877566337585,6.527756977081299,853.9353177547455,completed
2928.972947,40,9.55705,1.0,True,40,0,0,1008.7232253551483,1384.1842169761658,8.164880990982056,1008.7232253551483,completed
1638.454338,40,9.610049,1.0,True,40,0,0,1166.7029151916504,1597.6572370529175,19.55126190185547,1166.7029151916504,completed
2457.897833,40,9.663145,1.0,True,40,0,0,1209.3485350608826,1460.4526090621948,11.499939703941346,1209.3485350608826,completed
14.693575,40,9.720303,1.0,True,40,0,0,1445.5347700119019,2148.842553138733,29.24073443412781,1445.5347700119019,completed
1593.642517,40,9.796036,1.0,True,40,0,0,1246.127215385437,1671.9719505310059,16.931400108337403,1246.127215385437,completed
307.134494,40,9.852494,1.0,True,40,0,0,1391.0145659446716,2077.7529244422913,25.72160687446594,1391.0145659446716,completed
3047.250574,40,9.90849,1.0,True,40,0,0,937.9673483371735,1190.8826308250427,9.562476539611817,937.9673483371735,completed
2121.632815,40,9.972114,1.0,True,40,0,0,1080.3211998939514,1613.9980716705322,14.55970733165741,1080.3211998939514,completed
2419.143393,40,10.032243,1.0,True,40,0,0,1149.189558506012,1428.5500860214233,12.249222218990326,1149.189558506012,completed
3104.297594,40,10.08742,1.0,True,40,0,0,975.5198421478271,1173.9998970031738,9.737382674217224,975.5198421478271,completed
2686.142644,40,10.14026,1.0,True,40,0,0,1020.1135272979736,1426.9281091690063,10.839603996276855,1020.1135272979736,completed
2004.085015,40,10.193493,1.0,True,40,0,0,1210.7709741592407,1546.2719345092773,15.04441590309143,1210.7709741592407,completed
918.135461,40,10.246725,1.0,True,40,0,0,1406.1960077285767,1911.8698635101318,22.751126050949097,1406.1960077285767,completed
2914.162872,40,10.299325,1.0,True,40,0,0,905.6973150968552,1234.8033034801483,11.489188814163208,905.6973150968552,completed
2072.112395,40,10.351868,1.0,True,40,0,0,1127.6131114959717,1547.5358905792236,15.425378227233887,1127.6131114959717,completed
2146.008452,40,10.404222,1.0,True,40,0,0,1178.219254732132,1688.8778812885284,12.178679072856903,1178.219254732132,completed
2882.261464,40,10.456851,1.0,True,40,0,0,966.495717048645,1296.4715747833252,10.58402967453003,966.495717048645,completed
1143.920757,40,10.509425,1.0,True,40,0,0,1236.884976863861,1856.9921731948853,21.015710830688477,1236.884976863861,completed
1814.326758,40,10.562132,1.0,True,40,0,0,1120.522840499878,1537.4668140411377,17.901825523376466,1120.522840499878,completed
1423.340516,40,10.614821,1.0,True,40,0,0,1271.2251987457275,1688.0759420394897,19.275510358810426,1271.2251987457275,completed
2377.634538,40,10.667173,1.0,True,40,0,0,1099.6891705989838,1391.8118996620178,13.019485878944398,1099.6891705989838,completed
593.072299,40,10.719412,1.0,True,40,0,0,1430.0511617660522,2090.5825533866882,23.553202438354493,1430.0511617660522,completed
2142.402325,40,10.772271,1.0,True,40,0,0,1181.7795901298523,1537.5780096054077,13.964926373958587,1181.7795901298523,completed
2499.839258,40,11.980852,1.0,True,40,0,0,964.1937968730927,1293.4596886634827,14.797985076904297,964.1937968730927,completed
2237.846443,40,12.03402,1.0,True,40,0,0,1061.0311386585236,1382.2467551231384,15.500793039798737,1061.0311386585236,completed
1405.253965,40,12.099811,1.0,True,40,0,0,1189.2533617019653,1748.382209777832,18.97466983795166,1189.2533617019653,completed
2626.762313,40,12.159905,1.0,True,40,0,0,1056.9951486587524,1419.099591255188,11.412888097763062,1056.9951486587524,completed
3154.751479,40,12.213266,1.0,True,40,0,0,923.5451251268387,1194.3037283420563,8.904841804504395,923.5451251268387,completed
3643.607452,40,12.266912,1.0,True,40,0,0,905.1059832572937,1129.8607773780823,4.756026291847229,905.1059832572937,completed
-1290.775021,40,12.320204,1.0,True,40,0,0,1464.4799115657806,2470.0562357902527,40.06281518936157,1464.4799115657806,completed
2000.259397,40,12.37341,1.0,True,40,0,0,1062.0972204208374,1462.7720756530762,17.355412340164186,1062.0972204208374,completed
-30.994963,40,12.432097,1.0,True,40,0,0,1478.8387141227722,2157.7703404426575,28.189304494857787,1478.8387141227722,completed
2285.19751,40,12.485494,1.0,True,40,0,0,1056.0913519859314,1461.9014225006104,14.788201427459716,1056.0913519859314,completed
1438.005347,40,12.539163,1.0,True,40,0,0,1217.1910594701767,1611.141280889511,19.930307602882387,1217.1910594701767,completed
2153.801569,40,12.59189,1.0,True,40,0,0,1171.6234517097473,1493.0588340759277,14.510745525360107,1171.6234517097473,completed
1080.347352,40,12.644589,1.0,True,40,0,0,1183.6983666419983,1851.0977659225464,21.66532607078552,1183.6983666419983,completed
2317.163511,40,12.697172,1.0,True,40,0,0,1121.6329724788666,1492.15189909935,12.856120204925537,1121.6329724788666,completed
2402.027711,40,12.749631,1.0,True,40,0,0,1110.3518147468567,1455.2784700393677,13.011936044692993,1110.3518147468567,completed
1071.514852,40,12.802232,1.0,True,40,0,0,1195.0342409610748,1813.2480237483978,22.523647212982176,1195.0342409610748,completed
1354.184896,40,12.855122,1.0,True,40,0,0,1228.6715037822723,1767.0109210014343,19.68625235557556,1228.6715037822723,completed
855.179209,40,12.907535,1.0,True,40,0,0,1521.5151510238647,2007.1328105926514,20.425820112228394,1521.5151510238647,completed
517.573912,40,12.959858,1.0,True,40,0,0,1272.2261362075806,2033.3711290359497,25.52977705001831,1272.2261362075806,completed
433.004982,40,13.012308,1.0,True,40,0,0,1487.8204803466797,2124.8610334396362,23.711944913864137,1487.8204803466797,completed
1772.285606,40,13.065142,1.0,True,40,0,0,1211.120861530304,1760.7365827560425,14.677895450592041,1211.120861530304,completed
1566.067954,40,13.117735,1.0,True,40,0,0,1183.9555344581604,1716.3745622634888,18.694333839416505,1183.9555344581604,completed
1658.045328,40,13.169849,1.0,True,40,0,0,1291.4008121490479,1676.5071535110474,16.661953949928282,1291.4008121490479,completed
634.069079,40,13.22258,1.0,True,40,0,0,1373.171350479126,1969.2189445495605,24.198590898513793,1373.171350479126,completed
2845.108176,40,13.274696,1.0,True,40,0,0,1002.5941335558891,1321.020065665245,11.065165901184082,1002.5941335558891,completed
177.945189,40,13.327401,1.0,True,40,0,0,1396.6385555267334,2152.9654865264893,27.19762053489685,1396.6385555267334,completed
815.154461,40,13.380008,1.0,True,40,0,0,1279.720491886139,1892.9517545700073,24.309578919410704,1279.720491886139,completed
1898.152873,40,13.43269,1.0,True,40,0,0,1261.3500337600708,1584.7194147109985,15.460571885108948,1261.3500337600708,completed
2029.911928,40,13.485803,1.0,True,40,0,0,1099.2668460607529,1630.5709397792816,14.398749136924744,1099.2668460607529,completed
3017.650947,40,13.53814,1.0,True,40,0,0,1046.0531721115112,1296.6181392669678,8.292964959144593,1046.0531721115112,completed
931.466503,40,13.590455,1.0,True,40,0,0,1383.7449761629105,1706.2225315570831,23.70552158355713,1383.7449761629105,completed
982.074594,40,13.642891,1.0,True,40,0,0,1284.7853536605835,1816.46284866333,21.674313259124755,1284.7853536605835,completed
2134.300502,40,13.695654,1.0,True,40,0,0,1230.8532118797302,1539.0164546966553,14.615868377685548,1230.8532118797302,completed
421.283167,40,13.748185,1.0,True,40,0,0,1531.7925176620483,2014.289231300354,24.736539602279663,1531.7925176620483,completed
2246.737584,40,13.801035,1.0,True,40,0,0,1094.0377459526062,1529.2602014541626,13.745669341087341,1094.0377459526062,completed
2109.243532,40,13.85312,1.0,True,40,0,0,1115.479014635086,1596.8695163726807,14.686407387256622,1115.479014635086,completed
2742.980271,40,13.905583,1.0,True,40,0,0,978.3149306774139,1350.1627688407898,11.185646557807923,978.3149306774139,completed
1673.569842,40,13.958103,1.0,True,40,0,0,1205.2106685638428,1548.774333000183,18.245649886131286,1205.2106685638428,completed
3001.754077,40,14.010562,1.0,True,40,0,0,988.4293174743652,1343.7058095932007,8.588899278640747,988.4293174743652,completed
2219.986854,40,14.062337,1.0,True,40,0,0,1167.790028810501,1520.195827960968,14.589046478271484,1167.790028810501,completed
2292.670119,40,14.115417,1.0,True,40,0,0,1108.1352653503418,1450.9203882217407,14.142953681945801,1108.1352653503418,completed
2456.591657,40,14.167967,1.0,True,40,0,0,1138.2684828042984,1358.1902115345001,13.14297525882721,1138.2684828042984,completed
1336.851872,40,14.220407,1.0,True,40,0,0,1336.2652053833008,1603.4793310165405,21.65702176094055,1336.2652053833008,completed
2069.683015,40,14.272945,1.0,True,40,0,0,1224.4221405982971,1827.678129196167,11.502721977233886,1224.4221405982971,completed
2100.655958,40,14.325729,1.0,True,40,0,0,1043.147135257721,1448.032156944275,16.132754850387574,1043.147135257721,completed
2623.232528,40,14.378021,1.0,True,40,0,0,1036.1421608924866,1348.4102592468262,11.02288613319397,1036.1421608924866,completed
2092.630517,40,14.430271,1.0,True,40,0,0,1118.088234424591,1496.8621039390564,15.937102854251862,1118.088234424591,completed
398.784221,40,14.482704,1.0,True,40,0,0,1361.0332136154175,1959.6822490692139,26.73681721687317,1361.0332136154175,completed
1460.908599,40,14.535223,1.0,True,40,0,0,1248.4805946350098,1728.0196223258972,19.052268242836,1248.4805946350098,completed
828.353177,40,14.588035,1.0,True,40,0,0,1359.7572832107544,1888.871464729309,23.6004230260849,1359.7572832107544,completed
2291.682543,40,14.640901,1.0,True,40,0,0,1150.6229004859924,1493.9279384613037,12.620287299156189,1150.6229004859924,completed
2714.990309,40,15.884805,1.0,True,40,0,0,969.3603115081787,1342.4654150009155,11.708519339561462,969.3603115081787,completed
2447.36868,40,15.938128,1.0,True,40,0,0,1003.6093029975891,1380.4286279678345,13.649928092956543,1003.6093029975891,completed
2680.777605,40,15.990873,1.0,True,40,0,0,1130.239113330841,1577.7867512702942,8.943918752670289,1130.239113330841,completed
3036.934626,40,16.043773,1.0,True,40,0,0,974.6193063259125,1235.1927199363708,9.432272481918336,974.6193063259125,completed
1800.446032,40,16.096141,1.0,True,40,0,0,1189.7195506095886,1512.6836686134338,16.959627521038055,1189.7195506095886,completed
1973.32894,40,16.14903,1.0,True,40,0,0,1186.057716369629,1491.2450733184814,17.308335614204406,1186.057716369629,completed
2409.321285,40,16.201244,1.0,True,40,0,0,1112.1577768325806,1458.9639978408813,13.481545639038085,1112.1577768325806,completed
3050.140586,40,16.253738,1.0,True,40,0,0,1067.7614912986755,1283.8407335281372,8.21222140789032,1067.7614912986755,completed
2733.31013,40,16.306378,1.0,True,40,0,0,944.7467626929283,1260.0707248449326,12.797050184011459,944.7467626929283,completed
600.76988,40,16.359087,1.0,True,40,0,0,1449.2200679779053,1996.144045829773,23.674245357513428,1449.2200679779053,completed
3420.198792,40,16.41241,1.0,True,40,0,0,845.2955396175385,1106.7447333335876,8.315058469772339,845.2955396175385,completed
2304.736338,40,16.464827,1.0,True,40,0,0,1154.568452835083,1444.7922267913818,13.72813925743103,1154.568452835083,completed
2083.410718,40,16.517076,1.0,True,40,0,0,1158.2982981204987,1641.4424767494202,13.762794733047485,1158.2982981204987,completed
2456.17405,40,16.569815,1.0,True,40,0,0,1040.3360795974731,1422.1134033203125,13.94124448299408,1040.3360795974731,completed
3626.993344,40,16.622648,1.0,True,40,0,0,835.36256980896,1028.7221202850342,6.252434778213501,835.36256980896,completed
2474.128675,40,16.674934,1.0,True,40,0,0,1069.1248774528503,1437.2353343963623,12.667969131469727,1069.1248774528503,completed
2210.797091,40,16.727497,1.0,True,40,0,0,1080.8727633953094,1483.2058339118958,14.301910424232483,1080.8727633953094,completed
796.814013,40,16.779984,1.0,True,40,0,0,1278.2088718414307,1859.7115688323975,24.694724225997923,1278.2088718414307,completed
1215.972673,40,16.832433,1.0,True,40,0,0,1276.2797675132751,1698.0821356773376,21.379613971710206,1276.2797675132751,completed
1739.177236,40,16.884912,1.0,True,40,0,0,1211.1677387952805,1833.6751463413239,15.025993251800537,1211.1677387952805,completed
3249.518137,40,16.937516,1.0,True,40,0,0,936.8717150688171,1267.017427444458,7.870495796203613,936.8717150688171,completed
1649.64331,40,16.990247,1.0,True,40,0,0,1129.7915682792664,1612.4977025985718,19.171678447723387,1129.7915682792664,completed
1283.525028,40,17.043033,1.0,True,40,0,0,1244.9874255657196,1802.0997958183289,20.277159261703492,1244.9874255657196,completed
2310.24412,40,17.096023,1.0,True,40,0,0,1078.0219163894653,1561.9764261245728,12.309608268737794,1078.0219163894653,completed
2603.351652,40,17.148265,1.0,True,40,0,0,1162.8406958580017,1606.633719444275,8.95808548927307,1162.8406958580017,completed
2232.254339,40,17.200502,1.0,True,40,0,0,1050.6379504203796,1511.0147581100464,15.440583205223083,1050.6379504203796,completed
2351.417317,40,17.253019,1.0,True,40,0,0,1189.581969499588,1616.2458395957947,11.774538469314574,1189.581969499588,completed
2371.326676,40,17.305581,1.0,True,40,0,0,1007.7896146774292,1371.5957984924316,14.0655522108078,1007.7896146774292,completed
3335.310848,40,17.357723,1.0,True,40,0,0,944.3091583251953,1239.2192182540894,5.56203145980835,944.3091583251953,completed
2956.900754,40,17.413639,1.0,True,40,0,0,1007.7610931396484,1346.6555814743042,8.65151813030243,1007.7610931396484,completed
2589.948778,40,17.470619,1.0,True,40,0,0,1058.806945323944,1516.9533014297485,10.201480293273926,1058.806945323944,completed
1232.352613,40,17.523217,1.0,True,40,0,0,1361.5177273750305,2027.0786037445068,17.26187858581543,1361.5177273750305,completed
2740.549113,40,17.575714,1.0,True,40,0,0,962.692134976387,1313.5347583293915,11.836842143535614,962.692134976387,completed
3423.29156,40,17.628901,1.0,True,40,0,0,987.0525100231171,1261.8917269706726,4.767450428009033,987.0525100231171,completed
1817.307606,40,17.682686,1.0,True,40,0,0,1205.521700143814,1671.437304019928,16.009979248046875,1205.521700143814,completed
1740.455844,40,17.735311,1.0,True,40,0,0,1082.5495085716248,1672.1026582717896,17.571269083023072,1082.5495085716248,completed
1317.357392,40,17.788076,1.0,True,40,0,0,1191.1642911434174,1670.168334722519,21.759485816955568,1191.1642911434174,completed
3463.855685,40,17.840884,1.0,True,40,0,0,849.1351585388184,1093.5239791870117,7.297335529327393,849.1351585388184,completed
2088.134297,40,17.893137,1.0,True,40,0,0,1061.5067925453186,1574.033896446228,15.66905426979065,1061.5067925453186,completed
2032.95423,40,17.945905,1.0,True,40,0,0,1169.3986525535583,1676.3688383102417,13.51751070022583,1169.3986525535583,completed
2685.585575,40,17.998791,1.0,True,40,0,0,993.891683101654,1352.6291589736938,12.064841747283936,993.891683101654,completed
2256.166496,40,18.051856,1.0,True,40,0,0,1140.3331096172333,1621.9584431648254,13.255991888046264,1140.3331096172333,completed
2798.104836,40,18.104689,1.0,True,40,0,0,1040.9433662295341,1326.560593008995,11.288906145095826,1040.9433662295341,completed
3504.698047,40,18.157047,1.0,True,40,0,0,916.3506662845612,1209.5351300239563,5.937536382675171,916.3506662845612,completed
2004.376908,40,18.209463,1.0,True,40,0,0,1179.8926298618317,1600.9749836921692,15.457687902450562,1179.8926298618317,completed
943.746392,40,18.262207,1.0,True,40,0,0,1326.2110500335693,1951.0222940444946,20.93003067970276,1326.2110500335693,completed
671.854741,40,18.315073,1.0,True,40,0,0,1357.5390666723251,2073.486618757248,21.784831726551054,1357.5390666723251,completed
1030.342826,40,18.367803,1.0,True,40,0,0,1215.377920627594,1850.454460144043,22.686631441116333,1215.377920627594,completed
1672.658672,40,18.420222,1.0,True,40,0,0,1210.129231929779,1683.0000348091125,17.937046885490417,1210.129231929779,completed
4017.900122,40,18.472824,1.0,True,40,0,0,783.7174767255783,993.2791926860809,3.4907784938812254,783.7174767255783,completed
2374.876892,40,18.525593,1.0,True,40,0,0,1091.2721843719482,1473.6825132369995,12.303862905502319,1091.2721843719482,completed
3569.241236,40,19.705388,1.0,True,40,0,0,910.9831852912903,1109.4788942337036,5.921775865554809,910.9831852912903,completed
2723.014181,40,19.763029,1.0,True,40,0,0,948.7619595527649,1428.7875518798828,11.20077919960022,948.7619595527649,completed
2950.577114,40,19.820744,1.0,True,40,0,0,937.6574606895447,1267.4435167312622,9.720506763458252,937.6574606895447,completed
2336.412968,40,19.877928,1.0,True,40,0,0,1031.0684142112732,1405.1854009628296,14.8030255317688,1031.0684142112732,completed
3032.499739,40,19.935465,1.0,True,40,0,0,911.0240530967712,1248.6767673492432,10.404267311096191,911.0240530967712,completed
2701.074268,40,19.992882,1.0,True,40,0,0,1118.6733021736145,1392.2778310775757,10.702701711654663,1118.6733021736145,completed
1062.273923,40,20.051145,1.0,True,40,0,0,1313.5703344345093,1905.19087600708,20.79842391014099,1313.5703344345093,completed
3291.027934,40,20.10872,1.0,True,40,0,0,889.7545299530029,1145.1708660125732,8.130392444133758,889.7545299530029,completed
2113.103011,40,20.167774,1.0,True,40,0,0,1142.4924573898315,1602.3861331939697,13.73470959663391,1142.4924573898315,completed
2432.013936,40,20.22553,1.0,True,40,0,0,1133.0428595542908,1500.5515298843384,12.15692081451416,1133.0428595542908,completed
1771.772218,40,20.283566,1.0,True,40,0,0,1299.8035161495209,1977.8546442985535,12.596319544315339,1299.8035161495209,completed
2309.536198,40,20.34118,1.0,True,40,0,0,1033.0131475925446,1383.294720172882,15.425396513938903,1033.0131475925446,completed
2421.362206,40,20.399023,1.0,True,40,0,0,1193.4740326404572,1628.1270155906677,9.770170712471009,1193.4740326404572,completed
1198.592744,40,20.456581,1.0,True,40,0,0,1268.6797332763672,1842.8891763687134,19.975266528129577,1268.6797332763672,completed
578.447209,40,20.514715,1.0,True,40,0,0,1312.710487484932,1946.7943260669708,26.280659246444703,1312.710487484932,completed
2768.143672,40,20.571472,1.0,True,40,0,0,1041.7126095294952,1345.398609638214,10.773628640174866,1041.7126095294952,completed
1703.009669,40,20.62883,1.0,True,40,0,0,1173.064474105835,1666.2652702331543,17.753248119354247,1173.064474105835,completed
2944.771049,40,20.68759,1.0,True,40,0,0,1126.1448855400085,1314.6062650680542,8.04343910217285,1126.1448855400085,completed
164.668217,40,20.745927,1.0,True,40,0,0,1419.0530309677124,1920.6019668579102,29.140472507476808,1419.0530309677124,completed
915.280885,40,20.803466,1.0,True,40,0,0,1319.5824432373047,1807.2244215011597,24.250284814834593,1319.5824432373047,completed
2764.289901,40,20.860718,1.0,True,40,0,0,1093.7714074850082,1305.4296510219574,11.293432974815369,1093.7714074850082,completed
3474.558653,40,20.918636,1.0,True,40,0,0,875.986207485199,1150.4870376586914,6.803923511505127,875.986207485199,completed
2824.892355,40,20.976057,1.0,True,40,0,0,1101.9610304832458,1548.2533717155457,7.135653972625732,1101.9610304832458,completed
1874.297205,40,21.03426,1.0,True,40,0,0,1064.5741884708405,1547.1662812232971,18.375942158699036,1064.5741884708405,completed
2333.271677,40,21.091742,1.0,True,40,0,0,1040.2723503112793,1527.4913115501404,13.404055881500245,1040.2723503112793,completed
1315.238131,40,21.150122,1.0,True,40,0,0,1200.4917848706245,1757.1973634958267,19.894371223449706,1200.4917848706245,completed
2216.617972,40,21.211536,1.0,True,40,0,0,1066.093966960907,1489.2050590515137,15.820001029968262,1066.093966960907,completed
449.365383,40,21.269012,1.0,True,40,0,0,1354.6806745529175,2033.1065855026245,25.767612099647522,1354.6806745529175,completed
1874.372418,40,21.326228,1.0,True,40,0,0,1141.7469050884247,1657.486171245575,15.654308128356934,1141.7469050884247,completed
1552.968883,40,21.383325,1.0,True,40,0,0,1155.7148976325989,1702.7527198791504,19.257177329063417,1155.7148976325989,completed
2945.191716,40,21.441196,1.0,True,40,0,0,1026.4421253204346,1528.2174654006958,6.786297464370728,1026.4421253204346,completed
3469.082309,40,21.498635,1.0,True,40,0,0,936.5189321041107,1293.803183555603,5.072785377502441,936.5189321041107,completed
616.699392,40,21.556404,1.0,True,40,0,0,1345.2322025299072,1951.679518699646,25.17892270088196,1345.2322025299072,completed
3331.464768,40,21.61284,1.0,True,40,0,0,1008.7741680145264,1239.4482593536377,6.373470568656922,1008.7741680145264,completed
2755.764035,40,21.670212,1.0,True,40,0,0,1055.0427641868591,1475.183048248291,9.981361913681031,1055.0427641868591,completed
679.814558,40,21.728467,1.0,True,40,0,0,1264.0149502754211,1859.8125019073486,25.949783992767333,1264.0149502754211,completed
3127.780729,40,21.786433,1.0,True,40,0,0,978.3030111789703,1388.1325278282166,6.7911460399627686,978.3030111789703,completed
2558.116215,40,21.844219,1.0,True,40,0,0,1064.396164894104,1559.2488441467285,10.60090446472168,1064.396164894104,completed
707.194331,40,21.90116,1.0,True,40,0,0,1305.789016008377,1909.091847896576,24.929140329360962,1305.789016008377,completed
1921.021054,40,21.958397,1.0,True,40,0,0,1241.9893535375595,1494.9357845783234,15.92944964170456,1241.9893535375595,completed
1098.816264,40,22.016106,1.0,True,40,0,0,1315.8465263843536,1819.7225050926208,21.812263309955597,1315.8465263843536,completed
2823.8756,40,22.074036,1.0,True,40,0,0,1033.584062576294,1281.8114385604858,11.012267255783081,1033.584062576294,completed
2490.381182,40,22.131219,1.0,True,40,0,0,1106.7044672966003,1424.9838066101074,12.663924384117127,1106.7044672966003,completed
1411.969088,40,22.188551,1.0,True,40,0,0,1120.550849199295,1693.7592358589172,20.469565534591673,1120.550849199295,completed
1331.89432,40,22.246363,1.0,True,40,0,0,1276.1285092830658,1708.5187935829163,20.413223767280577,1276.1285092830658,completed
2006.206481,40,22.304772,1.0,True,40,0,0,1087.3878779411316,1550.8469324111938,16.19286458492279,1087.3878779411316,completed
3189.451279,40,22.362516,1.0,True,40,0,0,986.5756072998047,1286.6979370117188,7.040445327758789,986.5756072998047,completed
2689.992906,40,22.421876,1.0,True,40,0,0,1099.8877396583557,1318.1793236732483,11.06346492767334,1099.8877396583557,completed
2772.404779,40,22.481398,1.0,True,40,0,0,1059.06893825531,1338.9477143287659,10.991392159461975,1059.06893825531,completed
2452.254995,40,22.53933,1.0,True,40,0,0,1087.7460131645203,1444.8245568275452,12.697379803657531,1087.7460131645203,completed
2025.072165,40,22.597176,1.0,True,40,0,0,1175.5282249450684,1613.3388023376465,14.749227714538574,1175.5282249450684,completed
419.676737,40,22.655937,1.0,True,40,0,0,1323.1428894996643,1895.7930135726929,27.638315176963808,1323.1428894996643,completed
1301.878308,40,23.849989,1.0,True,40,0,0,1312.2468361854553,1891.9948472976685,18.6197407245636,1312.2468361854553,completed
2460.538683,40,23.904067,1.0,True,40,0,0,1101.3085107803345,1364.6240634918213,13.594871759414673,1101.3085107803345,completed
3443.19801,40,23.956358,1.0,True,40,0,0,833.091719865799,1004.2394943237305,8.591043925285339,833.091719865799,completed
3225.899974,40,24.008686,1.0,True,40,0,0,894.8337273597717,1172.0763006210327,8.848948240280151,894.8337273597717,completed
1073.05861,40,24.061077,1.0,True,40,0,0,1304.6994366645813,1849.2420415878296,20.561943531036377,1304.6994366645813,completed
2242.326613,40,24.113275,1.0,True,40,0,0,1139.2345461845398,1492.0134916305542,13.973972725868226,1139.2345461845398,completed
2656.888911,40,24.166364,1.0,True,40,0,0,990.1710879802704,1400.1051831245422,11.486159181594848,990.1710879802704,completed
2856.83575,40,24.21938,1.0,True,40,0,0,1000.4908828735352,1230.671456336975,11.551638984680176,1000.4908828735352,completed
1516.44374,40,24.272809,1.0,True,40,0,0,1242.3191368579865,1702.7836384773254,19.063784694671632,1242.3191368579865,completed
2814.137881,40,24.325643,1.0,True,40,0,0,1038.832709312439,1342.136568069458,10.26515336036682,1038.832709312439,completed
3181.673972,40,24.377616,1.0,True,40,0,0,947.2316858768463,1171.7076544761658,9.013857460021972,947.2316858768463,completed
2354.808435,40,24.433098,1.0,True,40,0,0,1076.7015023231506,1495.2851209640503,13.616962885856628,1076.7015023231506,completed
2906.666693,40,24.486092,1.0,True,40,0,0,939.9708806276321,1307.430837392807,10.639710712432862,939.9708806276321,completed
2692.478022,40,24.538819,1.0,True,40,0,0,1010.2279133796692,1315.285662651062,11.432137513160706,1010.2279133796692,completed
952.181647,40,24.591428,1.0,True,40,0,0,1322.8174571990967,1891.2544946670532,22.609349179267884,1322.8174571990967,completed
1740.536056,40,24.644121,1.0,True,40,0,0,1207.2640840411186,1789.1990607976913,15.337331581115723,1207.2640840411186,completed
1749.74004,40,24.696399,1.0,True,40,0,0,1125.876946747303,1712.570598244667,17.198826670646667,1125.876946747303,completed
3136.602556,40,24.749116,1.0,True,40,0,0,854.2308650016785,1198.3120470046997,10.221445918083191,854.2308650016785,completed
2275.226585,40,24.802096,1.0,True,40,0,0,1102.7890403270721,1502.8109917640686,13.375098752975465,1102.7890403270721,completed
2545.955463,40,24.854443,1.0,True,40,0,0,1084.3688876628876,1385.429193019867,10.805638647079467,1084.3688876628876,completed
1587.997323,40,24.906915,1.0,True,40,0,0,1135.9035596847534,1722.2642049789429,19.012123942375183,1135.9035596847534,completed
2110.316096,40,24.9594,1.0,True,40,0,0,1194.8378328084946,1443.3809525966644,15.563276958465575,1194.8378328084946,completed
1574.134898,40,25.012089,1.0,True,40,0,0,1151.572173833847,1682.2798352241516,18.05517473220825,1151.572173833847,completed
2335.253,40,25.064673,1.0,True,40,0,0,1129.551462650299,1501.2754929065704,13.070163506269456,1129.551462650299,completed
1726.170471,40,25.117436,1.0,True,40,0,0,1168.9377870559692,1779.3640928268433,15.939579439163207,1168.9377870559692,completed
3009.012897,40,25.169665,1.0,True,40,0,0,996.5010234117508,1240.0697481632233,9.8626220703125,996.5010234117508,completed
1893.479712,40,25.22216,1.0,True,40,0,0,1212.086217880249,1566.1361770629883,17.081484532356264,1212.086217880249,completed
2456.780413,40,25.274411,1.0,True,40,0,0,1174.506424188614,1565.4380459785461,10.956673526763916,1174.506424188614,completed
3081.276588,40,25.326968,1.0,True,40,0,0,1006.6411693096161,1386.172507762909,6.874361896514893,1006.6411693096161,completed
1613.994679,40,25.379524,1.0,True,40,0,0,1197.6068713665009,1762.9224095344543,16.102831840515137,1197.6068713665009,completed
2828.286227,40,25.432076,1.0,True,40,0,0,1081.3836160600185,1269.8710815310478,10.450317668914796,1081.3836160600185,completed
2359.838118,40,25.484342,1.0,True,40,0,0,1076.32080078125,1342.7592859268188,14.716677331924439,1076.32080078125,completed
3753.995737,40,25.536418,1.0,True,40,0,0,836.3407237529755,1118.0343105793,4.367026084661484,836.3407237529755,completed
1455.576079,40,25.589197,1.0,True,40,0,0,1140.697698354721,1653.7147133350372,20.323988962173463,1140.697698354721,completed
2810.257536,40,25.641667,1.0,True,40,0,0,1018.9537177085876,1333.6519122123718,9.641914129257202,1018.9537177085876,completed
1254.932841,40,25.693986,1.0,True,40,0,0,1269.0986440181732,1817.8844668865204,19.924188232421876,1269.0986440181732,completed
1858.243956,40,25.746546,1.0,True,40,0,0,1075.0977737903595,1571.880714893341,17.220357418060303,1075.0977737903595,completed
-85.461746,40,25.799205,1.0,True,40,0,0,1417.3919353485107,2123.5930185317993,28.86342830657959,1417.3919353485107,completed
3144.287941,40,25.851141,1.0,True,40,0,0,921.1675734519958,1275.173560142517,7.316507482528687,921.1675734519958,completed
2232.354061,40,25.903702,1.0,True,40,0,0,1128.7941484451294,1684.5466170310974,11.842102146148681,1128.7941484451294,completed
1846.935413,40,25.956436,1.0,True,40,0,0,1061.2635452151299,1518.693239569664,17.884298706054686,1061.2635452151299,completed
3478.378626,40,26.008932,1.0,True,40,0,0,827.7207794189453,1125.4740290641785,6.837093424797058,827.7207794189453,completed
2352.789575,40,26.061055,1.0,True,40,0,0,1063.8160848617554,1601.6125555038452,11.964337038993836,1063.8160848617554,completed
427.51104,40,26.113725,1.0,True,40,0,0,1424.278286933899,1989.3962240219116,25.807326769828798,1424.278286933899,completed
1628.609306,40,26.167569,1.0,True,40,0,0,1174.3887133598328,1554.145040512085,19.277474021911623,1174.3887133598328,completed
3221.186211,40,26.22052,1.0,True,40,0,0,857.473953962326,1235.592562675476,8.00221997499466,857.473953962326,completed
2142.995453,40,26.273063,1.0,True,40,0,0,1214.2332549095154,1619.670557975769,13.210337257385254,1214.2332549095154,completed
888.057663,40,26.326527,1.0,True,40,0,0,1287.4083495140076,1903.8685688972473,23.190523767471312,1287.4083495140076,completed
1248.423839,40,26.379116,1.0,True,40,0,0,1200.50009059906,1772.8023619651794,22.077418851852418,1200.50009059906,completed
1846.855672,40,26.431633,1.0,True,40,0,0,1124.2816433906555,1642.2123279571533,17.276772260665894,1124.2816433906555,completed
2597.392719,40,26.483885,1.0,True,40,0,0,1140.432763338089,1496.546175479889,10.089335370063782,1140.432763338089,completed
434.654852,40,27.69287,1.0,True,40,0,0,1301.9122562408447,1997.8583793640137,27.456919717788697,1301.9122562408447,completed
2414.549959,40,27.745179,1.0,True,40,0,0,1052.0353784561157,1432.5618228912354,13.605135107040406,1052.0353784561157,completed
2081.076198,40,27.797381,1.0,True,40,0,0,1194.9632954597473,1683.0009899139404,12.945559191703797,1194.9632954597473,completed
2849.699761,40,27.848502,1.0,True,40,0,0,1031.781980752945,1187.1758794784546,11.691719794273377,1031.781980752945,completed
1984.208808,40,27.900387,1.0,True,40,0,0,1169.9224691987038,1554.803348660469,16.419425335526466,1169.9224691987038,completed
2341.498559,40,27.952163,1.0,True,40,0,0,1054.0198793411255,1488.2139358520508,12.175677299499512,1054.0198793411255,completed
1791.886652,40,28.004729,1.0,True,40,0,0,1169.4137420654297,1584.9799480438232,17.78733949661255,1169.4137420654297,completed
2498.815177,40,28.056516,1.0,True,40,0,0,1045.0377351045609,1573.4168713092804,10.667545294761657,1045.0377351045609,completed
2744.982803,40,28.107975,1.0,True,40,0,0,992.0296467542648,1286.2428185939789,11.936653852462769,992.0296467542648,completed
-49.943496,40,28.161422,1.0,True,40,0,0,1503.8902034759521,2138.9220571517944,27.872438883781435,1503.8902034759521,completed
2803.233846,40,28.213272,1.0,True,40,0,0,1008.9703416824341,1401.3534717559814,9.186189126968383,1008.9703416824341,completed
2122.307622,40,28.265716,1.0,True,40,0,0,1200.8646397590637,1537.4145545959473,15.325219798088074,1200.8646397590637,completed
2421.353744,40,28.318189,1.0,True,40,0,0,1009.5808010101318,1394.5822086334229,13.735716819763184,1009.5808010101318,completed
1911.859968,40,28.370148,1.0,True,40,0,0,1049.7200417518616,1624.2080850601196,16.02098891735077,1049.7200417518616,completed
3669.47492,40,28.421851,1.0,True,40,0,0,818.0890455245972,1102.5948848724365,5.460215997695923,818.0890455245972,completed
2295.424452,40,28.473369,1.0,True,40,0,0,1127.024359703064,1456.2527589797974,13.89353621006012,1127.024359703064,completed
2273.387644,40,28.524717,1.0,True,40,0,0,1061.7728760242462,1489.4180727005005,14.82735937833786,1061.7728760242462,completed
2422.012973,40,28.575805,1.0,True,40,0,0,1056.8334622383118,1438.2351636886597,14.022853374481201,1056.8334622383118,completed
2212.460048,40,28.626978,1.0,True,40,0,0,1219.0724649429321,1759.887996673584,11.315245962142944,1219.0724649429321,completed
1788.056787,40,28.678546,1.0,True,40,0,0,1168.3645811080933,1663.6393747329712,16.136514401435853,1168.3645811080933,completed
3266.712582,40,28.730574,1.0,True,40,0,0,968.1054527759552,1296.2885451316833,6.706334328651428,968.1054527759552,completed
1122.33381,40,28.7824,1.0,True,40,0,0,1198.2476513385773,1842.006899356842,22.093875122070312,1198.2476513385773,completed
3846.560785,40,28.83401,1.0,True,40,0,0,797.366425037384,964.3922080993652,5.6148491382598875,797.366425037384,completed
2456.907991,40,28.886134,1.0,True,40,0,0,1075.1526908874512,1443.9642210006714,12.120496892929078,1075.1526908874512,completed
2738.743541,40,28.937658,1.0,True,40,0,0,1018.4882206916809,1222.3013048171997,12.07040114402771,1018.4882206916809,completed
3174.037369,40,28.9892,1.0,True,40,0,0,919.5259826183319,1220.9575128555298,8.639922213554382,919.5259826183319,completed
2599.853325,40,29.04065,1.0,True,40,0,0,1029.4332118034363,1392.304813861847,12.011893153190613,1029.4332118034363,completed
1699.681523,40,29.091778,1.0,True,40,0,0,1214.9662442207336,1600.9922485351562,16.815590715408327,1214.9662442207336,completed
2240.178333,40,29.14322,1.0,True,40,0,0,1077.7337745428085,1465.5689570903778,15.138194370269776,1077.7337745428085,completed
1851.441226,40,29.194779,1.0,True,40,0,0,1072.879331111908,1566.952202796936,18.014796900749207,1072.879331111908,completed
2325.949886,40,29.246272,1.0,True,40,0,0,1077.633208990097,1527.905502796173,12.897176694869994,1077.633208990097,completed
2991.845269,40,29.298586,1.0,True,40,0,0,922.6805417537689,1227.4790987968445,10.803992462158202,922.6805417537689,completed
2849.302109,40,29.349996,1.0,True,40,0,0,1006.64151263237,1328.6408171653748,11.190101051330567,1006.64151263237,completed
2788.88928,40,29.401496,1.0,True,40,0,0,1043.2050099372864,1662.9695172309875,7.07401556968689,1043.2050099372864,completed
2831.611746,40,29.45283,1.0,True,40,0,0,1009.4985661506653,1281.343502998352,11.415140759944915,1009.4985661506653,completed
284.698077,40,29.504285,1.0,True,40,0,0,1545.3564021587372,2459.7877402305603,19.904019594192505,1545.3564021587372,completed
2454.123176,40,29.556098,1.0,True,40,0,0,1092.6038415431976,1426.5335097312927,12.576595735549926,1092.6038415431976,completed
3065.921882,40,29.607803,1.0,True,40,0,0,1023.304488658905,1273.217703819275,8.806949377059937,1023.304488658905,completed
3753.836074,40,29.658949,1.0,True,40,0,0,986.8507685661316,1261.475908279419,2.205374574661255,986.8507685661316,completed
1620.548126,40,29.710478,1.0,True,40,0,0,1202.578486442566,1705.8213243484497,17.70626657009125,1202.578486442566,completed
2732.57699,40,29.762403,1.0,True,40,0,0,1045.1580834388733,1590.205982208252,7.826269745826721,1045.1580834388733,completed
3534.443017,40,29.813738,1.0,True,40,0,0,845.6860738992691,1063.3714697360992,8.105459022521973,845.6860738992691,completed
2272.698586,40,29.865614,1.0,True,40,0,0,1026.1484546661377,1404.3411417007446,14.397963571548463,1026.1484546661377,completed
3296.849046,40,29.917538,1.0,True,40,0,0,809.7290052771568,1109.4425700902939,9.149084043502807,809.7290052771568,completed
2002.007403,40,29.96959,1.0,True,40,0,0,1086.2211256027222,1528.813663482666,16.86956114768982,1086.2211256027222,completed
4070.861862,40,30.020908,1.0,True,40,0,0,789.7855131626129,905.1711478233337,3.9947320938110353,789.7855131626129,completed
2191.623019,40,30.072703,1.0,True,40,0,0,1072.3117179870605,1530.471778869629,14.580887413024902,1072.3117179870605,completed
3284.055646,40,30.124307,1.0,True,40,0,0,1002.08704662323,1194.2269639968872,7.0130308151245115,1002.08704662323,completed
2399.231232,40,30.175937,1.0,True,40,0,0,1040.5566779375076,1538.237245798111,12.742172384262085,1040.5566779375076,completed
477.044666,40,30.227744,1.0,True,40,0,0,1448.3390727043152,1924.1176705360413,24.967780661582946,1448.3390727043152,completed
4167.490541,40,30.279076,1.0,True,40,0,0,745.7810130119324,892.9717388153076,2.9721492290496827,745.7810130119324,completed
2682.380833,40,31.478364,1.0,True,40,0,0,985.9785120487213,1413.6737551689148,11.94988660812378,985.9785120487213,completed
2031.92052,40,31.53341,1.0,True,40,0,0,1117.7508585453033,1630.00333070755,14.867816257476807,1117.7508585453033,completed
1887.561476,40,31.588868,1.0,True,40,0,0,1074.1901745796204,1591.8971214294434,16.897969818115236,1074.1901745796204,completed
2919.24435,40,31.644534,1.0,True,40,0,0,977.0873612165451,1272.272920370102,10.37503776550293,977.0873612165451,completed
3494.841035,40,31.699558,1.0,True,40,0,0,966.5569019317627,1132.1052141189575,6.123863601684571,966.5569019317627,completed
2324.640063,40,31.754665,1.0,True,40,0,0,1174.6606180667877,1492.0741758346558,12.366024661064149,1174.6606180667877,completed
2850.596883,40,31.810555,1.0,True,40,0,0,1017.6159808635712,1423.5634670257568,9.78642143011093,1017.6159808635712,completed
3326.466707,40,31.865188,1.0,True,40,0,0,916.7204159498215,1156.9724185466766,8.57289228439331,916.7204159498215,completed
2876.347636,40,31.920111,1.0,True,40,0,0,1008.4589745998383,1316.8058018684387,9.751132464408874,1008.4589745998383,completed
2308.803537,40,31.975014,1.0,True,40,0,0,1047.5415813922882,1389.9973521232605,14.608430337905883,1047.5415813922882,completed
1449.53028,40,32.029443,1.0,True,40,0,0,1206.9113132953644,1640.0002586841583,19.15403308868408,1206.9113132953644,completed
2399.147853,40,32.084348,1.0,True,40,0,0,1154.3627243041992,1343.1608457565308,13.946969771385193,1154.3627243041992,completed
2890.476544,40,32.139492,1.0,True,40,0,0,1019.2655339986086,1214.7508565485477,11.209227418899536,1019.2655339986086,completed
2115.608916,40,32.195036,1.0,True,40,0,0,1071.5751600265503,1477.7962656021118,15.635876202583313,1071.5751600265503,completed
2311.529165,40,32.249543,1.0,True,40,0,0,1173.5101065635681,1628.1164326667786,11.605458688735961,1173.5101065635681,completed
2122.577809,40,32.304174,1.0,True,40,0,0,1053.47176861763,1459.3989872932434,16.250003051757812,1053.47176861763,completed
3026.157631,40,32.360318,1.0,True,40,0,0,1077.4250445365906,1504.277619600296,5.721024513244629,1077.4250445365906,completed
2633.644061,40,32.416698,1.0,True,40,0,0,1040.5890293121338,1419.9970350265503,11.750072288513184,1040.5890293121338,completed
2595.436349,40,32.474882,1.0,True,40,0,0,1104.9036293029785,1425.7247114181519,10.729053640365601,1104.9036293029785,completed
971.15786,40,32.53001,1.0,True,40,0,0,1323.7084293365479,1749.8984441757202,23.371609926223755,1323.7084293365479,completed
1928.481238,40,32.584408,1.0,True,40,0,0,1207.742821931839,1609.1145071983337,16.398088884353637,1207.742821931839,completed
2164.794126,40,32.640277,1.0,True,40,0,0,1103.5343489646912,1666.0708947181702,13.130090999603272,1103.5343489646912,completed
2037.920825,40,32.695322,1.0,True,40,0,0,1038.1719818115234,1559.1698894500732,16.051113843917847,1038.1719818115234,completed
2656.495817,40,32.750153,1.0,True,40,0,0,984.4252328872681,1359.379231452942,12.0941486120224,984.4252328872681,completed
2338.010085,40,32.805333,1.0,True,40,0,0,1059.7090034484863,1423.1014666557312,13.384411239624024,1059.7090034484863,completed
2876.650959,40,32.859685,1.0,True,40,0,0,953.6618156433105,1447.3069114685059,8.98892936706543,953.6618156433105,completed
4075.660117,40,32.91373,1.0,True,40,0,0,793.3140859603882,954.2348003387451,3.233664393424988,793.3140859603882,completed
2348.921624,40,32.967753,1.0,True,40,0,0,1006.8513137102127,1443.5513651371002,14.300763577222824,1006.8513137102127,completed
2226.172969,40,33.021798,1.0,True,40,0,0,1126.267063498497,1462.6979176998138,15.301238536834717,1126.267063498497,completed
1872.27777,40,33.076026,1.0,True,40,0,0,1138.8910636901855,1638.014404296875,15.032146835327149,1138.8910636901855,completed
2904.877346,40,33.130358,1.0,True,40,0,0,976.2038087844849,1348.8225631713867,9.19619436264038,976.2038087844849,completed
1776.167819,40,33.190575,1.0,True,40,0,0,1171.5203986167908,1746.7140607833862,16.681680941581725,1171.5203986167908,completed
3484.476287,40,33.246255,1.0,True,40,0,0,812.9773970842361,1092.549917459488,7.949154567718506,812.9773970842361,completed
2464.526028,40,33.300785,1.0,True,40,0,0,1020.9318499565125,1451.1025018692017,12.646276378631592,1020.9318499565125,completed
4470.768704,40,33.355949,1.0,True,40,0,0,780.3562846183777,878.6274309158325,0.36909189224243166,780.3562846183777,completed
1425.470327,40,33.409658,1.0,True,40,0,0,1250.4274108409882,1847.8847670555115,18.76999979019165,1250.4274108409882,completed
2043.796331,40,33.463764,1.0,True,40,0,0,977.9177579879761,1438.6438145637512,17.4618102312088,977.9177579879761,completed
3302.135094,40,33.51793,1.0,True,40,0,0,1042.6249632835388,1273.2412157058716,6.334057378768921,1042.6249632835388,completed
2619.577678,40,33.571349,1.0,True,40,0,0,1084.3928470611572,1491.8566026687622,10.60930438041687,1084.3928470611572,completed
2864.575869,40,33.626042,1.0,True,40,0,0,1021.5104465484619,1304.0501136779785,10.28828423023224,1021.5104465484619,completed
1891.154782,40,33.68016,1.0,True,40,0,0,1023.0793731212616,1645.4139981269836,17.438027453422546,1023.0793731212616,completed
2064.302874,40,33.735464,1.0,True,40,0,0,1117.989449262619,1458.3698172569275,16.508708214759828,1117.989449262619,completed
1464.924131,40,33.790153,1.0,True,40,0,0,1205.487646818161,1741.4513545036316,19.139834880828857,1205.487646818161,completed
2960.570627,40,33.844303,1.0,True,40,0,0,1044.272672176361,1308.1038818359375,9.79939374923706,1044.272672176361,completed
1848.261602,40,33.899057,1.0,True,40,0,0,1233.8288893699646,1598.190019607544,16.10540053844452,1233.8288893699646,completed
2071.809801,40,33.953383,1.0,True,40,0,0,1169.2667560577393,1574.0821495056152,15.064247262477874,1169.2667560577393,completed
2480.023421,40,34.007573,1.0,True,40,0,0,1010.352532863617,1443.19535779953,12.953127074241639,1010.352532863617,completed
1601.388501,40,34.061027,1.0,True,40,0,0,1310.4244306087494,1712.3662867546082,17.04692406654358,1310.4244306087494,completed
3104.534772,40,34.115308,1.0,True,40,0,0,923.5193381309509,1227.111340522766,9.706639385223388,923.5193381309509,completed
2216.743969,40,34.17038,1.0,True,40,0,0,1178.109245300293,1513.5868768692017,13.70556149482727,1178.109245300293,completed
1160.818506,40,34.2254,1.0,True,40,0,0,1273.0059580802917,1898.893033027649,19.95744478702545,1273.0059580802917,completed
3221.248091,40,35.486004,1.0,True,40,0,0,968.637188911438,1343.4394454956055,6.622327566146851,968.637188911438,completed
1792.73062,40,35.543613,1.0,True,40,0,0,1085.6523504257202,1663.6904296875,16.69773120880127,1085.6523504257202,completed
2984.977729,40,35.601084,1.0,True,40,0,0,980.5514209270477,1286.5833687782288,9.0181214094162,980.5514209270477,completed
1006.642016,40,35.658685,1.0,True,40,0,0,1275.460129737854,1753.5956721305847,23.551583337783814,1275.460129737854,completed
2828.400537,40,35.716138,1.0,True,40,0,0,1009.5209221839905,1421.4510660171509,8.903634214401245,1009.5209221839905,completed
1294.948761,40,35.773656,1.0,True,40,0,0,1257.0818119049072,1841.2614936828613,20.13018136024475,1257.0818119049072,completed
2879.670503,40,35.830821,1.0,True,40,0,0,892.1139760017395,1247.5360040664673,11.534643840789794,892.1139760017395,completed
3020.416027,40,35.887869,1.0,True,40,0,0,1025.4589799642563,1283.0664956569672,9.849193000793457,1025.4589799642563,completed
2412.990651,40,35.945312,1.0,True,40,0,0,1103.1379985809326,1520.4107747077942,11.720933723449708,1103.1379985809326,completed
3286.211212,40,36.002816,1.0,True,40,0,0,784.9340944290161,1097.8219347000122,9.627802538871766,784.9340944290161,completed
2233.832426,40,36.059841,1.0,True,40,0,0,1075.4389543533325,1541.7136430740356,14.50023992061615,1075.4389543533325,completed
3152.627079,40,36.117182,1.0,True,40,0,0,887.0293354988098,1245.3041324615479,9.754009675979614,887.0293354988098,completed
2353.364899,40,36.174206,1.0,True,40,0,0,1059.6717569828033,1431.3351302146912,14.954542541503907,1059.6717569828033,completed
2016.636401,40,36.488369,1.0,True,40,0,0,1155.197056055069,1543.0485882759094,15.348648977279662,1155.197056055069,completed
3633.246703,40,36.546196,1.0,True,40,0,0,778.7755405902863,1055.1085419654846,7.173357200622559,778.7755405902863,completed
2033.11829,40,36.603889,1.0,True,40,0,0,1164.3269622325897,1462.2552151679993,16.1850599527359,1164.3269622325897,completed
2917.626841,40,36.661841,1.0,True,40,0,0,932.5124084949493,1189.561348438263,10.929352879524231,932.5124084949493,completed
3360.46792,40,36.718664,1.0,True,40,0,0,916.8779191970825,1163.7392129898071,6.803652429580689,916.8779191970825,completed
2522.99231,40,36.776371,1.0,True,40,0,0,1025.3445405960083,1347.729871749878,13.61622633934021,1025.3445405960083,completed
3510.766404,40,36.834046,1.0,True,40,0,0,927.6814274787903,1177.852445602417,5.89983811378479,927.6814274787903,completed
2586.318577,40,36.891143,1.0,True,40,0,0,1073.573895931244,1373.6382808685303,12.731687211990357,1073.573895931244,completed
1278.194566,40,36.948847,1.0,True,40,0,0,1314.068081855774,1910.3071727752686,18.02533369064331,1314.068081855774,completed
3615.205908,40,37.006416,1.0,True,40,0,0,915.1248302459717,1095.7622423171997,5.1922590970993046,915.1248302459717,completed
815.047469,40,37.064696,1.0,True,40,0,0,1203.289315700531,1981.6952257156372,22.101427412033082,1203.289315700531,completed
3349.783516,40,37.122171,1.0,True,40,0,0,923.0868546962738,1151.23269033432,7.687605142593384,923.0868546962738,completed
3028.549281,40,37.179693,1.0,True,40,0,0,949.9821977615356,1357.6932849884033,8.974984836578368,949.9821977615356,completed
597.827192,40,37.237241,1.0,True,40,0,0,1353.826105594635,2137.9795722961426,23.413745188713072,1353.826105594635,completed
1763.526132,40,37.29435,1.0,True,40,0,0,1052.074517250061,1647.1287994384766,18.47984347343445,1052.074517250061,completed
3143.284697,40,37.351657,1.0,True,40,0,0,981.8078923225403,1311.6535515785217,7.62264575958252,981.8078923225403,completed
2789.737405,40,37.4093,1.0,True,40,0,0,1044.4921123981476,1429.5733885765076,9.637957501411439,1044.4921123981476,completed
2807.910563,40,37.471263,1.0,True,40,0,0,1074.823314189911,1436.9698457717896,9.081607723236084,1074.823314189911,completed
3152.918103,40,37.529286,1.0,True,40,0,0,888.8593772649765,1229.1235258579254,9.021629905700683,888.8593772649765,completed
2842.704281,40,37.586031,1.0,True,40,0,0,1003.9657716751099,1397.472502708435,10.346206283569336,1003.9657716751099,completed
3091.494846,40,37.643071,1.0,True,40,0,0,907.8495831489563,1150.102255821228,9.796036529541016,907.8495831489563,completed
2806.121348,40,37.700751,1.0,True,40,0,0,1027.527307510376,1439.1519470214844,9.116189074516296,1027.527307510376,completed
2401.231541,40,37.757423,1.0,True,40,0,0,1161.480474472046,1692.1394567489624,9.069084644317627,1161.480474472046,completed
2746.399196,40,37.814887,1.0,True,40,0,0,1043.8812065124512,1450.2051410675049,9.900580310821534,1043.8812065124512,completed
2825.697853,40,37.872166,1.0,True,40,0,0,1041.1712727546692,1376.3953561782837,9.632056140899659,1041.1712727546692,completed
2819.557567,40,37.930355,1.0,True,40,0,0,1029.7750124931335,1393.025098323822,9.878122711181641,1029.7750124931335,completed
1849.30981,40,37.987684,1.0,True,40,0,0,1172.0594700574875,1595.550809621811,17.529357719421387,1172.0594700574875,completed
2893.929206,40,38.045505,1.0,True,40,0,0,864.9667446613312,1252.280550479889,10.55727677345276,864.9667446613312,completed
2108.890799,40,38.104845,1.0,True,40,0,0,1166.509895324707,1836.7071857452393,10.69781699180603,1166.509895324707,completed
2330.762919,40,38.162576,1.0,True,40,0,0,999.9928231239319,1474.3104701042175,14.156248378753663,999.9928231239319,completed
2440.067701,40,38.2206,1.0,True,40,0,0,1046.14892911911,1463.7882633209229,12.90094814300537,1046.14892911911,completed
1181.369182,40,38.278317,1.0,True,40,0,0,1140.2197103500366,1758.751696586609,22.31090157032013,1140.2197103500366,completed
1689.218058,40,38.336219,1.0,True,40,0,0,1205.9693098068237,1661.9067668914795,17.4262864112854,1205.9693098068237,completed
2537.912747,40,38.393306,1.0,True,40,0,0,1038.8138163089752,1417.2306599617004,11.12306547164917,1038.8138163089752,completed
2665.687352,40,38.450865,1.0,True,40,0,0,948.5196589827538,1343.311262011528,13.094480800628663,948.5196589827538,completed
2437.524989,40,38.508531,1.0,True,40,0,0,1074.498285293579,1463.6877727508545,12.72149362564087,1074.498285293579,completed
1182.220686,40,38.565585,1.0,True,40,0,0,1346.6663146018982,1890.3692345619202,20.50466709136963,1346.6663146018982,completed
959.187025,40,38.622816,1.0,True,40,0,0,1227.1330003738403,1819.478816986084,22.976330947875976,1227.1330003738403,completed
969.659113,40,39.81265,1.0,True,40,0,0,1263.9942569732666,1847.2673425674438,22.811878204345703,1263.9942569732666,completed
2750.44429,40,39.868887,1.0,True,40,0,0,983.1805558204651,1350.6405153274536,11.986785125732421,983.1805558204651,completed
2744.071888,40,39.9265,1.0,True,40,0,0,1056.145259141922,1375.6022446155548,10.863481092453004,1056.145259141922,completed
-189.439871,40,39.98496,1.0,True,40,0,0,1414.821876525879,2157.9798126220703,30.022111892700195,1414.821876525879,completed
2329.524531,40,40.039939,1.0,True,40,0,0,1058.5939600467682,1410.2220063209534,14.613436079025268,1058.5939600467682,completed
3406.688134,40,40.094952,1.0,True,40,0,0,907.0815167427063,1200.1949157714844,7.360606861114502,907.0815167427063,completed
159.686392,40,40.149429,1.0,True,40,0,0,1360.107234954834,1982.9630942344666,29.724873292446137,1360.107234954834,completed
1715.184041,40,40.204843,1.0,True,40,0,0,1107.071276962757,1626.1303507089615,18.022872591018675,1107.071276962757,completed
2510.397053,40,40.26688,1.0,True,40,0,0,1004.832350730896,1373.4321875572205,12.324101626873016,1004.832350730896,completed
2223.652299,40,40.322803,1.0,True,40,0,0,1052.3257789611816,1588.9068059921265,14.151934337615966,1052.3257789611816,completed
3263.601826,40,40.377462,1.0,True,40,0,0,878.9685592651367,1269.5439891815186,6.531483125686646,878.9685592651367,completed
3514.28232,40,40.431823,1.0,True,40,0,0,907.3914608955383,1130.0285625457764,6.353142309188843,907.3914608955383,completed
3349.10597,40,40.486793,1.0,True,40,0,0,1015.9484100341797,1285.3012990951538,5.468669438362122,1015.9484100341797,completed
3145.295534,40,40.543388,1.0,True,40,0,0,1014.4153528213501,1247.1785135269165,7.926986122131348,1014.4153528213501,completed
1631.432858,40,40.598689,1.0,True,40,0,0,1333.8861441612244,2157.69118976593,11.309689331054688,1333.8861441612244,completed
1842.678969,40,40.653965,1.0,True,40,0,0,1112.535056591034,1718.534935951233,15.742644596099854,1112.535056591034,completed
2897.255946,40,40.709219,1.0,True,40,0,0,1032.6720657348633,1446.4464311599731,7.838121747970581,1032.6720657348633,completed
3157.574647,40,40.764082,1.0,True,40,0,0,982.6528770923615,1195.05468416214,9.6659184217453,982.6528770923615,completed
3192.979259,40,40.81898,1.0,True,40,0,0,999.4475693702698,1216.454737663269,7.553149843215943,999.4475693702698,completed
3004.793483,40,40.873603,1.0,True,40,0,0,977.1205339431763,1392.9427127838135,7.333715152740479,977.1205339431763,completed
4278.151628,40,40.92825,1.0,True,40,0,0,709.6654925644398,841.6480570435524,2.5654526710510255,709.6654925644398,completed
2713.019491,40,40.983006,1.0,True,40,0,0,928.7014675140381,1327.2388248443604,11.62246150970459,928.7014675140381,completed
2481.820229,40,41.037388,1.0,True,40,0,0,959.8892507553101,1343.6159353256226,14.05335865020752,959.8892507553101,completed
3164.888812,40,41.092751,1.0,True,40,0,0,1016.8022353649139,1341.3237509727478,6.994671511650085,1016.8022353649139,completed
2778.406241,40,41.149197,1.0,True,40,0,0,1047.4136761426926,1498.8318526744843,8.492881441116333,1047.4136761426926,completed
3198.891603,40,41.203841,1.0,True,40,0,0,987.7653489112854,1352.5857191085815,6.320061206817627,987.7653489112854,completed
2907.992711,40,41.25845,1.0,True,40,0,0,1083.2081623077393,1262.0166902542114,9.860800409317017,1083.2081623077393,completed
3311.21716,40,41.313364,1.0,True,40,0,0,833.4131944179535,1065.6508634090424,9.706487166881562,833.4131944179535,completed
2635.500256,40,41.367897,1.0,True,40,0,0,1120.8315114974976,1741.0503158569336,7.023068618774414,1120.8315114974976,completed
1579.767721,40,41.422577,1.0,True,40,0,0,1117.7071962356567,1670.766902923584,19.334554600715638,1117.7071962356567,completed
2889.382366,40,41.477577,1.0,True,40,0,0,980.4257047176361,1288.4179587364197,10.50128071308136,980.4257047176361,completed
2650.353183,40,41.532323,1.0,True,40,0,0,965.6084157824516,1278.7788070440292,13.732813501358033,965.6084157824516,completed
159.48046,40,41.587868,1.0,True,40,0,0,1343.6321849822998,2091.6403369903564,29.29419822692871,1343.6321849822998,completed
2007.290695,40,41.642103,1.0,True,40,0,0,1034.1892729997635,1474.8139460086823,16.373755007982254,1034.1892729997635,completed
2163.416065,40,41.697181,1.0,True,40,0,0,1184.0371398925781,1462.4255366325378,14.718669509887695,1184.0371398925781,completed
3507.284915,40,41.751993,1.0,True,40,0,0,940.1905655860901,1199.3925471305847,5.240861797332764,940.1905655860901,completed
2500.88485,40,41.806409,1.0,True,40,0,0,979.5740603208542,1358.0190618038177,14.094371819496155,979.5740603208542,completed
2268.276267,40,41.860632,1.0,True,40,0,0,1085.413726091385,1412.4022669792175,15.460412549972535,1085.413726091385,completed
2823.425374,40,41.916093,1.0,True,40,0,0,1081.3156905174255,1336.3369874954224,9.285181570053101,1081.3156905174255,completed
1915.720397,40,41.970353,1.0,True,40,0,0,1081.6064493656158,1569.679493188858,16.483353638648985,1081.6064493656158,completed
2220.482317,40,42.025294,1.0,True,40,0,0,1105.5344505310059,1638.4747619628906,12.485934686660766,1105.5344505310059,completed
2532.729158,40,42.08002,1.0,True,40,0,0,1071.2577860355377,1428.5196843147278,11.726806473731994,1071.2577860355377,completed
1146.977514,40,42.134596,1.0,True,40,0,0,1276.9690527915955,1908.8051147460938,20.58944284915924,1276.9690527915955,completed
2405.746927,40,42.189719,1.0,True,40,0,0,1073.915156364441,1495.3391132354736,12.375386929512024,1073.915156364441,completed
2886.880443,40,42.244261,1.0,True,40,0,0,1031.7640933990479,1344.1891140937805,9.380663442611695,1031.7640933990479,completed
3373.455275,40,42.29977,1.0,True,40,0,0,986.3882803916931,1178.3799228668213,6.231173014640808,986.3882803916931,completed
2782.718215,40,42.354315,1.0,True,40,0,0,850.2841279506683,1369.5972647666931,11.694428968429566,850.2841279506683,completed
2784.750312,40,42.409299,1.0,True,40,0,0,969.7650507688522,1365.8878791332245,11.136424875259399,969.7650507688522,completed
3319.136867,40,42.469727,1.0,True,40,0,0,903.2535130977631,1190.6043581962585,7.36557788848877,903.2535130977631,completed
1977.936396,40,42.546634,1.0,True,40,0,0,1134.5540590286255,1527.4475164413452,15.88923625946045,1134.5540590286255,completed
2234.947217,40,42.601763,1.0,True,40,0,0,1137.3927018642426,1570.6015899181366,13.311942660808564,1137.3927018642426,completed
2984.985312,40,42.656265,1.0,True,40,0,0,933.8834042549133,1421.8297395706177,8.133399152755738,933.8834042549133,completed
2984.624008,40,43.948859,1.0,True,40,0,0,914.2816853523254,1221.1885681152344,11.356244444847107,914.2816853523254,completed
1513.498985,40,44.004562,1.0,True,40,0,0,1081.7620825767517,1702.79896068573,20.3045613527298,1081.7620825767517,completed
2697.175595,40,44.060112,1.0,True,40,0,0,1025.7015571594238,1338.381820678711,12.189793348312378,1025.7015571594238,completed
2996.44978,40,44.117393,1.0,True,40,0,0,969.8861427307129,1335.6775283813477,8.904665660858154,969.8861427307129,completed
2382.658743,40,44.172268,1.0,True,40,0,0,1109.6584973931313,1638.2184640169144,11.368823099136353,1109.6584973931313,completed
2615.666329,40,44.227161,1.0,True,40,0,0,1102.0583872795105,1429.8402090072632,11.690930104255676,1102.0583872795105,completed
2852.023641,40,44.282533,1.0,True,40,0,0,1032.0054700374603,1437.6701855659485,8.216698408126831,1032.0054700374603,completed
2309.786071,40,44.337029,1.0,True,40,0,0,1127.1654162406921,1479.4781703948975,13.08110864162445,1127.1654162406921,completed
685.489856,40,44.391226,1.0,True,40,0,0,1276.2538989782333,1931.002554178238,24.49568744301796,1276.2538989782333,completed
2097.084437,40,44.44598,1.0,True,40,0,0,1083.950653553009,1493.1210927963257,15.876399612426757,1083.950653553009,completed
3587.730421,40,44.500594,1.0,True,40,0,0,813.513594865799,1070.2690832614899,6.648317885398865,813.513594865799,completed
2678.893431,40,44.554987,1.0,True,40,0,0,996.4394683837891,1514.4637699127197,10.216659259796142,996.4394683837891,completed
3119.707629,40,44.609844,1.0,True,40,0,0,964.949949502945,1390.6872391700745,6.9570804834365845,964.949949502945,completed
2598.194864,40,44.66488,1.0,True,40,0,0,1056.4694018363953,1534.3982667922974,10.188567519187927,1056.4694018363953,completed
3058.071308,40,44.720194,1.0,True,40,0,0,990.3651077747345,1386.933210849762,7.588538694381714,990.3651077747345,completed
2473.977883,40,44.774653,1.0,True,40,0,0,1101.3207333087921,1458.3346772193909,11.513269150257111,1101.3207333087921,completed
2440.776146,40,44.829153,1.0,True,40,0,0,1062.1948606967926,1426.9983859062195,12.652608919143677,1062.1948606967926,completed
1714.84682,40,44.88404,1.0,True,40,0,0,1114.6708040237427,1645.043893814087,17.085030174255373,1114.6708040237427,completed
1851.486746,40,44.939337,1.0,True,40,0,0,1038.3343549966812,1565.7145302295685,17.977833223342895,1038.3343549966812,completed
2861.077337,40,44.994794,1.0,True,40,0,0,1005.4667196273804,1385.1971397399902,10.274072217941285,1005.4667196273804,completed
2184.770295,40,45.049416,1.0,True,40,0,0,1076.57071185112,1493.2049221992493,15.1470232963562,1076.57071185112,completed
1666.028218,40,45.103831,1.0,True,40,0,0,1254.1231508255005,1530.5428066253662,18.223760056495667,1254.1231508255005,completed
1861.65186,40,45.158376,1.0,True,40,0,0,1136.5591533184052,1618.6780905723572,16.69833436012268,1136.5591533184052,completed
2832.987291,40,45.212485,1.0,True,40,0,0,994.8096935749054,1274.877968788147,11.597014093399048,994.8096935749054,completed
3124.760625,40,45.266743,1.0,True,40,0,0,971.3100037574768,1198.9969515800476,9.169459080696106,971.3100037574768,completed
3053.896955,40,45.321505,1.0,True,40,0,0,910.0977218151093,1335.2068343162537,8.953961181640626,910.0977218151093,completed
3379.630124,40,45.375907,1.0,True,40,0,0,944.9548749923706,1219.7093648910522,6.521458125114441,944.9548749923706,completed
1629.442818,40,45.43043,1.0,True,40,0,0,1139.296681880951,1726.5303916931152,19.034946775436403,1139.296681880951,completed
993.045725,40,45.484804,1.0,True,40,0,0,1241.682149529457,1880.8693172931671,21.912359207868576,1241.682149529457,completed
1442.087534,40,45.539771,1.0,True,40,0,0,1250.0098810195923,1742.1052913665771,18.457383966445924,1250.0098810195923,completed
2623.044032,40,45.594411,1.0,True,40,0,0,991.5921249389648,1313.9067306518555,13.08379111289978,991.5921249389648,completed
3597.363293,40,45.648977,1.0,True,40,0,0,900.4304496049881,1153.6963894367218,4.416405105590821,900.4304496049881,completed
2803.077475,40,45.703578,1.0,True,40,0,0,1060.4606919288635,1444.5624990463257,9.145342016220093,1060.4606919288635,completed
451.853319,40,45.757514,1.0,True,40,0,0,1344.8272197246552,2167.5416865348816,24.89943118095398,1344.8272197246552,completed
3521.278884,40,45.812188,1.0,True,40,0,0,893.5593259334564,1152.4701561927795,6.060854363441467,893.5593259334564,completed
2496.717269,40,45.867871,1.0,True,40,0,0,1040.4354782104492,1668.2974643707275,9.111177921295166,1040.4354782104492,completed
2572.672235,40,45.923047,1.0,True,40,0,0,1088.2265934944153,1491.9598054885864,11.477950286865234,1088.2265934944153,completed
2237.118545,40,45.977521,1.0,True,40,0,0,1003.3926793336868,1448.4643604755402,14.719188141822816,1003.3926793336868,completed
2311.278192,40,46.032218,1.0,True,40,0,0,1031.3665900230408,1464.7019386291504,13.046621513366699,1031.3665900230408,completed
319.197828,40,46.087242,1.0,True,40,0,0,1335.0415110588074,2011.0268487930298,27.220596647262575,1335.0415110588074,completed
3672.14371,40,46.143017,1.0,True,40,0,0,901.7896499633789,1031.2046546936035,5.468217253684998,901.7896499633789,completed
1731.411189,40,46.198376,1.0,True,40,0,0,1230.6761527061462,1742.6291399002075,15.916138315200806,1230.6761527061462,completed
3744.495543,40,46.252974,1.0,True,40,0,0,835.9249925613403,1060.6467475891113,5.902975487709045,835.9249925613403,completed
2498.844789,40,46.307916,1.0,True,40,0,0,1118.2237734794617,1471.8694043159485,11.20205752849579,1118.2237734794617,completed
2398.108619,40,46.363348,1.0,True,40,0,0,1169.8950245380402,1434.8968696594238,11.957097625732422,1169.8950245380402,completed
3455.698044,40,46.418471,1.0,True,40,0,0,890.2047568559647,1184.7351334095001,6.149630689620972,890.2047568559647,completed
2884.080261,40,46.473275,1.0,True,40,0,0,1005.9895462989807,1416.9769258499146,9.233142411708831,1005.9895462989807,completed
594.134536,40,46.528228,1.0,True,40,0,0,1179.890310049057,1953.4851002693176,26.363720846176147,1179.890310049057,completed
3974.766347,40,46.583118,1.0,True,40,0,0,840.5132055282593,974.1213836669922,3.5549026012420653,840.5132055282593,completed
1967.802555,40,46.637839,1.0,True,40,0,0,1189.4451143741608,1925.065435886383,11.074479961395264,1189.4451143741608,completed
3683.845835,40,46.693037,1.0,True,40,0,0,925.4611234664917,1180.7468376159668,3.7131996154785156,925.4611234664917,completed
2744.508294,40,47.896274,1.0,True,40,0,0,964.1312038898468,1278.5297656059265,11.320378017425536,964.1312038898468,completed
3297.360521,40,47.948992,1.0,True,40,0,0,871.5382905006409,1156.3220658302307,8.347027909755706,871.5382905006409,completed
2833.119223,40,48.003454,1.0,True,40,0,0,1090.8540179729462,1353.0851845741272,10.11218328475952,1090.8540179729462,completed
1313.711358,40,48.05634,1.0,True,40,0,0,1187.0749294757843,1850.7600038051605,19.35259599685669,1187.0749294757843,completed
3381.149137,40,48.108663,1.0,True,40,0,0,1016.5886175632477,1294.9836893081665,4.930195426940918,1016.5886175632477,completed
3323.91065,40,48.161093,1.0,True,40,0,0,855.7976789474487,1181.6278281211853,8.097751641273499,855.7976789474487,completed
4095.014586,40,48.213015,1.0,True,40,0,0,796.703950881958,991.9225244522095,2.448103332519531,796.703950881958,completed
1725.937248,40,48.267397,1.0,True,40,0,0,1148.461615562439,1726.0415058135986,16.82925157546997,1148.461615562439,completed
2501.48674,40,48.320897,1.0,True,40,0,0,1081.5274028778076,1451.8612174987793,11.094368481636048,1081.5274028778076,completed
3693.733567,40,48.372842,1.0,True,40,0,0,826.7712377905846,1031.3018358945847,6.072145891189575,826.7712377905846,completed
3212.82812,40,48.426153,1.0,True,40,0,0,915.8839931488037,1183.1206521987915,8.077609586715699,915.8839931488037,completed
2655.805314,40,48.478884,1.0,True,40,0,0,1030.1154627799988,1295.3579230308533,11.702896165847779,1030.1154627799988,completed
2431.863655,40,48.532183,1.0,True,40,0,0,1155.167649269104,1620.5052709579468,10.65599946975708,1155.167649269104,completed
2808.416805,40,48.58461,1.0,True,40,0,0,958.3749270439148,1276.5591917037964,11.529289102554321,958.3749270439148,completed
2171.139789,40,48.6372,1.0,True,40,0,0,1010.4222738742828,1360.4998908042908,17.325712084770203,1010.4222738742828,completed
3721.474627,40,48.689322,1.0,True,40,0,0,897.0063700675964,1115.901460647583,4.035374307632447,897.0063700675964,completed
2480.029458,40,48.741397,1.0,True,40,0,0,1161.473108291626,1391.8329524993896,12.838380360603333,1161.473108291626,completed
3230.68689,40,48.79356,1.0,True,40,0,0,989.336431980133,1212.610288143158,7.522999167442322,989.336431980133,completed
4419.981221,40,48.845916,1.0,True,40,0,0,707.0244540572166,844.5979546308517,1.7093294620513917,707.0244540572166,completed
3118.787994,40,48.898412,1.0,True,40,0,0,1004.8824627399445,1273.3163180351257,8.282932233810424,1004.8824627399445,completed
3005.868027,40,48.95098,1.0,True,40,0,0,989.7685739994049,1387.6887078285217,7.922665619850159,989.7685739994049,completed
-692.620935,40,49.00356,1.0,True,40,0,0,1415.5613656044006,2460.78085231781,33.0803147315979,1415.5613656044006,completed
1934.157643,40,49.05587,1.0,True,40,0,0,1158.7332458496094,1505.9978380203247,16.862559843063355,1158.7332458496094,completed
1619.813329,40,49.10805,1.0,True,40,0,0,1290.3438448905945,1734.2999355793,16.040630435943605,1290.3438448905945,completed
1252.772938,40,49.160566,1.0,True,40,0,0,1346.9975471496582,1782.061848640442,19.547006249427795,1346.9975471496582,completed
3087.090093,40,49.212829,1.0,True,40,0,0,967.4429006576538,1325.208010673523,8.55894193649292,967.4429006576538,completed
2073.124867,40,49.265192,1.0,True,40,0,0,1139.7547855377197,1658.1816320419312,14.425280833244324,1139.7547855377197,completed
3123.374796,40,49.318045,1.0,True,40,0,0,943.3212406635284,1234.345576763153,8.910654067993164,943.3212406635284,completed
2739.194272,40,49.370321,1.0,True,40,0,0,1065.946837425232,1543.2733507156372,8.545461750030517,1065.946837425232,completed
2354.787504,40,49.422552,1.0,True,40,0,0,1123.1805186271667,1526.9240036010742,12.833597254753112,1123.1805186271667,completed
2693.828859,40,49.474925,1.0,True,40,0,0,955.8274748325348,1337.499188899994,12.142819356918334,955.8274748325348,completed
3272.656254,40,49.527184,1.0,True,40,0,0,898.4209764003754,1235.187080860138,7.994817137718201,898.4209764003754,completed
2023.609313,40,49.579471,1.0,True,40,0,0,1133.719852924347,1640.827151298523,14.703111362457275,1133.719852924347,completed
2853.127908,40,49.631521,1.0,True,40,0,0,1052.144360423088,1248.4732143878937,11.59081175327301,1052.144360423088,completed
3071.778822,40,49.684151,1.0,True,40,0,0,943.3515008687973,1284.523405790329,8.552931642532348,943.3515008687973,completed
4053.826221,40,49.736678,1.0,True,40,0,0,847.9328202605247,987.3029621839523,2.6422603607177733,847.9328202605247,completed
1913.636494,40,49.789267,1.0,True,40,0,0,1065.3576843738556,1494.782053232193,18.598607963323595,1065.3576843738556,completed
2628.95293,40,49.841452,1.0,True,40,0,0,1119.1512169837952,1575.376055240631,9.70803349018097,1119.1512169837952,completed
3757.1393,40,49.89404,1.0,True,40,0,0,836.8695013523102,1078.9439749717712,4.548757839202881,836.8695013523102,completed
2635.24,40,49.946995,1.0,True,40,0,0,1033.4139235019684,1309.5232863426208,13.615450382232666,1033.4139235019684,completed
314.342698,40,49.999284,1.0,True,40,0,0,1299.6967804431915,1877.6419100761414,30.317914152145384,1299.6967804431915,completed
2606.76277,40,50.051343,1.0,True,40,0,0,1105.5730885267258,1572.4094336032867,9.19053750038147,1105.5730885267258,completed
3352.898867,40,50.102971,1.0,True,40,0,0,901.6319169998169,1168.4504594802856,7.5728309631347654,901.6319169998169,completed
1614.238342,40,50.155183,1.0,True,40,0,0,1333.309296488762,1756.666550397873,16.73053593635559,1333.309296488762,completed
3064.233822,40,50.207503,1.0,True,40,0,0,940.4070420265198,1265.000039100647,8.625273871421815,940.4070420265198,completed
1890.167257,40,50.259757,1.0,True,40,0,0,1189.7744212150574,1650.1191473007202,16.135462856292726,1189.7744212150574,completed
4030.428008,40,50.312024,1.0,True,40,0,0,795.9414520263672,957.1568326950073,4.051682555675507,795.9414520263672,completed
1763.010266,40,50.363981,1.0,True,40,0,0,1187.084300518036,1796.6649446487427,15.105096435546875,1187.084300518036,completed
3623.678868,40,50.416343,1.0,True,40,0,0,855.5176062583923,1221.617425918579,4.11539249420166,855.5176062583923,completed
2509.792121,40,50.468732,1.0,True,40,0,0,1069.372394323349,1452.3421845436096,11.70010049343109,1069.372394323349,completed
3035.778138,40,50.520924,1.0,True,40,0,0,979.9397640228271,1162.3634624481201,10.72072743177414,979.9397640228271,completed
2072.154296,40,51.708697,1.0,True,40,0,0,1050.3815698623657,1538.0607867240906,15.821873712539674,1050.3815698623657,completed
2584.747954,40,51.760954,1.0,True,40,0,0,965.7047715783119,1409.6682506799698,13.0649263381958,965.7047715783119,completed
2543.890317,40,51.812578,1.0,True,40,0,0,1080.056890964508,1422.00221824646,10.985913848876953,1080.056890964508,completed
1737.61655,40,51.865073,1.0,True,40,0,0,1209.1896409988403,1574.4846210479736,17.999207282066344,1209.1896409988403,completed
1879.883358,40,51.916486,1.0,True,40,0,0,1031.9787650108337,1522.3399496078491,18.891942977905273,1031.9787650108337,completed
2405.581465,40,51.968102,1.0,True,40,0,0,1168.4369850158691,1561.0005130767822,11.703197240829468,1168.4369850158691,completed
2557.784078,40,52.019468,1.0,True,40,0,0,1036.5170757770538,1446.243694782257,11.742970156669617,1036.5170757770538,completed
3521.152389,40,52.071012,1.0,True,40,0,0,864.6366591453552,1064.141990661621,7.806367826461792,864.6366591453552,completed
2806.778943,40,52.1227,1.0,True,40,0,0,993.4443373680115,1316.3741416931152,11.36428623199463,993.4443373680115,completed
2187.008568,40,52.174307,1.0,True,40,0,0,1056.1469883918762,1491.1441850662231,15.925557947158813,1056.1469883918762,completed
3731.195975,40,52.226267,1.0,True,40,0,0,885.2153236865997,1075.5141439437866,5.182615900039673,885.2153236865997,completed
1009.847968,40,52.278033,1.0,True,40,0,0,1235.3988208770752,1814.0616216659546,22.980561947822572,1235.3988208770752,completed
2813.143544,40,52.329322,1.0,True,40,0,0,944.1968712806702,1272.5088844299316,11.319731998443604,944.1968712806702,completed
2466.088657,40,52.381046,1.0,True,40,0,0,1055.1895368099213,1310.4643216133118,13.366085839271545,1055.1895368099213,completed
2021.768457,40,52.434624,1.0,True,40,0,0,1119.5945439338684,1576.5449810028076,14.77844171524048,1119.5945439338684,completed
2549.281995,40,52.489406,1.0,True,40,0,0,1112.1408333778381,1434.608355998993,10.19205391407013,1112.1408333778381,completed
3561.39346,40,52.541473,1.0,True,40,0,0,922.1972298622131,1079.5499124526978,6.6597912311553955,922.1972298622131,completed
2127.48214,40,52.593659,1.0,True,40,0,0,1141.4624955654144,1519.7897973060608,15.010894823074342,1141.4624955654144,completed
2364.074315,40,52.645137,1.0,True,40,0,0,1071.5130202770233,1626.9904265403748,11.416605043411256,1071.5130202770233,completed
2998.402795,40,52.697541,1.0,True,40,0,0,923.8059031963348,1349.2659544944763,8.72651391029358,923.8059031963348,completed
2688.496348,40,52.749146,1.0,True,40,0,0,1078.4691109657288,1520.9349422454834,9.704921865463257,1078.4691109657288,completed
2254.38935,40,52.800933,1.0,True,40,0,0,1153.5041559934616,1701.618036031723,11.146603965759278,1153.5041559934616,completed
2418.612376,40,52.852577,1.0,True,40,0,0,1113.7575964927673,1759.4685831069946,9.533970308303832,1113.7575964927673,completed
2584.12309,40,52.904347,1.0,True,40,0,0,1083.4124175906181,1358.2743762731552,12.584095573425293,1083.4124175906181,completed
3055.501604,40,52.955945,1.0,True,40,0,0,1021.3513417243958,1223.87935256958,9.630253791809082,1021.3513417243958,completed
2746.042304,40,53.007599,1.0,True,40,0,0,972.6839778423309,1472.4206738471985,9.821057105064392,972.6839778423309,completed
1365.323394,40,53.058879,1.0,True,40,0,0,1389.4223799705505,1887.9265069961548,17.92880024909973,1389.4223799705505,completed
2889.605993,40,53.110756,1.0,True,40,0,0,1015.4281497001648,1275.7140803337097,10.410645365715027,1015.4281497001648,completed
224.649533,40,53.162319,1.0,True,40,0,0,1342.5658082962036,2053.231936454773,27.765698146820068,1342.5658082962036,completed
2434.125982,40,53.213759,1.0,True,40,0,0,1010.8177371025085,1473.7292852401733,13.416014528274536,1010.8177371025085,completed
2834.74613,40,53.265058,1.0,True,40,0,0,1037.9804697036743,1371.6088943481445,10.233697557449341,1037.9804697036743,completed
2855.543791,40,53.317048,1.0,True,40,0,0,964.8558769226074,1320.565227508545,10.286511659622192,964.8558769226074,completed
2789.891747,40,53.368119,1.0,True,40,0,0,947.1084302663803,1329.041427373886,11.74872031211853,947.1084302663803,completed
3022.535253,40,53.419303,1.0,True,40,0,0,1001.5858879089355,1221.4862651824951,10.22347903251648,1001.5858879089355,completed
1700.378146,40,53.471394,1.0,True,40,0,0,1127.6441268920898,1616.7553901672363,18.18255560398102,1127.6441268920898,completed
1952.693112,40,53.523048,1.0,True,40,0,0,1096.771874666214,1521.9141254425049,17.50172781944275,1096.771874666214,completed
2466.574899,40,53.574543,1.0,True,40,0,0,1060.6813144683838,1430.8434510231018,13.226106452941895,1060.6813144683838,completed
2392.492653,40,53.6263,1.0,True,40,0,0,1032.137448310852,1383.9550342559814,14.073429250717163,1032.137448310852,completed
3328.520147,40,53.677678,1.0,True,40,0,0,969.318437576294,1175.6394410133362,7.271067571640015,969.318437576294,completed
2214.691796,40,53.729193,1.0,True,40,0,0,1153.048017024994,1684.9968013763428,12.812286400794983,1153.048017024994,completed
2810.460596,40,53.780582,1.0,True,40,0,0,965.048255443573,1348.2009353637695,11.40611777305603,965.048255443573,completed
2696.09431,40,53.831963,1.0,True,40,0,0,1041.1292958259583,1497.5603909492493,8.961396026611329,1041.1292958259583,completed
1851.4697,40,53.884213,1.0,True,40,0,0,1125.418084859848,1730.2511248588562,15.68754014968872,1125.418084859848,completed
2866.420479,40,53.935747,1.0,True,40,0,0,906.0104691982269,1324.305293560028,11.165467703342438,906.0104691982269,completed
3372.65888,40,53.987194,1.0,True,40,0,0,942.6770465373993,1148.492277622223,6.979917335510254,942.6770465373993,completed
3389.621031,40,54.038767,1.0,True,40,0,0,906.660430431366,1116.5025491714478,7.790373837947845,906.660430431366,completed
3066.902101,40,54.090492,1.0,True,40,0,0,849.6748113632202,1213.1370124816895,10.29802873134613,849.6748113632202,completed
2819.883549,40,54.143206,1.0,True,40,0,0,1070.457992553711,1428.7892217636108,9.389668893814086,1070.457992553711,completed
2981.402766,40,54.194275,1.0,True,40,0,0,1032.3736643791199,1261.8800916671753,9.638811683654785,1032.3736643791199,completed
2605.78484,40,54.245851,1.0,True,40,0,0,944.1017551422119,1283.0506258010864,14.39248023033142,944.1017551422119,completed
2612.156819,40,54.30053,1.0,True,40,0,0,1052.6073446273804,1414.3946180343628,10.443058681488036,1052.6073446273804,completed
2406.306224,40,55.609742,1.0,True,40,0,0,952.0567314624786,1380.6829204559326,15.171356558799744,952.0567314624786,completed
2990.441006,40,55.669328,1.0,True,40,0,0,929.7415070533752,1342.0206756591797,9.506141829490662,929.7415070533752,completed
2336.377167,40,55.729324,1.0,True,40,0,0,1006.5774898529053,1450.0096101760864,14.683322095870972,1006.5774898529053,completed
3748.045616,40,55.787551,1.0,True,40,0,0,954.2482925653458,1236.9633276462555,2.234321856498718,954.2482925653458,completed
1911.167364,40,55.842722,1.0,True,40,0,0,1125.6546161174774,1710.8563933372498,15.206222915649414,1125.6546161174774,completed
2670.382138,40,55.898414,1.0,True,40,0,0,1019.0837812423706,1386.1023693084717,11.29318733215332,1019.0837812423706,completed
1881.074348,40,55.953133,1.0,True,40,0,0,1005.9692485332489,1609.9058756828308,17.555595493316652,1005.9692485332489,completed
2433.966928,40,56.00768,1.0,True,40,0,0,1067.6168909072876,1352.0344896316528,14.352812480926513,1067.6168909072876,completed
1841.871969,40,56.062606,1.0,True,40,0,0,1076.3018815517426,1533.9694294929504,19.187256622314454,1076.3018815517426,completed
2191.363215,40,56.117629,1.0,True,40,0,0,1020.4528994560242,1561.5504536628723,14.233244323730469,1020.4528994560242,completed
3515.456819,40,56.173045,1.0,True,40,0,0,948.0384955406189,1297.0900745391846,4.049012517929077,948.0384955406189,completed
1964.489339,40,56.22875,1.0,True,40,0,0,1110.5017628669739,1579.52649974823,15.209130668640137,1110.5017628669739,completed
3488.613629,40,56.283779,1.0,True,40,0,0,958.4355208873749,1210.2322688102722,4.875869536399842,958.4355208873749,completed
3488.153212,40,56.337632,1.0,True,40,0,0,916.6132140159607,1115.389965057373,7.124373722076416,916.6132140159607,completed
1842.554464,40,56.391975,1.0,True,40,0,0,1168.3148674964905,1620.2341876029968,16.67748761177063,1168.3148674964905,completed
344.891173,40,56.451416,1.0,True,40,0,0,1371.0898542404175,1945.349596977234,27.53212947845459,1371.0898542404175,completed
2969.417622,40,56.529704,1.0,True,40,0,0,1011.0825438499451,1598.724585056305,5.941697597503662,1011.0825438499451,completed
3123.631435,40,56.599872,1.0,True,40,0,0,881.3461318016052,1193.3025045394897,9.624101638793945,881.3461318016052,completed
1347.069964,40,56.689563,1.0,True,40,0,0,1133.2466621398926,1736.92737865448,21.52952402830124,1133.2466621398926,completed
2824.288851,40,56.767154,1.0,True,40,0,0,990.6536367535591,1361.3768192529678,9.922555828094483,990.6536367535591,completed
2039.42961,40,56.863429,1.0,True,40,0,0,973.4879856109619,1471.9478178024292,17.71668748855591,973.4879856109619,completed
445.699846,40,56.935381,1.0,True,40,0,0,1334.4851188659668,2048.750410079956,26.062295389175414,1334.4851188659668,completed
3220.647213,40,56.995497,1.0,True,40,0,0,915.011100769043,1177.2892065048218,9.004099988937378,915.011100769043,completed
3441.208941,40,57.060978,1.0,True,40,0,0,1062.5805640220642,1332.779179573059,3.9398202896118164,1062.5805640220642,completed
2739.310152,40,57.122575,1.0,True,40,0,0,970.4446458816528,1373.430030822754,11.28312532901764,970.4446458816528,completed
1546.570336,40,57.181879,1.0,True,40,0,0,1338.1453533172607,1643.378007888794,18.472833037376404,1338.1453533172607,completed
3086.273745,40,57.244619,1.0,True,40,0,0,938.3409452438354,1230.3656425476074,9.466493511199952,938.3409452438354,completed
2709.900678,40,57.328503,1.0,True,40,0,0,979.9474220275879,1427.398057460785,11.149912571907043,979.9474220275879,completed
3560.127477,40,57.5362,1.0,True,40,0,0,822.8728339672089,1042.1945157051086,6.9966856956481935,822.8728339672089,completed
3766.70968,40,57.635217,1.0,True,40,0,0,785.536779165268,1079.4957575798035,5.431536483764648,785.536779165268,completed
2700.999747,40,57.731603,1.0,True,40,0,0,981.5318439006805,1482.173174381256,10.183633184432983,981.5318439006805,completed
2920.241502,40,57.892515,1.0,True,40,0,0,1075.132709980011,1455.0759596824646,7.738691449165344,1075.132709980011,completed
2491.910743,40,58.018451,1.0,True,40,0,0,1017.0052042007446,1552.826301574707,10.934715032577515,1017.0052042007446,completed
3258.698964,40,58.085068,1.0,True,40,0,0,966.8332319259644,1297.1688785552979,6.491441631317139,966.8332319259644,completed
2778.150763,40,58.143755,1.0,True,40,0,0,952.018726348877,1354.7592859268188,11.192534828186036,952.018726348877,completed
2428.768392,40,58.210601,1.0,True,40,0,0,1080.0722229480743,1395.6651616096497,12.786957454681396,1080.0722229480743,completed
2412.710656,40,58.307221,1.0,True,40,0,0,1010.0660457611084,1408.4883699417114,13.961406373977661,1010.0660457611084,completed
2718.140276,40,58.402574,1.0,True,40,0,0,1079.0913562774658,1471.367518901825,10.011257994174958,1079.0913562774658,completed
1550.377076,40,58.811602,1.0,True,40,0,0,1311.7983989715576,1786.2525472640991,16.970826029777527,1311.7983989715576,completed
2417.568252,40,59.582701,1.0,True,40,0,0,1118.9079847335815,1573.4295268058777,10.816430974006654,1118.9079847335815,completed
2712.00991,40,59.685968,1.0,True,40,0,0,994.7528509497643,1335.2229698896408,11.967413902282715,994.7528509497643,completed
3095.715038,40,59.753091,1.0,True,40,0,0,987.8249349594116,1237.2462539672852,9.19523901939392,987.8249349594116,completed
2702.701775,40,60.205885,1.0,True,40,0,0,1069.0021772384644,1495.5727376937866,9.634586334228516,1069.0021772384644,completed
2628.025773,40,60.292634,1.0,True,40,0,0,965.7776737213135,1405.326681137085,11.33310341835022,965.7776737213135,completed
1698.419494,40,60.364774,1.0,True,40,0,0,1075.3027510643005,1592.858274936676,18.30318441390991,1075.3027510643005,completed
3215.298677,40,60.440941,1.0,True,40,0,0,997.2814577817917,1270.619741678238,7.483134150505066,997.2814577817917,completed
1771.243562,40,60.510749,1.0,True,40,0,0,1206.975350856781,1605.322386264801,18.421457529067993,1206.975350856781,completed
909.603527,40,60.587817,1.0,True,40,0,0,1293.9125769138336,1870.8047485351562,23.63954629898071,1293.9125769138336,completed
2950.492677,40,60.658424,1.0,True,40,0,0,1043.0241441726685,1397.5373644828796,8.392521691322326,1043.0241441726685,completed
3977.922724,40,60.738921,1.0,True,40,0,0,806.0322577953339,1047.7590780258179,3.386536693572998,806.0322577953339,completed
1608.47268,40,60.824519,1.0,True,40,0,0,1105.650991678238,1603.3226351737976,19.36852283477783,1105.650991678238,completed
551.311703,40,62.229646,1.0,True,40,0,0,1320.6293001174927,1989.074589729309,25.979108357429503,1320.6293001174927,completed
2925.817025,40,62.285051,1.0,True,40,0,0,1028.166558265686,1492.4490051269531,7.194864177703858,1028.166558265686,completed
2264.950481,40,62.339575,1.0,True,40,0,0,992.4132025241852,1477.737850189209,14.36362452507019,992.4132025241852,completed
3527.375409,40,62.39314,1.0,True,40,0,0,877.3477740287781,1075.995394706726,6.532762408256531,877.3477740287781,completed
2966.789184,40,62.448152,1.0,True,40,0,0,1017.7786622047424,1313.4442067146301,8.28443739414215,1017.7786622047424,completed
2583.592687,40,62.504746,1.0,True,40,0,0,1107.691558599472,1396.497445821762,11.57056484222412,1107.691558599472,completed
1582.020258,40,62.564763,1.0,True,40,0,0,1049.2138001918793,1583.5404658317566,20.39446187019348,1049.2138001918793,completed
3067.668008,40,62.621062,1.0,True,40,0,0,993.7184920310974,1259.2253856658936,9.511912155151368,993.7184920310974,completed
901.393025,40,62.675732,1.0,True,40,0,0,1398.9606440067291,2104.2404294013977,20.057076454162598,1398.9606440067291,completed
3744.50118,40,62.729355,1.0,True,40,0,0,911.3177578449249,1181.1908040046692,3.3674785137176513,911.3177578449249,completed
2359.223555,40,62.782393,1.0,True,40,0,0,1071.592230796814,1510.9900951385498,13.07165002822876,1071.592230796814,completed
4138.107454,40,62.836402,1.0,True,40,0,0,809.6159813404083,964.2585804462433,2.192981481552124,809.6159813404083,completed
2812.554005,40,62.888319,1.0,True,40,0,0,1088.9258904457092,1396.6179370880127,10.09763412475586,1088.9258904457092,completed
1201.188713,40,62.946012,1.0,True,40,0,0,1249.9788827896118,1800.6316766738892,21.289113914966585,1249.9788827896118,completed
3000.119271,40,63.000874,1.0,True,40,0,0,1084.5684843063354,1458.1552305221558,7.252111065387726,1084.5684843063354,completed
2737.612332,40,63.061585,1.0,True,40,0,0,998.797891497612,1291.3689639568329,11.282538414001465,998.797891497612,completed
3069.20295,40,63.118666,1.0,True,40,0,0,936.0348744392395,1301.6170196533203,8.404967546463013,936.0348744392395,completed
2549.771031,40,63.175694,1.0,True,40,0,0,1082.3210234642029,1530.4699516296387,10.65399260520935,1082.3210234642029,completed
2948.904433,40,63.236088,1.0,True,40,0,0,952.1429562568665,1256.163317680359,10.100376796722411,952.1429562568665,completed
3227.638197,40,63.289294,1.0,True,40,0,0,937.0703344345093,1211.879090309143,8.275657534599304,937.0703344345093,completed
3903.589235,40,63.342671,1.0,True,40,0,0,873.931165933609,1106.4176201820374,2.3749085426330567,873.931165933609,completed
2870.296027,40,63.394405,1.0,True,40,0,0,928.2009825706482,1351.7836441993713,10.572767186164857,928.2009825706482,completed
3105.413481,40,63.446157,1.0,True,40,0,0,1000.8658442497253,1297.0005311965942,6.904580354690552,1000.8658442497253,completed
3791.935861,40,63.50128,1.0,True,40,0,0,873.2397401332855,1110.239854335785,3.0982056856155396,873.2397401332855,completed
1825.79508,40,63.557277,1.0,True,40,0,0,1226.9420127868652,1720.7901773452759,15.064631462097168,1226.9420127868652,completed
2889.593282,40,63.613275,1.0,True,40,0,0,1037.6144742965698,1441.3277626037598,8.279718685150147,1037.6144742965698,completed
2498.121682,40,63.666366,1.0,True,40,0,0,1169.9818897247314,1584.7667531967163,9.895571947097778,1169.9818897247314,completed
1887.20015,40,63.722136,1.0,True,40,0,0,1084.2664165496826,1653.0211811065674,16.92395875453949,1084.2664165496826,completed
608.697239,40,63.774627,1.0,True,40,0,0,1268.4573748111725,1992.4635262489319,24.668980717658997,1268.4573748111725,completed
3474.071892,40,63.829523,1.0,True,40,0,0,998.3533596992493,1259.5023555755615,5.018293762207032,998.3533596992493,completed
2926.027893,40,63.882271,1.0,True,40,0,0,1059.6050734519958,1339.2254037857056,9.063263988494873,1059.6050734519958,completed
2467.468731,40,63.936534,1.0,True,40,0,0,1125.5415408611298,1471.8525958061218,12.47710611820221,1125.5415408611298,completed
2785.184899,40,63.989471,1.0,True,40,0,0,947.4916255474091,1306.565059185028,12.11373200416565,947.4916255474091,completed
3414.18847,40,64.040821,1.0,True,40,0,0,943.0588121414185,1171.0712442398071,7.084973430633545,943.0588121414185,completed
3218.653722,40,64.092456,1.0,True,40,0,0,924.0033950805664,1348.3807654380798,7.234067487716675,924.0033950805664,completed
3260.737006,40,64.14582,1.0,True,40,0,0,977.5473368167877,1233.4604706764221,7.886600923538208,977.5473368167877,completed
3083.174149,40,64.202055,1.0,True,40,0,0,997.2645568847656,1448.5461978912354,6.063328742980957,997.2645568847656,completed
1566.355319,40,64.256274,1.0,True,40,0,0,1151.3463160991669,1714.1710562705994,18.653109121322633,1151.3463160991669,completed
1921.170711,40,64.310652,1.0,True,40,0,0,1186.0153241157532,1602.7049551010132,15.490558052062989,1186.0153241157532,completed
1465.131563,40,64.36251,1.0,True,40,0,0,1225.7162203788757,1727.3979768753052,19.803761625289916,1225.7162203788757,completed
2935.602617,40,64.414721,1.0,True,40,0,0,910.2518157958984,1251.898995399475,10.326967477798462,910.2518157958984,completed
1641.205103,40,64.466797,1.0,True,40,0,0,1254.224935054779,1697.8540105819702,17.482756555080414,1254.224935054779,completed
2342.987273,40,64.520373,1.0,True,40,0,0,1168.132623910904,1491.3264231681824,13.133426094055176,1168.132623910904,completed
2754.826458,40,64.571964,1.0,True,40,0,0,1021.485280752182,1412.334065914154,9.858936262130737,1021.485280752182,completed
2295.737109,40,64.624791,1.0,True,40,0,0,1010.203869342804,1416.9410772323608,15.30631730556488,1010.203869342804,completed
1860.173423,40,64.677346,1.0,True,40,0,0,1141.170740365982,1616.1639637947083,16.716797161102296,1141.170740365982,completed
2711.310418,40,64.73266,1.0,True,40,0,0,1021.551139831543,1402.8226490020752,11.158174800872803,1021.551139831543,completed
2935.969367,40,64.789716,1.0,True,40,0,0,954.13006067276,1295.5404052734375,10.018226885795594,954.13006067276,completed
2957.231598,40,64.868986,1.0,True,40,0,0,954.7705035209656,1337.8439679145813,8.228471684455872,954.7705035209656,completed
2695.988499,40,64.925073,1.0,True,40,0,0,1109.9475247859955,1710.2372450828552,7.08477520942688,1109.9475247859955,completed
2105.643686,40,64.990434,1.0,True,40,0,0,1122.484274148941,1553.7960019111633,15.271126842498779,1122.484274148941,completed
2755.402046,40,65.052412,1.0,True,40,0,0,987.2324030399323,1428.4818902015686,9.261605405807495,987.2324030399323,completed
2011.041596,40,66.451992,1.0,True,40,0,0,1168.9641630649567,1711.0254800319672,14.255648481845856,1168.9641630649567,completed
1290.414976,40,66.507563,1.0,True,40,0,0,1268.4626545906067,1943.4547548294067,18.696340012550355,1268.4626545906067,completed
2138.061221,40,66.560997,1.0,True,40,0,0,1155.8961873054504,1622.022677898407,13.364701509475708,1155.8961873054504,completed
3014.921169,40,66.615243,1.0,True,40,0,0,886.7804570198059,1202.286114692688,10.506197881698608,886.7804570198059,completed
3066.147067,40,66.668079,1.0,True,40,0,0,954.684944152832,1285.1931457519531,8.841618824005128,954.684944152832,completed
2123.754994,40,66.720973,1.0,True,40,0,0,1171.628088235855,1628.3127579689026,13.339051485061646,1171.628088235855,completed
3141.46069,40,66.773395,1.0,True,40,0,0,968.6515316963196,1184.7440309524536,9.17662446498871,968.6515316963196,completed
2784.678186,40,66.835615,1.0,True,40,0,0,969.9912474155426,1448.9816722869873,9.993090319633485,969.9912474155426,completed
2583.709736,40,66.89671,1.0,True,40,0,0,1031.0488576889038,1433.0922989845276,11.640742754936218,1031.0488576889038,completed
3182.61317,40,66.95204,1.0,True,40,0,0,932.6593737602234,1314.8366627693176,8.39338595867157,932.6593737602234,completed
2389.46748,40,67.006454,1.0,True,40,0,0,1052.8843638896942,1384.6198496818542,13.946500837802887,1052.8843638896942,completed
2271.35582,40,67.059496,1.0,True,40,0,0,991.2150549888611,1494.0369806289673,14.693430852890014,991.2150549888611,completed
3100.263208,40,67.117833,1.0,True,40,0,0,957.8008198738098,1261.1247205734253,8.7227388381958,957.8008198738098,completed
3747.20992,40,67.173241,1.0,True,40,0,0,913.9988672733307,1146.0717225074768,3.4838983058929442,913.9988672733307,completed
3386.49823,40,67.228516,1.0,True,40,0,0,1017.5175967216492,1457.7860126495361,2.9303324699401854,1017.5175967216492,completed
3631.709562,40,67.285219,1.0,True,40,0,0,878.6711120903492,1105.6096668839455,5.7489642143249515,878.6711120903492,completed
2103.376363,40,67.341178,1.0,True,40,0,0,1147.4296879768372,1577.5976247787476,15.410105466842651,1147.4296879768372,completed
3585.7666,40,67.400944,1.0,True,40,0,0,972.9978427886963,1282.6260013580322,3.1818261623382567,972.9978427886963,completed
3947.159414,40,67.468823,1.0,True,40,0,0,824.8982670307159,1095.1493971347809,2.9779661178588865,824.8982670307159,completed
2259.827585,40,67.670003,1.0,True,40,0,0,1112.0972681045532,1590.8876132965088,12.599220991134644,1112.0972681045532,completed
1914.670926,40,67.78523,1.0,True,40,0,0,1146.920580148697,1623.4420800209045,15.579880475997925,1146.920580148697,completed
2987.510926,40,67.868331,1.0,True,40,0,0,1012.5964365005493,1425.6010389328003,7.772125864028931,1012.5964365005493,completed
3179.592373,40,67.9574,1.0,True,40,0,0,952.0352439880371,1168.970513343811,8.103986454010009,952.0352439880371,completed
2757.371603,40,68.022503,1.0,True,40,0,0,1028.8606028556824,1419.9020309448242,10.292747521400452,1028.8606028556824,completed
2624.437498,40,68.09867,1.0,True,40,0,0,1109.1448752880096,1514.5326833724976,10.051120316982269,1109.1448752880096,completed
2458.90211,40,68.162189,1.0,True,40,0,0,1080.5167212486267,1505.9449281692505,10.265605449676514,1080.5167212486267,completed
3206.261128,40,68.239127,1.0,True,40,0,0,815.9312214851379,1185.925374031067,9.18327784538269,815.9312214851379,completed
3056.995767,40,68.309837,1.0,True,40,0,0,1027.1345399618149,1272.2409493923187,9.215730810165406,1027.1345399618149,completed
2235.497915,40,68.377668,1.0,True,40,0,0,1084.2034618854523,1549.1462750434875,13.373988819122314,1084.2034618854523,completed
3109.558055,40,68.441724,1.0,True,40,0,0,932.3457722663879,1239.6161861419678,9.093208456039429,932.3457722663879,completed
2552.448689,40,68.502364,1.0,True,40,0,0,1045.1526136398315,1423.6852464675903,11.430074644088744,1045.1526136398315,completed
2668.318047,40,68.565965,1.0,True,40,0,0,1032.7878704071045,1514.6624088287354,10.073507261276244,1032.7878704071045,completed
3234.579449,40,68.633364,1.0,True,40,0,0,946.7094688415527,1214.309386253357,8.083181810379028,946.7094688415527,completed
3636.831406,40,68.693569,1.0,True,40,0,0,944.6804012060165,1133.8756158351898,4.801214694976807,944.6804012060165,completed
2956.324386,40,68.752599,1.0,True,40,0,0,924.7795320749283,1255.6174757480621,9.907858395576477,924.7795320749283,completed
3051.424949,40,68.811231,1.0,True,40,0,0,1100.5565903186798,1200.6080384254456,9.407153177261353,1100.5565903186798,completed
2326.470233,40,68.869545,1.0,True,40,0,0,1164.3895826339722,1615.9622802734375,10.716718864440917,1164.3895826339722,completed
2833.453578,40,68.928454,1.0,True,40,0,0,1086.7454071044922,1362.4524965286255,9.697517895698548,1086.7454071044922,completed
2268.087936,40,68.994185,1.0,True,40,0,0,1013.9865207672119,1506.6413307189941,15.015183591842652,1013.9865207672119,completed
2792.307782,40,69.060141,1.0,True,40,0,0,997.646321773529,1337.8911399841309,10.905302143096923,997.646321773529,completed
1777.53134,40,69.126566,1.0,True,40,0,0,1069.7251188755035,1541.691424369812,19.309662771224975,1069.7251188755035,completed
1885.514135,40,69.1871,1.0,True,40,0,0,1149.5996975898743,1551.1936960220337,17.855162262916565,1149.5996975898743,completed
3757.798056,40,69.246081,1.0,True,40,0,0,868.3572087287903,1095.266297340393,4.3924336433410645,868.3572087287903,completed
2602.121777,40,69.304405,1.0,True,40,0,0,1025.5652966499329,1375.0404992103577,12.874931192398071,1025.5652966499329,completed
3456.100126,40,69.369374,1.0,True,40,0,0,856.6668755114079,1191.5365732312202,6.302618980407715,856.6668755114079,completed
3206.370958,40,69.428957,1.0,True,40,0,0,1040.5463030338287,1261.5915212631226,7.394382333755493,1040.5463030338287,completed
2746.359623,40,69.486955,1.0,True,40,0,0,979.8696281909943,1375.6681294441223,11.406045722961426,979.8696281909943,completed
3463.374472,40,69.543932,1.0,True,40,0,0,1032.3233561515808,1156.1220242977142,5.693716096878052,1032.3233561515808,completed
3720.123463,40,69.599702,1.0,True,40,0,0,859.6263427734375,1199.9657440185547,3.489230155944824,859.6263427734375,completed
1298.751614,40,69.672256,1.0,True,40,0,0,1157.4211270809174,1735.3225374221802,21.036761486530303,1157.4211270809174,completed
3091.04807,40,69.735503,1.0,True,40,0,0,915.3332414627075,1168.0764122009277,10.123349142074584,915.3332414627075,completed
4113.121648,40,71.184956,1.0,True,40,0,0,800.5599366128445,957.6453287005424,2.351656603813171,800.5599366128445,completed
3031.983743,40,71.246712,1.0,True,40,0,0,1107.0552158355713,1255.1809945106506,8.851050424575806,1107.0552158355713,completed
2938.193706,40,71.315372,1.0,True,40,0,0,1023.540914773941,1309.2561769485474,10.531249380111694,1023.540914773941,completed
2308.176182,40,71.389614,1.0,True,40,0,0,1067.8148447275162,1355.8538444042206,15.55869602560997,1067.8148447275162,completed
876.654119,40,71.447673,1.0,True,40,0,0,1344.3698115348816,1826.4377689361572,23.033030605316164,1344.3698115348816,completed
3549.94362,40,71.506133,1.0,True,40,0,0,867.0123423337936,1094.3943603038788,7.012689733505249,867.0123423337936,completed
4480.998287,40,71.564319,1.0,True,40,0,0,634.367693901062,749.5604734420776,1.860807204246521,634.367693901062,completed
2863.156607,40,71.619256,1.0,True,40,0,0,970.8177437782288,1328.6747617721558,11.285131359100342,970.8177437782288,completed
3468.564689,40,71.674349,1.0,True,40,0,0,899.5933027267456,1192.719310760498,6.7461010932922365,899.5933027267456,completed
2613.24489,40,71.728739,1.0,True,40,0,0,1039.0010087490082,1403.7588930130005,11.615246534347534,1039.0010087490082,completed
2580.957304,40,71.783828,1.0,True,40,0,0,1008.7995781898499,1348.656385421753,12.690511560440063,1008.7995781898499,completed
2527.851869,40,71.83859,1.0,True,40,0,0,1033.9304640293121,1378.8743042945862,12.750351476669312,1033.9304640293121,completed
3059.242841,40,71.894751,1.0,True,40,0,0,945.4182208776474,1260.4900681972504,9.962089395523071,945.4182208776474,completed
4039.402876,40,71.951006,1.0,True,40,0,0,836.9852533340454,1018.877571105957,2.7830080509185793,836.9852533340454,completed
3328.66405,40,72.004918,1.0,True,40,0,0,877.7478537559509,1217.9710636138916,6.748988342285156,877.7478537559509,completed
3030.375271,40,72.059994,1.0,True,40,0,0,875.3725942373276,1245.5434205532074,10.428792625665665,875.3725942373276,completed
1289.898728,40,72.136671,1.0,True,40,0,0,1203.05611038208,1845.315728187561,18.66775381565094,1203.05611038208,completed
3243.412525,40,72.203265,1.0,True,40,0,0,955.0842390060425,1173.2283101081848,8.474822378158569,955.0842390060425,completed
4480.910536,40,72.270954,1.0,True,40,0,0,747.7665166854858,861.6479597091675,0.40770998001098635,747.7665166854858,completed
1870.904745,40,72.340317,1.0,True,40,0,0,1246.5446259975433,1648.474304676056,16.28558430671692,1246.5446259975433,completed
2558.236998,40,72.406255,1.0,True,40,0,0,996.5852646827698,1341.2216892242432,14.105849814414977,996.5852646827698,completed
2795.997326,40,72.46474,1.0,True,40,0,0,1150.1371309757233,1613.2392678260803,7.491965007781983,1150.1371309757233,completed
2746.00247,40,72.528922,1.0,True,40,0,0,1004.3907008171082,1382.440655708313,10.820979857444764,1004.3907008171082,completed
2830.215683,40,72.587273,1.0,True,40,0,0,926.6163318157196,1248.7198309898376,10.627783799171448,926.6163318157196,completed
2101.021584,40,72.645144,1.0,True,40,0,0,1007.775342464447,1447.6349716186523,17.336434268951415,1007.775342464447,completed
4095.276411,40,72.70019,1.0,True,40,0,0,851.3001742362976,976.9002285003662,2.8669154167175295,851.3001742362976,completed
2473.364675,40,72.754719,1.0,True,40,0,0,1019.1204919815063,1522.4460887908936,11.880904150009155,1019.1204919815063,completed
3336.021445,40,72.807768,1.0,True,40,0,0,960.3447349071503,1178.5927968025208,8.1414954662323,960.3447349071503,completed
3320.053114,40,72.861326,1.0,True,40,0,0,964.5283179283142,1129.487099647522,7.734926068782807,964.5283179283142,completed
3703.743172,40,72.918144,1.0,True,40,0,0,852.4458916187286,1066.4156527519226,5.271650934219361,852.4458916187286,completed
1916.221387,40,72.97204,1.0,True,40,0,0,1065.3884274959564,1511.8130645751953,17.706889820098876,1065.3884274959564,completed
2291.12591,40,73.025527,1.0,True,40,0,0,1046.0419301986694,1446.9869956970215,14.369540452957153,1046.0419301986694,completed
3606.687164,40,73.081088,1.0,True,40,0,0,813.4878566265106,1071.7263054847717,6.391514825820923,813.4878566265106,completed
2408.94164,40,73.138542,1.0,True,40,0,0,1030.471956729889,1402.1037092208862,14.255763816833497,1030.471956729889,completed
1989.106833,40,73.201801,1.0,True,40,0,0,1135.6856575012207,1558.670114517212,16.56180808544159,1135.6856575012207,completed
2440.052914,40,73.261904,1.0,True,40,0,0,1113.4157648086548,1420.0833563804626,12.060074186325073,1113.4157648086548,completed
3751.627981,40,73.316678,1.0,True,40,0,0,940.6773941516876,1208.858981370926,2.6777587890625,940.6773941516876,completed
207.399836,40,73.371076,1.0,True,40,0,0,1336.5163686275482,1995.8032870292664,29.441334092617033,1336.5163686275482,completed
3707.298557,40,73.429082,1.0,True,40,0,0,909.4195833206177,1213.4981107711792,3.0900221347808836,909.4195833206177,completed
1884.984324,40,73.485815,1.0,True,40,0,0,1217.2676112651825,1663.5578227043152,15.184268808364868,1217.2676112651825,completed
2788.704041,40,73.540074,1.0,True,40,0,0,968.3612835407257,1355.8304657936096,10.610820960998534,968.3612835407257,completed
2749.877305,40,73.594785,1.0,True,40,0,0,988.0191478729248,1381.6033515930176,10.594343996047973,988.0191478729248,completed
2179.355109,40,73.654105,1.0,True,40,0,0,1109.3260488510132,1550.637674331665,14.17934775352478,1109.3260488510132,completed
3005.21292,40,73.712938,1.0,True,40,0,0,891.3479926586151,1228.0488483905792,10.551556891202926,891.3479926586151,completed
1810.899385,40,73.766885,1.0,True,40,0,0,1230.8153371810913,1759.5028133392334,15.001978969573974,1230.8153371810913,completed
2924.178742,40,73.822928,1.0,True,40,0,0,968.6530787944794,1422.071991443634,8.629377746582032,968.6530787944794,completed
3342.862,40,73.878847,1.0,True,40,0,0,844.4275051355362,1082.6620781421661,8.369415140151977,844.4275051355362,completed
2334.647682,40,73.935769,1.0,True,40,0,0,1048.6686425209045,1432.86643409729,14.624975681304932,1048.6686425209045,completed
2689.794342,40,73.989838,1.0,True,40,0,0,1027.2672684192657,1334.39235830307,12.637671279907227,1027.2672684192657,completed
4105.907207,40,74.044659,1.0,True,40,0,0,818.150155544281,926.2574558258057,3.3664937257766723,818.150155544281,completed
3078.636661,40,74.106769,1.0,True,40,0,0,900.8883190155029,1233.7778062820435,9.483434510231017,900.8883190155029,completed
2884.816383,40,75.353288,1.0,True,40,0,0,978.0001876950264,1328.1989542245865,10.342058181762695,978.0001876950264,completed
3196.627791,40,75.406328,1.0,True,40,0,0,898.798779964447,1136.3468761444092,9.676392221450806,898.798779964447,completed
2996.514672,40,75.458511,1.0,True,40,0,0,941.4005265235901,1201.391438484192,10.651430368423462,941.4005265235901,completed
3198.748168,40,75.511018,1.0,True,40,0,0,933.2643609046936,1254.2900857925415,8.082176518440246,933.2643609046936,completed
4086.701643,40,75.563661,1.0,True,40,0,0,814.8755731582642,993.6634378433228,2.3917903900146484,814.8755731582642,completed
3189.660821,40,75.616266,1.0,True,40,0,0,903.751752614975,1267.7150712013245,8.232519364356994,903.751752614975,completed
1654.387495,40,75.668665,1.0,True,40,0,0,1170.6865248680115,1675.1256113052368,17.00703022480011,1170.6865248680115,completed
2943.944164,40,75.721353,1.0,True,40,0,0,900.6695103645325,1246.6611728668213,10.991585493087769,900.6695103645325,completed
3260.576522,40,75.773629,1.0,True,40,0,0,922.0273637771606,1246.9038200378418,7.807660722732544,922.0273637771606,completed
3337.331862,40,75.82648,1.0,True,40,0,0,907.4200246334076,1186.7637062072754,7.784700584411621,907.4200246334076,completed
2352.941665,40,75.878731,1.0,True,40,0,0,1065.4261243343353,1579.5135798454285,12.254221534729004,1065.4261243343353,completed
1066.786792,40,75.932383,1.0,True,40,0,0,1318.6492750644684,1959.6693177223206,19.6423424243927,1318.6492750644684,completed
2120.600453,40,75.984498,1.0,True,40,0,0,1060.5882716178894,1596.7693042755127,15.270004367828369,1060.5882716178894,completed
3875.272572,40,76.037362,1.0,True,40,0,0,758.3118825554848,1006.6083246469498,4.968389272689819,758.3118825554848,completed
2809.192498,40,76.089499,1.0,True,40,0,0,976.1753792762756,1374.5315570831299,10.66396951675415,976.1753792762756,completed
4232.26385,40,76.14195,1.0,True,40,0,0,767.7766325473785,910.7268242835999,2.37838329076767,767.7766325473785,completed
2181.010422,40,76.196401,1.0,True,40,0,0,1148.6149344444275,1567.3278980255127,13.946999120712281,1148.6149344444275,completed
3082.064783,40,76.248851,1.0,True,40,0,0,992.830816745758,1474.8472738265991,6.061309075355529,992.830816745758,completed
3235.312995,40,76.301121,1.0,True,40,0,0,914.5495455265045,1291.570731639862,7.877868413925171,914.5495455265045,completed
2924.100449,40,76.353547,1.0,True,40,0,0,912.5685883760452,1348.583389043808,10.061458373069764,912.5685883760452,completed
3650.062963,40,76.40649,1.0,True,40,0,0,839.4036560058594,1092.388518333435,5.683343410491943,839.4036560058594,completed
2211.196618,40,76.458885,1.0,True,40,0,0,1011.9610440731049,1498.087903022766,15.234125781059266,1011.9610440731049,completed
3428.257833,40,76.510924,1.0,True,40,0,0,920.6234934329987,1245.2964978218079,5.431774044036866,920.6234934329987,completed
2651.386803,40,76.563792,1.0,True,40,0,0,1096.9609174728394,1536.3648681640625,9.50544114112854,1096.9609174728394,completed
4002.471114,40,76.616124,1.0,True,40,0,0,879.3861994743347,1054.6434268951416,2.1223674535751345,879.3861994743347,completed
2734.61007,40,76.669371,1.0,True,40,0,0,1066.1998753547668,1272.732871055603,10.758298087120057,1066.1998753547668,completed
4471.685839,40,76.721493,1.0,True,40,0,0,801.5578751564026,868.7736988067627,0.334104585647583,801.5578751564026,completed
3191.720444,40,76.773385,1.0,True,40,0,0,964.5296287536621,1197.8297719955444,9.024362874031066,964.5296287536621,completed
2703.812741,40,76.825266,1.0,True,40,0,0,1037.802538394928,1455.7511472702026,9.464743423461915,1037.802538394928,completed
2838.067302,40,76.877419,1.0,True,40,0,0,992.1112551689148,1296.171290397644,10.635969066619873,992.1112551689148,completed
2562.208671,40,76.929961,1.0,True,40,0,0,951.4224081039429,1369.2369298934937,12.759715759754181,951.4224081039429,completed
2904.313793,40,76.983855,1.0,True,40,0,0,899.0368037223816,1277.0844917297363,11.393389797210693,899.0368037223816,completed
3560.270908,40,77.036191,1.0,True,40,0,0,785.7409837245941,1065.3260207176208,7.267823481559754,785.7409837245941,completed
2488.524765,40,77.089715,1.0,True,40,0,0,959.5695762634277,1412.7931289672852,13.958263087272645,959.5695762634277,completed
3206.075971,40,77.14489,1.0,True,40,0,0,931.0228424072266,1218.965590953827,8.493102169036865,931.0228424072266,completed
1805.425193,40,77.198809,1.0,True,40,0,0,1070.6632583141327,1478.816430568695,19.50598473548889,1070.6632583141327,completed
1362.045532,40,77.25645,1.0,True,40,0,0,1158.54643201828,1833.9112176895142,19.506553363800048,1158.54643201828,completed
4275.009852,40,77.313385,1.0,True,40,0,0,850.1397964954376,959.6212186813354,0.8665366172790527,850.1397964954376,completed
3327.004247,40,77.367055,1.0,True,40,0,0,924.7891683578491,1216.5405225753784,7.3740959644317625,924.7891683578491,completed
1784.179836,40,77.420115,1.0,True,40,0,0,1177.9296388626099,1585.500699043274,17.812645149230956,1177.9296388626099,completed
2661.740201,40,77.47412,1.0,True,40,0,0,1055.6926670074463,1416.6607999801636,10.706466484069825,1055.6926670074463,completed
3370.475926,40,77.531964,1.0,True,40,0,0,891.1874127388,1169.6551094055176,7.727387571334839,891.1874127388,completed
4099.925073,40,77.58403,1.0,True,40,0,0,867.1698346138,1043.0516719818115,1.7802023410797119,867.1698346138,completed
3950.718824,40,77.636284,1.0,True,40,0,0,808.0930852890015,950.8825278282166,3.793181800842285,808.0930852890015,completed
1714.768696,40,77.689465,1.0,True,40,0,0,1161.6577095985413,1645.7929620742798,17.97330524921417,1161.6577095985413,completed
2597.857818,40,77.741308,1.0,True,40,0,0,1087.719554901123,1354.2307319641113,12.435708045959473,1087.719554901123,completed
2421.670734,40,77.795005,1.0,True,40,0,0,1069.1810851097107,1479.132067680359,13.059691751003266,1069.1810851097107,completed
3762.336045,40,77.847553,1.0,True,40,0,0,904.1623031497002,1103.783098578453,4.262564563751221,904.1623031497002,completed
3284.524285,40,77.899302,1.0,True,40,0,0,953.3656587600708,1404.436393737793,5.419703578948974,953.3656587600708,completed
3178.47088,40,77.951078,1.0,True,40,0,0,929.0518071651459,1206.5347304344177,8.711372900009156,929.0518071651459,completed
3423.144874,40,78.002553,1.0,True,40,0,0,830.2665519714355,1072.370397567749,9.176096963882447,830.2665519714355,completed
2696.01641,40,79.24256,1.0,True,40,0,0,1081.1986899375916,1359.323763847351,10.562602949142455,1081.1986899375916,completed
1788.357319,40,79.295599,1.0,True,40,0,0,1201.5653867721558,1714.8751182556152,15.804260230064392,1201.5653867721558,completed
3246.472802,40,79.347688,1.0,True,40,0,0,924.5069558620453,1177.568986415863,8.918714237213134,924.5069558620453,completed
3000.582798,40,79.39977,1.0,True,40,0,0,858.3213927745819,1193.9271655082703,11.638806056976318,858.3213927745819,completed
3549.247597,40,79.452704,1.0,True,40,0,0,926.5993671417236,1155.435167312622,6.047676229476929,926.5993671417236,completed
2285.610379,40,79.505014,1.0,True,40,0,0,1054.3445715904236,1585.6641311645508,13.406904172897338,1054.3445715904236,completed
2988.952597,40,79.556593,1.0,True,40,0,0,1026.0461523532867,1229.0112159252167,9.73134217262268,1026.0461523532867,completed
1951.161425,40,79.608981,1.0,True,40,0,0,1159.9845917224884,1673.5284485816956,15.274581575393677,1159.9845917224884,completed
1772.376282,40,79.66078,1.0,True,40,0,0,1188.2479484081268,1932.414456129074,13.42523808479309,1188.2479484081268,completed
3148.62075,40,79.712232,1.0,True,40,0,0,938.4544060826302,1236.9142223596573,7.97126202583313,938.4544060826302,completed
2800.052501,40,79.765079,1.0,True,40,0,0,934.705358505249,1280.5542526245117,12.068932580947877,934.705358505249,completed
2488.016833,40,79.81737,1.0,True,40,0,0,1051.7565665245056,1496.8775634765625,13.054548835754394,1051.7565665245056,completed
3057.352005,40,79.8693,1.0,True,40,0,0,922.7975878715515,1235.492223739624,9.874099946022033,922.7975878715515,completed
946.442108,40,79.922279,1.0,True,40,0,0,1268.195032119751,1817.994785308838,24.410582613945007,1268.195032119751,completed
2874.241692,40,79.975214,1.0,True,40,0,0,1042.7533148527145,1334.261581659317,9.280232238769532,1042.7533148527145,completed
1292.078428,40,80.027088,1.0,True,40,0,0,1405.8026103973389,2141.594156265259,14.921080422401428,1405.8026103973389,completed
1752.085338,40,80.078938,1.0,True,40,0,0,1116.8321204185486,1598.353819847107,18.182827353477478,1116.8321204185486,completed
2128.244227,40,80.131067,1.0,True,40,0,0,1050.784908771515,1490.976622581482,15.452631783485412,1050.784908771515,completed
2535.709074,40,80.183552,1.0,True,40,0,0,1197.5463290214539,1539.9335293769836,9.835453081130982,1197.5463290214539,completed
1301.383661,40,80.235568,1.0,True,40,0,0,1255.4909963607788,2097.523250579834,16.850577068328857,1255.4909963607788,completed
2236.63112,40,80.287431,1.0,True,40,0,0,1034.7774562835693,1454.7648963928223,15.653262758255005,1034.7774562835693,completed
2552.724931,40,80.339282,1.0,True,40,0,0,1028.2140100002289,1496.6807475090027,11.174973011016846,1028.2140100002289,completed
3236.384103,40,80.39094,1.0,True,40,0,0,905.5938867330551,1180.8073127269745,7.892144012451172,905.5938867330551,completed
3979.025632,40,80.443037,1.0,True,40,0,0,866.0034887194633,1042.4605411291122,2.995820999145508,866.0034887194633,completed
2414.243547,40,80.494716,1.0,True,40,0,0,1121.9955220222473,1532.9090156555176,12.016990280151367,1121.9955220222473,completed
3946.363989,40,80.546409,1.0,True,40,0,0,862.5205807685852,1051.7683176994324,2.9897314071655274,862.5205807685852,completed
3518.324805,40,80.598136,1.0,True,40,0,0,921.0467014312744,1228.5723991394043,4.5327191829681395,921.0467014312744,completed
3369.607897,40,80.649727,1.0,True,40,0,0,921.7287278175354,1143.2253723144531,6.622586965560913,921.7287278175354,completed
3854.737864,40,80.704462,1.0,True,40,0,0,819.4897756576538,1002.0168190002441,4.204372119903565,819.4897756576538,completed
3803.239014,40,80.756051,1.0,True,40,0,0,842.1580276489258,1021.5173740386963,4.722463226318359,842.1580276489258,completed
3755.949212,40,80.807585,1.0,True,40,0,0,838.2888884544373,993.5796885490417,5.414247471094131,838.2888884544373,completed
1889.291408,40,80.859368,1.0,True,40,0,0,1200.04048538208,1593.3584394454956,16.2248752117157,1200.04048538208,completed
3018.27806,40,80.910912,1.0,True,40,0,0,1011.8798353672028,1321.8172960281372,9.132437658309936,1011.8798353672028,completed
2951.12778,40,80.96272,1.0,True,40,0,0,954.8737807273865,1265.659821510315,10.859026849269867,954.8737807273865,completed
3469.737428,40,81.014586,1.0,True,40,0,0,856.7140755653381,1067.8038024902344,7.208124303817749,856.7140755653381,completed
2961.156056,40,81.066436,1.0,True,40,0,0,959.8298938274384,1239.6972041130066,11.365988540649415,959.8298938274384,completed
3387.614807,40,81.11821,1.0,True,40,0,0,954.48619556427,1161.9747858047485,7.144015145301819,954.48619556427,completed
3012.8628,40,81.169706,1.0,True,40,0,0,861.6560509204865,1203.5235934257507,10.390845203399659,861.6560509204865,completed
3632.610624,40,81.221749,1.0,True,40,0,0,922.5039627552032,1066.0702662467957,6.26512131690979,922.5039627552032,completed
2959.227389,40,81.273448,1.0,True,40,0,0,963.1492764949799,1316.007770061493,10.003431224822998,963.1492764949799,completed
3299.992829,40,81.324967,1.0,True,40,0,0,959.3949253559113,1257.4836049079895,6.889228129386902,959.3949253559113,completed
3250.419003,40,81.376337,1.0,True,40,0,0,951.815274477005,1199.2635407447815,8.366274213790893,951.815274477005,completed
2947.912867,40,81.427656,1.0,True,40,0,0,949.8500769138336,1299.7102398872375,9.218697786331177,949.8500769138336,completed
1717.290625,40,81.480048,1.0,True,40,0,0,1100.7617139816284,1580.9339876174927,17.727812004089355,1100.7617139816284,completed
1822.775473,40,81.53203,1.0,True,40,0,0,1118.9565646648407,1637.250388622284,17.685939502716064,1118.9565646648407,completed
3516.52368,40,81.584234,1.0,True,40,0,0,861.1939643621445,1175.2491347789764,5.737323665618897,861.1939643621445,completed
2368.561183,40,81.63608,1.0,True,40,0,0,1022.6933188438416,1504.8702306747437,13.718319654464722,1022.6933188438416,completed
3558.444223,40,81.68746,1.0,True,40,0,0,885.4925670623779,1139.9572372436523,5.516340947151184,885.4925670623779,completed
3152.992258,40,81.738884,1.0,True,40,0,0,998.6768298149109,1387.925121307373,6.63855013847351,998.6768298149109,completed
3210.2574,40,81.79018,1.0,True,40,0,0,933.0360350608826,1152.9735651016235,9.645625722408294,933.0360350608826,completed
2590.401305,40,81.841943,1.0,True,40,0,0,1094.4769957065582,1520.911455631256,9.873873710632324,1094.4769957065582,completed
3394.461409,40,83.097098,1.0,True,40,0,0,897.665679693222,1159.6250262260437,6.89189567565918,897.665679693222,completed
3723.396921,40,83.154663,1.0,True,40,0,0,845.1898350715637,1116.4303731918335,4.705197095870972,845.1898350715637,completed
3460.156537,40,83.212718,1.0,True,40,0,0,869.194445848465,1179.1337399482727,6.0159960150718685,869.194445848465,completed
3548.527906,40,83.267968,1.0,True,40,0,0,994.8324408531189,1195.3163957595825,4.684057426452637,994.8324408531189,completed
2719.271452,40,83.320435,1.0,True,40,0,0,1053.2329833507538,1269.030032157898,12.348196530342102,1053.2329833507538,completed
2705.591544,40,83.374174,1.0,True,40,0,0,938.1967263221741,1262.6535997390747,14.094643259048462,938.1967263221741,completed
3258.638474,40,83.427341,1.0,True,40,0,0,910.7408056259155,1222.724820137024,8.248996758460999,910.7408056259155,completed
4092.456758,40,83.48344,1.0,True,40,0,0,815.6826286315918,939.3710432052612,3.0603189706802367,815.6826286315918,completed
2805.753984,40,83.536531,1.0,True,40,0,0,981.3348751068115,1328.0411596298218,11.619997692108154,981.3348751068115,completed
2705.992937,40,83.589282,1.0,True,40,0,0,978.9031810760498,1369.207214832306,10.756715226173402,978.9031810760498,completed
1300.723585,40,83.643227,1.0,True,40,0,0,1334.3730926513672,1806.739649772644,20.577986812591554,1334.3730926513672,completed
1860.575431,40,83.697621,1.0,True,40,0,0,1143.146171092987,1677.3304376602173,15.543417310714721,1143.146171092987,completed
2331.320441,40,83.751276,1.0,True,40,0,0,1138.8101975917816,1462.320617198944,13.898009514808654,1138.8101975917816,completed
433.560311,40,83.805918,1.0,True,40,0,0,1369.3824834823608,1941.2077598571777,28.056020784378052,1369.3824834823608,completed
3433.302358,40,83.859285,1.0,True,40,0,0,936.0859723091125,1242.010681629181,5.6104288578033445,936.0859723091125,completed
3175.85044,40,83.911928,1.0,True,40,0,0,995.176646232605,1349.3963975906372,6.5963441848754885,995.176646232605,completed
3305.991173,40,83.967508,1.0,True,40,0,0,910.8082633018494,1178.7614393234253,7.948578572273254,910.8082633018494,completed
2298.618678,40,84.02089,1.0,True,40,0,0,1140.7368009090424,1712.964868068695,11.158473587036132,1140.7368009090424,completed
2149.194276,40,84.074733,1.0,True,40,0,0,1100.645379781723,1493.5025024414062,15.094571793079377,1100.645379781723,completed
1655.67958,40,84.12825,1.0,True,40,0,0,1254.2026178836823,2084.7991757392883,13.543996953964234,1254.2026178836823,completed
3216.457579,40,84.181986,1.0,True,40,0,0,972.2249598503113,1381.3256797790527,5.82186496257782,972.2249598503113,completed
2839.219362,40,84.234245,1.0,True,40,0,0,986.6820313930511,1389.7591848373413,10.62545394897461,986.6820313930511,completed
3472.78868,40,84.287078,1.0,True,40,0,0,908.7292621135712,1132.1454100608826,7.145172643661499,908.7292621135712,completed
3105.325359,40,84.340691,1.0,True,40,0,0,954.2011206150055,1174.6704726219177,10.812705612182617,954.2011206150055,completed
3068.143915,40,84.39477,1.0,True,40,0,0,955.8709263801575,1307.603585243225,9.437119817733764,955.8709263801575,completed
2821.514788,40,84.447889,1.0,True,40,0,0,959.1030972003937,1358.1788182258606,9.925333166122437,959.1030972003937,completed
3289.473819,40,84.502635,1.0,True,40,0,0,829.0503334999084,1185.409052848816,8.364325284957886,829.0503334999084,completed
2598.102909,40,84.55552,1.0,True,40,0,0,1003.8540477752686,1280.3632864952087,13.452313089370728,1003.8540477752686,completed
3678.619421,40,84.608635,1.0,True,40,0,0,895.9233915805817,1104.9514818191528,5.354748928546906,895.9233915805817,completed
3388.233358,40,84.662045,1.0,True,40,0,0,994.4203789234161,1266.5129356384277,4.77437732219696,994.4203789234161,completed
3063.082006,40,84.715996,1.0,True,40,0,0,981.2205877304077,1331.988368988037,8.349980449676513,981.2205877304077,completed
2065.328693,40,84.771848,1.0,True,40,0,0,1113.320411503315,1710.3813987970352,13.378244018554687,1113.320411503315,completed
2733.708844,40,84.826802,1.0,True,40,0,0,1125.2132124900818,1478.2580251693726,9.375992512702942,1125.2132124900818,completed
2733.919646,40,84.87979,1.0,True,40,0,0,1013.1882605552673,1443.1738080978394,9.445952606201171,1013.1882605552673,completed
2661.673679,40,84.933383,1.0,True,40,0,0,946.768283367157,1422.8511228561401,12.06411395072937,946.768283367157,completed
3115.531705,40,84.987815,1.0,True,40,0,0,853.7570672035217,1164.3142910003662,10.330854177474976,853.7570672035217,completed
2520.858027,40,85.041658,1.0,True,40,0,0,1127.5550730228424,1621.2070598602295,9.741014540195465,1127.5550730228424,completed
2879.802927,40,85.095883,1.0,True,40,0,0,990.4333825111389,1336.854067325592,10.504969620704651,990.4333825111389,completed
3669.875694,40,85.149698,1.0,True,40,0,0,919.4580874443054,1091.6483306884766,5.15795361995697,919.4580874443054,completed
1863.95814,40,85.20289,1.0,True,40,0,0,1110.3147943019867,1619.873842716217,17.162396955490113,1110.3147943019867,completed
3142.270312,40,85.256907,1.0,True,40,0,0,921.2861934900284,1235.1123068332672,8.829180431365966,921.2861934900284,completed
3029.591002,40,85.310031,1.0,True,40,0,0,928.0871651172638,1215.8225502967834,10.139398670196533,928.0871651172638,completed
3763.737382,40,85.363912,1.0,True,40,0,0,858.4348887205124,1136.3090283870697,3.515771913528442,858.4348887205124,completed
3684.268604,40,85.418404,1.0,True,40,0,0,869.231966137886,1082.107432603836,5.173425507545471,869.231966137886,completed
4024.679017,40,85.476004,1.0,True,40,0,0,745.9912860393524,916.8848347663879,4.739411163330078,745.9912860393524,completed
3378.094943,40,85.532826,1.0,True,40,0,0,931.8829956054688,1223.5666122436523,5.960649824142456,931.8829956054688,completed
3329.601112,40,85.591795,1.0,True,40,0,0,971.3815584182739,1199.9787306785583,6.907416868209839,971.3815584182739,completed
2736.05951,40,85.651854,1.0,True,40,0,0,1053.2548220157623,1609.447651386261,7.769939756393432,1053.2548220157623,completed
3063.550342,40,85.705526,1.0,True,40,0,0,907.3676204681396,1300.055124282837,9.64960560798645,907.3676204681396,completed
3887.238568,40,85.759057,1.0,True,40,0,0,884.8995344638824,1111.3002762794495,3.054892587661743,884.8995344638824,completed
2555.678662,40,85.813191,1.0,True,40,0,0,1076.5992949008942,1552.4492363929749,9.695845007896423,1076.5992949008942,completed
2705.739641,40,85.868406,1.0,True,40,0,0,973.1905623674393,1345.9869301319122,11.747004985809326,973.1905623674393,completed
4367.598831,40,87.334987,1.0,True,40,0,0,725.8382399082184,934.4797110557556,0.9871317863464355,725.8382399082184,completed
2432.128581,40,87.390951,1.0,True,40,0,0,1099.001455783844,1470.4170980453491,12.20014672279358,1099.001455783844,completed
2781.49516,40,87.444337,1.0,True,40,0,0,982.3410768508911,1275.9218435287476,12.00732707977295,982.3410768508911,completed
2197.624061,40,87.502163,1.0,True,40,0,0,1107.4368691444397,1671.997628211975,13.546455335617065,1107.4368691444397,completed
1829.957495,40,87.564354,1.0,True,40,0,0,1141.2462887763977,1581.4232273101807,16.63411476612091,1141.2462887763977,completed
1572.281,40,87.617577,1.0,True,40,0,0,1234.7087016105652,1759.840413093567,17.638366556167604,1234.7087016105652,completed
2443.662105,40,87.670694,1.0,True,40,0,0,1097.3739862442017,1468.5874328613281,12.718341588973999,1097.3739862442017,completed
1473.97927,40,87.72358,1.0,True,40,0,0,1134.169097661972,1655.6715340614319,21.05350730419159,1134.169097661972,completed
3409.028376,40,87.776892,1.0,True,40,0,0,1013.922835111618,1267.517337322235,4.66686065196991,1013.922835111618,completed
2049.848818,40,87.829495,1.0,True,40,0,0,1190.9390149116516,1584.1913433074951,15.037216186523438,1190.9390149116516,completed
3563.64911,40,87.882272,1.0,True,40,0,0,917.6650537252426,1123.7497799396515,4.807838749885559,917.6650537252426,completed
3268.488769,40,87.936568,1.0,True,40,0,0,900.212818145752,1215.3585996627808,7.368613505363465,900.212818145752,completed
3633.679573,40,87.991649,1.0,True,40,0,0,921.1069110631943,1299.0139787197113,3.3717612981796266,921.1069110631943,completed
2051.336923,40,88.045457,1.0,True,40,0,0,1070.8692173361778,1562.6443880796432,16.215408992767333,1070.8692173361778,completed
2424.793231,40,88.098527,1.0,True,40,0,0,1044.3678724765778,1427.6002430915833,13.60282222032547,1044.3678724765778,completed
3443.749575,40,88.151361,1.0,True,40,0,0,876.4276783466339,1297.9703917503357,5.157829833030701,876.4276783466339,completed
3653.370277,40,88.203431,1.0,True,40,0,0,900.068124294281,1122.341591835022,4.775163722038269,900.068124294281,completed
2584.334933,40,88.258008,1.0,True,40,0,0,1021.2852821350098,1404.3565680980682,12.413770914077759,1021.2852821350098,completed
2578.398368,40,88.316615,1.0,True,40,0,0,1051.1002476215363,1389.0089116096497,12.162896013259887,1051.1002476215363,completed
1933.782721,40,88.370986,1.0,True,40,0,0,1110.908609867096,1675.8995275497437,15.827282905578613,1110.908609867096,completed
1999.301298,40,88.423728,1.0,True,40,0,0,1197.2169787883759,1646.8973574638367,13.822267770767212,1197.2169787883759,completed
2306.071898,40,88.47723,1.0,True,40,0,0,1066.6341037750244,1486.280673980713,14.42548623085022,1066.6341037750244,completed
2633.289544,40,88.543342,1.0,True,40,0,0,1006.4488073587418,1367.6321136951447,12.418073081970215,1006.4488073587418,completed
2425.814035,40,88.598307,1.0,True,40,0,0,1112.9984283447266,1485.6659264564514,12.58942985534668,1112.9984283447266,completed
3298.063697,40,88.65179,1.0,True,40,0,0,990.632842540741,1210.4821872711182,6.700327396392822,990.632842540741,completed
3325.018977,40,88.704303,1.0,True,40,0,0,918.7382564544678,1213.2856798171997,6.2390477657318115,918.7382564544678,completed
3296.763627,40,88.759575,1.0,True,40,0,0,1051.8398571014404,1435.1155409812927,4.106317043304443,1051.8398571014404,completed
3147.54561,40,88.817353,1.0,True,40,0,0,961.2585182189941,1421.0031433105469,6.532447767257691,961.2585182189941,completed
1581.632635,40,88.87203,1.0,True,40,0,0,1350.6474795341492,1839.5050387382507,16.494041681289673,1350.6474795341492,completed
3637.900793,40,88.924632,1.0,True,40,0,0,857.169097661972,1033.0251321792603,5.580876290798187,857.169097661972,completed
1242.873148,40,88.977341,1.0,True,40,0,0,1437.5755023956299,1844.6577625274658,18.755725145339966,1437.5755023956299,completed
612.480026,40,89.030914,1.0,True,40,0,0,1327.365104675293,2051.9712648391724,24.299156498908996,1327.365104675293,completed
3216.364759,40,89.083708,1.0,True,40,0,0,978.6746475696564,1411.8081231117249,5.668018960952759,978.6746475696564,completed
3159.085593,40,89.136116,1.0,True,40,0,0,1018.4626453518867,1397.2810198068619,5.660346221923828,1018.4626453518867,completed
3918.758017,40,89.187381,1.0,True,40,0,0,837.6350564956665,932.9385528564453,4.530356764793396,837.6350564956665,completed
3420.126402,40,89.244281,1.0,True,40,0,0,983.068735614419,1248.0303888618946,5.6524866104125975,983.068735614419,completed
1978.077343,40,89.299737,1.0,True,40,0,0,1093.3757996559143,1561.5079307556152,16.040480661392213,1093.3757996559143,completed
2116.410596,40,89.355427,1.0,True,40,0,0,1178.5087084770203,1520.200114250183,15.490800666809083,1178.5087084770203,completed
2509.702222,40,89.407793,1.0,True,40,0,0,1013.2734879553318,1377.3161719441414,13.466073703765868,1013.2734879553318,completed
3388.363039,40,89.460939,1.0,True,40,0,0,872.3192479610443,1196.286542415619,7.591627693176269,872.3192479610443,completed
3340.351402,40,89.514951,1.0,True,40,0,0,874.0971641540527,1186.748791694641,7.059582853317261,874.0971641540527,completed
3337.798988,40,89.576667,1.0,True,40,0,0,918.9522857666016,1236.9418849945068,7.002419590950012,918.9522857666016,completed
2609.408974,40,89.633623,1.0,True,40,0,0,938.5992043018341,1356.5838227272034,13.06486623287201,938.5992043018341,completed
2983.235767,40,89.686919,1.0,True,40,0,0,899.8753700256348,1250.3732147216797,10.45535593032837,899.8753700256348,completed
2522.126966,40,89.739311,1.0,True,40,0,0,1035.8108509778976,1411.9573304653168,12.665418243408203,1035.8108509778976,completed
2348.152692,40,89.793078,1.0,True,40,0,0,1020.7169413566589,1453.6097946166992,14.693079614639283,1020.7169413566589,completed
2821.337844,40,89.845378,1.0,True,40,0,0,1037.7818412780762,1388.71781539917,9.855043172836304,1037.7818412780762,completed
2107.188302,40,89.897897,1.0,True,40,0,0,1223.9413142204285,1715.3113679885864,12.270055055618286,1223.9413142204285,completed
2840.919054,40,89.956846,1.0,True,40,0,0,915.8027584552765,1336.2301182746887,10.934327006340027,915.8027584552765,completed
3276.826253,40,90.01874,1.0,True,40,0,0,898.7844462394714,1136.7833061218262,8.980518031120301,898.7844462394714,completed
1740.928294,40,90.071064,1.0,True,40,0,0,1167.8800035119057,1545.0317445993423,18.67260980606079,1167.8800035119057,completed
1769.278424,40,91.309605,1.0,True,40,0,0,1213.5171747207642,1716.877944946289,16.238069152832033,1213.5171747207642,completed
2534.510133,40,91.361961,1.0,True,40,0,0,1144.1766052246094,1767.224983215332,7.750455284118653,1144.1766052246094,completed
3910.025646,40,91.414335,1.0,True,40,0,0,844.8473811149597,1062.5901775360107,3.427709126472473,844.8473811149597,completed
2802.790987,40,91.465824,1.0,True,40,0,0,1087.6798114776611,1501.8542366027832,7.844518327713013,1087.6798114776611,completed
1984.51157,40,91.518196,1.0,True,40,0,0,1120.8021030426025,1592.0442447662354,16.584481239318848,1120.8021030426025,completed
2237.820282,40,91.570681,1.0,True,40,0,0,1050.6533360481262,1482.771294593811,15.446741151809693,1050.6533360481262,completed
2828.938669,40,91.62273,1.0,True,40,0,0,885.352041721344,1254.1085023880005,11.8166344165802,885.352041721344,completed
2234.128094,40,91.674458,1.0,True,40,0,0,1160.5289664268494,1682.6236591339111,12.545856261253357,1160.5289664268494,completed
3243.643264,40,91.727103,1.0,True,40,0,0,935.0102546215057,1252.7329127788544,7.52930474281311,935.0102546215057,completed
4046.120667,40,91.783346,1.0,True,40,0,0,772.7702929973602,1019.6107811927795,2.85806622505188,772.7702929973602,completed
4119.324503,40,91.834804,1.0,True,40,0,0,755.2693049907684,912.3641571998596,3.54891676902771,755.2693049907684,completed
1565.748168,40,91.886556,1.0,True,40,0,0,1030.5545208454132,1614.5426578521729,19.999027442932128,1030.5545208454132,completed
2524.289767,40,91.938481,1.0,True,40,0,0,1108.5232075452805,1417.559825181961,12.953506255149842,1108.5232075452805,completed
2141.195103,40,91.992136,1.0,True,40,0,0,1021.9069290161133,1566.859317779541,15.40144362449646,1021.9069290161133,completed
3279.553159,40,92.044761,1.0,True,40,0,0,918.4956436157227,1223.76549243927,7.602592658996582,918.4956436157227,completed
2927.167204,40,92.096855,1.0,True,40,0,0,981.2322015762329,1339.0805988311768,9.638810205459595,981.2322015762329,completed
3187.080696,40,92.148771,1.0,True,40,0,0,991.0703711509705,1174.2743587493896,8.26969108581543,991.0703711509705,completed
728.144584,40,92.200657,1.0,True,40,0,0,1294.1110837459564,2125.6459860801697,22.402227258682252,1294.1110837459564,completed
2251.46497,40,92.254024,1.0,True,40,0,0,1198.905350446701,1658.2409300804138,10.81408495903015,1198.905350446701,completed
2822.882594,40,92.307146,1.0,True,40,0,0,956.7954095602036,1341.4571092128754,11.092966747283935,956.7954095602036,completed
2872.853115,40,92.359835,1.0,True,40,0,0,922.081346154213,1224.5442025661469,12.023743176460266,922.081346154213,completed
2665.55567,40,92.412271,1.0,True,40,0,0,1107.7264866828918,1529.7524614334106,9.026009130477906,1107.7264866828918,completed
2363.833629,40,92.465086,1.0,True,40,0,0,1016.106716632843,1469.854434967041,14.308280777931213,1016.106716632843,completed
2962.037119,40,92.523004,1.0,True,40,0,0,970.4948399066925,1445.6044631004333,7.193763351440429,970.4948399066925,completed
2808.572118,40,92.575928,1.0,True,40,0,0,918.4211869239807,1330.5098876953125,11.710178661346436,918.4211869239807,completed
1523.253535,40,92.628826,1.0,True,40,0,0,1150.22798371315,1869.9185509681702,17.683740854263306,1150.22798371315,completed
2970.212566,40,92.680994,1.0,True,40,0,0,939.6361150741577,1372.9262065887451,8.322336721420289,939.6361150741577,completed
3436.656228,40,92.732518,1.0,True,40,0,0,788.3681228160858,1073.3340048789978,8.37069365978241,788.3681228160858,completed
2415.590166,40,92.785083,1.0,True,40,0,0,1039.7947263717651,1376.1680507659912,14.146851778030396,1039.7947263717651,completed
3990.684633,40,92.836995,1.0,True,40,0,0,737.4408067464828,941.4544103145599,3.6406378984451293,737.4408067464828,completed
2300.110738,40,92.889118,1.0,True,40,0,0,1055.9263662695885,1491.1614331007004,13.263198328018188,1055.9263662695885,completed
2338.95356,40,92.941084,1.0,True,40,0,0,1121.987119436264,1630.247027873993,11.932280468940736,1121.987119436264,completed
3173.718926,40,92.992645,1.0,True,40,0,0,997.9779281616211,1247.1727359294891,7.695053839683533,997.9779281616211,completed
843.225852,40,93.044608,1.0,True,40,0,0,1282.1431555747986,1980.971508026123,23.355244946479797,1282.1431555747986,completed
4408.833386,40,93.095792,1.0,True,40,0,0,741.8478970527649,843.3948550224304,0.6665441870689393,741.8478970527649,completed
2760.612824,40,93.147492,1.0,True,40,0,0,1156.2654073238373,1785.6128783226013,4.893172073364258,1156.2654073238373,completed
2250.684778,40,93.199298,1.0,True,40,0,0,1041.5245451927185,1537.6335401535034,14.287545013427735,1041.5245451927185,completed
1676.6124,40,93.251025,1.0,True,40,0,0,1024.8101379871368,1578.2366795539856,19.155514621734618,1024.8101379871368,completed
2237.315538,40,93.302541,1.0,True,40,0,0,1066.8810468912125,1710.1560337543488,11.579802465438842,1066.8810468912125,completed
1104.315172,40,93.354942,1.0,True,40,0,0,1221.1945097446442,1778.3538031578064,23.02223672866821,1221.1945097446442,completed
1412.11554,40,93.406751,1.0,True,40,0,0,1230.7807614803314,1708.093713760376,20.068911480903626,1230.7807614803314,completed
3669.698724,40,93.458599,1.0,True,40,0,0,848.2169516086578,1138.5198006629944,5.3624915599823,848.2169516086578,completed
3111.048481,40,93.509716,1.0,True,40,0,0,948.4637494087219,1211.8519287109375,9.64795184135437,948.4637494087219,completed
1456.922026,40,93.578497,1.0,True,40,0,0,1227.4631662368774,1829.3157539367676,17.554409313201905,1227.4631662368774,completed
3056.738763,40,93.631533,1.0,True,40,0,0,853.5823607444763,1186.9557085037231,10.755756759643555,853.5823607444763,completed
1760.731704,40,93.700183,1.0,True,40,0,0,1196.578765153885,1716.6331651210785,16.475306940078735,1196.578765153885,completed
2870.770186,40,93.756966,1.0,True,40,0,0,1044.0483140945435,1436.6329107284546,8.218807792663574,1044.0483140945435,completed
3227.821404,40,93.813106,1.0,True,40,0,0,1011.7999148368835,1273.7672138214111,6.549433898925781,1011.7999148368835,completed
2503.970817,40,93.865866,1.0,True,40,0,0,978.1461088657379,1434.1604475975037,13.019562816619873,978.1461088657379,completed
1844.492174,40,93.918052,1.0,True,40,0,0,984.1496636867523,1525.1621913909912,19.341745209693908,984.1496636867523,completed
2705.85924,40,93.970071,1.0,True,40,0,0,1044.2807939052582,1583.2339572906494,9.512686634063721,1044.2807939052582,completed
2795.132719,40,95.211842,1.0,True,40,0,0,1026.6425700187683,1441.7557649612427,9.224379968643188,1026.6425700187683,completed
2878.227332,40,95.264067,1.0,True,40,0,0,1071.8973789215088,1522.191083908081,7.052800607681275,1071.8973789215088,completed
4377.904803,40,95.316493,1.0,True,40,0,0,729.1013777256012,833.9738440513611,2.215789270401001,729.1013777256012,completed
2109.731519,40,95.368262,1.0,True,40,0,0,1157.4414558410645,1639.4155826568604,13.468080830574035,1157.4414558410645,completed
2144.895874,40,95.419983,1.0,True,40,0,0,1040.5625884532928,1589.7585835456848,14.275401639938355,1040.5625884532928,completed
2731.65711,40,95.471793,1.0,True,40,0,0,1095.3905856609344,1400.325269460678,10.384384274482727,1095.3905856609344,completed
3290.251736,40,95.524111,1.0,True,40,0,0,1031.7115349769592,1243.917543888092,6.655150556564331,1031.7115349769592,completed
1173.819028,40,95.576305,1.0,True,40,0,0,1357.648118019104,1736.424328804016,21.081566739082337,1357.648118019104,completed
2774.104616,40,95.627849,1.0,True,40,0,0,1015.7641017436981,1364.558739900589,10.317778867483138,1015.7641017436981,completed
3865.32685,40,95.679696,1.0,True,40,0,0,855.8579144477844,989.7136526107788,4.280917298793793,855.8579144477844,completed
4231.755657,40,95.731583,1.0,True,40,0,0,793.3625600337982,882.7810673713684,2.5770954132080077,793.3625600337982,completed
3003.189212,40,95.783362,1.0,True,40,0,0,1043.3287825584412,1336.8627562522888,8.253306078910828,1043.3287825584412,completed
3681.342892,40,95.835151,1.0,True,40,0,0,882.5752067565918,1203.1294112205505,3.7583703994750977,882.5752067565918,completed
2651.41225,40,95.887237,1.0,True,40,0,0,1111.2699191570282,1462.2502207756042,9.791881942749024,1111.2699191570282,completed
3613.687917,40,95.939005,1.0,True,40,0,0,911.272931098938,1053.5383954048157,6.4457011222839355,911.272931098938,completed
2302.976284,40,95.991805,1.0,True,40,0,0,1052.2542271614075,1547.5986890792847,13.103907775878906,1052.2542271614075,completed
2830.88078,40,96.043841,1.0,True,40,0,0,957.975976228714,1304.8239002227783,10.550341796875,957.975976228714,completed
2489.346993,40,96.097164,1.0,True,40,0,0,1121.2697520256042,1591.1494002342224,10.28283519744873,1121.2697520256042,completed
3543.778725,40,96.14852,1.0,True,40,0,0,865.537190079689,1081.2247440814972,7.281896781921387,865.537190079689,completed
2886.704464,40,96.200538,1.0,True,40,0,0,1050.4063649177551,1309.592577457428,10.031248521804809,1050.4063649177551,completed
2468.426072,40,96.256336,1.0,True,40,0,0,1100.6636862754822,1420.5392804145813,13.357281351089478,1100.6636862754822,completed
2459.769214,40,96.30887,1.0,True,40,0,0,1021.7633986473083,1395.2444162368774,13.155048608779907,1021.7633986473083,completed
3266.371127,40,96.361689,1.0,True,40,0,0,770.3894271850586,1063.5514702796936,10.143607497215271,770.3894271850586,completed
3659.275729,40,96.413564,1.0,True,40,0,0,917.1957364082336,1163.1959142684937,4.323641538619995,917.1957364082336,completed
4039.309491,40,96.46532,1.0,True,40,0,0,807.5744819641113,998.1201753616333,2.6651703357696532,807.5744819641113,completed
3483.893396,40,96.517045,1.0,True,40,0,0,893.3962919712067,1117.4369707107544,6.07360200881958,893.3962919712067,completed
2542.276993,40,96.569299,1.0,True,40,0,0,959.0188541412354,1371.0283012390137,13.55225703716278,959.0188541412354,completed
3313.112616,40,96.622081,1.0,True,40,0,0,975.5712294578552,1244.0101652145386,7.1016683101654055,975.5712294578552,completed
2598.06077,40,96.673945,1.0,True,40,0,0,1044.0894379615784,1475.0137901306152,10.474629974365234,1044.0894379615784,completed
2422.554159,40,96.725977,1.0,True,40,0,0,1015.1379172801971,1504.0471272468567,11.861390638351441,1015.1379172801971,completed
2809.419326,40,96.777852,1.0,True,40,0,0,1011.6865648031235,1478.5283229351044,9.902344751358033,1011.6865648031235,completed
2759.104988,40,96.830148,1.0,True,40,0,0,1021.9888896942139,1369.3905453681946,11.329650974273681,1021.9888896942139,completed
2517.340171,40,96.882125,1.0,True,40,0,0,1033.8522925376892,1368.5490083694458,12.399306797981263,1033.8522925376892,completed
2141.776472,40,96.933869,1.0,True,40,0,0,1016.6071944236755,1481.9244375228882,16.28927912712097,1016.6071944236755,completed
3447.198732,40,96.986307,1.0,True,40,0,0,972.7649264335632,1161.1932725906372,5.960371398925782,972.7649264335632,completed
2071.540786,40,97.038245,1.0,True,40,0,0,1195.600122332573,1689.8825852870941,12.96535371541977,1195.600122332573,completed
2994.510254,40,97.090056,1.0,True,40,0,0,947.3548533916473,1349.8374648094177,8.90319528579712,947.3548533916473,completed
3804.196926,40,97.142504,1.0,True,40,0,0,849.3310630321503,1019.7402229309082,4.993627381324768,849.3310630321503,completed
871.101814,40,97.194347,1.0,True,40,0,0,1249.374870300293,1853.2891550064087,24.383189916610718,1249.374870300293,completed
2887.220472,40,97.246521,1.0,True,40,0,0,1147.78435754776,1533.5801277160645,7.464634656906128,1147.78435754776,completed
1260.967903,40,97.298095,1.0,True,40,0,0,1256.201994895935,1852.9407243728638,20.088451290130614,1256.201994895935,completed
3383.445987,40,97.356323,1.0,True,40,0,0,850.8117933273315,1151.6029624938965,7.491295981407165,850.8117933273315,completed
3188.477185,40,97.408741,1.0,True,40,0,0,933.8989312648773,1192.1920008659363,8.122153186798096,933.8989312648773,completed
3080.499321,40,97.460454,1.0,True,40,0,0,869.8991507291794,1196.5984580516815,11.141286063194276,869.8991507291794,completed
2310.657074,40,97.516438,1.0,True,40,0,0,1090.1550337076187,1541.2246124744415,12.811285400390625,1090.1550337076187,completed
3912.053288,40,97.574844,1.0,True,40,0,0,880.6376509666443,1035.681058883667,3.5039369583129885,880.6376509666443,completed
3769.798238,40,97.627398,1.0,True,40,0,0,779.8509624004364,1010.3329405784607,5.761561870574951,779.8509624004364,completed
2514.792314,40,97.679307,1.0,True,40,0,0,1068.0092742443085,1579.4190332889557,11.150514805316925,1068.0092742443085,completed
2018.233107,40,97.730759,1.0,True,40,0,0,1130.430914759636,1551.750869512558,16.33227984905243,1130.430914759636,completed
3093.969722,40,97.7827,1.0,True,40,0,0,989.8955125808716,1164.288083076477,9.892200994491578,989.8955125808716,completed
2603.679078,40,97.834697,1.0,True,40,0,0,1016.6704783439636,1492.282748222351,10.685095143318176,1016.6704783439636,completed
3219.244208,40,99.087119,1.0,True,40,0,0,908.3409082889557,1191.7603058815002,8.872686386108398,908.3409082889557,completed
-203.028703,40,99.138885,1.0,True,40,0,0,1501.1746361255646,2105.417968273163,31.51705195903778,1501.1746361255646,completed
1891.826357,40,99.190607,1.0,True,40,0,0,1170.9509582519531,1595.3529920578003,15.758934712409973,1170.9509582519531,completed
3755.488254,40,99.241704,1.0,True,40,0,0,859.6247673034668,1031.9021434783936,5.045556592941284,859.6247673034668,completed
3774.034154,40,99.292863,1.0,True,40,0,0,785.4423396587372,981.1791853904724,5.4425417304039,785.4423396587372,completed
3641.19313,40,99.344149,1.0,True,40,0,0,856.7656140327454,1107.9782037734985,5.449643468856811,856.7656140327454,completed
3953.888138,40,99.394925,1.0,True,40,0,0,865.705445766449,1026.3801536560059,2.908380317687988,865.705445766449,completed
3127.797025,40,99.445868,1.0,True,40,0,0,939.1047654151917,1297.4799671173096,7.081401896476746,939.1047654151917,completed
3211.98495,40,99.496946,1.0,True,40,0,0,981.9759819507599,1317.1301653385162,6.999828481674195,981.9759819507599,completed
2401.716305,40,99.54754,1.0,True,40,0,0,1066.6691541671753,1561.4440021514893,12.196172499656678,1066.6691541671753,completed
1859.87468,40,99.599738,1.0,True,40,0,0,1096.611804008484,1690.4460563659668,15.40834469795227,1096.611804008484,completed
2573.501327,40,99.650725,1.0,True,40,0,0,889.0117769241333,1320.3004932403564,13.759513306617738,889.0117769241333,completed
3098.252056,40,99.701674,1.0,True,40,0,0,910.8669290542603,1273.506576538086,8.929631900787353,910.8669290542603,completed
3129.424176,40,99.752444,1.0,True,40,0,0,924.5891194343567,1256.802212715149,8.666748976707458,924.5891194343567,completed
3660.979616,40,99.803476,1.0,True,40,0,0,952.6837817430496,1122.519391298294,4.595484805107117,952.6837817430496,completed
2815.772982,40,99.85465,1.0,True,40,0,0,1143.2891907691956,1350.094515323639,9.664369213581086,1143.2891907691956,completed
3803.91203,40,99.905793,1.0,True,40,0,0,914.2173330783844,1012.5103001594543,4.609952998161316,914.2173330783844,completed
2653.477731,40,99.960509,1.0,True,40,0,0,1099.260552585125,1373.853302359581,11.384091305732728,1099.260552585125,completed
2412.437029,40,100.012459,1.0,True,40,0,0,1199.4893250465393,1694.3788380622864,9.863158178329467,1199.4893250465393,completed
2389.732605,40,100.064036,1.0,True,40,0,0,1100.2605605125427,1594.533106803894,11.951558017730713,1100.2605605125427,completed
2472.150937,40,100.115294,1.0,True,40,0,0,1139.1255316734314,1626.4861788749695,9.565486836433411,1139.1255316734314,completed
2041.533036,40,100.167265,1.0,True,40,0,0,1083.1584315299988,1496.5564556121826,16.52949755191803,1083.1584315299988,completed
2318.542893,40,100.219049,1.0,True,40,0,0,1002.8290882110596,1485.0435905456543,14.76514630317688,1002.8290882110596,completed
3681.179907,40,100.270393,1.0,True,40,0,0,876.3955924510956,1038.6389465332031,5.130998706817627,876.3955924510956,completed
3172.20395,40,100.321473,1.0,True,40,0,0,992.2810587882996,1255.867039680481,8.262170886993408,992.2810587882996,completed
2136.032129,40,100.372453,1.0,True,40,0,0,1105.0770380496979,1587.280466556549,14.248914182186127,1105.0770380496979,completed
2852.453627,40,100.423682,1.0,True,40,0,0,912.9576091766357,1338.826515197754,11.088283014297485,912.9576091766357,completed
3232.153188,40,100.474473,1.0,True,40,0,0,1051.3036880493164,1192.9325637817383,7.622984743118286,1051.3036880493164,completed
3474.063589,40,100.525253,1.0,True,40,0,0,1003.8013436794281,1123.81516122818,6.843236589431763,1003.8013436794281,completed
2722.785759,40,100.575933,1.0,True,40,0,0,987.6332557201385,1388.807770729065,11.149321746826171,987.6332557201385,completed
3238.002746,40,100.626807,1.0,True,40,0,0,919.6182181835175,1246.8266892433167,7.171462059020996,919.6182181835175,completed
2885.157404,40,100.677523,1.0,True,40,0,0,959.3068375587463,1248.2487745285034,10.952310514450073,959.3068375587463,completed
3459.990498,40,100.728729,1.0,True,40,0,0,943.5119128227234,1145.1278162002563,6.865771961212158,943.5119128227234,completed
3279.709297,40,100.779584,1.0,True,40,0,0,980.9321143627167,1196.4741973876953,7.820122718811035,980.9321143627167,completed
1510.294354,40,100.830868,1.0,True,40,0,0,1230.9929891824722,1785.2476646900177,17.779217767715455,1230.9929891824722,completed
3383.054058,40,100.881466,1.0,True,40,0,0,894.6077690124512,1105.5980048179626,7.487793445587158,894.6077690124512,completed
2937.394861,40,100.932272,1.0,True,40,0,0,892.7155337333679,1319.9742579460144,9.812551689147949,892.7155337333679,completed
1476.690099,40,100.983375,1.0,True,40,0,0,1202.126537322998,1702.79896068573,19.86193902492523,1202.126537322998,completed
1980.549705,40,101.034055,1.0,True,40,0,0,1132.2485361099243,1451.4772834777832,16.91845202445984,1132.2485361099243,completed
3514.232654,40,101.08558,1.0,True,40,0,0,801.3262095451355,1059.0545320510864,7.500145435333252,801.3262095451355,completed
3691.393495,40,101.136979,1.0,True,40,0,0,762.8810708522797,1005.2713723182678,6.000991916656494,762.8810708522797,completed
3300.084119,40,101.188013,1.0,True,40,0,0,946.8435459136963,1210.8913946151733,6.68536524772644,946.8435459136963,completed
3306.295876,40,101.238392,1.0,True,40,0,0,885.3583264350891,1093.7820382118225,8.679111075401305,885.3583264350891,completed
2026.510702,40,101.289412,1.0,True,40,0,0,1112.201370716095,1627.0829057693481,15.017215991020203,1112.201370716095,completed
2570.819652,40,101.340507,1.0,True,40,0,0,1142.4688246250153,1444.3232820034027,11.749293041229247,1142.4688246250153,completed
3039.837996,40,101.392422,1.0,True,40,0,0,918.3975520133972,1284.99307346344,9.132888650894165,918.3975520133972,completed
4120.742672,40,101.443407,1.0,True,40,0,0,754.696626663208,931.7728853225708,2.956114721298218,754.696626663208,completed
3182.211262,40,101.495021,1.0,True,40,0,0,956.2738832235336,1299.0733802318573,8.12554612159729,956.2738832235336,completed
2897.386187,40,101.546329,1.0,True,40,0,0,1021.5586431026459,1308.5693945884705,10.128153657913208,1021.5586431026459,completed
2782.611741,40,101.596982,1.0,True,40,0,0,959.850248336792,1398.3687858581543,11.103405570983886,959.850248336792,completed
3242.509709,40,101.647806,1.0,True,40,0,0,965.9491124153137,1300.7379097938538,7.588864040374756,965.9491124153137,completed
3565.518137,40,102.908945,1.0,True,40,0,0,923.9136712551117,1106.2263045310974,5.291059064865112,923.9136712551117,completed
3326.025817,40,102.961143,1.0,True,40,0,0,887.8315925598145,1289.450574874878,7.598494935035705,887.8315925598145,completed
2188.525244,40,103.01235,1.0,True,40,0,0,1179.6298789978027,1488.422610282898,14.392899465560912,1179.6298789978027,completed
2392.398951,40,103.063871,1.0,True,40,0,0,1019.2217688560486,1550.0504083633423,12.200156736373902,1019.2217688560486,completed
2410.546486,40,103.114803,1.0,True,40,0,0,1056.1152822971344,1350.1138105392456,13.50823941230774,1056.1152822971344,completed
3416.701713,40,103.166081,1.0,True,40,0,0,832.2313327789307,1123.5027484893799,7.913830804824829,832.2313327789307,completed
3407.794396,40,103.217112,1.0,True,40,0,0,901.0222717523575,1165.832060098648,6.927212190628052,901.0222717523575,completed
3459.531241,40,103.268264,1.0,True,40,0,0,996.073117852211,1272.2779514789581,4.7289892673492435,996.073117852211,completed
1562.826406,40,103.319681,1.0,True,40,0,0,1196.1985712051392,1845.3078708648682,17.495197415351868,1196.1985712051392,completed
2428.63169,40,103.371057,1.0,True,40,0,0,1139.6072797775269,1498.672526359558,12.488302040100098,1139.6072797775269,completed
911.467081,40,103.423679,1.0,True,40,0,0,1208.9340476989746,1758.0372009277344,24.554144620895386,1208.9340476989746,completed
2315.028601,40,103.475071,1.0,True,40,0,0,1065.1705978512764,1496.1761432886124,14.188441038131714,1065.1705978512764,completed
1988.050612,40,103.525895,1.0,True,40,0,0,1109.2263083457947,1504.0057768821716,17.212590599060057,1109.2263083457947,completed
2074.194487,40,103.576693,1.0,True,40,0,0,1226.7626152038574,1728.973973274231,12.785957169532775,1226.7626152038574,completed
3384.051578,40,103.631256,1.0,True,40,0,0,911.6172511577606,1227.2290406227112,6.925326585769653,911.6172511577606,completed
3612.016351,40,103.682808,1.0,True,40,0,0,837.0636656284332,1014.1106405258179,7.5652968168258665,837.0636656284332,completed
2233.78409,40,103.733814,1.0,True,40,0,0,1156.981035232544,1463.1299018859863,14.657304954528808,1156.981035232544,completed
2811.312545,40,103.784918,1.0,True,40,0,0,958.6291456222534,1428.865161895752,9.709478616714478,958.6291456222534,completed
3417.135067,40,103.835818,1.0,True,40,0,0,889.2702059745789,1198.070387840271,6.767817282676697,889.2702059745789,completed
1432.718542,40,103.88685,1.0,True,40,0,0,1241.5682127475739,1881.345350265503,16.72325806617737,1241.5682127475739,completed
3667.251251,40,103.939203,1.0,True,40,0,0,919.0675179958344,1128.6155037879944,4.997889804840088,919.0675179958344,completed
3407.969625,40,103.990528,1.0,True,40,0,0,928.7724429368973,1137.5178363323212,7.1062161207199095,928.7724429368973,completed
3353.527846,40,104.041696,1.0,True,40,0,0,889.1040451526642,1146.2540535926819,7.6516283512115475,889.1040451526642,completed
2596.597378,40,104.092853,1.0,True,40,0,0,1021.0917549133301,1496.3064823150635,10.0601304769516,1021.0917549133301,completed
3162.752739,40,104.144747,1.0,True,40,0,0,936.2634863853455,1146.9056959152222,9.673661291599274,936.2634863853455,completed
2245.7722,40,104.196162,1.0,True,40,0,0,1074.4861171245575,1500.6497282981873,13.985267853736877,1074.4861171245575,completed
1910.387606,40,104.24824,1.0,True,40,0,0,1201.1801681518555,1660.4509992599487,15.030102419853211,1201.1801681518555,completed
1065.271503,40,104.299378,1.0,True,40,0,0,1170.0088133215904,1751.8424328565598,23.946206665039064,1170.0088133215904,completed
2649.92074,40,104.3504,1.0,True,40,0,0,1044.8211755752563,1501.5647773742676,10.08081624507904,1044.8211755752563,completed
2553.15034,40,104.402989,1.0,True,40,0,0,1177.6571068763733,1472.7862739562988,11.002381181716919,1177.6571068763733,completed
2972.569335,40,104.453797,1.0,True,40,0,0,940.3465158939362,1218.0352606773376,11.354799604415893,940.3465158939362,completed
3030.101628,40,104.504938,1.0,True,40,0,0,910.174384355545,1202.5031476020813,10.450503492355347,910.174384355545,completed
2080.664964,40,104.557343,1.0,True,40,0,0,1122.4618036150932,1667.0824340581894,14.338340950012206,1122.4618036150932,completed
3700.15846,40,104.608595,1.0,True,40,0,0,861.874968290329,1123.4543566703796,4.461459589004517,861.874968290329,completed
2697.127672,40,104.660742,1.0,True,40,0,0,1072.924232006073,1363.486916065216,11.17852725982666,1072.924232006073,completed
3484.5333,40,104.71194,1.0,True,40,0,0,992.6129760742188,1382.007137298584,3.2461382865905763,992.6129760742188,completed
2773.259638,40,104.763085,1.0,True,40,0,0,978.8211374282837,1319.6646690368652,11.84770679473877,978.8211374282837,completed
2610.022515,40,104.814031,1.0,True,40,0,0,1130.088150024414,1538.1691291332245,10.374231910705566,1130.088150024414,completed
1946.983663,40,104.864525,1.0,True,40,0,0,1060.778663635254,1613.1541213989258,15.338495063781739,1060.778663635254,completed
2540.959657,40,104.915457,1.0,True,40,0,0,1066.079822063446,1337.5867233276367,13.538088178634643,1066.079822063446,completed
2735.564497,40,104.966615,1.0,True,40,0,0,1061.1527037620544,1415.6716079711914,10.381313896179199,1061.1527037620544,completed
2434.413527,40,105.018118,1.0,True,40,0,0,1031.0239927768707,1415.2232613563538,13.4403311252594,1031.0239927768707,completed
3258.942156,40,105.071041,1.0,True,40,0,0,930.0927386283875,1100.1844682693481,9.1599910736084,930.0927386283875,completed
2854.32975,40,105.123345,1.0,True,40,0,0,1079.6215705871582,1341.4936628341675,9.778178477287293,1079.6215705871582,completed
2452.20113,40,105.174772,1.0,True,40,0,0,1114.2285494804382,1663.9057216644287,10.1120680809021,1114.2285494804382,completed
2676.342415,40,105.225429,1.0,True,40,0,0,960.7347732782364,1348.4055607318878,13.112132549285889,960.7347732782364,completed
2984.094929,40,105.276643,1.0,True,40,0,0,947.4628366827965,1259.7321881055832,10.58402452468872,947.4628366827965,completed
1426.05877,40,105.327573,1.0,True,40,0,0,1197.5171633958817,1849.771736383438,18.82102527618408,1197.5171633958817,completed
3228.70752,40,105.379812,1.0,True,40,0,0,1026.8274054527283,1496.5686135292053,4.924632024765015,1026.8274054527283,completed
1534.679431,40,105.430874,1.0,True,40,0,0,1275.893741607666,1822.299199104309,17.253190064430235,1275.893741607666,completed
2672.721079,40,105.481716,1.0,True,40,0,0,1078.5950837135315,1436.3715314865112,11.063914823532105,1078.5950837135315,completed
2932.091304,40,105.532556,1.0,True,40,0,0,1138.5372512340546,1682.2298092842102,4.929169440269471,1138.5372512340546,completed
2998.029646,40,106.790206,1.0,True,40,0,0,994.5263204574585,1293.2169027328491,9.908949613571167,994.5263204574585,completed
3090.333148,40,106.841631,1.0,True,40,0,0,1000.2367587089539,1313.0970287322998,8.126475811004639,1000.2367587089539,completed
4024.249107,40,106.893156,1.0,True,40,0,0,851.7455024719238,997.0886068344116,2.848826551437378,851.7455024719238,completed
3116.895807,40,106.944223,1.0,True,40,0,0,948.649540066719,1236.4057157039642,8.610852265357972,948.649540066719,completed
3012.185862,40,106.995077,1.0,True,40,0,0,1016.6549911499023,1284.5041236877441,8.748332595825195,1016.6549911499023,completed
3353.858898,40,107.046153,1.0,True,40,0,0,889.3524799346924,1226.3846006393433,6.856331920623779,889.3524799346924,completed
3849.716476,40,107.096995,1.0,True,40,0,0,853.4182488918304,1062.3510642051697,4.120580053329467,853.4182488918304,completed
3060.534526,40,107.148634,1.0,True,40,0,0,967.3462114334106,1355.9068994522095,8.782001972198486,967.3462114334106,completed
3277.410329,40,107.199892,1.0,True,40,0,0,1044.9686224460602,1404.0981984138489,4.826255989074707,1044.9686224460602,completed
3591.272869,40,107.251101,1.0,True,40,0,0,855.6448740959167,1135.3884944915771,6.330160784721374,855.6448740959167,completed
2083.260948,40,107.302308,1.0,True,40,0,0,1164.8228859901428,1857.2733368873596,11.998058128356934,1164.8228859901428,completed
2590.194647,40,107.353284,1.0,True,40,0,0,1125.9284369945526,1544.4903059005737,9.941361927986145,1125.9284369945526,completed
2246.655487,40,107.405493,1.0,True,40,0,0,1108.8638010025024,1617.2546548843384,12.738076400756835,1108.8638010025024,completed
3983.835447,40,107.456514,1.0,True,40,0,0,804.336808025837,970.8320571184158,4.07059006690979,804.336808025837,completed
2153.659903,40,107.507434,1.0,True,40,0,0,1095.6554460525513,1567.3433260917664,14.373364639282226,1095.6554460525513,completed
3975.419552,40,107.564577,1.0,True,40,0,0,819.7220487594604,966.7491044998169,3.804040050506592,819.7220487594604,completed
1351.72451,40,107.616214,1.0,True,40,0,0,1219.1765885353088,1796.2283878326416,19.073978877067567,1219.1765885353088,completed
3744.62312,40,107.667626,1.0,True,40,0,0,853.8097712993622,1061.2432985305786,4.196542358398437,853.8097712993622,completed
2902.257406,40,107.719387,1.0,True,40,0,0,1026.9484424591064,1287.6030435562134,9.69012725353241,1026.9484424591064,completed
2173.375022,40,107.770932,1.0,True,40,0,0,1122.3530254364014,1593.8251857757568,14.18756823539734,1122.3530254364014,completed
3395.774677,40,107.822489,1.0,True,40,0,0,990.8141947984695,1449.265249967575,3.444312888383865,990.8141947984695,completed
1398.058046,40,107.873752,1.0,True,40,0,0,1251.9578428268433,1788.4011907577515,18.98157422542572,1251.9578428268433,completed
2892.995007,40,107.924675,1.0,True,40,0,0,948.3301515579224,1282.807996749878,10.77397632598877,948.3301515579224,completed
3569.472001,40,107.975579,1.0,True,40,0,0,916.4228265285492,1118.9412741661072,5.435486268997193,916.4228265285492,completed
3488.031655,40,108.026449,1.0,True,40,0,0,865.7164216041565,1121.5649483203888,6.797713112831116,865.7164216041565,completed
2855.085109,40,108.077502,1.0,True,40,0,0,1112.8071918487549,1374.7649450302124,9.374864208698273,1112.8071918487549,completed
3565.0737,40,108.128096,1.0,True,40,0,0,870.3628831505775,1202.840081334114,5.619806003570557,870.3628831505775,completed
4025.832096,40,108.180067,1.0,True,40,0,0,846.8498330116272,1011.6975145339966,2.9773842334747314,846.8498330116272,completed
3159.454952,40,108.231675,1.0,True,40,0,0,940.0730405449867,1272.7557154893875,8.58087420463562,940.0730405449867,completed
2986.242616,40,108.282542,1.0,True,40,0,0,982.5468230247498,1298.223488330841,9.139793157577515,982.5468230247498,completed
2613.640472,40,108.333253,1.0,True,40,0,0,1091.4373013973236,1386.2403185367584,12.082909953594207,1091.4373013973236,completed
2718.56456,40,108.383991,1.0,True,40,0,0,999.4637198448181,1441.2440958023071,10.392358779907227,999.4637198448181,completed
2585.640603,40,108.435673,1.0,True,40,0,0,981.7094008922577,1325.0705151557922,14.72195236682892,981.7094008922577,completed
3354.047081,40,108.486949,1.0,True,40,0,0,949.427266061306,1199.3769606351852,7.087273788452149,949.427266061306,completed
2944.070274,40,108.53774,1.0,True,40,0,0,1104.3742961883545,1543.5298252105713,6.63027925491333,1104.3742961883545,completed
3769.360252,40,108.588911,1.0,True,40,0,0,768.942870080471,988.0883558988571,6.15471043586731,768.942870080471,completed
2941.549392,40,108.639776,1.0,True,40,0,0,1059.1896963119507,1301.1111478805542,10.021431589126587,1059.1896963119507,completed
2355.750677,40,108.691275,1.0,True,40,0,0,1068.8509731292725,1659.2867794036865,11.409041023254394,1068.8509731292725,completed
3240.42042,40,108.742027,1.0,True,40,0,0,849.1682951450348,1162.251175403595,9.457528877258301,849.1682951450348,completed
2230.593272,40,108.793108,1.0,True,40,0,0,1147.9418325424194,1614.4681062698364,12.371583890914916,1147.9418325424194,completed
3000.407544,40,108.844046,1.0,True,40,0,0,1027.535798072815,1252.2135653495789,9.257950687408448,1027.535798072815,completed
3626.956465,40,108.895032,1.0,True,40,0,0,855.624754190445,1065.3875908851624,5.596779155731201,855.624754190445,completed
3892.392992,40,108.946057,1.0,True,40,0,0,848.3031959533691,1023.8225562572479,3.8427534818649294,848.3031959533691,completed
824.540351,40,108.997609,1.0,True,40,0,0,1332.117826461792,2081.1650772094727,21.836342096328735,1332.117826461792,completed
2543.732453,40,109.048675,1.0,True,40,0,0,1170.7897210121155,1832.4402890205383,7.163867461681366,1170.7897210121155,completed
1939.635829,40,109.099547,1.0,True,40,0,0,1148.8356890678406,1597.1280031204224,16.55277442932129,1148.8356890678406,completed
2799.258634,40,109.150829,1.0,True,40,0,0,1056.2631859779358,1412.58948802948,9.976687717437745,1056.2631859779358,completed
981.814667,40,109.20197,1.0,True,40,0,0,1234.874544620514,1933.1115007400513,22.01047444343567,1234.874544620514,completed
3921.530843,40,109.252631,1.0,True,40,0,0,820.2869577407837,1007.7921524047852,3.9090701818466185,820.2869577407837,completed
3394.12676,40,109.303666,1.0,True,40,0,0,854.5473575592041,1152.9075717926025,7.311831212043762,854.5473575592041,completed
2634.128381,40,109.354582,1.0,True,40,0,0,1070.5833568572998,1377.04319190979,12.422176170349122,1070.5833568572998,completed
2422.602553,40,110.628371,1.0,True,40,0,0,931.2569627761841,1326.1179113388062,16.186419582366945,931.2569627761841,completed
3601.431835,40,110.681548,1.0,True,40,0,0,837.6138179302216,1095.1017966270447,5.642348718643189,837.6138179302216,completed
2047.408026,40,110.733644,1.0,True,40,0,0,1121.7986097335815,1562.849585056305,15.879728305339814,1121.7986097335815,completed
2693.327811,40,110.785655,1.0,True,40,0,0,1003.1147222518921,1455.0081806182861,9.866179466247559,1003.1147222518921,completed
2875.431931,40,110.838078,1.0,True,40,0,0,1065.7869019508362,1367.1652040481567,8.952677536010743,1065.7869019508362,completed
2746.432521,40,110.889951,1.0,True,40,0,0,1054.3889211416245,1395.3907587528229,10.262553644180297,1054.3889211416245,completed
2746.202664,40,110.942381,1.0,True,40,0,0,1048.4768767356873,1316.4375286102295,11.08287410736084,1048.4768767356873,completed
2516.759359,40,110.994213,1.0,True,40,0,0,1010.4056994915009,1435.8589434623718,12.281904792785644,1010.4056994915009,completed
2649.118791,40,111.046267,1.0,True,40,0,0,997.6469268798828,1424.977147102356,11.810227394104004,997.6469268798828,completed
3008.960031,40,111.098028,1.0,True,40,0,0,958.1944231987,1210.8953795433044,10.239229965209962,958.1944231987,completed
2847.39758,40,111.14999,1.0,True,40,0,0,1084.2237796783447,1397.9037761688232,9.054674983024597,1084.2237796783447,completed
2808.139832,40,111.206048,1.0,True,40,0,0,970.7676184177399,1468.5879549980164,9.424410581588745,970.7676184177399,completed
3356.10149,40,111.258263,1.0,True,40,0,0,981.1604390144348,1191.0763363838196,6.312728452682495,981.1604390144348,completed
1988.067962,40,111.310073,1.0,True,40,0,0,1024.3928985595703,1575.218361377716,16.55695127248764,1024.3928985595703,completed
3804.458087,40,111.361975,1.0,True,40,0,0,838.3922736644745,1040.5723090171814,4.47346260547638,838.3922736644745,completed
1525.766518,40,111.416924,1.0,True,40,0,0,1194.898856639862,1831.2567224502563,17.223897171020507,1194.898856639862,completed
2175.977612,40,111.469698,1.0,True,40,0,0,1101.1037447452545,1554.2400240898132,14.233701431751252,1101.1037447452545,completed
3238.454019,40,111.521454,1.0,True,40,0,0,912.3600273132324,1210.546196937561,7.719114351272583,912.3600273132324,completed
3865.823783,40,111.573296,1.0,True,40,0,0,880.6157541275024,1102.9373397827148,3.4696961402893067,880.6157541275024,completed
3208.834563,40,111.625315,1.0,True,40,0,0,906.7680387496948,1197.6274495124817,8.308930242061615,906.7680387496948,completed
3243.009687,40,111.677064,1.0,True,40,0,0,851.4099009037018,1155.9609627723694,9.182341420650483,851.4099009037018,completed
3422.741778,40,111.728729,1.0,True,40,0,0,903.0424466133118,1240.687994480133,5.695949506759644,903.0424466133118,completed
3384.629579,40,111.780061,1.0,True,40,0,0,874.7597959041595,1135.828134059906,6.576294946670532,874.7597959041595,completed
2928.984252,40,111.831375,1.0,True,40,0,0,984.8040714263916,1363.1319208145142,9.258602404594422,984.8040714263916,completed
2904.401819,40,111.883288,1.0,True,40,0,0,1015.0838732719421,1340.8861899375916,9.644663095474243,1015.0838732719421,completed
2946.312521,40,111.935739,1.0,True,40,0,0,945.8209420442581,1259.514743089676,11.384108710289002,945.8209420442581,completed
4105.883505,40,111.98723,1.0,True,40,0,0,863.809027671814,1009.7852468490601,1.8758413314819335,863.809027671814,completed
2544.991014,40,112.038819,1.0,True,40,0,0,1115.5786213874817,1503.4774475097656,10.522957766056061,1115.5786213874817,completed
2933.989842,40,112.090322,1.0,True,40,0,0,1013.8185057640076,1338.5388474464417,9.629079031944276,1013.8185057640076,completed
2296.354766,40,112.142196,1.0,True,40,0,0,1085.5451097488403,1538.6418857574463,13.997651171684264,1085.5451097488403,completed
2795.496077,40,112.194128,1.0,True,40,0,0,1072.6546807289124,1542.8191938400269,6.860125017166138,1072.6546807289124,completed
2813.205409,40,112.2461,1.0,True,40,0,0,1081.912687778473,1475.3743000030518,8.434190607070922,1081.912687778473,completed
3002.824238,40,112.298445,1.0,True,40,0,0,993.1093921661377,1443.0192127227783,7.174862408638001,993.1093921661377,completed
2103.103002,40,112.351158,1.0,True,40,0,0,1142.7883749008179,1498.2556781768799,15.601784086227417,1142.7883749008179,completed
3517.50808,40,112.40299,1.0,True,40,0,0,962.4219932556152,1146.5836381912231,5.6724590301513675,962.4219932556152,completed
2808.509,40,112.456051,1.0,True,40,0,0,1028.9317989349365,1595.6009645462036,6.612135744094848,1028.9317989349365,completed
3651.11686,40,112.507584,1.0,True,40,0,0,885.5669884681702,1130.9345979690552,4.481436109542846,885.5669884681702,completed
2789.194278,40,112.564331,1.0,True,40,0,0,987.9591729640961,1300.861942768097,11.838526010513306,987.9591729640961,completed
2969.89684,40,112.617815,1.0,True,40,0,0,1083.3249554634094,1557.3057088851929,5.025898838043213,1083.3249554634094,completed
2955.489356,40,112.669723,1.0,True,40,0,0,1020.8510174751282,1364.1111917495728,8.95597152709961,1020.8510174751282,completed
1906.396898,40,112.722504,1.0,True,40,0,0,1214.7944707870483,1803.6081037521362,13.946968817710877,1214.7944707870483,completed
2548.546414,40,112.774465,1.0,True,40,0,0,1114.8732724189758,1573.8124685287476,9.516698837280273,1114.8732724189758,completed
4015.451025,40,112.826072,1.0,True,40,0,0,741.6132521629333,894.2942247390747,4.57321720123291,741.6132521629333,completed
2239.470675,40,112.877837,1.0,True,40,0,0,1046.6404836177826,1638.8000617027283,12.373312091827392,1046.6404836177826,completed
1553.663785,40,112.930066,1.0,True,40,0,0,1277.7118084430695,1812.232825756073,16.82816276550293,1277.7118084430695,completed
2423.02682,40,112.981924,1.0,True,40,0,0,1049.4928498268127,1432.0317754745483,13.525531458854676,1049.4928498268127,completed
2987.749819,40,113.033703,1.0,True,40,0,0,947.0753085613251,1241.8971953392029,9.848976016044617,947.0753085613251,completed
2754.957999,40,113.085511,1.0,True,40,0,0,1070.666252374649,1316.012493610382,11.125356328487396,1070.666252374649,completed
1119.987536,40,113.137405,1.0,True,40,0,0,1340.8006100654602,2020.0954217910767,17.98033916950226,1340.8006100654602,completed
2786.034376,40,113.190257,1.0,True,40,0,0,976.0449612140656,1343.5522923469543,11.067889070510864,976.0449612140656,completed
2262.502132,40,113.242514,1.0,True,40,0,0,1138.3799619674683,1593.637487411499,12.330858182907104,1138.3799619674683,completed
3578.483195,40,114.500991,1.0,True,40,0,0,836.2242078781128,1003.1843643188477,7.82849349975586,836.2242078781128,completed
4149.650645,40,114.552336,1.0,True,40,0,0,749.6238226890564,861.1564111709595,3.9162876129150392,749.6238226890564,completed
1146.835217,40,114.603631,1.0,True,40,0,0,1301.2422819137573,1837.2710466384888,21.39276578426361,1301.2422819137573,completed
2491.40946,40,114.655452,1.0,True,40,0,0,1088.8140978813171,1491.1179065704346,11.87590479850769,1088.8140978813171,completed
2287.110699,40,114.70801,1.0,True,40,0,0,1039.7083022594452,1492.9922242164612,12.897160911560059,1039.7083022594452,completed
3540.631694,40,114.759333,1.0,True,40,0,0,980.4175615310669,1213.0657176971436,4.646818494796753,980.4175615310669,completed
3386.20946,40,114.810551,1.0,True,40,0,0,803.6633407473564,1097.311241030693,9.80687712430954,803.6633407473564,completed
3512.372106,40,114.861898,1.0,True,40,0,0,896.4340617656708,1247.452573299408,5.157120323181152,896.4340617656708,completed
3325.672035,40,114.912608,1.0,True,40,0,0,938.4619722366333,1223.0545010566711,7.511135387420654,938.4619722366333,completed
3679.791271,40,114.963605,1.0,True,40,0,0,904.5077338218689,1091.3707609176636,4.837453150749207,904.5077338218689,completed
3133.46232,40,115.014616,1.0,True,40,0,0,938.0451049804688,1273.7582297325134,7.969707059860229,938.0451049804688,completed
2858.17215,40,115.065475,1.0,True,40,0,0,1020.1666231155396,1376.4996418952942,10.319728374481201,1020.1666231155396,completed
3723.41524,40,115.1165,1.0,True,40,0,0,899.0584206581116,1062.1972169876099,4.42165961265564,899.0584206581116,completed
2158.885679,40,115.167299,1.0,True,40,0,0,1192.0551009178162,1748.2469773292542,11.410119819641114,1192.0551009178162,completed
2755.493459,40,115.219143,1.0,True,40,0,0,1052.2847423553467,1370.6224403381348,10.818137645721436,1052.2847423553467,completed
3001.451802,40,115.270129,1.0,True,40,0,0,994.4222111701965,1346.3513498306274,8.82385482788086,994.4222111701965,completed
2689.051839,40,115.321199,1.0,True,40,0,0,906.4802794456482,1243.6112642288208,13.551095032691956,906.4802794456482,completed
2507.043393,40,115.372146,1.0,True,40,0,0,1111.8088269233704,1493.56991481781,12.411805057525635,1111.8088269233704,completed
1844.209472,40,115.423103,1.0,True,40,0,0,1155.4573147296906,1584.5114340782166,17.556919527053832,1155.4573147296906,completed
2371.320638,40,115.474259,1.0,True,40,0,0,1071.056268453598,1512.8138175010681,11.961880016326905,1071.056268453598,completed
3948.534679,40,115.524697,1.0,True,40,0,0,745.2855985164642,945.6468939781189,5.6135297298431395,745.2855985164642,completed
1459.198776,40,115.575652,1.0,True,40,0,0,1296.3857698440552,1834.6240711212158,16.623541045188905,1296.3857698440552,completed
3225.314149,40,115.626454,1.0,True,40,0,0,976.2972173690796,1308.0646276474,6.375455379486084,976.2972173690796,completed
3709.301473,40,115.676957,1.0,True,40,0,0,820.4397475719452,1017.4342083930969,6.740713119506836,820.4397475719452,completed
3334.396097,40,115.729089,1.0,True,40,0,0,899.35901927948,1252.928671836853,6.3470869064331055,899.35901927948,completed
3423.16009,40,115.779967,1.0,True,40,0,0,889.1746542453766,1076.3921115398407,7.116297435760498,889.1746542453766,completed
2745.137731,40,115.831073,1.0,True,40,0,0,1144.3008387088776,1745.4487318992615,5.103602004051209,1144.3008387088776,completed
3382.289051,40,115.881819,1.0,True,40,0,0,1022.383605837822,1116.7731902599335,7.322878456115722,1022.383605837822,completed
2767.239372,40,115.932437,1.0,True,40,0,0,984.5166137218475,1330.675042629242,11.728851413726806,984.5166137218475,completed
3471.741815,40,115.983272,1.0,True,40,0,0,884.0033407211304,1193.7368001937866,6.18432126045227,884.0033407211304,completed
3836.794637,40,116.034029,1.0,True,40,0,0,882.9077228307724,1129.746025800705,3.134251260757446,882.9077228307724,completed
2532.229811,40,116.085097,1.0,True,40,0,0,968.8927376270294,1489.646508693695,12.28529233932495,968.8927376270294,completed
2591.766587,40,116.136262,1.0,True,40,0,0,1005.1505846977234,1586.8606667518616,9.619954109191895,1005.1505846977234,completed
2225.178055,40,116.187416,1.0,True,40,0,0,1087.781367778778,1602.3361611366272,13.682291841506958,1087.781367778778,completed
2561.633148,40,116.238754,1.0,True,40,0,0,1025.5220067501068,1350.1876883506775,13.41058988571167,1025.5220067501068,completed
3400.831257,40,116.28961,1.0,True,40,0,0,898.419013261795,1122.067503452301,7.6355385184288025,898.419013261795,completed
2920.950888,40,116.340264,1.0,True,40,0,0,979.6008718013763,1373.6328330039978,9.566155910491943,979.6008718013763,completed
1524.246616,40,116.391505,1.0,True,40,0,0,1209.600257396698,1876.3244047164917,17.762954807281496,1209.600257396698,completed
2391.771987,40,116.442773,1.0,True,40,0,0,1108.251187324524,1621.8914470672607,10.23995885848999,1108.251187324524,completed
2637.202877,40,116.494561,1.0,True,40,0,0,1005.7574577331543,1528.408685684204,11.10116367340088,1005.7574577331543,completed
2248.68365,40,116.807939,1.0,True,40,0,0,1096.38445186615,1680.8886675834656,12.556351804733277,1096.38445186615,completed
2315.170275,40,116.859275,1.0,True,40,0,0,946.6479651927948,1348.6374988555908,16.47924621105194,946.6479651927948,completed
4160.93532,40,116.910555,1.0,True,40,0,0,769.8755233287811,923.644579410553,2.451629114151001,769.8755233287811,completed
2562.666255,40,116.96351,1.0,True,40,0,0,1024.210069656372,1441.8101902008057,11.522706174850464,1024.210069656372,completed
2345.022609,40,117.015508,1.0,True,40,0,0,1076.7715244293213,1475.8332023620605,13.068724417686463,1076.7715244293213,completed
3077.615081,40,117.069706,1.0,True,40,0,0,1014.035542011261,1417.3415594100952,6.74859848022461,1014.035542011261,completed
3568.017847,40,117.121953,1.0,True,40,0,0,906.6957912445068,1263.98601436615,3.8447507858276366,906.6957912445068,completed
3887.347407,40,117.173252,1.0,True,40,0,0,841.820761680603,1065.007248878479,2.450652027130127,841.820761680603,completed
3419.038524,40,117.22416,1.0,True,40,0,0,873.1096982955933,1217.0617847442627,6.291596174240112,873.1096982955933,completed
3067.528277,40,117.275058,1.0,True,40,0,0,912.3797063827515,1332.372449874878,7.242927551269531,912.3797063827515,completed
3526.680105,40,117.326178,1.0,True,40,0,0,813.1699185371399,1089.7817106246948,6.8332257747650145,813.1699185371399,completed
2716.546103,40,118.615058,1.0,True,40,0,0,1110.7879059314728,1393.2850651741028,9.929594767093658,1110.7879059314728,completed
3512.857847,40,118.667543,1.0,True,40,0,0,926.0118594169617,1268.096764087677,4.957857465744018,926.0118594169617,completed
2910.078439,40,118.720007,1.0,True,40,0,0,854.0644211769104,1233.7617444992065,11.316812372207641,854.0644211769104,completed
3496.139066,40,118.773153,1.0,True,40,0,0,903.7299884557724,1117.2436082363129,6.1581871509552,903.7299884557724,completed
3851.257015,40,118.826467,1.0,True,40,0,0,856.2104548215866,992.6566922664642,4.726179385185242,856.2104548215866,completed
2516.042965,40,118.878603,1.0,True,40,0,0,1071.6626605987549,1542.8523740768433,9.73527283668518,1071.6626605987549,completed
3545.847755,40,118.931068,1.0,True,40,0,0,897.8306946754456,1250.6199865341187,4.684648036956787,897.8306946754456,completed
2554.317895,40,118.984173,1.0,True,40,0,0,977.0736994743347,1294.394681930542,14.00754668712616,977.0736994743347,completed
3875.665034,40,119.036769,1.0,True,40,0,0,892.5422196388245,1088.0265483856201,3.1497553825378417,892.5422196388245,completed
3936.833133,40,119.088398,1.0,True,40,0,0,856.6458065509796,1021.137083530426,4.199107384681701,856.6458065509796,completed
3907.667753,40,119.140415,1.0,True,40,0,0,825.8099555969238,1127.4930629730225,2.395048809051514,825.8099555969238,completed
3041.295211,40,119.192156,1.0,True,40,0,0,941.8938643932343,1334.6426739692688,7.943269109725952,941.8938643932343,completed
2890.617213,40,119.243809,1.0,True,40,0,0,986.0550103187561,1493.612753868103,8.559696888923645,986.0550103187561,completed
2798.150401,40,119.295446,1.0,True,40,0,0,955.9659895896912,1279.3862957954407,12.261813497543335,955.9659895896912,completed
1897.220301,40,119.34747,1.0,True,40,0,0,1132.1569137573242,1702.6849584579468,15.444151210784913,1132.1569137573242,completed
3051.545116,40,119.398862,1.0,True,40,0,0,1025.2523698806763,1241.4170379638672,9.721809005737304,1025.2523698806763,completed
2975.242233,40,119.451066,1.0,True,40,0,0,856.1505627632141,1188.6957349777222,11.731276512145996,856.1505627632141,completed
3626.926848,40,119.503016,1.0,True,40,0,0,776.4546444416046,990.2059936523438,8.474672150611877,776.4546444416046,completed
2442.065249,40,119.555095,1.0,True,40,0,0,1038.658779501915,1413.7194411754608,13.308101224899293,1038.658779501915,completed
2061.210721,40,119.607104,1.0,True,40,0,0,1119.396665096283,1541.1176719665527,15.711523008346557,1119.396665096283,completed
2358.289829,40,119.659204,1.0,True,40,0,0,1144.0442451238632,1696.294754743576,10.616992425918578,1144.0442451238632,completed
2456.466674,40,119.710655,1.0,True,40,0,0,1095.739393234253,1526.9723949432373,12.080250692367553,1095.739393234253,completed
2481.102339,40,119.762152,1.0,True,40,0,0,1159.5571358203888,1492.4564671516418,11.76826581954956,1159.5571358203888,completed
3548.74834,40,119.814237,1.0,True,40,0,0,844.6444742679596,1142.2050790786743,6.537992358207703,844.6444742679596,completed
3450.247915,40,119.865913,1.0,True,40,0,0,887.245596408844,1166.1218252182007,5.558383989334106,887.245596408844,completed
3332.500314,40,119.917699,1.0,True,40,0,0,942.6114900708199,1236.4467874765396,7.210516571998596,942.6114900708199,completed
3519.459224,40,119.969246,1.0,True,40,0,0,866.0331587791443,1174.2214078903198,5.678466653823852,866.0331587791443,completed
2999.843719,40,120.021198,1.0,True,40,0,0,977.3610515594482,1322.5483193397522,9.611706233024597,977.3610515594482,completed
2043.786196,40,120.073064,1.0,True,40,0,0,1149.0520503520966,1569.0346517562866,15.635555708408356,1149.0520503520966,completed
3659.391341,40,120.124862,1.0,True,40,0,0,985.8428826332092,1254.9233846664429,2.546090078353882,985.8428826332092,completed
2670.501908,40,120.176883,1.0,True,40,0,0,982.6464047431946,1420.2514066696167,11.720421266555785,982.6464047431946,completed
2809.640664,40,120.229212,1.0,True,40,0,0,1090.134647846222,1479.0477905273438,8.679074716567992,1090.134647846222,completed
2130.744883,40,120.280991,1.0,True,40,0,0,1155.9055206775665,1588.2544131278992,14.232899379730224,1155.9055206775665,completed
3611.11909,40,120.332087,1.0,True,40,0,0,880.0925917625427,1117.330096244812,6.147028112411499,880.0925917625427,completed
3092.147961,40,120.383915,1.0,True,40,0,0,1098.827140569687,1404.070638179779,6.113475656509399,1098.827140569687,completed
3580.600956,40,120.435682,1.0,True,40,0,0,861.4635457992554,1262.9103717803955,4.041493844985962,861.4635457992554,completed
3758.515724,40,120.487559,1.0,True,40,0,0,882.5787892341614,1048.9451789855957,4.9137163162231445,882.5787892341614,completed
3497.843496,40,120.540175,1.0,True,40,0,0,913.2260601520538,1218.0743973255157,4.99173789024353,913.2260601520538,completed
2596.732174,40,120.593405,1.0,True,40,0,0,1148.362316608429,1750.741717338562,6.855431842803955,1148.362316608429,completed
2501.810196,40,120.64516,1.0,True,40,0,0,958.4284672737122,1372.70734500885,14.66443305015564,958.4284672737122,completed
2056.219669,40,120.696952,1.0,True,40,0,0,1210.9000697135925,1767.5597081184387,11.974057626724242,1210.9000697135925,completed
2146.760781,40,120.749509,1.0,True,40,0,0,1073.548023700714,1454.202893257141,16.80609028339386,1073.548023700714,completed
3212.717839,40,120.801074,1.0,True,40,0,0,980.4118297100067,1266.9507269859314,7.3798657894134525,980.4118297100067,completed
2581.572672,40,120.852541,1.0,True,40,0,0,1029.376556634903,1423.6735768318176,12.74700574874878,1029.376556634903,completed
3275.765352,40,120.90481,1.0,True,40,0,0,849.1999461650848,1117.1190509796143,8.698546552658081,849.1999461650848,completed
2746.562914,40,120.95696,1.0,True,40,0,0,1032.7020867466927,1411.781390786171,9.885703802108765,1032.7020867466927,completed
3376.142957,40,121.008953,1.0,True,40,0,0,968.1385674476624,1275.281394958496,5.939554595947266,968.1385674476624,completed
2135.977983,40,121.061076,1.0,True,40,0,0,1213.6310834288597,1942.0890616178513,9.806817483901977,1213.6310834288597,completed
3385.413677,40,121.112608,1.0,True,40,0,0,1070.6730525493622,1390.5426354408264,3.4698199033737183,1070.6730525493622,completed
2642.622643,40,121.164514,1.0,True,40,0,0,1010.1315236091614,1350.1839532852173,12.826201176643371,1010.1315236091614,completed
2439.089897,40,121.216088,1.0,True,40,0,0,1064.3504855632782,1383.6580862998962,13.565948963165283,1064.3504855632782,completed
2506.914826,40,122.464877,1.0,True,40,0,0,994.6456738710403,1421.815232515335,11.778762674331665,994.6456738710403,completed
3153.108416,40,122.520189,1.0,True,40,0,0,958.0296516418457,1257.9121809005737,7.792129921913147,958.0296516418457,completed
3361.785213,40,122.581015,1.0,True,40,0,0,903.3054428100586,1158.3579177856445,7.275472640991211,903.3054428100586,completed
3150.303633,40,122.638994,1.0,True,40,0,0,909.2210793495178,1262.7134981155396,8.127235889434814,909.2210793495178,completed
3103.442432,40,122.69462,1.0,True,40,0,0,979.2269084453583,1319.6150720119476,7.718060541152954,979.2269084453583,completed
2850.911772,40,122.748808,1.0,True,40,0,0,954.3845934867859,1291.0418252944946,11.141393303871155,954.3845934867859,completed
2788.53452,40,122.802274,1.0,True,40,0,0,940.1125745773315,1296.648386001587,11.638558888435364,940.1125745773315,completed
3240.708458,40,122.856174,1.0,True,40,0,0,878.0470436811447,1175.8860309123993,8.73735852241516,878.0470436811447,completed
3761.072245,40,122.910007,1.0,True,40,0,0,827.5224602222443,1042.4042611122131,5.072119891643524,827.5224602222443,completed
2829.42796,40,122.963575,1.0,True,40,0,0,965.6194605827332,1337.9454078674316,11.305755186080933,965.6194605827332,completed
4279.685213,40,123.017572,1.0,True,40,0,0,757.6877183914185,856.7327671051025,2.6037014007568358,757.6877183914185,completed
2948.678596,40,123.071374,1.0,True,40,0,0,973.7753667831421,1333.1452503204346,9.819955110549927,973.7753667831421,completed
3873.94007,40,123.124364,1.0,True,40,0,0,886.0204031467438,1032.515941143036,3.67100191116333,886.0204031467438,completed
1539.310713,40,123.178742,1.0,True,40,0,0,1179.6868591308594,1717.6988744735718,18.417605113983154,1179.6868591308594,completed
3946.618982,40,123.232472,1.0,True,40,0,0,871.666663646698,993.4747247695923,4.031985282897949,871.666663646698,completed
2872.227013,40,123.286631,1.0,True,40,0,0,996.5726170539856,1418.4520721435547,8.494151711463928,996.5726170539856,completed
2513.655926,40,123.339593,1.0,True,40,0,0,1000.8458971977234,1386.1554327011108,12.450819492340088,1000.8458971977234,completed
496.728324,40,123.39245,1.0,True,40,0,0,1455.0705196857452,2220.213312625885,22.162434005737303,1455.0705196857452,completed
3565.342299,40,123.446441,1.0,True,40,0,0,873.1484019756317,1115.682725429535,6.168970775604248,873.1484019756317,completed
2684.025058,40,123.500197,1.0,True,40,0,0,1039.6754260063171,1414.0098187923431,10.584486067295074,1039.6754260063171,completed
1184.839913,40,123.554373,1.0,True,40,0,0,1296.6303033828735,1858.839557647705,20.65572988986969,1296.6303033828735,completed
3618.424207,40,123.60786,1.0,True,40,0,0,839.594310760498,1086.876224040985,6.153191995620728,839.594310760498,completed
3623.579531,40,123.659731,1.0,True,40,0,0,1011.4041093587875,1381.098733663559,2.00461745262146,1011.4041093587875,completed
3238.898526,40,123.712966,1.0,True,40,0,0,1008.8151807785034,1398.4883556365967,5.030939674377441,1008.8151807785034,completed
2873.571202,40,123.766388,1.0,True,40,0,0,1018.2396029233932,1332.2779171466827,10.43724159002304,1018.2396029233932,completed
1995.062122,40,123.819414,1.0,True,40,0,0,1223.3499369621277,1601.422061920166,14.304545593261718,1223.3499369621277,completed
1977.059631,40,123.873594,1.0,True,40,0,0,1162.906919002533,1690.5782775878906,14.382001399993896,1162.906919002533,completed
2776.059277,40,123.925112,1.0,True,40,0,0,1044.966199874878,1435.55126953125,9.723182582855225,1044.966199874878,completed
2811.629197,40,123.979138,1.0,True,40,0,0,912.6755298376083,1325.212383031845,11.162898302078247,912.6755298376083,completed
3665.282533,40,124.031984,1.0,True,40,0,0,871.8786234855652,1147.2791838645935,4.182289886474609,871.8786234855652,completed
2872.764485,40,124.087571,1.0,True,40,0,0,1042.0001821517944,1380.3378276824951,10.233297443389892,1042.0001821517944,completed
3666.04181,40,124.140949,1.0,True,40,0,0,857.4530601501465,1133.605408668518,5.406505060195923,857.4530601501465,completed
2213.835821,40,124.197747,1.0,True,40,0,0,1073.3452258110046,1470.88232421875,15.11483108997345,1073.3452258110046,completed
2033.664411,40,124.252914,1.0,True,40,0,0,1175.9245891571045,1777.8545560836792,12.064260292053223,1175.9245891571045,completed
3060.902694,40,124.312756,1.0,True,40,0,0,937.1471762657166,1332.2669658660889,7.766441726684571,937.1471762657166,completed
3133.004826,40,124.387592,1.0,True,40,0,0,925.2335345745087,1220.0791330337524,9.12210009098053,925.2335345745087,completed
1972.134165,40,124.442221,1.0,True,40,0,0,1104.469969034195,1476.660208940506,17.82322030067444,1104.469969034195,completed
2383.28851,40,124.495892,1.0,True,40,0,0,1172.2768899202347,1920.9477198123932,7.628785800933838,1172.2768899202347,completed
2976.33484,40,124.549953,1.0,True,40,0,0,989.5088875293732,1252.0899844169617,10.158260560035705,989.5088875293732,completed
2752.122961,40,124.603429,1.0,True,40,0,0,1046.591389656067,1617.9507808685303,7.814704322814942,1046.591389656067,completed
1827.508119,40,124.657271,1.0,True,40,0,0,1117.932294368744,1683.694351196289,16.683358979225158,1117.932294368744,completed
4037.430001,40,124.71134,1.0,True,40,0,0,854.0525827407837,1032.4410858154297,2.180665683746338,854.0525827407837,completed
1814.030285,40,124.763962,1.0,True,40,0,0,1157.3430178165436,1870.6045949459076,13.986235618591309,1157.3430178165436,completed
2098.689082,40,124.818949,1.0,True,40,0,0,1132.6494126319885,1842.6882123947144,11.934552955627442,1132.6494126319885,completed
2866.799898,40,124.871902,1.0,True,40,0,0,925.4486384391785,1276.3828997612,11.361371612548828,925.4486384391785,completed
2191.557971,40,124.924686,1.0,True,40,0,0,1047.4991812705994,1480.9327874183655,14.19895567893982,1047.4991812705994,completed
3809.036407,40,124.977125,1.0,True,40,0,0,858.4055643081665,1065.8558139801025,4.8559857368469235,858.4055643081665,completed
2601.934936,40,125.031016,1.0,True,40,0,0,1097.389000415802,1527.5784711837769,9.616191816329955,1097.389000415802,completed
2056.315945,40,125.083396,1.0,True,40,0,0,1026.854737997055,1582.325879573822,15.275159311294555,1026.854737997055,completed
4239.471371,40,125.13729,1.0,True,40,0,0,769.9512724876404,918.2507815361023,2.1685250759124757,769.9512724876404,completed
1955.74725,40,125.190057,1.0,True,40,0,0,1142.7679719924927,1553.1239385604858,16.689445424079896,1142.7679719924927,completed
2500.156399,40,125.24236,1.0,True,40,0,0,1035.5907716751099,1539.5264387130737,11.187625694274903,1035.5907716751099,completed
3121.837493,40,126.505917,1.0,True,40,0,0,958.8507919311523,1376.6433753967285,7.4818039894104,958.8507919311523,completed
3265.123312,40,126.562687,1.0,True,40,0,0,936.9466917514801,1270.9808602333069,6.682871580123901,936.9466917514801,completed
1912.291908,40,126.616711,1.0,True,40,0,0,1268.3148429393768,1954.5570666790009,11.708830165863038,1268.3148429393768,completed
3074.970084,40,126.671528,1.0,True,40,0,0,946.0638296604156,1278.512288093567,9.20035126209259,946.0638296604156,completed
3263.395033,40,126.726724,1.0,True,40,0,0,850.4023942947388,1159.844871520996,8.569177150726318,850.4023942947388,completed
2408.8887,40,126.78174,1.0,True,40,0,0,1045.2577887177467,1434.1448327302933,13.07996638417244,1045.2577887177467,completed
2496.688415,40,126.837685,1.0,True,40,0,0,1120.4956340789795,1373.939700126648,12.558506679534911,1120.4956340789795,completed
3054.979033,40,126.892754,1.0,True,40,0,0,922.088565826416,1308.568702697754,8.904278182983399,922.088565826416,completed
1977.411877,40,126.946024,1.0,True,40,0,0,1187.222912788391,1670.6585884094238,15.094124102592469,1187.222912788391,completed
2070.383119,40,127.001703,1.0,True,40,0,0,1147.221037864685,1553.356346130371,14.282403469085693,1147.221037864685,completed
3240.19219,40,127.058685,1.0,True,40,0,0,919.0160112380981,1203.0764961242676,8.375175714492798,919.0160112380981,completed
4048.601719,40,127.113288,1.0,True,40,0,0,760.8866056203842,964.4408605098724,3.049767142534256,760.8866056203842,completed
2633.906361,40,127.168896,1.0,True,40,0,0,1071.8350241184235,1422.800208568573,11.473904943466186,1071.8350241184235,completed
2932.775011,40,127.221408,1.0,True,40,0,0,975.2820253372192,1283.917103767395,10.05933699607849,975.2820253372192,completed
3872.997008,40,127.275845,1.0,True,40,0,0,840.8549697399139,1017.1142220497131,4.545804572105408,840.8549697399139,completed
3427.712147,40,127.329037,1.0,True,40,0,0,891.0741620063782,1199.3600907325745,6.916840696334839,891.0741620063782,completed
3958.656158,40,127.382696,1.0,True,40,0,0,821.0557241439819,945.0491333007812,4.301954507827759,821.0557241439819,completed
3109.413373,40,127.436735,1.0,True,40,0,0,1010.2625660896301,1272.1430263519287,8.375896978378297,1010.2625660896301,completed
3622.98089,40,127.491202,1.0,True,40,0,0,863.9120044708252,1145.928433418274,5.414382886886597,863.9120044708252,completed
3418.860559,40,127.54606,1.0,True,40,0,0,987.4802114963531,1161.4793677330017,6.512800121307373,987.4802114963531,completed
4080.560355,40,127.606377,1.0,True,40,0,0,850.4081254005432,1064.157304763794,1.5452716827392579,850.4081254005432,completed
1682.930828,40,127.66223,1.0,True,40,0,0,1249.6772804260254,1738.4478397369385,17.06212725639343,1249.6772804260254,completed
2883.408805,40,127.716433,1.0,True,40,0,0,1012.5023407936096,1383.441967010498,9.966295337677002,1012.5023407936096,completed
3903.901027,40,127.772349,1.0,True,40,0,0,818.4220144748688,1100.758614063263,3.1776411056518556,818.4220144748688,completed
3704.694761,40,127.82673,1.0,True,40,0,0,849.8867239952087,1095.5579714775085,5.503242945671081,849.8867239952087,completed
2352.642318,40,127.881502,1.0,True,40,0,0,1226.683872461319,1521.6563034057617,12.469067811965942,1226.683872461319,completed
2495.061752,40,127.935649,1.0,True,40,0,0,1123.9529962539673,1361.5522103309631,13.0357377409935,1123.9529962539673,completed
3283.075206,40,127.989524,1.0,True,40,0,0,943.5447721481323,1258.7460021972656,7.202216601371765,943.5447721481323,completed
2624.099977,40,128.04359,1.0,True,40,0,0,1022.2731518745422,1412.1229510307312,11.490011072158813,1022.2731518745422,completed
2843.868715,40,128.09719,1.0,True,40,0,0,922.5716791152954,1368.1888179779053,10.407257223129273,922.5716791152954,completed
2204.06726,40,128.151871,1.0,True,40,0,0,1069.1958692073822,1551.9880537986755,13.840354490280152,1069.1958692073822,completed
3517.363843,40,128.206753,1.0,True,40,0,0,974.348094701767,1300.1733241081238,4.410458040237427,974.348094701767,completed
2971.658927,40,128.260859,1.0,True,40,0,0,892.8002381324768,1205.9920978546143,10.950870275497437,892.8002381324768,completed
3381.720247,40,128.319534,1.0,True,40,0,0,1025.3334732055664,1305.188793182373,5.65464996099472,1025.3334732055664,completed
3869.096947,40,128.374333,1.0,True,40,0,0,848.2055568695068,1140.7414054870605,3.152052164077759,848.2055568695068,completed
1584.835543,40,128.429667,1.0,True,40,0,0,1292.9718608260155,1880.1965645551682,16.01456398963928,1292.9718608260155,completed
2242.77473,40,128.483901,1.0,True,40,0,0,1132.404616355896,1503.4989395141602,13.5491708278656,1132.404616355896,completed
2879.974962,40,128.538124,1.0,True,40,0,0,1043.3835227489471,1432.9590601921082,8.159249472618104,1043.3835227489471,completed
2743.368427,40,128.593295,1.0,True,40,0,0,1138.4486989974976,1405.2251110076904,9.847684144973755,1138.4486989974976,completed
4093.348181,40,128.647482,1.0,True,40,0,0,862.4115262031555,1000.8921995162964,1.540293550491333,862.4115262031555,completed
2633.728698,40,128.701422,1.0,True,40,0,0,1041.3801941871643,1402.8682928085327,11.041100788116456,1041.3801941871643,completed
3343.967285,40,128.756697,1.0,True,40,0,0,974.2061762809753,1106.1485040187836,7.996820688247681,974.2061762809753,completed
2827.500053,40,128.812354,1.0,True,40,0,0,1020.550771355629,1373.5603640079498,10.428163552284241,1020.550771355629,completed
3042.858901,40,128.866502,1.0,True,40,0,0,946.5602445602417,1362.3419036865234,7.820360732078552,946.5602445602417,completed
2590.857264,40,128.921306,1.0,True,40,0,0,1028.773621082306,1333.7197632789612,13.247335302829743,1028.773621082306,completed
3030.479259,40,128.97766,1.0,True,40,0,0,1002.5901272296906,1341.1753544807434,9.095922183990478,1002.5901272296906,completed
2597.956704,40,129.041618,1.0,True,40,0,0,1016.9820952415466,1363.507227897644,12.837451100349426,1016.9820952415466,completed
3841.079502,40,129.100974,1.0,True,40,0,0,913.9298405647278,1054.968789100647,3.8762115716934202,913.9298405647278,completed
3492.256866,40,129.157881,1.0,True,40,0,0,876.639889717102,1093.2913932800293,7.364233350753784,876.639889717102,completed
2536.609192,40,129.215513,1.0,True,40,0,0,1059.9528975486755,1322.3912134170532,12.59735918045044,1059.9528975486755,completed
3264.229842,40,129.271575,1.0,True,40,0,0,916.40365254879,1282.5971009731293,7.625889444351197,916.40365254879,completed
2334.476708,40,130.505786,1.0,True,40,0,0,1162.9645223617554,1651.3674640655518,10.765504598617554,1162.9645223617554,completed
2399.061724,40,130.561902,1.0,True,40,0,0,1144.4134113788605,1807.0919167995453,7.956114006042481,1144.4134113788605,completed
2830.104406,40,130.617372,1.0,True,40,0,0,1036.4102592468262,1334.6584939956665,9.874063682556152,1036.4102592468262,completed
3437.976106,40,130.674439,1.0,True,40,0,0,949.534645318985,1118.1935505867004,6.528627514839172,949.534645318985,completed
2913.611466,40,130.730102,1.0,True,40,0,0,1057.3877141475677,1416.9302191734314,8.791658306121827,1057.3877141475677,completed
2173.893833,40,130.784705,1.0,True,40,0,0,1314.4526071548462,1699.0892839431763,10.667954874038696,1314.4526071548462,completed
2045.682677,40,130.839271,1.0,True,40,0,0,1122.7231001853943,1822.0056977272034,12.955964946746827,1122.7231001853943,completed
3375.004662,40,130.894178,1.0,True,40,0,0,959.0460488796234,1105.4055438041687,8.045270133018494,959.0460488796234,completed
2828.404676,40,130.94748,1.0,True,40,0,0,958.5972423553467,1311.900417804718,10.791831493377686,958.5972423553467,completed
2244.263874,40,131.0013,1.0,True,40,0,0,1187.668707370758,1515.5846128463745,12.637397837638854,1187.668707370758,completed
3643.526946,40,131.059189,1.0,True,40,0,0,867.4152101278305,1163.6760439872742,4.5747534990310665,867.4152101278305,completed
2302.25497,40,131.114695,1.0,True,40,0,0,1138.6568467617035,1622.452214717865,12.373168575763703,1138.6568467617035,completed
2407.25986,40,131.17,1.0,True,40,0,0,979.1792829036713,1486.9749693870544,13.494501304626464,979.1792829036713,completed
1571.08705,40,131.224189,1.0,True,40,0,0,1134.3431751728058,1522.9935591220856,20.7251766204834,1134.3431751728058,completed
2391.581481,40,131.277625,1.0,True,40,0,0,1072.7848281860352,1417.0699491500854,12.387133479118347,1072.7848281860352,completed
3082.932738,40,131.333683,1.0,True,40,0,0,1068.7175903320312,1486.8627111911774,5.628596568107605,1068.7175903320312,completed
1568.105968,40,131.387441,1.0,True,40,0,0,1226.7596250772476,1638.4156296253204,19.73226330280304,1226.7596250772476,completed
4194.093034,40,131.44085,1.0,True,40,0,0,777.6791672706604,888.6307325363159,2.772570753097534,777.6791672706604,completed
3968.592359,40,131.494852,1.0,True,40,0,0,851.868646144867,994.9022636413574,3.573674535751343,851.868646144867,completed
3577.39018,40,131.548517,1.0,True,40,0,0,903.2716071605682,1214.5426015853882,4.745624923706055,903.2716071605682,completed
2742.852215,40,131.601648,1.0,True,40,0,0,1059.8197374343872,1448.4000940322876,9.850197982788085,1059.8197374343872,completed
2286.603291,40,131.655876,1.0,True,40,0,0,1020.2049322128296,1376.798710823059,14.95993959903717,1020.2049322128296,completed
3877.379185,40,131.709259,1.0,True,40,0,0,755.5722343921661,1042.4081015586853,4.470357036590576,755.5722343921661,completed
3520.4339,40,131.763546,1.0,True,40,0,0,878.4775361418724,1160.2274969816208,6.390366649627685,878.4775361418724,completed
2810.60561,40,131.817035,1.0,True,40,0,0,1047.9067249298096,1349.4875917434692,11.077675056457519,1047.9067249298096,completed
2413.527487,40,131.871477,1.0,True,40,0,0,1028.298681974411,1468.6075558662415,12.362812399864197,1028.298681974411,completed
1885.552741,40,131.926111,1.0,True,40,0,0,1088.968612909317,1705.211151599884,14.941672801971436,1088.968612909317,completed
2113.611539,40,131.979687,1.0,True,40,0,0,1136.5102143287659,1607.801661491394,14.948756313323974,1136.5102143287659,completed
3157.475342,40,132.032949,1.0,True,40,0,0,911.2034869194031,1272.285135269165,8.516111469268798,911.2034869194031,completed
2267.420226,40,132.090524,1.0,True,40,0,0,1084.3217465877533,1614.3666472434998,12.389792680740356,1084.3217465877533,completed
3019.105905,40,132.153347,1.0,True,40,0,0,957.0998083353043,1396.4415457248688,8.19435636997223,957.0998083353043,completed
1257.390523,40,132.207877,1.0,True,40,0,0,1265.576745390892,1856.8537347316742,20.321554017066955,1265.576745390892,completed
3329.769435,40,132.262175,1.0,True,40,0,0,897.3935641050339,1294.6484515666962,6.47101411819458,897.3935641050339,completed
3894.049179,40,132.316855,1.0,True,40,0,0,856.747887134552,1004.4936480522156,4.33698844909668,856.747887134552,completed
4034.317221,40,132.371274,1.0,True,40,0,0,850.9497277736664,1172.398711681366,0.9434294939041138,850.9497277736664,completed
2081.027911,40,132.42539,1.0,True,40,0,0,1122.0711905956268,1408.6978783607483,16.95202136039734,1122.0711905956268,completed
2093.80365,40,132.480533,1.0,True,40,0,0,1107.399978876114,1698.38254404068,13.231694555282592,1107.399978876114,completed
3842.518065,40,132.534974,1.0,True,40,0,0,790.1615829467773,1102.8872661590576,3.8151124000549315,790.1615829467773,completed
2986.772793,40,132.599902,1.0,True,40,0,0,898.7444865703583,1201.9483122825623,11.39796714782715,898.7444865703583,completed
2258.115185,40,132.657905,1.0,True,40,0,0,1050.2973408699036,1433.4837770462036,14.623428201675415,1050.2973408699036,completed
2402.36596,40,132.711129,1.0,True,40,0,0,1029.8322736620903,1411.4852412939072,14.213761377334595,1029.8322736620903,completed
2583.224206,40,132.764991,1.0,True,40,0,0,1058.7692528367043,1388.2252227067947,12.368331217765808,1058.7692528367043,completed
2774.841447,40,132.819994,1.0,True,40,0,0,1154.9287106990814,1432.4995646476746,9.893147563934326,1154.9287106990814,completed
2991.626128,40,132.872941,1.0,True,40,0,0,903.160304069519,1313.252242565155,9.461252784729004,903.160304069519,completed
3137.42899,40,132.926776,1.0,True,40,0,0,972.2032833099365,1301.8481073379517,7.2777015209198,972.2032833099365,completed
3257.456032,40,132.979866,1.0,True,40,0,0,900.4102027416229,1153.755271434784,8.35208809375763,900.4102027416229,completed
3664.208488,40,133.033208,1.0,True,40,0,0,816.0534374713898,1025.4777617454529,7.226673889160156,816.0534374713898,completed
2932.193487,40,133.088075,1.0,True,40,0,0,1066.3662748336792,1466.8876390457153,7.4926293134689335,1066.3662748336792,completed
2565.15077,40,133.141857,1.0,True,40,0,0,1037.2947216033936,1609.7052993774414,9.397457098960876,1037.2947216033936,completed
3570.115422,40,133.195549,1.0,True,40,0,0,913.9300031661987,1278.4824810028076,3.564948081970215,913.9300031661987,completed
4036.863202,40,133.248843,1.0,True,40,0,0,843.1838824748993,1056.1889691352844,2.5677325248718263,843.1838824748993,completed
2836.831506,40,134.470769,1.0,True,40,0,0,946.5460658073425,1296.837984085083,10.983988404273987,946.5460658073425,completed
2283.188832,40,134.525558,1.0,True,40,0,0,1238.8667619228363,1805.8787150382996,9.337806558609008,1238.8667619228363,completed
1469.285934,40,134.579229,1.0,True,40,0,0,1225.8962272405624,1701.4786903858185,18.85687212944031,1225.8962272405624,completed
2939.373372,40,134.632964,1.0,True,40,0,0,970.2137857675552,1382.4381716251373,8.347704601287841,970.2137857675552,completed
3518.788267,40,134.686377,1.0,True,40,0,0,881.3769402503967,1242.31121301651,4.948040437698364,881.3769402503967,completed
3673.169424,40,134.740326,1.0,True,40,0,0,862.1288089752197,1108.0500440597534,5.63372802734375,862.1288089752197,completed
3425.227906,40,134.795398,1.0,True,40,0,0,898.7371740341187,1225.7702264785767,6.527281761169434,898.7371740341187,completed
3199.016925,40,134.850824,1.0,True,40,0,0,904.999916434288,1272.114147901535,8.670719528198243,904.999916434288,completed
2758.943683,40,134.903506,1.0,True,40,0,0,924.66499376297,1297.4025316238403,11.488931703567506,924.66499376297,completed
2084.793862,40,134.958845,1.0,True,40,0,0,1177.3505945205688,1558.1345911026,15.06059663295746,1177.3505945205688,completed
3598.689425,40,135.013653,1.0,True,40,0,0,842.2231526374817,1087.8164191246033,6.054732775688171,842.2231526374817,completed
2942.323012,40,135.067899,1.0,True,40,0,0,1040.8927388191223,1297.1790714263916,9.578054571151734,1040.8927388191223,completed
4397.551972,40,135.12281,1.0,True,40,0,0,733.6340345144272,857.6222178936005,1.2985395908355712,733.6340345144272,completed
3697.816173,40,135.176709,1.0,True,40,0,0,857.1448945999146,1173.231580734253,4.154276895523071,857.1448945999146,completed
2668.523145,40,135.231505,1.0,True,40,0,0,1076.246753692627,1579.2669291496277,9.169189763069152,1076.246753692627,completed
2414.393784,40,135.287168,1.0,True,40,0,0,951.2109512090683,1373.3464314937592,14.86498212814331,951.2109512090683,completed
2794.498412,40,135.342594,1.0,True,40,0,0,991.3050793409348,1324.4405086040497,11.110424757003784,991.3050793409348,completed
2603.82828,40,135.396744,1.0,True,40,0,0,970.087837934494,1425.6827206611633,11.948350310325623,970.087837934494,completed
2646.661458,40,135.450928,1.0,True,40,0,0,1016.9105725288391,1416.3101844787598,11.190637445449829,1016.9105725288391,completed
2924.891323,40,135.505879,1.0,True,40,0,0,977.1274583339691,1395.6643290519714,9.545018005371094,977.1274583339691,completed
3072.583193,40,135.560715,1.0,True,40,0,0,857.9037017822266,1244.1541681289673,10.676312518119811,857.9037017822266,completed
3187.412398,40,135.615495,1.0,True,40,0,0,937.2234997749329,1199.6319789886475,8.945729064941407,937.2234997749329,completed
2470.435915,40,135.669077,1.0,True,40,0,0,1151.7660641670227,1494.043276309967,11.62571053504944,1151.7660641670227,completed
2313.274772,40,135.724446,1.0,True,40,0,0,979.8950171470642,1463.794002532959,15.29518518447876,979.8950171470642,completed
3971.648791,40,135.779218,1.0,True,40,0,0,833.1351313591003,1052.3021450042725,3.199222135543823,833.1351313591003,completed
3737.732674,40,135.833436,1.0,True,40,0,0,814.2475850582123,1096.414692401886,4.408282661437989,814.2475850582123,completed
3960.528262,40,135.888028,1.0,True,40,0,0,764.5100467205048,1060.2837262153625,3.743170142173767,764.5100467205048,completed
2520.772679,40,135.941617,1.0,True,40,0,0,1092.812994003296,1412.8129181861877,12.243066430091858,1092.812994003296,completed
1221.786564,40,135.996411,1.0,True,40,0,0,1202.5900554656982,1745.0918521881104,21.21322956085205,1202.5900554656982,completed
3388.193556,40,136.050332,1.0,True,40,0,0,995.8402962684631,1215.2552871704102,6.094018125534058,995.8402962684631,completed
2120.225731,40,136.103794,1.0,True,40,0,0,1144.6169338226318,1592.5939388275146,14.389384698867797,1144.6169338226318,completed
4024.964958,40,136.156819,1.0,True,40,0,0,818.352314889431,968.6315516233444,2.8566118240356446,818.352314889431,completed
2689.475281,40,136.211398,1.0,True,40,0,0,1004.8226408958435,1336.287350177765,11.846438121795654,1004.8226408958435,completed
2960.903675,40,136.266429,1.0,True,40,0,0,1036.8449807167053,1387.703218460083,8.131447458267212,1036.8449807167053,completed
2993.615915,40,136.320547,1.0,True,40,0,0,914.4365310668945,1204.223711013794,11.163451051712036,914.4365310668945,completed
3597.746242,40,136.375479,1.0,True,40,0,0,930.7407579421997,1171.935079574585,4.871008944511414,930.7407579421997,completed
3539.380454,40,136.429758,1.0,True,40,0,0,887.951518535614,1296.547691822052,3.8955771684646607,887.951518535614,completed
4017.988988,40,136.484739,1.0,True,40,0,0,767.7922846078873,981.2286627292633,4.087301397323609,767.7922846078873,completed
2741.981409,40,136.539295,1.0,True,40,0,0,1031.0096986293793,1369.321825504303,11.476984548568726,1031.0096986293793,completed
3480.768188,40,136.593836,1.0,True,40,0,0,892.8728251457214,1067.8487634658813,7.423430967330932,892.8728251457214,completed
2804.301999,40,136.652539,1.0,True,40,0,0,925.6134905815125,1334.9739861488342,11.335731518268584,925.6134905815125,completed
2163.962015,40,136.706622,1.0,True,40,0,0,1104.8179341554642,1466.6090977191925,15.87346521615982,1104.8179341554642,completed
2713.171272,40,136.761224,1.0,True,40,0,0,1079.137137889862,1411.0754070281982,10.277043724060059,1079.137137889862,completed
2905.820019,40,136.815582,1.0,True,40,0,0,1014.3271489143372,1330.7976055145264,10.083829069137574,1014.3271489143372,completed
2700.917113,40,136.869243,1.0,True,40,0,0,1028.086669921875,1374.8856773376465,11.623207998275756,1028.086669921875,completed
3057.735205,40,136.923297,1.0,True,40,0,0,976.2330225110054,1291.2924324274063,9.01379132270813,976.2330225110054,completed
2480.023328,40,136.976939,1.0,True,40,0,0,982.4920558929443,1409.1824140548706,14.254759788513184,982.4920558929443,completed
2819.773461,40,137.031515,1.0,True,40,0,0,1058.8631172180176,1350.5336866378784,9.616520166397095,1058.8631172180176,completed
2374.481506,40,137.086382,1.0,True,40,0,0,1047.1514501571655,1585.305287361145,11.729897594451904,1047.1514501571655,completed
3456.764706,40,137.140078,1.0,True,40,0,0,992.6892476081848,1246.7552909851074,5.139886569976807,992.6892476081848,completed
3379.952671,40,137.19398,1.0,True,40,0,0,890.7436730861664,1187.1024508476257,7.059855365753174,890.7436730861664,completed
3222.07128,40,138.475844,1.0,True,40,0,0,989.2537221908569,1284.08677816391,6.961012887954712,989.2537221908569,completed
3536.88403,40,138.528116,1.0,True,40,0,0,919.3776488304138,1190.3489866256714,5.776318693161011,919.3776488304138,completed
3218.436369,40,138.580619,1.0,True,40,0,0,876.293071269989,1267.085774421692,7.149917960166931,876.293071269989,completed
2735.010342,40,138.632319,1.0,True,40,0,0,1055.994723021984,1408.8536714315414,10.83317232131958,1055.994723021984,completed
3987.671746,40,138.684279,1.0,True,40,0,0,828.0198984146118,986.1458687782288,3.3219482421875,828.0198984146118,completed
2931.481974,40,138.736345,1.0,True,40,0,0,1005.51797914505,1334.6770734786987,10.088280725479127,1005.51797914505,completed
2816.602163,40,138.789055,1.0,True,40,0,0,1021.8435115814209,1392.806158065796,10.602561950683594,1021.8435115814209,completed
1925.588024,40,138.840932,1.0,True,40,0,0,1150.6794106960297,1570.8457252979279,16.763425397872926,1150.6794106960297,completed
1491.622547,40,138.892854,1.0,True,40,0,0,1180.266154050827,1785.204785823822,18.39365620613098,1180.266154050827,completed
2128.665898,40,138.944543,1.0,True,40,0,0,1097.4950927495956,1537.2314569950104,14.773530542850494,1097.4950927495956,completed
2840.715465,40,138.996841,1.0,True,40,0,0,901.8351745605469,1287.2123928070068,10.465622472763062,901.8351745605469,completed
2625.790422,40,139.049078,1.0,True,40,0,0,1114.3518352508545,1423.0932693481445,11.252448511123657,1114.3518352508545,completed
2607.810061,40,139.100553,1.0,True,40,0,0,1091.750433921814,1470.3819704055786,10.371493887901305,1091.750433921814,completed
3619.355966,40,139.152565,1.0,True,40,0,0,830.1829991340637,1071.3491821289062,5.800626683235168,830.1829991340637,completed
3663.589734,40,139.206774,1.0,True,40,0,0,878.5671896934509,1043.0246849060059,5.899284982681275,878.5671896934509,completed
2690.738594,40,139.348688,1.0,True,40,0,0,1070.3624204397202,1427.9101951122284,10.704284238815308,1070.3624204397202,completed
2115.084777,40,139.404026,1.0,True,40,0,0,1178.6148347854614,1688.4428367614746,12.255740022659301,1178.6148347854614,completed
4025.5693,40,139.456498,1.0,True,40,0,0,767.0394465923309,934.1147999763489,4.021009397506714,767.0394465923309,completed
3457.860878,40,139.50829,1.0,True,40,0,0,1006.3599629402161,1377.087923526764,3.856580352783203,1006.3599629402161,completed
2502.440241,40,139.560344,1.0,True,40,0,0,1213.7161207199097,1558.8708868026733,10.182151389122009,1213.7161207199097,completed
2948.948569,40,139.612721,1.0,True,40,0,0,1036.7059178352356,1302.7450618743896,9.450103902816773,1036.7059178352356,completed
4098.323591,40,139.664584,1.0,True,40,0,0,812.821939945221,1010.1599006652832,2.347591924667358,812.821939945221,completed
3702.768693,40,139.716544,1.0,True,40,0,0,832.8339424133301,1005.1972551345825,6.272674512863159,832.8339424133301,completed
3374.245082,40,139.768996,1.0,True,40,0,0,903.4283814430237,1261.815360069275,5.696262407302856,903.4283814430237,completed
4077.896431,40,139.820549,1.0,True,40,0,0,771.1563704013824,900.2428288459778,3.8017829418182374,771.1563704013824,completed
3569.125928,40,139.872129,1.0,True,40,0,0,968.0087535381317,1220.80362033844,3.9648104667663575,968.0087535381317,completed
2968.400814,40,139.923987,1.0,True,40,0,0,1009.662549495697,1396.009630203247,8.127388286590577,1009.662549495697,completed
2976.72392,40,139.975792,1.0,True,40,0,0,1088.0842666625977,1482.1682615280151,6.87550539970398,1088.0842666625977,completed
2941.236682,40,140.027231,1.0,True,40,0,0,987.1349959373474,1320.0569200515747,9.680246353149414,987.1349959373474,completed
2501.480775,40,140.079041,1.0,True,40,0,0,1125.1271817684174,1329.998586177826,14.005555891990662,1125.1271817684174,completed
3171.910683,40,140.130921,1.0,True,40,0,0,872.1491498947144,1103.4519052505493,10.637534141540527,872.1491498947144,completed
2681.779279,40,140.182412,1.0,True,40,0,0,1021.0841245651245,1406.824634552002,11.47578935623169,1021.0841245651245,completed
3922.021953,40,140.233979,1.0,True,40,0,0,842.8018975257874,1061.8084497451782,2.991345167160034,842.8018975257874,completed
2361.413617,40,140.28721,1.0,True,40,0,0,1109.431248664856,1506.8324632644653,12.505149054527283,1109.431248664856,completed
1620.629787,40,140.339523,1.0,True,40,0,0,1174.2826056480408,1701.7536425590515,18.285895538330077,1174.2826056480408,completed
3067.293398,40,140.391229,1.0,True,40,0,0,906.7520489692688,1268.2417831420898,9.107367634773254,906.7520489692688,completed
1659.001861,40,140.443324,1.0,True,40,0,0,1229.7287411689758,2030.044415473938,12.876400470733643,1229.7287411689758,completed
3837.136105,40,140.495279,1.0,True,40,0,0,867.2047441899776,1093.0632044672966,3.4396440505981447,867.2047441899776,completed
3037.485531,40,140.547594,1.0,True,40,0,0,938.530594587326,1334.1522841453552,9.272857499122619,938.530594587326,completed
3401.798102,40,140.599917,1.0,True,40,0,0,1000.3647992610931,1336.438693523407,3.598755693435669,1000.3647992610931,completed
1073.851332,40,140.653691,1.0,True,40,0,0,1285.523112297058,2025.5798683166504,20.14621181488037,1285.523112297058,completed
3640.470611,40,140.705887,1.0,True,40,0,0,926.8564569950104,1190.6462349891663,4.108808207511902,926.8564569950104,completed
2322.789227,40,140.758463,1.0,True,40,0,0,1126.275821685791,1512.0099382400513,12.16542935371399,1126.275821685791,completed
3441.744536,40,140.81062,1.0,True,40,0,0,884.7425556182861,1185.1079835891724,6.672389364242553,884.7425556182861,completed
2474.077779,40,140.862677,1.0,True,40,0,0,1009.3735678195953,1443.0006022453308,12.09996771812439,1009.3735678195953,completed
1957.860089,40,140.913904,1.0,True,40,0,0,1048.9333488941193,1621.389347076416,16.740645253658293,1048.9333488941193,completed
3236.472655,40,140.966989,1.0,True,40,0,0,924.8739356994629,1277.634705543518,6.727560091018677,924.8739356994629,completed
3922.930902,40,141.018621,1.0,True,40,0,0,877.2338732481003,1022.2804181575775,3.8902539253234862,877.2338732481003,completed
2259.985029,40,141.070238,1.0,True,40,0,0,1109.9085911512375,1639.8970830440521,13.189787811040878,1109.9085911512375,completed
868.207482,40,141.122789,1.0,True,40,0,0,1266.7600536346436,1972.2398824691772,22.34090769290924,1266.7600536346436,completed
1933.849189,40,141.174522,1.0,True,40,0,0,1308.5101910829544,2183.004028558731,7.996753311157226,1308.5101910829544,completed
2174.464711,40,142.440884,1.0,True,40,0,0,1125.763627409935,1581.551834821701,14.004626178741455,1125.763627409935,completed
3515.583475,40,142.493444,1.0,True,40,0,0,977.3903460502625,1282.4013328552246,4.654260635375977,977.3903460502625,completed
2073.423355,40,142.54519,1.0,True,40,0,0,1064.7765445709229,1571.0651760101318,16.18173780441284,1064.7765445709229,completed
2884.27437,40,142.604871,1.0,True,40,0,0,994.3205738067627,1514.2740497589111,7.980397891998291,994.3205738067627,completed
2840.338882,40,142.682226,1.0,True,40,0,0,992.4901580810547,1441.3539123535156,8.920971488952636,992.4901580810547,completed
2203.759657,40,142.740271,1.0,True,40,0,0,1047.049460530281,1601.030555486679,13.648463201522826,1047.049460530281,completed
1612.872444,40,142.802124,1.0,True,40,0,0,1168.5958242416382,1653.7060108184814,19.398668122291564,1168.5958242416382,completed
2205.445881,40,142.85616,1.0,True,40,0,0,1076.5152292251587,1580.1242218017578,14.318854212760925,1076.5152292251587,completed
2276.568307,40,142.908082,1.0,True,40,0,0,1187.947877407074,1543.4069294929504,12.786441802978516,1187.947877407074,completed
2017.835564,40,142.959353,1.0,True,40,0,0,1078.186912536621,1526.5612454414368,16.45043648481369,1078.186912536621,completed
3428.749572,40,143.010262,1.0,True,40,0,0,848.79918217659,1162.6405873298645,6.788328409194946,848.79918217659,completed
2487.092104,40,143.061443,1.0,True,40,0,0,1087.7072336673737,1563.5507044792175,10.629722261428833,1087.7072336673737,completed
3004.647337,40,143.112002,1.0,True,40,0,0,929.2286581993103,1175.9290018081665,11.616169571876526,929.2286581993103,completed
3449.909254,40,143.164269,1.0,True,40,0,0,893.9183470904827,1182.0838713049889,5.918093490600586,893.9183470904827,completed
2641.889532,40,143.215631,1.0,True,40,0,0,1167.9699058532715,1548.9148998260498,8.919026684761047,1167.9699058532715,completed
2022.172407,40,143.266878,1.0,True,40,0,0,1101.108963251114,1681.603340625763,14.717481756210328,1101.108963251114,completed
3156.434902,40,143.317964,1.0,True,40,0,0,1074.8468418121338,1438.7449378967285,5.012969517707825,1074.8468418121338,completed
3001.624573,40,143.368731,1.0,True,40,0,0,1069.178122997284,1468.9609632492065,7.200143671035766,1069.178122997284,completed
3599.603123,40,143.419635,1.0,True,40,0,0,890.6276769638062,1152.506217956543,4.4782928943634035,890.6276769638062,completed
3019.145326,40,143.470896,1.0,True,40,0,0,968.2805857658386,1304.0876293182373,8.754874134063721,968.2805857658386,completed
4039.805764,40,143.521639,1.0,True,40,0,0,802.9011828899384,933.729727268219,4.5168853282928465,802.9011828899384,completed
3396.059702,40,143.572494,1.0,True,40,0,0,990.1622080802917,1154.72305393219,6.870595169067383,990.1622080802917,completed
3082.687771,40,143.623384,1.0,True,40,0,0,975.848539352417,1225.6376342773438,9.295021343231202,975.848539352417,completed
3863.999878,40,143.674201,1.0,True,40,0,0,943.2183747291565,1159.7276253700256,2.242108869552612,943.2183747291565,completed
1642.914349,40,143.731108,1.0,True,40,0,0,1163.1202664375305,1681.1242809295654,18.06220977306366,1163.1202664375305,completed
3734.473652,40,143.784446,1.0,True,40,0,0,930.0823974609375,1318.0227136611938,2.0956490516662596,930.0823974609375,completed
3708.952098,40,143.835546,1.0,True,40,0,0,764.5866801738739,1010.6393790245056,6.944907212257386,764.5866801738739,completed
3616.008377,40,143.888234,1.0,True,40,0,0,839.4099097251892,1091.6974296569824,5.805981302261353,839.4099097251892,completed
2491.965672,40,143.939179,1.0,True,40,0,0,1052.7749762535095,1451.6438755989075,12.369513487815857,1052.7749762535095,completed
3412.285004,40,143.992808,1.0,True,40,0,0,890.3908476829529,1124.9859619140625,7.512449121475219,890.3908476829529,completed
3206.790246,40,144.045748,1.0,True,40,0,0,927.1705374717712,1206.5436124801636,8.371368217468262,927.1705374717712,completed
2784.195903,40,144.097285,1.0,True,40,0,0,1100.6438744068146,1414.1730017662048,8.872843384742737,1100.6438744068146,completed
3037.242803,40,144.163021,1.0,True,40,0,0,944.1700131893158,1480.5660071372986,7.532907271385193,944.1700131893158,completed
1368.5394,40,144.21887,1.0,True,40,0,0,1261.7509086728096,1734.0462557077408,20.02448966503143,1261.7509086728096,completed
3442.278439,40,144.272336,1.0,True,40,0,0,935.5170335769653,1301.8854751586914,5.304216480255127,935.5170335769653,completed
3938.862626,40,144.324238,1.0,True,40,0,0,935.3513717651367,1143.658242225647,1.5862810611724854,935.3513717651367,completed
3332.249088,40,144.381157,1.0,True,40,0,0,850.6170511245728,1265.6965942382812,7.813930344581604,850.6170511245728,completed
2857.537582,40,144.433911,1.0,True,40,0,0,921.6504378318787,1319.9008584022522,10.594765138626098,921.6504378318787,completed
3007.096789,40,144.488244,1.0,True,40,0,0,905.364905834198,1255.5381898880005,9.419903230667114,905.364905834198,completed
2998.145412,40,144.540628,1.0,True,40,0,0,988.6214594841003,1322.0189590454102,8.930760717391967,988.6214594841003,completed
2785.128595,40,144.592795,1.0,True,40,0,0,1023.5737807750702,1328.8066153526306,10.925498247146606,1023.5737807750702,completed
2197.820986,40,144.645031,1.0,True,40,0,0,1067.4243669509888,1533.991641998291,14.804169845581054,1067.4243669509888,completed
2936.928842,40,144.697744,1.0,True,40,0,0,971.6455750465393,1397.3734579086304,8.474662613868713,971.6455750465393,completed
2416.728451,40,144.751643,1.0,True,40,0,0,1117.96448969841,1495.7891902923584,12.526559329032898,1117.96448969841,completed
1918.17304,40,144.805085,1.0,True,40,0,0,1119.680643081665,1729.2801876068115,14.285129594802857,1119.680643081665,completed
3332.719355,40,144.857825,1.0,True,40,0,0,922.399251461029,1216.3844842910767,7.635227012634277,922.399251461029,completed
2445.166414,40,144.909445,1.0,True,40,0,0,1048.0184636116028,1454.295648574829,12.64121618270874,1048.0184636116028,completed
2711.622337,40,144.966038,1.0,True,40,0,0,1008.9334349632263,1387.0756158828735,11.152930307388306,1008.9334349632263,completed
3995.833119,40,145.020689,1.0,True,40,0,0,795.0135681629181,928.4308598041534,4.5735599279403685,795.0135681629181,completed
2654.368709,40,145.086291,1.0,True,40,0,0,1040.9260563850403,1412.9953799247742,11.27225923538208,1040.9260563850403,completed
4421.105573,40,145.146036,1.0,True,40,0,0,807.6269965171814,933.3918581008911,0.03233981132507324,807.6269965171814,completed
1974.45207,40,145.197959,1.0,True,40,0,0,1187.878936290741,1694.179295539856,14.490291786193847,1187.878936290741,completed
2400.579953,40,146.513933,1.0,True,40,0,0,1100.4912729263306,1650.2730913162231,11.047811031341553,1100.4912729263306,completed
3496.791314,40,146.566394,1.0,True,40,0,0,842.9887218475342,1102.5183420181274,6.808065962791443,842.9887218475342,completed
2550.517393,40,146.617782,1.0,True,40,0,0,1075.692619085312,1518.0147166252136,10.553135585784911,1075.692619085312,completed
2225.93467,40,146.668463,1.0,True,40,0,0,1239.4768476486206,1747.4493293762207,10.539811992645264,1239.4768476486206,completed
3157.297707,40,146.719457,1.0,True,40,0,0,886.2859921455383,1367.1092491149902,7.088881540298462,886.2859921455383,completed
3190.4293,40,146.770575,1.0,True,40,0,0,914.4787149429321,1264.2799854278564,7.252193593978882,914.4787149429321,completed
3572.544897,40,146.821328,1.0,True,40,0,0,896.9599161148071,1242.1240730285645,3.8492834091186525,896.9599161148071,completed
3407.704295,40,146.87203,1.0,True,40,0,0,866.5462803840637,1149.2457337379456,7.1024703741073605,866.5462803840637,completed
2543.624524,40,146.923369,1.0,True,40,0,0,1003.619448184967,1406.8436546325684,11.770947337150574,1003.619448184967,completed
3521.97477,40,146.974398,1.0,True,40,0,0,907.3216226100922,1177.3328273296356,5.919576835632324,907.3216226100922,completed
3792.513626,40,147.025215,1.0,True,40,0,0,942.8831238746643,1206.0790076255798,2.50086989402771,942.8831238746643,completed
3543.861392,40,147.076035,1.0,True,40,0,0,891.5457434654236,1104.9011602401733,7.0727485656738285,891.5457434654236,completed
2984.01405,40,147.127093,1.0,True,40,0,0,891.3938500881195,1185.8821351528168,11.083491146564484,891.3938500881195,completed
2859.964035,40,147.177895,1.0,True,40,0,0,887.4047985076904,1269.9863414764404,11.820101380348206,887.4047985076904,completed
3642.518856,40,147.228954,1.0,True,40,0,0,770.7711224555969,1008.0899457931519,6.513994121551514,770.7711224555969,completed
3671.832987,40,147.280329,1.0,True,40,0,0,956.2259283065796,1070.2669982910156,4.839221978187561,956.2259283065796,completed
2582.998896,40,147.332504,1.0,True,40,0,0,1074.1132650375366,1498.7341928482056,11.674069166183472,1074.1132650375366,completed
3445.409115,40,147.38374,1.0,True,40,0,0,904.5264348983765,1183.80637550354,6.80860013961792,904.5264348983765,completed
2998.690592,40,147.434976,1.0,True,40,0,0,885.3127362728119,1291.2701272964478,10.121557831764221,885.3127362728119,completed
2511.83821,40,147.485888,1.0,True,40,0,0,971.8583984375,1356.960530281067,14.029877090454102,971.8583984375,completed
1751.021499,40,147.537628,1.0,True,40,0,0,1230.6184003949165,1594.6984630823135,18.01798939704895,1230.6184003949165,completed
4076.328531,40,147.588408,1.0,True,40,0,0,867.0778474807739,1056.087155342102,1.8966111183166503,867.0778474807739,completed
2414.188964,40,147.646797,1.0,True,40,0,0,1056.0684938430786,1505.669692993164,13.824165964126587,1056.0684938430786,completed
2428.521356,40,147.698208,1.0,True,40,0,0,1140.5486154556274,1474.1306648254395,12.507571792602539,1140.5486154556274,completed
3162.526048,40,147.749198,1.0,True,40,0,0,1070.356193780899,1517.7625284194946,5.446518182754517,1070.356193780899,completed
3082.214606,40,147.800196,1.0,True,40,0,0,910.8579921722412,1263.574278831482,8.641736149787903,910.8579921722412,completed
2890.18947,40,147.851274,1.0,True,40,0,0,1032.7318284511566,1521.4721055030823,7.2069014549255375,1032.7318284511566,completed
2757.952321,40,147.904344,1.0,True,40,0,0,992.9905047416687,1461.8793210983276,10.28982653617859,992.9905047416687,completed
3242.277397,40,147.95514,1.0,True,40,0,0,881.0879831314087,1257.9636459350586,7.253872537612915,881.0879831314087,completed
2875.565717,40,148.006247,1.0,True,40,0,0,1033.7515116930008,1341.857573747635,9.226750564575195,1033.7515116930008,completed
2442.854202,40,148.056863,1.0,True,40,0,0,1005.5037932395935,1532.5103197097778,13.163527131080627,1005.5037932395935,completed
3285.759309,40,148.111856,1.0,True,40,0,0,970.7498497962952,1166.988260269165,8.226296186447144,970.7498497962952,completed
3075.200981,40,148.16909,1.0,True,40,0,0,986.2179627418518,1461.6215658187866,7.003556489944458,986.2179627418518,completed
2708.323344,40,148.222554,1.0,True,40,0,0,1021.2032432556152,1321.0227880477905,12.322870540618897,1021.2032432556152,completed
2334.5844,40,148.274602,1.0,True,40,0,0,1055.2729659080505,1473.62442445755,14.640811920166016,1055.2729659080505,completed
2297.410977,40,148.326622,1.0,True,40,0,0,1167.0249173641205,1565.729064464569,12.06340126991272,1167.0249173641205,completed
3307.227501,40,148.377836,1.0,True,40,0,0,961.2317156791687,1314.441969871521,6.001841282844543,961.2317156791687,completed
3039.224163,40,148.429075,1.0,True,40,0,0,1041.6090455055237,1360.183012008667,7.495113706588745,1041.6090455055237,completed
3116.811198,40,148.480363,1.0,True,40,0,0,958.3598408699036,1257.5028791427612,9.18649662733078,958.3598408699036,completed
2801.645844,40,148.53684,1.0,True,40,0,0,1075.3797888755798,1489.0511121749878,8.43962574005127,1075.3797888755798,completed
3275.610551,40,148.593207,1.0,True,40,0,0,969.0924162864685,1296.5222210884094,7.2094944477081295,969.0924162864685,completed
2793.899426,40,148.646557,1.0,True,40,0,0,1001.4141345024109,1547.023401260376,7.981579399108886,1001.4141345024109,completed
2747.732485,40,148.699366,1.0,True,40,0,0,993.9515857696533,1363.012586593628,11.144783973693848,993.9515857696533,completed
2644.542442,40,148.750708,1.0,True,40,0,0,991.298380613327,1370.9920654296875,12.344840717315673,991.298380613327,completed
2384.379751,40,148.801406,1.0,True,40,0,0,1069.1701879501343,1487.4595108032227,13.411408424377441,1069.1701879501343,completed
3427.584908,40,148.858338,1.0,True,40,0,0,868.6329267024994,1124.851321697235,7.173736023902893,868.6329267024994,completed
4245.264188,40,148.916325,1.0,True,40,0,0,765.743992805481,933.321813583374,1.920442771911621,765.743992805481,completed
2469.745891,40,148.972623,1.0,True,40,0,0,1041.0764627456665,1467.4478540420532,11.580194902420043,1041.0764627456665,completed
3194.908701,40,149.030396,1.0,True,40,0,0,983.349730014801,1252.3867783546448,8.093200063705444,983.349730014801,completed
739.85127,40,149.088154,1.0,True,40,0,0,1465.732991695404,2489.8672552108765,15.960686922073364,1465.732991695404,completed
3529.263984,40,149.142929,1.0,True,40,0,0,857.5669555664062,1138.0162773132324,7.054724216461182,857.5669555664062,completed
3381.588823,40,150.436775,1.0,True,40,0,0,933.520966053009,1247.073709487915,6.206468963623047,933.520966053009,completed
2896.985222,40,150.489326,1.0,True,40,0,0,1035.2291541099548,1351.3074045181274,9.442989253997803,1035.2291541099548,completed
2791.832032,40,150.54176,1.0,True,40,0,0,1043.310380935669,1557.0904173851013,8.179778504371644,1043.310380935669,completed
1828.723197,40,150.594151,1.0,True,40,0,0,1107.7401373386383,1627.0691456794739,17.210708260536194,1107.7401373386383,completed
2935.52527,40,150.646585,1.0,True,40,0,0,995.8810900449753,1423.8442356586456,8.57146770954132,995.8810900449753,completed
3425.976095,40,150.698733,1.0,True,40,0,0,907.1230120658875,1125.2998404502869,7.524003410339356,907.1230120658875,completed
3698.525146,40,150.750897,1.0,True,40,0,0,879.2641649246216,1204.110752105713,4.179931592941284,879.2641649246216,completed
2717.599267,40,150.803026,1.0,True,40,0,0,1010.9383091926575,1367.3996992111206,11.95872597694397,1010.9383091926575,completed
3533.400772,40,150.854775,1.0,True,40,0,0,933.774827003479,1161.4286584854126,5.484535098075867,933.774827003479,completed
2894.241448,40,150.906783,1.0,True,40,0,0,1006.3613386154175,1351.524019241333,9.690816593170165,1006.3613386154175,completed
3018.800584,40,150.959021,1.0,True,40,0,0,976.2099304199219,1172.7888841629028,10.505071067810059,976.2099304199219,completed
3405.260683,40,151.010424,1.0,True,40,0,0,957.9103603363037,1236.0096855163574,5.879780578613281,957.9103603363037,completed
3336.121055,40,151.062386,1.0,True,40,0,0,889.9088332653046,1345.4340062141418,6.06195297241211,889.9088332653046,completed
2544.879598,40,151.118137,1.0,True,40,0,0,1121.2111477851868,1573.699324131012,9.82905571460724,1121.2111477851868,completed
2751.703044,40,151.174056,1.0,True,40,0,0,987.9701397418976,1284.5758423805237,11.90601806640625,987.9701397418976,completed
3229.757228,40,151.228669,1.0,True,40,0,0,887.2112267017365,1159.8274655342102,8.71382279396057,887.2112267017365,completed
2761.262453,40,151.284609,1.0,True,40,0,0,1005.7376823425293,1372.6795063018799,10.754343509674072,1005.7376823425293,completed
3157.576023,40,151.340378,1.0,True,40,0,0,984.116087436676,1305.1168766021729,6.891571998596191,984.116087436676,completed
2531.267532,40,151.395016,1.0,True,40,0,0,1114.0791856646538,1618.8141692876816,9.432367134094239,1114.0791856646538,completed
2119.954058,40,151.450377,1.0,True,40,0,0,995.2633485794067,1493.958055973053,16.55667588710785,995.2633485794067,completed
2393.452956,40,151.502797,1.0,True,40,0,0,1112.4565432071686,1461.0509057044983,13.648964023590088,1112.4565432071686,completed
3111.954795,40,151.555433,1.0,True,40,0,0,988.4979537725449,1317.6075694561005,8.19472632408142,988.4979537725449,completed
2581.382975,40,151.607144,1.0,True,40,0,0,1025.1546378135681,1432.319585800171,11.099658727645874,1025.1546378135681,completed
2137.082397,40,151.659411,1.0,True,40,0,0,1067.0639042258263,1517.784162402153,14.226458525657653,1067.0639042258263,completed
3500.863923,40,151.711547,1.0,True,40,0,0,898.2268788814545,1245.6164679527283,5.625272941589356,898.2268788814545,completed
2710.934597,40,151.762667,1.0,True,40,0,0,1089.9432780742645,1360.916552066803,10.601140356063842,1089.9432780742645,completed
2975.082111,40,151.814222,1.0,True,40,0,0,1000.1842122077942,1337.6478955745697,8.9174334526062,1000.1842122077942,completed
3919.389243,40,151.865371,1.0,True,40,0,0,828.6316156387329,989.803409576416,4.433100461959839,828.6316156387329,completed
2247.82073,40,151.916992,1.0,True,40,0,0,1146.3698453903198,1626.0466260910034,12.94632592201233,1146.3698453903198,completed
2676.33402,40,151.969436,1.0,True,40,0,0,1074.0333340168,1500.9995894432068,10.789330387115479,1074.0333340168,completed
2988.886089,40,152.0278,1.0,True,40,0,0,949.7866976857185,1396.3546758890152,8.003146862983703,949.7866976857185,completed
3125.348034,40,152.124111,1.0,True,40,0,0,943.1631932258606,1300.1661672592163,7.982140827178955,943.1631932258606,completed
3535.683079,40,152.196233,1.0,True,40,0,0,1012.4525616168976,1283.2580633163452,4.440768933296203,1012.4525616168976,completed
1312.962228,40,152.250178,1.0,True,40,0,0,1204.0888528823853,1809.3099517822266,19.80429391860962,1204.0888528823853,completed
3024.600705,40,152.304784,1.0,True,40,0,0,1007.5016303062439,1323.198784828186,9.0672456741333,1007.5016303062439,completed
2390.157825,40,152.357565,1.0,True,40,0,0,937.3559012413025,1372.3696460723877,14.347775292396545,937.3559012413025,completed
3764.017909,40,152.4099,1.0,True,40,0,0,863.6047744750977,1185.8773746490479,2.7919264316558836,863.6047744750977,completed
2010.685581,40,152.464178,1.0,True,40,0,0,1166.1635016202927,1729.0551116466522,12.783196187019348,1166.1635016202927,completed
2944.311521,40,152.516227,1.0,True,40,0,0,1010.5417668819427,1420.6515154838562,7.458084392547607,1010.5417668819427,completed
3512.745917,40,152.56834,1.0,True,40,0,0,900.8166389465332,1171.7217464447021,5.223377227783203,900.8166389465332,completed
2334.92664,40,152.622923,1.0,True,40,0,0,1112.792757511139,1514.7665567398071,13.326931166648865,1112.792757511139,completed
2218.555194,40,152.679326,1.0,True,40,0,0,1142.0779829025269,1473.902684211731,14.49881329536438,1142.0779829025269,completed
3570.81533,40,152.731987,1.0,True,40,0,0,908.6221339702606,1173.0595526695251,4.7330735206604,908.6221339702606,completed
3096.115551,40,152.783843,1.0,True,40,0,0,943.2547812461853,1336.4821767807007,7.847514820098877,943.2547812461853,completed
1787.385235,40,152.835708,1.0,True,40,0,0,1149.4168090820312,1739.6958265304565,16.178740882873534,1149.4168090820312,completed
3875.274151,40,152.887745,1.0,True,40,0,0,808.1831257343292,1167.1703429222107,3.011607456207275,808.1831257343292,completed
3336.105129,40,152.940474,1.0,True,40,0,0,897.451596736908,1286.2220997810364,5.88224503993988,897.451596736908,completed
2330.662146,40,152.992232,1.0,True,40,0,0,1029.7039923667908,1462.0475368499756,14.415789604187012,1029.7039923667908,completed
3444.303532,40,153.043925,1.0,True,40,0,0,928.3281445503235,1311.6148862838745,5.511540079116822,928.3281445503235,completed
4276.327826,40,153.096723,1.0,True,40,0,0,814.1796300411224,930.5590453147888,1.8318680763244628,814.1796300411224,completed
2905.551067,40,153.151058,1.0,True,40,0,0,987.2042843103409,1377.005945444107,9.342747783660888,987.2042843103409,completed
2970.591424,40,154.464931,1.0,True,40,0,0,1018.6410942077637,1232.944248199463,9.337315583229065,1018.6410942077637,completed
3746.059228,40,154.520708,1.0,True,40,0,0,893.8766660690308,1137.4976167678833,3.7670924186706545,893.8766660690308,completed
4176.12302,40,154.574465,1.0,True,40,0,0,787.1828593015671,907.1865689754486,2.9832754850387575,787.1828593015671,completed
2436.340158,40,154.628165,1.0,True,40,0,0,1108.2560682296753,1526.962791442871,11.30058913230896,1108.2560682296753,completed
2755.425827,40,154.681687,1.0,True,40,0,0,985.484762430191,1371.338777065277,11.310133254528045,985.484762430191,completed
2524.444077,40,154.735393,1.0,True,40,0,0,1037.2233366966248,1413.2494258880615,12.608094406127929,1037.2233366966248,completed
3210.387816,40,154.789308,1.0,True,40,0,0,958.3309552669525,1269.9313406944275,6.908614206314087,958.3309552669525,completed
2705.761939,40,154.843044,1.0,True,40,0,0,1021.3699128627777,1428.4965915679932,10.563373279571532,1021.3699128627777,completed
2637.809563,40,154.896974,1.0,True,40,0,0,1020.3316540718079,1366.9490025043488,12.266844272613525,1020.3316540718079,completed
2800.246474,40,154.948895,1.0,True,40,0,0,1032.0314493179321,1288.7311973571777,11.224129247665406,1032.0314493179321,completed
3633.187125,40,155.001815,1.0,True,40,0,0,877.4843335151672,1210.9683103561401,3.978214168548584,877.4843335151672,completed
3600.145981,40,155.055136,1.0,True,40,0,0,863.1066904067993,1082.887568950653,6.260170984268188,863.1066904067993,completed
3914.934906,40,155.108207,1.0,True,40,0,0,825.0917747020721,1003.6211290359497,4.01283483505249,825.0917747020721,completed
2986.172,40,155.160943,1.0,True,40,0,0,975.284588098526,1327.6955666542053,9.102401542663575,975.284588098526,completed
3709.039501,40,155.217088,1.0,True,40,0,0,858.2147352695465,1071.5699315071106,4.7788091659545895,858.2147352695465,completed
2665.105896,40,155.297464,1.0,True,40,0,0,1103.237112402916,1364.1038811206818,10.405469596385956,1103.237112402916,completed
4042.030734,40,155.369568,1.0,True,40,0,0,839.8094990253448,969.8663449287415,3.0903823375701904,839.8094990253448,completed
3629.667423,40,155.434361,1.0,True,40,0,0,881.4937624931335,1057.750464439392,6.098885107040405,881.4937624931335,completed
3779.59866,40,155.487429,1.0,True,40,0,0,874.2131762504578,1073.4159936904907,4.376448011398315,874.2131762504578,completed
3220.021389,40,155.541096,1.0,True,40,0,0,1000.4149942398071,1242.5230135917664,7.474428749084472,1000.4149942398071,completed
2845.272286,40,155.595154,1.0,True,40,0,0,961.3178677558899,1289.5845212936401,10.86742525100708,961.3178677558899,completed
3072.46582,40,155.647604,1.0,True,40,0,0,937.5020942687988,1299.7896456718445,9.628303909301758,937.5020942687988,completed
3622.675489,40,155.699282,1.0,True,40,0,0,902.0404980182648,1293.2666363716125,4.043836402893066,902.0404980182648,completed
3085.398107,40,155.752097,1.0,True,40,0,0,996.7700403928757,1416.91645693779,7.099147081375122,996.7700403928757,completed
3208.620622,40,155.804469,1.0,True,40,0,0,902.8283267021179,1198.3395419120789,9.581361079216004,902.8283267021179,completed
3518.08503,40,155.857004,1.0,True,40,0,0,932.469927072525,1146.042056798935,5.897334384918213,932.469927072525,completed
3317.824994,40,155.909982,1.0,True,40,0,0,863.2619194984436,1122.451639175415,9.244013142585754,863.2619194984436,completed
1880.764124,40,155.96251,1.0,True,40,0,0,1213.9758381843567,1656.50772190094,15.671148490905761,1213.9758381843567,completed
3229.816054,40,156.0158,1.0,True,40,0,0,904.9917707443237,1184.158483505249,7.932681894302368,904.9917707443237,completed
2640.900098,40,156.069316,1.0,True,40,0,0,987.5022301673889,1299.7142095565796,12.773911666870116,987.5022301673889,completed
1577.461502,40,156.122635,1.0,True,40,0,0,1101.5418429374695,1700.376968383789,19.38998408317566,1101.5418429374695,completed
2375.897366,40,156.176248,1.0,True,40,0,0,1092.7310705184937,1542.6403169631958,11.956995534896851,1092.7310705184937,completed
3399.03143,40,156.229622,1.0,True,40,0,0,908.730593919754,1153.784749031067,7.76958737373352,908.730593919754,completed
1838.961185,40,156.282142,1.0,True,40,0,0,1148.8456877470016,1585.0196311473846,17.97762260437012,1148.8456877470016,completed
2730.894186,40,156.338128,1.0,True,40,0,0,924.4507609009743,1312.2626801729202,12.886830115318299,924.4507609009743,completed
3992.02458,40,156.39342,1.0,True,40,0,0,748.7754790782928,1019.9626784324646,4.0218898296356205,748.7754790782928,completed
3579.409133,40,156.447727,1.0,True,40,0,0,879.558784365654,1191.199624300003,4.594200122356415,879.558784365654,completed
2541.892434,40,156.505902,1.0,True,40,0,0,1147.155101776123,1598.5083827972412,9.643191051483154,1147.155101776123,completed
1728.574869,40,156.559411,1.0,True,40,0,0,1228.5360174179077,1723.4788184165955,16.543460249900818,1228.5360174179077,completed
2200.15934,40,156.615589,1.0,True,40,0,0,1109.5724744796753,1519.5537667274475,14.344850397109985,1109.5724744796753,completed
2505.13557,40,156.669257,1.0,True,40,0,0,1042.7079544067383,1574.149507522583,11.220939993858337,1042.7079544067383,completed
3215.679246,40,156.723574,1.0,True,40,0,0,953.5217776298523,1231.61403465271,7.717903113365173,953.5217776298523,completed
2481.795945,40,156.776256,1.0,True,40,0,0,1179.1604619026184,1735.4138917922974,8.584406208992004,1179.1604619026184,completed
2175.302997,40,156.828809,1.0,True,40,0,0,1268.0630135536194,1590.7507104873657,12.80041766166687,1268.0630135536194,completed
2675.304579,40,156.883335,1.0,True,40,0,0,1060.0762810707092,1424.399980545044,11.022620916366577,1060.0762810707092,completed
1843.238321,40,156.937989,1.0,True,40,0,0,1094.4058225154877,1623.2652201652527,16.869080543518066,1094.4058225154877,completed
4168.040638,40,156.992451,1.0,True,40,0,0,727.7245919704437,915.660749912262,2.788722276687622,727.7245919704437,completed
2893.241785,40,157.045503,1.0,True,40,0,0,946.9502959251404,1310.0537648200989,10.406611204147339,946.9502959251404,completed
1534.822904,40,157.09906,1.0,True,40,0,0,1128.0916583538055,1816.3520045280457,17.81668620109558,1128.0916583538055,completed
3235.969181,40,157.154014,1.0,True,40,0,0,1016.4804601669312,1498.9543800354004,5.191159057617187,1016.4804601669312,completed
2433.208684,40,157.207136,1.0,True,40,0,0,1018.295401096344,1385.8568596839905,13.642144119739532,1018.295401096344,completed
3059.056413,40,158.59846,1.0,True,40,0,0,881.4024770259857,1313.6090455055237,8.776651883125306,881.4024770259857,completed
2261.62275,40,158.65534,1.0,True,40,0,0,1019.0449492931366,1440.2784790992737,15.970549416542053,1019.0449492931366,completed
2548.78969,40,158.710476,1.0,True,40,0,0,1037.7723367214203,1481.1597781181335,11.053389406204223,1037.7723367214203,completed
3232.33587,40,158.766491,1.0,True,40,0,0,1011.2412524223328,1473.5028162002563,5.000828504562378,1011.2412524223328,completed
4040.922388,40,158.821342,1.0,True,40,0,0,831.0152084380388,907.0416015684605,3.4090340614318846,831.0152084380388,completed
1242.389618,40,158.876704,1.0,True,40,0,0,1285.011948108673,1814.7171959877014,20.94267871379852,1285.011948108673,completed
2265.774803,40,158.932349,1.0,True,40,0,0,1068.7754565477371,1579.4338839054108,13.319783139228822,1068.7754565477371,completed
3217.738817,40,158.98844,1.0,True,40,0,0,1008.7036693096161,1288.0549368858337,7.127231884002685,1008.7036693096161,completed
3779.256752,40,159.043049,1.0,True,40,0,0,896.649854183197,1153.293423652649,3.114132118225098,896.649854183197,completed
2668.364793,40,159.097498,1.0,True,40,0,0,1017.6510976552963,1421.051268339157,11.786101913452148,1017.6510976552963,completed
3362.065726,40,159.153802,1.0,True,40,0,0,926.0172345638275,1158.2850477695465,8.04012975692749,926.0172345638275,completed
2338.65232,40,159.209038,1.0,True,40,0,0,1081.3971073627472,1419.2652187347412,13.89147093296051,1081.3971073627472,completed
3842.407739,40,159.263532,1.0,True,40,0,0,855.5839703083038,1077.7228202819824,3.984334707260132,855.5839703083038,completed
3223.81849,40,159.318644,1.0,True,40,0,0,1019.0425176620483,1298.0763688087463,6.523399925231933,1019.0425176620483,completed
4073.75176,40,159.373843,1.0,True,40,0,0,746.8290230035782,939.3021395206451,4.123980903625489,746.8290230035782,completed
2756.113005,40,159.428169,1.0,True,40,0,0,971.1242921352386,1420.935176372528,10.414796566963195,971.1242921352386,completed
3446.787199,40,159.483195,1.0,True,40,0,0,889.5874257087708,1262.0007772445679,5.515743637084961,889.5874257087708,completed
2843.440551,40,159.538427,1.0,True,40,0,0,1035.0507504940033,1347.873954296112,9.848345613479614,1035.0507504940033,completed
1723.210517,40,159.591856,1.0,True,40,0,0,1087.6187353134155,1603.914132118225,18.998908710479736,1087.6187353134155,completed
2724.022232,40,159.647139,1.0,True,40,0,0,925.6276752948761,1274.437804698944,12.858994722366333,925.6276752948761,completed
3456.912335,40,159.702292,1.0,True,40,0,0,834.5727559328079,1083.5975210666656,7.629834222793579,834.5727559328079,completed
2902.147056,40,159.758169,1.0,True,40,0,0,1090.7464039325714,1363.6100177764893,8.792926025390624,1090.7464039325714,completed
1743.368065,40,159.814099,1.0,True,40,0,0,1150.5831680297852,1681.875012397766,17.515244007110596,1150.5831680297852,completed
1610.965934,40,159.868856,1.0,True,40,0,0,1229.3214445114136,1794.136875152588,16.098632955551146,1229.3214445114136,completed
1780.364802,40,159.923216,1.0,True,40,0,0,1238.8675491809845,1813.0626940727234,14.89932131767273,1238.8675491809845,completed
2103.269054,40,159.980247,1.0,True,40,0,0,1100.8241443634033,1733.075837135315,13.310662984848022,1100.8241443634033,completed
3403.413867,40,160.034551,1.0,True,40,0,0,957.9970054626465,1272.815510749817,5.708635854721069,957.9970054626465,completed
3200.341907,40,160.088732,1.0,True,40,0,0,941.6239413022995,1221.189933538437,8.454685020446778,941.6239413022995,completed
3560.345236,40,160.143964,1.0,True,40,0,0,895.2492696046829,1272.5399115085602,4.221391248703003,895.2492696046829,completed
3151.684028,40,160.199479,1.0,True,40,0,0,987.7040917873383,1413.4253945350647,6.699069786071777,987.7040917873383,completed
3408.448165,40,160.254765,1.0,True,40,0,0,873.7061834335327,1134.052927017212,6.623373818397522,873.7061834335327,completed
3202.327764,40,160.308857,1.0,True,40,0,0,912.7538957595825,1262.9157495498657,8.697657179832458,912.7538957595825,completed
2869.753439,40,160.36334,1.0,True,40,0,0,970.5971698760986,1309.8372783660889,10.213340663909912,970.5971698760986,completed
2716.794179,40,160.416709,1.0,True,40,0,0,1044.2674313783646,1607.516898393631,9.042209672927857,1044.2674313783646,completed
2951.875336,40,160.472542,1.0,True,40,0,0,976.9503846168518,1385.4068784713745,8.412585830688476,976.9503846168518,completed
3423.914264,40,160.530629,1.0,True,40,0,0,856.6765127182007,1136.2353916168213,8.402761220932007,856.6765127182007,completed
3042.733241,40,160.58613,1.0,True,40,0,0,1050.9148800373077,1275.312623500824,8.860924315452575,1050.9148800373077,completed
1318.790808,40,160.639891,1.0,True,40,0,0,1271.0264617204666,1784.245091676712,20.824046421051026,1271.0264617204666,completed
2587.337195,40,160.695027,1.0,True,40,0,0,1105.3676795959473,1501.1422052383423,11.352322149276734,1105.3676795959473,completed
4100.7364,40,160.750778,1.0,True,40,0,0,783.725914478302,963.3796291351318,2.866380739212036,783.725914478302,completed
3470.608565,40,160.804833,1.0,True,40,0,0,829.9205083847046,1116.0902032852173,7.04674882888794,829.9205083847046,completed
3268.820523,40,160.859874,1.0,True,40,0,0,882.0954065322876,1141.128553390503,8.521010303497315,882.0954065322876,completed
3818.703571,40,160.921304,1.0,True,40,0,0,863.7212057113647,1220.1665325164795,2.261006498336792,863.7212057113647,completed
4311.359531,40,160.998354,1.0,True,40,0,0,807.2925145626068,968.8077120780945,0.6072059631347656,807.2925145626068,completed
2008.101788,40,161.057653,1.0,True,40,0,0,1190.2017676830292,1493.305767774582,17.12676008939743,1190.2017676830292,completed
2489.090691,40,161.112042,1.0,True,40,0,0,1002.1103360652924,1457.1368026733398,13.334907805919647,1002.1103360652924,completed
4382.631633,40,161.165519,1.0,True,40,0,0,729.6684899330139,796.0697598457336,2.673631715774536,729.6684899330139,completed
3039.531269,40,161.219954,1.0,True,40,0,0,1083.6654605865479,1672.0843954086304,3.5122077465057373,1083.6654605865479,completed
3240.854731,40,161.275156,1.0,True,40,0,0,969.9503405094147,1320.8879132270813,7.30247950553894,969.9503405094147,completed
4355.388086,40,161.329995,1.0,True,40,0,0,760.9377521276474,886.4832923412323,1.5364705085754395,760.9377521276474,completed
3757.797634,40,161.384701,1.0,True,40,0,0,891.4059481620789,1043.5867748260498,4.930166804790497,891.4059481620789,completed
3224.289281,40,162.690328,1.0,True,40,0,0,976.1119675636292,1416.6579484939575,5.208997440338135,976.1119675636292,completed
2556.545285,40,162.745627,1.0,True,40,0,0,1009.4488949775696,1341.924931526184,13.083349418640136,1009.4488949775696,completed
3751.744427,40,162.800477,1.0,True,40,0,0,808.2563006877899,1008.8121075630188,6.732605934143066,808.2563006877899,completed
3192.535971,40,162.852733,1.0,True,40,0,0,1023.4001364707947,1390.535481929779,5.610436463356018,1023.4001364707947,completed
3388.090042,40,162.905583,1.0,True,40,0,0,893.2924025058746,1197.4342761039734,6.484460163116455,893.2924025058746,completed
3876.199309,40,162.962611,1.0,True,40,0,0,833.9580421447754,1027.1160855293274,3.794977140426636,833.9580421447754,completed
3185.210921,40,163.018575,1.0,True,40,0,0,951.4168334007263,1350.6964044570923,6.7896616697311405,951.4168334007263,completed
2502.59696,40,163.070288,1.0,True,40,0,0,1116.2113275527954,1576.9512767791748,9.725372982025146,1116.2113275527954,completed
3900.503424,40,163.12206,1.0,True,40,0,0,907.5861377716064,1047.2880935668945,3.28659987449646,907.5861377716064,completed
2343.379312,40,163.174393,1.0,True,40,0,0,1032.3267154693604,1366.9473528862,13.982282137870788,1032.3267154693604,completed
2937.278088,40,163.226484,1.0,True,40,0,0,969.3494141101837,1353.6577141284943,10.026109719276429,969.3494141101837,completed
2410.939905,40,163.28082,1.0,True,40,0,0,1013.0339460372925,1438.3637533187866,13.862994980812072,1013.0339460372925,completed
2815.53236,40,163.332484,1.0,True,40,0,0,1034.3683633804321,1399.147201538086,8.87230875492096,1034.3683633804321,completed
3035.789428,40,163.384709,1.0,True,40,0,0,880.8576257228851,1327.331591129303,8.570390582084656,880.8576257228851,completed
1161.221039,40,163.436967,1.0,True,40,0,0,1212.5813031196594,1883.5180597305298,20.929503917694092,1212.5813031196594,completed
3953.286794,40,163.488552,1.0,True,40,0,0,835.5195143222809,957.1581182479858,3.7815945863723757,835.5195143222809,completed
3303.185932,40,163.540866,1.0,True,40,0,0,887.4522424936295,1151.3090674877167,8.223784351348877,887.4522424936295,completed
2686.328669,40,163.59291,1.0,True,40,0,0,1006.8619517087936,1536.6970784664154,9.739842176437378,1006.8619517087936,completed
2425.969075,40,163.644651,1.0,True,40,0,0,1031.437413930893,1439.750482082367,13.830536830425263,1031.437413930893,completed
2125.888998,40,163.697136,1.0,True,40,0,0,1133.9595141410828,1624.170708656311,13.964343929290772,1133.9595141410828,completed
2092.310602,40,163.74858,1.0,True,40,0,0,1164.8865027427673,1582.638925075531,14.723183488845825,1164.8865027427673,completed
2961.744987,40,163.800767,1.0,True,40,0,0,974.5185265541077,1397.8232655525208,8.449228811264039,974.5185265541077,completed
4163.201803,40,163.85619,1.0,True,40,0,0,718.5140955448151,914.0895533561707,3.5648903846740723,718.5140955448151,completed
2850.866366,40,163.908953,1.0,True,40,0,0,1065.4053857326508,1347.3543763160706,10.160007357597351,1065.4053857326508,completed
2787.003571,40,163.960299,1.0,True,40,0,0,985.1173486709595,1409.335810661316,11.020707845687866,985.1173486709595,completed
2387.892912,40,164.012532,1.0,True,40,0,0,1085.8318843841553,1522.8587837219238,12.130791187286377,1085.8318843841553,completed
3693.927603,40,164.063695,1.0,True,40,0,0,832.5221722126007,1025.3613114356995,6.108270633220672,832.5221722126007,completed
2895.099029,40,164.115415,1.0,True,40,0,0,992.3849878311157,1411.5433974266052,8.95965301990509,992.3849878311157,completed
2438.914376,40,164.167437,1.0,True,40,0,0,1065.2847621440887,1456.6147999763489,12.870481085777282,1065.2847621440887,completed
2536.748083,40,164.219212,1.0,True,40,0,0,1106.6476254463196,1592.2921876907349,9.784274196624756,1106.6476254463196,completed
2793.413684,40,164.275776,1.0,True,40,0,0,984.1429305076599,1382.125641822815,10.384529399871827,984.1429305076599,completed
3468.154136,40,164.336455,1.0,True,40,0,0,834.0162892341614,1121.0231714248657,6.666382527351379,834.0162892341614,completed
2501.891706,40,164.38927,1.0,True,40,0,0,1222.8737998008728,1688.8022546768188,8.646269178390503,1222.8737998008728,completed
3578.296593,40,164.447248,1.0,True,40,0,0,893.6952686309814,1074.1867389678955,6.111010408401489,893.6952686309814,completed
4264.113836,40,164.503009,1.0,True,40,0,0,706.5866510272026,903.1578615903854,2.5432565689086912,706.5866510272026,completed
2288.041009,40,164.556986,1.0,True,40,0,0,1113.4265851974487,1813.3944282531738,10.114614605903625,1113.4265851974487,completed
1789.000875,40,164.610996,1.0,True,40,0,0,1201.331943511963,1577.2451457977295,18.002878737449645,1201.331943511963,completed
2118.622176,40,164.662522,1.0,True,40,0,0,1168.368158340454,1560.4430351257324,13.735869884490967,1168.368158340454,completed
2669.512432,40,164.714446,1.0,True,40,0,0,938.2189447879791,1366.4605813026428,12.493119525909425,938.2189447879791,completed
3097.263955,40,164.766986,1.0,True,40,0,0,888.1203830242157,1200.192039012909,10.745657157897949,888.1203830242157,completed
2676.652911,40,164.819079,1.0,True,40,0,0,1065.4362728595734,1438.0134673118591,10.465881395339967,1065.4362728595734,completed
2430.009377,40,164.87128,1.0,True,40,0,0,981.3167307376862,1494.0364384651184,12.784506273269653,981.3167307376862,completed
3428.626852,40,164.922801,1.0,True,40,0,0,950.1623129844666,1292.5490655899048,5.493397355079651,950.1623129844666,completed
3123.329128,40,164.975126,1.0,True,40,0,0,886.5918818712234,1292.1657955646515,8.854167097806931,886.5918818712234,completed
3340.493932,40,165.028896,1.0,True,40,0,0,961.961428642273,1246.738657951355,6.8239585876464846,961.961428642273,completed
3021.725509,40,165.08101,1.0,True,40,0,0,953.6258225440979,1233.8560662269592,10.110716557502746,953.6258225440979,completed
3006.982639,40,165.13251,1.0,True,40,0,0,1104.1089243888855,1294.1197934150696,8.65025291442871,1104.1089243888855,completed
3767.104963,40,165.183901,1.0,True,40,0,0,837.1742758750916,1107.6114435195923,4.027723550796509,837.1742758750916,completed
3733.52992,40,165.235604,1.0,True,40,0,0,912.0615653991699,1195.8726778030396,3.6096649408340453,912.0615653991699,completed
3656.921853,40,165.287875,1.0,True,40,0,0,879.6907207965851,1164.9965462684631,3.984593915939331,879.6907207965851,completed
2863.030636,40,165.339676,1.0,True,40,0,0,1025.3242573738098,1392.7757568359375,9.684018468856811,1025.3242573738098,completed
3389.907541,40,165.391139,1.0,True,40,0,0,940.4560099840164,1139.142329454422,7.534528636932373,940.4560099840164,completed
2549.997474,40,166.620531,1.0,True,40,0,0,1139.9249515533447,1606.344518661499,9.175857305526733,1139.9249515533447,completed
3258.501692,40,166.672848,1.0,True,40,0,0,945.3443911075592,1205.2945771217346,8.230845475196839,945.3443911075592,completed
3202.133245,40,166.724863,1.0,True,40,0,0,1048.3260111808777,1349.7691807746887,5.864063119888305,1048.3260111808777,completed
2460.514482,40,166.776814,1.0,True,40,0,0,1191.6770865917206,1939.580150127411,5.9492637634277346,1191.6770865917206,completed
2710.563373,40,166.828717,1.0,True,40,0,0,1086.9068505764008,1554.76420545578,7.963148629665374,1086.9068505764008,completed
2317.152798,40,166.881015,1.0,True,40,0,0,972.2548594474792,1450.0269017219543,14.243308675289153,972.2548594474792,completed
2379.341078,40,166.933029,1.0,True,40,0,0,1048.4341695308685,1392.3630800247192,14.62498790025711,1048.4341695308685,completed
3397.492858,40,166.984394,1.0,True,40,0,0,889.591227054596,1149.0395221710205,7.06011164188385,889.591227054596,completed
4114.315273,40,167.036734,1.0,True,40,0,0,768.302775979042,947.2158081531525,3.0345709025859833,768.302775979042,completed
2317.695889,40,167.088865,1.0,True,40,0,0,1077.3916358947754,1477.3314027786255,14.32255733013153,1077.3916358947754,completed
3333.510709,40,167.141915,1.0,True,40,0,0,977.2364757061005,1321.1048769950867,5.7741505146026615,977.2364757061005,completed
2514.349859,40,167.194055,1.0,True,40,0,0,1028.3197736740112,1387.839415550232,13.150436496734619,1028.3197736740112,completed
2876.692567,40,167.249206,1.0,True,40,0,0,1009.0258927345276,1249.0056247711182,11.299821376800537,1009.0258927345276,completed
2783.008434,40,167.302052,1.0,True,40,0,0,976.025467634201,1349.9648072719574,11.33018746972084,976.025467634201,completed
3076.034428,40,167.354363,1.0,True,40,0,0,986.2916641235352,1298.9801292419434,8.916405391693115,986.2916641235352,completed
3081.093391,40,167.406193,1.0,True,40,0,0,936.0397086143494,1265.0347595214844,9.384306859970092,936.0397086143494,completed
1839.977503,40,167.458441,1.0,True,40,0,0,1138.0582575798035,1570.7280836105347,17.617333126068115,1138.0582575798035,completed
2189.761625,40,167.510693,1.0,True,40,0,0,1122.263799905777,1485.7952933311462,14.843815898895263,1122.263799905777,completed
2636.514547,40,167.56824,1.0,True,40,0,0,1087.9747095108032,1399.0132846832275,11.02232518196106,1087.9747095108032,completed
2597.411644,40,167.620393,1.0,True,40,0,0,985.5661945343018,1433.167049407959,11.184561061859132,985.5661945343018,completed
3394.26817,40,167.677078,1.0,True,40,0,0,891.2770440578461,1227.9443469047546,6.940335273742676,891.2770440578461,completed
3355.291396,40,167.732486,1.0,True,40,0,0,950.7090013027191,1244.4369785785675,6.755031585693359,950.7090013027191,completed
4142.388208,40,167.788711,1.0,True,40,0,0,772.7575888633728,878.8179974555969,4.215718019008636,772.7575888633728,completed
3230.673339,40,167.844775,1.0,True,40,0,0,918.9860391616821,1266.7155075073242,7.61934974193573,918.9860391616821,completed
3063.790546,40,167.897656,1.0,True,40,0,0,849.397780418396,1252.858491897583,10.417830562591552,849.397780418396,completed
3548.671356,40,167.949592,1.0,True,40,0,0,812.681628704071,1140.3390102386475,7.429334449768066,812.681628704071,completed
3474.294073,40,168.002707,1.0,True,40,0,0,813.8858736753464,1042.3206222057343,7.51027147769928,813.8858736753464,completed
3027.516185,40,168.054556,1.0,True,40,0,0,973.6910495758057,1321.371994972229,8.371999883651734,973.6910495758057,completed
3289.27424,40,168.106291,1.0,True,40,0,0,889.3025035858154,1153.0716123580933,8.359568548202514,889.3025035858154,completed
3026.632371,40,168.157915,1.0,True,40,0,0,922.5222251415253,1257.4464039802551,9.645790624618531,922.5222251415253,completed
3465.321015,40,168.20929,1.0,True,40,0,0,872.5514008998871,1156.259131193161,6.865788745880127,872.5514008998871,completed
3384.265613,40,168.260739,1.0,True,40,0,0,833.6924014091492,1215.880205631256,7.663134002685547,833.6924014091492,completed
3580.849111,40,168.312829,1.0,True,40,0,0,933.472804069519,1150.4143295288086,5.045143055915832,933.472804069519,completed
3671.912604,40,168.364692,1.0,True,40,0,0,821.1796482205391,1068.8393360376358,6.183204221725464,821.1796482205391,completed
3428.846154,40,168.417248,1.0,True,40,0,0,872.2271661758423,1195.949725151062,7.090910601615906,872.2271661758423,completed
3701.495199,40,168.468982,1.0,True,40,0,0,882.4323511123657,1061.9173974990845,5.449203157424927,882.4323511123657,completed
3870.505558,40,168.520566,1.0,True,40,0,0,789.5986123085022,1087.27779006958,3.996621322631836,789.5986123085022,completed
3194.552795,40,168.573038,1.0,True,40,0,0,979.1570973396301,1243.7648887634277,7.93514461517334,979.1570973396301,completed
3753.192535,40,168.628646,1.0,True,40,0,0,933.9038622379303,1210.9946637153625,3.3046377182006834,933.9038622379303,completed
3341.614644,40,168.681862,1.0,True,40,0,0,911.7057571411133,1298.4068584442139,6.163929462432861,911.7057571411133,completed
2983.28615,40,168.734091,1.0,True,40,0,0,934.9248204231262,1292.3459281921387,10.23973045349121,934.9248204231262,completed
3347.315248,40,168.786741,1.0,True,40,0,0,1001.1611905097961,1407.1359643936157,3.926730954647064,1001.1611905097961,completed
3697.222553,40,168.840281,1.0,True,40,0,0,938.2046296596527,1184.6852021217346,3.7087618350982665,938.2046296596527,completed
3083.515185,40,168.892002,1.0,True,40,0,0,920.0088906288147,1288.1277704238892,9.469236660003663,920.0088906288147,completed
3006.832244,40,168.943747,1.0,True,40,0,0,1033.1891222000122,1417.568570137024,7.174110698699951,1033.1891222000122,completed
2474.929988,40,168.996274,1.0,True,40,0,0,1146.2776761054993,1707.9197940826416,10.23239541053772,1146.2776761054993,completed
2564.566982,40,169.049589,1.0,True,40,0,0,1028.5882415771484,1341.6397943496704,14.093453741073608,1028.5882415771484,completed
3227.854611,40,169.101926,1.0,True,40,0,0,993.6268393993378,1287.183765888214,6.813339281082153,993.6268393993378,completed
3752.131911,40,169.1537,1.0,True,40,0,0,798.5653953552246,1073.5773873329163,4.65992157459259,798.5653953552246,completed
3636.339601,40,169.205395,1.0,True,40,0,0,961.3558087348938,1240.3184089660645,3.531208300590515,961.3558087348938,completed
3030.376914,40,169.256915,1.0,True,40,0,0,925.9905607700348,1270.9966673851013,9.699155187606811,925.9905607700348,completed
3989.630683,40,170.579575,1.0,True,40,0,0,802.1944780349731,1030.1190748214722,2.886520600318909,802.1944780349731,completed
3365.901012,40,170.631372,1.0,True,40,0,0,1035.6972122192383,1422.4146242141724,3.8503071784973146,1035.6972122192383,completed
3011.457336,40,170.683428,1.0,True,40,0,0,994.3083596229553,1379.9396438598633,8.5503005027771,994.3083596229553,completed
2610.474714,40,170.734709,1.0,True,40,0,0,1092.003660917282,1674.594159603119,8.153368926048278,1092.003660917282,completed
3530.161847,40,170.785883,1.0,True,40,0,0,985.5697202682495,1139.2120418548584,5.754538440704346,985.5697202682495,completed
3701.093035,40,170.838598,1.0,True,40,0,0,811.1582283973694,1091.765645980835,5.5783727169036865,811.1582283973694,completed
3030.092623,40,170.890686,1.0,True,40,0,0,1037.0173785686493,1228.1923201084137,8.833567476272583,1037.0173785686493,completed
1005.966545,40,170.941654,1.0,True,40,0,0,1376.0346603393555,2063.910747528076,20.41388545036316,1376.0346603393555,completed
2204.57858,40,170.993048,1.0,True,40,0,0,1050.6174182891846,1563.1897048950195,13.194278669357299,1050.6174182891846,completed
3265.515744,40,171.043922,1.0,True,40,0,0,1001.0858840942383,1307.1216926574707,6.012485790252685,1001.0858840942383,completed
3772.879446,40,171.095515,1.0,True,40,0,0,827.3287624120712,1080.5017640590668,4.714641952514649,827.3287624120712,completed
2846.569264,40,171.146559,1.0,True,40,0,0,1011.4690523147583,1609.479362487793,7.639025068283081,1011.4690523147583,completed
4550.301832,40,171.197215,1.0,True,40,0,0,671.6204017400742,800.3030412197113,0.9549072742462158,671.6204017400742,completed
4184.813989,40,171.248624,1.0,True,40,0,0,723.7568346261978,907.3592693805695,3.3479589223861694,723.7568346261978,completed
2230.865127,40,171.299781,1.0,True,40,0,0,1026.7981564998627,1503.0203232765198,14.184170293807984,1026.7981564998627,completed
2669.162692,40,171.351994,1.0,True,40,0,0,1079.309278011322,1619.5746245384216,8.896495676040649,1079.309278011322,completed
3664.958939,40,171.402938,1.0,True,40,0,0,911.9535653591156,1231.703854084015,3.6624335289001464,911.9535653591156,completed
3515.969412,40,171.453909,1.0,True,40,0,0,793.4313521385193,1024.159409046173,8.954955339431763,793.4313521385193,completed
3913.285598,40,171.504806,1.0,True,40,0,0,856.7451319694519,1077.458664894104,3.0932848930358885,856.7451319694519,completed
3244.359389,40,171.556065,1.0,True,40,0,0,974.9117221832275,1224.7854843139648,7.605369305610656,974.9117221832275,completed
1888.504778,40,171.607177,1.0,True,40,0,0,1115.3023896217346,1558.5574922561646,17.66125683784485,1115.3023896217346,completed
1287.078071,40,171.658015,1.0,True,40,0,0,1210.1702075004578,1753.2958974838257,20.85242896080017,1210.1702075004578,completed
3356.22718,40,171.709143,1.0,True,40,0,0,887.9841840267181,1152.1891160011292,7.544678521156311,887.9841840267181,completed
3492.873165,40,171.760159,1.0,True,40,0,0,956.6611571311951,1100.4508752822876,6.970427227020264,956.6611571311951,completed
2447.438568,40,171.812082,1.0,True,40,0,0,1047.0259673595428,1571.6502585411072,11.631632089614868,1047.0259673595428,completed
4201.913042,40,171.863694,1.0,True,40,0,0,766.8489995002747,932.2126216888428,2.469295930862427,766.8489995002747,completed
4090.302157,40,171.916927,1.0,True,40,0,0,857.2537364959717,1014.4881963729858,2.055107307434082,857.2537364959717,completed
2195.919034,40,171.974595,1.0,True,40,0,0,1128.3648023605347,1553.3000602722168,13.167900228500367,1128.3648023605347,completed
4153.34372,40,172.030979,1.0,True,40,0,0,783.8638796806335,985.8321838378906,2.2115318775177,783.8638796806335,completed
3482.739343,40,172.098655,1.0,True,40,0,0,899.7246165275574,1150.7553024291992,6.207438182830811,899.7246165275574,completed
2742.963382,40,172.153493,1.0,True,40,0,0,1014.0528800487518,1318.1020846366882,11.671157455444336,1014.0528800487518,completed
3545.02665,40,172.20499,1.0,True,40,0,0,904.2257318496704,1124.5096235275269,5.443466567993164,904.2257318496704,completed
3877.525907,40,172.256183,1.0,True,40,0,0,860.5579442977905,1005.8549432754517,4.808736109733582,860.5579442977905,completed
3205.684731,40,172.308455,1.0,True,40,0,0,1100.6472053527832,1386.6351346969604,5.545353722572327,1100.6472053527832,completed
3197.184196,40,172.360125,1.0,True,40,0,0,1010.7674903869629,1608.0762386322021,3.280893087387085,1010.7674903869629,completed
3156.888039,40,172.412252,1.0,True,40,0,0,924.9347476959229,1310.7065382003784,7.892174005508423,924.9347476959229,completed
2574.03455,40,172.463387,1.0,True,40,0,0,1034.881679534912,1502.721152305603,11.088039684295655,1034.881679534912,completed
3758.735411,40,172.51496,1.0,True,40,0,0,880.7254774570465,1040.7989547252655,5.036880660057068,880.7254774570465,completed
3098.072817,40,172.566158,1.0,True,40,0,0,901.4348900318146,1222.661723613739,10.014229416847229,901.4348900318146,completed
2331.103535,40,172.617187,1.0,True,40,0,0,1054.1225652694702,1484.5705432891846,14.229941606521606,1054.1225652694702,completed
2176.958088,40,172.670778,1.0,True,40,0,0,1098.7857460975647,1571.9060640335083,14.308422422409057,1098.7857460975647,completed
3651.137111,40,172.724508,1.0,True,40,0,0,874.0199317932129,1208.316312789917,4.128787326812744,874.0199317932129,completed
1611.521934,40,172.776,1.0,True,40,0,0,1193.8053703308105,1766.8749313354492,17.670405244827272,1193.8053703308105,completed
2159.786835,40,172.830123,1.0,True,40,0,0,1176.1289858818054,1631.270170211792,12.501732325553894,1176.1289858818054,completed
3524.287467,40,172.881635,1.0,True,40,0,0,894.357136964798,1119.4390933513641,6.471440601348877,894.357136964798,completed
2987.142474,40,172.933134,1.0,True,40,0,0,915.0033710002899,1276.4379034042358,9.622172617912293,915.0033710002899,completed
3370.795335,40,172.984445,1.0,True,40,0,0,936.652055978775,1158.8151440620422,6.906459665298462,936.652055978775,completed
2762.371809,40,173.035745,1.0,True,40,0,0,970.8153738975525,1375.0985689163208,10.656631755828858,970.8153738975525,completed
2886.934731,40,173.08675,1.0,True,40,0,0,1089.9992547035217,1657.9453573226929,5.879072785377502,1089.9992547035217,completed
1823.139004,40,173.137613,1.0,True,40,0,0,1255.206407546997,1646.6839990615845,16.529809403419495,1255.206407546997,completed
2679.766257,40,173.188733,1.0,True,40,0,0,942.3682765960693,1376.6435089111328,12.506311464309693,942.3682765960693,completed
1566.239119,40,174.514277,1.0,True,40,0,0,1322.152826309204,1864.455451965332,15.619602346420288,1322.152826309204,completed
3290.679632,40,174.567415,1.0,True,40,0,0,944.6791081428528,1216.6800603866577,7.364560461044311,944.6791081428528,completed
2306.328377,40,174.622977,1.0,True,40,0,0,970.588461637497,1441.4402408599854,15.134178507328034,970.588461637497,completed
2841.285012,40,174.675013,1.0,True,40,0,0,1056.7823915481567,1488.0086612701416,8.410450315475464,1056.7823915481567,completed
3501.551103,40,174.726868,1.0,True,40,0,0,903.6752550601959,1205.1952152252197,5.8191125869750975,903.6752550601959,completed
2758.374078,40,174.778573,1.0,True,40,0,0,1087.5747814178467,1580.8606882095337,8.251678705215454,1087.5747814178467,completed
2315.654005,40,174.830564,1.0,True,40,0,0,1161.1736781597137,1623.6649768352509,11.395128917694091,1161.1736781597137,completed
2312.827097,40,174.882305,1.0,True,40,0,0,1070.9415340423584,1490.9680137634277,13.306789588928222,1070.9415340423584,completed
2712.114152,40,174.93395,1.0,True,40,0,0,941.7988693714142,1246.0561270713806,12.96430983543396,941.7988693714142,completed
3754.601907,40,174.985714,1.0,True,40,0,0,836.0186605453491,1091.1103208065033,5.044569301605224,836.0186605453491,completed
3685.125127,40,175.037852,1.0,True,40,0,0,803.262672662735,1068.8885760307312,5.839247941970825,803.262672662735,completed
3649.290942,40,175.092205,1.0,True,40,0,0,929.5211992263794,1227.9450407028198,3.778209924697876,929.5211992263794,completed
3961.414941,40,175.14419,1.0,True,40,0,0,764.081986695528,966.0263429284096,4.718836116790771,764.081986695528,completed
2536.280308,40,175.196196,1.0,True,40,0,0,1032.4577987194061,1460.4144620895386,13.097363805770874,1032.4577987194061,completed
3490.547295,40,175.250722,1.0,True,40,0,0,898.6983354091644,1255.1676077842712,5.619366693496704,898.6983354091644,completed
3720.059629,40,175.30406,1.0,True,40,0,0,878.0170052051544,1175.8259539604187,3.684020233154297,878.0170052051544,completed
3031.992087,40,175.356248,1.0,True,40,0,0,927.4418399333954,1307.1604993343353,8.858328247070313,927.4418399333954,completed
3089.963947,40,175.407686,1.0,True,40,0,0,929.8578963279724,1141.0242948532104,10.399932384490967,929.8578963279724,completed
3817.060209,40,175.45879,1.0,True,40,0,0,944.3662419319153,1144.5075178146362,2.717022204399109,944.3662419319153,completed
3412.035862,40,175.510269,1.0,True,40,0,0,919.8410789966583,1143.874990940094,7.034962511062622,919.8410789966583,completed
3188.844256,40,175.562004,1.0,True,40,0,0,897.6049102544785,1236.260725736618,9.03382499217987,897.6049102544785,completed
2291.763834,40,175.614667,1.0,True,40,0,0,1000.7856016159058,1464.0630340576172,15.091193342208863,1000.7856016159058,completed
3707.74396,40,175.666229,1.0,True,40,0,0,821.2609100341797,1068.2519388198853,5.7427795171737674,821.2609100341797,completed
2636.190662,40,175.717976,1.0,True,40,0,0,1083.807690501213,1361.7145059108734,12.195484590530395,1083.807690501213,completed
3005.836397,40,175.769609,1.0,True,40,0,0,1009.842173576355,1348.9922695159912,8.304585027694703,1009.842173576355,completed
2002.004705,40,175.821263,1.0,True,40,0,0,1218.1678602695465,1884.2851026058197,11.929762077331542,1218.1678602695465,completed
3652.213352,40,175.872871,1.0,True,40,0,0,864.6752514839172,1036.2583003044128,6.863717079162598,864.6752514839172,completed
1967.121738,40,175.925182,1.0,True,40,0,0,1207.1079626083374,1591.5527696609497,15.22381796836853,1207.1079626083374,completed
3916.387136,40,175.977356,1.0,True,40,0,0,770.771960735321,1001.7554874420166,3.8027331471443175,770.771960735321,completed
3599.075763,40,176.029185,1.0,True,40,0,0,958.3200716972351,1078.2584104537964,6.248099279403687,958.3200716972351,completed
3938.129136,40,176.080819,1.0,True,40,0,0,871.9107270240784,1024.6812105178833,3.3946887016296388,871.9107270240784,completed
2624.935181,40,176.133847,1.0,True,40,0,0,998.0831359624863,1443.243880033493,11.858083373308181,998.0831359624863,completed
3148.247852,40,176.185564,1.0,True,40,0,0,968.8483529090881,1264.1025524139404,8.624129104614259,968.8483529090881,completed
3837.324052,40,176.237146,1.0,True,40,0,0,874.1404061317444,1199.3011236190796,2.237005853652954,874.1404061317444,completed
2578.225305,40,176.28875,1.0,True,40,0,0,1055.6663074493408,1530.0545711517334,10.19143602848053,1055.6663074493408,completed
2913.48588,40,176.340591,1.0,True,40,0,0,869.6937878131866,1258.7207102775574,11.438813322782517,869.6937878131866,completed
2996.003429,40,176.392187,1.0,True,40,0,0,949.0033822059631,1298.7439470291138,10.199702501296997,949.0033822059631,completed
1223.310299,40,176.44408,1.0,True,40,0,0,1285.5936986207962,2147.5813372135162,16.287425136566164,1285.5936986207962,completed
3311.855746,40,176.495515,1.0,True,40,0,0,930.7520871162415,1163.4369249343872,7.936404800415039,930.7520871162415,completed
3389.758696,40,176.547016,1.0,True,40,0,0,987.8201766014099,1497.1430864334106,3.1961475372314454,987.8201766014099,completed
2802.024684,40,176.599387,1.0,True,40,0,0,1057.2858200073242,1357.0763874053955,10.697747468948364,1057.2858200073242,completed
2345.004056,40,176.651933,1.0,True,40,0,0,1214.280898809433,1825.9257731437683,8.161363172531129,1214.280898809433,completed
3324.318781,40,176.703572,1.0,True,40,0,0,886.466712474823,1164.421555519104,7.474218511581421,886.466712474823,completed
3197.140867,40,176.755534,1.0,True,40,0,0,916.9173913002014,1207.6976499557495,8.24051604270935,916.9173913002014,completed
3308.727025,40,176.807124,1.0,True,40,0,0,878.8636569976807,1274.6038751602173,7.461131477355957,878.8636569976807,completed
3530.614783,40,176.858974,1.0,True,40,0,0,847.3374989032745,1165.2463726997375,6.115146350860596,847.3374989032745,completed
2733.584104,40,176.911047,1.0,True,40,0,0,1027.9515686035156,1523.7390384674072,8.856650161743165,1027.9515686035156,completed
2855.318158,40,176.963544,1.0,True,40,0,0,1049.3958773612976,1377.539001941681,9.184392666816711,1049.3958773612976,completed
2986.274013,40,177.01518,1.0,True,40,0,0,980.579728603363,1400.0691766738892,8.066275691986084,980.579728603363,completed
3639.001874,40,177.067461,1.0,True,40,0,0,941.8641028404236,1036.3148484230042,5.824166631698608,941.8641028404236,completed
3565.008433,40,177.122199,1.0,True,40,0,0,905.8985261917114,1262.8173637390137,3.90441689491272,905.8985261917114,completed
2073.227429,40,178.459842,1.0,True,40,0,0,1113.1380972862244,1547.8080606460571,14.891260576248168,1113.1380972862244,completed
2926.478868,40,178.512186,1.0,True,40,0,0,975.3288419246674,1344.5105340480804,9.617027997970581,975.3288419246674,completed
3524.617426,40,178.563345,1.0,True,40,0,0,853.5704898834229,1062.00133228302,7.562985181808472,853.5704898834229,completed
4013.270736,40,178.614305,1.0,True,40,0,0,864.5278971195221,968.0027270317078,3.2901190757751464,864.5278971195221,completed
2460.69844,40,178.665353,1.0,True,40,0,0,995.4656467437744,1446.1750802993774,13.26536979675293,995.4656467437744,completed
1943.580711,40,178.716612,1.0,True,40,0,0,1070.9526364207268,1574.9442247152328,17.3926132440567,1070.9526364207268,completed
3482.154839,40,178.767998,1.0,True,40,0,0,761.442503452301,1071.3804097175598,8.030765104293824,761.442503452301,completed
3506.519301,40,178.819088,1.0,True,40,0,0,1031.1730108261108,1360.2727918624878,3.6059602737426757,1031.1730108261108,completed
4224.480317,40,178.872281,1.0,True,40,0,0,780.1126551628113,873.5554213523865,2.269264078140259,780.1126551628113,completed
3041.51925,40,178.923376,1.0,True,40,0,0,925.1669688224792,1294.6642293930054,9.553123950958252,925.1669688224792,completed
3331.400568,40,178.974475,1.0,True,40,0,0,932.2237179279327,1219.6183323860168,6.90856294631958,932.2237179279327,completed
3391.991979,40,179.025412,1.0,True,40,0,0,871.1317691802979,1169.1107182502747,6.99133962392807,871.1317691802979,completed
3758.534632,40,179.076606,1.0,True,40,0,0,884.8039082884789,1042.036139369011,4.991790866851806,884.8039082884789,completed
3456.325696,40,179.127673,1.0,True,40,0,0,867.8194394111633,1090.8089175224304,7.288660383224487,867.8194394111633,completed
3130.137486,40,179.178715,1.0,True,40,0,0,938.5863432884216,1261.041732788086,8.182060027122498,938.5863432884216,completed
3179.932681,40,179.229661,1.0,True,40,0,0,997.5780649185181,1303.1826286315918,7.475244855880737,997.5780649185181,completed
2796.052179,40,179.280464,1.0,True,40,0,0,986.0105772018433,1374.2471017837524,10.758370780944825,986.0105772018433,completed
2474.306588,40,179.331489,1.0,True,40,0,0,1121.2297112941742,1568.279939174652,10.473095655441284,1121.2297112941742,completed
2751.112172,40,179.386753,1.0,True,40,0,0,912.9728984832764,1267.9717054367065,13.016690158843994,912.9728984832764,completed
2960.213127,40,179.438062,1.0,True,40,0,0,919.4082429409027,1214.7504329681396,11.086455631256104,919.4082429409027,completed
2822.758677,40,179.489995,1.0,True,40,0,0,1002.0712305307388,1357.4931147098541,9.909451985359192,1002.0712305307388,completed
4449.448839,40,179.54107,1.0,True,40,0,0,748.3584697246552,875.0651760101318,0.9245548248291016,748.3584697246552,completed
2621.466405,40,179.592074,1.0,True,40,0,0,1110.9077777862549,1472.0265522003174,10.34699651002884,1110.9077777862549,completed
3111.132105,40,179.643445,1.0,True,40,0,0,933.7322354316711,1249.3607597351074,8.616646480560302,933.7322354316711,completed
3371.574999,40,179.696041,1.0,True,40,0,0,962.8060636520386,1278.5080089569092,6.304781913757324,962.8060636520386,completed
3038.787755,40,179.747019,1.0,True,40,0,0,963.7022612690926,1209.4942384958267,10.156840324401855,963.7022612690926,completed
1447.580699,40,179.798826,1.0,True,40,0,0,1064.359667301178,1692.6011724472046,19.524277639389037,1064.359667301178,completed
3118.081767,40,179.849455,1.0,True,40,0,0,953.2989373207092,1203.5456733703613,9.012982869148255,953.2989373207092,completed
2467.266236,40,179.900683,1.0,True,40,0,0,1000.1769927144051,1371.4586077928543,14.17528874874115,1000.1769927144051,completed
1432.000615,40,179.95133,1.0,True,40,0,0,1169.297752380371,1654.1165189743042,20.711157035827636,1169.297752380371,completed
3142.108495,40,180.002212,1.0,True,40,0,0,904.2558703422546,1269.308645248413,8.176230907440186,904.2558703422546,completed
3838.511742,40,180.05494,1.0,True,40,0,0,909.1030721664429,1140.13760471344,2.7734381198883056,909.1030721664429,completed
3111.955385,40,180.107934,1.0,True,40,0,0,908.9696880578995,1302.427724123001,8.68740382194519,908.9696880578995,completed
2378.892138,40,180.161282,1.0,True,40,0,0,1070.4428162574768,1553.200228691101,13.191524004936218,1070.4428162574768,completed
2039.984431,40,180.213948,1.0,True,40,0,0,1136.4516944885254,1630.382158279419,15.246552228927612,1136.4516944885254,completed
2978.106191,40,180.26545,1.0,True,40,0,0,987.6191766262054,1263.565586566925,9.992501974105835,987.6191766262054,completed
4392.238802,40,180.317653,1.0,True,40,0,0,756.6099438667297,854.5772180557251,1.5470036506652831,756.6099438667297,completed
1850.299844,40,180.369937,1.0,True,40,0,0,1119.0102145671844,1625.3843970298767,16.567139887809752,1119.0102145671844,completed
3989.585969,40,180.421919,1.0,True,40,0,0,787.7582473754883,1046.8684935569763,3.077546739578247,787.7582473754883,completed
2292.77481,40,180.47498,1.0,True,40,0,0,1034.3889501094818,1595.00736951828,12.088546419143677,1034.3889501094818,completed
3071.723875,40,180.526319,1.0,True,40,0,0,946.2179555892944,1379.3142204284668,8.478746366500854,946.2179555892944,completed
-100.899485,40,180.577786,1.0,True,40,0,0,1347.691391468048,2287.016200065613,28.582085371017456,1347.691391468048,completed
3753.750607,40,180.628997,1.0,True,40,0,0,811.9707307815552,1042.9563302993774,4.960187387466431,811.9707307815552,completed
2481.013413,40,180.680268,1.0,True,40,0,0,967.0826759338379,1313.323857307434,15.051009225845338,967.0826759338379,completed
3339.491272,40,180.732027,1.0,True,40,0,0,970.6810932159424,1274.2348175048828,5.768022155761718,970.6810932159424,completed
3245.644675,40,180.78313,1.0,True,40,0,0,863.1020293235779,1234.414628982544,7.045475196838379,863.1020293235779,completed
2232.068798,40,180.834116,1.0,True,40,0,0,1153.9016509056091,1630.0019159317017,11.469851303100587,1153.9016509056091,completed
3080.212734,40,180.885943,1.0,True,40,0,0,1006.8604409694672,1377.4812560081482,7.630520248413086,1006.8604409694672,completed
3424.589711,40,180.936765,1.0,True,40,0,0,836.9950776696205,1117.507681965828,7.8619349002838135,836.9950776696205,completed
3751.937957,40,180.987822,1.0,True,40,0,0,814.2337868213654,1073.8204367160797,5.47899112701416,814.2337868213654,completed
2766.051767,40,181.038997,1.0,True,40,0,0,1030.0616906881332,1353.514797925949,10.775561761856078,1030.0616906881332,completed
2667.264836,40,182.327347,1.0,True,40,0,0,1079.119276046753,1419.0505504608154,10.428849911689758,1079.119276046753,completed
2135.47179,40,182.384072,1.0,True,40,0,0,1078.302705526352,1477.1605906486511,16.595874214172362,1078.302705526352,completed
3450.869991,40,182.43816,1.0,True,40,0,0,971.5667843818665,1216.7224297523499,5.7849408149719235,971.5667843818665,completed
2506.527888,40,182.491144,1.0,True,40,0,0,976.6277713775635,1522.67063331604,11.781971907615661,976.6277713775635,completed
1180.351862,40,182.547883,1.0,True,40,0,0,1232.1066226959229,1761.8561668395996,22.21677975654602,1232.1066226959229,completed
1257.868728,40,182.60165,1.0,True,40,0,0,1324.736072063446,1777.4024715423584,20.651836371421815,1324.736072063446,completed
1870.901795,40,182.65644,1.0,True,40,0,0,1231.5163276195526,1799.8530859947205,14.004375171661376,1231.5163276195526,completed
3880.31651,40,182.714503,1.0,True,40,0,0,885.6478297710419,1194.1846814155579,1.996145534515381,885.6478297710419,completed
3584.463685,40,182.767518,1.0,True,40,0,0,979.1249403953552,1335.1869902610779,2.429445767402649,979.1249403953552,completed
1711.190386,40,182.821188,1.0,True,40,0,0,1185.7000119686127,1891.9268279075623,13.828376197814942,1185.7000119686127,completed
3432.816564,40,182.874412,1.0,True,40,0,0,944.055847287178,1187.0902740955353,5.999382829666137,944.055847287178,completed
2494.469781,40,182.928005,1.0,True,40,0,0,1163.7953255176544,1573.7112345695496,10.764633321762085,1163.7953255176544,completed
2126.394365,40,182.982055,1.0,True,40,0,0,1195.6143672466278,1601.5966868400574,13.806008243560791,1195.6143672466278,completed
1683.87637,40,183.036174,1.0,True,40,0,0,1346.9002041816711,1846.3752698898315,15.149633884429932,1346.9002041816711,completed
2707.00042,40,183.091431,1.0,True,40,0,0,1010.6462450027466,1499.9607791900635,10.270687198638916,1010.6462450027466,completed
2045.1475,40,183.148513,1.0,True,40,0,0,1258.0729230046272,1558.2935634851456,14.323572826385497,1258.0729230046272,completed
2428.060462,40,183.203792,1.0,True,40,0,0,1002.8891839981079,1421.1228761672974,13.337135791778564,1002.8891839981079,completed
3720.31485,40,183.258004,1.0,True,40,0,0,931.6914501190186,1058.7539596557617,5.20051155090332,931.6914501190186,completed
3683.737901,40,183.311073,1.0,True,40,0,0,939.6585665941238,1159.5114295482635,3.9000548362731933,939.6585665941238,completed
3659.665299,40,183.364511,1.0,True,40,0,0,892.4112968444824,1045.0108604431152,5.81719970703125,892.4112968444824,completed
2254.447924,40,183.418623,1.0,True,40,0,0,1000.0983805656433,1557.657229423523,14.588376188278199,1000.0983805656433,completed
3636.784493,40,183.472075,1.0,True,40,0,0,843.4832682013512,1120.0054882764816,4.8139938592910765,843.4832682013512,completed
2896.92262,40,183.525839,1.0,True,40,0,0,898.3546073436737,1288.0572929382324,11.340019917488098,898.3546073436737,completed
3293.537398,40,183.579521,1.0,True,40,0,0,947.9483289718628,1219.7131843566895,7.262613773345947,947.9483289718628,completed
2834.727872,40,183.634123,1.0,True,40,0,0,912.0753979682922,1418.688060760498,10.530875277519225,912.0753979682922,completed
2916.924154,40,183.687401,1.0,True,40,0,0,1011.0494563579559,1530.732319355011,7.2205077648162845,1011.0494563579559,completed
3439.872477,40,183.740827,1.0,True,40,0,0,937.8674694299698,1117.9155161380768,7.221249675750732,937.8674694299698,completed
2873.281283,40,183.794158,1.0,True,40,0,0,1093.3445043563843,1395.444725036621,8.696535205841064,1093.3445043563843,completed
3345.082198,40,183.846931,1.0,True,40,0,0,852.0507979393005,1076.6622185707092,8.36698603630066,852.0507979393005,completed
3500.387483,40,183.900903,1.0,True,40,0,0,913.5000854432583,1155.4173147082329,6.131917746365071,913.5000854432583,completed
2580.032849,40,183.955563,1.0,True,40,0,0,1099.4182043075562,1711.7144584655762,7.655379056930542,1099.4182043075562,completed
3537.771667,40,184.009019,1.0,True,40,0,0,866.836368560791,1135.3050284385681,6.291137254238128,866.836368560791,completed
3822.965354,40,184.062329,1.0,True,40,0,0,880.2655031681061,1173.5162978172302,3.037592703104019,880.2655031681061,completed
2157.030654,40,184.116588,1.0,True,40,0,0,966.0349922180176,1443.2339668273926,17.00988733768463,966.0349922180176,completed
3674.973562,40,184.174057,1.0,True,40,0,0,849.7562594413757,1064.5923871994019,5.051513206958771,849.7562594413757,completed
2849.706924,40,184.229278,1.0,True,40,0,0,1046.6148343086243,1294.1293597221375,9.79727349281311,1046.6148343086243,completed
3318.863145,40,184.283293,1.0,True,40,0,0,981.3086400032043,1220.878300666809,6.992319250106812,981.3086400032043,completed
2540.854418,40,184.338689,1.0,True,40,0,0,1065.420464515686,1479.9600639343262,11.586715412139892,1065.420464515686,completed
3243.695772,40,184.394347,1.0,True,40,0,0,941.1505044996738,1397.7843335270882,6.738139486312866,941.1505044996738,completed
3505.550276,40,184.448123,1.0,True,40,0,0,930.6205358505249,1188.9180459976196,5.790844392776489,930.6205358505249,completed
3379.471423,40,184.503401,1.0,True,40,0,0,908.9368228912354,1293.8847541809082,6.0861656665802,908.9368228912354,completed
3348.57391,40,184.646624,1.0,True,40,0,0,934.2325839400291,1172.6849607229233,7.63666353225708,934.2325839400291,completed
1267.57688,40,184.702237,1.0,True,40,0,0,1262.6282172203064,1910.894968032837,19.473271560668945,1262.6282172203064,completed
3239.685938,40,184.75757,1.0,True,40,0,0,965.125118970871,1242.9703831672668,7.799644613265992,965.125118970871,completed
3114.218487,40,184.811052,1.0,True,40,0,0,991.7481451034546,1282.3211116790771,8.314742541313171,991.7481451034546,completed
2672.052542,40,184.887884,1.0,True,40,0,0,1112.9754598140717,1361.3151445388794,10.908944034576416,1112.9754598140717,completed
3025.751731,40,184.94253,1.0,True,40,0,0,1016.6622097492218,1267.8210349082947,9.745597553253173,1016.6622097492218,completed
2394.663937,40,184.996194,1.0,True,40,0,0,1035.9283864498138,1548.2513823509216,13.008781385421752,1035.9283864498138,completed
3897.765987,40,185.050078,1.0,True,40,0,0,874.5519361495972,1117.9435572624207,3.2220617294311524,874.5519361495972,completed
1422.740924,40,185.105684,1.0,True,40,0,0,1181.7212886810303,1655.9827840328217,20.083065509796143,1181.7212886810303,completed
3186.371986,40,185.160538,1.0,True,40,0,0,982.023211479187,1330.0924558639526,6.828904819488526,982.023211479187,completed
2801.154441,40,185.21424,1.0,True,40,0,0,1097.7168412357569,1390.3375559151173,9.32305178642273,1097.7168412357569,completed
1690.444235,40,186.504506,1.0,True,40,0,0,1257.4875246882439,1819.046965956688,14.863894844055176,1257.4875246882439,completed
3759.189554,40,186.556248,1.0,True,40,0,0,853.5733571052551,1108.7790055274963,4.300119066238404,853.5733571052551,completed
2083.897764,40,186.608222,1.0,True,40,0,0,1133.7825300097466,1639.8360275030136,13.650163602828979,1133.7825300097466,completed
3262.591084,40,186.661027,1.0,True,40,0,0,950.9890141487122,1229.190990447998,7.183817720413208,950.9890141487122,completed
3429.764094,40,186.713539,1.0,True,40,0,0,834.3140966892242,1088.7186942100525,8.213211059570312,834.3140966892242,completed
3149.490665,40,186.76485,1.0,True,40,0,0,1007.6935105323792,1345.5002055168152,7.5105375289917,1007.6935105323792,completed
3325.118461,40,186.816904,1.0,True,40,0,0,892.4382210969925,1272.9962060451508,7.489034748077392,892.4382210969925,completed
4028.199204,40,186.868656,1.0,True,40,0,0,917.6781578063965,1190.4792375564575,0.27083425521850585,917.6781578063965,completed
3315.860068,40,186.920223,1.0,True,40,0,0,903.227620601654,1246.09654712677,7.268714475631714,903.227620601654,completed
2950.15447,40,186.972404,1.0,True,40,0,0,938.1458018422127,1370.4312368631363,8.618546104431152,938.1458018422127,completed
3537.364998,40,187.023945,1.0,True,40,0,0,894.575621843338,1286.9834446907043,4.002597999572754,894.575621843338,completed
2985.803514,40,187.076032,1.0,True,40,0,0,916.4850970506668,1236.497406244278,10.48947851061821,916.4850970506668,completed
1952.223922,40,187.127308,1.0,True,40,0,0,1268.9337363243103,1608.1242332458496,15.343489742279052,1268.9337363243103,completed
4272.692094,40,187.178774,1.0,True,40,0,0,786.1566934585571,1012.8287210464478,0.9562787055969239,786.1566934585571,completed
3767.180696,40,187.22999,1.0,True,40,0,0,805.2218301296234,1167.3065242767334,3.7581128597259523,805.2218301296234,completed
3363.333831,40,187.281443,1.0,True,40,0,0,888.3212976455688,1243.7168254852295,6.5073110342025755,888.3212976455688,completed
2308.650109,40,187.333417,1.0,True,40,0,0,1065.1238658428192,1527.4265475273132,12.901329612731933,1065.1238658428192,completed
3360.314633,40,187.385019,1.0,True,40,0,0,938.2367856502533,1237.258071422577,7.196992707252503,938.2367856502533,completed
3504.092682,40,187.436654,1.0,True,40,0,0,929.3833427429199,1135.4681940078735,6.2407787322998045,929.3833427429199,completed
3800.082536,40,187.487971,1.0,True,40,0,0,743.2190700769424,968.5975153446198,5.606609439849853,743.2190700769424,completed
3508.686814,40,187.539286,1.0,True,40,0,0,824.0631977319717,1079.59383893013,7.429025554656983,824.0631977319717,completed
4108.261793,40,187.590787,1.0,True,40,0,0,815.6830434203148,1011.6854857206345,2.1809293270111083,815.6830434203148,completed
2229.805536,40,187.642004,1.0,True,40,0,0,1025.4907953739166,1541.3005986213684,13.680866599082947,1025.4907953739166,completed
3443.440822,40,187.697704,1.0,True,40,0,0,880.6157293319702,1211.8539333343506,5.689380168914795,880.6157293319702,completed
3189.946705,40,187.751268,1.0,True,40,0,0,1061.5236043930054,1369.9660139083862,6.264706468582153,1061.5236043930054,completed
3374.955794,40,187.804267,1.0,True,40,0,0,982.8452363014221,1334.737307548523,4.714075326919556,982.8452363014221,completed
3102.443765,40,187.855866,1.0,True,40,0,0,981.6667370796204,1264.7182903289795,8.77957592010498,981.6667370796204,completed
4033.788345,40,187.907343,1.0,True,40,0,0,745.9786376357079,960.3781703710556,3.7151060581207274,745.9786376357079,completed
2679.691129,40,187.959778,1.0,True,40,0,0,1009.7045164108276,1340.876347541809,12.494027233123779,1009.7045164108276,completed
3922.940358,40,188.011868,1.0,True,40,0,0,890.4469256401062,1022.62992811203,3.47373206615448,890.4469256401062,completed
2883.31089,40,188.063911,1.0,True,40,0,0,1014.7536437511444,1400.9144473075867,9.397887897491454,1014.7536437511444,completed
2429.794639,40,188.118527,1.0,True,40,0,0,1127.0355339050293,1780.300537109375,8.695668125152588,1127.0355339050293,completed
3065.526294,40,188.183223,1.0,True,40,0,0,966.1401612758636,1337.2781558036804,8.984795475006104,966.1401612758636,completed
3254.841236,40,188.250901,1.0,True,40,0,0,955.8095326423645,1313.632800102234,7.020962047576904,955.8095326423645,completed
3732.124615,40,188.309364,1.0,True,40,0,0,871.1675844192505,1135.8678741455078,4.134002161026001,871.1675844192505,completed
2423.393958,40,188.367692,1.0,True,40,0,0,1024.79323387146,1447.9657564163208,13.174597120285034,1024.79323387146,completed
1999.308998,40,188.447608,1.0,True,40,0,0,1094.887783050537,1485.228609085083,17.75008578300476,1094.887783050537,completed
2154.694418,40,188.5083,1.0,True,40,0,0,1061.316329717636,1468.2324805259705,16.293250691890716,1061.316329717636,completed
3419.359929,40,188.561173,1.0,True,40,0,0,918.1365077495575,1224.0386986732483,6.791444969177246,918.1365077495575,completed
3268.501518,40,188.612515,1.0,True,40,0,0,898.9156632423401,1138.5871922969818,9.058789652585983,898.9156632423401,completed
3645.622348,40,188.663715,1.0,True,40,0,0,862.5583117008209,1127.7514386177063,5.078951025009156,862.5583117008209,completed
1114.54097,40,188.715675,1.0,True,40,0,0,1272.1176080703735,1968.4868412017822,20.210661745071413,1272.1176080703735,completed
3085.212103,40,188.767999,1.0,True,40,0,0,963.0342252254486,1342.5186371803284,7.127460765838623,963.0342252254486,completed
1696.751661,40,188.819606,1.0,True,40,0,0,1164.903148174286,1668.8826093673706,17.856694746017457,1164.903148174286,completed
2208.290016,40,188.876473,1.0,True,40,0,0,1028.4857931137085,1504.8962898254395,15.365407371520996,1028.4857931137085,completed
3049.044338,40,188.929381,1.0,True,40,0,0,1029.0401315689087,1349.2969284057617,7.928812026977539,1029.0401315689087,completed
2915.324391,40,188.987354,1.0,True,40,0,0,983.4472703933716,1277.6582326889038,10.927289891242982,983.4472703933716,completed
3128.153423,40,189.051133,1.0,True,40,0,0,949.122462272644,1287.2854330539703,7.766989046335221,949.122462272644,completed
2661.689383,40,189.108186,1.0,True,40,0,0,1025.5191624164581,1618.0051760673523,9.102417826652527,1025.5191624164581,completed
3682.09039,40,189.161652,1.0,True,40,0,0,905.658374786377,1223.8179063796997,3.9164361000061034,905.658374786377,completed
2412.05762,40,189.214186,1.0,True,40,0,0,1116.70241355896,1565.6259565353394,11.946654748916625,1116.70241355896,completed
3032.006019,40,190.529847,1.0,True,40,0,0,923.9518413543701,1214.2128171920776,10.787359714508057,923.9518413543701,completed
3855.733066,40,190.581414,1.0,True,40,0,0,835.8741980791092,1094.1540205478668,3.4271624088287354,835.8741980791092,completed
2767.912591,40,190.632603,1.0,True,40,0,0,1063.119491815567,1373.759045124054,10.851009559631347,1063.119491815567,completed
3627.682173,40,190.685052,1.0,True,40,0,0,827.5460071563721,1026.992193222046,6.326235127449036,827.5460071563721,completed
3991.290821,40,190.735875,1.0,True,40,0,0,853.4730253219604,1111.5559916496277,1.9864221572875977,853.4730253219604,completed
3160.190117,40,190.786855,1.0,True,40,0,0,939.2561473846436,1199.4929342269897,8.335174584388733,939.2561473846436,completed
3504.536902,40,190.837739,1.0,True,40,0,0,844.6612191200256,1093.7976140975952,6.506112384796142,844.6612191200256,completed
2555.204743,40,190.888986,1.0,True,40,0,0,1022.1447546482086,1358.781898021698,13.710603952407837,1022.1447546482086,completed
3887.811235,40,190.940653,1.0,True,40,0,0,794.3974077701569,957.0735831260681,5.222117233276367,794.3974077701569,completed
3503.004697,40,190.99267,1.0,True,40,0,0,828.6671195626259,1119.4485541582108,8.167520266771316,828.6671195626259,completed
2244.415361,40,191.04439,1.0,True,40,0,0,1078.4301264286041,1566.74334192276,13.688861083984374,1078.4301264286041,completed
3759.172133,40,191.095622,1.0,True,40,0,0,800.7676684856415,1061.7469029426575,5.655570912361145,800.7676684856415,completed
3340.354989,40,191.14637,1.0,True,40,0,0,992.4307193756104,1264.927918434143,6.347073364257812,992.4307193756104,completed
3222.715313,40,191.198296,1.0,True,40,0,0,932.5347011089325,1181.1435904502869,8.168823957443237,932.5347011089325,completed
2849.218108,40,191.249296,1.0,True,40,0,0,1022.844709277153,1288.10040640831,10.689557743072509,1022.844709277153,completed
3432.265227,40,191.300046,1.0,True,40,0,0,911.2948408126831,1264.675579071045,5.810184144973755,911.2948408126831,completed
3835.230541,40,191.350985,1.0,True,40,0,0,862.4683962464333,1206.8196688890457,2.559834823012352,862.4683962464333,completed
3520.218068,40,191.401941,1.0,True,40,0,0,984.3838801383972,1074.0811767578125,6.15827887058258,984.3838801383972,completed
2851.315075,40,191.453283,1.0,True,40,0,0,939.6412942409515,1389.8648018836975,10.825610828399657,939.6412942409515,completed
3187.460809,40,191.504179,1.0,True,40,0,0,948.7503957748413,1230.2529544830322,8.125133800506593,948.7503957748413,completed
2287.213424,40,191.556332,1.0,True,40,0,0,990.0137605667114,1441.9279556274414,15.220719599723816,990.0137605667114,completed
3344.727789,40,191.60751,1.0,True,40,0,0,874.4394392967224,1202.2869009971619,7.726161956787109,874.4394392967224,completed
2597.608579,40,191.658625,1.0,True,40,0,0,1056.5648498535156,1522.724470615387,10.355694913864136,1056.5648498535156,completed
3084.421857,40,191.710171,1.0,True,40,0,0,1042.4394483566284,1464.230411529541,6.743262767791748,1042.4394483566284,completed
3129.975278,40,191.760906,1.0,True,40,0,0,1097.7773432731628,1298.9546842575073,7.4063520431518555,1097.7773432731628,completed
3193.035763,40,191.812115,1.0,True,40,0,0,1014.9032101631165,1321.9604063034058,7.235823297500611,1014.9032101631165,completed
3951.78444,40,191.863087,1.0,True,40,0,0,812.906328201294,1058.7634830474854,3.1978991508483885,812.906328201294,completed
2860.066599,40,191.914173,1.0,True,40,0,0,990.119800567627,1349.6971340179443,10.2649334192276,990.119800567627,completed
4260.358581,40,191.965156,1.0,True,40,0,0,781.4315135478973,879.2582411766052,2.0449805736541746,781.4315135478973,completed
2895.872805,40,192.01638,1.0,True,40,0,0,933.0837712287903,1350.6558904647827,10.856943154335022,933.0837712287903,completed
3035.467224,40,192.067606,1.0,True,40,0,0,982.6870822906494,1241.9752445220947,8.671846973896027,982.6870822906494,completed
1715.765547,40,192.132898,1.0,True,40,0,0,1104.4293947219849,1681.5883255004883,18.21037073135376,1104.4293947219849,completed
2742.035995,40,192.192862,1.0,True,40,0,0,976.2473279237747,1471.4766914844513,10.482390594482421,976.2473279237747,completed
2031.646928,40,192.246012,1.0,True,40,0,0,1187.1712846755981,1682.8772449493408,14.2485666513443,1187.1712846755981,completed
3542.188506,40,192.297485,1.0,True,40,0,0,854.2747831344604,1131.0424823760986,6.701248669624329,854.2747831344604,completed
3128.193243,40,192.349292,1.0,True,40,0,0,897.7481791973114,1218.928678035736,9.716703796386719,897.7481791973114,completed
3624.924351,40,192.400446,1.0,True,40,0,0,1013.5411502122879,1415.039559006691,1.5050930500030517,1013.5411502122879,completed
3318.466731,40,192.452153,1.0,True,40,0,0,903.8191962242126,1247.7696981430054,5.958688545227051,903.8191962242126,completed
3286.652177,40,192.502978,1.0,True,40,0,0,1019.0607832670212,1319.5306279659271,6.3803457736969,1019.0607832670212,completed
2534.391542,40,192.554249,1.0,True,40,0,0,1005.7165501117706,1580.8956837654114,11.039915943145752,1005.7165501117706,completed
3590.492053,40,192.60617,1.0,True,40,0,0,837.336280465126,1044.7896559238434,7.4104694604873655,837.336280465126,completed
1452.001208,40,192.657274,1.0,True,40,0,0,1269.709740638733,1864.3076224327087,17.442932033538817,1269.709740638733,completed
2481.751145,40,192.714705,1.0,True,40,0,0,1048.2096552848816,1386.8276624679565,13.422657918930053,1048.2096552848816,completed
3933.176552,40,192.767711,1.0,True,40,0,0,882.5604186058044,1073.7272939682007,2.7023396730422973,882.5604186058044,completed
3936.409474,40,192.818734,1.0,True,40,0,0,726.1621925830841,974.7361054420471,4.883543682098389,726.1621925830841,completed
3794.155091,40,192.869841,1.0,True,40,0,0,855.8540427684784,1173.0607643127441,2.6495705366134645,855.8540427684784,completed
3530.259564,40,192.920956,1.0,True,40,0,0,882.4155554771423,1192.7081747055054,6.103901386260986,882.4155554771423,completed
3070.639985,40,192.975092,1.0,True,40,0,0,1034.8336763381958,1451.088222503662,6.215784549713135,1034.8336763381958,completed
3443.603262,40,193.026997,1.0,True,40,0,0,941.8514412641525,1182.2080330848694,6.260712957382202,941.8514412641525,completed
3985.330104,40,193.078332,1.0,True,40,0,0,865.4520025253296,1136.2167959213257,1.6320027351379394,865.4520025253296,completed
3027.569422,40,193.129353,1.0,True,40,0,0,944.2655212879181,1305.5630764961243,10.059398508071899,944.2655212879181,completed
2736.537093,40,194.380113,1.0,True,40,0,0,1080.9286017417908,1549.4953289031982,9.630761051177979,1080.9286017417908,completed
2806.269333,40,194.436831,1.0,True,40,0,0,1133.6090903282166,1428.5186915397644,8.777433156967163,1133.6090903282166,completed
1702.974866,40,194.493552,1.0,True,40,0,0,1174.689080953598,1834.1439957618713,14.808166122436523,1174.689080953598,completed
4001.47145,40,194.549545,1.0,True,40,0,0,758.3769397735596,1002.0737628936768,4.390265583992004,758.3769397735596,completed
2189.723396,40,194.606756,1.0,True,40,0,0,1070.4025826454163,1604.7413158416748,14.535245084762574,1070.4025826454163,completed
2450.15091,40,194.662869,1.0,True,40,0,0,1092.0644798278809,1485.229001045227,12.135731267929078,1092.0644798278809,completed
3005.393035,40,194.719949,1.0,True,40,0,0,888.2904171943665,1245.0444374084473,10.651047921180725,888.2904171943665,completed
2497.262134,40,194.776233,1.0,True,40,0,0,1047.5797743797302,1396.600197315216,12.786622309684754,1047.5797743797302,completed
3821.134757,40,194.832295,1.0,True,40,0,0,859.2191505432129,1064.3389139175415,4.094511842727661,859.2191505432129,completed
4114.901063,40,194.888176,1.0,True,40,0,0,822.5733850002289,1078.185721874237,1.131882643699646,822.5733850002289,completed
3362.077902,40,194.944736,1.0,True,40,0,0,919.382613658905,1256.9130430221558,6.108602285385132,919.382613658905,completed
3173.536139,40,195.001573,1.0,True,40,0,0,874.8589706420898,1182.9409284591675,9.816418218612672,874.8589706420898,completed
3712.367272,40,195.05823,1.0,True,40,0,0,897.5825790166855,1159.3659493923187,3.5472579479217528,897.5825790166855,completed
3176.068509,40,195.113079,1.0,True,40,0,0,961.1761302351952,1263.72076690197,7.714162111282349,961.1761302351952,completed
1685.424133,40,195.169593,1.0,True,40,0,0,1145.7613124847412,1755.025291442871,16.64489073753357,1145.7613124847412,completed
2894.027206,40,195.22499,1.0,True,40,0,0,997.8954472541809,1404.4904260635376,9.341200709342957,997.8954472541809,completed
3171.289953,40,195.551177,1.0,True,40,0,0,976.2929387688637,1350.3384815454483,7.0945244312286375,976.2929387688637,completed
3032.434926,40,195.608468,1.0,True,40,0,0,930.1768460273743,1265.0424480438232,9.09890341758728,930.1768460273743,completed
4249.903574,40,195.665106,1.0,True,40,0,0,836.3675827980042,1002.5347805023193,1.0060952186584473,836.3675827980042,completed
2351.979239,40,195.722317,1.0,True,40,0,0,1042.7996635437012,1562.2199749946594,12.361237382888794,1042.7996635437012,completed
2265.761862,40,195.778762,1.0,True,40,0,0,1055.9199256896973,1476.2275304794312,14.835448741912842,1055.9199256896973,completed
3374.615707,40,195.835027,1.0,True,40,0,0,936.2873822450638,1130.113469362259,7.568588089942932,936.2873822450638,completed
2739.333751,40,195.891225,1.0,True,40,0,0,925.8146386146545,1261.4465475082397,12.532328295707703,925.8146386146545,completed
2319.288283,40,195.947769,1.0,True,40,0,0,1061.010021686554,1540.2442712783813,12.31046257019043,1061.010021686554,completed
4145.721754,40,196.005178,1.0,True,40,0,0,822.8142850399017,1050.6264033317566,1.1237578868865967,822.8142850399017,completed
2408.495838,40,196.061379,1.0,True,40,0,0,1068.3583040237427,1534.9034519195557,12.15119228363037,1068.3583040237427,completed
2690.095239,40,196.118658,1.0,True,40,0,0,920.3859033584595,1279.872920036316,13.247662591934205,920.3859033584595,completed
3272.142008,40,196.177382,1.0,True,40,0,0,911.896228313446,1202.7659454345703,8.03347144126892,911.896228313446,completed
2207.083706,40,196.23488,1.0,True,40,0,0,1062.5680850744247,1478.938637495041,15.16928677558899,1062.5680850744247,completed
3077.4379,40,196.291122,1.0,True,40,0,0,1004.287477016449,1378.0521440505981,6.73915319442749,1004.287477016449,completed
3273.042227,40,196.347137,1.0,True,40,0,0,924.979730129242,1208.3787279129028,8.159416675567627,924.979730129242,completed
3933.622629,40,196.40325,1.0,True,40,0,0,877.8147647380829,1162.534586429596,1.8237558364868165,877.8147647380829,completed
2474.340153,40,196.459367,1.0,True,40,0,0,999.1065740585327,1346.3433084487915,14.127728295326232,999.1065740585327,completed
3713.38516,40,196.515503,1.0,True,40,0,0,920.4256954193115,1092.0094451904297,4.914362907409668,920.4256954193115,completed
3307.459232,40,196.571792,1.0,True,40,0,0,1015.9772343635559,1360.8076944351196,5.263324546813965,1015.9772343635559,completed
3731.53649,40,196.628659,1.0,True,40,0,0,826.9337558746338,999.0752201080322,6.354006433486939,826.9337558746338,completed
2434.465019,40,196.684642,1.0,True,40,0,0,1039.1371256113052,1519.6078506708145,13.193550872802735,1039.1371256113052,completed
3751.852269,40,196.740225,1.0,True,40,0,0,848.0911991596222,1035.1879296302795,5.132328605651855,848.0911991596222,completed
3617.015996,40,196.796588,1.0,True,40,0,0,812.885495185852,1156.2960901260376,5.729087591171265,812.885495185852,completed
2933.583271,40,196.852624,1.0,True,40,0,0,947.764212846756,1321.847200870514,10.046578502655029,947.764212846756,completed
3130.872607,40,196.907712,1.0,True,40,0,0,971.3767664432526,1305.1092519760132,7.946014451980591,971.3767664432526,completed
2885.652657,40,196.96369,1.0,True,40,0,0,1074.5995156764984,1328.8463339805603,8.660708332061768,1074.5995156764984,completed
2859.770739,40,197.018948,1.0,True,40,0,0,1000.0548400878906,1459.051471710205,8.377996730804444,1000.0548400878906,completed
3581.832257,40,197.074358,1.0,True,40,0,0,870.3224730491638,1199.5867376327515,5.14286060333252,870.3224730491638,completed
2008.796123,40,197.130974,1.0,True,40,0,0,1136.1373660564423,1574.1712431907654,16.099163627624513,1136.1373660564423,completed
2913.133389,40,197.187456,1.0,True,40,0,0,1026.367972612381,1444.5026755332947,8.338661050796508,1026.367972612381,completed
3365.992492,40,197.244132,1.0,True,40,0,0,920.8848297595978,1261.5616030693054,6.2969855785369875,920.8848297595978,completed
2284.550016,40,197.300968,1.0,True,40,0,0,1112.053822517395,1480.8441619873047,13.491113901138306,1112.053822517395,completed
4663.567239,40,197.357574,1.0,True,40,0,0,629.9325664043427,757.4225935935974,0.4413546085357666,629.9325664043427,completed
1721.071769,40,197.413175,1.0,True,40,0,0,1089.3736090660095,1654.4164171218872,18.005575084686278,1089.3736090660095,completed
3361.348827,40,197.469289,1.0,True,40,0,0,953.4023284912109,1215.7342252731323,6.428776597976684,953.4023284912109,completed
2925.140644,40,198.717775,1.0,True,40,0,0,948.9678406715393,1330.5427541732788,9.086020278930665,948.9678406715393,completed
3261.020143,40,198.772134,1.0,True,40,0,0,1049.6942586898804,1461.0487041473389,4.212621593475342,1049.6942586898804,completed
1254.511785,40,198.824367,1.0,True,40,0,0,1316.7495453357697,1788.296082019806,19.353909969329834,1316.7495453357697,completed
3462.315389,40,198.876077,1.0,True,40,0,0,963.7331175804138,1218.05117893219,5.994855546951294,963.7331175804138,completed
2441.978353,40,198.927512,1.0,True,40,0,0,1037.1603350639343,1425.9106073379517,14.402797222137451,1037.1603350639343,completed
3214.29051,40,198.980728,1.0,True,40,0,0,944.8788335323334,1456.7245182991028,5.017315244674682,944.8788335323334,completed
3627.577669,40,199.032552,1.0,True,40,0,0,890.648024559021,1239.9638748168945,3.8634156703948976,890.648024559021,completed
2373.070396,40,199.084065,1.0,True,40,0,0,1130.2063744664192,1604.7009922266006,11.170433592796325,1130.2063744664192,completed
2968.89423,40,199.136264,1.0,True,40,0,0,1003.0963668823242,1344.5431499481201,9.19063105583191,1003.0963668823242,completed
3054.531102,40,199.188559,1.0,True,40,0,0,958.8671691417694,1271.837167263031,8.826596403121949,958.8671691417694,completed
3392.420188,40,199.240321,1.0,True,40,0,0,839.8088624477386,1139.6007647514343,8.251670670509338,839.8088624477386,completed
2947.6572,40,199.29211,1.0,True,40,0,0,1058.5202436447144,1320.6307458877563,9.369210422039032,1058.5202436447144,completed
3730.110334,40,199.343882,1.0,True,40,0,0,870.1417796611786,1129.891275882721,4.249052429199219,870.1417796611786,completed
3694.477934,40,199.396159,1.0,True,40,0,0,855.9460897445679,1110.4521780014038,4.443212699890137,855.9460897445679,completed
3215.946519,40,199.448132,1.0,True,40,0,0,974.3756263256073,1240.3437705039978,7.438124465942383,974.3756263256073,completed
3202.212045,40,199.500921,1.0,True,40,0,0,884.1050434112549,1291.3189010620117,7.585926723480225,884.1050434112549,completed
3873.081861,40,199.552506,1.0,True,40,0,0,833.743043422699,1003.0257377624512,4.166800022125244,833.743043422699,completed
3166.887128,40,199.603754,1.0,True,40,0,0,1028.278824687004,1250.2164447307587,7.511343598365784,1028.278824687004,completed
3722.105642,40,199.658618,1.0,True,40,0,0,931.4193329811096,1097.2699003219604,4.650573348999023,931.4193329811096,completed
4059.839954,40,199.711598,1.0,True,40,0,0,737.6407700777054,916.4222748279572,4.056388521194458,737.6407700777054,completed
2963.0891,40,199.76485,1.0,True,40,0,0,969.402352809906,1272.297565460205,9.884277081489563,969.402352809906,completed
2659.334832,40,199.816735,1.0,True,40,0,0,1052.851133108139,1566.8693556785583,9.004977464675903,1052.851133108139,completed
3392.280061,40,199.869556,1.0,True,40,0,0,988.9464933872223,1253.6675782203674,5.566471338272095,988.9464933872223,completed
3676.219076,40,199.921448,1.0,True,40,0,0,861.3518719673157,1086.6160354614258,5.583652019500732,861.3518719673157,completed
2874.760769,40,199.973191,1.0,True,40,0,0,972.9758334159851,1425.9492559432983,9.161369371414185,972.9758334159851,completed
3112.90299,40,200.025526,1.0,True,40,0,0,1004.1256132125854,1267.0930094718933,8.135241651535035,1004.1256132125854,completed
4241.938562,40,200.07715,1.0,True,40,0,0,803.171017408371,927.4201316833496,2.0749585390090943,803.171017408371,completed
2948.300833,40,200.128913,1.0,True,40,0,0,973.6015381813049,1353.2820253372192,8.611600208282471,973.6015381813049,completed
2085.011659,40,200.180418,1.0,True,40,0,0,1217.4497165679932,1648.1480770111084,13.519445323944092,1217.4497165679932,completed
2197.361858,40,200.232024,1.0,True,40,0,0,1040.3942766189575,1456.4638996124268,16.391141080856322,1040.3942766189575,completed
3063.363485,40,200.284736,1.0,True,40,0,0,963.7775486707687,1344.2402942180634,7.99632077217102,963.7775486707687,completed
4394.236199,40,200.336029,1.0,True,40,0,0,726.3373744487762,838.8224425315857,1.965708613395691,726.3373744487762,completed
2978.144899,40,200.387309,1.0,True,40,0,0,1082.4489092826843,1322.9929504394531,8.776168870925904,1082.4489092826843,completed
2958.300865,40,200.438805,1.0,True,40,0,0,1036.018632888794,1460.2020587921143,8.11082112789154,1036.018632888794,completed
3596.020933,40,200.491464,1.0,True,40,0,0,874.9892110228539,1107.1233347654343,6.201873397827148,874.9892110228539,completed
2560.104384,40,200.543336,1.0,True,40,0,0,1033.5199316740036,1548.9275567531586,10.949541807174683,1033.5199316740036,completed
3578.18583,40,200.594958,1.0,True,40,0,0,881.4450986385345,1108.3712244033813,6.359234547615051,881.4450986385345,completed
2970.956365,40,200.646831,1.0,True,40,0,0,926.6993919610977,1302.1321432590485,10.320983028411865,926.6993919610977,completed
2853.599374,40,200.697968,1.0,True,40,0,0,1058.064491033554,1361.139283657074,10.303858995437622,1058.064491033554,completed
3360.030883,40,200.750161,1.0,True,40,0,0,963.1975088119507,1195.863299369812,5.707512283325196,963.1975088119507,completed
3218.257751,40,200.801981,1.0,True,40,0,0,999.985876083374,1267.9730978012085,7.4622539520263675,999.985876083374,completed
1919.356445,40,200.854034,1.0,True,40,0,0,1183.4181131124496,1745.7163836956024,14.191308307647706,1183.4181131124496,completed
3065.601773,40,200.905621,1.0,True,40,0,0,1069.3963866233826,1323.8006520271301,7.769745969772339,1069.3963866233826,completed
4018.447008,40,200.957529,1.0,True,40,0,0,825.7256948947906,1043.1784977912903,2.7952653408050536,825.7256948947906,completed
3450.415666,40,201.009847,1.0,True,40,0,0,760.8483097553253,1166.1684765815735,7.128625297546387,760.8483097553253,completed
2550.714905,40,201.061907,1.0,True,40,0,0,1105.0565547943115,1525.0075974464417,9.921785056591034,1105.0565547943115,completed
2005.141585,40,201.113663,1.0,True,40,0,0,1189.4458546638489,1612.7194590568542,15.214993715286255,1189.4458546638489,completed
2385.992519,40,201.165502,1.0,True,40,0,0,990.7425408363342,1538.9455499649048,13.896523141860962,990.7425408363342,completed
1795.494376,40,201.217955,1.0,True,40,0,0,1180.6103076934814,1759.520972251892,15.570829629898071,1180.6103076934814,completed
2224.289869,40,201.271558,1.0,True,40,0,0,1090.5128273069859,1538.927806198597,14.23227310180664,1090.5128273069859,completed
2484.683222,40,201.323568,1.0,True,40,0,0,997.730991601944,1422.1891949176788,13.27837586402893,997.730991601944,completed
2941.905214,40,202.562548,1.0,True,40,0,0,966.4518895149231,1281.8113641738892,10.040389394760131,966.4518895149231,completed
2816.099456,40,202.618323,1.0,True,40,0,0,1025.5891463756561,1347.0958967208862,9.959269618988037,1025.5891463756561,completed
2613.250284,40,202.673932,1.0,True,40,0,0,1061.6358091831207,1460.258894443512,10.356043076515197,1061.6358091831207,completed
591.878262,40,202.735342,1.0,True,40,0,0,1311.4256973266602,1860.177622795105,25.75088667869568,1311.4256973266602,completed
3345.401814,40,202.793236,1.0,True,40,0,0,888.8246009349823,1144.0273814201355,8.410916328430176,888.8246009349823,completed
1824.145146,40,202.848641,1.0,True,40,0,0,1133.7946405410767,1707.9808807373047,15.959988760948182,1133.7946405410767,completed
3904.263748,40,202.904348,1.0,True,40,0,0,794.8920999765396,960.0149509906769,5.284806823730468,794.8920999765396,completed
3196.724471,40,202.980394,1.0,True,40,0,0,966.6810274124146,1366.436038017273,6.62734088897705,966.6810274124146,completed
3202.900068,40,203.043458,1.0,True,40,0,0,949.8247199058533,1243.2516994476318,8.6828528881073,949.8247199058533,completed
3864.446067,40,203.10051,1.0,True,40,0,0,874.5588057041168,1107.672899723053,3.467230749130249,874.5588057041168,completed
3007.637512,40,203.155831,1.0,True,40,0,0,966.2193722724915,1253.1950569152832,8.988953781127929,966.2193722724915,completed
3940.209409,40,203.21253,1.0,True,40,0,0,869.8040857315063,1046.1207370758057,3.4021916151046754,869.8040857315063,completed
3470.587781,40,203.271237,1.0,True,40,0,0,917.6450494229794,1146.7578417658806,6.279894542694092,917.6450494229794,completed
2966.944766,40,203.326007,1.0,True,40,0,0,979.5890069007874,1311.1171789169312,10.16341166496277,979.5890069007874,completed
2664.436139,40,203.380934,1.0,True,40,0,0,1033.262270450592,1295.887403011322,12.501629447937011,1033.262270450592,completed
3755.70669,40,203.435366,1.0,True,40,0,0,847.7279233932495,1074.6143522262573,4.857259607315063,847.7279233932495,completed
3682.383805,40,203.490167,1.0,True,40,0,0,771.9337546825409,1035.6149463653564,5.940993762016296,771.9337546825409,completed
2847.851722,40,203.545762,1.0,True,40,0,0,1015.7675704956055,1554.6471710205078,7.407198095321656,1015.7675704956055,completed
2630.874475,40,203.603343,1.0,True,40,0,0,1017.0466141700745,1548.2714867591858,9.57248650789261,1017.0466141700745,completed
2421.11722,40,203.658066,1.0,True,40,0,0,1142.219795703888,1604.8475713729858,10.477732181549072,1142.219795703888,completed
2400.96307,40,203.712038,1.0,True,40,0,0,1124.9208858013153,1581.9819178581238,12.423803615570069,1124.9208858013153,completed
3303.379561,40,203.765896,1.0,True,40,0,0,981.6708292961121,1420.1418151855469,5.380774307250976,981.6708292961121,completed
3008.637196,40,203.820541,1.0,True,40,0,0,898.3637635707855,1187.2533922195435,11.642072677612305,898.3637635707855,completed
3642.184321,40,203.874938,1.0,True,40,0,0,925.7233737707138,1240.9098899364471,3.4047596931457518,925.7233737707138,completed
3909.35152,40,203.928899,1.0,True,40,0,0,763.9619331359863,976.0338554382324,4.607925987243652,763.9619331359863,completed
2887.085976,40,203.983387,1.0,True,40,0,0,937.2094559669495,1211.282506942749,12.539719915390014,937.2094559669495,completed
3870.652251,40,204.037768,1.0,True,40,0,0,886.6228890419006,1081.7178964614868,3.6560541152954102,886.6228890419006,completed
2433.063624,40,204.091983,1.0,True,40,0,0,1020.001923084259,1616.5633435249329,11.396444308757783,1020.001923084259,completed
3688.024078,40,204.146483,1.0,True,40,0,0,914.9026393890381,1137.2805633544922,4.0253214836120605,914.9026393890381,completed
2929.545831,40,204.200591,1.0,True,40,0,0,995.8394132852554,1205.2275145053864,11.34000318646431,995.8394132852554,completed
3681.063842,40,204.255394,1.0,True,40,0,0,881.3218584060669,1219.01731300354,4.177799987792969,881.3218584060669,completed
2351.32318,40,204.30932,1.0,True,40,0,0,1177.528332233429,1474.611575126648,12.87608859539032,1177.528332233429,completed
3153.114388,40,204.362781,1.0,True,40,0,0,1070.5279378890991,1475.8371086120605,4.889350366592407,1070.5279378890991,completed
1532.687944,40,204.417261,1.0,True,40,0,0,1210.8423838615417,1671.59006357193,19.213219451904298,1210.8423838615417,completed
3163.731075,40,204.471638,1.0,True,40,0,0,912.0441236495972,1311.9282817840576,8.199016761779784,912.0441236495972,completed
3920.567341,40,204.528558,1.0,True,40,0,0,858.1042432785034,1046.213189125061,3.1091950654983522,858.1042432785034,completed
3460.223116,40,204.58303,1.0,True,40,0,0,1019.7814860343933,1482.4767746925354,2.5897942543029786,1019.7814860343933,completed
3471.007198,40,204.637187,1.0,True,40,0,0,964.2521777153015,1179.907148361206,6.719295406341553,964.2521777153015,completed
3549.111189,40,204.690252,1.0,True,40,0,0,907.9145486354828,1253.2031545639038,4.532707643508911,907.9145486354828,completed
3852.567601,40,204.74439,1.0,True,40,0,0,846.4275162220001,1042.9422345161438,3.7792428970336913,846.4275162220001,completed
3621.030232,40,204.798828,1.0,True,40,0,0,903.933123588562,1120.6576881408691,6.111080455780029,903.933123588562,completed
3852.489983,40,204.853543,1.0,True,40,0,0,828.0557491779327,1124.335398197174,3.111345362663269,828.0557491779327,completed
2715.688983,40,204.908747,1.0,True,40,0,0,998.9521787166595,1353.5556626319885,11.950356006622314,998.9521787166595,completed
3399.091264,40,204.962786,1.0,True,40,0,0,850.4269615411758,1141.2930176258087,8.377877998352051,850.4269615411758,completed
3952.483605,40,205.01713,1.0,True,40,0,0,896.8310663700104,1121.4725408554077,2.322474503517151,896.8310663700104,completed
2946.203198,40,205.071022,1.0,True,40,0,0,966.4038784503937,1276.1093277931213,10.690427684783936,966.4038784503937,completed
2597.729117,40,205.127697,1.0,True,40,0,0,945.5323667526245,1447.9275975227356,12.840388822555543,945.5323667526245,completed
3306.648184,40,205.184318,1.0,True,40,0,0,938.8582050800323,1291.5801939964294,6.491233491897583,938.8582050800323,completed
2837.190622,40,205.237759,1.0,True,40,0,0,1091.6650352478027,1382.5917749404907,8.399492549896241,1091.6650352478027,completed
2916.935177,40,205.292772,1.0,True,40,0,0,1078.0217535495758,1587.104570865631,5.630459284782409,1078.0217535495758,completed
4233.408113,40,205.346737,1.0,True,40,0,0,787.5174131393433,941.1497526168823,2.1102088928222655,787.5174131393433,completed
2510.325168,40,205.400814,1.0,True,40,0,0,1176.1853711009026,1622.9610112905502,9.483831214904786,1176.1853711009026,completed
3334.793537,40,206.636406,1.0,True,40,0,0,974.7695484161377,1176.7037162780762,7.449633073806763,974.7695484161377,completed
2520.263608,40,206.688581,1.0,True,40,0,0,973.2810025215149,1360.0911254882812,13.870844411849976,973.2810025215149,completed
3371.438541,40,206.740956,1.0,True,40,0,0,934.7354497909546,1193.2969846725464,6.751168823242187,934.7354497909546,completed
2597.539809,40,206.794737,1.0,True,40,0,0,1037.3877227902412,1374.4362012147903,12.851846694946289,1037.3877227902412,completed
3356.042149,40,206.847826,1.0,True,40,0,0,883.7360763549805,1209.7313532829285,7.100146460533142,883.7360763549805,completed
4146.35492,40,206.90022,1.0,True,40,0,0,786.9649987220764,972.4899959564209,2.1465885639190674,786.9649987220764,completed
2695.962009,40,206.952205,1.0,True,40,0,0,1091.5171248912811,1607.6194829940796,8.63432855606079,1091.5171248912811,completed
2560.241198,40,207.003584,1.0,True,40,0,0,1136.437017917633,1517.6470909118652,10.918559885025024,1136.437017917633,completed
2355.014402,40,207.055267,1.0,True,40,0,0,1038.8013716936111,1516.259465456009,12.672742033004761,1038.8013716936111,completed
3745.293596,40,207.10673,1.0,True,40,0,0,844.811769247055,1031.2840609550476,4.980085945129394,844.811769247055,completed
3669.827568,40,207.160984,1.0,True,40,0,0,848.7697130441666,1146.2727854251862,4.937631750106812,848.7697130441666,completed
4407.508948,40,207.218303,1.0,True,40,0,0,690.3279163837433,805.5580954551697,2.5272549629211425,690.3279163837433,completed
3469.597801,40,207.274776,1.0,True,40,0,0,886.0843803286552,1152.4881595373154,7.3876824378967285,886.0843803286552,completed
2638.626401,40,207.336171,1.0,True,40,0,0,1131.514248251915,1631.480747461319,8.097952842712402,1131.514248251915,completed
3435.864166,40,207.394616,1.0,True,40,0,0,948.8015078306198,1191.4841096401215,7.115280103683472,948.8015078306198,completed
2742.595612,40,207.453204,1.0,True,40,0,0,1042.1261630058289,1347.0489654541016,11.379685354232787,1042.1261630058289,completed
2931.350283,40,207.510202,1.0,True,40,0,0,1043.203429698944,1345.4621295928955,9.6589914560318,1043.203429698944,completed
3776.21048,40,207.567742,1.0,True,40,0,0,883.8014736175537,1066.2721662521362,4.445115661621093,883.8014736175537,completed
3591.707987,40,207.626628,1.0,True,40,0,0,925.0681681632996,1119.583854675293,5.396360898017884,925.0681681632996,completed
3156.113125,40,207.684083,1.0,True,40,0,0,953.8018901348114,1244.0200819969177,7.664795637130737,953.8018901348114,completed
3934.272677,40,207.740925,1.0,True,40,0,0,815.7351009845734,990.0254902839661,4.3407277941703795,815.7351009845734,completed
1924.881621,40,207.803386,1.0,True,40,0,0,1227.7871661186218,1694.7917613983154,14.1771892786026,1227.7871661186218,completed
2501.00622,40,207.859905,1.0,True,40,0,0,1155.604941368103,1557.1444301605225,10.659649276733399,1155.604941368103,completed
3877.92979,40,207.917899,1.0,True,40,0,0,836.2986950278282,1031.196823000908,4.324681091308594,836.2986950278282,completed
2649.898837,40,207.971923,1.0,True,40,0,0,1065.8499150276184,1610.338083744049,8.115241527557373,1065.8499150276184,completed
3078.000032,40,208.025437,1.0,True,40,0,0,941.5754323005676,1308.5163536071777,8.471083998680115,941.5754323005676,completed
3552.142447,40,208.07956,1.0,True,40,0,0,907.4952149391174,1171.2224855422974,5.312696123123169,907.4952149391174,completed
2868.347307,40,208.131631,1.0,True,40,0,0,962.0754716396332,1363.0478014945984,10.188185358047486,962.0754716396332,completed
2536.763765,40,208.183535,1.0,True,40,0,0,1095.2024323940277,1614.1260867118835,9.882201004028321,1095.2024323940277,completed
2327.565597,40,208.235752,1.0,True,40,0,0,1065.6535439491272,1661.797137260437,11.438317823410035,1065.6535439491272,completed
3042.735931,40,208.288478,1.0,True,40,0,0,997.1437516212463,1391.08225440979,7.35984172821045,997.1437516212463,completed
2825.266588,40,208.343585,1.0,True,40,0,0,1003.989577293396,1265.8670558929443,12.373573803901673,1003.989577293396,completed
3217.443787,40,208.395624,1.0,True,40,0,0,1034.5681190490723,1429.89439868927,4.9866437911987305,1034.5681190490723,completed
3557.573441,40,208.449529,1.0,True,40,0,0,933.8612916469574,1257.1725783348083,3.5527493476867678,933.8612916469574,completed
3531.051963,40,208.503154,1.0,True,40,0,0,861.4465923309326,1214.8001403808594,4.697499084472656,861.4465923309326,completed
3316.466682,40,208.55589,1.0,True,40,0,0,895.0802383422852,1160.391227722168,9.12568531036377,895.0802383422852,completed
3028.34699,40,208.608717,1.0,True,40,0,0,940.2242045402527,1301.3994960784912,9.199738025665283,940.2242045402527,completed
2050.386434,40,208.661086,1.0,True,40,0,0,1030.6277039051056,1628.2222590446472,15.314905738830566,1030.6277039051056,completed
3599.851699,40,208.712884,1.0,True,40,0,0,892.5133366584778,1188.8662757873535,4.586092448234558,892.5133366584778,completed
3500.422731,40,208.764959,1.0,True,40,0,0,825.8948750495911,1098.030038356781,7.890091276168823,825.8948750495911,completed
3323.991973,40,208.816667,1.0,True,40,0,0,859.2930512428284,1141.4271054267883,8.310779750347137,859.2930512428284,completed
1834.253819,40,208.868656,1.0,True,40,0,0,1185.3800076246262,1781.0902106761932,15.066486811637878,1185.3800076246262,completed
3368.484114,40,208.919783,1.0,True,40,0,0,973.5633010864258,1329.2370595932007,5.8777142524719235,973.5633010864258,completed
3637.738318,40,208.97131,1.0,True,40,0,0,828.3064444065094,1040.9646105766296,6.940209293365479,828.3064444065094,completed
2050.919353,40,209.023113,1.0,True,40,0,0,1199.1203680038452,1817.2743272781372,12.070083332061767,1199.1203680038452,completed
3284.461266,40,209.074962,1.0,True,40,0,0,971.9752087593079,1221.3278770446777,8.111161804199218,971.9752087593079,completed
3732.663746,40,209.126432,1.0,True,40,0,0,871.2448795437813,1106.997148156166,4.211155796051026,871.2448795437813,completed
1709.482549,40,209.178723,1.0,True,40,0,0,1214.3645858764648,1699.0891189575195,16.911258363723753,1214.3645858764648,completed
2948.283213,40,209.23042,1.0,True,40,0,0,998.7099614143372,1378.1551637649536,7.769001626968384,998.7099614143372,completed
2685.7174,40,209.28225,1.0,True,40,0,0,1021.9997458457947,1396.1620144844055,11.566306710243225,1021.9997458457947,completed
2896.174719,40,209.333756,1.0,True,40,0,0,950.0442242622375,1397.6603860855103,9.454654026031495,950.0442242622375,completed
4315.11559,40,210.560056,1.0,True,40,0,0,759.1161923408508,852.8191537857056,2.516420316696167,759.1161923408508,completed
2695.902866,40,210.611885,1.0,True,40,0,0,1080.7855110168457,1386.0608530044556,10.511986112594604,1080.7855110168457,completed
4301.984381,40,210.66293,1.0,True,40,0,0,739.7025339603424,924.7579309940338,1.5245046854019164,739.7025339603424,completed
3150.603979,40,210.714283,1.0,True,40,0,0,924.9414172172546,1227.27095413208,8.805414009094239,924.9414172172546,completed
3365.070132,40,210.766096,1.0,True,40,0,0,980.8385629653931,1353.0000505447388,4.601583433151245,980.8385629653931,completed
2612.917665,40,210.817772,1.0,True,40,0,0,1021.3991055488586,1357.2510709762573,12.390833675861359,1021.3991055488586,completed
2672.565229,40,210.869252,1.0,True,40,0,0,1062.3791773319244,1345.8791432380676,11.181752586364746,1062.3791773319244,completed
3911.280447,40,210.920854,1.0,True,40,0,0,818.3698737621307,1075.8936038017273,3.7401833057403566,818.3698737621307,completed
3669.505579,40,210.972162,1.0,True,40,0,0,842.4753232002258,1012.956995010376,6.509456658363343,842.4753232002258,completed
3272.867642,40,211.023425,1.0,True,40,0,0,1012.9150514602661,1471.776515007019,4.817864513397216,1012.9150514602661,completed
2346.688839,40,211.075182,1.0,True,40,0,0,1085.1095023155212,1536.636067390442,13.086822319030762,1085.1095023155212,completed
3297.028534,40,211.127521,1.0,True,40,0,0,902.2743406295776,1209.607831954956,7.0754780769348145,902.2743406295776,completed
3580.811453,40,211.179069,1.0,True,40,0,0,908.7773661613464,1135.6384592056274,5.433997774124146,908.7773661613464,completed
2690.919088,40,211.230839,1.0,True,40,0,0,1035.0246198177338,1375.2412524223328,11.066259527206421,1035.0246198177338,completed
2805.85613,40,211.281869,1.0,True,40,0,0,983.6054255962372,1333.4563121795654,10.277233386039734,983.6054255962372,completed
2132.52592,40,211.333565,1.0,True,40,0,0,1176.8617589473724,1909.6420772075653,9.634384250640869,1176.8617589473724,completed
2424.109754,40,211.385905,1.0,True,40,0,0,1052.2430791854858,1613.779209136963,11.617340850830079,1052.2430791854858,completed
3732.064399,40,211.437664,1.0,True,40,0,0,910.7866795063019,1136.2236618995667,4.145219564437866,910.7866795063019,completed
4286.15374,40,211.48899,1.0,True,40,0,0,832.6721595525742,972.0321834087372,1.0000945329666138,832.6721595525742,completed
1948.519073,40,211.54092,1.0,True,40,0,0,1106.3809337615967,1553.276159286499,16.42560739517212,1106.3809337615967,completed
2118.616625,40,211.594136,1.0,True,40,0,0,1117.165922164917,1688.9162940979004,13.603448724746704,1117.165922164917,completed
3729.500989,40,211.645532,1.0,True,40,0,0,925.0114974975586,1144.1503043174744,4.274084722995758,925.0114974975586,completed
1479.43321,40,211.697396,1.0,True,40,0,0,1175.8177576065063,1772.1391067504883,18.446538972854615,1175.8177576065063,completed
3612.103589,40,211.749056,1.0,True,40,0,0,928.5373809337616,1241.6494708061218,4.374494552612305,928.5373809337616,completed
2864.50555,40,211.80123,1.0,True,40,0,0,1007.5944426059723,1481.819321155548,7.9492066383361815,1007.5944426059723,completed
3299.735452,40,211.852731,1.0,True,40,0,0,987.2496056556702,1287.6840176582336,6.580779564380646,987.2496056556702,completed
2886.450146,40,211.904314,1.0,True,40,0,0,1067.6438353061676,1376.051200389862,9.616340398788452,1067.6438353061676,completed
1997.030231,40,211.956292,1.0,True,40,0,0,1120.320071697235,1623.7752504348755,15.682811880111695,1120.320071697235,completed
3631.169822,40,212.008124,1.0,True,40,0,0,793.1760766506195,1103.6803965568542,6.42345119714737,793.1760766506195,completed
4266.628747,40,212.059872,1.0,True,40,0,0,762.7320990562439,980.20188331604,1.0313740253448487,762.7320990562439,completed
3352.552259,40,212.111813,1.0,True,40,0,0,931.7189370393753,1333.252259016037,5.710486173629761,931.7189370393753,completed
3412.318792,40,212.16332,1.0,True,40,0,0,943.2380695343018,1315.010124206543,4.502840375900268,943.2380695343018,completed
3590.621466,40,212.21526,1.0,True,40,0,0,969.3364536762238,1164.240752696991,4.151397919654846,969.3364536762238,completed
3291.18969,40,212.266856,1.0,True,40,0,0,895.7565318346024,1114.0179154872894,8.824208545684815,895.7565318346024,completed
2490.788106,40,212.318541,1.0,True,40,0,0,1069.1597027778625,1503.3252458572388,11.86322877407074,1069.1597027778625,completed
3657.853624,40,212.36981,1.0,True,40,0,0,926.2475360631943,1082.4907796382904,5.695724964141846,926.2475360631943,completed
3857.68833,40,212.421698,1.0,True,40,0,0,896.8312323093414,1027.5570940971375,4.173751592636108,896.8312323093414,completed
3693.033341,40,212.473403,1.0,True,40,0,0,831.9232844114304,1058.6437046527863,5.978807663917541,831.9232844114304,completed
3590.559167,40,212.524693,1.0,True,40,0,0,811.4995760917664,990.9575233459473,7.718597650527954,811.4995760917664,completed
4105.459373,40,212.576333,1.0,True,40,0,0,849.3681931495667,1118.8401165008545,0.4899447917938232,849.3681931495667,completed
2105.270338,40,212.62795,1.0,True,40,0,0,1131.7182903885841,1686.646200299263,14.317348337173462,1131.7182903885841,completed
3377.243889,40,212.679595,1.0,True,40,0,0,872.277087688446,1142.5807690620422,8.156887650489807,872.277087688446,completed
4202.455839,40,212.736402,1.0,True,40,0,0,883.060420870781,1039.4117176532745,0.4294377326965332,883.060420870781,completed
2141.593641,40,212.790592,1.0,True,40,0,0,1102.0705766677856,1600.1468291282654,14.025031256675721,1102.0705766677856,completed
2523.718333,40,212.84329,1.0,True,40,0,0,990.573055267334,1483.5236721038818,12.625772428512573,990.573055267334,completed
3658.588479,40,212.8953,1.0,True,40,0,0,842.7767016887665,1082.5475821495056,5.061789500713348,842.7767016887665,completed
4165.745321,40,212.946619,1.0,True,40,0,0,829.8768010139465,975.7338161468506,2.162767505645752,829.8768010139465,completed
3506.366648,40,213.001477,1.0,True,40,0,0,917.766943693161,1194.317698955536,5.490296459197998,917.766943693161,completed
2539.315987,40,213.054158,1.0,True,40,0,0,965.7198593616486,1421.4624104499817,12.84554307460785,965.7198593616486,completed
3631.366324,40,213.106016,1.0,True,40,0,0,879.9580025672913,1231.2680039405823,4.328300881385803,879.9580025672913,completed
2533.442976,40,213.157686,1.0,True,40,0,0,1064.6025857925415,1461.544755935669,11.93870301246643,1064.6025857925415,completed
2434.991635,40,214.446669,1.0,True,40,0,0,1056.2035670280457,1490.266902923584,13.149907898902892,1056.2035670280457,completed
3367.100262,40,214.497941,1.0,True,40,0,0,1028.8293671607971,1234.4688897132874,5.533579242229462,1028.8293671607971,completed
3285.975837,40,214.549187,1.0,True,40,0,0,965.5851757526398,1139.5349678993225,8.327307415008544,965.5851757526398,completed
3100.560152,40,214.602316,1.0,True,40,0,0,939.724485874176,1243.7484438419342,9.406023359298706,939.724485874176,completed
3104.170269,40,214.653217,1.0,True,40,0,0,1084.9321474581957,1209.0254200994968,8.749281001091003,1084.9321474581957,completed
2643.179216,40,214.704347,1.0,True,40,0,0,1018.3230586051941,1368.9616556167603,12.812114095687866,1018.3230586051941,completed
3746.065729,40,214.755144,1.0,True,40,0,0,835.3725593090057,1113.6593070030212,4.533568716049194,835.3725593090057,completed
3729.493704,40,214.805771,1.0,True,40,0,0,932.6339716911316,1149.713948249817,4.1405071258544925,932.6339716911316,completed
2361.92145,40,214.856632,1.0,True,40,0,0,1131.865487754345,1532.2800916433334,12.605639457702637,1131.865487754345,completed
3669.236917,40,214.907528,1.0,True,40,0,0,841.9926147460938,1092.6847610473633,5.420178461074829,841.9926147460938,completed
2453.061478,40,214.959972,1.0,True,40,0,0,1045.5705618858337,1539.3453645706177,12.953953552246094,1045.5705618858337,completed
1740.312066,40,215.011268,1.0,True,40,0,0,1210.1838911771774,1801.1678597927094,16.091161918640136,1210.1838911771774,completed
3183.133578,40,215.062667,1.0,True,40,0,0,951.0009025931358,1290.5103234052658,7.646306562423706,951.0009025931358,completed
2340.025193,40,215.113512,1.0,True,40,0,0,1185.6333450078964,1849.0717742443085,8.432698106765747,1185.6333450078964,completed
2623.295681,40,215.164797,1.0,True,40,0,0,1076.2731008529663,1460.3912076950073,10.118876624107362,1076.2731008529663,completed
3433.378011,40,215.215731,1.0,True,40,0,0,950.2393279075623,1332.0580034255981,4.89018235206604,950.2393279075623,completed
2817.741885,40,215.266872,1.0,True,40,0,0,1049.3983044624329,1362.652105331421,9.858772706985473,1049.3983044624329,completed
2037.094159,40,215.317804,1.0,True,40,0,0,1149.708095550537,1655.0733375549316,15.156253910064697,1149.708095550537,completed
2794.56164,40,215.368773,1.0,True,40,0,0,1005.8961781263351,1346.1232192516327,11.95206389427185,1005.8961781263351,completed
3444.301699,40,215.419452,1.0,True,40,0,0,907.797981262207,1206.261516571045,6.176648044586182,907.797981262207,completed
1556.832218,40,215.470363,1.0,True,40,0,0,1275.3973336219788,1843.2567472457886,17.004337000846864,1275.3973336219788,completed
3962.158914,40,215.521052,1.0,True,40,0,0,882.1049044132233,1162.9488053321838,1.7416807174682618,882.1049044132233,completed
4171.94175,40,215.572486,1.0,True,40,0,0,797.1960301399231,959.6642661094666,1.9263742446899415,797.1960301399231,completed
3732.08658,40,215.623351,1.0,True,40,0,0,858.454803943634,1162.4920301437378,4.488741302490235,858.454803943634,completed
3845.56616,40,215.674154,1.0,True,40,0,0,824.353178024292,1038.316632270813,4.408420467376709,824.353178024292,completed
3493.768023,40,215.725052,1.0,True,40,0,0,935.9474229812622,1290.6088037490845,4.81242299079895,935.9474229812622,completed
3321.487636,40,215.776135,1.0,True,40,0,0,846.0155901908875,1140.7218971252441,8.763861536979675,846.0155901908875,completed
3669.164468,40,215.827122,1.0,True,40,0,0,847.973827123642,1149.0888152122498,4.913169240951538,847.973827123642,completed
3665.081643,40,215.878861,1.0,True,40,0,0,812.6757092475891,1076.0941162109375,6.5451175451278685,812.6757092475891,completed
2002.344371,40,215.930003,1.0,True,40,0,0,1054.9961080551147,1560.0859727859497,16.66954243183136,1054.9961080551147,completed
3874.652901,40,215.980826,1.0,True,40,0,0,830.9348790645599,1151.7200751304626,3.0611761093139647,830.9348790645599,completed
2551.846053,40,216.031763,1.0,True,40,0,0,984.3629786968231,1491.8379874229431,12.20642967224121,984.3629786968231,completed
3008.6373,40,216.082696,1.0,True,40,0,0,1001.5843495130539,1214.50373005867,8.930724835395813,1001.5843495130539,completed
4414.937546,40,216.133725,1.0,True,40,0,0,705.850423336029,858.2450790405273,1.281032657623291,705.850423336029,completed
3495.644082,40,216.18478,1.0,True,40,0,0,866.8331751823425,1129.2818336486816,6.900574946403504,866.8331751823425,completed
1727.775384,40,216.235607,1.0,True,40,0,0,1333.5107164382935,1694.9078035354614,15.846495032310486,1333.5107164382935,completed
3474.15392,40,216.286116,1.0,True,40,0,0,912.3078305721283,1214.2233777046204,6.285195827484131,912.3078305721283,completed
3908.302054,40,216.336893,1.0,True,40,0,0,819.7859684228897,994.8487422466278,4.256159353256225,819.7859684228897,completed
3766.992979,40,216.390123,1.0,True,40,0,0,783.2953578233719,995.2498509883881,5.665687131881714,783.2953578233719,completed
3391.473131,40,216.441333,1.0,True,40,0,0,872.5060794353485,1116.6808724403381,8.333428275585174,872.5060794353485,completed
2932.491568,40,216.492099,1.0,True,40,0,0,1056.1055071353912,1318.7188811302185,9.603179478645325,1056.1055071353912,completed
3817.249378,40,216.542985,1.0,True,40,0,0,869.9975728988647,1080.676209449768,4.1501030921936035,869.9975728988647,completed
4195.502379,40,216.593726,1.0,True,40,0,0,736.1429154872894,949.3471932411194,2.544124484062195,736.1429154872894,completed
2731.801379,40,216.646071,1.0,True,40,0,0,1016.6987996101379,1429.8969101905823,11.19115924835205,1016.6987996101379,completed
1984.425032,40,216.696943,1.0,True,40,0,0,1250.6228148937225,1834.2556381225586,12.594000959396363,1250.6228148937225,completed
3643.239769,40,216.747747,1.0,True,40,0,0,876.0492794513702,1205.7304453849792,4.2478396654129025,876.0492794513702,completed
3939.879622,40,216.798076,1.0,True,40,0,0,819.7156829833984,1002.6438646316528,4.379783964157104,819.7156829833984,completed
3054.27243,40,216.849158,1.0,True,40,0,0,960.9932134151459,1514.2124075889587,5.793724918365479,960.9932134151459,completed
3894.689208,40,216.900079,1.0,True,40,0,0,827.7361950874329,1041.5042724609375,4.037679696083069,827.7361950874329,completed
2562.218332,40,216.950703,1.0,True,40,0,0,1066.3198754787445,1495.3683686256409,10.788556718826294,1066.3198754787445,completed
1729.892023,40,217.001621,1.0,True,40,0,0,1160.9361743927002,1671.2958145141602,17.7515109539032,1160.9361743927002,completed
3914.729982,40,218.305072,1.0,True,40,0,0,814.3127472400665,1000.2152428627014,4.455570030212402,814.3127472400665,completed
3249.662528,40,218.357684,1.0,True,40,0,0,968.2003135681152,1193.7650213241577,8.015947008132935,968.2003135681152,completed
3552.401205,40,218.410189,1.0,True,40,0,0,916.7800526618958,1163.3597202301025,5.972938394546508,916.7800526618958,completed
3529.691337,40,218.461839,1.0,True,40,0,0,801.8554518222809,1083.2201342582703,7.283165550231933,801.8554518222809,completed
3229.448569,40,218.51386,1.0,True,40,0,0,837.7955806255341,1167.4065136909485,8.98408646583557,837.7955806255341,completed
3523.760743,40,218.565893,1.0,True,40,0,0,951.6796860694885,1185.3141994476318,5.767322826385498,951.6796860694885,completed
2549.445853,40,218.625312,1.0,True,40,0,0,1103.788242816925,1538.748927116394,10.695717263221741,1103.788242816925,completed
3824.961279,40,218.683303,1.0,True,40,0,0,785.1297492980957,993.5801858901978,5.575283336639404,785.1297492980957,completed
2805.346468,40,218.739099,1.0,True,40,0,0,1028.6335644721985,1279.6536016464233,11.935680389404297,1028.6335644721985,completed
2908.950468,40,218.791175,1.0,True,40,0,0,1042.0129652023315,1450.644432067871,7.876660966873169,1042.0129652023315,completed
3708.975458,40,218.843248,1.0,True,40,0,0,933.5560278892517,1155.213788509369,3.689446973800659,933.5560278892517,completed
2683.863524,40,218.895559,1.0,True,40,0,0,1016.317545413971,1346.7016320228577,12.31217691898346,1016.317545413971,completed
3504.119789,40,218.94807,1.0,True,40,0,0,901.4675636291504,1206.2484312057495,5.789079976081848,901.4675636291504,completed
2676.265809,40,219.008641,1.0,True,40,0,0,1059.1702070236206,1372.3552131652832,11.420516657829285,1059.1702070236206,completed
1990.834689,40,219.062087,1.0,True,40,0,0,1156.0280644893646,1635.4754629135132,15.331568288803101,1156.0280644893646,completed
2714.468112,40,219.114314,1.0,True,40,0,0,1021.1674664616585,1364.4801231622696,11.648790907859802,1021.1674664616585,completed
3216.049065,40,219.166923,1.0,True,40,0,0,1005.9890723228455,1305.942907333374,6.9227536678314205,1005.9890723228455,completed
3124.487988,40,219.21805,1.0,True,40,0,0,872.7927725315094,1113.2885122299194,9.840237307548524,872.7927725315094,completed
2035.363252,40,219.269492,1.0,True,40,0,0,1126.281066775322,1652.574539899826,15.075451421737672,1126.281066775322,completed
3663.761834,40,219.321398,1.0,True,40,0,0,849.8726605772972,1080.0647200345993,5.603042221069336,849.8726605772972,completed
3656.94369,40,219.373228,1.0,True,40,0,0,878.4995496273041,1186.9551010131836,4.003824615478516,878.4995496273041,completed
3769.976602,40,219.42531,1.0,True,40,0,0,872.5672780275345,1155.4376213550568,4.3187705993652346,872.5672780275345,completed
2244.249498,40,219.477115,1.0,True,40,0,0,1171.9175369739532,1852.006520986557,9.379910087585449,1171.9175369739532,completed
3423.129951,40,219.529662,1.0,True,40,0,0,937.1496999263763,1194.2208986282349,6.699215507507324,937.1496999263763,completed
3037.233136,40,219.581468,1.0,True,40,0,0,945.1795864105225,1344.4414806365967,8.77216854095459,945.1795864105225,completed
2991.587471,40,219.634914,1.0,True,40,0,0,987.1210658550262,1248.1522135734558,9.727155685424805,987.1210658550262,completed
2729.018196,40,219.686761,1.0,True,40,0,0,1035.064881324768,1606.9622249603271,8.028555345535278,1035.064881324768,completed
2723.676139,40,219.738131,1.0,True,40,0,0,1047.9344515800476,1392.6717176437378,11.257803761959076,1047.9344515800476,completed
3742.150372,40,219.790367,1.0,True,40,0,0,816.3541355133057,1012.181489944458,5.182968842983246,816.3541355133057,completed
3684.182478,40,219.845386,1.0,True,40,0,0,884.0918579101562,1279.7905864715576,2.9699095249176026,884.0918579101562,completed
2331.024201,40,219.897782,1.0,True,40,0,0,1012.4657619595528,1424.045089840889,15.375584292411805,1012.4657619595528,completed
1988.295309,40,219.949568,1.0,True,40,0,0,1132.8599679470062,1653.7530450820923,15.285754513740539,1132.8599679470062,completed
3385.600608,40,220.002459,1.0,True,40,0,0,888.4773597717285,1214.933717250824,6.623573589324951,888.4773597717285,completed
4109.674651,40,220.054051,1.0,True,40,0,0,726.7055060863495,883.5417399406433,3.6550766468048095,726.7055060863495,completed
3947.777182,40,220.105958,1.0,True,40,0,0,762.5826661586761,1002.2266945838928,4.715298175811768,762.5826661586761,completed
3604.701962,40,220.160485,1.0,True,40,0,0,948.0962400436401,1292.7755508422852,2.992339849472046,948.0962400436401,completed
2888.567795,40,220.212512,1.0,True,40,0,0,975.4594972133636,1272.1329820156097,10.772627830505371,975.4594972133636,completed
3472.149274,40,220.264312,1.0,True,40,0,0,937.678188085556,1273.4623136520386,5.305440855026245,937.678188085556,completed
2814.204485,40,220.315865,1.0,True,40,0,0,953.0167310237885,1302.6109805107117,11.763917469978333,953.0167310237885,completed
2839.640789,40,220.367855,1.0,True,40,0,0,1013.5755672454834,1497.6238508224487,8.622845435142517,1013.5755672454834,completed
3300.354109,40,220.419818,1.0,True,40,0,0,941.6265320777893,1248.1595649719238,7.146180629730225,941.6265320777893,completed
4149.128228,40,220.471255,1.0,True,40,0,0,811.1388936042786,975.9807376861572,1.5701203107833863,811.1388936042786,completed
2096.881317,40,220.523338,1.0,True,40,0,0,1077.8667333126068,1471.219168663025,15.913219463825225,1077.8667333126068,completed
2527.978417,40,220.575213,1.0,True,40,0,0,1049.5623726844788,1450.4904131889343,12.58430881500244,1049.5623726844788,completed
2796.940649,40,220.626772,1.0,True,40,0,0,970.7697126865387,1338.2603287696838,11.04388952255249,970.7697126865387,completed
3600.148053,40,220.678712,1.0,True,40,0,0,881.2508568763733,1118.4434633255005,6.260170292854309,881.2508568763733,completed
1639.759872,40,220.729993,1.0,True,40,0,0,1239.7358012199402,1908.71826171875,14.397606992721558,1239.7358012199402,completed
3174.621608,40,220.782481,1.0,True,40,0,0,988.0791177749634,1419.417739868164,6.639642596244812,988.0791177749634,completed
3687.230373,40,220.834529,1.0,True,40,0,0,897.2135882377625,1148.5604710578918,4.325311946868896,897.2135882377625,completed
1824.38974,40,220.886722,1.0,True,40,0,0,1088.5108070373535,1510.4038124084473,18.700744771957396,1088.5108070373535,completed
3656.903366,40,220.938386,1.0,True,40,0,0,909.3335032463074,1072.2952299118042,5.0371472358703615,909.3335032463074,completed
2636.460989,40,222.222319,1.0,True,40,0,0,919.4249411821365,1346.9288408756256,13.3157790184021,919.4249411821365,completed
2768.838603,40,222.276258,1.0,True,40,0,0,1038.5686428546906,1600.249315738678,8.534324550628662,1038.5686428546906,completed
2214.920362,40,222.328906,1.0,True,40,0,0,1121.3148255348206,1564.559910774231,14.078435516357422,1121.3148255348206,completed
4115.255062,40,222.380137,1.0,True,40,0,0,828.6517372131348,1128.6554732322693,0.7004109382629394,828.6517372131348,completed
2958.545895,40,222.434276,1.0,True,40,0,0,983.1836243867874,1169.8424379825592,10.621465611457825,983.1836243867874,completed
3869.494627,40,222.485648,1.0,True,40,0,0,905.1770613193512,979.6766352653503,4.93443546295166,905.1770613193512,completed
2328.579333,40,222.536686,1.0,True,40,0,0,1097.6163873672485,1572.3591651916504,12.415696907043458,1097.6163873672485,completed
3236.613466,40,222.587774,1.0,True,40,0,0,901.6555862426758,1297.4508056640625,7.252466201782227,901.6555862426758,completed
1805.643199,40,222.63877,1.0,True,40,0,0,1136.0722193717957,1637.4208822250366,17.45688123703003,1136.0722193717957,completed
3959.408722,40,222.689598,1.0,True,40,0,0,836.8319365978241,1028.9768872261047,3.332719254493713,836.8319365978241,completed
4216.650024,40,222.74153,1.0,True,40,0,0,807.5090733766556,970.2949521541595,1.456501054763794,807.5090733766556,completed
3143.383052,40,222.800793,1.0,True,40,0,0,954.6728780269623,1379.408049106598,7.2058045864105225,954.6728780269623,completed
3171.392107,40,222.855019,1.0,True,40,0,0,891.2980227470398,1199.2246527671814,9.18352451324463,891.2980227470398,completed
4181.812235,40,222.907485,1.0,True,40,0,0,755.0326187610626,877.5558295249939,3.248209762573242,755.0326187610626,completed
2907.085241,40,222.958697,1.0,True,40,0,0,982.1105370521545,1419.4726104736328,9.090357065200806,982.1105370521545,completed
2902.61665,40,223.009734,1.0,True,40,0,0,1002.4703330993652,1283.9101705551147,10.544999527931214,1002.4703330993652,completed
3503.774829,40,223.060636,1.0,True,40,0,0,932.2908172607422,1204.9632363319397,5.579889011383057,932.2908172607422,completed
3176.768068,40,223.111868,1.0,True,40,0,0,909.2384412288666,1219.0276560783386,9.646980571746827,909.2384412288666,completed
2618.321098,40,223.164565,1.0,True,40,0,0,1034.7307144403458,1485.2844097614288,10.775345277786254,1034.7307144403458,completed
4316.677249,40,223.215356,1.0,True,40,0,0,778.8605341911316,959.3533596992493,0.5714716911315918,778.8605341911316,completed
2972.847924,40,223.266279,1.0,True,40,0,0,1019.3472995758057,1300.608458518982,8.685929894447327,1019.3472995758057,completed
3129.019198,40,223.317474,1.0,True,40,0,0,1014.5064573287964,1376.6723041534424,6.974217414855957,1014.5064573287964,completed
1876.767227,40,223.368762,1.0,True,40,0,0,1148.8125,1716.0496578216553,15.078633117675782,1148.8125,completed
3224.368776,40,223.422926,1.0,True,40,0,0,966.0483598709106,1259.0123329162598,7.763608026504516,966.0483598709106,completed
1916.259868,40,223.474059,1.0,True,40,0,0,1239.4965093135834,1766.7861144542694,13.207218754291535,1239.4965093135834,completed
3697.532385,40,223.52487,1.0,True,40,0,0,821.239962220192,1053.667894601822,6.3836119174957275,821.239962220192,completed
2917.382322,40,223.575884,1.0,True,40,0,0,918.1862025260925,1323.0622701644897,9.516718244552612,918.1862025260925,completed
3577.120391,40,223.626943,1.0,True,40,0,0,936.905764579773,1261.94917678833,4.157400703430175,936.905764579773,completed
1149.143682,40,223.678274,1.0,True,40,0,0,1304.6330490112305,1848.2237272262573,20.875379860401154,1304.6330490112305,completed
3037.735624,40,223.730103,1.0,True,40,0,0,989.5894165039062,1377.38938331604,8.292280054092407,989.5894165039062,completed
3694.014025,40,223.781366,1.0,True,40,0,0,1021.8020906448364,1290.5341701507568,2.291464161872864,1021.8020906448364,completed
3966.069937,40,223.832426,1.0,True,40,0,0,841.2206432819366,1034.7201390266418,3.137569046020508,841.2206432819366,completed
2398.628833,40,223.883647,1.0,True,40,0,0,1051.358796596527,1458.1581497192383,13.769774055480957,1051.358796596527,completed
2562.814618,40,223.934608,1.0,True,40,0,0,1035.3856942653656,1428.4535155296326,11.933188724517823,1035.3856942653656,completed
3519.200163,40,223.98561,1.0,True,40,0,0,934.787871837616,1285.7579364776611,4.569917297363281,934.787871837616,completed
3550.875506,40,224.036391,1.0,True,40,0,0,1011.9060825109482,1274.0173561573029,3.444521903991699,1011.9060825109482,completed
3471.058107,40,224.087924,1.0,True,40,0,0,828.7324538230896,1124.1681525707245,6.626468157768249,828.7324538230896,completed
3980.398756,40,224.138871,1.0,True,40,0,0,830.6566119194031,990.9358263015747,3.6397233486175535,830.6566119194031,completed
3873.705014,40,224.190939,1.0,True,40,0,0,811.0380628108978,1115.7301020622253,3.0921129465103148,811.0380628108978,completed
2798.717597,40,224.241645,1.0,True,40,0,0,1045.7605092525482,1416.9436736106873,9.68985071182251,1045.7605092525482,completed
3076.005231,40,224.292268,1.0,True,40,0,0,1036.8088524341583,1320.9647991657257,7.610602235794067,1036.8088524341583,completed
2617.574146,40,224.343754,1.0,True,40,0,0,1040.6868793964386,1432.9785199165344,11.771716928482055,1040.6868793964386,completed
2588.182254,40,224.39475,1.0,True,40,0,0,1124.623673915863,1464.9670362472534,10.444747519493102,1124.623673915863,completed
2701.037331,40,224.446145,1.0,True,40,0,0,1015.4054913520813,1371.1428761482239,11.143277633190156,1015.4054913520813,completed
2314.111371,40,224.496736,1.0,True,40,0,0,1027.5821857452393,1489.767472743988,14.882438719272614,1027.5821857452393,completed
2753.628037,40,224.547847,1.0,True,40,0,0,1032.7053966522217,1476.8744716644287,9.839835071563721,1032.7053966522217,completed
3723.298322,40,224.598693,1.0,True,40,0,0,733.249568939209,1020.562068939209,5.61417076587677,733.249568939209,completed
3608.983123,40,224.649223,1.0,True,40,0,0,839.7787868976593,1138.1359934806824,5.87750015258789,839.7787868976593,completed
2523.621634,40,224.701631,1.0,True,40,0,0,1064.4306182861328,1584.1675271987915,10.376696443557739,1064.4306182861328,completed
3695.996171,40,224.752974,1.0,True,40,0,0,852.1117105484009,1055.8783493041992,5.515882730484009,852.1117105484009,completed
3203.640169,40,224.803758,1.0,True,40,0,0,913.4720220565796,1194.4507417678833,8.992260026931763,913.4720220565796,completed
3133.596253,40,224.854996,1.0,True,40,0,0,988.1062488555908,1512.6697998046875,5.870040225982666,988.1062488555908,completed
3083.428588,40,226.144892,1.0,True,40,0,0,967.860940694809,1277.5063948631287,8.632472670078277,967.860940694809,completed
1835.96112,40,226.198552,1.0,True,40,0,0,1097.4252824783325,1503.7125582695007,18.893748700618744,1097.4252824783325,completed
2702.363011,40,226.249809,1.0,True,40,0,0,1019.1164884567261,1374.491307258606,11.365333223342896,1019.1164884567261,completed
2273.976781,40,226.300646,1.0,True,40,0,0,1054.1299662590027,1555.811198234558,13.651911520957947,1054.1299662590027,completed
3278.343358,40,226.351598,1.0,True,40,0,0,921.7369222640991,1254.295274734497,6.236121082305909,921.7369222640991,completed
2446.905963,40,226.402197,1.0,True,40,0,0,1089.2899808883667,1707.8945178985596,10.072950983047486,1089.2899808883667,completed
3546.051327,40,226.453393,1.0,True,40,0,0,858.7357971072197,1077.8692668676376,7.350637519359589,858.7357971072197,completed
1840.451972,40,226.504531,1.0,True,40,0,0,1263.004799604416,2050.8308033943176,10.69789080619812,1263.004799604416,completed
3218.495334,40,226.558035,1.0,True,40,0,0,1035.1139101982117,1401.5169916152954,5.672095358371735,1035.1139101982117,completed
3649.67669,40,226.615865,1.0,True,40,0,0,819.0525011122227,1043.594081223011,6.199229001998901,819.0525011122227,completed
3939.409521,40,226.669066,1.0,True,40,0,0,784.8063560724258,1023.0207345485687,3.742298221588135,784.8063560724258,completed
2596.382671,40,226.72006,1.0,True,40,0,0,1025.4937226772308,1360.7367086410522,12.83138394355774,1025.4937226772308,completed
2143.989617,40,226.771338,1.0,True,40,0,0,1169.6905694007874,1684.930742263794,12.634652805328368,1169.6905694007874,completed
3877.321434,40,226.82164,1.0,True,40,0,0,807.1745471954346,1075.098430633545,3.009569549560547,807.1745471954346,completed
3167.247266,40,226.872442,1.0,True,40,0,0,1028.9329597949982,1420.1348900794983,5.790557241439819,1028.9329597949982,completed
2949.424176,40,226.923256,1.0,True,40,0,0,1077.2929075956345,1298.2809164524078,8.576138389110564,1077.2929075956345,completed
2807.112525,40,226.974033,1.0,True,40,0,0,1014.7062754631042,1482.0860590934753,8.922113060951233,1014.7062754631042,completed
3533.14807,40,227.02546,1.0,True,40,0,0,884.053448677063,1211.1914720535278,5.801365518569947,884.053448677063,completed
3102.166766,40,227.076428,1.0,True,40,0,0,1058.0573670864105,1303.193706035614,7.681071710586548,1058.0573670864105,completed
3216.193455,40,227.127736,1.0,True,40,0,0,1082.4824137687683,1235.9119687080383,6.997674143314361,1082.4824137687683,completed
2954.698734,40,227.178906,1.0,True,40,0,0,1020.0951085090637,1382.5478386878967,9.030519723892212,1020.0951085090637,completed
3993.330317,40,227.229967,1.0,True,40,0,0,797.2432452440262,990.4890196323395,3.7348226726055147,797.2432452440262,completed
3760.578389,40,227.2812,1.0,True,40,0,0,900.9838953018188,1098.0272827148438,4.0750157833099365,900.9838953018188,completed
3473.70949,40,227.33227,1.0,True,40,0,0,866.4572818279266,1158.6346983909607,6.461474657058716,866.4572818279266,completed
2770.56343,40,227.383544,1.0,True,40,0,0,999.0911582708359,1421.1818301677704,10.021023273468018,999.0911582708359,completed
1627.238477,40,227.434639,1.0,True,40,0,0,1188.3561553955078,1739.9888305664062,17.884501457214355,1188.3561553955078,completed
3314.89233,40,227.485331,1.0,True,40,0,0,1012.8838005065918,1300.2409744262695,5.7139039754867555,1012.8838005065918,completed
3901.396501,40,227.535809,1.0,True,40,0,0,863.0084583759308,1028.2167019844055,4.184500646591187,863.0084583759308,completed
2886.702454,40,227.58696,1.0,True,40,0,0,984.0262460708618,1416.7858514785767,9.055217027664185,984.0262460708618,completed
2132.971599,40,227.637975,1.0,True,40,0,0,1089.1323516368866,1527.9555010795593,15.847474241256714,1089.1323516368866,completed
3936.341933,40,227.688805,1.0,True,40,0,0,856.8181748390198,1010.9553079605103,3.7189540386199953,856.8181748390198,completed
3633.837581,40,227.739655,1.0,True,40,0,0,905.4935101270676,1206.7395179271698,4.443160533905029,905.4935101270676,completed
2975.120539,40,227.797549,1.0,True,40,0,0,910.7829928398132,1269.7142353057861,10.8340500831604,910.7829928398132,completed
3735.410971,40,227.848169,1.0,True,40,0,0,914.5653433799744,1115.9605565071106,4.353665137290955,914.5653433799744,completed
3642.11907,40,227.899324,1.0,True,40,0,0,893.4802417755127,1158.6237363815308,4.466333436965942,893.4802417755127,completed
2246.159703,40,227.951034,1.0,True,40,0,0,1038.7779245376587,1562.3260326385498,13.400186324119568,1038.7779245376587,completed
2874.849075,40,228.002048,1.0,True,40,0,0,1011.8194168806076,1258.707087278366,11.168518483638763,1011.8194168806076,completed
3405.49909,40,228.053187,1.0,True,40,0,0,887.7362887859344,1127.0440106391907,7.901384067535401,887.7362887859344,completed
2467.831438,40,228.104577,1.0,True,40,0,0,1094.0986518859863,1443.6671252250671,12.470944166183472,1094.0986518859863,completed
1314.677372,40,228.156087,1.0,True,40,0,0,1205.8744068145752,1947.452875137329,17.869997763633727,1205.8744068145752,completed
1433.029854,40,228.208214,1.0,True,40,0,0,1418.3618190288544,1997.1389758586884,15.363752269744873,1418.3618190288544,completed
3801.196614,40,228.259185,1.0,True,40,0,0,841.5537545681,1109.426284313202,3.8562777519226072,841.5537545681,completed
2781.547821,40,228.310245,1.0,True,40,0,0,1021.8572418689728,1425.2473454475403,9.969571924209594,1021.8572418689728,completed
3329.33504,40,228.361487,1.0,True,40,0,0,928.4186155796051,1228.4936890602112,7.153384160995484,928.4186155796051,completed
4198.873142,40,228.41192,1.0,True,40,0,0,866.7872977256775,965.6904134750366,1.297437810897827,866.7872977256775,completed
2190.926752,40,228.462858,1.0,True,40,0,0,1156.140186548233,1570.6530804634094,14.033384346961975,1156.140186548233,completed
3453.205784,40,228.513506,1.0,True,40,0,0,926.9895343780518,1167.1200609207153,6.459605360031128,926.9895343780518,completed
3946.445668,40,228.565148,1.0,True,40,0,0,886.9708485603333,1095.7786183357239,1.5751917839050293,886.9708485603333,completed
3335.791434,40,228.616133,1.0,True,40,0,0,939.1175379753113,1302.575348854065,5.661314487457275,939.1175379753113,completed
2187.800435,40,228.666863,1.0,True,40,0,0,1114.8276302814484,1539.177767276764,14.502593040466309,1114.8276302814484,completed
2906.323401,40,228.717352,1.0,True,40,0,0,1006.7751603126526,1532.532356262207,7.985323882102966,1006.7751603126526,completed
3006.583196,40,230.005065,1.0,True,40,0,0,967.848316192627,1345.7334356307983,8.655012941360473,967.848316192627,completed
2461.75668,40,230.056226,1.0,True,40,0,0,1012.1544513702393,1433.867343902588,13.29620714187622,1012.1544513702393,completed
3732.57321,40,230.108248,1.0,True,40,0,0,805.3674775362015,1065.4723646640778,5.589833784103393,805.3674775362015,completed
3280.472837,40,230.160324,1.0,True,40,0,0,891.6405529975891,1263.9409494400024,6.927597332000732,891.6405529975891,completed
2377.574946,40,230.21149,1.0,True,40,0,0,1182.3312048912048,1694.3332271575928,10.740747261047364,1182.3312048912048,completed
3332.349336,40,230.262161,1.0,True,40,0,0,938.7335504293442,1263.8695628643036,6.239425182342529,938.7335504293442,completed
4076.950887,40,230.313038,1.0,True,40,0,0,827.9857845306396,979.6126842498779,2.6085461139678956,827.9857845306396,completed
1564.704933,40,230.364264,1.0,True,40,0,0,1182.0896100997925,1678.7440690994263,18.93028531074524,1182.0896100997925,completed
3208.9991,40,230.41524,1.0,True,40,0,0,984.2112537622452,1307.3408076763153,7.1549907445907595,984.2112537622452,completed
3444.61784,40,230.468723,1.0,True,40,0,0,882.0099556446075,1194.3637371063232,6.8422009468078615,882.0099556446075,completed
2777.212254,40,230.519694,1.0,True,40,0,0,1076.9746658802032,1340.9276757240295,10.457281291484833,1076.9746658802032,completed
3838.088444,40,230.570929,1.0,True,40,0,0,903.3103923797607,1148.5735592842102,2.3936800718307496,903.3103923797607,completed
3849.479807,40,230.621806,1.0,True,40,0,0,850.9313576221466,1121.6257224082947,3.327163553237915,850.9313576221466,completed
3678.616176,40,230.672707,1.0,True,40,0,0,876.3562457561493,1134.0782170295715,5.101050472259521,876.3562457561493,completed
4186.639073,40,230.725121,1.0,True,40,0,0,779.5440473556519,959.4387607574463,2.1906482696533205,779.5440473556519,completed
2972.877833,40,230.776233,1.0,True,40,0,0,962.4138903617859,1237.2967309951782,9.358092856407165,962.4138903617859,completed
2758.035412,40,230.827403,1.0,True,40,0,0,1046.4552021026611,1509.9424381256104,9.851934814453125,1046.4552021026611,completed
3272.979758,40,230.879363,1.0,True,40,0,0,951.9186910390854,1188.735729932785,7.290746551752091,951.9186910390854,completed
2810.506337,40,230.930176,1.0,True,40,0,0,989.5026822090149,1366.2856483459473,10.973473000526429,989.5026822090149,completed
2664.713415,40,230.982396,1.0,True,40,0,0,1062.8448486328125,1388.4864616394043,11.003057098388672,1062.8448486328125,completed
4184.915652,40,231.033582,1.0,True,40,0,0,863.5774812698364,1029.3547477722168,0.9330954551696777,863.5774812698364,completed
2797.673374,40,231.084477,1.0,True,40,0,0,1074.2525086402893,1508.2316913604736,8.234003257751464,1074.2525086402893,completed
3577.32463,40,231.135433,1.0,True,40,0,0,944.1986780166626,1289.688097000122,4.031240701675415,944.1986780166626,completed
4342.940794,40,231.186134,1.0,True,40,0,0,768.4105317592621,907.7264685630798,1.3439221382141113,768.4105317592621,completed
3184.371788,40,231.236738,1.0,True,40,0,0,1051.48397564888,1522.7309584617615,4.9341721534729,1051.48397564888,completed
3946.477376,40,231.287543,1.0,True,40,0,0,789.2058568000793,1033.149398803711,4.106684637069702,789.2058568000793,completed
3243.6992,40,231.338002,1.0,True,40,0,0,1128.9006547927856,1803.5669326782227,0.37545976638793943,1128.9006547927856,completed
2623.098229,40,231.388955,1.0,True,40,0,0,1093.4619147777557,1715.5402331352234,7.734129571914673,1093.4619147777557,completed
3751.552765,40,231.439135,1.0,True,40,0,0,864.7106738090515,1017.9256131649017,5.248783206939697,864.7106738090515,completed
3070.912719,40,231.490466,1.0,True,40,0,0,1035.781265258789,1413.5153050422668,7.659396076202393,1035.781265258789,completed
3712.154105,40,231.541115,1.0,True,40,0,0,881.7226009368896,1277.2325916290283,2.9857060432434084,881.7226009368896,completed
2967.278743,40,231.591729,1.0,True,40,0,0,990.4891657829285,1392.2489790916443,8.649423503875733,990.4891657829285,completed
3997.437823,40,231.642229,1.0,True,40,0,0,799.7123790383339,1040.443934559822,2.6655802726745605,799.7123790383339,completed
2945.466937,40,231.692972,1.0,True,40,0,0,984.2508594989777,1300.3286290168762,9.607763195037842,984.2508594989777,completed
3033.723292,40,231.743776,1.0,True,40,0,0,1061.0600533485413,1489.7960743904114,6.260812425613404,1061.0600533485413,completed
3579.090509,40,231.794633,1.0,True,40,0,0,905.4039511680603,1309.9431838989258,4.021620225906372,905.4039511680603,completed
3634.938741,40,231.845439,1.0,True,40,0,0,850.5780720710754,1118.264796257019,4.807789254188537,850.5780720710754,completed
2946.162685,40,231.896391,1.0,True,40,0,0,1019.469997882843,1348.0741367340088,8.99092206954956,1019.469997882843,completed
3815.178325,40,231.947379,1.0,True,40,0,0,864.029598236084,1081.8253993988037,3.579949712753296,864.029598236084,completed
1964.547791,40,231.999341,1.0,True,40,0,0,1220.3210618495941,1700.538785457611,14.908336353302001,1220.3210618495941,completed
3699.053247,40,232.050686,1.0,True,40,0,0,894.1543445587158,1268.9685325622559,2.857359504699707,894.1543445587158,completed
2474.924591,40,232.101729,1.0,True,40,0,0,1088.0641512870789,1611.8041563034058,10.11565432548523,1088.0641512870789,completed
3831.916826,40,232.152487,1.0,True,40,0,0,813.2459666728973,993.9480595588684,5.272409105300904,813.2459666728973,completed
3380.081494,40,232.203959,1.0,True,40,0,0,951.2768576145172,1221.361973285675,6.133177757263184,951.2768576145172,completed
2868.765533,40,232.254844,1.0,True,40,0,0,1046.2617814540863,1503.773952960968,8.241575622558594,1046.2617814540863,completed
2475.712452,40,232.306166,1.0,True,40,0,0,1056.0548284053802,1650.7119116783142,10.123394346237182,1056.0548284053802,completed
3379.342409,40,232.356747,1.0,True,40,0,0,960.9836421012878,1307.7650036811829,6.13157377243042,960.9836421012878,completed
2617.030508,40,232.407402,1.0,True,40,0,0,1077.7178480625153,1375.30140376091,11.981340485811234,1077.7178480625153,completed
3784.664011,40,232.459228,1.0,True,40,0,0,836.7466328144073,1042.6285824775696,5.329957103729248,836.7466328144073,completed
2916.766877,40,232.510142,1.0,True,40,0,0,964.8531498908997,1264.031630039215,10.298580503463745,964.8531498908997,completed
3772.092717,40,232.560883,1.0,True,40,0,0,805.2475776672363,1063.4857482910156,4.811555171012879,805.2475776672363,completed
2081.116126,40,233.84505,1.0,True,40,0,0,1206.5186369419098,1840.002287864685,11.01212718486786,1206.5186369419098,completed
2811.309843,40,233.896748,1.0,True,40,0,0,1047.7379556894302,1435.8964474201202,9.882016146183014,1047.7379556894302,completed
4307.754157,40,233.948104,1.0,True,40,0,0,778.1306120157242,933.0108978748322,1.0506936073303224,778.1306120157242,completed
4106.742494,40,233.999677,1.0,True,40,0,0,869.0872805118561,1006.5665440559387,2.1822742462158202,869.0872805118561,completed
2450.101275,40,234.050524,1.0,True,40,0,0,1040.1633887290955,1434.5667672157288,13.847215592861176,1040.1633887290955,completed
2798.214683,40,234.101605,1.0,True,40,0,0,982.1135751605034,1386.3859771490097,10.593657460808753,982.1135751605034,completed
2361.78055,40,234.152832,1.0,True,40,0,0,1085.6833379268646,1555.084532737732,12.327705764770508,1085.6833379268646,completed
2219.695153,40,234.204352,1.0,True,40,0,0,1145.9506137371063,1534.2627491950989,14.250568187236786,1145.9506137371063,completed
3610.382865,40,234.257019,1.0,True,40,0,0,948.5279216766357,1095.079044342041,5.3239179134368895,948.5279216766357,completed
3580.194385,40,234.308152,1.0,True,40,0,0,900.4290677011013,1093.90741366148,6.70312524586916,900.4290677011013,completed
3969.583014,40,234.359202,1.0,True,40,0,0,877.7495093345642,1098.0123052597046,2.2619218111038206,877.7495093345642,completed
3857.609524,40,234.410337,1.0,True,40,0,0,869.9463682174683,1122.0458178520203,2.452153193950653,869.9463682174683,completed
2514.516016,40,234.46142,1.0,True,40,0,0,1027.478590965271,1505.2594509124756,11.540142917633057,1027.478590965271,completed
3937.786124,40,234.513268,1.0,True,40,0,0,810.9154291152954,1095.3209896087646,2.885144126415253,810.9154291152954,completed
2836.555301,40,234.564678,1.0,True,40,0,0,1045.8658106327057,1546.1904492378235,8.06394648551941,1045.8658106327057,completed
2769.806101,40,234.615397,1.0,True,40,0,0,973.9897751808167,1323.994626045227,12.180074310302734,973.9897751808167,completed
2715.036267,40,234.666524,1.0,True,40,0,0,1061.4483580589294,1571.7481832504272,8.489646458625794,1061.4483580589294,completed
3674.952046,40,234.717609,1.0,True,40,0,0,883.9126085042953,1123.3397834300995,5.550332844257355,883.9126085042953,completed
3666.023793,40,234.76869,1.0,True,40,0,0,928.9815105199814,1186.208322763443,3.521976816654205,928.9815105199814,completed
3186.953863,40,234.819918,1.0,True,40,0,0,909.8944187164307,1269.4558267593384,7.883850955963135,909.8944187164307,completed
1049.664915,40,234.870506,1.0,True,40,0,0,1350.6120069026947,2112.353009700775,18.454744625091553,1350.6120069026947,completed
3320.450941,40,234.921719,1.0,True,40,0,0,961.567227602005,1205.0445761680603,7.02574610710144,961.567227602005,completed
2053.131924,40,234.972384,1.0,True,40,0,0,1132.954029083252,1724.2638626098633,13.19256762266159,1132.954029083252,completed
3947.767011,40,235.023048,1.0,True,40,0,0,856.1581683158875,1082.4948897361755,2.5974213600158693,856.1581683158875,completed
4000.795651,40,235.073626,1.0,True,40,0,0,822.1309049129486,1028.155342578888,2.936936616897583,822.1309049129486,completed
3605.911415,40,235.124769,1.0,True,40,0,0,834.2893604040146,1095.1089580059052,6.23618893623352,834.2893604040146,completed
4181.931046,40,235.176389,1.0,True,40,0,0,754.022643327713,909.8708338737488,3.122468137741089,754.022643327713,completed
3265.255307,40,235.228222,1.0,True,40,0,0,961.9977049827576,1273.2110834121704,6.462673473358154,961.9977049827576,completed
3166.53194,40,235.279081,1.0,True,40,0,0,1026.8654408454895,1247.2157831192017,7.2551429271698,1026.8654408454895,completed
3938.466432,40,235.329945,1.0,True,40,0,0,904.7214894294739,1143.3433418273926,2.1377874851226806,904.7214894294739,completed
3020.90854,40,235.38124,1.0,True,40,0,0,923.5782170295715,1339.8743324279785,8.888534545898438,923.5782170295715,completed
3698.114741,40,235.432477,1.0,True,40,0,0,775.8529994487762,1037.0664360523224,6.3200047492980955,775.8529994487762,completed
2149.70723,40,235.483478,1.0,True,40,0,0,1034.9692034721375,1427.3767566680908,16.177460193634033,1034.9692034721375,completed
3170.18187,40,235.534238,1.0,True,40,0,0,942.2250111103058,1195.8000264167786,9.488788676261901,942.2250111103058,completed
3767.510824,40,235.584931,1.0,True,40,0,0,916.5476818084717,1119.7100925445557,3.573493313789368,916.5476818084717,completed
3331.571422,40,235.63616,1.0,True,40,0,0,915.5133781433105,1192.6672315597534,6.777332448959351,915.5133781433105,completed
2972.734695,40,235.68726,1.0,True,40,0,0,1013.485636472702,1491.3418955802917,7.046222972869873,1013.485636472702,completed
2837.494356,40,235.739621,1.0,True,40,0,0,1062.5337872505188,1568.1578092575073,6.687647271156311,1062.5337872505188,completed
3955.578296,40,235.791219,1.0,True,40,0,0,850.6063816547394,1092.9398713111877,3.0228002071380615,850.6063816547394,completed
3080.071912,40,235.847176,1.0,True,40,0,0,1003.6494765281677,1303.745400428772,8.045230770111084,1003.6494765281677,completed
3721.860715,40,235.904368,1.0,True,40,0,0,851.5484144687653,1042.032163143158,5.074685716629029,851.5484144687653,completed
3173.862157,40,235.957105,1.0,True,40,0,0,958.5198950767517,1215.700852394104,8.109437108039856,958.5198950767517,completed
1778.456377,40,236.008701,1.0,True,40,0,0,1204.9314942359924,1909.1263618469238,14.169321608543395,1204.9314942359924,completed
3897.168391,40,236.059576,1.0,True,40,0,0,823.0232691764832,1085.9863395690918,2.8054084300994875,823.0232691764832,completed
2865.570526,40,236.111191,1.0,True,40,0,0,1031.7663851976395,1474.8981177806854,8.787271416187286,1031.7663851976395,completed
2923.619767,40,236.162366,1.0,True,40,0,0,1073.9750368595123,1513.1342997550964,6.594343519210815,1073.9750368595123,completed
3889.706179,40,236.213593,1.0,True,40,0,0,842.5090775489807,1142.2771444320679,2.6035439491271974,842.5090775489807,completed
3927.459289,40,236.26462,1.0,True,40,0,0,814.1754667758942,1092.0590901374817,3.0346303939819337,814.1754667758942,completed
2731.100302,40,236.315462,1.0,True,40,0,0,1128.7359585762024,1573.3110151290894,8.700200080871582,1128.7359585762024,completed
3862.721821,40,236.365959,1.0,True,40,0,0,813.0889964103699,1038.6405849456787,4.274001717567444,813.0889964103699,completed
2196.493038,40,236.416536,1.0,True,40,0,0,1069.1633496284485,1514.5464372634888,15.075098395347595,1069.1633496284485,completed
2749.366843,40,237.659528,1.0,True,40,0,0,1035.5821985006332,1468.8422706127167,9.981966757774353,1035.5821985006332,completed
1503.626358,40,237.713454,1.0,True,40,0,0,1312.5464017391205,2115.434998989105,13.335841274261474,1312.5464017391205,completed
4115.322511,40,237.770328,1.0,True,40,0,0,877.9587125778198,1073.5242166519165,1.087820291519165,877.9587125778198,completed
3125.767302,40,237.828506,1.0,True,40,0,0,1020.1627371311188,1527.0153393745422,5.530227279663086,1020.1627371311188,completed
3626.449558,40,237.882669,1.0,True,40,0,0,913.806309223175,1283.9862146377563,4.036022758483886,913.806309223175,completed
3636.572987,40,237.93637,1.0,True,40,0,0,810.5250343680382,1103.421384692192,5.9168558597564695,810.5250343680382,completed
2902.708749,40,237.990862,1.0,True,40,0,0,956.7678974866867,1378.2674996852875,9.90170328617096,956.7678974866867,completed
3327.640529,40,238.044899,1.0,True,40,0,0,914.3193805217743,1244.2288980484009,6.751450681686402,914.3193805217743,completed
2815.182638,40,238.098355,1.0,True,40,0,0,1002.923752784729,1321.1820495128632,11.747035694122314,1002.923752784729,completed
2876.490396,40,238.151445,1.0,True,40,0,0,1010.2148082256317,1319.22554063797,10.640407800674438,1010.2148082256317,completed
3979.587741,40,238.204115,1.0,True,40,0,0,825.5220906734467,1028.036924123764,2.8657298564910887,825.5220906734467,completed
2101.563114,40,238.258066,1.0,True,40,0,0,1051.3291337490082,1521.518958568573,15.049606895446777,1051.3291337490082,completed
1435.849401,40,238.311693,1.0,True,40,0,0,1266.1965618133545,1845.1463928222656,18.8721453666687,1266.1965618133545,completed
3273.217846,40,238.366048,1.0,True,40,0,0,962.3181266784668,1269.9479455947876,5.780606722831726,962.3181266784668,completed
580.651053,40,238.419847,1.0,True,40,0,0,1473.8589696884155,2073.194236755371,23.93149881362915,1473.8589696884155,completed
2525.68147,40,238.473203,1.0,True,40,0,0,1116.872947216034,1411.2661905288696,13.272524404525758,1116.872947216034,completed
3311.123767,40,238.527868,1.0,True,40,0,0,899.3678690195084,1161.0347883701324,8.526465559005738,899.3678690195084,completed
3702.685476,40,238.580349,1.0,True,40,0,0,867.0049700737,1108.3187379837036,5.224511623382568,867.0049700737,completed
2761.500611,40,238.635017,1.0,True,40,0,0,1056.2849056720734,1494.4729981422424,9.94760184288025,1056.2849056720734,completed
4154.695284,40,238.688974,1.0,True,40,0,0,762.6157534122467,978.1239047050476,2.1474871158599855,762.6157534122467,completed
3660.317572,40,238.74375,1.0,True,40,0,0,886.7913634777069,1252.2693190574646,3.3138919830322267,886.7913634777069,completed
3254.713848,40,238.798324,1.0,True,40,0,0,913.4929571151733,1178.8831548690796,7.942736339569092,913.4929571151733,completed
2336.84253,40,238.851735,1.0,True,40,0,0,973.1891796588898,1490.2374691963196,14.374784326553344,973.1891796588898,completed
2845.907213,40,238.904997,1.0,True,40,0,0,978.7643136978149,1393.4080567359924,9.926066708564758,978.7643136978149,completed
3944.989602,40,238.958411,1.0,True,40,0,0,907.1566253900528,1092.5217192173004,2.736781644821167,907.1566253900528,completed
2419.15799,40,239.012436,1.0,True,40,0,0,1033.7458629608154,1400.766887664795,14.746886444091796,1033.7458629608154,completed
1626.578435,40,239.064785,1.0,True,40,0,0,1055.5950858592987,1645.995879650116,19.868363070487977,1055.5950858592987,completed
3410.872024,40,239.118179,1.0,True,40,0,0,944.9970571994781,1394.618715763092,4.350614428520203,944.9970571994781,completed
3144.005721,40,239.171251,1.0,True,40,0,0,1037.0667085647583,1562.8650150299072,4.682534217834473,1037.0667085647583,completed
1869.03983,40,239.223565,1.0,True,40,0,0,1195.5975804328918,1709.102375984192,14.919862604141235,1195.5975804328918,completed
3348.199176,40,239.278947,1.0,True,40,0,0,948.0642881393433,1244.209321975708,6.554149961471557,948.0642881393433,completed
3220.808934,40,239.332121,1.0,True,40,0,0,1035.4627988040447,1410.7497019171715,5.201108932495117,1035.4627988040447,completed
2677.635202,40,239.386396,1.0,True,40,0,0,957.7959115505219,1352.3594450950623,12.75114827156067,957.7959115505219,completed
1808.298293,40,239.439205,1.0,True,40,0,0,1116.7419912815094,1638.2965531349182,16.931628799438478,1116.7419912815094,completed
2994.605738,40,239.494663,1.0,True,40,0,0,1018.0027675628662,1417.5273513793945,8.066406440734863,1018.0027675628662,completed
3174.82935,40,239.547323,1.0,True,40,0,0,983.1635842323303,1193.4740743637085,8.530637717247009,983.1635842323303,completed
3987.661238,40,239.600338,1.0,True,40,0,0,821.4650616049767,1000.0750359296799,3.804714822769165,821.4650616049767,completed
4241.433623,40,239.653312,1.0,True,40,0,0,786.3312759399414,1026.8731851577759,0.8400888442993164,786.3312759399414,completed
3303.813887,40,239.706629,1.0,True,40,0,0,920.2424800395966,1256.413833141327,6.837317609786988,920.2424800395966,completed
1747.399938,40,239.762885,1.0,True,40,0,0,1215.4056868553162,1769.8876867294312,15.14350242614746,1215.4056868553162,completed
2108.827156,40,239.816513,1.0,True,40,0,0,1133.8030796051025,1613.939082145691,14.319475078582764,1133.8030796051025,completed
3262.954907,40,239.868564,1.0,True,40,0,0,932.5245349407196,1161.4578971862793,8.56158356666565,932.5245349407196,completed
3302.444013,40,239.922427,1.0,True,40,0,0,911.3525779247284,1252.24888753891,7.290883302688599,911.3525779247284,completed
2295.287895,40,239.974481,1.0,True,40,0,0,1113.7317471504211,1650.21431350708,12.577966403961181,1113.7317471504211,completed
1679.264222,40,240.027573,1.0,True,40,0,0,1234.9651408195496,1846.6970796585083,15.104873824119569,1234.9651408195496,completed
3514.056535,40,240.081946,1.0,True,40,0,0,917.2745070457458,1164.3486289978027,6.4349408626556395,917.2745070457458,completed
3582.10053,40,240.134767,1.0,True,40,0,0,958.5621955394745,1227.0368428230286,4.412770318984985,958.5621955394745,completed
2799.914944,40,240.188495,1.0,True,40,0,0,1107.1059107780457,1427.1869096755981,9.073948860168457,1107.1059107780457,completed
3171.74428,40,240.31459,1.0,True,40,0,0,999.7169635295868,1254.2298274040222,8.859659147262573,999.7169635295868,completed
4081.049236,40,240.381583,1.0,True,40,0,0,793.166054725647,972.2795648574829,2.2942951202392576,793.166054725647,completed
1006.167491,40,240.437135,1.0,True,40,0,0,1331.2076712846756,2145.437673807144,19.001580810546876,1331.2076712846756,completed
3623.535117,40,241.680527,1.0,True,40,0,0,948.3986768722534,1168.8255348205566,4.458969855308533,948.3986768722534,completed
3490.268605,40,241.73339,1.0,True,40,0,0,871.9373979568481,1112.7307858467102,7.1570636510849,871.9373979568481,completed
3894.285568,40,241.787104,1.0,True,40,0,0,852.2016673088074,1078.0265417099,3.044552946090698,852.2016673088074,completed
4055.09537,40,241.838387,1.0,True,40,0,0,711.4020521044731,912.7886637449265,4.987448358535767,711.4020521044731,completed
3469.23789,40,241.889593,1.0,True,40,0,0,832.9503544569016,1147.9420812129974,7.228195095062256,832.9503544569016,completed
3051.381456,40,241.940505,1.0,True,40,0,0,874.8349854946136,1235.5691876411438,9.994893074035645,874.8349854946136,completed
2324.810362,40,241.991575,1.0,True,40,0,0,1161.4166269302368,1634.5495023727417,11.129190111160279,1161.4166269302368,completed
2193.73595,40,242.043452,1.0,True,40,0,0,959.9658970832825,1397.0068044662476,17.232212829589844,959.9658970832825,completed
2197.900492,40,242.094227,1.0,True,40,0,0,1150.674430847168,1692.6717863082886,13.246948552131652,1150.674430847168,completed
3539.718038,40,242.145998,1.0,True,40,0,0,843.825074672699,1146.5919408798218,5.971697282791138,843.825074672699,completed
2750.628734,40,242.197105,1.0,True,40,0,0,1096.5912668704987,1513.1436257362366,8.586981475353241,1096.5912668704987,completed
3167.04668,40,242.24793,1.0,True,40,0,0,984.7289907932281,1256.147135734558,8.691925954818725,984.7289907932281,completed
3469.360438,40,242.298903,1.0,True,40,0,0,779.6303791999817,1113.3236894607544,7.477565956115723,779.6303791999817,completed
3119.351288,40,242.349813,1.0,True,40,0,0,981.1128652095795,1314.5045828819275,8.200324392318725,981.1128652095795,completed
3495.134184,40,242.400868,1.0,True,40,0,0,934.1124458312988,1137.2321863174438,5.980536794662475,934.1124458312988,completed
3477.454525,40,242.451739,1.0,True,40,0,0,824.0362691879272,1177.3870944976807,6.162473869323731,824.0362691879272,completed
3617.435792,40,242.502629,1.0,True,40,0,0,957.5856111049652,1242.805745601654,3.4490815162658692,957.5856111049652,completed
2339.659765,40,242.556158,1.0,True,40,0,0,1093.717674255371,1645.2925071716309,11.303598403930664,1093.717674255371,completed
3028.168401,40,242.607818,1.0,True,40,0,0,987.1883383989334,1385.7420241832733,8.940029621124268,987.1883383989334,completed
2720.556593,40,242.659065,1.0,True,40,0,0,1067.3876093626022,1449.630215883255,9.74272004365921,1067.3876093626022,completed
2848.467734,40,242.709824,1.0,True,40,0,0,1076.9055223464966,1478.6933550834656,7.672828269004822,1076.9055223464966,completed
3411.900242,40,242.761091,1.0,True,40,0,0,881.7498054504395,1327.9621028900146,6.041144514083863,881.7498054504395,completed
3689.977955,40,242.818655,1.0,True,40,0,0,757.9305684566498,1013.4185976982117,6.881290578842163,757.9305684566498,completed
2968.889389,40,242.87033,1.0,True,40,0,0,874.6874361038208,1251.7524337768555,11.117130899429322,874.6874361038208,completed
2896.953243,40,242.921624,1.0,True,40,0,0,1036.4283657073975,1427.9796533584595,9.63015148639679,1036.4283657073975,completed
2275.574086,40,242.974642,1.0,True,40,0,0,1121.4796192646027,1590.5351738929749,12.649368143081665,1121.4796192646027,completed
3200.937012,40,243.027945,1.0,True,40,0,0,1008.5242578983307,1309.2906918525696,7.046608400344849,1008.5242578983307,completed
3323.117946,40,243.080388,1.0,True,40,0,0,927.0339069366455,1207.0262055397034,7.224161052703858,927.0339069366455,completed
3609.317386,40,243.131792,1.0,True,40,0,0,950.5385687351227,1083.644080400467,5.166887307167054,950.5385687351227,completed
3858.982838,40,243.183057,1.0,True,40,0,0,923.9141068458557,1165.4574918746948,2.3708182096481325,923.9141068458557,completed
2657.978404,40,243.23528,1.0,True,40,0,0,943.9662613868713,1413.5654249191284,11.946498394012451,943.9662613868713,completed
3148.952246,40,243.292608,1.0,True,40,0,0,1004.1917034387589,1449.7170063257217,6.735550308227539,1004.1917034387589,completed
3455.34228,40,243.345539,1.0,True,40,0,0,965.7605731487274,1140.9541387557983,6.18939778804779,965.7605731487274,completed
2334.162195,40,243.397797,1.0,True,40,0,0,1012.6304624080658,1548.292661190033,12.689219999313355,1012.6304624080658,completed
2820.161835,40,243.45253,1.0,True,40,0,0,998.5202955007553,1341.47079539299,10.501351404190064,998.5202955007553,completed
3133.31725,40,243.505227,1.0,True,40,0,0,942.6919369697571,1404.365909576416,6.453313589096069,942.6919369697571,completed
4446.625789,40,243.555858,1.0,True,40,0,0,738.1262838840485,809.8429532051086,1.3083899021148682,738.1262838840485,completed
3673.867036,40,243.607038,1.0,True,40,0,0,888.8752665519714,1144.488003730774,4.298387503623962,888.8752665519714,completed
3803.707006,40,243.657927,1.0,True,40,0,0,852.2482470273972,1067.054224729538,4.327304983139038,852.2482470273972,completed
4188.127847,40,243.70868,1.0,True,40,0,0,739.0901446342468,885.2946453094482,2.869924449920654,739.0901446342468,completed
3689.999617,40,243.759363,1.0,True,40,0,0,878.8854990005493,1074.1936225891113,5.1382012367248535,878.8854990005493,completed
3554.331521,40,243.810992,1.0,True,40,0,0,997.2563610076904,1298.0336446762085,3.8059706687927246,997.2563610076904,completed
3429.87232,40,243.861933,1.0,True,40,0,0,985.105952501297,1493.1850800514221,2.144506502151489,985.105952501297,completed
3047.686273,40,243.912964,1.0,True,40,0,0,927.3458385467529,1394.6749572753906,8.084547138214111,927.3458385467529,completed
3804.611848,40,243.963644,1.0,True,40,0,0,871.7653043270111,1163.8047184944153,3.4642972350120544,871.7653043270111,completed
3552.340978,40,244.014389,1.0,True,40,0,0,956.3486679792404,1202.293310880661,4.829089736938476,956.3486679792404,completed
2224.335176,40,244.065432,1.0,True,40,0,0,1096.3696438074112,1465.0557304620743,14.891021680831908,1096.3696438074112,completed
3953.981561,40,244.116151,1.0,True,40,0,0,893.3863615989685,1146.5733442306519,1.671949291229248,893.3863615989685,completed
2645.019519,40,244.169961,1.0,True,40,0,0,1040.6971836090088,1418.0264863967896,12.259162950515748,1040.6971836090088,completed
2922.901946,40,244.224048,1.0,True,40,0,0,999.8069126605988,1414.3162512779236,8.51832537651062,999.8069126605988,completed
3316.488935,40,244.274995,1.0,True,40,0,0,942.1753165721893,1263.1629528999329,6.421582841873169,942.1753165721893,completed
2252.309418,40,244.342177,1.0,True,40,0,0,1096.6648836135864,1575.2329540252686,13.024192523956298,1096.6648836135864,completed
3419.486644,40,245.581908,1.0,True,40,0,0,810.0580320358276,1122.56995677948,8.058144807815552,810.0580320358276,completed
3426.843398,40,245.633272,1.0,True,40,0,0,951.1616752147675,1195.9147114753723,6.211917674541473,951.1616752147675,completed
3508.631456,40,245.684385,1.0,True,40,0,0,1007.577819943428,1224.740266084671,5.30759449005127,1007.577819943428,completed
3373.553412,40,245.735464,1.0,True,40,0,0,908.2966871261597,1237.1185865402222,6.632976627349853,908.2966871261597,completed
2993.056383,40,245.786666,1.0,True,40,0,0,1025.4008729457855,1224.009162902832,10.066162669658661,1025.4008729457855,completed
2734.384297,40,245.837593,1.0,True,40,0,0,1003.4832797050476,1432.0116815567017,10.916411066055298,1003.4832797050476,completed
3232.101768,40,245.888952,1.0,True,40,0,0,984.4170792102814,1304.493989944458,6.90380744934082,984.4170792102814,completed
3072.241957,40,245.939951,1.0,True,40,0,0,1063.0256352573633,1364.2154627144337,7.491320657730102,1063.0256352573633,completed
3463.415324,40,245.990871,1.0,True,40,0,0,968.9725715517998,1314.0160259008408,3.99729380607605,968.9725715517998,completed
3444.2876,40,246.043612,1.0,True,40,0,0,890.6346764564514,1171.3957085609436,6.784953927993774,890.6346764564514,completed
2663.353613,40,246.094815,1.0,True,40,0,0,1158.7303791046143,1780.491949081421,6.160837697982788,1158.7303791046143,completed
3803.654393,40,246.145845,1.0,True,40,0,0,850.137125492096,1086.2458600997925,4.079911065101624,850.137125492096,completed
1965.392223,40,246.19696,1.0,True,40,0,0,1101.313196182251,1617.8792057037354,15.989409160614013,1101.313196182251,completed
4025.060182,40,246.247876,1.0,True,40,0,0,740.2396945953369,1044.9418811798096,3.0169991493225097,740.2396945953369,completed
3684.987712,40,246.301015,1.0,True,40,0,0,819.3535599708557,1032.391942024231,5.597112703323364,819.3535599708557,completed
3566.231095,40,246.352166,1.0,True,40,0,0,913.2683753967285,1166.6892800331116,5.780620896816254,913.2683753967285,completed
2200.748572,40,246.403204,1.0,True,40,0,0,1307.9363701343536,2034.291562795639,7.022111082077027,1307.9363701343536,completed
3540.882154,40,246.45432,1.0,True,40,0,0,959.7985129356384,1286.5973348617554,3.4747708797454835,959.7985129356384,completed
3568.59193,40,246.505022,1.0,True,40,0,0,832.2190786600113,1134.3504650592804,6.178638887405396,832.2190786600113,completed
3772.439243,40,246.556998,1.0,True,40,0,0,769.0161888599396,944.4372081756592,6.71587643623352,769.0161888599396,completed
3219.331881,40,246.60899,1.0,True,40,0,0,846.0156409740448,1220.5988478660583,8.630000019073487,846.0156409740448,completed
3708.749892,40,246.660094,1.0,True,40,0,0,878.2325074672699,1151.963879585266,4.46437920331955,878.2325074672699,completed
3280.248712,40,246.71095,1.0,True,40,0,0,954.7896196842194,1166.943485736847,8.415496027469635,954.7896196842194,completed
3274.775654,40,246.762164,1.0,True,40,0,0,897.4887392520905,1275.6905369758606,7.730893898010254,897.4887392520905,completed
3495.655912,40,246.813571,1.0,True,40,0,0,905.5157122612,1246.6548233032227,5.308929443359375,905.5157122612,completed
4404.7814,40,246.865649,1.0,True,40,0,0,795.415093421936,955.2024068832397,0.028086209297180177,795.415093421936,completed
2772.840713,40,246.9168,1.0,True,40,0,0,927.1970653533936,1296.8524465560913,11.928791952133178,927.1970653533936,completed
3683.349146,40,246.967832,1.0,True,40,0,0,837.4309661388397,1101.1788754463196,5.161193895339966,837.4309661388397,completed
4161.25233,40,247.018833,1.0,True,40,0,0,876.4175804853439,1026.1260368824005,0.8644810199737549,876.4175804853439,completed
3646.767144,40,247.07029,1.0,True,40,0,0,896.9476623535156,1235.0262002944946,3.6441929817199705,896.9476623535156,completed
2954.468908,40,247.121037,1.0,True,40,0,0,1064.8899022340775,1495.7844421863556,6.827928304672241,1064.8899022340775,completed
2556.432037,40,247.171727,1.0,True,40,0,0,1083.1943712234497,1411.6822710037231,11.885010528564454,1083.1943712234497,completed
3396.617817,40,247.222503,1.0,True,40,0,0,895.1648144721985,1233.926773071289,6.174548053741455,895.1648144721985,completed
4073.394724,40,247.273367,1.0,True,40,0,0,777.0576327443123,986.6042047739029,3.2513258934020994,777.0576327443123,completed
3178.039791,40,247.324443,1.0,True,40,0,0,1099.487181186676,1551.1368851661682,3.9502165794372557,1099.487181186676,completed
2970.149347,40,247.37506,1.0,True,40,0,0,982.2987155914307,1228.4246368408203,10.302554035186768,982.2987155914307,completed
3395.806473,40,247.42762,1.0,True,40,0,0,937.1104226112366,1242.8637838363647,6.059713888168335,937.1104226112366,completed
2882.394736,40,247.478417,1.0,True,40,0,0,1000.9002892971039,1295.6949515342712,11.27250804901123,1000.9002892971039,completed
3380.237737,40,247.528994,1.0,True,40,0,0,887.9632761478424,1185.3937411308289,6.788139772415161,887.9632761478424,completed
2308.021314,40,247.58021,1.0,True,40,0,0,1142.5739254951477,1667.4082326889038,11.028565931320191,1142.5739254951477,completed
2792.825155,40,247.631585,1.0,True,40,0,0,1081.781581878662,1611.5877666473389,7.129491901397705,1081.781581878662,completed
3543.869648,40,247.682185,1.0,True,40,0,0,887.0084481239319,1110.923623085022,7.02386622428894,887.0084481239319,completed
3037.254472,40,247.732993,1.0,True,40,0,0,961.2082209587097,1294.0728998184204,9.031755065917968,961.2082209587097,completed
4183.136218,40,247.787912,1.0,True,40,0,0,852.3886322975159,1063.3291444778442,0.8846067905426025,852.3886322975159,completed
4484.866451,40,247.845344,1.0,True,40,0,0,767.0155107975006,861.8414297103882,0.21123337745666504,767.0155107975006,completed
2387.21885,40,247.896884,1.0,True,40,0,0,1018.3278958797455,1452.7120213508606,13.610014867782592,1018.3278958797455,completed
3552.452932,40,247.94866,1.0,True,40,0,0,928.6384267807007,1307.8993282318115,3.8959343910217283,928.6384267807007,completed
1716.124255,40,247.999475,1.0,True,40,0,0,1169.3713846206665,1712.1677293777466,17.29835515022278,1169.3713846206665,completed
1974.180598,40,248.051051,1.0,True,40,0,0,1184.7527239322662,1599.0229065418243,15.200532126426697,1184.7527239322662,completed
3192.34384,40,248.102716,1.0,True,40,0,0,902.1936070919037,1232.492908000946,8.694972467422485,902.1936070919037,completed
3940.782514,40,248.153878,1.0,True,40,0,0,780.5550694465637,1061.4841141700745,3.2281489849090574,780.5550694465637,completed
2020.848967,40,249.44283,1.0,True,40,0,0,1126.9154920578003,1604.4898834228516,15.288285827636718,1126.9154920578003,completed
3446.669791,40,249.49426,1.0,True,40,0,0,888.0407993793488,1254.7681908607483,5.628258991241455,888.0407993793488,completed
3709.328086,40,249.545655,1.0,True,40,0,0,917.2913360595703,1162.0868651866913,4.02501950263977,917.2913360595703,completed
2931.617797,40,249.596968,1.0,True,40,0,0,943.0939035415649,1334.9561767578125,10.238425827026367,943.0939035415649,completed
3322.423019,40,249.648513,1.0,True,40,0,0,920.5376210212708,1368.1279602050781,6.003920650482177,920.5376210212708,completed
2933.884329,40,249.699797,1.0,True,40,0,0,1053.9967722892761,1558.6160192489624,6.615499830245971,1053.9967722892761,completed
3862.017445,40,249.750952,1.0,True,40,0,0,885.5855689048767,1210.4841785430908,1.6887327194213868,885.5855689048767,completed
3731.10113,40,249.802232,1.0,True,40,0,0,760.5507168769836,968.8210544586182,6.9608160018920895,760.5507168769836,completed
2037.573425,40,249.85499,1.0,True,40,0,0,1135.6339030265808,1667.9613542556763,13.203609299659728,1135.6339030265808,completed
1781.281083,40,249.907623,1.0,True,40,0,0,1147.3354555368423,1701.197351694107,16.80000696182251,1147.3354555368423,completed
3588.850719,40,249.960131,1.0,True,40,0,0,867.1236624717712,1197.1961517333984,5.111991453170776,867.1236624717712,completed
3654.230615,40,250.011266,1.0,True,40,0,0,980.7140226364136,1338.7746577262878,2.1211105942726136,980.7140226364136,completed
3088.405887,40,250.062543,1.0,True,40,0,0,1002.7891883850098,1319.2544131278992,8.35925931930542,1002.7891883850098,completed
3781.633019,40,250.113608,1.0,True,40,0,0,900.4107291698456,1100.3839764595032,4.09622712135315,900.4107291698456,completed
2391.522851,40,250.165182,1.0,True,40,0,0,957.7793385982513,1354.7859077453613,15.356813097000122,957.7793385982513,completed
3557.82618,40,250.216563,1.0,True,40,0,0,897.557226896286,1172.1071965694427,4.991519594192505,897.557226896286,completed
2907.658891,40,250.267858,1.0,True,40,0,0,972.1947028636932,1335.3171772956848,10.314692401885987,972.1947028636932,completed
3268.172129,40,250.320408,1.0,True,40,0,0,989.6537883281708,1261.657365322113,7.627656197547912,989.6537883281708,completed
3109.696251,40,250.372218,1.0,True,40,0,0,942.935462474823,1273.1512088775635,8.863451766967774,942.935462474823,completed
3056.682425,40,250.423718,1.0,True,40,0,0,956.9271249771118,1338.89937210083,8.829649877548217,956.9271249771118,completed
2025.680794,40,250.475312,1.0,True,40,0,0,1107.0728673934937,1662.3499755859375,15.518631410598754,1107.0728673934937,completed
2355.969188,40,250.526398,1.0,True,40,0,0,1186.9062604904175,1610.0377750396729,11.82306878566742,1186.9062604904175,completed
3517.415309,40,250.579507,1.0,True,40,0,0,933.7461935281754,1269.2340047359467,4.514744615554809,933.7461935281754,completed
3244.255521,40,250.631195,1.0,True,40,0,0,920.6587200164795,1249.7387900352478,7.045457220077514,920.6587200164795,completed
2515.504059,40,250.683308,1.0,True,40,0,0,1068.8741158246994,1551.6120154857635,10.89247817993164,1068.8741158246994,completed
3831.322702,40,250.734678,1.0,True,40,0,0,896.0401101112366,1037.734224319458,3.7443198204040526,896.0401101112366,completed
2674.901628,40,250.786526,1.0,True,40,0,0,1118.8869398832321,1402.2561604976654,9.953555393218995,1118.8869398832321,completed
2841.592142,40,250.838186,1.0,True,40,0,0,1030.3556711673737,1423.3350539207458,9.494073700904845,1030.3556711673737,completed
3063.233575,40,250.8896,1.0,True,40,0,0,952.3701272010803,1337.2882108688354,8.491591453552246,952.3701272010803,completed
2654.673544,40,250.94099,1.0,True,40,0,0,1149.4127931594849,1510.5532064437866,9.738378167152405,1149.4127931594849,completed
2416.221911,40,250.992368,1.0,True,40,0,0,1066.994137763977,1502.5146312713623,12.19769389629364,1066.994137763977,completed
3456.761663,40,251.043717,1.0,True,40,0,0,1061.0794920921326,1455.229676246643,2.385474967956543,1061.0794920921326,completed
2697.828644,40,251.095061,1.0,True,40,0,0,1063.1805703639984,1399.34410238266,10.749806261062622,1063.1805703639984,completed
2884.777367,40,251.146086,1.0,True,40,0,0,976.5384676456451,1409.804944038391,9.543926429748534,976.5384676456451,completed
1691.068334,40,251.197646,1.0,True,40,0,0,1147.2944548130035,1774.194902896881,16.611757504940034,1147.2944548130035,completed
3775.137703,40,251.248185,1.0,True,40,0,0,891.0995817184448,1118.8637113571167,3.993155813217163,891.0995817184448,completed
3602.271053,40,251.298899,1.0,True,40,0,0,926.7485547065735,1078.330533027649,5.818952846527099,926.7485547065735,completed
3905.49264,40,251.352078,1.0,True,40,0,0,861.4939198493958,1010.3822793960571,4.077381253242493,861.4939198493958,completed
3802.127898,40,251.403283,1.0,True,40,0,0,872.7510271072388,1036.5906734466553,4.612146806716919,872.7510271072388,completed
3233.83993,40,251.45417,1.0,True,40,0,0,1071.023107767105,1644.9842228889465,3.113294506072998,1071.023107767105,completed
3822.17799,40,251.504994,1.0,True,40,0,0,982.5214881896973,1180.0281565189362,2.1909768104553224,982.5214881896973,completed
4069.894377,40,251.55601,1.0,True,40,0,0,771.8368328809738,953.5057246685028,3.4768403291702272,771.8368328809738,completed
3587.044313,40,251.607882,1.0,True,40,0,0,936.5521583557129,1231.6561965942383,4.765032196044922,936.5521583557129,completed
1981.963609,40,251.659084,1.0,True,40,0,0,1122.6617166996002,1576.7733273506165,15.56235876083374,1122.6617166996002,completed
2600.60219,40,251.709958,1.0,True,40,0,0,1128.148781299591,1493.1824741363525,10.187597739696503,1128.148781299591,completed
2830.060992,40,251.760812,1.0,True,40,0,0,1077.8596215248108,1507.2334699630737,7.815830230712891,1077.8596215248108,completed
3586.043065,40,251.812424,1.0,True,40,0,0,902.2684171199799,1056.0621659755707,6.511593770980835,902.2684171199799,completed
3316.023755,40,251.863669,1.0,True,40,0,0,891.8127164840698,1218.340964794159,6.796419417858123,891.8127164840698,completed
2012.286447,40,251.915219,1.0,True,40,0,0,1055.145092010498,1602.4081354141235,16.27471935749054,1055.145092010498,completed
3513.867585,40,251.966739,1.0,True,40,0,0,902.9997506141663,1169.700288772583,5.533278083801269,902.9997506141663,completed
3763.075887,40,252.01818,1.0,True,40,0,0,900.1115882396698,1166.6361680030823,3.1069671869277955,900.1115882396698,completed
3850.416791,40,253.28146,1.0,True,40,0,0,851.5407273769379,1087.6561636924744,3.7779624104499816,851.5407273769379,completed
3212.591455,40,253.333242,1.0,True,40,0,0,1037.2045531272888,1410.6568856239319,5.292040491104126,1037.2045531272888,completed
3451.161569,40,253.385235,1.0,True,40,0,0,993.6553130149841,1563.870123386383,1.1548513412475585,993.6553130149841,completed
2595.556679,40,253.437947,1.0,True,40,0,0,1129.1977422237396,1691.183804988861,8.770281124114991,1129.1977422237396,completed
3403.086869,40,253.489113,1.0,True,40,0,0,919.6066076755524,1321.455144405365,5.331856346130371,919.6066076755524,completed
2362.089828,40,253.540549,1.0,True,40,0,0,1156.2630793452263,1734.6849855184555,9.63748550415039,1156.2630793452263,completed
2447.015334,40,253.59227,1.0,True,40,0,0,1025.7390949726105,1391.4008712768555,13.025003135204315,1025.7390949726105,completed
2991.727383,40,253.64329,1.0,True,40,0,0,952.6416776180267,1217.983787059784,10.086318063735963,952.6416776180267,completed
2556.855307,40,253.694245,1.0,True,40,0,0,1092.5567318201065,1431.6763751506805,12.472083020210267,1092.5567318201065,completed
2851.673605,40,253.745287,1.0,True,40,0,0,949.9696519374847,1276.9162125587463,10.734209620952607,949.9696519374847,completed
3675.075492,40,253.796495,1.0,True,40,0,0,1004.77104139328,1287.5767288208008,2.3840935230255127,1004.77104139328,completed
2911.180744,40,253.847716,1.0,True,40,0,0,1090.4632050991058,1400.5362257957458,7.861893558502198,1090.4632050991058,completed
3744.715154,40,253.898594,1.0,True,40,0,0,925.3430349826813,1042.9752101898193,4.535078668594361,925.3430349826813,completed
2791.633311,40,253.94933,1.0,True,40,0,0,999.819013595581,1470.5799760818481,10.01046633720398,999.819013595581,completed
3482.205286,40,254.000249,1.0,True,40,0,0,993.079265832901,1232.7945580482483,4.698414254188537,993.079265832901,completed
1620.283114,40,254.051288,1.0,True,40,0,0,1111.1583046913147,1665.649971961975,18.010086679458617,1111.1583046913147,completed
2996.392473,40,254.10326,1.0,True,40,0,0,1001.4846179485321,1205.2209470272064,10.77467143535614,1001.4846179485321,completed
2861.51795,40,254.154472,1.0,True,40,0,0,977.3488941192627,1435.5382866859436,8.849757480621339,977.3488941192627,completed
3580.774236,40,254.205618,1.0,True,40,0,0,896.2209477424622,1195.755199432373,4.702030944824219,896.2209477424622,completed
3190.154185,40,254.256494,1.0,True,40,0,0,1000.2987520694733,1501.2950055599213,4.290525722503662,1000.2987520694733,completed
2440.294078,40,254.307464,1.0,True,40,0,0,1032.2198295593262,1470.1482124328613,13.540137386322021,1032.2198295593262,completed
1542.348172,40,254.358526,1.0,True,40,0,0,1163.0880718231201,1697.1019468307495,20.037335538864134,1163.0880718231201,completed
2875.657544,40,254.410066,1.0,True,40,0,0,1067.5337042808533,1443.5023412704468,8.824620723724365,1067.5337042808533,completed
2538.884036,40,254.460781,1.0,True,40,0,0,1055.0723330974579,1450.75048494339,12.403087878227234,1055.0723330974579,completed
3702.073835,40,254.511774,1.0,True,40,0,0,873.593663930893,1142.6861925125122,5.022689437866211,873.593663930893,completed
2661.489672,40,254.562882,1.0,True,40,0,0,976.2645301818848,1351.2729024887085,12.5168927192688,976.2645301818848,completed
3430.355602,40,254.614912,1.0,True,40,0,0,982.2820510864258,1422.4220209121704,3.75763680934906,982.2820510864258,completed
2954.482016,40,254.665857,1.0,True,40,0,0,1023.7582780122757,1566.4985916614532,6.7889320850372314,1023.7582780122757,completed
3765.430149,40,254.716835,1.0,True,40,0,0,845.9319653511047,1125.0808839797974,4.055271244049072,845.9319653511047,completed
3451.825244,40,254.768109,1.0,True,40,0,0,886.9374284744263,1237.789442062378,6.430548906326294,886.9374284744263,completed
2819.603753,40,254.818682,1.0,True,40,0,0,905.107967376709,1273.164761543274,13.08562786579132,905.107967376709,completed
2945.952128,40,254.870059,1.0,True,40,0,0,1047.896330356598,1537.1529335975647,6.493023085594177,1047.896330356598,completed
3526.297729,40,254.92122,1.0,True,40,0,0,905.3887625932693,1293.019454240799,4.289345169067383,905.3887625932693,completed
3441.46622,40,254.972113,1.0,True,40,0,0,885.2605485916138,1190.3715534210205,6.599609279632569,885.2605485916138,completed
4279.094551,40,255.022765,1.0,True,40,0,0,779.1290678977966,956.7727584838867,1.3872246742248535,779.1290678977966,completed
2679.309894,40,255.073226,1.0,True,40,0,0,1117.6726163625717,1458.4463078975677,10.072444963455201,1117.6726163625717,completed
4097.572611,40,255.124044,1.0,True,40,0,0,789.3353016376495,1008.0623016357422,1.9369709491729736,789.3353016376495,completed
3636.377853,40,255.174757,1.0,True,40,0,0,993.1348695755005,1119.2422342300415,4.644684600830078,993.1348695755005,completed
2742.92777,40,255.225613,1.0,True,40,0,0,1066.5652966499329,1402.8308639526367,10.425238776206971,1066.5652966499329,completed
3374.925234,40,255.276323,1.0,True,40,0,0,901.314263343811,1251.7912368774414,7.091448092460633,901.314263343811,completed
3110.726878,40,255.326942,1.0,True,40,0,0,916.9343175888062,1302.3322381973267,8.644338369369507,916.9343175888062,completed
1409.807318,40,255.378196,1.0,True,40,0,0,1244.7102887630463,2045.339136838913,15.668668222427367,1244.7102887630463,completed
2962.053835,40,255.429075,1.0,True,40,0,0,1117.8282803297043,1374.762244939804,8.625134086608886,1117.8282803297043,completed
3561.362171,40,255.481914,1.0,True,40,0,0,840.3326007127762,1107.6012156009674,7.200961637496948,840.3326007127762,completed
2185.181314,40,255.533001,1.0,True,40,0,0,1190.3841660022736,1952.4883008003235,8.910638189315796,1190.3841660022736,completed
3268.18439,40,255.584144,1.0,True,40,0,0,902.9567003250122,1227.2335662841797,7.501058340072632,902.9567003250122,completed
3679.798097,40,255.635836,1.0,True,40,0,0,824.6256170272827,1063.5887799263,5.505985939502716,824.6256170272827,completed
1530.119359,40,255.687424,1.0,True,40,0,0,1180.1675734519958,1759.1739053726196,18.896110010147094,1180.1675734519958,completed
3621.879542,40,255.738005,1.0,True,40,0,0,872.7139463424683,1127.4883041381836,5.30318694114685,872.7139463424683,completed
2057.24399,40,255.789061,1.0,True,40,0,0,1279.064120054245,1876.8813452720642,11.196850728988647,1279.064120054245,completed
3657.588936,40,255.839888,1.0,True,40,0,0,869.7300020456314,1185.6775991916656,4.3915962934494015,869.7300020456314,completed
3526.020943,40,257.042388,1.0,True,40,0,0,773.2538733482361,1190.979603767395,6.061864614486694,773.2538733482361,completed
3513.177752,40,257.093789,1.0,True,40,0,0,941.8751406669617,1195.5468702316284,5.519945073127746,941.8751406669617,completed
2697.56323,40,257.14539,1.0,True,40,0,0,1030.3476806282997,1367.595156788826,12.060918617248536,1030.3476806282997,completed
3197.710094,40,257.196318,1.0,True,40,0,0,982.4708385467529,1376.3425297737122,6.047882747650147,982.4708385467529,completed
3594.311415,40,257.246955,1.0,True,40,0,0,852.9974279403687,1050.580929517746,7.165638816356659,852.9974279403687,completed
3758.718865,40,257.298203,1.0,True,40,0,0,908.4761989116669,1084.5874991416931,4.539364576339722,908.4761989116669,completed
3006.542256,40,257.348935,1.0,True,40,0,0,1019.72154712677,1328.5491790771484,8.815258979797363,1019.72154712677,completed
2655.192494,40,257.401382,1.0,True,40,0,0,1029.5105710029602,1379.7199087142944,11.805115795135498,1029.5105710029602,completed
2494.759509,40,257.452264,1.0,True,40,0,0,984.0886318683624,1452.0438425540924,12.844238567352296,984.0886318683624,completed
2124.484577,40,257.50318,1.0,True,40,0,0,1124.1892778873444,1616.865173816681,13.843127059936524,1124.1892778873444,completed
3256.854811,40,257.554144,1.0,True,40,0,0,911.3238654136658,1259.57124710083,7.760281229019165,911.3238654136658,completed
2174.878082,40,257.604993,1.0,True,40,0,0,1080.235381603241,1560.661183834076,15.56566733121872,1080.235381603241,completed
3105.525583,40,257.656135,1.0,True,40,0,0,999.6144989728928,1327.4742996692657,7.431049847602845,999.6144989728928,completed
3407.175912,40,257.707477,1.0,True,40,0,0,928.3674904108047,1266.943110704422,5.339577150344849,928.3674904108047,completed
3581.338303,40,257.759343,1.0,True,40,0,0,935.3360341787338,1216.732758283615,4.738175535202027,935.3360341787338,completed
3241.713829,40,257.814134,1.0,True,40,0,0,912.5853178501129,1167.2713150978088,8.896706676483154,912.5853178501129,completed
3139.848133,40,257.870646,1.0,True,40,0,0,1009.1648173332214,1352.9008693695068,6.893275249004364,1009.1648173332214,completed
3670.996342,40,257.921723,1.0,True,40,0,0,826.4161434173584,1096.9119551181793,5.456885266304016,826.4161434173584,completed
3406.381385,40,257.972585,1.0,True,40,0,0,976.308835029602,1231.2383279800415,6.105889415740966,976.308835029602,completed
2928.715451,40,258.023512,1.0,True,40,0,0,989.4590684175491,1448.7325217723846,8.987541675567627,989.4590684175491,completed
3740.459929,40,258.074787,1.0,True,40,0,0,907.3104434013367,1047.6336431503296,4.971959972381592,907.3104434013367,completed
2808.38222,40,258.12604,1.0,True,40,0,0,940.9652171134949,1336.0127420425415,11.467807912826538,940.9652171134949,completed
3516.406916,40,258.177016,1.0,True,40,0,0,866.0534873008728,1212.8200330734253,5.81073694229126,866.0534873008728,completed
3122.93577,40,258.227981,1.0,True,40,0,0,977.2600569725037,1307.2400016784668,8.28430242538452,977.2600569725037,completed
3421.370065,40,258.279014,1.0,True,40,0,0,908.1238760948181,1169.8440670967102,6.961589193344116,908.1238760948181,completed
3022.100953,40,258.329937,1.0,True,40,0,0,1024.349070072174,1412.6757459640503,7.741828560829163,1024.349070072174,completed
2955.024529,40,258.384633,1.0,True,40,0,0,1113.8825960159302,1773.5308151245117,4.197025203704834,1113.8825960159302,completed
592.778694,40,258.435979,1.0,True,40,0,0,1288.5505332946777,2038.833086013794,25.642182397842408,1288.5505332946777,completed
3317.455678,40,258.486994,1.0,True,40,0,0,985.3030995130539,1176.9094655513763,7.272025632858276,985.3030995130539,completed
3982.994808,40,258.537762,1.0,True,40,0,0,742.5733714103699,944.1868257522583,4.91069575548172,742.5733714103699,completed
3286.452994,40,258.588329,1.0,True,40,0,0,939.0434384346008,1282.1720833778381,6.5591456413269045,939.0434384346008,completed
4307.506901,40,258.64004,1.0,True,40,0,0,800.2499508857727,921.5779986381531,1.3575916290283203,800.2499508857727,completed
4053.950415,40,258.690934,1.0,True,40,0,0,820.2175254821777,1032.1621589660645,2.544258689880371,820.2175254821777,completed
3121.179523,40,258.741897,1.0,True,40,0,0,905.8130359649658,1290.294361114502,8.137610721588135,905.8130359649658,completed
2397.43011,40,258.793116,1.0,True,40,0,0,1024.4928232431412,1483.7937309741974,12.071263647079467,1024.4928232431412,completed
3332.854801,40,258.843532,1.0,True,40,0,0,1002.4936842918396,1248.7728338241577,5.962485885620117,1002.4936842918396,completed
4306.158838,40,258.893955,1.0,True,40,0,0,803.244695186615,947.846718788147,0.9907869219779968,803.244695186615,completed
3344.058705,40,258.944571,1.0,True,40,0,0,948.0338709354401,1228.2628359794617,7.1378981590271,948.0338709354401,completed
3179.360082,40,258.995393,1.0,True,40,0,0,947.7631556987762,1309.4436688423157,8.082424855232238,947.7631556987762,completed
3462.997555,40,259.045866,1.0,True,40,0,0,931.210654258728,1218.2249932289124,5.290356993675232,931.210654258728,completed
1631.913881,40,259.098352,1.0,True,40,0,0,1258.7476941943169,1791.311003088951,15.654942488670349,1258.7476941943169,completed
3765.198503,40,259.151424,1.0,True,40,0,0,920.1004886627197,1179.2052373886108,3.0701930284500123,920.1004886627197,completed
4467.387171,40,259.202327,1.0,True,40,0,0,687.6124746799469,815.6529395580292,1.3478388786315918,687.6124746799469,completed
3574.49524,40,259.253089,1.0,True,40,0,0,849.4261643886566,1144.2051918506622,6.46529188156128,849.4261643886566,completed
3850.340066,40,259.303611,1.0,True,40,0,0,830.1424732208252,1048.4522581100464,4.165962076187133,830.1424732208252,completed
2578.377702,40,259.354499,1.0,True,40,0,0,1047.2893257141113,1387.1689667701721,11.592035484313964,1047.2893257141113,completed
3449.584273,40,259.405066,1.0,True,40,0,0,978.1891044378281,1314.4611756801605,5.032437133789062,978.1891044378281,completed
3254.927895,40,259.456035,1.0,True,40,0,0,937.1463391780853,1266.0197863578796,8.127031707763672,937.1463391780853,completed
3708.857464,40,259.50688,1.0,True,40,0,0,885.4664142131805,1137.0201506614685,4.926756525039673,885.4664142131805,completed
2382.47071,40,259.557646,1.0,True,40,0,0,1001.0783784389496,1412.2168893814087,13.418046057224274,1001.0783784389496,completed
2603.561732,40,259.609533,1.0,True,40,0,0,1060.5699758529663,1512.2241687774658,11.020621204376221,1060.5699758529663,completed
2558.803909,40,260.80655,1.0,True,40,0,0,1244.8824501037598,1538.1313428878784,9.529026794433594,1244.8824501037598,completed
3115.090097,40,260.860139,1.0,True,40,0,0,989.4021129608154,1280.912712097168,7.715808153152466,989.4021129608154,completed
3786.0445,40,260.9132,1.0,True,40,0,0,869.6864602565765,1067.18332862854,5.040524530410766,869.6864602565765,completed
3020.343133,40,260.966656,1.0,True,40,0,0,1055.5953977108002,1436.7962946891785,7.197796297073364,1055.5953977108002,completed
3619.422307,40,261.019399,1.0,True,40,0,0,803.5531153678894,1044.185622215271,6.685520493984223,803.5531153678894,completed
2112.70458,40,261.072435,1.0,True,40,0,0,1078.29541015625,1520.4305934906006,16.285556507110595,1078.29541015625,completed
3586.741085,40,261.125663,1.0,True,40,0,0,930.670166015625,1172.690336227417,5.3112180709838865,930.670166015625,completed
2605.831478,40,261.17977,1.0,True,40,0,0,1028.81259226799,1347.9916319847107,13.17612714767456,1028.81259226799,completed
3584.682087,40,261.231695,1.0,True,40,0,0,938.4171602725983,1171.0157160758972,4.676879119873047,938.4171602725983,completed
2732.831572,40,261.283889,1.0,True,40,0,0,1057.1502227783203,1376.0611400604248,10.365138006210326,1057.1502227783203,completed
3433.57493,40,261.337563,1.0,True,40,0,0,913.9141125679016,1325.5333013534546,4.937374639511108,913.9141125679016,completed
3167.415982,40,261.391485,1.0,True,40,0,0,955.4876589179039,1330.524755358696,7.8839273929595945,955.4876589179039,completed
4095.013106,40,261.444573,1.0,True,40,0,0,817.9128932952881,953.7406482696533,3.126555562019348,817.9128932952881,completed
3475.470552,40,261.497447,1.0,True,40,0,0,925.6766788959503,1259.1500811576843,5.863229393959045,925.6766788959503,completed
2996.05226,40,261.550328,1.0,True,40,0,0,958.5154991149902,1386.2524127960205,7.674509835243225,958.5154991149902,completed
2656.930916,40,261.603789,1.0,True,40,0,0,1155.841336965561,1750.1889872550964,6.991954946517945,1155.841336965561,completed
2202.686771,40,261.657202,1.0,True,40,0,0,1027.659366607666,1451.3706102371216,16.177624225616455,1027.659366607666,completed
3477.709608,40,261.710251,1.0,True,40,0,0,922.3053846359253,1186.0048294067383,6.24127311706543,922.3053846359253,completed
3616.81022,40,261.76269,1.0,True,40,0,0,882.955771446228,1101.7300071716309,5.956416368484497,882.955771446228,completed
2682.17708,40,261.816084,1.0,True,40,0,0,1056.6898345947266,1468.5025911331177,10.355702114105224,1056.6898345947266,completed
3734.070791,40,261.868962,1.0,True,40,0,0,837.661591053009,1073.2737264633179,5.2216394424438475,837.661591053009,completed
3559.951031,40,261.922626,1.0,True,40,0,0,992.5268847942352,1335.663673877716,3.253784966468811,992.5268847942352,completed
2675.987179,40,261.974494,1.0,True,40,0,0,1038.4529373645782,1458.5943109989166,10.706091451644898,1038.4529373645782,completed
2582.450996,40,262.026781,1.0,True,40,0,0,977.5293369293213,1520.6750135421753,11.166111087799072,977.5293369293213,completed
3567.974455,40,262.079242,1.0,True,40,0,0,902.9953489303589,1163.1828126907349,5.884090518951416,902.9953489303589,completed
4008.686466,40,262.131903,1.0,True,40,0,0,835.5542345046997,974.814323425293,3.1585654735565187,835.5542345046997,completed
3365.491347,40,262.186278,1.0,True,40,0,0,955.6319561004639,1302.5868368148804,5.478549480438232,955.6319561004639,completed
3956.510638,40,262.239841,1.0,True,40,0,0,887.2443461418152,1125.295292854309,1.9789741516113282,887.2443461418152,completed
2933.324748,40,262.292975,1.0,True,40,0,0,1048.6815838813782,1485.1782093048096,7.359628391265869,1048.6815838813782,completed
3772.136467,40,262.345388,1.0,True,40,0,0,891.5739121586084,1096.6639986336231,4.332359838485718,891.5739121586084,completed
2462.92382,40,262.399308,1.0,True,40,0,0,1029.7497539520264,1470.900360584259,13.577949142456054,1029.7497539520264,completed
3502.436309,40,262.452429,1.0,True,40,0,0,920.3981471061707,1158.7111558914185,6.634281635284424,920.3981471061707,completed
1997.457517,40,262.506035,1.0,True,40,0,0,1126.5535726547241,1585.1286010742188,15.84961097240448,1126.5535726547241,completed
3832.801757,40,262.558352,1.0,True,40,0,0,767.9361145496368,1034.045907497406,5.049825954437256,767.9361145496368,completed
3070.472012,40,262.611768,1.0,True,40,0,0,1048.332194328308,1517.368556022644,6.142790746688843,1048.332194328308,completed
2673.898427,40,262.665153,1.0,True,40,0,0,1075.0668406486511,1417.9465608596802,10.704003143310548,1075.0668406486511,completed
3626.032134,40,262.718463,1.0,True,40,0,0,866.5656595230103,1135.0022931098938,5.81907434463501,866.5656595230103,completed
3315.150962,40,262.772305,1.0,True,40,0,0,945.5216193199158,1178.0179166793823,7.896454477310181,945.5216193199158,completed
3085.562047,40,262.830062,1.0,True,40,0,0,864.3925867080688,1260.6869616508484,9.613084292411804,864.3925867080688,completed
4124.43654,40,262.884815,1.0,True,40,0,0,780.1202168464661,971.3081541061401,2.8006545066833497,780.1202168464661,completed
4031.094409,40,262.959226,1.0,True,40,0,0,785.8585779666901,946.8907151222229,3.947633218765259,785.8585779666901,completed
3058.448216,40,263.015041,1.0,True,40,0,0,993.4569232463837,1316.8893704414368,7.89874153137207,993.4569232463837,completed
4074.210844,40,263.103004,1.0,True,40,0,0,797.5965559482574,1056.7093415260315,2.123136830329895,797.5965559482574,completed
4279.439662,40,263.160652,1.0,True,40,0,0,818.181841135025,938.9722819328308,1.3347715377807616,818.181841135025,completed
3386.987679,40,263.214727,1.0,True,40,0,0,937.7007517814636,1235.2537550926208,6.2701592445373535,937.7007517814636,completed
1905.046871,40,263.268759,1.0,True,40,0,0,1145.4006204605103,1671.9918956756592,15.669020891189575,1145.4006204605103,completed
3060.657853,40,263.32177,1.0,True,40,0,0,1002.1255123615265,1396.3191351890564,7.338947391510009,1002.1255123615265,completed
2158.881747,40,263.375296,1.0,True,40,0,0,1077.7510341405869,1585.4070737361908,13.25649814605713,1077.7510341405869,completed
4050.591475,40,263.430001,1.0,True,40,0,0,786.0386517047882,1020.2752718925476,2.0685316801071165,786.0386517047882,completed
2557.689502,40,263.483828,1.0,True,40,0,0,1079.5010150671005,1545.7011864185333,10.99173229932785,1079.5010150671005,completed
3423.688395,40,263.536864,1.0,True,40,0,0,873.2213825583458,1093.4364837408066,7.619983041286469,873.2213825583458,completed
3266.750255,40,263.589586,1.0,True,40,0,0,947.5765061378479,1337.5570707321167,5.354888296127319,947.5765061378479,completed
3001.466636,40,264.820834,1.0,True,40,0,0,1011.7724332809448,1425.6901149749756,7.915134716033935,1011.7724332809448,completed
3738.028543,40,264.872326,1.0,True,40,0,0,973.6023869514465,1244.0147304534912,1.8049227714538574,973.6023869514465,completed
3436.341302,40,264.923278,1.0,True,40,0,0,864.2482528686523,1226.201581954956,6.016100072860718,864.2482528686523,completed
2286.384805,40,264.975549,1.0,True,40,0,0,1078.8798245191574,1481.6953761577606,14.01777982711792,1078.8798245191574,completed
3086.437482,40,265.026757,1.0,True,40,0,0,968.2237887382507,1217.4273824691772,9.105726552009582,968.2237887382507,completed
2752.658144,40,265.077511,1.0,True,40,0,0,953.5278668403625,1297.2631244659424,11.352946233749389,953.5278668403625,completed
2695.986,40,265.128675,1.0,True,40,0,0,934.1489686965942,1335.460072517395,12.306481742858887,934.1489686965942,completed
532.966669,40,265.179766,1.0,True,40,0,0,1335.8611574172974,2088.6517391204834,25.037496542930604,1335.8611574172974,completed
3277.095262,40,265.230841,1.0,True,40,0,0,802.1963520050049,1158.4556350708008,9.403571605682373,802.1963520050049,completed
2836.869657,40,265.281826,1.0,True,40,0,0,1039.385512828827,1302.8405838012695,10.829679918289184,1039.385512828827,completed
2933.711568,40,265.33683,1.0,True,40,0,0,1072.5991597175598,1449.5352115631104,8.603002548217773,1072.5991597175598,completed
4169.244867,40,265.388035,1.0,True,40,0,0,767.2724450826645,994.3904902935028,1.7070265769958497,767.2724450826645,completed
3381.995094,40,265.441591,1.0,True,40,0,0,952.4297828674316,1405.345703125,4.195834541320801,952.4297828674316,completed
2951.276125,40,265.492754,1.0,True,40,0,0,1102.2290320396423,1579.6899409294128,6.0590940117836,1102.2290320396423,completed
2222.045074,40,265.543601,1.0,True,40,0,0,1099.7828578948975,1545.2872867584229,13.790864944458008,1099.7828578948975,completed
3400.343389,40,265.596515,1.0,True,40,0,0,968.654793381691,1142.9501316547394,6.827732372283935,968.654793381691,completed
2869.073642,40,265.647672,1.0,True,40,0,0,1091.3296337127686,1704.162000656128,5.769379711151123,1091.3296337127686,completed
2796.89156,40,265.698987,1.0,True,40,0,0,1101.8509774208069,1377.7268314361572,9.20622923374176,1101.8509774208069,completed
2859.838437,40,265.749756,1.0,True,40,0,0,1012.8994154930115,1403.4174456596375,10.295784044265748,1012.8994154930115,completed
3597.735834,40,265.800578,1.0,True,40,0,0,1079.625703573227,1402.8392419815063,1.5170697212219237,1079.625703573227,completed
3412.83726,40,265.851735,1.0,True,40,0,0,904.3061351776123,1250.678942680359,5.985402774810791,904.3061351776123,completed
2242.795447,40,265.903072,1.0,True,40,0,0,1105.7714625597,1726.9106495380402,11.926749515533448,1105.7714625597,completed
2141.831187,40,265.954434,1.0,True,40,0,0,1105.686505317688,1552.6652345657349,14.960314393043518,1105.686505317688,completed
3266.926383,40,266.005187,1.0,True,40,0,0,914.6618990898132,1268.3406581878662,7.801271915435791,914.6618990898132,completed
2972.577437,40,266.056073,1.0,True,40,0,0,964.822258234024,1296.8144125938416,10.087916922569274,964.822258234024,completed
3459.296742,40,266.112279,1.0,True,40,0,0,929.9358442425728,1352.469165444374,4.125320863723755,929.9358442425728,completed
2815.134955,40,266.168361,1.0,True,40,0,0,1111.2072565555573,1539.7563290596008,7.930109119415283,1111.2072565555573,completed
3446.250473,40,266.225591,1.0,True,40,0,0,905.3638701438904,1171.5826978683472,6.647377967834473,905.3638701438904,completed
3889.899345,40,266.277042,1.0,True,40,0,0,842.8440847396851,1056.694951057434,4.087871980667114,842.8440847396851,completed
2074.088856,40,266.328108,1.0,True,40,0,0,1121.5972727537155,1610.4677255153656,15.517978525161743,1121.5972727537155,completed
3561.290432,40,266.378729,1.0,True,40,0,0,813.6213574409485,1137.9148025512695,6.6728808879852295,813.6213574409485,completed
3400.640385,40,266.430663,1.0,True,40,0,0,956.4701595306396,1159.1631054878235,6.067476296424866,956.4701595306396,completed
2731.486162,40,266.487204,1.0,True,40,0,0,1004.8732943534851,1413.6427326202393,10.257285690307617,1004.8732943534851,completed
3304.172805,40,266.538982,1.0,True,40,0,0,837.9031071662903,1130.0779390335083,9.18749496936798,837.9031071662903,completed
3293.732356,40,266.589745,1.0,True,40,0,0,889.5572814941406,1167.3322772979736,8.418347120285034,889.5572814941406,completed
2948.071297,40,266.640822,1.0,True,40,0,0,1006.3134398460388,1437.672001838684,8.771267962455749,1006.3134398460388,completed
3548.868376,40,266.691814,1.0,True,40,0,0,952.8760707378387,1292.6897902488708,3.3430901527404786,952.8760707378387,completed
3526.009536,40,266.742369,1.0,True,40,0,0,1029.8977003097534,1324.1524457931519,3.2435519218444826,1029.8977003097534,completed
3932.935447,40,266.793511,1.0,True,40,0,0,825.17014503479,1015.6917943954468,4.246268653869629,825.17014503479,completed
3019.130258,40,266.844333,1.0,True,40,0,0,905.6090035438538,1223.0553007125854,11.27679386138916,905.6090035438538,completed
3684.459661,40,266.895592,1.0,True,40,0,0,983.5089588165283,1168.1095962524414,3.7564301013946535,983.5089588165283,completed
3082.021601,40,266.950627,1.0,True,40,0,0,980.8691124916077,1367.959698677063,6.99626579284668,980.8691124916077,completed
1243.076221,40,267.002881,1.0,True,40,0,0,1212.7472796440125,1911.2036876678467,19.21189193725586,1212.7472796440125,completed
2754.466389,40,267.05385,1.0,True,40,0,0,1060.9768328666687,1489.2305669784546,9.759923601150513,1060.9768328666687,completed
3188.593006,40,267.104742,1.0,True,40,0,0,970.7325859069824,1283.1256957054138,7.2191147089004515,970.7325859069824,completed
1717.435413,40,267.156037,1.0,True,40,0,0,1268.4916038513184,1716.7623357772827,15.225388193130494,1268.4916038513184,completed
3593.081984,40,267.206794,1.0,True,40,0,0,885.8899402618408,1301.0944366455078,3.8022521495819093,885.8899402618408,completed
3039.464074,40,267.257762,1.0,True,40,0,0,1015.9959352016449,1188.2389922142029,9.735943412780761,1015.9959352016449,completed
2774.206047,40,267.308719,1.0,True,40,0,0,1065.0279083251953,1549.957983970642,8.64779281616211,1065.0279083251953,completed
3037.609764,40,267.359572,1.0,True,40,0,0,927.9751310348511,1257.3334693908691,10.40672926902771,927.9751310348511,completed
2594.009076,40,267.410667,1.0,True,40,0,0,1177.2341203689575,1544.2380418777466,8.574857568740844,1177.2341203689575,completed
3096.976216,40,268.672758,1.0,True,40,0,0,907.2029638290405,1271.1339364051819,10.255683445930481,907.2029638290405,completed
3231.472807,40,268.727864,1.0,True,40,0,0,933.5700824260712,1178.1348910331726,8.405459547042847,933.5700824260712,completed
3204.269777,40,268.782475,1.0,True,40,0,0,969.2165417671204,1431.4845094680786,5.30709171295166,969.2165417671204,completed
2404.5903,40,268.836914,1.0,True,40,0,0,1203.7593495845795,1593.7400431632996,11.625500535964965,1203.7593495845795,completed
3716.579408,40,268.895462,1.0,True,40,0,0,931.3027112483978,1214.6748628616333,3.1062077045440675,931.3027112483978,completed
2708.185895,40,268.948341,1.0,True,40,0,0,1129.0363128185272,1603.705949306488,7.316447162628174,1129.0363128185272,completed
2163.89203,40,269.005199,1.0,True,40,0,0,1137.7095837593079,1666.371000289917,12.880926489830017,1137.7095837593079,completed
2864.446407,40,269.059095,1.0,True,40,0,0,940.7563433647156,1363.699474811554,10.075379562377929,940.7563433647156,completed
4155.692906,40,269.11218,1.0,True,40,0,0,804.7310290336609,920.632327079773,2.6096614599227905,804.7310290336609,completed
2107.332263,40,269.166319,1.0,True,40,0,0,1143.8879919052124,1571.9785623550415,15.464481544494628,1143.8879919052124,completed
2262.968057,40,269.219685,1.0,True,40,0,0,1021.5756130218506,1491.5249071121216,14.605114722251892,1021.5756130218506,completed
3808.908044,40,269.273261,1.0,True,40,0,0,781.0761935710907,1000.0147566795349,5.0928750991821286,781.0761935710907,completed
3405.143382,40,269.326356,1.0,True,40,0,0,901.825852394104,1091.138292312622,7.668862318992614,901.825852394104,completed
2176.313622,40,269.379116,1.0,True,40,0,0,1227.1180143356323,1754.637035369873,10.216435384750366,1227.1180143356323,completed
3618.28875,40,269.432491,1.0,True,40,0,0,934.1823689937592,1175.0752716064453,4.857737874984741,934.1823689937592,completed
1362.585416,40,269.486263,1.0,True,40,0,0,1236.9796278476715,1731.9999146461487,20.000336265563966,1236.9796278476715,completed
2043.087179,40,269.538851,1.0,True,40,0,0,1111.719556093216,1800.8284993171692,12.737121725082398,1111.719556093216,completed
2503.781901,40,269.592322,1.0,True,40,0,0,1064.0198917388916,1548.338623046875,11.120420980453492,1064.0198917388916,completed
3074.236729,40,269.64601,1.0,True,40,0,0,1024.8522952795029,1340.7285029888153,7.450631761550904,1024.8522952795029,completed
3738.504753,40,269.69837,1.0,True,40,0,0,858.8544566631317,1191.7791085243225,4.3153194189071655,858.8544566631317,completed
2858.471263,40,269.755532,1.0,True,40,0,0,949.4596427977085,1335.2749360203743,11.413131523132325,949.4596427977085,completed
1367.334327,40,269.811203,1.0,True,40,0,0,1315.3840616345406,1726.5077711343765,19.428458595275877,1315.3840616345406,completed
4237.322007,40,269.864829,1.0,True,40,0,0,766.6867778301239,1001.5974555015564,1.0738590717315675,766.6867778301239,completed
2128.603755,40,269.918042,1.0,True,40,0,0,1184.0037920475006,1827.6043877601624,11.070364284515382,1184.0037920475006,completed
3656.753812,40,269.972788,1.0,True,40,0,0,964.5857503414154,1186.5461134910583,4.303675162792206,964.5857503414154,completed
2354.551328,40,270.026152,1.0,True,40,0,0,1108.5890023708344,1507.6637425422668,12.898314428329467,1108.5890023708344,completed
3289.423957,40,270.079589,1.0,True,40,0,0,968.0051026344299,1295.8424892425537,6.116828036308289,968.0051026344299,completed
2784.551468,40,270.133025,1.0,True,40,0,0,919.5994477272034,1396.659363746643,10.77954454421997,919.5994477272034,completed
3809.129071,40,270.185745,1.0,True,40,0,0,894.0045185089111,1188.3939623832703,2.277935743331909,894.0045185089111,completed
4014.678056,40,270.239438,1.0,True,40,0,0,749.738086938858,950.107189655304,3.442014789581299,749.738086938858,completed
3901.626132,40,270.292974,1.0,True,40,0,0,814.6453649997711,1093.2053151130676,3.33826003074646,814.6453649997711,completed
3524.872046,40,270.34628,1.0,True,40,0,0,875.9251756668091,1180.7405223846436,6.071978425979614,875.9251756668091,completed
3630.957992,40,270.399144,1.0,True,40,0,0,867.6720197200775,1180.696902513504,5.4334025382995605,867.6720197200775,completed
4371.981273,40,270.452263,1.0,True,40,0,0,736.0632345676422,928.8544778823853,0.6205107569694519,736.0632345676422,completed
2935.96721,40,270.505383,1.0,True,40,0,0,897.8337032794952,1285.690098285675,10.888418245315552,897.8337032794952,completed
3737.27431,40,270.558789,1.0,True,40,0,0,816.3507016301155,1114.9770022630692,4.768007087707519,816.3507016301155,completed
3240.004052,40,270.613206,1.0,True,40,0,0,1082.2395694255829,1364.0636897087097,5.564776849746704,1082.2395694255829,completed
2731.328726,40,270.66737,1.0,True,40,0,0,1035.5338196754456,1416.5963726043701,10.30118715763092,1035.5338196754456,completed
3717.736453,40,270.722229,1.0,True,40,0,0,813.1514105796814,1047.2561235427856,5.654887056350708,813.1514105796814,completed
3910.689141,40,270.776692,1.0,True,40,0,0,801.168758392334,1033.1133880615234,3.5273109674453735,801.168758392334,completed
4406.528122,40,270.830194,1.0,True,40,0,0,722.2613816261292,782.1530690193176,2.6218334197998048,722.2613816261292,completed
3035.140017,40,270.885091,1.0,True,40,0,0,985.479287981987,1273.6103675365448,9.47001256942749,985.479287981987,completed
1762.574272,40,270.939178,1.0,True,40,0,0,1151.5664024353027,1653.0626306533813,16.726462411880494,1151.5664024353027,completed
2764.643811,40,271.260345,1.0,True,40,0,0,888.743007183075,1328.2901058197021,11.262390851974487,888.743007183075,completed
2852.126138,40,271.314753,1.0,True,40,0,0,975.2104113101959,1377.3858366012573,9.782789933681489,975.2104113101959,completed
3982.879968,40,271.369424,1.0,True,40,0,0,787.2458717823029,1125.295835018158,2.086838626861572,787.2458717823029,completed
4042.798156,40,271.423292,1.0,True,40,0,0,794.7017660140991,1034.7563951015472,2.214359366893768,794.7017660140991,completed
2994.80885,40,271.477627,1.0,True,40,0,0,945.852518081665,1457.3213758468628,7.432826566696167,945.852518081665,completed
3744.189339,40,271.531655,1.0,True,40,0,0,825.7530725002289,1036.9997067451477,5.683239245414734,825.7530725002289,completed
2615.863834,40,271.585281,1.0,True,40,0,0,1071.2365143299103,1514.1294865608215,10.448147773742676,1071.2365143299103,completed
2307.129851,40,271.638584,1.0,True,40,0,0,1144.4242525100708,1580.2389793395996,13.161909008026123,1144.4242525100708,completed
3874.581453,40,272.917457,1.0,True,40,0,0,960.4671635627747,1013.211989402771,3.9950632572174074,960.4671635627747,completed
2996.569311,40,272.970533,1.0,True,40,0,0,983.1834819316864,1533.3338150978088,7.335667538642883,983.1834819316864,completed
3586.507462,40,273.024222,1.0,True,40,0,0,834.5323204994202,1184.0403938293457,5.879108905792236,834.5323204994202,completed
3772.100858,40,273.077297,1.0,True,40,0,0,907.1825909614563,1280.3586416244507,2.314938521385193,907.1825909614563,completed
2280.332901,40,273.130742,1.0,True,40,0,0,1168.9399499893188,1555.5724658966064,13.339667701721192,1168.9399499893188,completed
1906.612124,40,273.184776,1.0,True,40,0,0,1204.86865568161,1694.0462427139282,13.65019769668579,1204.86865568161,completed
3282.965499,40,273.239012,1.0,True,40,0,0,997.2088747024536,1244.6229405403137,6.05779926776886,997.2088747024536,completed
2768.978339,40,273.293147,1.0,True,40,0,0,1128.2407422065735,1475.2780990600586,9.265891337394715,1128.2407422065735,completed
4288.182033,40,273.345316,1.0,True,40,0,0,763.8723275661469,881.9317758083344,2.1046202182769775,763.8723275661469,completed
2736.164976,40,273.398004,1.0,True,40,0,0,1039.911594569683,1480.5184367895126,9.328972339630127,1039.911594569683,completed
4049.580856,40,273.452627,1.0,True,40,0,0,823.6200659275055,982.4808621406555,2.943976950645447,823.6200659275055,completed
3829.062178,40,273.506224,1.0,True,40,0,0,909.4578258991241,1052.7894835472107,3.777433681488037,909.4578258991241,completed
2522.431482,40,273.55956,1.0,True,40,0,0,885.7362546920776,1281.211205482483,14.647430491447448,885.7362546920776,completed
3498.318764,40,273.611806,1.0,True,40,0,0,896.8518886566162,1223.7588500976562,5.030442094802856,896.8518886566162,completed
1707.909026,40,273.664762,1.0,True,40,0,0,1152.2315964698792,1736.5004472732544,17.507519054412843,1152.2315964698792,completed
3561.611641,40,273.717182,1.0,True,40,0,0,940.687463760376,1249.611557006836,3.8675395965576174,940.687463760376,completed
2886.033487,40,273.77414,1.0,True,40,0,0,1015.2026982307434,1323.001940727234,9.80678448677063,1015.2026982307434,completed
3101.816818,40,273.828473,1.0,True,40,0,0,961.2701811790466,1379.427725315094,8.300632190704345,961.2701811790466,completed
2418.019758,40,273.881254,1.0,True,40,0,0,1162.0215497016907,1584.9559326171875,10.95394732952118,1162.0215497016907,completed
3262.125541,40,273.934219,1.0,True,40,0,0,980.3180198669434,1245.9437198638916,7.051819443702698,980.3180198669434,completed
3382.528498,40,273.987174,1.0,True,40,0,0,958.8543753623962,1169.770336151123,7.067643833160401,958.8543753623962,completed
1924.703634,40,274.041458,1.0,True,40,0,0,1173.2277913093567,1784.824336051941,13.663161516189575,1173.2277913093567,completed
2328.002146,40,274.095148,1.0,True,40,0,0,1081.3037104606628,1428.7837896347046,14.831918239593506,1081.3037104606628,completed
3288.576605,40,274.14947,1.0,True,40,0,0,860.3382012844086,1165.2368149757385,8.730749726295471,860.3382012844086,completed
3708.323895,40,274.202863,1.0,True,40,0,0,889.137815952301,1162.2879085540771,4.558458948135376,889.137815952301,completed
3392.722048,40,274.264129,1.0,True,40,0,0,966.210832118988,1067.3046045303345,7.981454849243164,966.210832118988,completed
3965.317847,40,274.317269,1.0,True,40,0,0,853.8469660282135,1048.2166912555695,2.8666951656341553,853.8469660282135,completed
3393.798363,40,274.370825,1.0,True,40,0,0,959.8280124664307,1378.560146331787,4.361108350753784,959.8280124664307,completed
2481.826976,40,274.424207,1.0,True,40,0,0,1086.5566158294678,1466.9905948638916,12.344367504119873,1086.5566158294678,completed
2444.305043,40,274.477329,1.0,True,40,0,0,1118.515043258667,1626.066240310669,9.761413335800171,1118.515043258667,completed
4085.466789,40,274.532023,1.0,True,40,0,0,824.903856754303,1001.7468786239624,2.533366632461548,824.903856754303,completed
3217.383251,40,274.585793,1.0,True,40,0,0,923.4888834953308,1206.7783880233765,8.57583990097046,923.4888834953308,completed
3479.371332,40,274.6391,1.0,True,40,0,0,898.0744824409485,1326.553409576416,4.782190346717835,898.0744824409485,completed
2718.947483,40,274.692418,1.0,True,40,0,0,1081.4693856239319,1452.2910413742065,10.245634245872498,1081.4693856239319,completed
2685.180644,40,274.744801,1.0,True,40,0,0,1041.3065180778503,1452.8733401298523,10.64843463897705,1041.3065180778503,completed
3606.823363,40,274.798509,1.0,True,40,0,0,900.9050477743149,1098.1799409389496,5.995445919036865,900.9050477743149,completed
2934.745683,40,274.851128,1.0,True,40,0,0,1038.1239094734192,1376.3109350204468,9.542974281311036,1038.1239094734192,completed
2654.904065,40,274.905237,1.0,True,40,0,0,987.0343508720398,1375.3119106292725,12.187902784347534,987.0343508720398,completed
3374.641346,40,274.958333,1.0,True,40,0,0,889.2662427425385,1230.559112071991,5.914798557758331,889.2662427425385,completed
3817.040151,40,275.012154,1.0,True,40,0,0,867.4307007789612,1124.8057680130005,2.9401885509490966,867.4307007789612,completed
3781.998215,40,275.066248,1.0,True,40,0,0,867.6910331249237,1102.4563698768616,4.308564472198486,867.6910331249237,completed
4246.42233,40,275.119723,1.0,True,40,0,0,788.0871694087982,917.5018763542175,1.6434163093566894,788.0871694087982,completed
3101.180959,40,275.173784,1.0,True,40,0,0,1021.9277853965759,1620.4150681495667,4.540072441101074,1021.9277853965759,completed
3833.937617,40,275.228044,1.0,True,40,0,0,800.9808631539345,1057.5045424699783,5.090235853195191,800.9808631539345,completed
3677.615419,40,275.282339,1.0,True,40,0,0,835.9591377973557,1171.7795989513397,4.273144245147705,835.9591377973557,completed
2870.465179,40,275.335128,1.0,True,40,0,0,1072.642394065857,1588.5510025024414,6.856791019439697,1072.642394065857,completed
4227.135817,40,275.387581,1.0,True,40,0,0,728.2092263698578,848.7179589271545,3.2793611526489257,728.2092263698578,completed
2770.472105,40,275.44073,1.0,True,40,0,0,941.5203978419304,1333.0102800130844,11.978804349899292,941.5203978419304,completed
3301.306162,40,275.496227,1.0,True,40,0,0,953.3531084060669,1230.3473320007324,7.291248846054077,953.3531084060669,completed
4149.008678,40,275.558336,1.0,True,40,0,0,769.1883776187897,971.732663154602,1.9446545720100403,769.1883776187897,completed
2571.327659,40,275.616145,1.0,True,40,0,0,1084.7242050170898,1466.7914686203003,11.242090034484864,1084.7242050170898,completed
3618.21546,40,276.864932,1.0,True,40,0,0,851.6350169181824,1234.3085861206055,3.7258010625839235,851.6350169181824,completed
3988.935253,40,276.916407,1.0,True,40,0,0,828.8639197349548,1002.6672887802124,3.0726547241210938,828.8639197349548,completed
3439.680579,40,276.967463,1.0,True,40,0,0,849.413446187973,1196.9784035682678,6.4874388694763185,849.413446187973,completed
4163.510229,40,277.020438,1.0,True,40,0,0,762.6492764949799,999.3687481880188,2.057432270050049,762.6492764949799,completed
2913.674311,40,277.071994,1.0,True,40,0,0,996.1626136302948,1492.0766072273254,8.216798162460327,996.1626136302948,completed
2989.390061,40,277.123287,1.0,True,40,0,0,964.895473241806,1334.7887797355652,9.042562472820283,964.895473241806,completed
3165.973923,40,277.174237,1.0,True,40,0,0,1028.5270237922668,1243.8780212402344,8.54555048942566,1028.5270237922668,completed
4170.563771,40,277.225669,1.0,True,40,0,0,841.5951676368713,1028.097399711609,1.294649863243103,841.5951676368713,completed
2460.357984,40,277.276979,1.0,True,40,0,0,1037.257426738739,1417.0383749008179,13.356816840171813,1037.257426738739,completed
3079.734681,40,277.327885,1.0,True,40,0,0,1026.3811311721802,1523.2319178581238,5.173519134521484,1026.3811311721802,completed
4050.48799,40,277.3786,1.0,True,40,0,0,796.3499157428741,1002.099639415741,2.8674057126045227,796.3499157428741,completed
2410.417836,40,277.429608,1.0,True,40,0,0,1033.2928504943848,1475.2072982788086,13.210980319976807,1033.2928504943848,completed
2744.251742,40,277.48102,1.0,True,40,0,0,965.7604441642761,1467.978190422058,10.26894977092743,965.7604441642761,completed
2245.855893,40,277.532768,1.0,True,40,0,0,1099.5798971652985,1727.7761979103088,11.298029386997223,1099.5798971652985,completed
2348.751769,40,277.583801,1.0,True,40,0,0,1078.4320282936096,1523.860098361969,14.224286317825317,1078.4320282936096,completed
4507.088267,40,277.634808,1.0,True,40,0,0,744.8451371192932,860.9274439811707,0.4248057842254639,744.8451371192932,completed
3867.812711,40,277.685469,1.0,True,40,0,0,884.1953830718994,1149.684808731079,2.4627096176147463,884.1953830718994,completed
4301.302499,40,277.735955,1.0,True,40,0,0,744.5907220840454,875.0795364379883,1.554444718360901,744.5907220840454,completed
1578.092234,40,277.787896,1.0,True,40,0,0,1235.5504417419434,1892.9039726257324,16.04228913784027,1235.5504417419434,completed
4240.71479,40,277.841662,1.0,True,40,0,0,778.6592446565628,959.9158661365509,1.2022776365280152,778.6592446565628,completed
1625.923574,40,277.896275,1.0,True,40,0,0,1303.6735553741455,1932.4081325531006,14.077791833877564,1303.6735553741455,completed
3618.255948,40,277.947383,1.0,True,40,0,0,891.1423630714417,1107.1894540786743,5.4893779277801515,891.1423630714417,completed
4137.012107,40,277.998331,1.0,True,40,0,0,762.6237090229988,957.7363573312759,2.3362959265708922,762.6237090229988,completed
2102.12898,40,278.050759,1.0,True,40,0,0,1115.696049451828,1543.1084427833557,15.512926292419433,1115.696049451828,completed
874.734745,40,278.102025,1.0,True,40,0,0,1427.4247975349426,2074.1137189865112,20.591066074371337,1427.4247975349426,completed
3192.003885,40,278.15306,1.0,True,40,0,0,957.4486875534058,1319.8513040542603,7.396130847930908,957.4486875534058,completed
3341.893267,40,278.203975,1.0,True,40,0,0,962.3044939041138,1274.185561656952,6.426498985290527,962.3044939041138,completed
2240.130676,40,278.255111,1.0,True,40,0,0,1222.4002165794373,1964.7875146865845,7.814536595344544,1222.4002165794373,completed
3185.957876,40,278.306944,1.0,True,40,0,0,982.3391933441162,1419.63698387146,5.912974071502686,982.3391933441162,completed
3886.589991,40,278.357764,1.0,True,40,0,0,858.5862505435944,1108.8996090888977,3.6058586120605467,858.5862505435944,completed
3832.239596,40,278.408685,1.0,True,40,0,0,869.6942303180695,1220.1015191078186,2.3604024410247804,869.6942303180695,completed
3227.876305,40,278.459711,1.0,True,40,0,0,966.8145787715912,1328.372224330902,7.072818756103516,966.8145787715912,completed
3325.23812,40,278.510896,1.0,True,40,0,0,905.5966691970825,1183.3216762542725,7.371875429153443,905.5966691970825,completed
3908.622569,40,278.561217,1.0,True,40,0,0,844.9274487495422,1010.9153828620911,3.217675507068634,844.9274487495422,completed
3456.758891,40,278.611943,1.0,True,40,0,0,904.5645322799683,1177.7720031738281,6.7494148254394535,904.5645322799683,completed
3944.308566,40,278.66292,1.0,True,40,0,0,843.1096239089966,1079.751953125,2.776231384277344,843.1096239089966,completed
3682.621867,40,278.713988,1.0,True,40,0,0,912.1558656692505,1220.969404220581,3.5877283573150636,912.1558656692505,completed
3024.300787,40,278.764804,1.0,True,40,0,0,990.024176120758,1414.8903760910034,7.628816175460815,990.024176120758,completed
3452.646967,40,278.816015,1.0,True,40,0,0,945.4429664611816,1265.0929708480835,4.668562316894532,945.4429664611816,completed
3233.072402,40,278.866973,1.0,True,40,0,0,1023.4905939102173,1360.5634756088257,6.140167725086212,1023.4905939102173,completed
2942.52258,40,278.917773,1.0,True,40,0,0,967.0080909729004,1320.4422702789307,10.43482584953308,967.0080909729004,completed
3723.914038,40,278.968696,1.0,True,40,0,0,843.599707365036,1085.605654001236,5.134498977661133,843.599707365036,completed
4441.882353,40,279.019369,1.0,True,40,0,0,775.8220238685608,872.7221446037292,0.532875919342041,775.8220238685608,completed
3925.130598,40,279.070477,1.0,True,40,0,0,869.2336027026176,1148.5935863256454,2.185953688621521,869.2336027026176,completed
2994.34729,40,279.121562,1.0,True,40,0,0,905.326619386673,1286.4316401481628,10.717274177074433,905.326619386673,completed
4085.306775,40,279.173227,1.0,True,40,0,0,745.0619270801544,940.0301899909973,3.3577857494354246,745.0619270801544,completed
2544.929479,40,279.224179,1.0,True,40,0,0,1029.9862122535706,1354.15021276474,12.906419491767883,1029.9862122535706,completed
2607.537717,40,279.275201,1.0,True,40,0,0,1062.9938168525696,1511.1213064193726,10.655406951904297,1062.9938168525696,completed
3871.24671,40,279.327281,1.0,True,40,0,0,834.9733839035034,1003.913535118103,4.1683046340942385,834.9733839035034,completed
4074.246546,40,279.378163,1.0,True,40,0,0,803.269645690918,995.4900522232056,2.6094076156616213,803.269645690918,completed
3560.263312,40,279.428419,1.0,True,40,0,0,845.4548788070679,1071.118405342102,7.365418934822083,845.4548788070679,completed
3756.59895,40,280.662698,1.0,True,40,0,0,888.8066844940186,1104.6705646514893,4.124742722511291,888.8066844940186,completed
2665.506776,40,280.720646,1.0,True,40,0,0,1089.0105593204498,1733.93967795372,7.296915531158447,1089.0105593204498,completed
3447.094168,40,280.794422,1.0,True,40,0,0,1010.6867117881775,1303.3282508850098,4.9729091167449955,1010.6867117881775,completed
3690.229886,40,280.855513,1.0,True,40,0,0,910.2373559176922,1202.2427782416344,4.077008056640625,910.2373559176922,completed
3093.773066,40,280.917291,1.0,True,40,0,0,993.7187707424164,1270.2213711738586,9.03440203666687,993.7187707424164,completed
4305.044383,40,280.982533,1.0,True,40,0,0,827.6227078437805,1028.0513763427734,0.031568479537963864,827.6227078437805,completed
2142.176127,40,281.040512,1.0,True,40,0,0,1081.0866212844849,1655.8272190093994,14.034524488449097,1081.0866212844849,completed
3291.17133,40,281.094103,1.0,True,40,0,0,924.2340679168701,1163.580906867981,7.929365396499634,924.2340679168701,completed
3954.229205,40,281.147013,1.0,True,40,0,0,718.8985435962677,863.5130577087402,5.619591319561005,718.8985435962677,completed
2843.73686,40,281.200358,1.0,True,40,0,0,963.2939319610596,1286.3027667999268,11.854421710968017,963.2939319610596,completed
3333.716608,40,281.253356,1.0,True,40,0,0,928.90380859375,1130.9723434448242,8.435894107818603,928.90380859375,completed
3342.871471,40,281.307103,1.0,True,40,0,0,973.1572277545929,1278.6413197517395,5.334109258651734,973.1572277545929,completed
4047.765479,40,281.359919,1.0,True,40,0,0,757.588292837143,972.9475226402283,3.9054908752441406,757.588292837143,completed
3552.081332,40,281.413368,1.0,True,40,0,0,935.2178750038147,1208.6891784667969,4.902873086929321,935.2178750038147,completed
3373.310935,40,281.465894,1.0,True,40,0,0,970.4927854537964,1115.7680587768555,7.838106608390808,970.4927854537964,completed
3061.629711,40,281.525864,1.0,True,40,0,0,953.8264813423157,1252.6116514205933,9.66501979827881,953.8264813423157,completed
2733.479323,40,281.58149,1.0,True,40,0,0,925.7852911949158,1363.1774530410767,11.20692880153656,925.7852911949158,completed
3404.810414,40,281.634351,1.0,True,40,0,0,951.4373755455017,1333.7261590957642,5.2153548240661625,951.4373755455017,completed
3046.339774,40,281.687073,1.0,True,40,0,0,1132.4483785629272,1547.122142791748,5.404460525512695,1132.4483785629272,completed
2215.643236,40,281.73967,1.0,True,40,0,0,1093.5461180210114,1573.3681330680847,13.219051837921143,1093.5461180210114,completed
3777.722531,40,281.793589,1.0,True,40,0,0,818.1654269695282,1081.721112728119,4.706062364578247,818.1654269695282,completed
3428.469893,40,281.847418,1.0,True,40,0,0,870.7740898132324,1185.8784713745117,7.557491683959961,870.7740898132324,completed
3468.116459,40,281.899583,1.0,True,40,0,0,925.1332314014435,1386.5057740211487,3.58309063911438,925.1332314014435,completed
1336.200622,40,281.951919,1.0,True,40,0,0,1361.3594883680344,2299.1129167079926,13.16199345588684,1361.3594883680344,completed
2746.51845,40,282.004045,1.0,True,40,0,0,1004.5493793487549,1578.5613422393799,8.429180574417114,1004.5493793487549,completed
3591.168292,40,282.058183,1.0,True,40,0,0,941.1946859359741,1133.5617637634277,5.089961957931519,941.1946859359741,completed
2777.238691,40,282.110938,1.0,True,40,0,0,1023.228353023529,1438.9183378219604,10.137676572799682,1023.228353023529,completed
3757.222979,40,282.16357,1.0,True,40,0,0,931.8245092630386,1141.857486963272,4.220488500595093,931.8245092630386,completed
2195.159808,40,282.215599,1.0,True,40,0,0,1127.3918540477753,1517.1587862968445,13.994130182266236,1127.3918540477753,completed
2278.161719,40,282.267915,1.0,True,40,0,0,1019.8457133769989,1390.828152179718,15.812748575210572,1019.8457133769989,completed
3397.495489,40,282.320025,1.0,True,40,0,0,954.2889432907104,1232.0513000488281,6.683433938026428,954.2889432907104,completed
3421.563405,40,282.373335,1.0,True,40,0,0,856.1783225536346,1233.0012998580933,5.85535215139389,856.1783225536346,completed
3761.333471,40,282.425704,1.0,True,40,0,0,877.4175205230713,1180.4460053443909,3.1090676307678224,877.4175205230713,completed
3599.833381,40,282.478025,1.0,True,40,0,0,895.3764085769653,1210.6549844741821,4.265253639221191,895.3764085769653,completed
3867.607377,40,282.530773,1.0,True,40,0,0,832.1142053604126,1032.4976768493652,4.467208194732666,832.1142053604126,completed
1765.56514,40,282.584648,1.0,True,40,0,0,1159.9406237602234,1818.3673543930054,16.228329944610596,1159.9406237602234,completed
4028.893998,40,282.636763,1.0,True,40,0,0,813.7602370977402,1019.7310693264008,2.451821041107178,813.7602370977402,completed
4161.249759,40,282.689731,1.0,True,40,0,0,794.8872181177139,1015.6186754703522,1.6204670906066894,794.8872181177139,completed
1779.649495,40,282.74363,1.0,True,40,0,0,1173.8679838180542,1662.9130625724792,16.522816824913026,1173.8679838180542,completed
3109.103321,40,282.796461,1.0,True,40,0,0,996.3649504184723,1266.2083497047424,8.565606546401977,996.3649504184723,completed
3855.772706,40,282.851107,1.0,True,40,0,0,896.6644620895386,1168.9191627502441,2.2552192211151123,896.6644620895386,completed
3228.929012,40,282.908331,1.0,True,40,0,0,989.6104323863983,1230.6094422340393,6.670429277420044,989.6104323863983,completed
2867.21474,40,282.961587,1.0,True,40,0,0,1035.7528111934662,1453.408809185028,8.40729854106903,1035.7528111934662,completed
3938.642932,40,283.015223,1.0,True,40,0,0,854.250560760498,1063.317768573761,2.364464831352234,854.250560760498,completed
2339.225599,40,283.070154,1.0,True,40,0,0,991.0719408988953,1429.6951475143433,14.730832171440124,991.0719408988953,completed
3148.325399,40,283.124813,1.0,True,40,0,0,968.5851664543152,1326.620327949524,7.765514254570007,968.5851664543152,completed
2404.486002,40,283.177625,1.0,True,40,0,0,1205.420498251915,1642.4835460186005,10.631622481346131,1205.420498251915,completed
3543.742286,40,283.230677,1.0,True,40,0,0,829.7045617103577,1073.4510078430176,6.407985854148865,829.7045617103577,completed
2486.742623,40,283.283745,1.0,True,40,0,0,1027.3186111450195,1476.444323539734,13.22221817970276,1027.3186111450195,completed
1808.511198,40,283.33706,1.0,True,40,0,0,1245.1939535140991,1868.3797674179077,14.051933574676514,1245.1939535140991,completed
3158.883379,40,283.38988,1.0,True,40,0,0,852.4838802814484,1133.1690878868103,9.914253699779511,852.4838802814484,completed
3597.614581,40,283.44155,1.0,True,40,0,0,1021.3199458122253,1219.9120359420776,3.846127653121948,1021.3199458122253,completed
2858.200332,40,284.706666,1.0,True,40,0,0,1083.6580007076263,1657.658196926117,6.289760637283325,1083.6580007076263,completed
2710.771188,40,284.760491,1.0,True,40,0,0,1038.7019197940826,1431.237737417221,10.333076858520508,1038.7019197940826,completed
3883.726594,40,284.812747,1.0,True,40,0,0,871.3120937347412,1054.915810585022,3.663484477996826,871.3120937347412,completed
2878.689897,40,284.866135,1.0,True,40,0,0,1001.1287380456924,1373.6646358966827,9.307522010803222,1001.1287380456924,completed
3529.892743,40,284.918891,1.0,True,40,0,0,979.3863801956177,1202.4244575500488,4.935106563568115,979.3863801956177,completed
3494.841771,40,284.971813,1.0,True,40,0,0,922.7413327693939,1212.1438612937927,5.66443977355957,922.7413327693939,completed
3875.861765,40,285.025964,1.0,True,40,0,0,867.4565014839172,1016.7135543823242,4.00349280834198,867.4565014839172,completed
3461.485801,40,285.07985,1.0,True,40,0,0,863.9667809009552,1120.0818343162537,7.788051414489746,863.9667809009552,completed
3709.585389,40,285.133787,1.0,True,40,0,0,885.5676283836365,1100.934871673584,5.100570940971375,885.5676283836365,completed
3739.301764,40,285.18725,1.0,True,40,0,0,970.3794360160828,1216.7677450180054,2.8128256797790527,970.3794360160828,completed
3532.853454,40,285.241373,1.0,True,40,0,0,1033.7903814315796,1307.0953063964844,3.3633435010910033,1033.7903814315796,completed
3525.516113,40,285.294148,1.0,True,40,0,0,895.349193572998,1221.199083328247,5.36194224357605,895.349193572998,completed
2598.187768,40,285.347856,1.0,True,40,0,0,1018.9504289627075,1562.6688594818115,9.456327867507934,1018.9504289627075,completed
4404.780022,40,285.400715,1.0,True,40,0,0,763.1062047481537,903.4786520004272,0.6691217303276062,763.1062047481537,completed
2796.999379,40,285.454503,1.0,True,40,0,0,1020.3681421279907,1466.6629705429077,9.843130850791932,1020.3681421279907,completed
2767.496633,40,285.508819,1.0,True,40,0,0,1013.9833273887634,1449.600380897522,9.869411897659301,1013.9833273887634,completed
3418.227305,40,285.561888,1.0,True,40,0,0,1048.7008673548698,1269.8277391195297,5.196770763397216,1048.7008673548698,completed
2351.187065,40,285.620114,1.0,True,40,0,0,993.5648550987244,1422.7872495651245,14.657600593566894,993.5648550987244,completed
2008.831968,40,285.673527,1.0,True,40,0,0,1266.691786289215,1760.3816385269165,12.559164476394653,1266.691786289215,completed
3693.526524,40,285.726892,1.0,True,40,0,0,894.0434925556183,1238.9966111183167,2.401888847351074,894.0434925556183,completed
4027.801512,40,285.779999,1.0,True,40,0,0,730.8396180868149,921.5248363018036,4.437717461585999,730.8396180868149,completed
3276.231157,40,285.839181,1.0,True,40,0,0,921.3547322750092,1386.5685744285583,5.384132146835327,921.3547322750092,completed
3436.705483,40,285.891899,1.0,True,40,0,0,918.3471937179565,1184.0640497207642,6.810196828842163,918.3471937179565,completed
3436.624266,40,285.945177,1.0,True,40,0,0,857.4197452068329,1155.2908163070679,6.413799858093261,857.4197452068329,completed
3941.82083,40,285.997808,1.0,True,40,0,0,820.9861645698547,982.5522203445435,4.309750366210937,820.9861645698547,completed
3086.779359,40,286.051754,1.0,True,40,0,0,989.1770124435425,1320.8673114776611,8.147004890441895,989.1770124435425,completed
2364.968561,40,286.105162,1.0,True,40,0,0,1144.1537201404572,1487.1073489189148,12.784014034271241,1144.1537201404572,completed
3588.685805,40,286.15829,1.0,True,40,0,0,872.6122341156006,1072.231318473816,6.791155052185059,872.6122341156006,completed
3246.198823,40,286.211686,1.0,True,40,0,0,943.7295300960541,1431.3181700706482,4.976418399810791,943.7295300960541,completed
4216.909143,40,286.265046,1.0,True,40,0,0,783.0129718780518,951.8236632347107,1.5784630537033082,783.0129718780518,completed
2872.819534,40,286.318717,1.0,True,40,0,0,956.7287440299988,1402.191086769104,9.9466628074646,956.7287440299988,completed
3484.614763,40,286.372874,1.0,True,40,0,0,909.7167879343033,1251.5156314373016,5.973599624633789,909.7167879343033,completed
2514.346448,40,286.426001,1.0,True,40,0,0,1120.033570766449,1466.5714592933655,11.692560052871704,1120.033570766449,completed
3633.323762,40,286.479279,1.0,True,40,0,0,955.1569468975067,1103.5440692901611,5.183544921875,955.1569468975067,completed
3009.846584,40,286.533121,1.0,True,40,0,0,972.287353515625,1394.4329900741577,7.911308932304382,972.287353515625,completed
2281.429571,40,286.587135,1.0,True,40,0,0,1190.0206117630005,1641.768783569336,11.357655000686645,1190.0206117630005,completed
3234.933273,40,286.641527,1.0,True,40,0,0,971.4797382354736,1253.4634552001953,7.979613542556763,971.4797382354736,completed
4011.337913,40,286.694028,1.0,True,40,0,0,815.0171883106232,1117.611448764801,1.6284897565841674,815.0171883106232,completed
2762.077597,40,286.747005,1.0,True,40,0,0,1047.8189491033554,1355.2732141017914,10.980381226539611,1047.8189491033554,completed
3329.080008,40,286.800205,1.0,True,40,0,0,933.7229852676392,1187.9674096107483,7.674025630950927,933.7229852676392,completed
3745.733362,40,286.853935,1.0,True,40,0,0,987.4480519294739,1224.7471766471863,1.8696989059448241,987.4480519294739,completed
3278.126588,40,286.906128,1.0,True,40,0,0,878.1313154697418,1266.844844341278,8.268316173553467,878.1313154697418,completed
2378.364719,40,286.960119,1.0,True,40,0,0,1023.2400531768799,1467.9855823516846,14.09883885383606,1023.2400531768799,completed
3227.72051,40,287.01411,1.0,True,40,0,0,950.3668518066406,1291.9729871749878,6.7611136674880985,950.3668518066406,completed
3817.562802,40,287.067133,1.0,True,40,0,0,824.1064736843109,1046.2652115821838,4.026019763946533,824.1064736843109,completed
2967.727066,40,287.124872,1.0,True,40,0,0,992.8476762771606,1391.2604084014893,8.0147234916687,992.8476762771606,completed
3640.992153,40,287.178479,1.0,True,40,0,0,890.3992230892181,1218.559621334076,3.679409122467041,890.3992230892181,completed
3246.816852,40,287.23131,1.0,True,40,0,0,976.2979979515076,1317.1009035110474,6.919916939735413,976.2979979515076,completed
2973.879617,40,287.284509,1.0,True,40,0,0,978.9845199584961,1271.3915634155273,10.314986896514892,978.9845199584961,completed
3461.845604,40,287.337716,1.0,True,40,0,0,932.7356972694397,1204.4756546020508,6.419871973991394,932.7356972694397,completed
2725.644188,40,287.390544,1.0,True,40,0,0,1044.6426866054535,1354.552354335785,11.78203263282776,1044.6426866054535,completed
3391.805716,40,288.631984,1.0,True,40,0,0,899.4945478439331,1115.6349658966064,8.76623866558075,899.4945478439331,completed
2592.524773,40,288.683224,1.0,True,40,0,0,1008.2975854873657,1413.8327255249023,11.653508472442628,1008.2975854873657,completed
2298.33685,40,288.73424,1.0,True,40,0,0,1086.6459803581238,1495.30713224411,14.5604714512825,1086.6459803581238,completed
2454.687711,40,288.785171,1.0,True,40,0,0,1168.9132356643677,1662.442584991455,9.690968799591065,1168.9132356643677,completed
3153.578236,40,288.836317,1.0,True,40,0,0,973.7557897567749,1199.9820699691772,9.402350163459777,973.7557897567749,completed
3727.440305,40,288.887631,1.0,True,40,0,0,779.978750705719,998.8613228797913,6.4478123664855955,779.978750705719,completed
4024.804638,40,288.938725,1.0,True,40,0,0,898.8544826507568,1039.6045923233032,1.9039702653884887,898.8544826507568,completed
2529.966112,40,288.989399,1.0,True,40,0,0,1075.582835674286,1727.7251687049866,9.177331256866456,1075.582835674286,completed
3607.329953,40,289.04027,1.0,True,40,0,0,950.9668846130371,1145.108777999878,4.655878257751465,950.9668846130371,completed
1523.674066,40,289.091621,1.0,True,40,0,0,1088.6882076263428,1807.0345363616943,18.06718773841858,1088.6882076263428,completed
3005.862095,40,289.142735,1.0,True,40,0,0,990.5695872306824,1402.97589635849,7.706533336639405,990.5695872306824,completed
3409.439228,40,289.193582,1.0,True,40,0,0,838.5385105609894,1137.6359810829163,7.762976086139679,838.5385105609894,completed
4045.984527,40,289.244779,1.0,True,40,0,0,723.6841344833374,920.8584003448486,3.648259401321411,723.6841344833374,completed
2904.438143,40,289.296096,1.0,True,40,0,0,1006.398984670639,1474.3722262382507,7.561412715911866,1006.398984670639,completed
3186.076428,40,289.347345,1.0,True,40,0,0,927.8139333724976,1208.8972969055176,9.530602312088012,927.8139333724976,completed
2568.453851,40,289.398235,1.0,True,40,0,0,1088.4617862701416,1569.0728092193604,10.156112337112427,1088.4617862701416,completed
3809.059825,40,289.449171,1.0,True,40,0,0,865.6971461772919,1063.1667122840881,4.8379812955856325,865.6971461772919,completed
3056.522864,40,289.500067,1.0,True,40,0,0,1091.6883496046066,1455.6024272441864,6.5287682056427006,1091.6883496046066,completed
2911.793483,40,289.551077,1.0,True,40,0,0,1156.2187876701355,1699.4704313278198,4.500722122192383,1156.2187876701355,completed
2935.111068,40,289.602067,1.0,True,40,0,0,1016.2031998634338,1420.0445251464844,8.788975429534911,1016.2031998634338,completed
3257.873861,40,289.65277,1.0,True,40,0,0,958.0831818580627,1345.6542558670044,6.525706851482392,958.0831818580627,completed
3742.977864,40,289.703551,1.0,True,40,0,0,780.8444592952728,1020.2673382759094,6.265267348289489,780.8444592952728,completed
3314.842642,40,289.754932,1.0,True,40,0,0,1007.7078147083521,1297.3085470497608,6.418665838241577,1007.7078147083521,completed
2284.078775,40,289.806565,1.0,True,40,0,0,1081.9461348056793,1505.2216355800629,14.325121808052064,1081.9461348056793,completed
4219.159913,40,289.857206,1.0,True,40,0,0,782.4760100841522,1014.1147303581238,1.3228534698486327,782.4760100841522,completed
3768.306127,40,289.90964,1.0,True,40,0,0,838.0791900157928,1052.3978142738342,4.765109539031982,838.0791900157928,completed
2989.216614,40,289.963807,1.0,True,40,0,0,976.8925271034241,1393.797926902771,8.143376874923707,976.8925271034241,completed
4199.25408,40,290.016444,1.0,True,40,0,0,754.1297575831413,914.1001294851303,2.5344740390777587,754.1297575831413,completed
3167.200032,40,290.0686,1.0,True,40,0,0,991.0408308506012,1285.9307713508606,7.295645260810852,991.0408308506012,completed
3534.579864,40,290.122521,1.0,True,40,0,0,906.4217803478241,1349.08287191391,4.344698858261109,906.4217803478241,completed
2727.993744,40,290.175075,1.0,True,40,0,0,1092.1662368774414,1592.515293121338,7.499246144294739,1092.1662368774414,completed
2495.137448,40,290.227842,1.0,True,40,0,0,1127.758866071701,1566.280164718628,10.816238141059875,1127.758866071701,completed
4128.087316,40,290.28205,1.0,True,40,0,0,772.1708076000214,1015.3505053520203,2.2090580463409424,772.1708076000214,completed
1867.50228,40,290.334283,1.0,True,40,0,0,1099.9810299873352,1613.2447957992554,17.59924783706665,1099.9810299873352,completed
4101.576748,40,290.388414,1.0,True,40,0,0,825.9581818580627,996.9429814815521,2.077638292312622,825.9581818580627,completed
3536.249427,40,290.440976,1.0,True,40,0,0,900.3529477119446,1118.6207571029663,6.913199639320373,900.3529477119446,completed
2663.841756,40,290.494249,1.0,True,40,0,0,1102.6154712438583,1555.055204153061,8.112852954864502,1102.6154712438583,completed
2899.633626,40,290.547481,1.0,True,40,0,0,1026.0948206186295,1365.4556877613068,9.596352815628052,1026.0948206186295,completed
3834.562493,40,290.600811,1.0,True,40,0,0,809.3639339208603,1010.83123087883,4.723809909820557,809.3639339208603,completed
2814.826372,40,290.653096,1.0,True,40,0,0,993.0800068378448,1439.0761442184448,10.204273319244384,993.0800068378448,completed
3253.727512,40,290.706186,1.0,True,40,0,0,1000.8364477157593,1319.2796869277954,6.932037043571472,1000.8364477157593,completed
3548.793397,40,290.759693,1.0,True,40,0,0,845.1839658021927,1160.2802393436432,5.972349500656128,845.1839658021927,completed
3311.980216,40,290.813549,1.0,True,40,0,0,961.9398617744446,1198.953345298767,6.587589836120605,961.9398617744446,completed
3464.056825,40,290.871482,1.0,True,40,0,0,909.8112971782684,1239.3856015205383,6.396652936935425,909.8112971782684,completed
3960.074282,40,290.92473,1.0,True,40,0,0,920.2057008743286,1158.018193244934,1.2372785568237306,920.2057008743286,completed
3506.404418,40,290.977852,1.0,True,40,0,0,860.8644704818726,1231.731029510498,5.402159595489502,860.8644704818726,completed
2224.247725,40,291.030901,1.0,True,40,0,0,1138.9562859535217,1649.2178258895874,12.977986192703247,1138.9562859535217,completed
4414.831128,40,291.084257,1.0,True,40,0,0,643.162045955658,767.1491775512695,2.380094361305237,643.162045955658,completed
3289.525141,40,291.137217,1.0,True,40,0,0,958.9358563423157,1283.401554107666,5.729645442962647,958.9358563423157,completed
4001.772004,40,291.191504,1.0,True,40,0,0,774.8161129951477,903.7121810913086,4.67818660736084,774.8161129951477,completed
2694.140517,40,291.244932,1.0,True,40,0,0,1191.6973571777344,1414.0955476760864,9.941699576377868,1191.6973571777344,completed
3602.753285,40,292.477859,1.0,True,40,0,0,936.511800289154,1224.526307106018,4.667008709907532,936.511800289154,completed
2764.328238,40,292.531468,1.0,True,40,0,0,1041.6465020179749,1380.1510257720947,10.343971657752991,1041.6465020179749,completed
2819.943455,40,292.585283,1.0,True,40,0,0,1061.612221121788,1434.201755285263,8.44334101676941,1061.612221121788,completed
3459.506193,40,292.638645,1.0,True,40,0,0,961.5346391201019,1294.616937160492,4.3686799049377445,961.5346391201019,completed
2928.828701,40,292.691495,1.0,True,40,0,0,970.578883767128,1343.7551443576813,9.633666372299194,970.578883767128,completed
2057.719974,40,292.744672,1.0,True,40,0,0,1078.6029114723206,1550.140883922577,16.249541330337525,1078.6029114723206,completed
3343.858463,40,292.798699,1.0,True,40,0,0,1016.2726106643677,1359.0014152526855,4.830955171585083,1016.2726106643677,completed
3311.242761,40,292.851703,1.0,True,40,0,0,1023.2247242927551,1470.922152519226,3.64760046005249,1023.2247242927551,completed
2785.297666,40,292.909726,1.0,True,40,0,0,1010.4165198802948,1364.5073084831238,10.843679785728455,1010.4165198802948,completed
2483.150026,40,292.963155,1.0,True,40,0,0,1100.7997589111328,1597.9062213897705,9.795915937423706,1100.7997589111328,completed
2899.750164,40,293.016858,1.0,True,40,0,0,1017.537379026413,1483.0993609428406,8.041476392745972,1017.537379026413,completed
2991.944739,40,293.069529,1.0,True,40,0,0,941.6638336181641,1293.7896175384521,9.436104774475098,941.6638336181641,completed
3379.958397,40,293.123608,1.0,True,40,0,0,877.3978185653687,1148.1665239334106,8.632746696472168,877.3978185653687,completed
2744.911013,40,293.177104,1.0,True,40,0,0,1005.3842554092407,1315.1872749328613,12.376905393600463,1005.3842554092407,completed
4003.330202,40,293.231053,1.0,True,40,0,0,805.2779343128204,1056.778880596161,2.3255783557891845,805.2779343128204,completed
3722.064947,40,293.284552,1.0,True,40,0,0,935.4214036464691,1138.4468803405762,4.3673830270767215,935.4214036464691,completed
2062.06046,40,293.339191,1.0,True,40,0,0,1110.3542494773865,1553.5686883926392,15.910017919540405,1110.3542494773865,completed
2946.635391,40,293.392654,1.0,True,40,0,0,1034.8421413898468,1556.3741478919983,6.630597019195557,1034.8421413898468,completed
3454.882237,40,293.445695,1.0,True,40,0,0,924.6159162521362,1151.329647064209,6.986070013046264,924.6159162521362,completed
2806.012798,40,293.498426,1.0,True,40,0,0,982.338522195816,1276.7705597877502,12.31420590877533,982.338522195816,completed
3029.07431,40,293.550673,1.0,True,40,0,0,1004.1097984313965,1211.0998249053955,9.640625047683717,1004.1097984313965,completed
2591.21981,40,293.605386,1.0,True,40,0,0,1024.518903374672,1429.4996020793915,12.270241069793702,1024.518903374672,completed
3354.045048,40,293.658646,1.0,True,40,0,0,958.1214761734009,1370.7017803192139,4.978876352310181,958.1214761734009,completed
2785.094911,40,293.712499,1.0,True,40,0,0,924.6621146202087,1299.5749959945679,10.819691562652588,924.6621146202087,completed
2644.005779,40,293.765531,1.0,True,40,0,0,1032.4187557697296,1395.7546780109406,12.01516026854515,1032.4187557697296,completed
3813.954801,40,293.818318,1.0,True,40,0,0,861.5891513824463,1251.1320486068726,2.2230806827545164,861.5891513824463,completed
3309.049209,40,293.87157,1.0,True,40,0,0,1012.963339805603,1349.4801664352417,5.7343075513839725,1012.963339805603,completed
2922.284269,40,293.924759,1.0,True,40,0,0,1038.4496140480042,1352.2675924301147,9.714395141601562,1038.4496140480042,completed
2251.607051,40,293.977953,1.0,True,40,0,0,1162.934463262558,1681.174726009369,11.391750907897949,1162.934463262558,completed
3457.603966,40,294.030576,1.0,True,40,0,0,921.4452421665192,1252.6867051124573,5.582168912887573,921.4452421665192,completed
2815.465726,40,294.084143,1.0,True,40,0,0,1025.7870433330536,1419.6837811470032,9.905123615264893,1025.7870433330536,completed
3331.345408,40,294.139509,1.0,True,40,0,0,900.8869903087616,1168.7134547233582,7.219219970703125,900.8869903087616,completed
3798.558643,40,294.193318,1.0,True,40,0,0,884.7948527336121,1188.8754968643188,2.785017490386963,884.7948527336121,completed
2876.425438,40,294.245663,1.0,True,40,0,0,1004.3099799156189,1511.5146355628967,8.041530930995942,1004.3099799156189,completed
4198.441786,40,294.29877,1.0,True,40,0,0,740.1047668457031,867.7330646514893,3.912362289428711,740.1047668457031,completed
3327.728709,40,294.352857,1.0,True,40,0,0,896.7532519102097,1262.8903844356537,6.625498962402344,896.7532519102097,completed
3717.150719,40,294.406409,1.0,True,40,0,0,905.9747579097748,1045.886158466339,5.922370648384094,905.9747579097748,completed
3255.984907,40,294.46033,1.0,True,40,0,0,849.0908505916595,1163.8392786979675,8.616717195510864,849.0908505916595,completed
3522.888659,40,294.513374,1.0,True,40,0,0,906.2966992855072,1120.957344532013,6.378503036499024,906.2966992855072,completed
3731.837538,40,294.567324,1.0,True,40,0,0,864.4682536125183,1114.5450325012207,4.793524670600891,864.4682536125183,completed
2753.286744,40,294.621468,1.0,True,40,0,0,1062.5827679634094,1542.975601196289,9.02363042831421,1062.5827679634094,completed
2726.195829,40,294.674138,1.0,True,40,0,0,1040.2903053760529,1472.064389705658,9.254489493370055,1040.2903053760529,completed
3098.553839,40,294.729358,1.0,True,40,0,0,968.8620367050171,1221.7560634613037,8.889965867996215,968.8620367050171,completed
2843.634506,40,294.781911,1.0,True,40,0,0,995.002347946167,1283.2567796707153,11.347270345687866,995.002347946167,completed
2981.904994,40,294.834216,1.0,True,40,0,0,959.2199110984802,1336.2722244262695,8.845795154571533,959.2199110984802,completed
4154.960424,40,294.890334,1.0,True,40,0,0,804.1605694293976,1001.3702955245972,1.8254488706588745,804.1605694293976,completed
3333.112473,40,294.943343,1.0,True,40,0,0,951.3921308517456,1163.2154865264893,7.518940162658692,951.3921308517456,completed
4172.913267,40,294.996758,1.0,True,40,0,0,800.5316209793091,979.4282388687134,2.242458724975586,800.5316209793091,completed
3235.799047,40,295.049893,1.0,True,40,0,0,887.7122137546539,1286.0066409111023,8.149579000473022,887.7122137546539,completed
3761.159406,40,295.1047,1.0,True,40,0,0,946.8077528476715,1223.299677848816,2.626578712463379,946.8077528476715,completed
3892.624527,40,295.158356,1.0,True,40,0,0,795.3200778961182,1093.0177173614502,3.5982992172241213,795.3200778961182,completed
3850.274287,40,296.392281,1.0,True,40,0,0,872.161768913269,1113.975516319275,3.5756947994232178,872.161768913269,completed
3822.066722,40,296.446412,1.0,True,40,0,0,783.7457027435303,1034.6261444091797,4.4324637174606325,783.7457027435303,completed
3072.029998,40,296.499713,1.0,True,40,0,0,1087.396509885788,1461.1079325675964,5.978917121887207,1087.396509885788,completed
3142.110892,40,296.553363,1.0,True,40,0,0,933.4891681671143,1227.763566493988,8.215696048736572,933.4891681671143,completed
924.21186,40,296.605915,1.0,True,40,0,0,1307.66139793396,2035.075915813446,21.407597422599792,1307.66139793396,completed
3333.353998,40,296.659689,1.0,True,40,0,0,921.597394824028,1234.7506787776947,7.068272733688355,921.597394824028,completed
4185.921888,40,296.713126,1.0,True,40,0,0,815.7621116638184,968.3482494354248,2.1179721355438232,815.7621116638184,completed
2942.113949,40,296.766511,1.0,True,40,0,0,854.7756543159485,1226.8795518875122,11.318164396286011,854.7756543159485,completed
1609.309188,40,296.818958,1.0,True,40,0,0,1166.3834447860718,1671.2748136520386,19.530730628967284,1166.3834447860718,completed
2507.235187,40,296.87212,1.0,True,40,0,0,1092.8993740081787,1422.3545389175415,12.905439949035644,1092.8993740081787,completed
3111.244154,40,296.925342,1.0,True,40,0,0,974.9372732639313,1333.4004302024841,7.775662612915039,974.9372732639313,completed
1506.160381,40,296.977911,1.0,True,40,0,0,1252.011824131012,1986.3576974868774,15.532988214492798,1252.011824131012,completed
3221.45706,40,297.03183,1.0,True,40,0,0,1027.544373035431,1266.6097354888916,7.546820092201233,1027.544373035431,completed
3676.189312,40,297.08534,1.0,True,40,0,0,856.6463663578033,1025.177348613739,6.464097309112549,856.6463663578033,completed
3690.402482,40,297.138343,1.0,True,40,0,0,939.9105360507965,1228.8657574653625,3.486235785484314,939.9105360507965,completed
2175.931197,40,297.192589,1.0,True,40,0,0,1182.8697490692139,1687.802165031433,12.409557151794434,1182.8697490692139,completed
3315.545381,40,297.246698,1.0,True,40,0,0,1076.329421043396,1349.0244631767273,5.184125709533691,1076.329421043396,completed
2355.478699,40,297.299289,1.0,True,40,0,0,1188.1924743652344,1604.1703243255615,11.587730741500854,1188.1924743652344,completed
1286.542894,40,297.352395,1.0,True,40,0,0,1108.6704421043396,1811.8781490325928,21.75236096382141,1108.6704421043396,completed
2699.615693,40,297.4058,1.0,True,40,0,0,1086.0810170173645,1383.229037284851,11.089796948432923,1086.0810170173645,completed
3578.472878,40,297.459275,1.0,True,40,0,0,960.7483234405518,1214.267972946167,3.679791975021362,960.7483234405518,completed
3325.64026,40,297.513644,1.0,True,40,0,0,1051.2043809890747,1305.0123693943024,4.914043807983399,1051.2043809890747,completed
3884.822111,40,297.567975,1.0,True,40,0,0,825.1673444509506,1107.134845495224,2.965364408493042,825.1673444509506,completed
3832.952104,40,297.6216,1.0,True,40,0,0,841.6678464412689,1088.333526134491,3.748503863811493,841.6678464412689,completed
3086.441232,40,297.675761,1.0,True,40,0,0,1038.7432107925415,1459.7468032836914,6.18239197731018,1038.7432107925415,completed
2912.80066,40,297.729462,1.0,True,40,0,0,896.4844107627869,1337.163953781128,9.855354309082031,896.4844107627869,completed
2602.05081,40,297.783724,1.0,True,40,0,0,1047.1799621582031,1438.4663791656494,11.529102444648743,1047.1799621582031,completed
2145.732958,40,297.837835,1.0,True,40,0,0,1175.8626790046692,1660.6490631103516,12.275443315505981,1175.8626790046692,completed
3287.559391,40,297.894942,1.0,True,40,0,0,838.4797005653381,1127.3610496520996,9.115695428848266,838.4797005653381,completed
3537.717954,40,297.950583,1.0,True,40,0,0,804.1183044910431,1150.1588010787964,6.245454776287079,804.1183044910431,completed
3842.590905,40,298.00378,1.0,True,40,0,0,833.7594270706177,1184.3954153060913,2.9914810180664064,833.7594270706177,completed
2691.338063,40,298.05734,1.0,True,40,0,0,1006.1024327278137,1377.8928139209747,11.866479778289795,1006.1024327278137,completed
3573.223513,40,298.111173,1.0,True,40,0,0,802.1428017616272,1094.1359205245972,7.524266171455383,802.1428017616272,completed
3537.917515,40,298.165951,1.0,True,40,0,0,905.5570454597473,1140.1782183647156,5.6194027185440065,905.5570454597473,completed
3674.130908,40,298.218801,1.0,True,40,0,0,868.4757471084595,1071.6081833839417,5.450183022022247,868.4757471084595,completed
3721.341803,40,298.271924,1.0,True,40,0,0,826.8519625663757,1002.1173577308655,6.127724075317383,826.8519625663757,completed
3057.465759,40,298.325594,1.0,True,40,0,0,920.6313490867615,1237.3059267997742,10.176486396789551,920.6313490867615,completed
3622.924718,40,298.377739,1.0,True,40,0,0,946.8579323291779,1195.9156498908997,5.0431663513183596,946.8579323291779,completed
3322.455687,40,298.431518,1.0,True,40,0,0,892.5623822212219,1317.0265526771545,6.915970945358277,892.5623822212219,completed
3172.605024,40,298.484071,1.0,True,40,0,0,980.916143655777,1322.6167874336243,8.04958529472351,980.916143655777,completed
3871.598462,40,298.536227,1.0,True,40,0,0,876.0156904459,1125.549845457077,3.1210911750793455,876.0156904459,completed
2645.171351,40,298.588655,1.0,True,40,0,0,1065.0704894065857,1365.1036252975464,12.489654588699342,1065.0704894065857,completed
3382.918384,40,298.64142,1.0,True,40,0,0,972.7388887405396,1294.1149072647095,5.248898553848266,972.7388887405396,completed
1768.586355,40,298.695642,1.0,True,40,0,0,1118.8330001831055,1651.299108505249,17.23356032371521,1118.8330001831055,completed
3279.902005,40,298.748286,1.0,True,40,0,0,984.6470818519592,1408.1426029205322,5.191911029815674,984.6470818519592,completed
3404.603364,40,298.801256,1.0,True,40,0,0,940.5065924525261,1256.4149602651596,6.362952804565429,940.5065924525261,completed
4115.689376,40,298.854118,1.0,True,40,0,0,874.0177025794983,1010.1593236923218,1.9840593338012695,874.0177025794983,completed
2862.224443,40,298.907551,1.0,True,40,0,0,1064.7486534118652,1551.6561336517334,7.526307725906372,1064.7486534118652,completed
3802.07018,40,298.960241,1.0,True,40,0,0,905.4381697177887,1120.5750644207,2.587929344177246,905.4381697177887,completed
2674.737551,40,299.012629,1.0,True,40,0,0,1054.7680668830872,1409.5992498397827,11.898030424118042,1054.7680668830872,completed
2339.471653,40,299.066112,1.0,True,40,0,0,1197.4650764465332,1664.0833129882812,10.581970715522766,1197.4650764465332,completed
3850.983747,40,300.293138,1.0,True,40,0,0,786.9122391939163,1050.7355616092682,3.8257473945617675,786.9122391939163,completed
3489.680156,40,300.346754,1.0,True,40,0,0,967.7823777198792,1296.5767183303833,4.855200338363647,967.7823777198792,completed
2998.11882,40,300.400733,1.0,True,40,0,0,943.3210303783417,1409.7540907859802,7.751988267898559,943.3210303783417,completed
3550.551569,40,300.454629,1.0,True,40,0,0,871.7188817858696,1106.3463176488876,6.805451905727386,871.7188817858696,completed
2427.817105,40,300.507738,1.0,True,40,0,0,1047.8105325698853,1519.8726902008057,12.270457696914672,1047.8105325698853,completed
3071.275065,40,300.562186,1.0,True,40,0,0,968.7809007167816,1318.4848184585571,9.151538681983947,968.7809007167816,completed
3720.241333,40,300.616728,1.0,True,40,0,0,933.9461039304733,1141.1830837726593,4.363620150089264,933.9461039304733,completed
3413.280193,40,300.67118,1.0,True,40,0,0,938.0197534561157,1267.6297063827515,5.493940973281861,938.0197534561157,completed
2902.151291,40,300.725211,1.0,True,40,0,0,1010.539487361908,1225.6423377990723,10.978980565071106,1010.539487361908,completed
3676.957464,40,300.779323,1.0,True,40,0,0,931.8941750526428,1230.141936302185,4.009373760223388,931.8941750526428,completed
3112.788041,40,300.833095,1.0,True,40,0,0,914.5991821289062,1231.0693383216858,8.990952217578888,914.5991821289062,completed
3290.645028,40,300.888399,1.0,True,40,0,0,824.2328433990479,1163.441439628601,9.000371026992799,824.2328433990479,completed
3534.421009,40,300.943606,1.0,True,40,0,0,948.0639371871948,1238.6411609649658,5.24044189453125,948.0639371871948,completed
2985.691775,40,300.998187,1.0,True,40,0,0,947.8330135345459,1261.1662769317627,10.229068899154663,947.8330135345459,completed
3004.848702,40,301.052387,1.0,True,40,0,0,1010.7168502807617,1392.1594653129578,7.7168221950531,1010.7168502807617,completed
3780.099648,40,301.107869,1.0,True,40,0,0,912.4544565677643,1121.3854403495789,3.7362961769104004,912.4544565677643,completed
3478.999466,40,301.161124,1.0,True,40,0,0,874.8096971511841,1115.657995223999,6.923636507987976,874.8096971511841,completed
2024.934297,40,301.215274,1.0,True,40,0,0,1344.4911892414093,2047.4849450588226,7.8267193794250485,1344.4911892414093,completed
2697.961831,40,301.269245,1.0,True,40,0,0,918.7902398109436,1297.470643043518,12.606828975677491,918.7902398109436,completed
3975.09932,40,301.324247,1.0,True,40,0,0,858.2594542503357,1112.3034319877625,2.455140399932861,858.2594542503357,completed
2529.978401,40,301.378135,1.0,True,40,0,0,1132.0234909057617,1673.922474861145,8.556159782409669,1132.0234909057617,completed
3297.961695,40,301.432746,1.0,True,40,0,0,1046.5943126678467,1290.880925655365,5.176408743858337,1046.5943126678467,completed
3237.521671,40,301.4872,1.0,True,40,0,0,961.3007674217224,1353.4529428482056,6.336245393753051,961.3007674217224,completed
4231.263652,40,301.540912,1.0,True,40,0,0,783.8628830909729,1013.0479183197021,1.1758238554000855,783.8628830909729,completed
2611.451761,40,301.594729,1.0,True,40,0,0,1022.2388544678688,1435.7892686128616,11.63545913696289,1022.2388544678688,completed
4064.865431,40,301.648965,1.0,True,40,0,0,858.5512495040894,1094.9454259872437,1.5695481300354004,858.5512495040894,completed
3479.658896,40,301.703461,1.0,True,40,0,0,999.3802719116211,1241.6344594955444,4.561437940597534,999.3802719116211,completed
3642.072514,40,301.757288,1.0,True,40,0,0,821.9837143421173,1100.1845259666443,6.1191784858703615,821.9837143421173,completed
3715.533587,40,301.811092,1.0,True,40,0,0,752.251060962677,1055.3062133789062,5.4034867763519285,752.251060962677,completed
4165.927446,40,301.865249,1.0,True,40,0,0,708.7569732666016,888.8659453392029,3.325822877883911,708.7569732666016,completed
4092.973423,40,301.919204,1.0,True,40,0,0,827.2593568563461,1022.1668899059296,1.828592300415039,827.2593568563461,completed
655.597873,40,301.977127,1.0,True,40,0,0,1225.3335130214691,1953.7038741111755,25.25159697532654,1225.3335130214691,completed
2990.157702,40,302.032,1.0,True,40,0,0,1062.5992376804352,1625.7000966072083,5.23765811920166,1062.5992376804352,completed
3590.544474,40,302.085701,1.0,True,40,0,0,892.8183486461639,1131.643220424652,5.486962175369262,892.8183486461639,completed
4078.313147,40,302.139403,1.0,True,40,0,0,807.75355219841,1082.9122819900513,1.6353901386260987,807.75355219841,completed
2294.831466,40,302.193632,1.0,True,40,0,0,1129.9014565944672,1787.4304780960083,10.263176679611206,1129.9014565944672,completed
2937.833862,40,302.247596,1.0,True,40,0,0,1026.7903180122375,1254.233151435852,10.017943501472473,1026.7903180122375,completed
3713.267614,40,302.301754,1.0,True,40,0,0,997.1432031393051,1244.4915974140167,2.8688213348388674,997.1432031393051,completed
3719.419666,40,302.356904,1.0,True,40,0,0,911.3646146059036,1072.1352512836456,5.180159854888916,911.3646146059036,completed
3427.679671,40,302.410597,1.0,True,40,0,0,1048.4703378677368,1265.8726778030396,4.822227263450623,1048.4703378677368,completed
3456.769814,40,302.463373,1.0,True,40,0,0,848.7971909046173,1196.1610174179077,6.602184402942657,848.7971909046173,completed
3150.984636,40,302.517586,1.0,True,40,0,0,960.7679166793823,1230.7587060928345,8.79650046825409,960.7679166793823,completed
3874.757471,40,302.571111,1.0,True,40,0,0,848.7060647010803,999.947169303894,4.700962543487549,848.7060647010803,completed
2863.495588,40,302.623783,1.0,True,40,0,0,1016.5595307350159,1448.8970551490784,9.597274160385131,1016.5595307350159,completed
3312.827035,40,302.676546,1.0,True,40,0,0,1078.3653299808502,1581.3629155158997,2.320682001113892,1078.3653299808502,completed
3499.433421,40,302.729547,1.0,True,40,0,0,904.1062276363373,1159.8438715934753,5.528432297706604,904.1062276363373,completed
3545.311668,40,302.782502,1.0,True,40,0,0,904.4160592556,1104.2270731925964,6.3423614501953125,904.4160592556,completed
3059.152974,40,302.834879,1.0,True,40,0,0,1015.0859878659248,1412.5769964456558,7.662009215354919,1015.0859878659248,completed
3760.181834,40,302.889379,1.0,True,40,0,0,835.6175451278687,1057.0328097343445,5.133894348144532,835.6175451278687,completed
3493.060002,40,302.947396,1.0,True,40,0,0,819.6014575958252,1108.4243297576904,6.636404514312744,819.6014575958252,completed
3492.769562,40,303.00014,1.0,True,40,0,0,815.8850600719452,1065.0289273262024,7.889594769477844,815.8850600719452,completed
2819.825192,40,303.052988,1.0,True,40,0,0,971.829155921936,1324.1215810775757,10.944294691085815,971.829155921936,completed
2466.326228,40,304.281637,1.0,True,40,0,0,1010.0156251192093,1422.6286270618439,14.034661340713502,1010.0156251192093,completed
1924.716788,40,304.33785,1.0,True,40,0,0,1024.0822234153748,1530.5357627868652,17.965556740760803,1024.0822234153748,completed
2690.098361,40,304.3935,1.0,True,40,0,0,1077.5570211410522,1556.8211731910706,9.198301696777344,1077.5570211410522,completed
3467.23489,40,304.449807,1.0,True,40,0,0,858.9151048660278,1146.1546020507812,6.7705748081207275,858.9151048660278,completed
2627.014919,40,304.507568,1.0,True,40,0,0,1056.39652967453,1447.6470289230347,11.021692895889283,1056.39652967453,completed
3115.124127,40,304.563332,1.0,True,40,0,0,1054.4421372413635,1528.7005062103271,4.445500421524048,1054.4421372413635,completed
2775.451325,40,304.619514,1.0,True,40,0,0,964.8384239673615,1309.7422394752502,11.4366144657135,964.8384239673615,completed
2216.975895,40,304.675531,1.0,True,40,0,0,1134.8752365112305,1686.6798973083496,12.58438844680786,1134.8752365112305,completed
3368.554629,40,304.731579,1.0,True,40,0,0,900.5147964954376,1203.1787362098694,6.595498538017273,900.5147964954376,completed
3509.785574,40,304.787785,1.0,True,40,0,0,917.0674786567688,1146.117998123169,5.8030517578125,917.0674786567688,completed
2822.42173,40,304.852064,1.0,True,40,0,0,1071.3762440681458,1631.486086845398,6.876472854614258,1071.3762440681458,completed
3507.190529,40,304.910867,1.0,True,40,0,0,916.6518392562866,1280.0410742759705,4.3096648216247555,916.6518392562866,completed
2428.585128,40,304.966665,1.0,True,40,0,0,1080.8141345977783,1510.0504369735718,12.148386383056641,1080.8141345977783,completed
3749.584726,40,305.021892,1.0,True,40,0,0,816.7980959415436,1110.5932841300964,4.67104754447937,816.7980959415436,completed
2091.25144,40,305.077335,1.0,True,40,0,0,1155.7119755744934,1656.3280363082886,12.229506683349609,1155.7119755744934,completed
3917.470368,40,305.133871,1.0,True,40,0,0,819.7809636592865,1030.6805946826935,3.9614049911499025,819.7809636592865,completed
3776.825721,40,305.188887,1.0,True,40,0,0,840.7972373962402,1126.9166269302368,3.9260955810546876,840.7972373962402,completed
4159.448942,40,305.244324,1.0,True,40,0,0,800.735080242157,946.3772249221802,2.551188278198242,800.735080242157,completed
2755.638793,40,305.301252,1.0,True,40,0,0,989.5968574285507,1424.557127714157,9.919878149032593,989.5968574285507,completed
2735.638229,40,305.357031,1.0,True,40,0,0,1002.1140425205231,1270.867573261261,11.564237689971923,1002.1140425205231,completed
3549.807646,40,305.412542,1.0,True,40,0,0,933.7417597770691,1228.6447746753693,4.667975568771363,933.7417597770691,completed
3626.87247,40,305.467693,1.0,True,40,0,0,904.8327230215073,1103.5890910625458,5.953498697280883,904.8327230215073,completed
4650.345566,40,305.522103,1.0,True,40,0,0,676.0805659294128,789.4578366279602,0.13253092765808105,676.0805659294128,completed
3285.789505,40,305.57702,1.0,True,40,0,0,882.5284694433212,1268.535236120224,7.803808164596558,882.5284694433212,completed
3864.455412,40,305.632882,1.0,True,40,0,0,837.1822152137756,1015.6239547729492,4.700611352920532,837.1822152137756,completed
3137.518242,40,305.688785,1.0,True,40,0,0,920.6293771266937,1268.223768234253,9.063224828243255,920.6293771266937,completed
3741.019884,40,305.743645,1.0,True,40,0,0,771.1004400253296,1019.2622423171997,6.064142322540283,771.1004400253296,completed
2926.120007,40,305.799522,1.0,True,40,0,0,1011.6171945333481,1436.0372927188873,8.40335817337036,1011.6171945333481,completed
2491.443592,40,305.855184,1.0,True,40,0,0,1184.4629843235016,1752.691355228424,8.186476588249207,1184.4629843235016,completed
3487.339914,40,305.909438,1.0,True,40,0,0,948.0259793996811,1242.859301328659,5.458740830421448,948.0259793996811,completed
3735.478468,40,305.965036,1.0,True,40,0,0,861.9302670955658,1105.3499388694763,5.205980491638184,861.9302670955658,completed
2614.112127,40,306.020669,1.0,True,40,0,0,987.5617520809174,1400.1702666282654,12.977044105529785,987.5617520809174,completed
3652.458359,40,306.075569,1.0,True,40,0,0,848.6026275157928,1138.9219861030579,5.569573497772216,848.6026275157928,completed
2879.756561,40,306.13068,1.0,True,40,0,0,897.2266583442688,1218.243489265442,11.58549506664276,897.2266583442688,completed
2624.453924,40,306.186468,1.0,True,40,0,0,1141.0496010780334,1653.2988395690918,8.528594899177552,1141.0496010780334,completed
2275.692739,40,306.242541,1.0,True,40,0,0,1061.702208995819,1542.5377321243286,13.756180381774902,1061.702208995819,completed
1805.636048,40,306.298212,1.0,True,40,0,0,1088.968876838684,1686.1483240127563,17.45274336338043,1088.968876838684,completed
4278.027318,40,306.354665,1.0,True,40,0,0,811.8376293182373,959.4937229156494,1.117837619781494,811.8376293182373,completed
3970.234442,40,306.410691,1.0,True,40,0,0,886.4610443115234,1115.435375213623,1.9488752365112305,886.4610443115234,completed
3368.24288,40,306.465784,1.0,True,40,0,0,934.7963371276855,1268.4520854949951,5.1322752952575685,934.7963371276855,completed
3267.979293,40,306.52198,1.0,True,40,0,0,960.0765585899353,1384.7691950798035,5.221608209609985,960.0765585899353,completed
3079.692013,40,306.577381,1.0,True,40,0,0,902.5760807991028,1355.9562530517578,8.090130758285522,902.5760807991028,completed
2520.670392,40,306.63277,1.0,True,40,0,0,1047.1963925361633,1445.3017015457153,11.202248764038085,1047.1963925361633,completed
3296.565768,40,306.687548,1.0,True,40,0,0,940.6931881904602,1268.666660308838,7.231062412261963,940.6931881904602,completed
2092.464678,40,306.743144,1.0,True,40,0,0,1048.7973470687866,1512.9875717163086,15.61213231086731,1048.7973470687866,completed
3533.540331,40,306.798038,1.0,True,40,0,0,936.3953242301941,1296.9693479537964,4.22445240020752,936.3953242301941,completed
3089.357701,40,306.852461,1.0,True,40,0,0,981.2340421676636,1223.1010556221008,8.893633902072906,981.2340421676636,completed
4064.492198,40,306.908871,1.0,True,40,0,0,873.2137181758881,1127.793161869049,1.012588667869568,873.2137181758881,completed
3673.967369,40,306.975753,1.0,True,40,0,0,875.5075783729553,1152.9803562164307,3.968121147155762,875.5075783729553,completed
2717.60371,40,307.035771,1.0,True,40,0,0,980.4191761612892,1359.9725037813187,11.977187871932983,980.4191761612892,completed
1796.28425,40,307.095875,1.0,True,40,0,0,1099.3181400299072,1680.8862352371216,16.62687509059906,1099.3181400299072,completed
3732.910408,40,308.432246,1.0,True,40,0,0,848.354453086853,1210.496295928955,3.26913743019104,848.354453086853,completed
2430.675607,40,308.489332,1.0,True,40,0,0,1088.2144446372986,1610.9265356063843,11.617206716537476,1088.2144446372986,completed
3146.202391,40,308.545922,1.0,True,40,0,0,1066.3499059677124,1361.9166345596313,6.573492097854614,1066.3499059677124,completed
1991.432916,40,308.602355,1.0,True,40,0,0,1122.597128868103,1619.3730182647705,16.108731079101563,1122.597128868103,completed
3364.986183,40,308.657454,1.0,True,40,0,0,945.7715108394623,1362.0422778129578,5.6788050651550295,945.7715108394623,completed
2934.659049,40,308.712463,1.0,True,40,0,0,1058.6261724233627,1406.7117822170258,8.972278594970703,1058.6261724233627,completed
3542.177669,40,308.771422,1.0,True,40,0,0,959.3694062232971,1158.7908730506897,5.531634092330933,959.3694062232971,completed
3872.829774,40,308.828984,1.0,True,40,0,0,881.752453327179,1144.8706321716309,2.4845132350921633,881.752453327179,completed
2746.647439,40,308.88458,1.0,True,40,0,0,1011.6767234802246,1332.2910861968994,11.760329151153565,1011.6767234802246,completed
4152.452392,40,308.940949,1.0,True,40,0,0,776.9945139884949,1009.7517852783203,1.6327991962432862,776.9945139884949,completed
2528.96945,40,309.008876,1.0,True,40,0,0,1016.9152541160583,1437.726655960083,12.367275953292847,1016.9152541160583,completed
3599.788764,40,309.080726,1.0,True,40,0,0,911.9211804866791,1359.942563533783,3.026521348953247,911.9211804866791,completed
3109.867224,40,309.141418,1.0,True,40,0,0,942.000785112381,1192.029851436615,9.983743357658387,942.000785112381,completed
3239.895408,40,309.196745,1.0,True,40,0,0,952.6801929473877,1308.6736898422241,6.361942720413208,952.6801929473877,completed
3143.991516,40,309.253286,1.0,True,40,0,0,1078.1585516929626,1438.27193069458,6.40017786026001,1078.1585516929626,completed
3922.693817,40,309.309874,1.0,True,40,0,0,855.6642751693726,1097.360432624817,2.710139274597168,855.6642751693726,completed
3172.410478,40,309.366327,1.0,True,40,0,0,898.4048683643341,1243.9501399993896,7.565018081665039,898.4048683643341,completed
3335.829766,40,309.421251,1.0,True,40,0,0,861.2067658901215,1220.5650429725647,7.685307836532592,861.2067658901215,completed
2277.910076,40,309.480015,1.0,True,40,0,0,1134.8775256872177,1658.1096913814545,12.215534353256226,1134.8775256872177,completed
3940.160385,40,309.535993,1.0,True,40,0,0,875.8660840988159,1038.3868675231934,3.776180124282837,875.8660840988159,completed
3841.314338,40,309.592009,1.0,True,40,0,0,740.2167117595673,1011.6970562934875,5.146110916137696,740.2167117595673,completed
3687.672973,40,309.646756,1.0,True,40,0,0,901.3964152336121,1123.2257776260376,4.949260282516479,901.3964152336121,completed
3754.771071,40,309.701904,1.0,True,40,0,0,873.0676076412201,1049.4135580062866,4.712918138504028,873.0676076412201,completed
3061.186461,40,309.757644,1.0,True,40,0,0,946.7578602433205,1293.992804646492,9.779584217071534,946.7578602433205,completed
3250.292111,40,309.814157,1.0,True,40,0,0,915.8265171051025,1195.6517930030823,8.062437582015992,915.8265171051025,completed
3277.13886,40,309.869728,1.0,True,40,0,0,994.5751094818115,1303.4666204452515,6.591284894943238,994.5751094818115,completed
1646.372385,40,309.926225,1.0,True,40,0,0,1119.5802059173584,1595.2640237808228,18.901113319396973,1119.5802059173584,completed
3690.853175,40,310.000144,1.0,True,40,0,0,876.5141580104828,1128.36802816391,4.400418734550476,876.5141580104828,completed
3471.719157,40,310.086742,1.0,True,40,0,0,910.977810382843,1159.7019958496094,6.450274515151977,910.977810382843,completed
3722.752892,40,310.150038,1.0,True,40,0,0,799.4118750095367,1000.0437140464783,6.969398713111877,799.4118750095367,completed
3833.967859,40,310.223301,1.0,True,40,0,0,826.5138099193573,1031.3758563995361,4.632630157470703,826.5138099193573,completed
2627.948653,40,310.286425,1.0,True,40,0,0,1008.4127445220947,1380.4493436813354,11.981367778778075,1008.4127445220947,completed
2978.803613,40,310.345562,1.0,True,40,0,0,984.275155544281,1341.2286939620972,9.565996634960175,984.275155544281,completed
1713.020006,40,310.401624,1.0,True,40,0,0,1155.130982875824,1687.8805804252625,17.777909576892853,1155.130982875824,completed
3086.967319,40,310.457906,1.0,True,40,0,0,963.8973081111908,1252.1878657341003,9.903595542907714,963.8973081111908,completed
2389.523377,40,310.51836,1.0,True,40,0,0,1070.6302349567413,1465.9152026176453,13.007396984100343,1070.6302349567413,completed
3267.193539,40,310.574017,1.0,True,40,0,0,991.9638249874115,1255.9068264961243,6.4516332149505615,991.9638249874115,completed
3548.015376,40,310.629579,1.0,True,40,0,0,937.9257000684738,1229.3440330028534,4.649384593963623,937.9257000684738,completed
3385.623364,40,310.684655,1.0,True,40,0,0,930.0440726280212,1389.4027013778687,4.537590265274048,930.0440726280212,completed
2701.747839,40,310.742946,1.0,True,40,0,0,1082.1873617172241,1454.5104122161865,10.424728631973267,1082.1873617172241,completed
3534.224344,40,310.802215,1.0,True,40,0,0,875.2928206920624,1052.9783506393433,6.466547226905822,875.2928206920624,completed
3726.239941,40,310.859196,1.0,True,40,0,0,883.3867936134338,1064.6721277236938,4.782358026504516,883.3867936134338,completed
1887.502477,40,310.915022,1.0,True,40,0,0,1154.9491395950317,1728.039083480835,14.733563089370728,1154.9491395950317,completed
3686.545419,40,310.971294,1.0,True,40,0,0,842.0199286937714,1051.4959836006165,6.082463026046753,842.0199286937714,completed
3598.411518,40,311.032326,1.0,True,40,0,0,796.5141055583954,1067.643093585968,6.678407692909241,796.5141055583954,completed
1953.954756,40,311.087548,1.0,True,40,0,0,1219.330087184906,1706.2064247131348,14.345251560211182,1219.330087184906,completed
4206.895203,40,311.143965,1.0,True,40,0,0,767.0513682365417,990.4763326644897,1.6043751239776611,767.0513682365417,completed
3658.447469,40,311.199751,1.0,True,40,0,0,920.240795314312,1097.4335025548935,5.527890014648437,920.240795314312,completed
3496.161503,40,311.259305,1.0,True,40,0,0,870.5006376504898,1094.7931463718414,6.403320670127869,870.5006376504898,completed
3342.849591,40,311.315749,1.0,True,40,0,0,943.6503899097443,1410.346239566803,4.99474139213562,943.6503899097443,completed
3417.547575,40,311.371977,1.0,True,40,0,0,868.6613022089005,1134.4354646205902,8.10470790863037,868.6613022089005,completed
1953.965888,40,312.64349,1.0,True,40,0,0,1295.7989892959595,1901.740490913391,11.39550223350525,1295.7989892959595,completed
3189.397194,40,312.695582,1.0,True,40,0,0,964.2162873744965,1317.8825697898865,7.405027580261231,964.2162873744965,completed
2680.468214,40,312.747334,1.0,True,40,0,0,1073.0840272903442,1390.6201167106628,10.699990510940552,1073.0840272903442,completed
3758.375382,40,312.798597,1.0,True,40,0,0,823.3962001800537,1093.4447679519653,5.372470664978027,823.3962001800537,completed
3498.199639,40,312.850243,1.0,True,40,0,0,960.1841831207275,1332.6829624176025,3.996732401847839,960.1841831207275,completed
2858.732777,40,312.902775,1.0,True,40,0,0,1006.532829284668,1373.1284909248352,10.461327314376831,1006.532829284668,completed
4460.750472,40,312.959313,1.0,True,40,0,0,682.8136126995087,806.0552155971527,1.598757791519165,682.8136126995087,completed
2367.883404,40,313.011266,1.0,True,40,0,0,1162.237378835678,1544.1012043952942,12.453285551071167,1162.237378835678,completed
3603.975605,40,313.062441,1.0,True,40,0,0,908.0473725795746,1211.5936098098755,4.7305375099182125,908.0473725795746,completed
2122.091971,40,313.113901,1.0,True,40,0,0,1164.1346156597137,1742.8516726493835,12.778630244731904,1164.1346156597137,completed
3099.424323,40,313.165367,1.0,True,40,0,0,993.9298622608185,1398.92844247818,7.504955911636353,993.9298622608185,completed
3025.187914,40,313.216912,1.0,True,40,0,0,962.3614476919174,1367.9614465236664,8.157970333099366,962.3614476919174,completed
3848.961181,40,313.269279,1.0,True,40,0,0,865.7767791748047,1142.9544110298157,2.9290362358093263,865.7767791748047,completed
2916.377419,40,313.320603,1.0,True,40,0,0,1044.425211906433,1334.3485164642334,9.989801073074341,1044.425211906433,completed
3409.695989,40,313.372187,1.0,True,40,0,0,951.7042798995972,1159.0223302841187,6.6169610023498535,951.7042798995972,completed
4030.388842,40,313.42407,1.0,True,40,0,0,764.6912965774536,1094.99893283844,2.078719425201416,764.6912965774536,completed
4308.527224,40,313.475251,1.0,True,40,0,0,662.6811065673828,889.8247051239014,2.500711703300476,662.6811065673828,completed
3310.223212,40,313.527522,1.0,True,40,0,0,943.4639216661453,1341.6652529239655,6.035833215713501,943.4639216661453,completed
2361.197851,40,313.579199,1.0,True,40,0,0,1105.0737934112549,1432.7553758621216,12.934086990356445,1105.0737934112549,completed
4278.036222,40,313.631036,1.0,True,40,0,0,717.122207403183,871.5411195755005,2.412440276145935,717.122207403183,completed
3561.87856,40,313.682356,1.0,True,40,0,0,862.5872116088867,1282.03728723526,4.31660121679306,862.5872116088867,completed
3611.643796,40,313.733845,1.0,True,40,0,0,791.3107919692993,1023.3876037597656,7.160542058944702,791.3107919692993,completed
3496.711314,40,313.785345,1.0,True,40,0,0,916.9169952869415,1186.76691198349,6.0336860656738285,916.9169952869415,completed
3723.511021,40,313.836573,1.0,True,40,0,0,875.8588435649872,1228.4182028770447,3.2464206218719482,875.8588435649872,completed
4072.947624,40,313.887598,1.0,True,40,0,0,762.7830475568771,995.4784028530121,2.616953802108765,762.7830475568771,completed
2988.926234,40,313.93898,1.0,True,40,0,0,1132.5448818206787,1488.7579627037048,6.611413478851318,1132.5448818206787,completed
2265.670055,40,313.990318,1.0,True,40,0,0,1007.4023094177246,1402.4585676193237,15.589801692962647,1007.4023094177246,completed
3493.983253,40,314.041638,1.0,True,40,0,0,848.8205647468567,1148.3694295883179,7.106475448608398,848.8205647468567,completed
3917.864606,40,314.093038,1.0,True,40,0,0,869.0627846717834,1010.4872946739197,3.5520212411880494,869.0627846717834,completed
2692.072611,40,314.145097,1.0,True,40,0,0,1118.9654235839844,1765.5584120750427,6.305423521995545,1118.9654235839844,completed
2674.21643,40,314.196858,1.0,True,40,0,0,1027.122389793396,1575.7475128173828,9.514848399162293,1027.122389793396,completed
2796.868713,40,314.248254,1.0,True,40,0,0,930.081862449646,1342.9669561386108,11.910231471061707,930.081862449646,completed
3778.542322,40,314.300434,1.0,True,40,0,0,778.1840031147003,1035.8772368431091,5.626028943061828,778.1840031147003,completed
3775.403827,40,314.351766,1.0,True,40,0,0,894.1393384933472,1107.2086143493652,4.752288675308227,894.1393384933472,completed
3661.25768,40,314.402972,1.0,True,40,0,0,794.2255799770355,1119.714792728424,5.819008755683899,794.2255799770355,completed
2749.286799,40,314.456254,1.0,True,40,0,0,1007.3278698921204,1403.815224647522,10.463996648788452,1007.3278698921204,completed
2333.93017,40,314.507725,1.0,True,40,0,0,921.0813646316528,1328.8000192642212,16.396762371063232,921.0813646316528,completed
3573.424271,40,314.559196,1.0,True,40,0,0,904.7542591094971,1112.030249118805,6.193623745441437,904.7542591094971,completed
1737.250047,40,314.610452,1.0,True,40,0,0,1120.155114889145,1700.4830145835876,16.93906960487366,1120.155114889145,completed
3572.847455,40,314.662021,1.0,True,40,0,0,899.511721611023,1144.5465240478516,6.10555419921875,899.511721611023,completed
3870.851844,40,314.713396,1.0,True,40,0,0,794.3211405277252,1045.3702898025513,4.533101916313171,794.3211405277252,completed
3667.347543,40,314.765343,1.0,True,40,0,0,829.4160995483398,1040.9919786453247,5.623895263671875,829.4160995483398,completed
3327.759427,40,314.817153,1.0,True,40,0,0,910.2926251888275,1246.904025554657,7.055882120132447,910.2926251888275,completed
1570.588963,40,314.868297,1.0,True,40,0,0,1231.3644738197327,1733.6313729286194,17.732473027706146,1231.3644738197327,completed
3497.446652,40,314.919703,1.0,True,40,0,0,924.835789680481,1245.3154544830322,5.160060930252075,924.835789680481,completed
2059.080005,40,314.97111,1.0,True,40,0,0,1107.9267310500145,1610.9534949064255,15.176438903808593,1107.9267310500145,completed
3704.097863,40,315.023141,1.0,True,40,0,0,818.6428032517433,1102.1175042390823,5.3423400044441225,818.6428032517433,completed
2052.799268,40,315.07521,1.0,True,40,0,0,1079.0959377288818,1556.7759160995483,16.216120767593384,1079.0959377288818,completed
2406.724294,40,315.126523,1.0,True,40,0,0,1209.4859709739685,1642.960428237915,9.629095649719238,1209.4859709739685,completed
2687.770585,40,315.178048,1.0,True,40,0,0,1005.9611144065857,1482.336853981018,10.788527584075927,1005.9611144065857,completed
3606.863034,40,315.229814,1.0,True,40,0,0,1002.6171972751617,1420.1391711235046,1.7426694869995116,1002.6171972751617,completed
2770.336358,40,316.482081,1.0,True,40,0,0,998.5289635658264,1365.1422128677368,10.798622870445252,998.5289635658264,completed
2814.27948,40,316.537237,1.0,True,40,0,0,925.7321543693542,1481.1224298477173,9.200581932067871,925.7321543693542,completed
3313.765157,40,316.591538,1.0,True,40,0,0,865.5753996372223,1181.0226168632507,8.784559059143067,865.5753996372223,completed
3491.396194,40,316.645411,1.0,True,40,0,0,846.9667882919312,1093.3722171783447,7.596428680419922,846.9667882919312,completed
3822.877909,40,316.699337,1.0,True,40,0,0,913.5037426948547,1127.0706014633179,3.115527296066284,913.5037426948547,completed
2800.934632,40,316.75407,1.0,True,40,0,0,1089.7748457491398,1540.7723501324654,8.254385948181152,1089.7748457491398,completed
3677.728707,40,316.807012,1.0,True,40,0,0,863.9610631465912,1156.027820110321,4.590800666809082,863.9610631465912,completed
3482.216025,40,316.860805,1.0,True,40,0,0,975.434717476368,1361.161361336708,3.378070592880249,975.434717476368,completed
4040.058228,40,316.914047,1.0,True,40,0,0,808.5934782028198,957.8680200576782,3.514135789871216,808.5934782028198,completed
3974.89563,40,316.969202,1.0,True,40,0,0,860.1632447242737,1083.4049820899963,2.8407617807388306,860.1632447242737,completed
2625.468996,40,317.024871,1.0,True,40,0,0,1058.2313346862793,1550.280797958374,9.303541564941407,1058.2313346862793,completed
3229.828201,40,317.078877,1.0,True,40,0,0,925.165918469429,1273.5356361865997,7.4897881031036375,925.165918469429,completed
4373.497517,40,317.132653,1.0,True,40,0,0,813.5450704097748,950.8590540885925,0.3428810119628906,813.5450704097748,completed
2770.902268,40,317.185373,1.0,True,40,0,0,944.374632358551,1336.6862926483154,11.901475381851196,944.374632358551,completed
3725.444895,40,317.238707,1.0,True,40,0,0,921.46568775177,1305.880202293396,2.4400933742523194,921.46568775177,completed
3361.770399,40,317.292186,1.0,True,40,0,0,889.3588621616364,1235.4457330703735,7.25779972076416,889.3588621616364,completed
3233.963104,40,317.345925,1.0,True,40,0,0,976.4921913146973,1266.6524138450623,6.835299074649811,976.4921913146973,completed
3575.191954,40,317.400344,1.0,True,40,0,0,884.2565176486969,1221.429165840149,5.133525657653808,884.2565176486969,completed
1960.170828,40,317.454273,1.0,True,40,0,0,1109.4007315635681,1672.8964886665344,15.237532448768615,1109.4007315635681,completed
3821.916338,40,317.508343,1.0,True,40,0,0,920.2986395359039,1168.4076871871948,3.1332002758979796,920.2986395359039,completed
3293.75205,40,317.565109,1.0,True,40,0,0,898.1597094535828,1353.7798871994019,6.7274281024932865,898.1597094535828,completed
1388.859959,40,317.620201,1.0,True,40,0,0,1343.3150327205658,1876.5390877723694,16.88697531223297,1343.3150327205658,completed
3459.687964,40,317.673411,1.0,True,40,0,0,825.9285025596619,1070.5761618614197,7.839014458656311,825.9285025596619,completed
3796.828206,40,317.727116,1.0,True,40,0,0,771.7078523635864,1001.275143623352,5.296805310249328,771.7078523635864,completed
2523.261793,40,317.782421,1.0,True,40,0,0,1107.6269166469574,1532.3663420677185,10.456988513469696,1107.6269166469574,completed
4590.945845,40,317.837515,1.0,True,40,0,0,734.8093136548996,804.999856710434,0.22085905075073242,734.8093136548996,completed
3814.884763,40,317.893504,1.0,True,40,0,0,813.205788910389,1119.0090547800064,4.391022539138794,813.205788910389,completed
2556.835842,40,317.954127,1.0,True,40,0,0,1005.388548374176,1553.154995918274,10.518256664276123,1005.388548374176,completed
2091.379743,40,318.012196,1.0,True,40,0,0,1216.7182655334473,1614.1047630310059,13.600925731658936,1216.7182655334473,completed
4115.779785,40,318.069632,1.0,True,40,0,0,800.0112483501434,1043.5744371414185,1.1410198092460633,800.0112483501434,completed
3286.565766,40,318.123891,1.0,True,40,0,0,1019.3231244087219,1252.1119904518127,6.681464624404907,1019.3231244087219,completed
3467.089888,40,318.176822,1.0,True,40,0,0,943.2128105163574,1261.604591369629,4.865217185020446,943.2128105163574,completed
2935.611211,40,318.231226,1.0,True,40,0,0,984.9657144546509,1291.0182514190674,10.791116046905518,984.9657144546509,completed
3474.189947,40,318.285475,1.0,True,40,0,0,920.0297994613647,1279.8093433380127,5.0125236988067625,920.0297994613647,completed
2494.064199,40,318.34021,1.0,True,40,0,0,1046.9535100460052,1513.196605682373,11.540592861175536,1046.9535100460052,completed
3431.687366,40,318.393479,1.0,True,40,0,0,908.4813077449799,1136.1146140098572,7.293722176551819,908.4813077449799,completed
2689.286457,40,318.446775,1.0,True,40,0,0,904.7286033630371,1314.5004773139954,12.586573195457458,904.7286033630371,completed
2117.366805,40,318.502079,1.0,True,40,0,0,1177.3290843963623,1702.4342765808105,12.044475507736205,1177.3290843963623,completed
2941.128222,40,318.558463,1.0,True,40,0,0,845.7949652671814,1245.6528615951538,11.764708137512207,845.7949652671814,completed
2379.247359,40,318.61294,1.0,True,40,0,0,1089.2261743545532,1630.0804920196533,12.30160493850708,1089.2261743545532,completed
3950.762229,40,318.66694,1.0,True,40,0,0,842.8822755813599,1225.7478313446045,1.3148223876953125,842.8822755813599,completed
3473.8789,40,318.720299,1.0,True,40,0,0,928.1037454605103,1213.352403640747,6.182140111923218,928.1037454605103,completed
3289.256273,40,318.776747,1.0,True,40,0,0,910.3526210784912,1220.8059396743774,7.895570254325866,910.3526210784912,completed
3009.653299,40,318.830623,1.0,True,40,0,0,929.6353571414948,1321.2994313240051,9.239201402664184,929.6353571414948,completed
2536.197555,40,318.884284,1.0,True,40,0,0,1149.8908777236938,1681.1500310897827,8.245036053657532,1149.8908777236938,completed
2439.765036,40,318.938213,1.0,True,40,0,0,1219.3157706260681,1837.6335258483887,7.403107786178589,1219.3157706260681,completed
3339.612953,40,318.992782,1.0,True,40,0,0,912.7156488895416,1193.4772610664368,7.6241583824157715,912.7156488895416,completed
3619.107868,40,319.048747,1.0,True,40,0,0,814.651992559433,1139.7211518287659,5.917595863342285,814.651992559433,completed
2502.028321,40,319.102776,1.0,True,40,0,0,1001.7363243103027,1493.4515953063965,12.051664113998413,1001.7363243103027,completed
3607.329522,40,319.155941,1.0,True,40,0,0,855.0506749153137,1129.6797471046448,5.899904394149781,855.0506749153137,completed
3671.416245,40,319.210476,1.0,True,40,0,0,828.0005528926849,1250.5383706092834,3.639890193939209,828.0005528926849,completed
4002.5876,40,320.451115,1.0,True,40,0,0,855.1045227050781,948.6543798446655,4.07287335395813,855.1045227050781,completed
3306.922505,40,320.506838,1.0,True,40,0,0,969.093717455864,1235.2103970050812,6.411122846603393,969.093717455864,completed
3987.343747,40,320.562379,1.0,True,40,0,0,809.0451962947845,999.516683101654,3.597009801864624,809.0451962947845,completed
3487.708576,40,320.618356,1.0,True,40,0,0,906.5033950805664,1267.9653873443604,5.107843255996704,906.5033950805664,completed
4117.968267,40,320.673882,1.0,True,40,0,0,804.1827501058578,1018.5368793010712,2.051643943786621,804.1827501058578,completed
4262.841358,40,320.729829,1.0,True,40,0,0,794.859212398529,918.2117710113525,1.6901270866394043,794.859212398529,completed
3100.084431,40,320.785457,1.0,True,40,0,0,911.838963508606,1278.4156122207642,8.83193771839142,911.838963508606,completed
3727.96033,40,320.844775,1.0,True,40,0,0,842.4889159202576,1103.0822563171387,5.164447975158692,842.4889159202576,completed
3179.302794,40,320.900676,1.0,True,40,0,0,895.9524147510529,1233.6215605735779,9.514275503158569,895.9524147510529,completed
3492.662784,40,320.956301,1.0,True,40,0,0,1017.2613599300385,1251.3240694999695,4.756549048423767,1017.2613599300385,completed
3477.671927,40,321.01191,1.0,True,40,0,0,881.7267751693726,1194.9947290420532,6.73497257232666,881.7267751693726,completed
3177.650731,40,321.066952,1.0,True,40,0,0,1005.4614911079407,1430.7392139434814,5.378240489959717,1005.4614911079407,completed
3962.990503,40,321.125222,1.0,True,40,0,0,847.6528856754303,1061.4019665718079,2.4484450340271,847.6528856754303,completed
3491.876845,40,321.182218,1.0,True,40,0,0,810.5272624492645,1119.2060360908508,7.196001970767975,810.5272624492645,completed
2964.457409,40,321.238373,1.0,True,40,0,0,993.4921758174896,1291.6062712669373,9.421004843711852,993.4921758174896,completed
3360.928494,40,321.294432,1.0,True,40,0,0,996.7572898864746,1278.9652738571167,5.239441633224487,996.7572898864746,completed
3035.22294,40,321.351581,1.0,True,40,0,0,1012.8284722566605,1295.2392175197601,9.278960466384888,1012.8284722566605,completed
4175.900083,40,321.407208,1.0,True,40,0,0,766.4640302658081,952.7785167694092,2.5145641326904298,766.4640302658081,completed
3138.10572,40,321.464288,1.0,True,40,0,0,986.3236000537872,1298.2306385040283,7.213080215454101,986.3236000537872,completed
2743.603298,40,321.519938,1.0,True,40,0,0,1121.735429763794,1478.4033432006836,8.963897085189819,1121.735429763794,completed
3228.584075,40,321.575911,1.0,True,40,0,0,1051.536943435669,1276.5605373382568,6.828464603424072,1051.536943435669,completed
3405.418694,40,321.631826,1.0,True,40,0,0,974.7143152952194,1406.2287871837616,4.036263132095337,974.7143152952194,completed
4270.529959,40,321.687365,1.0,True,40,0,0,805.1457669734955,1020.3628098964691,0.4247936248779297,805.1457669734955,completed
2582.108617,40,321.743292,1.0,True,40,0,0,1147.8788039684296,1851.6761672496796,6.2790039539337155,1147.8788039684296,completed
3272.499579,40,321.801652,1.0,True,40,0,0,957.2893900871277,1199.200361251831,7.425079870223999,957.2893900871277,completed
2983.072389,40,321.858304,1.0,True,40,0,0,990.3773424625397,1340.493926525116,8.539473581314088,990.3773424625397,completed
3984.017056,40,321.915256,1.0,True,40,0,0,810.8887183666229,1065.8571050167084,3.025086212158203,810.8887183666229,completed
3065.178991,40,321.971463,1.0,True,40,0,0,956.3889034092426,1291.492257654667,9.066827297210693,956.3889034092426,completed
3395.138028,40,322.02778,1.0,True,40,0,0,857.3592281341553,1206.6254119873047,6.8519810199737545,857.3592281341553,completed
3286.391724,40,322.083892,1.0,True,40,0,0,909.792243719101,1301.467363834381,6.82648537158966,909.792243719101,completed
2830.30722,40,322.137738,1.0,True,40,0,0,1042.1268100738525,1507.0953187942505,7.770148038864136,1042.1268100738525,completed
3553.085164,40,322.193363,1.0,True,40,0,0,936.0383989810944,1288.7202110290527,3.783744549751282,936.0383989810944,completed
2228.527551,40,322.249562,1.0,True,40,0,0,1348.884596824646,1847.3756456375122,8.937856006622315,1348.884596824646,completed
2424.632663,40,322.305913,1.0,True,40,0,0,990.454931974411,1383.6828589439392,14.925540411472321,990.454931974411,completed
4031.922718,40,322.363276,1.0,True,40,0,0,755.1723670959473,973.9487199783325,3.1703783750534056,755.1723670959473,completed
3475.49304,40,322.419371,1.0,True,40,0,0,851.7728396654129,1106.5963814258575,7.889840459823608,851.7728396654129,completed
3308.11378,40,322.474298,1.0,True,40,0,0,994.3610701560974,1270.6769676208496,6.656561422348022,994.3610701560974,completed
3266.607671,40,322.530074,1.0,True,40,0,0,992.0923895835876,1183.9043865203857,8.698025870323182,992.0923895835876,completed
3242.132406,40,322.585818,1.0,True,40,0,0,1013.388623714447,1505.4230360984802,4.110863494873047,1013.388623714447,completed
3222.501497,40,322.641505,1.0,True,40,0,0,939.1315298080444,1370.7015647888184,5.203098297119141,939.1315298080444,completed
3378.21034,40,322.697854,1.0,True,40,0,0,908.838086605072,1236.3754615783691,7.5184225082397464,908.838086605072,completed
1415.963168,40,322.753996,1.0,True,40,0,0,1164.8813819885254,1959.4208850860596,17.371812868118287,1164.8813819885254,completed
3011.030843,40,322.813067,1.0,True,40,0,0,1042.6740889549255,1401.512939453125,7.583755874633789,1042.6740889549255,completed
4174.9006,40,322.869539,1.0,True,40,0,0,818.020040512085,1149.827470779419,0.05596446990966797,818.020040512085,completed
3618.04298,40,322.928587,1.0,True,40,0,0,817.5338699817657,1087.5373749732971,5.689319813251496,817.5338699817657,completed
3276.386794,40,322.98764,1.0,True,40,0,0,820.6890077590942,1195.4409465789795,9.077684497833252,820.6890077590942,completed
3869.487884,40,323.044797,1.0,True,40,0,0,834.679491519928,1045.141420841217,4.250610733032227,834.679491519928,completed
2851.388239,40,323.100387,1.0,True,40,0,0,1094.5294733047485,1439.2641377449036,8.67129406929016,1094.5294733047485,completed
3817.8794,40,323.156996,1.0,True,40,0,0,903.8356475830078,1189.8243803977966,2.3876549124717714,903.8356475830078,completed
3200.597167,40,323.212902,1.0,True,40,0,0,872.8498876094818,1311.3161149024963,7.415564680099488,872.8498876094818,completed
4374.329321,40,323.268113,1.0,True,40,0,0,794.5032444000244,958.8276929855347,0.36572837829589844,794.5032444000244,completed
2892.908787,40,323.324373,1.0,True,40,0,0,1086.708822131157,1696.390819311142,5.300450229644776,1086.708822131157,completed
4085.917126,40,324.563332,1.0,True,40,0,0,738.3968989849091,883.5713365077972,4.488953310251236,738.3968989849091,completed
3133.301142,40,324.620335,1.0,True,40,0,0,916.8559737205505,1279.936237335205,8.358192658424377,916.8559737205505,completed
3609.93868,40,324.67427,1.0,True,40,0,0,860.6465071439743,1199.5636203289032,4.239417916536331,860.6465071439743,completed
4129.806307,40,324.728019,1.0,True,40,0,0,771.579644203186,966.041654586792,2.8700010776519775,771.579644203186,completed
3290.285017,40,324.782269,1.0,True,40,0,0,963.5671663284302,1188.863989830017,6.985303676128387,963.5671663284302,completed
2514.309454,40,324.838729,1.0,True,40,0,0,1068.07177734375,1518.4039363861084,10.745039367675782,1068.07177734375,completed
3463.856717,40,324.893733,1.0,True,40,0,0,896.1448502540588,1195.6030044555664,5.853663349151612,896.1448502540588,completed
2668.191852,40,324.948251,1.0,True,40,0,0,986.1879382133484,1456.6850872039795,10.909272360801697,986.1879382133484,completed
3955.686929,40,325.002757,1.0,True,40,0,0,779.8311932086945,1019.5079865455627,3.9369446277618407,779.8311932086945,completed
2402.284691,40,325.057599,1.0,True,40,0,0,1170.8435258865356,1715.5179691314697,9.601742839813232,1170.8435258865356,completed
2157.122312,40,325.112148,1.0,True,40,0,0,1120.6872653961182,1615.8279495239258,12.850682306289674,1120.6872653961182,completed
3510.960768,40,325.165389,1.0,True,40,0,0,893.0734066963196,1241.1054105758667,4.66224045753479,893.0734066963196,completed
2813.419409,40,325.219015,1.0,True,40,0,0,1040.5622407793999,1503.2833083868027,8.3578950881958,1040.5622407793999,completed
1824.469608,40,325.27242,1.0,True,40,0,0,1281.7777466773987,1766.932385444641,14.34797649383545,1281.7777466773987,completed
3379.646554,40,325.326972,1.0,True,40,0,0,944.3240566253662,1258.941017627716,5.986548662185669,944.3240566253662,completed
4453.366573,40,325.380598,1.0,True,40,0,0,733.4875168800354,800.2778534889221,1.7029409766197205,733.4875168800354,completed
3481.800177,40,325.434876,1.0,True,40,0,0,896.9862084388733,1189.7569403648376,5.703443288803101,896.9862084388733,completed
4345.175664,40,325.488727,1.0,True,40,0,0,771.4833662509918,839.491349697113,2.5436728954315186,771.4833662509918,completed
2850.780304,40,325.541343,1.0,True,40,0,0,1003.1346068382263,1345.905439376831,10.335536861419678,1003.1346068382263,completed
3927.246415,40,325.595769,1.0,True,40,0,0,795.3761782646179,1040.9933576583862,3.880439805984497,795.3761782646179,completed
1732.978006,40,325.650463,1.0,True,40,0,0,1151.267165184021,1610.9724941253662,18.302399396896362,1151.267165184021,completed
3412.363878,40,325.704805,1.0,True,40,0,0,921.199010848999,1266.6496467590332,5.332526302337646,921.199010848999,completed
3052.890115,40,325.758145,1.0,True,40,0,0,1010.9315135478973,1526.4876284599304,6.517682313919067,1010.9315135478973,completed
2907.068949,40,325.811082,1.0,True,40,0,0,1060.0483446121216,1447.6008822917938,8.119263422489166,1060.0483446121216,completed
3460.293979,40,325.864681,1.0,True,40,0,0,900.936660528183,1181.6979122161865,6.36595401763916,900.936660528183,completed
3193.346615,40,325.920146,1.0,True,40,0,0,1035.2935168743134,1470.1140866279602,4.729397249221802,1035.2935168743134,completed
2880.520654,40,325.979553,1.0,True,40,0,0,999.5940027236938,1436.4309225082397,8.74561161994934,999.5940027236938,completed
3384.781878,40,326.034019,1.0,True,40,0,0,942.5320384502411,1292.4199204444885,5.162962329387665,942.5320384502411,completed
2985.541244,40,326.088112,1.0,True,40,0,0,905.7591233253479,1278.742714881897,9.367328691482545,905.7591233253479,completed
3466.892952,40,326.143574,1.0,True,40,0,0,948.138402223587,1262.938000202179,5.437402582168579,948.138402223587,completed
4138.34004,40,326.197808,1.0,True,40,0,0,847.063102722168,1047.6121816635132,1.388108730316162,847.063102722168,completed
3975.500933,40,326.251938,1.0,True,40,0,0,791.9046688079834,1015.570460319519,3.0278594970703123,791.9046688079834,completed
3326.160787,40,326.305003,1.0,True,40,0,0,898.2457842826843,1198.1238598823547,7.211943709850312,898.2457842826843,completed
1361.721482,40,326.359166,1.0,True,40,0,0,1254.7829191684723,1960.2853798866272,17.363685607910156,1254.7829191684723,completed
3111.793141,40,326.411996,1.0,True,40,0,0,1012.8899281024933,1356.3515889644623,7.79357693195343,1012.8899281024933,completed
3178.25444,40,326.46562,1.0,True,40,0,0,957.4002771377563,1228.0918216705322,8.83005486726761,957.4002771377563,completed
3540.820237,40,326.519247,1.0,True,40,0,0,953.5653266906738,1434.0862636566162,2.1193209648132325,953.5653266906738,completed
3356.189715,40,326.573786,1.0,True,40,0,0,945.0713580846786,1209.7628076076508,6.325354766845703,945.0713580846786,completed
2360.421727,40,326.628772,1.0,True,40,0,0,1020.0212950706482,1400.6829814910889,14.96017770767212,1020.0212950706482,completed
2540.437149,40,326.681749,1.0,True,40,0,0,1023.0814940929413,1474.2686820030212,13.237730050086975,1023.0814940929413,completed
3936.191608,40,326.736356,1.0,True,40,0,0,806.3582735657692,1005.1347533464432,3.5543149948120116,806.3582735657692,completed
3265.507256,40,326.790046,1.0,True,40,0,0,925.1651904582977,1219.7276539802551,7.471165132522583,925.1651904582977,completed
2906.748742,40,326.8437,1.0,True,40,0,0,932.7576076984406,1375.932382106781,10.063388419151305,932.7576076984406,completed
3057.081815,40,326.898248,1.0,True,40,0,0,937.5657596588135,1254.2900247573853,9.820746278762817,937.5657596588135,completed
3806.033659,40,326.951947,1.0,True,40,0,0,948.6722221374512,1219.2759046554565,2.4194939136505127,948.6722221374512,completed
3620.202211,40,327.004714,1.0,True,40,0,0,922.0623397827148,1077.0232410430908,5.960435247421264,922.0623397827148,completed
3180.981414,40,327.058607,1.0,True,40,0,0,992.002799987793,1570.5468578338623,4.140192031860352,992.002799987793,completed
4460.277345,40,327.112645,1.0,True,40,0,0,800.8125338554382,926.577395439148,0.0,800.8125338554382,completed
3100.194585,40,327.168005,1.0,True,40,0,0,905.8232092857361,1237.3087396621704,9.753398442268372,905.8232092857361,completed
3097.509166,40,327.224005,1.0,True,40,0,0,1036.935252904892,1602.4869093894958,4.719926023483277,1036.935252904892,completed
4093.777422,40,327.280716,1.0,True,40,0,0,777.2261438369751,953.8524827957153,2.8206145048141478,777.2261438369751,completed
3076.655832,40,328.570438,1.0,True,40,0,0,1004.3904876708984,1336.2851684093475,8.57245237827301,1004.3904876708984,completed
3100.457703,40,328.62545,1.0,True,40,0,0,1031.6518597602844,1523.8531522750854,4.553908920288086,1031.6518597602844,completed
3624.676084,40,328.678603,1.0,True,40,0,0,979.8143377304077,1169.0885362625122,4.517974042892456,979.8143377304077,completed
3621.938937,40,328.732093,1.0,True,40,0,0,942.4308547973633,1224.5248985290527,4.070314526557922,942.4308547973633,completed
3836.904415,40,328.784775,1.0,True,40,0,0,869.287106513977,1071.1470465660095,3.728269624710083,869.287106513977,completed
3634.374129,40,328.838266,1.0,True,40,0,0,903.2242879271507,1230.399848818779,4.128143310546875,903.2242879271507,completed
3255.680021,40,328.892872,1.0,True,40,0,0,902.7991230487823,1172.785276889801,7.469708752632141,902.7991230487823,completed
4171.95931,40,328.945884,1.0,True,40,0,0,806.9809064865112,1052.3078365325928,1.2039190769195556,806.9809064865112,completed
2915.710514,40,328.9998,1.0,True,40,0,0,1021.5203886032104,1432.4907722473145,8.507967543601989,1021.5203886032104,completed
3523.246653,40,329.053312,1.0,True,40,0,0,937.672529220581,1068.0225677490234,6.554062557220459,937.672529220581,completed
2911.944417,40,329.106294,1.0,True,40,0,0,1035.703706741333,1433.3606901168823,8.436707496643066,1035.703706741333,completed
4013.142152,40,329.159541,1.0,True,40,0,0,780.9531388282776,969.5938801765442,3.896658706665039,780.9531388282776,completed
3034.717037,40,329.212361,1.0,True,40,0,0,1027.5607070922852,1479.3730392456055,6.9554524421691895,1027.5607070922852,completed
2417.428385,40,329.26451,1.0,True,40,0,0,1005.1393780708313,1406.141436100006,13.971655106544494,1005.1393780708313,completed
3456.602259,40,329.317368,1.0,True,40,0,0,899.7713749408722,1260.1017098426819,4.717787945270539,899.7713749408722,completed
2901.954923,40,329.371415,1.0,True,40,0,0,971.3550171852112,1434.6169900894165,9.026917219161987,971.3550171852112,completed
2441.820997,40,329.42379,1.0,True,40,0,0,1046.801106452942,1637.4613227844238,10.486136054992675,1046.801106452942,completed
2552.140751,40,329.476325,1.0,True,40,0,0,977.126101732254,1530.8064427375793,10.783706259727477,977.126101732254,completed
4105.748797,40,329.528691,1.0,True,40,0,0,737.6953196525574,887.2279329299927,4.508541059494019,737.6953196525574,completed
4137.745248,40,329.581403,1.0,True,40,0,0,811.7978490591049,997.3564889431,1.7260488033294679,811.7978490591049,completed
3401.379472,40,329.634888,1.0,True,40,0,0,954.3321540355682,1304.1631727218628,5.955521821975708,954.3321540355682,completed
3636.080199,40,329.687757,1.0,True,40,0,0,904.9351334571838,1166.2389650344849,4.6636982440948485,904.9351334571838,completed
3820.871757,40,329.740256,1.0,True,40,0,0,877.0380449295044,1146.1077890396118,2.839835596084595,877.0380449295044,completed
2934.8833,40,329.793592,1.0,True,40,0,0,985.9033530950546,1325.299339056015,9.071817684173585,985.9033530950546,completed
2839.895783,40,329.846083,1.0,True,40,0,0,919.4804906845093,1257.6958866119385,11.061880588531494,919.4804906845093,completed
2174.998507,40,329.903395,1.0,True,40,0,0,1192.6311569213867,1796.076036453247,10.234239482879639,1192.6311569213867,completed
2376.641979,40,329.957549,1.0,True,40,0,0,1137.2484230995178,1439.4060831069946,12.720778441429138,1137.2484230995178,completed
3789.12909,40,330.011452,1.0,True,40,0,0,933.8848662376404,1230.3706483840942,2.276653456687927,933.8848662376404,completed
3418.295653,40,330.064922,1.0,True,40,0,0,933.1244950294495,1285.5347814559937,5.846767377853394,933.1244950294495,completed
2259.631537,40,330.11795,1.0,True,40,0,0,1109.14490711689,1807.266126871109,10.273609733581543,1109.14490711689,completed
2176.958649,40,330.171513,1.0,True,40,0,0,1184.069019794464,1895.7656044960022,10.778222179412841,1184.069019794464,completed
3502.649601,40,330.224357,1.0,True,40,0,0,994.4103531837463,1335.2215871810913,3.3370055198669433,994.4103531837463,completed
2396.761913,40,330.277344,1.0,True,40,0,0,1073.0335844755173,1480.5493924617767,13.32267005443573,1073.0335844755173,completed
3965.228068,40,330.330045,1.0,True,40,0,0,833.7816891670227,1008.1837940216064,2.9437593102455137,833.7816891670227,completed
2712.094352,40,330.384544,1.0,True,40,0,0,989.0734906196594,1355.8075609207153,11.725915455818177,989.0734906196594,completed
3689.960222,40,330.437978,1.0,True,40,0,0,792.051486492157,1052.9795794487,5.7691418647766115,792.051486492157,completed
3178.667551,40,330.490736,1.0,True,40,0,0,998.6662292480469,1350.6922392845154,5.89214060306549,998.6662292480469,completed
2158.690679,40,330.543171,1.0,True,40,0,0,1123.4331998825073,1687.7286081314087,13.384349155426026,1123.4331998825073,completed
3859.750388,40,330.595224,1.0,True,40,0,0,783.7060487270355,1059.8262085914612,3.9277144193649294,783.7060487270355,completed
3693.439491,40,330.649054,1.0,True,40,0,0,1037.865391254425,1427.8933053016663,0.28948297500610354,1037.865391254425,completed
3890.081687,40,330.703441,1.0,True,40,0,0,758.6390287876129,930.7244558334351,5.511724925041198,758.6390287876129,completed
4637.427686,40,330.75745,1.0,True,40,0,0,714.2933449745178,812.7239151000977,0.0,714.2933449745178,completed
4190.600193,40,330.810673,1.0,True,40,0,0,793.5834684371948,916.7891111373901,2.3097712993621826,793.5834684371948,completed
2960.7689,40,330.864807,1.0,True,40,0,0,887.815877199173,1237.783474445343,11.624746894836425,887.815877199173,completed
3367.319709,40,330.917616,1.0,True,40,0,0,1086.8426933288574,1549.7530488967896,2.010579013824463,1086.8426933288574,completed
2223.283499,40,330.970731,1.0,True,40,0,0,1030.6349431276321,1418.307713150978,15.727463135123253,1030.6349431276321,completed
4340.173445,40,331.025252,1.0,True,40,0,0,815.0142974853516,960.0332975387573,0.6222668647766113,815.0142974853516,completed
3123.057154,40,331.079529,1.0,True,40,0,0,908.4053690433502,1345.4271416664124,7.649122107028961,908.4053690433502,completed
3223.404845,40,331.133933,1.0,True,40,0,0,912.8970775604248,1260.8939723968506,8.14841923713684,912.8970775604248,completed
3802.263396,40,331.188447,1.0,True,40,0,0,847.4621243476868,1059.9000263214111,4.479616260528564,847.4621243476868,completed
2575.461769,40,331.241532,1.0,True,40,0,0,1125.4046807289124,1628.8012218475342,9.595175981521606,1125.4046807289124,completed
3567.509606,40,332.459014,1.0,True,40,0,0,846.2485491037369,1085.0370180606842,7.077506804466248,846.2485491037369,completed
2056.682489,40,332.515684,1.0,True,40,0,0,1160.0364422798157,1723.587145805359,12.954372310638428,1160.0364422798157,completed
2761.044439,40,332.574261,1.0,True,40,0,0,959.9379239082336,1388.3394508361816,11.82274262905121,959.9379239082336,completed
3713.870219,40,332.629039,1.0,True,40,0,0,822.610228896141,1099.957867383957,5.532624864578247,822.610228896141,completed
2400.935387,40,332.68473,1.0,True,40,0,0,1147.3519744873047,1514.2329502105713,12.562464785575866,1147.3519744873047,completed
2909.278676,40,332.740341,1.0,True,40,0,0,956.592978477478,1393.8458003997803,8.981689453125,956.592978477478,completed
3000.503603,40,332.796969,1.0,True,40,0,0,1038.4126119613647,1475.938789844513,7.036452007293701,1038.4126119613647,completed
3171.137778,40,332.850982,1.0,True,40,0,0,922.2998552322388,1163.6068077087402,8.818935251235962,922.2998552322388,completed
2148.717374,40,332.905874,1.0,True,40,0,0,1069.9859828948975,1639.3592586517334,13.949948143959045,1069.9859828948975,completed
2876.755318,40,332.966885,1.0,True,40,0,0,1058.900382757187,1645.4283304214478,5.7866661071777346,1058.900382757187,completed
3012.619861,40,333.023706,1.0,True,40,0,0,976.5895013809204,1462.0374031066895,7.539816188812256,976.5895013809204,completed
3854.000612,40,333.077778,1.0,True,40,0,0,896.057698726654,1095.185477256775,3.9207592964172364,896.057698726654,completed
2486.366398,40,333.135889,1.0,True,40,0,0,1161.1275596618652,1770.2797222137451,7.245617151260376,1161.1275596618652,completed
3171.255189,40,333.190443,1.0,True,40,0,0,1065.9442026615143,1395.8753952980042,6.42144193649292,1065.9442026615143,completed
3447.734395,40,333.244523,1.0,True,40,0,0,882.1907546520233,1190.7002844810486,6.852260494232178,882.1907546520233,completed
3605.896852,40,333.297625,1.0,True,40,0,0,895.0967547893524,1223.2324614524841,4.956117343902588,895.0967547893524,completed
3139.846596,40,333.351375,1.0,True,40,0,0,947.2762372493744,1397.1454157829285,6.749096298217774,947.2762372493744,completed
3913.444574,40,333.406641,1.0,True,40,0,0,876.357668876648,1095.228624343872,2.6998667240142824,876.357668876648,completed
2804.371938,40,333.461567,1.0,True,40,0,0,1070.703209400177,1727.9476766586304,6.405796146392822,1070.703209400177,completed
2676.410146,40,333.515981,1.0,True,40,0,0,984.7577199935913,1457.6352038383484,10.804206228256225,984.7577199935913,completed
2301.799658,40,333.571964,1.0,True,40,0,0,1053.5814971923828,1521.0027751922607,14.099354887008667,1053.5814971923828,completed
3576.014937,40,333.626986,1.0,True,40,0,0,936.1196806430817,1148.152753353119,5.4293153285980225,936.1196806430817,completed
3760.076694,40,333.679993,1.0,True,40,0,0,902.2585391998291,1053.594404220581,4.370179224014282,902.2585391998291,completed
4141.294134,40,333.734347,1.0,True,40,0,0,774.9521877765656,924.7541422843933,3.5813124656677244,774.9521877765656,completed
4287.906951,40,333.791473,1.0,True,40,0,0,757.1859304904938,889.5454201698303,2.053519105911255,757.1859304904938,completed
3790.434291,40,333.845632,1.0,True,40,0,0,843.2666037082672,1056.3176188468933,5.020704579353333,843.2666037082672,completed
3289.520208,40,333.901483,1.0,True,40,0,0,1014.9387979507446,1335.479829788208,5.531108760833741,1014.9387979507446,completed
2625.168591,40,333.955634,1.0,True,40,0,0,1033.713812828064,1437.8668966293335,11.661869192123413,1033.713812828064,completed
3097.29728,40,334.010089,1.0,True,40,0,0,937.8084371089935,1402.6695923805237,7.588513827323913,937.8084371089935,completed
3481.856491,40,334.065188,1.0,True,40,0,0,934.5601372718811,1211.6335611343384,6.0576313734054565,934.5601372718811,completed
4150.4331,40,334.119918,1.0,True,40,0,0,783.0600057244301,998.6089507341385,2.0782631397247315,783.0600057244301,completed
2728.781731,40,334.174901,1.0,True,40,0,0,1062.6698120832443,1453.5849258899689,10.870912039279938,1062.6698120832443,completed
4028.423929,40,334.229969,1.0,True,40,0,0,767.6326366662979,976.316178560257,3.4006086587905884,767.6326366662979,completed
3130.560483,40,334.284519,1.0,True,40,0,0,969.7131637334824,1396.5502173900604,7.642579746246338,969.7131637334824,completed
3596.933427,40,334.339885,1.0,True,40,0,0,956.6348390579224,1441.8083839416504,1.601205587387085,956.6348390579224,completed
3545.796367,40,334.393984,1.0,True,40,0,0,946.2102618217468,1220.5916023254395,5.0478339195251465,946.2102618217468,completed
3652.926211,40,334.448363,1.0,True,40,0,0,952.2926205396652,1154.790432214737,3.6303592681884767,952.2926205396652,completed
3905.27279,40,334.502026,1.0,True,40,0,0,799.616548538208,947.3999452590942,5.410216760635376,799.616548538208,completed
2467.157456,40,334.556196,1.0,True,40,0,0,1105.2402007579803,1450.0123229026794,12.621060848236084,1105.2402007579803,completed
3383.919277,40,334.610784,1.0,True,40,0,0,938.113450050354,1324.4311408996582,5.7042299747467045,938.113450050354,completed
3549.452878,40,334.66532,1.0,True,40,0,0,964.4872887134552,1418.1602177619934,2.7734813690185547,964.4872887134552,completed
2759.848954,40,334.719744,1.0,True,40,0,0,1069.6238980293274,1480.904746055603,9.117268586158753,1069.6238980293274,completed
3016.136795,40,334.774722,1.0,True,40,0,0,1007.0841653347015,1350.3126149177551,8.17836036682129,1007.0841653347015,completed
2863.631447,40,334.829958,1.0,True,40,0,0,1022.5512561798096,1522.6489191055298,8.224049854278565,1022.5512561798096,completed
3764.483191,40,334.885486,1.0,True,40,0,0,931.1144733428955,1093.6845598220825,3.859938859939575,931.1144733428955,completed
3784.694194,40,334.94046,1.0,True,40,0,0,951.0870547294617,1222.4868693351746,2.3114752054214476,951.0870547294617,completed
3953.927223,40,334.995273,1.0,True,40,0,0,798.1673206090927,1113.2112023830414,2.8455007791519167,798.1673206090927,completed
771.668407,40,335.05097,1.0,True,40,0,0,1340.0168089866638,1985.7366609573364,23.43763976097107,1340.0168089866638,completed
3736.835432,40,335.105709,1.0,True,40,0,0,779.8273689746857,1042.4579691886902,6.357054758071899,779.8273689746857,completed
3219.731637,40,335.161838,1.0,True,40,0,0,873.7787780761719,1206.1549005508423,9.24038381576538,873.7787780761719,completed
3992.548404,40,335.219083,1.0,True,40,0,0,849.6826303005219,1045.3710856437683,2.909172797203064,849.6826303005219,completed
2697.775381,40,336.489925,1.0,True,40,0,0,1141.3427948951721,1606.03462600708,7.9472606658935545,1141.3427948951721,completed
2890.374609,40,336.544753,1.0,True,40,0,0,1010.5287578105927,1360.338336467743,9.58669958114624,1010.5287578105927,completed
2650.312773,40,336.602142,1.0,True,40,0,0,1084.7627220153809,1514.1406478881836,10.228436017036438,1084.7627220153809,completed
2729.476305,40,336.658452,1.0,True,40,0,0,1082.8118166327477,1370.5203112363815,11.228303289413452,1082.8118166327477,completed
3728.627676,40,336.714953,1.0,True,40,0,0,875.539888381958,1076.7163276672363,5.270755386352539,875.539888381958,completed
3928.524709,40,336.769278,1.0,True,40,0,0,883.1427474021912,1105.2897548675537,2.634636402130127,883.1427474021912,completed
3573.286401,40,336.823521,1.0,True,40,0,0,932.1174669265747,1048.8188724517822,6.546779489517212,932.1174669265747,completed
3610.836804,40,336.876401,1.0,True,40,0,0,886.6479992866516,1228.2545957565308,4.263679265975952,886.6479992866516,completed
3413.214511,40,336.939759,1.0,True,40,0,0,856.7545163631439,1251.1281189918518,5.706148099899292,856.7545163631439,completed
2311.682102,40,336.994842,1.0,True,40,0,0,1055.8423986434937,1457.2304544448853,15.148236989974976,1055.8423986434937,completed
3672.520475,40,337.04841,1.0,True,40,0,0,901.7019529342651,1150.0272288322449,4.455355024337768,901.7019529342651,completed
4394.885907,40,337.102078,1.0,True,40,0,0,830.1235978603363,939.1464943885803,0.11223487854003907,830.1235978603363,completed
2174.61358,40,337.155783,1.0,True,40,0,0,1080.1574019789696,1544.7401512861252,15.163472652435303,1080.1574019789696,completed
1583.363878,40,337.209619,1.0,True,40,0,0,1149.5158243179321,1788.6052284240723,17.74326095581055,1149.5158243179321,completed
3126.554405,40,337.262693,1.0,True,40,0,0,1008.8346557617188,1466.3709917068481,6.126708889007569,1008.8346557617188,completed
3796.447158,40,337.317126,1.0,True,40,0,0,848.6811299324036,1072.459038734436,4.682990264892578,848.6811299324036,completed
2744.290789,40,337.371365,1.0,True,40,0,0,1123.1061749458313,1409.3430995941162,10.207101202011108,1123.1061749458313,completed
3366.329405,40,337.428281,1.0,True,40,0,0,836.0796186923981,1194.570957660675,8.162434625625611,836.0796186923981,completed
4039.18214,40,337.481019,1.0,True,40,0,0,812.8208975791931,1072.4357957839966,2.2305743217468263,812.8208975791931,completed
3761.129377,40,337.534309,1.0,True,40,0,0,837.7955174446106,1093.6954593658447,4.914103841781616,837.7955174446106,completed
2779.951764,40,337.588563,1.0,True,40,0,0,948.7281041145325,1381.5006103515625,11.139508771896363,948.7281041145325,completed
4061.014174,40,337.642758,1.0,True,40,0,0,839.1637678146362,1047.1672205924988,2.107545280456543,839.1637678146362,completed
3616.382601,40,337.696977,1.0,True,40,0,0,898.2618532180786,1174.2470560073853,4.849856567382813,898.2618532180786,completed
3249.977467,40,337.750672,1.0,True,40,0,0,939.5486350059509,1243.3329439163208,7.232838916778564,939.5486350059509,completed
2915.450264,40,337.804743,1.0,True,40,0,0,961.399338722229,1357.4017786979675,10.30710220336914,961.399338722229,completed
3212.344959,40,337.858615,1.0,True,40,0,0,958.8517007827759,1296.9906730651855,7.133178496360779,958.8517007827759,completed
3922.052913,40,337.91379,1.0,True,40,0,0,846.3428430557251,955.2997350692749,4.116395902633667,846.3428430557251,completed
3007.598835,40,337.973236,1.0,True,40,0,0,1045.6682459115982,1385.692528963089,7.821730446815491,1045.6682459115982,completed
3221.208813,40,338.029772,1.0,True,40,0,0,918.2731046676636,1292.866868019104,7.070922112464904,918.2731046676636,completed
3489.48882,40,338.084128,1.0,True,40,0,0,1025.2571904659271,1255.7768607139587,4.675028991699219,1025.2571904659271,completed
2972.772988,40,338.138365,1.0,True,40,0,0,952.3992056846619,1359.7570085525513,8.68818473815918,952.3992056846619,completed
4397.195734,40,338.191781,1.0,True,40,0,0,656.6115517616272,794.048189163208,2.754804086685181,656.6115517616272,completed
4182.118202,40,338.245666,1.0,True,40,0,0,796.3521039485931,1044.6851229667664,1.2614612579345703,796.3521039485931,completed
1898.369458,40,338.299686,1.0,True,40,0,0,1271.546485900879,1659.543399810791,16.227561378479002,1271.546485900879,completed
3006.611931,40,338.353951,1.0,True,40,0,0,993.6441016197205,1441.3705110549927,7.771175575256348,993.6441016197205,completed
3193.69275,40,338.409619,1.0,True,40,0,0,986.1778566837311,1360.8916091918945,6.595247077941894,986.1778566837311,completed
3781.858524,40,338.463957,1.0,True,40,0,0,915.5039691925049,1157.8963174819946,3.501914310455322,915.5039691925049,completed
3239.423596,40,338.517662,1.0,True,40,0,0,989.4797930717468,1222.6155033111572,7.275143426656723,989.4797930717468,completed
3006.934778,40,338.57146,1.0,True,40,0,0,1033.5335745811462,1358.855339050293,8.290052556991578,1033.5335745811462,completed
3149.383433,40,338.625874,1.0,True,40,0,0,1021.0108947753906,1671.67991065979,2.614526605606079,1021.0108947753906,completed
3574.669951,40,338.680364,1.0,True,40,0,0,935.4983234405518,1255.1579523086548,4.291966342926026,935.4983234405518,completed
2942.218714,40,338.733986,1.0,True,40,0,0,976.858790397644,1451.8690919876099,8.557625126838683,976.858790397644,completed
2829.377199,40,338.786958,1.0,True,40,0,0,1003.2044353485107,1448.788429260254,9.187910842895509,1003.2044353485107,completed
3661.195269,40,338.840863,1.0,True,40,0,0,851.7299704551697,1145.0684270858765,4.7273934841156,851.7299704551697,completed
3181.99007,40,338.894038,1.0,True,40,0,0,915.1356058120728,1229.9331946372986,8.450025653839111,915.1356058120728,completed
3991.808835,40,338.949357,1.0,True,40,0,0,844.8892002105713,1218.7091999053955,0.2584690570831299,844.8892002105713,completed
4343.050101,40,339.003416,1.0,True,40,0,0,721.4074711799622,866.2435731887817,1.9529685735702516,721.4074711799622,completed
2224.544969,40,339.056875,1.0,True,40,0,0,1115.7527277469635,1686.0899052619934,12.641306233406066,1115.7527277469635,completed
3845.573561,40,339.110218,1.0,True,40,0,0,820.5482318401337,1143.689404964447,3.3004894256591797,820.5482318401337,completed
3612.949546,40,339.164363,1.0,True,40,0,0,911.495954990387,1303.7049684524536,3.3259676933288573,911.495954990387,completed
3437.087882,40,339.218254,1.0,True,40,0,0,985.0131583213806,1306.7722549438477,4.930684280395508,985.0131583213806,completed
3072.93228,40,340.478885,1.0,True,40,0,0,1032.821047782898,1356.3571577072144,7.504777717590332,1032.821047782898,completed
3408.495499,40,340.533425,1.0,True,40,0,0,1052.5285363197327,1428.698187828064,3.417742156982422,1052.5285363197327,completed
3471.815869,40,340.587356,1.0,True,40,0,0,983.6194944381714,1207.4161396026611,4.9356835126876835,983.6194944381714,completed
3550.202851,40,340.641927,1.0,True,40,0,0,898.1418564319611,1263.2446594238281,4.45428637266159,898.1418564319611,completed
2967.49215,40,340.696238,1.0,True,40,0,0,845.8100862503052,1240.1155753135681,11.823683321475983,845.8100862503052,completed
3237.787016,40,340.750233,1.0,True,40,0,0,978.5014346241951,1356.1164351701736,6.79230055809021,978.5014346241951,completed
4256.391705,40,340.804453,1.0,True,40,0,0,814.8592948913574,1026.376262664795,0.4459853649139404,814.8592948913574,completed
3531.648395,40,340.858192,1.0,True,40,0,0,954.1553440093994,1351.2244906425476,3.3688932418823243,954.1553440093994,completed
2697.364464,40,340.912024,1.0,True,40,0,0,1038.2225325107574,1357.5469365119934,11.517504835128785,1038.2225325107574,completed
3663.931632,40,340.965368,1.0,True,40,0,0,1017.1940898895264,1190.792405128479,3.448503351211548,1017.1940898895264,completed
2487.059827,40,341.019212,1.0,True,40,0,0,1145.2825498580933,1733.6553344726562,8.796872186660767,1145.2825498580933,completed
3865.353366,40,341.078244,1.0,True,40,0,0,804.792918920517,990.7530236244202,4.9617819547653195,804.792918920517,completed
3606.784376,40,341.132395,1.0,True,40,0,0,865.893664598465,1211.3446617126465,4.702503716945648,865.893664598465,completed
4023.981359,40,341.187902,1.0,True,40,0,0,896.7041440010071,1132.4125480651855,1.279279398918152,896.7041440010071,completed
4205.63206,40,341.243325,1.0,True,40,0,0,789.6527839899063,976.4184281826019,1.3314499855041504,789.6527839899063,completed
2982.420377,40,341.304036,1.0,True,40,0,0,978.8879539966583,1424.6532855033875,7.164102959632873,978.8879539966583,completed
3361.804551,40,341.358163,1.0,True,40,0,0,881.0929996967316,1190.3803625106812,7.314015626907349,881.0929996967316,completed
3229.030085,40,341.41309,1.0,True,40,0,0,936.849479675293,1214.3800230026245,8.53802752494812,936.849479675293,completed
3593.226769,40,341.465505,1.0,True,40,0,0,866.4189343452454,1053.5792083740234,6.412309265136718,866.4189343452454,completed
3035.703176,40,341.51963,1.0,True,40,0,0,946.5833765268326,1349.6118614673615,8.397171878814698,946.5833765268326,completed
2540.734339,40,341.574157,1.0,True,40,0,0,1048.7086052894592,1544.73033618927,10.510464096069336,1048.7086052894592,completed
3673.471356,40,341.629484,1.0,True,40,0,0,903.3827250003815,1168.9365429878235,3.5458601474761964,903.3827250003815,completed
4121.322195,40,341.684333,1.0,True,40,0,0,806.3866659402847,1027.201450586319,1.8740526199340821,806.3866659402847,completed
3542.042809,40,341.737352,1.0,True,40,0,0,843.3108047246933,1190.0999066829681,5.660760140419006,843.3108047246933,completed
3324.737362,40,341.791682,1.0,True,40,0,0,885.4136981964111,1138.283522605896,8.773781800270081,885.4136981964111,completed
3469.83112,40,341.845863,1.0,True,40,0,0,861.9700274467468,1108.7787866592407,7.2291274785995485,861.9700274467468,completed
3855.315107,40,341.899869,1.0,True,40,0,0,788.4971022605896,983.3647832870483,4.686067128181458,788.4971022605896,completed
3306.463353,40,341.953829,1.0,True,40,0,0,907.1711976528168,1183.4011716842651,7.593657994270325,907.1711976528168,completed
4285.555141,40,342.007879,1.0,True,40,0,0,765.1196310520172,923.6101489067078,1.5550239562988282,765.1196310520172,completed
3475.877205,40,342.061605,1.0,True,40,0,0,890.5572769641876,1096.3815512657166,7.4221090316772464,890.5572769641876,completed
2858.778238,40,342.114992,1.0,True,40,0,0,880.6687607765198,1224.174241065979,12.202860498428345,880.6687607765198,completed
3031.487036,40,342.17135,1.0,True,40,0,0,965.275696516037,1327.5077567100525,9.86361267566681,965.275696516037,completed
3175.636331,40,342.227938,1.0,True,40,0,0,1004.6702845096588,1275.3341450691223,7.546174240112305,1004.6702845096588,completed
2672.427714,40,342.283736,1.0,True,40,0,0,1062.3497928380966,1647.6727607250214,7.9715296745300295,1062.3497928380966,completed
3653.352825,40,342.336736,1.0,True,40,0,0,903.3569252490997,1118.0638546943665,5.747034740447998,903.3569252490997,completed
2517.35355,40,342.390394,1.0,True,40,0,0,1076.670946598053,1424.1886701583862,11.937954306602478,1076.670946598053,completed
2872.484037,40,342.444591,1.0,True,40,0,0,999.0133323669434,1457.9212293624878,9.179932641983033,999.0133323669434,completed
2796.084063,40,342.49828,1.0,True,40,0,0,1051.0701724290848,1521.0215212106705,9.189376997947694,1051.0701724290848,completed
2596.264594,40,342.551255,1.0,True,40,0,0,1084.5758218765259,1542.0383338928223,10.209346818923951,1084.5758218765259,completed
3553.377779,40,342.605216,1.0,True,40,0,0,861.6797132492065,1054.8791065216064,7.553092193603516,861.6797132492065,completed
3417.60962,40,342.659881,1.0,True,40,0,0,937.469064950943,1277.7029089927673,5.930446767807007,937.469064950943,completed
2957.714987,40,342.714924,1.0,True,40,0,0,1025.3716616630554,1405.8662452697754,8.63261432647705,1025.3716616630554,completed
3773.621475,40,342.768017,1.0,True,40,0,0,864.0610609054565,1054.9109888076782,4.469247508049011,864.0610609054565,completed
2544.133276,40,342.822884,1.0,True,40,0,0,1050.9748647212982,1641.670211315155,9.743057155609131,1050.9748647212982,completed
3311.249137,40,342.876743,1.0,True,40,0,0,890.4365856647491,1217.0757374763489,7.821320009231568,890.4365856647491,completed
4276.467801,40,342.930748,1.0,True,40,0,0,775.1828866004944,875.3181009292603,2.5696569442749024,775.1828866004944,completed
3488.816461,40,342.990372,1.0,True,40,0,0,892.1761555671692,1171.6325950622559,6.838524889945984,892.1761555671692,completed
3946.692707,40,343.044612,1.0,True,40,0,0,778.8718752861023,942.803316116333,4.486256504058838,778.8718752861023,completed
3627.03684,40,343.0986,1.0,True,40,0,0,870.9233031272888,1078.156587600708,6.242961645126343,870.9233031272888,completed
3426.162632,40,343.152121,1.0,True,40,0,0,987.3543615341187,1141.6748113632202,6.694780731201172,987.3543615341187,completed
3757.25672,40,343.206074,1.0,True,40,0,0,862.0907388925552,1134.361525774002,4.2211394786834715,862.0907388925552,completed
2423.722662,40,343.260174,1.0,True,40,0,0,1086.9813582897186,1475.5525827407837,12.949758529663086,1086.9813582897186,completed
3680.563262,40,344.522877,1.0,True,40,0,0,894.069815158844,1181.2393283843994,3.670394849777222,894.069815158844,completed
3625.31121,40,344.580671,1.0,True,40,0,0,984.7252116203308,1169.236737728119,4.158665645122528,984.7252116203308,completed
2813.313271,40,344.637247,1.0,True,40,0,0,1090.7910475730896,1450.1136875152588,9.026088047027589,1090.7910475730896,completed
3716.452084,40,344.691128,1.0,True,40,0,0,900.0554056167603,1176.6990947723389,3.2393208503723145,900.0554056167603,completed
3879.925134,40,344.746877,1.0,True,40,0,0,902.9422907829285,1222.607138633728,1.480520486831665,902.9422907829285,completed
4302.372702,40,344.799642,1.0,True,40,0,0,748.2943308353424,965.9104371070862,1.5143652319908143,748.2943308353424,completed
3182.558134,40,344.853474,1.0,True,40,0,0,1073.7813200950623,1518.6358966827393,3.9084198474884033,1073.7813200950623,completed
3395.528679,40,344.907742,1.0,True,40,0,0,914.9150352478027,1190.3625268936157,6.951543998718262,914.9150352478027,completed
3788.003213,40,344.963635,1.0,True,40,0,0,868.8995623588562,1220.5998768806458,2.912464809417725,868.8995623588562,completed
3440.132073,40,345.020936,1.0,True,40,0,0,939.3419313430786,1376.3889389038086,3.6529366970062256,939.3419313430786,completed
2218.360529,40,345.081991,1.0,True,40,0,0,1174.0659215450287,1643.9480292797089,12.548213577270507,1174.0659215450287,completed
3217.00772,40,345.142174,1.0,True,40,0,0,906.9094424247742,1248.4219861030579,8.444780373573304,906.9094424247742,completed
2269.660509,40,345.202637,1.0,True,40,0,0,1137.084363937378,1668.533350944519,11.846277332305908,1137.084363937378,completed
3507.411758,40,345.26293,1.0,True,40,0,0,907.6581230163574,1130.3639831542969,6.744912338256836,907.6581230163574,completed
3971.536408,40,345.323113,1.0,True,40,0,0,804.3793108463287,1069.317581653595,3.1823333263397218,804.3793108463287,completed
3624.518737,40,345.38465,1.0,True,40,0,0,931.1402549743652,1370.9139165878296,2.109897518157959,931.1402549743652,completed
3585.121047,40,345.447649,1.0,True,40,0,0,892.7668278217316,1287.911217212677,4.031456470489502,892.7668278217316,completed
3840.45219,40,345.51034,1.0,True,40,0,0,876.4652314186096,1069.471734046936,3.6531220436096192,876.4652314186096,completed
2075.252845,40,345.569244,1.0,True,40,0,0,1120.242712020874,1591.3385872840881,15.464113521575928,1120.242712020874,completed
3466.525508,40,345.628664,1.0,True,40,0,0,1034.4081225395203,1288.7473630905151,3.815093994140625,1034.4081225395203,completed
3982.098511,40,345.689278,1.0,True,40,0,0,820.4501531124115,1048.6040596961975,2.589586639404297,820.4501531124115,completed
2847.202941,40,345.750547,1.0,True,40,0,0,1071.9066734313965,1363.1423063278198,9.6274564743042,1071.9066734313965,completed
3634.856094,40,345.805072,1.0,True,40,0,0,905.5706005096436,1127.3199529647827,4.584369969367981,905.5706005096436,completed
4358.266237,40,345.858499,1.0,True,40,0,0,791.720350459218,918.5616230070591,1.1410470962524415,791.720350459218,completed
3270.250008,40,345.911884,1.0,True,40,0,0,952.0541684627533,1205.1055693626404,7.723767054080963,952.0541684627533,completed
3895.414641,40,345.967534,1.0,True,40,0,0,878.9632396697998,1183.6565980911255,2.0023144721984862,878.9632396697998,completed
2323.394431,40,346.021224,1.0,True,40,0,0,1131.4450335502625,1609.3375504016876,12.343340539932251,1131.4450335502625,completed
1847.252907,40,346.074455,1.0,True,40,0,0,1140.9485375881195,1768.3503165245056,15.099907779693604,1140.9485375881195,completed
4151.055,40,346.127563,1.0,True,40,0,0,819.9344959259033,1111.2209906578064,0.5580151557922364,819.9344959259033,completed
3143.260418,40,346.180764,1.0,True,40,0,0,987.3253257274628,1438.032968044281,6.156351518630982,987.3253257274628,completed
3019.308774,40,346.234955,1.0,True,40,0,0,986.8165059089661,1387.4967956542969,7.7794355869293215,986.8165059089661,completed
3211.615949,40,346.290261,1.0,True,40,0,0,1047.4502336978912,1595.3285222053528,3.6256567001342774,1047.4502336978912,completed
3427.207289,40,346.34374,1.0,True,40,0,0,867.8563945293427,1225.563106060028,7.049493217468262,867.8563945293427,completed
2679.343317,40,346.397755,1.0,True,40,0,0,1070.8795142173767,1436.3828330039978,10.10134823322296,1070.8795142173767,completed
3427.654782,40,346.450798,1.0,True,40,0,0,914.1754469871521,1319.1125650405884,4.785201597213745,914.1754469871521,completed
2688.423506,40,346.504219,1.0,True,40,0,0,1127.396891593933,1438.008804321289,10.479108428955078,1127.396891593933,completed
3096.766621,40,346.557495,1.0,True,40,0,0,1028.1849682331085,1444.0629167556763,6.6606648683547975,1028.1849682331085,completed
3300.888849,40,346.610695,1.0,True,40,0,0,920.4228413105011,1308.2508602142334,6.472268748283386,920.4228413105011,completed
2671.585767,40,346.663852,1.0,True,40,0,0,1080.349730014801,1495.4806928634644,9.939695405960084,1080.349730014801,completed
3739.602271,40,346.718365,1.0,True,40,0,0,890.9696378707886,1127.3357005119324,3.3843334436416628,890.9696378707886,completed
2857.136366,40,346.772596,1.0,True,40,0,0,1121.601597905159,1463.681040406227,8.373169136047363,1121.601597905159,completed
2401.534759,40,346.826414,1.0,True,40,0,0,1153.009021282196,1438.4175596237183,13.242506408691407,1153.009021282196,completed
3726.907033,40,346.88057,1.0,True,40,0,0,847.9005708694458,1072.6440391540527,4.93055226802826,847.9005708694458,completed
4391.498501,40,346.934287,1.0,True,40,0,0,765.3006439208984,895.9527921676636,0.9221630096435547,765.3006439208984,completed
3669.808781,40,346.989446,1.0,True,40,0,0,868.0973318815231,1081.5617725849152,5.9951858758926395,868.0973318815231,completed
3320.022864,40,347.042873,1.0,True,40,0,0,949.9310898780823,1354.446629524231,5.3765898704528805,949.9310898780823,completed
2936.652711,40,347.095544,1.0,True,40,0,0,988.0054421424866,1545.4259748458862,7.25719313621521,988.0054421424866,completed
3180.069878,40,347.149416,1.0,True,40,0,0,1000.3479331731796,1358.4320957660675,6.380575704574585,1000.3479331731796,completed
2739.003563,40,347.204072,1.0,True,40,0,0,1013.3502779006958,1356.9174499511719,11.192213439941407,1013.3502779006958,completed
3062.403774,40,347.260731,1.0,True,40,0,0,925.6997961997986,1338.0894575119019,8.378474307060241,925.6997961997986,completed
4202.166532,40,347.3139,1.0,True,40,0,0,815.4585256576538,1024.4497566223145,0.8332952499389649,815.4585256576538,completed
2916.945471,40,348.585352,1.0,True,40,0,0,982.3187680244446,1310.1606168746948,10.781082367897033,982.3187680244446,completed
3418.079563,40,348.641626,1.0,True,40,0,0,965.0229284763336,1219.1499371528625,5.898021864891052,965.0229284763336,completed
3701.935781,40,348.697957,1.0,True,40,0,0,867.5046169757843,1123.7218804359436,5.0183422565460205,867.5046169757843,completed
3551.139132,40,348.753968,1.0,True,40,0,0,841.2491676807404,1057.6718945503235,7.695903539657593,841.2491676807404,completed
2866.872983,40,348.811368,1.0,True,40,0,0,996.8436558246613,1333.6092751026154,10.038132762908935,996.8436558246613,completed
3886.016469,40,348.866121,1.0,True,40,0,0,851.5099830627441,1062.8205871582031,3.3621861934661865,851.5099830627441,completed
3859.624661,40,348.922083,1.0,True,40,0,0,859.1256332397461,1138.9841599464417,3.212717294692993,859.1256332397461,completed
2728.267402,40,348.978813,1.0,True,40,0,0,1122.8028771877289,1547.4870953559875,8.510188341140747,1122.8028771877289,completed
2672.386944,40,349.035014,1.0,True,40,0,0,1046.6618423461914,1379.6002464294434,11.150695991516113,1046.6618423461914,completed
3599.152352,40,349.089885,1.0,True,40,0,0,841.9350664615631,1082.1218841075897,6.129406690597534,841.9350664615631,completed
3703.262542,40,349.14407,1.0,True,40,0,0,949.1159930229187,1292.0257620811462,2.3879940509796143,949.1159930229187,completed
4004.627369,40,349.200576,1.0,True,40,0,0,885.1527543067932,1052.2603359222412,2.0849326133728026,885.1527543067932,completed
4050.79981,40,349.256008,1.0,True,40,0,0,865.950434923172,948.9078803062439,3.6978907585144043,865.950434923172,completed
2143.331355,40,349.312294,1.0,True,40,0,0,1106.6318089962006,1604.316298007965,13.911770391464234,1106.6318089962006,completed
3760.994315,40,349.367758,1.0,True,40,0,0,925.6410927772522,1151.3453016281128,3.776764965057373,925.6410927772522,completed
4069.951708,40,349.423926,1.0,True,40,0,0,886.6711039543152,1099.0535793304443,1.5510836601257325,886.6711039543152,completed
3121.740588,40,349.480592,1.0,True,40,0,0,892.305882692337,1307.6572251319885,7.993161678314209,892.305882692337,completed
3625.655952,40,349.535242,1.0,True,40,0,0,886.627055644989,1228.4978981018066,4.387751579284668,886.627055644989,completed
4181.010289,40,349.589915,1.0,True,40,0,0,886.1108660697937,1089.6091413497925,0.2969141960144043,886.1108660697937,completed
2385.788522,40,349.913676,1.0,True,40,0,0,1008.5854103565216,1553.410131931305,13.253863584995269,1008.5854103565216,completed
3463.003895,40,349.970312,1.0,True,40,0,0,929.8859858512878,1161.5002899169922,5.767677426338196,929.8859858512878,completed
3995.976732,40,350.026567,1.0,True,40,0,0,738.2339533567429,933.5301444530487,4.927496719360351,738.2339533567429,completed
2984.075931,40,350.083287,1.0,True,40,0,0,1009.211667060852,1345.9275271892548,9.24845986366272,1009.211667060852,completed
3886.073857,40,350.13878,1.0,True,40,0,0,771.7463018894196,968.3948664665222,5.883050107955933,771.7463018894196,completed
3246.757365,40,350.194389,1.0,True,40,0,0,990.799028635025,1202.2009274959564,8.70427746772766,990.799028635025,completed
3626.232177,40,350.25216,1.0,True,40,0,0,924.7547643184662,1118.8737950325012,5.6019223690032955,924.7547643184662,completed
3129.286425,40,350.307793,1.0,True,40,0,0,928.7530908584595,1362.1307830810547,7.501473236083984,928.7530908584595,completed
3505.921259,40,350.362168,1.0,True,40,0,0,1006.2386395931244,1272.9391283988953,4.063781452178955,1006.2386395931244,completed
3685.752904,40,350.41813,1.0,True,40,0,0,836.9174437522888,1114.3502216339111,5.26639232635498,836.9174437522888,completed
2625.982291,40,350.472674,1.0,True,40,0,0,1096.4571861028671,1410.4964454174042,11.244966340065002,1096.4571861028671,completed
2728.928776,40,350.528745,1.0,True,40,0,0,1069.3789920806885,1452.6592016220093,10.206483840942383,1069.3789920806885,completed
4139.900141,40,350.584299,1.0,True,40,0,0,803.3024561405182,998.3320202827454,2.0619145393371583,803.3024561405182,completed
2226.80798,40,350.639709,1.0,True,40,0,0,1102.0936374664307,1668.5788459777832,12.956238842010498,1102.0936374664307,completed
3712.615989,40,350.694413,1.0,True,40,0,0,906.1628622412682,1087.7187718153,5.402445554733276,906.1628622412682,completed
2896.740748,40,350.753229,1.0,True,40,0,0,982.8485886454582,1427.8114923238754,8.786968213319778,982.8485886454582,completed
2621.219187,40,350.809745,1.0,True,40,0,0,986.9574069976807,1395.111051082611,11.399802660942077,986.9574069976807,completed
2530.563927,40,350.864366,1.0,True,40,0,0,1060.9445143938065,1637.857966184616,10.202820014953613,1060.9445143938065,completed
3584.609612,40,350.920422,1.0,True,40,0,0,974.6150887012482,1389.0705013275146,2.0330472946166993,974.6150887012482,completed
2632.961138,40,350.976037,1.0,True,40,0,0,1086.426601409912,1684.5484313964844,8.402245330810548,1086.426601409912,completed
3076.42022,40,351.031931,1.0,True,40,0,0,951.0073792934418,1383.8976349830627,8.321099424362183,951.0073792934418,completed
3207.048709,40,351.086535,1.0,True,40,0,0,938.1622960567474,1357.165090560913,6.8396539211273195,938.1622960567474,completed
3844.534538,40,351.141827,1.0,True,40,0,0,852.6656231880188,1102.8798322677612,3.9462284088134765,852.6656231880188,completed
4256.604049,40,351.199165,1.0,True,40,0,0,763.5630284547806,972.7701504230499,1.8776371002197265,763.5630284547806,completed
2532.141079,40,351.255211,1.0,True,40,0,0,1085.738305091858,1571.0036630630493,9.978898859024047,1085.738305091858,completed
4066.614281,40,351.310831,1.0,True,40,0,0,766.978134393692,953.4013381004333,3.5557170867919923,766.978134393692,completed
4112.519404,40,351.367577,1.0,True,40,0,0,796.847231388092,1035.8039197921753,2.249849319458008,796.847231388092,completed
4112.704469,40,351.423654,1.0,True,40,0,0,844.6612863540649,1078.1003856658936,0.682354187965393,844.6612863540649,completed
2335.584468,40,351.47936,1.0,True,40,0,0,1044.771538734436,1526.9396524429321,13.34898738861084,1044.771538734436,completed
3061.937026,40,351.536343,1.0,True,40,0,0,925.850306391716,1339.8203766345978,8.984379696846009,925.850306391716,completed
3649.004818,40,351.594462,1.0,True,40,0,0,844.1209344863892,1112.340615272522,5.699349308013916,844.1209344863892,completed
3569.945535,40,351.650042,1.0,True,40,0,0,936.0423502922058,1279.8379936218262,4.0075907707214355,936.0423502922058,completed
3343.374657,40,352.913994,1.0,True,40,0,0,1049.936042547226,1545.5859875679016,2.6439891338348387,1049.936042547226,completed
4178.91186,40,352.969232,1.0,True,40,0,0,861.2794599533081,1010.1328926086426,1.6021785259246826,861.2794599533081,completed
2724.770821,40,353.028926,1.0,True,40,0,0,1092.45898771286,1405.7348232269287,11.043068504333496,1092.45898771286,completed
1669.16237,40,353.083111,1.0,True,40,0,0,1199.7085509300232,1744.2782182693481,17.841330742836,1199.7085509300232,completed
2380.297901,40,353.136051,1.0,True,40,0,0,1116.8281245231628,1598.3002228736877,11.580937242507934,1116.8281245231628,completed
3200.199259,40,353.190338,1.0,True,40,0,0,1002.63987159729,1373.1059594154358,7.160003280639648,1002.63987159729,completed
2471.107416,40,353.244451,1.0,True,40,0,0,1107.0796797275543,1511.0675733089447,12.343380570411682,1107.0796797275543,completed
2829.869028,40,353.29875,1.0,True,40,0,0,987.8988134860992,1535.966314792633,7.472859215736389,987.8988134860992,completed
2880.316031,40,353.352878,1.0,True,40,0,0,1072.2717025279999,1509.8736414909363,7.505749273300171,1072.2717025279999,completed
3135.533635,40,353.408115,1.0,True,40,0,0,970.6187942028046,1314.20947265625,8.080808353424072,970.6187942028046,completed
1946.199346,40,353.461892,1.0,True,40,0,0,1074.7860870361328,1490.7873616218567,17.863286304473878,1074.7860870361328,completed
3461.035177,40,353.514935,1.0,True,40,0,0,947.9254424571991,1360.2102041244507,3.8622291564941404,947.9254424571991,completed
2924.198886,40,353.567675,1.0,True,40,0,0,1045.0340504646301,1302.6007928848267,10.323997640609742,1045.0340504646301,completed
3520.413154,40,353.621251,1.0,True,40,0,0,933.1395874023438,1273.2642183303833,4.426405668258667,933.1395874023438,completed
2901.719507,40,353.675954,1.0,True,40,0,0,946.7733700275421,1255.115213394165,11.369871699810028,946.7733700275421,completed
3059.594119,40,353.729153,1.0,True,40,0,0,887.5567343235016,1287.3152499198914,9.085313320159912,887.5567343235016,completed
2582.049618,40,353.782072,1.0,True,40,0,0,1025.9557347297668,1399.75390291214,13.095595598220825,1025.9557347297668,completed
2379.150545,40,353.835118,1.0,True,40,0,0,1067.6094895601273,1605.033364057541,11.871838259696961,1067.6094895601273,completed
2812.443112,40,353.889883,1.0,True,40,0,0,1007.9361600875854,1382.2259063720703,10.279333686828613,1007.9361600875854,completed
2089.705242,40,353.9437,1.0,True,40,0,0,1122.5117344856262,1620.1384329795837,14.5579430103302,1122.5117344856262,completed
3747.122171,40,353.99642,1.0,True,40,0,0,843.6800210475922,1123.931670665741,4.004312229156494,843.6800210475922,completed
2882.377775,40,354.051761,1.0,True,40,0,0,983.3770854473114,1317.541434764862,11.103754937648773,983.3770854473114,completed
3186.601377,40,354.105681,1.0,True,40,0,0,894.7570252418518,1239.2524881362915,9.354583382606506,894.7570252418518,completed
3710.887239,40,354.159973,1.0,True,40,0,0,827.9309900999069,1066.1650454998016,5.682157707214356,827.9309900999069,completed
4070.378625,40,354.214297,1.0,True,40,0,0,797.3852123618126,975.0898236036301,3.2948930263519287,797.3852123618126,completed
2729.475953,40,354.269463,1.0,True,40,0,0,1133.1934823989868,1683.7980422973633,7.167876386642456,1133.1934823989868,completed
2879.893789,40,354.32322,1.0,True,40,0,0,1029.414684176445,1350.4672391414642,9.711792969703675,1029.414684176445,completed
3824.013979,40,354.377354,1.0,True,40,0,0,849.9940009117126,993.2729392051697,5.417367339134216,849.9940009117126,completed
2854.693156,40,354.431307,1.0,True,40,0,0,1026.4331505298615,1468.155077457428,9.680954611301422,1026.4331505298615,completed
3102.261651,40,354.485128,1.0,True,40,0,0,1027.2425246238708,1351.4988613128662,7.246801090240479,1027.2425246238708,completed
4568.124904,40,354.539504,1.0,True,40,0,0,672.0768053531647,826.9568419456482,0.36220607757568357,672.0768053531647,completed
2477.777333,40,354.593261,1.0,True,40,0,0,1145.357063651085,1751.980075597763,8.972879314422608,1145.357063651085,completed
4402.193269,40,354.646884,1.0,True,40,0,0,793.9151182174683,892.7646217346191,0.6177072048187255,793.9151182174683,completed
3962.23089,40,354.700722,1.0,True,40,0,0,846.4506556987762,1145.8174419403076,2.243744134902954,846.4506556987762,completed
3484.608642,40,354.754603,1.0,True,40,0,0,887.1796209812164,1195.9034638404846,5.969872188568115,887.1796209812164,completed
1967.286573,40,354.808358,1.0,True,40,0,0,1180.574954509735,1804.24014377594,11.246303701400757,1180.574954509735,completed
3464.48549,40,354.861136,1.0,True,40,0,0,900.4361910820007,1133.0772562026978,6.673347663879395,900.4361910820007,completed
3390.026571,40,354.914684,1.0,True,40,0,0,954.6789971590042,1350.6915937662125,4.517565965652466,954.6789971590042,completed
2662.429466,40,354.968421,1.0,True,40,0,0,1019.6004827022552,1398.9402070045471,11.212200212478638,1019.6004827022552,completed
3648.90562,40,355.022216,1.0,True,40,0,0,869.147029042244,1131.2994725704193,5.252209281921386,869.147029042244,completed
2579.934597,40,355.076958,1.0,True,40,0,0,1082.664451599121,1375.1216711997986,12.410411167144776,1082.664451599121,completed
3852.468959,40,355.129225,1.0,True,40,0,0,816.9614946842194,964.6415572166443,6.015605390071869,816.9614946842194,completed
4367.068285,40,355.182798,1.0,True,40,0,0,797.070286989212,985.867681980133,0.06543865203857421,797.070286989212,completed
2400.835772,40,355.236462,1.0,True,40,0,0,1132.1028881072998,1587.9686279296875,11.351712560653686,1132.1028881072998,completed
3300.763692,40,355.28936,1.0,True,40,0,0,980.5723314285278,1187.1149578094482,7.6883306980133055,980.5723314285278,completed
3562.074134,40,355.342717,1.0,True,40,0,0,1050.8026099205017,1555.6223039627075,0.3907470703125,1050.8026099205017,completed
4236.744742,40,355.395694,1.0,True,40,0,0,779.506626367569,877.8099317550659,2.3745044708251952,779.506626367569,completed
3229.392323,40,355.448439,1.0,True,40,0,0,1028.5774655342102,1578.6576642990112,4.086722087860108,1028.5774655342102,completed
3386.966798,40,355.503263,1.0,True,40,0,0,884.487781047821,1213.305853843689,7.596301174163818,884.487781047821,completed
2504.572179,40,355.555858,1.0,True,40,0,0,1120.2026529312134,1522.2982234954834,11.35972728729248,1120.2026529312134,completed
3866.206924,40,355.609354,1.0,True,40,0,0,976.8573384284973,1216.6560430526733,1.4919628143310546,976.8573384284973,completed
1951.347624,40,356.858165,1.0,True,40,0,0,1080.9320130348206,1588.182801246643,17.351151084899904,1080.9320130348206,completed
3410.854194,40,356.912795,1.0,True,40,0,0,964.3860075473785,1388.0783352851868,3.9828504085540772,964.3860075473785,completed
4298.459381,40,356.966452,1.0,True,40,0,0,773.6304547786713,948.5041184425354,0.9875977039337158,773.6304547786713,completed
2730.609344,40,357.020875,1.0,True,40,0,0,894.2331373691559,1257.3018531799316,12.622734189033508,894.2331373691559,completed
3096.943511,40,357.073927,1.0,True,40,0,0,997.1576266288757,1383.765248298645,7.720251750946045,997.1576266288757,completed
3347.546332,40,357.128468,1.0,True,40,0,0,934.2656257152557,1175.339162349701,8.237765169143676,934.2656257152557,completed
3114.480603,40,357.183623,1.0,True,40,0,0,1030.6708331108093,1408.5987434387207,7.220728492736816,1030.6708331108093,completed
2772.860396,40,357.23871,1.0,True,40,0,0,1065.149445772171,1608.9854836463928,7.852073812484742,1065.149445772171,completed
3012.815496,40,357.292314,1.0,True,40,0,0,1002.6015309095383,1385.834124326706,8.077575612068177,1002.6015309095383,completed
3420.076161,40,357.346414,1.0,True,40,0,0,931.2036316394806,1216.241161108017,5.854204779863357,931.2036316394806,completed
2486.496303,40,357.400328,1.0,True,40,0,0,1080.4091086387634,1560.698245048523,11.0436270236969,1080.4091086387634,completed
4311.723263,40,357.455614,1.0,True,40,0,0,714.6448922455311,867.1521540284157,2.382780408859253,714.6448922455311,completed
4226.960638,40,357.509803,1.0,True,40,0,0,687.3091753125191,858.7701789140701,3.4500832557678223,687.3091753125191,completed
3073.865862,40,357.563369,1.0,True,40,0,0,927.478054523468,1355.3033056259155,7.672670865058899,927.478054523468,completed
3992.069143,40,357.617475,1.0,True,40,0,0,846.3125994205475,1114.6192259788513,1.3632768630981444,846.3125994205475,completed
3444.99755,40,357.67211,1.0,True,40,0,0,874.6457662582397,1187.2705302238464,6.677717590332032,874.6457662582397,completed
2508.048091,40,357.726081,1.0,True,40,0,0,1038.033938407898,1620.26300907135,9.64802794456482,1038.033938407898,completed
3818.462503,40,357.783203,1.0,True,40,0,0,903.61452293396,1200.7617511749268,2.5441357135772704,903.61452293396,completed
3055.957037,40,357.837603,1.0,True,40,0,0,990.8381972312927,1398.7084283828735,8.07450966835022,990.8381972312927,completed
3256.973719,40,357.893341,1.0,True,40,0,0,911.4706366062164,1284.6803154945374,6.787444400787353,911.4706366062164,completed
4227.000194,40,357.947758,1.0,True,40,0,0,722.9075626134872,891.4592187404633,2.7331265926361086,722.9075626134872,completed
2875.305059,40,358.004794,1.0,True,40,0,0,1015.4693388938904,1414.1219325065613,9.310990142822266,1015.4693388938904,completed
3558.275353,40,358.064798,1.0,True,40,0,0,917.1201236248016,1233.3538131713867,4.622042226791382,917.1201236248016,completed
3361.808356,40,358.118284,1.0,True,40,0,0,1028.1326990127563,1393.5502014160156,4.042585039138794,1028.1326990127563,completed
2582.215981,40,358.171413,1.0,True,40,0,0,1089.0279216766357,1459.704800605774,11.79614982008934,1089.0279216766357,completed
2890.491069,40,358.226048,1.0,True,40,0,0,1002.5721802711487,1360.8070783615112,10.263472962379456,1002.5721802711487,completed
2797.452276,40,358.281347,1.0,True,40,0,0,1015.7555856704712,1451.706699371338,9.140212535858154,1015.7555856704712,completed
2015.201226,40,358.334812,1.0,True,40,0,0,1166.411455631256,1772.1580953598022,13.069724941253662,1166.411455631256,completed
3205.292177,40,358.388162,1.0,True,40,0,0,932.9373289346695,1200.9367830753326,7.173937058448791,932.9373289346695,completed
3879.376831,40,358.440929,1.0,True,40,0,0,793.228199005127,1033.1937937736511,3.9771634578704833,793.228199005127,completed
3551.120623,40,358.494383,1.0,True,40,0,0,848.7305748462677,1083.2588691711426,6.663203454017639,848.7305748462677,completed
2999.584612,40,358.548896,1.0,True,40,0,0,1156.6281316280365,1402.6717641353607,7.168744611740112,1156.6281316280365,completed
3269.175507,40,358.602128,1.0,True,40,0,0,976.2411789894104,1351.2189874649048,5.859236240386963,976.2411789894104,completed
3521.920682,40,358.65453,1.0,True,40,0,0,898.060122013092,1118.9399032592773,6.480116891860962,898.060122013092,completed
3539.938048,40,358.707734,1.0,True,40,0,0,880.1286590099335,1089.4249205589294,6.795216798782349,880.1286590099335,completed
4133.28596,40,358.761521,1.0,True,40,0,0,785.5808017253876,1072.8857741355896,1.2523900985717773,785.5808017253876,completed
3586.768515,40,358.815549,1.0,True,40,0,0,828.3929218053818,1094.2403616905212,6.219141674041748,828.3929218053818,completed
2765.30591,40,358.869163,1.0,True,40,0,0,976.7701525688171,1382.9502611160278,11.717333889007568,976.7701525688171,completed
3213.964667,40,358.92286,1.0,True,40,0,0,1075.7146444320679,1533.6896705627441,3.606848859786987,1075.7146444320679,completed
4132.799852,40,358.976403,1.0,True,40,0,0,724.9663910865784,923.4229135513306,3.4556888580322265,724.9663910865784,completed
3070.14207,40,359.032622,1.0,True,40,0,0,1037.0748036503792,1319.0343090295792,8.020941352844238,1037.0748036503792,completed
3530.818052,40,359.08754,1.0,True,40,0,0,927.9049797058105,1325.842429637909,3.9251535892486573,927.9049797058105,completed
4050.119996,40,359.140791,1.0,True,40,0,0,731.6834853291512,975.4906336069107,4.03537769317627,731.6834853291512,completed
2153.82553,40,359.194024,1.0,True,40,0,0,1087.1615324020386,1760.8643226623535,13.024084949493409,1087.1615324020386,completed
3597.663085,40,359.247121,1.0,True,40,0,0,886.2727913856506,1265.2697038650513,4.234707069396973,886.2727913856506,completed
3656.133981,40,359.301558,1.0,True,40,0,0,823.9512189626694,1132.390785932541,5.485817790031433,823.9512189626694,completed
3240.673585,40,359.355602,1.0,True,40,0,0,962.9844622612,1273.1892929077148,7.700343942642212,962.9844622612,completed
4014.992596,40,359.409381,1.0,True,40,0,0,890.5187602043152,1101.5398025512695,1.8625295639038086,890.5187602043152,completed
3603.514554,40,359.462383,1.0,True,40,0,0,900.8199293613434,1200.1758399009705,4.322500801086425,900.8199293613434,completed
3425.725867,40,359.515807,1.0,True,40,0,0,925.5380041599274,1165.3952116966248,6.837707471847534,925.5380041599274,completed
2676.419708,40,359.569685,1.0,True,40,0,0,1071.175882935524,1481.429046869278,10.766285133361816,1071.175882935524,completed
3258.432968,40,360.818307,1.0,True,40,0,0,881.5041949748993,1283.6530447006226,7.320577073097229,881.5041949748993,completed
3231.027485,40,360.872684,1.0,True,40,0,0,990.23273229599,1306.5707445144653,5.907563209533691,990.23273229599,completed
3885.563617,40,360.928572,1.0,True,40,0,0,895.293806552887,1173.5473442077637,1.8294752597808839,895.293806552887,completed
3780.313209,40,360.985733,1.0,True,40,0,0,850.4438896179199,1035.5942859649658,4.440834283828735,850.4438896179199,completed
1976.836856,40,361.040385,1.0,True,40,0,0,1117.0334131717682,1497.312906742096,16.448736238479615,1117.0334131717682,completed
3425.762918,40,361.09394,1.0,True,40,0,0,900.9526824951172,1331.2199211120605,4.741544485092163,900.9526824951172,completed
3277.594608,40,361.150822,1.0,True,40,0,0,942.8315925598145,1244.738447189331,7.468676805496216,942.8315925598145,completed
3283.944861,40,361.208179,1.0,True,40,0,0,878.4526977539062,1242.2961111068726,7.9057224750518795,878.4526977539062,completed
3999.5921,40,361.264372,1.0,True,40,0,0,796.0267612934113,930.7406644821167,3.549713909626007,796.0267612934113,completed
3027.549713,40,361.31915,1.0,True,40,0,0,1028.8155491352081,1341.8305974006653,8.301841259002686,1028.8155491352081,completed
3932.36045,40,361.375161,1.0,True,40,0,0,881.0249462127686,1102.7309560775757,2.3252566337585447,881.0249462127686,completed
3534.798728,40,361.434694,1.0,True,40,0,0,964.3708577156067,1140.800048828125,5.521233797073364,964.3708577156067,completed
3355.627408,40,361.493327,1.0,True,40,0,0,952.2436324954033,1214.9408286809921,7.144893765449524,952.2436324954033,completed
2442.110721,40,361.548597,1.0,True,40,0,0,1058.4549505710602,1444.0520009994507,13.054488849639892,1058.4549505710602,completed
3383.042871,40,361.602361,1.0,True,40,0,0,920.2212882041931,1241.022144317627,6.371249961853027,920.2212882041931,completed
3184.592679,40,361.656352,1.0,True,40,0,0,982.8918836116791,1267.9965062141418,8.010950422286987,982.8918836116791,completed
1892.215572,40,361.710883,1.0,True,40,0,0,1301.9314851760864,1602.0422163009644,16.24223873615265,1301.9314851760864,completed
3948.128029,40,361.771525,1.0,True,40,0,0,825.6656594276428,1077.6500940322876,3.200718402862549,825.6656594276428,completed
3403.597396,40,361.83208,1.0,True,40,0,0,859.8256552815437,1094.2896472215652,8.584857487678528,859.8256552815437,completed
3044.232614,40,361.892859,1.0,True,40,0,0,1033.6451115608215,1380.2195711135864,8.154234886169434,1033.6451115608215,completed
3458.620401,40,361.947327,1.0,True,40,0,0,947.0804867744446,1225.6568341255188,5.436359870433807,947.0804867744446,completed
4096.418585,40,362.001847,1.0,True,40,0,0,812.8815063238144,1011.7928512096405,2.3485046863555907,812.8815063238144,completed
3446.851852,40,362.055876,1.0,True,40,0,0,876.9441685676575,1161.9528813362122,5.735418462753296,876.9441685676575,completed
3732.146617,40,362.110971,1.0,True,40,0,0,911.5486816167831,1169.594137430191,3.054632782936096,911.5486816167831,completed
3571.130422,40,362.167373,1.0,True,40,0,0,875.5668294429779,1085.7091717720032,7.428117394447327,875.5668294429779,completed
3213.041053,40,362.22198,1.0,True,40,0,0,895.6737825870514,1261.846821308136,8.081539678573609,895.6737825870514,completed
4134.77333,40,362.274751,1.0,True,40,0,0,803.5584511756897,963.4602470397949,2.291066598892212,803.5584511756897,completed
4403.431751,40,362.328895,1.0,True,40,0,0,784.6865437030792,961.1001954078674,0.04432635307312012,784.6865437030792,completed
3315.334624,40,362.381449,1.0,True,40,0,0,996.1215076446533,1385.4026737213135,4.975619125366211,996.1215076446533,completed
2930.039224,40,362.435155,1.0,True,40,0,0,1036.9157814979553,1454.709397315979,8.22038712501526,1036.9157814979553,completed
3305.97284,40,362.488312,1.0,True,40,0,0,978.2205305099487,1305.5601959228516,6.324732828140259,978.2205305099487,completed
2595.235114,40,362.54217,1.0,True,40,0,0,1019.0557682514191,1455.941415309906,11.584948348999024,1019.0557682514191,completed
4041.787074,40,362.595607,1.0,True,40,0,0,806.1763426065445,982.5834362506866,3.4833167552948,806.1763426065445,completed
4791.911493,40,362.648982,1.0,True,40,0,0,643.1057207584381,711.1137042045593,0.0,643.1057207584381,completed
3945.566111,40,362.701473,1.0,True,40,0,0,718.0244987010956,967.3126301765442,4.619691205024719,718.0244987010956,completed
3189.503569,40,362.755512,1.0,True,40,0,0,884.6556353569031,1181.080774307251,9.256427478790282,884.6556353569031,completed
3887.326127,40,362.811676,1.0,True,40,0,0,857.4050326347351,1067.716802597046,3.8592796325683594,857.4050326347351,completed
3707.548456,40,362.864823,1.0,True,40,0,0,873.8003590106964,1114.2619137763977,4.718540287017822,873.8003590106964,completed
2261.04948,40,362.918102,1.0,True,40,0,0,1229.2127180099487,1899.967113494873,8.705738306045532,1229.2127180099487,completed
2891.622541,40,362.971767,1.0,True,40,0,0,1012.0318057537079,1330.6283164024353,9.655840349197387,1012.0318057537079,completed
4289.457388,40,363.033296,1.0,True,40,0,0,759.8472137451172,835.0771389007568,2.7631178855895997,759.8472137451172,completed
3757.692391,40,363.092673,1.0,True,40,0,0,850.6241955757141,1039.6094369888306,4.6670338869094845,850.6241955757141,completed
3800.884252,40,363.147479,1.0,True,40,0,0,799.2871471643448,1000.4853217601776,5.050120067596436,799.2871471643448,completed
3384.662391,40,363.202387,1.0,True,40,0,0,958.1642332077026,1265.3731517791748,6.35660753250122,958.1642332077026,completed
2601.057115,40,363.259273,1.0,True,40,0,0,1200.0503749847412,1685.5912170410156,7.6220290184021,1200.0503749847412,completed
2919.019503,40,363.315756,1.0,True,40,0,0,970.4828724861145,1429.0321702957153,8.584442329406738,970.4828724861145,completed
4328.512276,40,363.36902,1.0,True,40,0,0,761.8979985713959,879.1159081459045,1.6540178298950194,761.8979985713959,completed
3665.231035,40,363.421673,1.0,True,40,0,0,866.6924095153809,1135.5588188171387,4.382985234260559,866.6924095153809,completed
2958.18667,40,363.474629,1.0,True,40,0,0,1056.6002640724182,1529.8857250213623,6.999735927581787,1056.6002640724182,completed
3382.447448,40,363.527668,1.0,True,40,0,0,959.2302641868591,1290.0339064598083,5.412213706970215,959.2302641868591,completed
2305.588843,40,363.580238,1.0,True,40,0,0,1048.174819946289,1560.7412109375,13.546136665344239,1048.174819946289,completed
1797.437359,40,363.633242,1.0,True,40,0,0,1210.1637427806854,1726.5935153961182,16.09014410972595,1210.1637427806854,completed
3652.945489,40,364.920421,1.0,True,40,0,0,951.421217918396,1284.995521068573,3.0963338375091554,951.421217918396,completed
3729.817905,40,364.977762,1.0,True,40,0,0,919.0242443084717,1258.9923868179321,2.4234490394592285,919.0242443084717,completed
2432.113539,40,365.033653,1.0,True,40,0,0,1009.1012530326843,1547.5170621871948,13.064461755752564,1009.1012530326843,completed
3082.592189,40,365.090479,1.0,True,40,0,0,982.015380859375,1333.4334573745728,7.767772245407104,982.015380859375,completed
2848.575633,40,365.146402,1.0,True,40,0,0,973.8557329177856,1352.931282043457,10.486081457138061,973.8557329177856,completed
2748.473882,40,365.206978,1.0,True,40,0,0,1036.2853169441223,1492.7467336654663,9.659169006347657,1036.2853169441223,completed
3275.957913,40,365.268621,1.0,True,40,0,0,949.8953726291656,1436.030056476593,5.430897521972656,949.8953726291656,completed
2917.992759,40,365.330324,1.0,True,40,0,0,1039.1576738357544,1352.7867007255554,9.4430908203125,1039.1576738357544,completed
3607.547465,40,365.387763,1.0,True,40,0,0,971.2069320678711,1252.5401420593262,3.9616777420043947,971.2069320678711,completed
3141.952181,40,365.446317,1.0,True,40,0,0,1067.7206459641457,1457.5868812799454,4.988373279571533,1067.7206459641457,completed
2977.093918,40,365.502819,1.0,True,40,0,0,1013.6363196372986,1314.558035850525,9.733880639076233,1013.6363196372986,completed
3375.267154,40,365.559788,1.0,True,40,0,0,903.5856761932373,1223.1002254486084,7.777139902114868,903.5856761932373,completed
2911.146817,40,365.616198,1.0,True,40,0,0,989.5027997493744,1540.2629599571228,7.323278093338013,989.5027997493744,completed
2744.799278,40,365.673061,1.0,True,40,0,0,1059.5627655982971,1514.5575580596924,9.2306218624115,1059.5627655982971,completed
3053.659368,40,365.728586,1.0,True,40,0,0,949.6051731109619,1291.6420192718506,9.259641337394715,949.6051731109619,completed
3623.965668,40,365.784788,1.0,True,40,0,0,958.8131827116013,1193.943017244339,4.342613792419433,958.8131827116013,completed
2024.651698,40,365.841957,1.0,True,40,0,0,1097.7143478393555,1620.7395877838135,15.236326837539673,1097.7143478393555,completed
3637.060748,40,365.900646,1.0,True,40,0,0,885.3664381504059,1235.0848650932312,4.164075469970703,885.3664381504059,completed
3232.1613,40,365.958965,1.0,True,40,0,0,974.6791226863861,1366.3902792930603,6.750023984909058,974.6791226863861,completed
1439.929752,40,366.015151,1.0,True,40,0,0,1310.7750663757324,1989.2848539352417,16.504898357391358,1310.7750663757324,completed
3336.428951,40,366.071101,1.0,True,40,0,0,880.7754998207092,1246.0393476486206,7.180780839920044,880.7754998207092,completed
3386.468892,40,366.127606,1.0,True,40,0,0,881.7659953832626,1263.3933141231537,6.6217358112335205,881.7659953832626,completed
3272.241466,40,366.183334,1.0,True,40,0,0,915.8446807861328,1264.2228116989136,7.4700829029083256,915.8446807861328,completed
2379.572733,40,366.23923,1.0,True,40,0,0,1211.7250318527222,1904.1530904769897,7.610298109054566,1211.7250318527222,completed
3174.839887,40,366.294891,1.0,True,40,0,0,984.8761270046234,1448.4388461112976,5.636896324157715,984.8761270046234,completed
3379.870789,40,366.351105,1.0,True,40,0,0,955.3586525917053,1255.6243696212769,6.571590161323547,955.3586525917053,completed
3476.551862,40,366.407596,1.0,True,40,0,0,979.2344756126404,1315.1766176223755,4.365164661407471,979.2344756126404,completed
4151.573667,40,366.464817,1.0,True,40,0,0,831.2070121765137,981.3439617156982,2.2527971029281617,831.2070121765137,completed
2764.042357,40,366.521599,1.0,True,40,0,0,1039.348973453045,1500.8567737340927,10.267572593688964,1039.348973453045,completed
2433.550817,40,366.578704,1.0,True,40,0,0,1046.756238937378,1542.1068439483643,11.588473892211914,1046.756238937378,completed
3694.492268,40,366.637566,1.0,True,40,0,0,898.8432104587555,1130.2920784950256,4.473506498336792,898.8432104587555,completed
2837.950241,40,366.69326,1.0,True,40,0,0,1021.6821892261505,1498.1017880439758,9.201605987548827,1021.6821892261505,completed
2481.999902,40,366.748253,1.0,True,40,0,0,1083.004343032837,1535.6305255889893,11.737548923492431,1083.004343032837,completed
3398.614571,40,366.804592,1.0,True,40,0,0,947.7089166641235,1247.3274359703064,6.196248745918274,947.7089166641235,completed
3067.568524,40,366.86319,1.0,True,40,0,0,990.1390269994736,1322.2380921840668,8.361076974868775,990.1390269994736,completed
3472.72147,40,366.919016,1.0,True,40,0,0,846.2663676738739,1204.734516620636,6.303884267807007,846.2663676738739,completed
3416.315268,40,366.975177,1.0,True,40,0,0,878.5038063526154,1168.7771162986755,7.261595249176025,878.5038063526154,completed
2650.974014,40,367.03283,1.0,True,40,0,0,1103.6413474082947,1621.146478652954,8.607250642776489,1103.6413474082947,completed
2864.147269,40,367.089849,1.0,True,40,0,0,968.6994166374207,1350.0876626968384,10.056708145141602,968.6994166374207,completed
3367.019311,40,367.146216,1.0,True,40,0,0,886.923101902008,1276.22376537323,6.337258577346802,886.923101902008,completed
2368.859055,40,367.20227,1.0,True,40,0,0,1121.3905591964722,1683.6433267593384,10.828736877441406,1121.3905591964722,completed
3565.804515,40,367.257783,1.0,True,40,0,0,849.83740234375,1164.0663757324219,5.04775037765503,849.83740234375,completed
3784.898503,40,367.313599,1.0,True,40,0,0,876.7611722946167,1017.034252166748,5.066338956356049,876.7611722946167,completed
4257.567874,40,367.36996,1.0,True,40,0,0,783.5361890792847,930.9846696853638,1.6653409481048584,783.5361890792847,completed
3133.810835,40,367.425795,1.0,True,40,0,0,909.4567646980286,1388.3286199569702,6.291920304298401,909.4567646980286,completed
2673.672662,40,367.481769,1.0,True,40,0,0,1039.288238286972,1300.1073491573334,12.907953882217408,1039.288238286972,completed
3289.087776,40,367.537965,1.0,True,40,0,0,868.5120477676392,1277.007375717163,7.438711023330688,868.5120477676392,completed
3619.04712,40,367.594236,1.0,True,40,0,0,905.288275718689,1276.570011138916,3.669411277770996,905.288275718689,completed
3615.040918,40,367.649871,1.0,True,40,0,0,925.959860086441,1136.4149045944214,5.491584634780883,925.959860086441,completed
2739.522544,40,367.705388,1.0,True,40,0,0,1064.0960302352905,1465.6991500854492,9.621884655952453,1064.0960302352905,completed
3417.646343,40,367.762561,1.0,True,40,0,0,967.2074948549271,1120.5129144191742,6.930811929702759,967.2074948549271,completed
3357.20806,40,369.014976,1.0,True,40,0,0,904.0908280611038,1210.779032945633,7.543506336212158,904.0908280611038,completed
3633.63597,40,369.080394,1.0,True,40,0,0,941.622284412384,1173.0841794013977,4.949975776672363,941.622284412384,completed
2581.052591,40,369.139813,1.0,True,40,0,0,1052.807787656784,1478.712729215622,11.508484172821046,1052.807787656784,completed
4311.04156,40,369.197936,1.0,True,40,0,0,719.3739974498749,888.6543307304382,2.0601784706115724,719.3739974498749,completed
2413.786897,40,369.255368,1.0,True,40,0,0,1038.3460803031921,1567.0980319976807,11.554970240592956,1038.3460803031921,completed
2767.226101,40,369.311604,1.0,True,40,0,0,1149.937267780304,1565.1527643203735,8.201793718338013,1149.937267780304,completed
2838.275914,40,369.368073,1.0,True,40,0,0,1018.0598359107971,1368.0069737434387,9.763506412506104,1018.0598359107971,completed
2897.993133,40,369.423158,1.0,True,40,0,0,1012.3575310707092,1333.3571019172668,10.786244201660157,1012.3575310707092,completed
4229.417005,40,369.479305,1.0,True,40,0,0,797.4082709550858,910.1845524311066,2.5116878032684324,797.4082709550858,completed
3233.630645,40,369.535137,1.0,True,40,0,0,917.8030023574829,1213.356309890747,8.324945163726806,917.8030023574829,completed
2711.249327,40,369.591106,1.0,True,40,0,0,1044.7611005306244,1433.8670630455017,10.558003044128418,1044.7611005306244,completed
3023.231062,40,369.648189,1.0,True,40,0,0,1060.0048513412476,1454.7909355163574,6.568699979782105,1060.0048513412476,completed
4149.742631,40,369.702568,1.0,True,40,0,0,722.8181934952736,935.6209465265274,3.092292642593384,722.8181934952736,completed
3351.930145,40,369.757629,1.0,True,40,0,0,933.5765130519867,1149.7963185310364,7.289349961280823,933.5765130519867,completed
3008.37223,40,369.813206,1.0,True,40,0,0,972.4524207115173,1463.8868770599365,7.286009407043457,972.4524207115173,completed
4138.501799,40,369.868132,1.0,True,40,0,0,759.2063889503479,1018.4270687103271,1.508807396888733,759.2063889503479,completed
2574.96079,40,369.925705,1.0,True,40,0,0,1021.4056465625763,1473.6501297950745,10.952258491516114,1021.4056465625763,completed
3952.783223,40,369.983346,1.0,True,40,0,0,780.0749802589417,960.8845844268799,4.464984321594239,780.0749802589417,completed
3182.123016,40,370.038209,1.0,True,40,0,0,909.2249085903168,1235.2131991386414,9.045094001293183,909.2249085903168,completed
3245.732745,40,370.09378,1.0,True,40,0,0,827.5655534267426,1142.2062306404114,9.203763365745544,827.5655534267426,completed
3695.874879,40,370.149403,1.0,True,40,0,0,842.0967454910278,1016.570140838623,5.820498991012573,842.0967454910278,completed
3000.881929,40,370.205093,1.0,True,40,0,0,1041.59148645401,1406.8825511932373,8.26990466117859,1041.59148645401,completed
3400.332944,40,370.265423,1.0,True,40,0,0,966.4404873847961,1335.1533670425415,4.201675748825073,966.4404873847961,completed
2430.652934,40,370.328008,1.0,True,40,0,0,1123.1824226379395,1409.0085134506226,13.194103097915649,1123.1824226379395,completed
4189.039917,40,370.389509,1.0,True,40,0,0,843.9701013565063,1017.9449052810669,1.1854828357696534,843.9701013565063,completed
2653.929598,40,370.445268,1.0,True,40,0,0,1076.8317198753357,1335.4256210327148,12.075039839744568,1076.8317198753357,completed
3802.213381,40,370.501634,1.0,True,40,0,0,759.834979057312,1021.4557857513428,5.041053342819214,759.834979057312,completed
3003.382324,40,370.557388,1.0,True,40,0,0,939.3473796844482,1363.7367534637451,8.661235237121582,939.3473796844482,completed
2863.229835,40,370.614071,1.0,True,40,0,0,971.1160788536072,1265.4642386436462,11.526123189926148,971.1160788536072,completed
2896.088437,40,370.670155,1.0,True,40,0,0,997.4527249336243,1378.945813179016,9.669994163513184,997.4527249336243,completed
2725.817748,40,370.72675,1.0,True,40,0,0,1104.756731390953,1512.0316751003265,9.476167130470277,1104.756731390953,completed
3968.32347,40,370.781946,1.0,True,40,0,0,803.2881412506104,1117.1584959030151,2.5728662490844725,803.2881412506104,completed
3204.950679,40,370.837321,1.0,True,40,0,0,857.4770743846893,1147.443088054657,10.042195987701415,857.4770743846893,completed
2227.385622,40,370.893963,1.0,True,40,0,0,1101.8731367588043,1608.7441067695618,14.39839973449707,1101.8731367588043,completed
3710.80022,40,370.948682,1.0,True,40,0,0,840.1776530742645,1142.0170617103577,4.860930252075195,840.1776530742645,completed
3304.806245,40,371.00421,1.0,True,40,0,0,942.3111958503723,1382.327467918396,5.240585279464722,942.3111958503723,completed
3979.028161,40,371.059184,1.0,True,40,0,0,884.3127970695496,996.2883567810059,3.493337106704712,884.3127970695496,completed
3063.194221,40,371.114329,1.0,True,40,0,0,954.1336979866028,1317.6281452178955,9.061682510375977,954.1336979866028,completed
2508.193283,40,371.169726,1.0,True,40,0,0,1046.993076324463,1457.795726776123,11.812944650650024,1046.993076324463,completed
3186.416727,40,371.225254,1.0,True,40,0,0,1001.4312099814415,1426.8136929273605,6.290368556976318,1001.4312099814415,completed
3520.682588,40,371.280234,1.0,True,40,0,0,883.6100130081177,1104.1872291564941,6.806818151473999,883.6100130081177,completed
3315.318557,40,371.335603,1.0,True,40,0,0,933.5940055847168,1210.9134120941162,7.844003582000733,933.5940055847168,completed
2887.920637,40,371.393479,1.0,True,40,0,0,969.3571214675903,1354.9539136886597,9.687697315216065,969.3571214675903,completed
3137.835241,40,371.449258,1.0,True,40,0,0,982.5291254520416,1317.0472836494446,7.923690891265869,982.5291254520416,completed
2503.911955,40,371.506134,1.0,True,40,0,0,1069.1743247509003,1661.4606795310974,9.837208783626556,1069.1743247509003,completed
2984.814834,40,371.562609,1.0,True,40,0,0,971.5076775550842,1291.8893537521362,9.640028381347657,971.5076775550842,completed
3449.895204,40,371.618503,1.0,True,40,0,0,990.4092957377434,1349.7508481740952,3.826666069030762,990.4092957377434,completed
3399.578033,40,371.673735,1.0,True,40,0,0,876.5750961303711,1137.7956495285034,7.28627119064331,876.5750961303711,completed
3151.873085,40,371.729614,1.0,True,40,0,0,892.6847221851349,1242.0974531173706,9.76511104106903,892.6847221851349,completed
2315.550319,40,371.785131,1.0,True,40,0,0,1205.2115349769592,1596.9807872772217,12.058048677444457,1205.2115349769592,completed
2866.314644,40,371.840814,1.0,True,40,0,0,1016.4966614246368,1540.922899723053,8.297152113914489,1016.4966614246368,completed
4553.513038,40,373.101463,1.0,True,40,0,0,678.9704697132111,782.8432021141052,1.099714469909668,678.9704697132111,completed
2403.181349,40,373.163097,1.0,True,40,0,0,1091.5224590301514,1555.411277770996,11.449409627914429,1091.5224590301514,completed
3394.303136,40,373.218464,1.0,True,40,0,0,969.2475938796997,1320.6482729911804,5.080440092086792,969.2475938796997,completed
4178.514927,40,373.273421,1.0,True,40,0,0,775.354615688324,1058.7897968292236,1.2700440883636475,775.354615688324,completed
2188.56744,40,373.327968,1.0,True,40,0,0,1058.7436037063599,1596.15549659729,14.755191898345947,1058.7436037063599,completed
3458.885416,40,373.383642,1.0,True,40,0,0,943.5006886720657,1278.7078157663345,4.730444669723511,943.5006886720657,completed
4148.061845,40,373.437261,1.0,True,40,0,0,722.7108016014099,972.6788539886475,1.979561686515808,722.7108016014099,completed
3320.569187,40,373.490584,1.0,True,40,0,0,1033.702588379383,1374.9584556818008,4.459436988830566,1033.702588379383,completed
3590.547378,40,373.544132,1.0,True,40,0,0,912.0333653092384,1232.2886191606522,4.271439027786255,912.0333653092384,completed
3629.094023,40,373.598874,1.0,True,40,0,0,983.418857216835,1205.4798529148102,3.935335302352905,983.418857216835,completed
2829.213105,40,373.652803,1.0,True,40,0,0,974.1038274765015,1280.7445058822632,11.093820524215698,974.1038274765015,completed
3360.884092,40,373.706948,1.0,True,40,0,0,848.6510900855064,1179.6734961271286,8.341055107116699,848.6510900855064,completed
3237.396613,40,373.760848,1.0,True,40,0,0,1035.8101711273193,1453.880723953247,5.023106098175049,1035.8101711273193,completed
4083.967224,40,373.814257,1.0,True,40,0,0,780.9247107505798,979.9538459777832,2.8691089868545534,780.9247107505798,completed
2231.273678,40,373.867046,1.0,True,40,0,0,1034.8871042728424,1444.3294324874878,15.862896049022675,1034.8871042728424,completed
2496.612755,40,373.919763,1.0,True,40,0,0,1070.038571357727,1453.590705871582,12.467679071426392,1070.038571357727,completed
3118.774624,40,373.973158,1.0,True,40,0,0,967.2182762622833,1326.1636605262756,8.776429796218872,967.2182762622833,completed
3371.631492,40,374.02673,1.0,True,40,0,0,929.0692083835602,1229.389280796051,6.294984674453735,929.0692083835602,completed
3805.95436,40,374.080802,1.0,True,40,0,0,941.1933488845825,1146.1136407852173,2.8575578212738035,941.1933488845825,completed
2806.91194,40,374.135732,1.0,True,40,0,0,1036.0565509796143,1410.8777213096619,9.43110795021057,1036.0565509796143,completed
3336.521292,40,374.19095,1.0,True,40,0,0,957.900461435318,1326.8166460990906,5.490501499176025,957.900461435318,completed
3403.344809,40,374.244776,1.0,True,40,0,0,924.9013981819153,1231.361252784729,6.215212178230286,924.9013981819153,completed
3299.655755,40,374.298006,1.0,True,40,0,0,997.134642124176,1354.9331254959106,5.270462775230408,997.134642124176,completed
4054.284524,40,374.351615,1.0,True,40,0,0,833.9823508262634,1053.9965839385986,2.4491227865219116,833.9823508262634,completed
3187.572151,40,374.40476,1.0,True,40,0,0,964.620970249176,1316.6569318771362,7.441658020019531,964.620970249176,completed
2896.579385,40,374.459086,1.0,True,40,0,0,1004.3824520111084,1487.433193206787,8.4326828956604,1004.3824520111084,completed
2379.432931,40,374.514404,1.0,True,40,0,0,1099.0945463180542,1584.565902709961,11.288598108291627,1099.0945463180542,completed
3229.794078,40,374.568393,1.0,True,40,0,0,1034.6720811128616,1457.4792549610138,4.139693659543991,1034.6720811128616,completed
2057.045293,40,374.62305,1.0,True,40,0,0,1127.7405333518982,1632.6074571609497,15.068027305603028,1127.7405333518982,completed
1986.254173,40,374.677934,1.0,True,40,0,0,1078.345537662506,1778.240475654602,14.320924758911133,1078.345537662506,completed
3758.953085,40,374.732239,1.0,True,40,0,0,877.7674143314362,1090.2817769050598,4.688456392288208,877.7674143314362,completed
3614.632819,40,374.785635,1.0,True,40,0,0,951.303261756897,1202.0365734100342,4.404312419891357,951.303261756897,completed
2838.614485,40,374.839175,1.0,True,40,0,0,1053.7235515117645,1504.2563090324402,8.24336805343628,1053.7235515117645,completed
2320.172344,40,374.894169,1.0,True,40,0,0,1172.5004751682281,1625.4958510398865,10.29102418422699,1172.5004751682281,completed
3692.192613,40,374.947591,1.0,True,40,0,0,838.5092747211456,1150.7181458473206,4.6738982677459715,838.5092747211456,completed
2550.349691,40,375.001391,1.0,True,40,0,0,979.582631111145,1416.6573333740234,12.982220792770386,979.582631111145,completed
2882.147289,40,375.055196,1.0,True,40,0,0,1003.8456952571869,1353.1876215934753,9.212986373901368,1003.8456952571869,completed
2551.707379,40,375.109492,1.0,True,40,0,0,1158.4333357810974,1535.1780624389648,10.931709384918213,1158.4333357810974,completed
3022.546829,40,375.16495,1.0,True,40,0,0,1032.5579438209534,1450.2078294754028,6.846122407913208,1032.5579438209534,completed
2954.215849,40,375.219141,1.0,True,40,0,0,1072.347050189972,1468.7966270446777,7.771245384216309,1072.347050189972,completed
3478.381311,40,375.273227,1.0,True,40,0,0,864.4253969192505,1245.727355003357,6.158292007446289,864.4253969192505,completed
3144.102682,40,375.328616,1.0,True,40,0,0,974.8785905838013,1478.2958869934082,5.685558605194092,974.8785905838013,completed
2599.409633,40,375.381574,1.0,True,40,0,0,1064.4274950027466,1410.153648853302,12.447060704231262,1064.4274950027466,completed
3122.650631,40,375.43528,1.0,True,40,0,0,948.9957356452942,1347.8033590316772,8.254602909088135,948.9957356452942,completed
3722.011074,40,375.488544,1.0,True,40,0,0,849.7361872196198,1141.5582718849182,4.655413937568665,849.7361872196198,completed
3083.622948,40,375.541566,1.0,True,40,0,0,865.2000346183777,1291.6540069580078,8.580470299720764,865.2000346183777,completed
3883.702269,40,375.59559,1.0,True,40,0,0,831.8589272499084,1118.9616413116455,3.0790571212768554,831.8589272499084,completed
3008.412485,40,375.648554,1.0,True,40,0,0,855.9823777675629,1319.5292868614197,8.893948411941528,855.9823777675629,completed
3445.166431,40,375.702537,1.0,True,40,0,0,937.7946152687073,1160.567388534546,5.631658411026001,937.7946152687073,completed
3706.143553,40,375.754956,1.0,True,40,0,0,905.8281824588776,1176.4446940422058,3.640879678726196,905.8281824588776,completed
2905.91936,40,375.808663,1.0,True,40,0,0,1088.7192606925964,1448.1906290054321,8.222992396354675,1088.7192606925964,completed
4039.217821,40,377.125357,1.0,True,40,0,0,859.9127542972565,1099.524155139923,1.5044744491577149,859.9127542972565,completed
3087.764792,40,377.181244,1.0,True,40,0,0,1018.8026909828186,1323.193299293518,8.193012046813966,1018.8026909828186,completed
3139.297612,40,377.236635,1.0,True,40,0,0,937.2948267459869,1280.2047581672668,8.751253223419189,937.2948267459869,completed
4107.63942,40,377.289812,1.0,True,40,0,0,860.2064981460571,949.4650983810425,2.710313415527344,860.2064981460571,completed
2293.576126,40,377.345434,1.0,True,40,0,0,1122.6271381378174,1603.3658428192139,11.614314556121826,1122.6271381378174,completed
3752.512965,40,377.400136,1.0,True,40,0,0,883.2671048641205,1162.0330743789673,3.7411298751831055,883.2671048641205,completed
3300.651888,40,377.454385,1.0,True,40,0,0,958.5808396339417,1348.013087272644,6.579815149307251,958.5808396339417,completed
2676.803007,40,377.508344,1.0,True,40,0,0,979.0709961056709,1450.7394691705704,11.874262237548828,979.0709961056709,completed
3725.552383,40,377.56249,1.0,True,40,0,0,810.8030259609222,1142.2507066726685,4.58112530708313,810.8030259609222,completed
3065.283402,40,377.617042,1.0,True,40,0,0,1077.421312570572,1464.813030719757,6.399618458747864,1077.421312570572,completed
3424.95923,40,377.671094,1.0,True,40,0,0,849.124213218689,1255.1112904548645,5.561797785758972,849.124213218689,completed
3786.243299,40,377.723956,1.0,True,40,0,0,846.3996059894562,1067.9727711677551,4.889336109161377,846.3996059894562,completed
3658.78867,40,377.779353,1.0,True,40,0,0,828.7141124606133,1072.5187820196152,6.552652525901794,828.7141124606133,completed
2249.544588,40,377.833448,1.0,True,40,0,0,1099.5806283950806,1710.7681274414062,12.11077618598938,1099.5806283950806,completed
3685.317043,40,377.886868,1.0,True,40,0,0,852.217474937439,1087.4361610412598,5.2146586894989015,852.217474937439,completed
2605.343642,40,377.942564,1.0,True,40,0,0,1042.8714437484741,1715.401008605957,8.649904775619508,1042.8714437484741,completed
4096.807203,40,377.996564,1.0,True,40,0,0,843.5368039608002,1078.8007159233093,1.817374086380005,843.5368039608002,completed
3753.510174,40,378.054836,1.0,True,40,0,0,846.5759797096252,1104.7070446014404,4.479581117630005,846.5759797096252,completed
3294.080593,40,378.113651,1.0,True,40,0,0,944.4114673137665,1275.8370096683502,6.823147702217102,944.4114673137665,completed
4190.307633,40,378.171384,1.0,True,40,0,0,768.8692216873169,957.8030843734741,1.6223430156707763,768.8692216873169,completed
3238.333656,40,378.229038,1.0,True,40,0,0,931.4069247245789,1282.2772722244263,7.216464877128601,931.4069247245789,completed
3687.157102,40,378.283348,1.0,True,40,0,0,858.6282548904419,1065.4751739501953,5.7580406665802,858.6282548904419,completed
3476.504266,40,378.337572,1.0,True,40,0,0,862.3050079345703,1103.6964807510376,7.525582504272461,862.3050079345703,completed
3270.34122,40,378.390925,1.0,True,40,0,0,980.9192153215408,1431.652815580368,5.01611442565918,980.9192153215408,completed
4401.976558,40,378.445929,1.0,True,40,0,0,826.9780132770538,965.3060307502747,0.0,826.9780132770538,completed
3018.38979,40,378.501068,1.0,True,40,0,0,987.5684593915939,1442.8016564846039,7.649841403961181,987.5684593915939,completed
3712.920681,40,378.555318,1.0,True,40,0,0,832.3832330703735,1022.3091740608215,5.288866090774536,832.3832330703735,completed
3689.871266,40,378.609151,1.0,True,40,0,0,897.2622096538544,1081.8098158836365,4.8972576379776,897.2622096538544,completed
2843.407255,40,378.662713,1.0,True,40,0,0,1120.9265942573547,1500.4354753494263,7.419472074508667,1120.9265942573547,completed
3835.432812,40,378.716197,1.0,True,40,0,0,790.6777920722961,1024.0477504730225,4.358849835395813,790.6777920722961,completed
3076.848376,40,378.769403,1.0,True,40,0,0,962.0081869363785,1365.349973320961,8.488271760940552,962.0081869363785,completed
2449.721047,40,378.822473,1.0,True,40,0,0,1026.631376028061,1422.8736062049866,14.114239501953126,1026.631376028061,completed
2871.529372,40,378.876604,1.0,True,40,0,0,1043.9623827934265,1393.488212108612,10.053202056884766,1043.9623827934265,completed
3472.840657,40,378.936364,1.0,True,40,0,0,893.3277540206909,1142.9161291122437,6.486936855316162,893.3277540206909,completed
3837.938769,40,378.990367,1.0,True,40,0,0,832.9675483703613,1110.0663766860962,3.765096092224121,832.9675483703613,completed
3862.470476,40,379.044988,1.0,True,40,0,0,755.7279281020164,1001.4404157400131,5.218853878974914,755.7279281020164,completed
3693.693362,40,379.099617,1.0,True,40,0,0,801.3834034204483,1048.4109003543854,6.340307569503784,801.3834034204483,completed
2935.897944,40,379.153066,1.0,True,40,0,0,1077.6892404556274,1395.3289184570312,8.970333766937255,1077.6892404556274,completed
3184.763756,40,379.207661,1.0,True,40,0,0,1046.2483110427856,1427.2778549194336,5.343520212173462,1046.2483110427856,completed
2359.170074,40,379.261943,1.0,True,40,0,0,1143.4388709068298,1551.9581413269043,12.907658100128174,1143.4388709068298,completed
2379.339195,40,379.316397,1.0,True,40,0,0,1064.2970643043518,1533.5919618606567,13.814142608642578,1064.2970643043518,completed
3366.431981,40,379.369123,1.0,True,40,0,0,924.996214568615,1230.3118280172348,7.315340995788574,924.996214568615,completed
2967.780982,40,379.423207,1.0,True,40,0,0,1011.9343690872192,1368.1214637756348,8.189059829711914,1011.9343690872192,completed
3511.811326,40,379.4769,1.0,True,40,0,0,909.1946332454681,1228.692331790924,5.638879108428955,909.1946332454681,completed
3011.832912,40,379.530939,1.0,True,40,0,0,1032.9149334430695,1255.591872215271,9.653338360786439,1032.9149334430695,completed
4087.162291,40,379.584857,1.0,True,40,0,0,814.3585495948792,1030.3493905067444,1.8854781150817872,814.3585495948792,completed
1828.959114,40,379.638452,1.0,True,40,0,0,1080.4351801872253,1697.3276624679565,16.758991861343382,1080.4351801872253,completed
3628.684444,40,379.692987,1.0,True,40,0,0,863.7986788749695,1095.0534839630127,6.355968952178955,863.7986788749695,completed
3436.665232,40,379.74676,1.0,True,40,0,0,940.8793818950653,1219.8967242240906,6.149009275436401,940.8793818950653,completed
3598.729694,40,379.801807,1.0,True,40,0,0,952.5427918434143,1279.349284172058,3.8432552337646486,952.5427918434143,completed
3980.917648,40,379.855703,1.0,True,40,0,0,828.3447909355164,997.7276363372803,4.18218846321106,828.3447909355164,completed
3399.191518,40,381.104982,1.0,True,40,0,0,922.5236964225769,1285.9963836669922,5.22122802734375,922.5236964225769,completed
3514.55738,40,381.161029,1.0,True,40,0,0,910.5459520816803,1160.6560320854187,5.904917669296265,910.5459520816803,completed
2775.75873,40,381.215303,1.0,True,40,0,0,998.7435750961304,1424.4521641731262,9.913721799850464,998.7435750961304,completed
2424.414433,40,381.26997,1.0,True,40,0,0,1049.7493045330048,1657.8740649223328,10.088431406021119,1049.7493045330048,completed
3356.723055,40,381.324071,1.0,True,40,0,0,1035.1523170471191,1392.4494800567627,4.068639087677002,1035.1523170471191,completed
3230.723697,40,381.378684,1.0,True,40,0,0,956.538736820221,1247.388171195984,7.6028259038925174,956.538736820221,completed
4192.17608,40,381.432619,1.0,True,40,0,0,791.2376217842102,948.5901699066162,2.1829020023345946,791.2376217842102,completed
4098.384612,40,381.487893,1.0,True,40,0,0,849.1701609492302,1122.291594862938,0.8449067115783692,849.1701609492302,completed
3274.51349,40,381.542882,1.0,True,40,0,0,907.1753022670746,1215.593813419342,7.550351667404175,907.1753022670746,completed
2550.847226,40,381.598307,1.0,True,40,0,0,1012.9061920642853,1585.9810719490051,10.397873497009277,1012.9061920642853,completed
3457.499832,40,381.653501,1.0,True,40,0,0,932.6452121734619,1129.8562154769897,6.250890040397644,932.6452121734619,completed
3909.636012,40,381.71063,1.0,True,40,0,0,815.3695545196533,1004.3107614517212,4.767505216598511,815.3695545196533,completed
4133.920201,40,381.765346,1.0,True,40,0,0,792.6425137519836,949.2156076431274,2.2669640302658083,792.6425137519836,completed
3814.085863,40,381.819395,1.0,True,40,0,0,907.9302928447723,1101.2670254707336,3.9345279216766356,907.9302928447723,completed
3759.908843,40,381.873905,1.0,True,40,0,0,944.2653484344482,1198.984260559082,2.995615768432617,944.2653484344482,completed
3790.131463,40,381.927694,1.0,True,40,0,0,741.4657897949219,1036.9945106506348,4.8036887645721436,741.4657897949219,completed
3787.564193,40,381.982708,1.0,True,40,0,0,839.1266493201256,1170.8507755994797,3.825299549102783,839.1266493201256,completed
3525.158504,40,382.035949,1.0,True,40,0,0,868.7183871269226,1115.7850108146667,7.015586900711059,868.7183871269226,completed
3460.931401,40,382.089362,1.0,True,40,0,0,939.8629417419434,1191.2921361923218,5.934118556976318,939.8629417419434,completed
3130.559423,40,382.144171,1.0,True,40,0,0,912.7356495857239,1241.6244721412659,9.575153350830078,912.7356495857239,completed
3057.797994,40,382.199721,1.0,True,40,0,0,1017.3299286365509,1334.3627533912659,8.42506275177002,1017.3299286365509,completed
3748.055204,40,382.253008,1.0,True,40,0,0,868.0433690547943,1109.4384665489197,4.634205770492554,868.0433690547943,completed
3854.658436,40,382.305508,1.0,True,40,0,0,900.9202752113342,1205.1538543701172,2.051501989364624,900.9202752113342,completed
3574.223222,40,382.359349,1.0,True,40,0,0,986.2143239974976,1208.2408089637756,3.624791169166565,986.2143239974976,completed
3567.457313,40,382.414281,1.0,True,40,0,0,941.5494236946106,1196.7483396530151,4.5148732423782345,941.5494236946106,completed
3447.430337,40,382.469979,1.0,True,40,0,0,893.1713271141052,1130.660283088684,7.286756944656372,893.1713271141052,completed
3743.622476,40,382.525413,1.0,True,40,0,0,849.1514081954956,1116.4072408676147,4.422983932495117,849.1514081954956,completed
3130.234615,40,382.58085,1.0,True,40,0,0,925.4167966842651,1255.8314266204834,8.663759219646455,925.4167966842651,completed
2972.96125,40,382.63556,1.0,True,40,0,0,955.1069760322571,1353.457992553711,8.752134656906128,955.1069760322571,completed
3644.304141,40,382.691508,1.0,True,40,0,0,850.7002737522125,1068.8390307426453,5.369409513473511,850.7002737522125,completed
3638.902538,40,382.750873,1.0,True,40,0,0,842.8857460021973,1168.5747232437134,5.061672735214233,842.8857460021973,completed
2822.628049,40,382.806146,1.0,True,40,0,0,975.3126595020294,1418.8492188453674,10.205627679824829,975.3126595020294,completed
2957.495833,40,382.861995,1.0,True,40,0,0,878.4114196300507,1351.360104084015,9.237015008926392,878.4114196300507,completed
4176.627783,40,382.917488,1.0,True,40,0,0,713.9232375621796,888.0580410957336,2.8519303679466246,713.9232375621796,completed
3713.487746,40,382.971837,1.0,True,40,0,0,888.8015704154968,1155.2217555046082,4.281092262268066,888.8015704154968,completed
3650.940749,40,383.028219,1.0,True,40,0,0,933.9412519931793,1234.6236596107483,3.9451059341430663,933.9412519931793,completed
4122.635431,40,383.086662,1.0,True,40,0,0,806.1677660942078,965.019811630249,2.0892764568328857,806.1677660942078,completed
3240.033938,40,383.140639,1.0,True,40,0,0,943.3190233707428,1206.9114918708801,7.829650092124939,943.3190233707428,completed
3011.940482,40,383.195038,1.0,True,40,0,0,982.3682632446289,1335.4292879104614,9.24582929611206,982.3682632446289,completed
3046.226091,40,383.249209,1.0,True,40,0,0,1058.009908914566,1392.3145565986633,8.092774391174316,1058.009908914566,completed
1494.323536,40,383.302472,1.0,True,40,0,0,1167.9328145980835,1693.518991470337,20.338073563575744,1167.9328145980835,completed
2878.077901,40,383.355532,1.0,True,40,0,0,1069.449317932129,1389.1038269996643,8.90297873020172,1069.449317932129,completed
3304.786852,40,383.409582,1.0,True,40,0,0,912.007963180542,1259.3676762580872,7.158799076080323,912.007963180542,completed
2743.04243,40,383.465197,1.0,True,40,0,0,1149.1563837528229,1687.2145104408264,5.581597232818604,1149.1563837528229,completed
3117.81442,40,383.519734,1.0,True,40,0,0,1071.8698325157166,1495.1654658317566,5.367270851135254,1071.8698325157166,completed
3389.615677,40,383.573965,1.0,True,40,0,0,943.5345327854156,1350.9836506843567,5.227269840240479,943.5345327854156,completed
2769.695258,40,383.627813,1.0,True,40,0,0,1090.5322396755219,1598.7868475914001,7.528998327255249,1090.5322396755219,completed
3865.270991,40,383.680898,1.0,True,40,0,0,903.5935316085815,1175.0132794380188,2.3132285356521605,903.5935316085815,completed
1661.137638,40,383.734463,1.0,True,40,0,0,1215.0708565711975,1798.0878009796143,16.149040842056273,1215.0708565711975,completed
3965.276493,40,383.788777,1.0,True,40,0,0,779.1831119060516,1075.6944670677185,3.361871576309204,779.1831119060516,completed
3818.843393,40,383.843383,1.0,True,40,0,0,916.2907152175903,1275.4952330589294,1.416717767715454,916.2907152175903,completed
3642.539842,40,383.898624,1.0,True,40,0,0,845.310302734375,1102.457899093628,6.5321285963058475,845.310302734375,completed
3597.640901,40,385.159241,1.0,True,40,0,0,896.7266683578491,1169.468412399292,5.161348056793213,896.7266683578491,completed
3078.420938,40,385.213365,1.0,True,40,0,0,971.1771583557129,1467.9872188568115,6.988585329055786,971.1771583557129,completed
3391.506265,40,385.267861,1.0,True,40,0,0,1005.2717931270599,1235.9294142723083,6.322603797912597,1005.2717931270599,completed
2687.731386,40,385.321965,1.0,True,40,0,0,1035.2127519845963,1441.6109240055084,10.817111825942993,1035.2127519845963,completed
3758.347534,40,385.377326,1.0,True,40,0,0,936.7163796424866,1165.0288071632385,3.538636875152588,936.7163796424866,completed
2914.120898,40,385.431913,1.0,True,40,0,0,1104.5561423301697,1483.7204570770264,7.8256614208221436,1104.5561423301697,completed
3825.63446,40,385.485945,1.0,True,40,0,0,936.4335827827454,1219.7151217460632,2.2602344512939454,936.4335827827454,completed
4614.225716,40,385.539277,1.0,True,40,0,0,739.511579990387,820.0612144470215,0.0,739.511579990387,completed
3373.555006,40,385.59232,1.0,True,40,0,0,946.1001272201538,1154.9968976974487,7.791104125976562,946.1001272201538,completed
2125.015107,40,385.648011,1.0,True,40,0,0,1196.0155861377716,1728.1478323936462,12.705161571502686,1196.0155861377716,completed
3524.592968,40,385.701446,1.0,True,40,0,0,941.8441327810287,1211.9335672855377,4.839670348167419,941.8441327810287,completed
2265.363852,40,385.757776,1.0,True,40,0,0,1085.3003911972046,1546.4707803726196,13.96672568321228,1085.3003911972046,completed
3183.211547,40,385.810518,1.0,True,40,0,0,920.4370163679123,1272.9560883045197,8.740931820869445,920.4370163679123,completed
3134.125252,40,385.864536,1.0,True,40,0,0,986.9351851940155,1274.7432522773743,7.893700742721558,986.9351851940155,completed
3518.067292,40,385.918573,1.0,True,40,0,0,959.2874994277954,1157.3988046646118,4.915269041061402,959.2874994277954,completed
3694.668708,40,385.975056,1.0,True,40,0,0,869.385205745697,1130.46089553833,5.002414798736572,869.385205745697,completed
4082.340972,40,386.027924,1.0,True,40,0,0,794.0884813070297,981.312712430954,2.7720244407653807,794.0884813070297,completed
2650.816061,40,386.08147,1.0,True,40,0,0,1109.7240619659424,1502.872525215149,9.564871549606323,1109.7240619659424,completed
3690.004541,40,386.136837,1.0,True,40,0,0,907.9133594036102,1245.1188168525696,2.8827093124389647,907.9133594036102,completed
3384.230194,40,386.190658,1.0,True,40,0,0,939.6799602508545,1172.8901147842407,6.8347837924957275,939.6799602508545,completed
3405.705632,40,386.245071,1.0,True,40,0,0,928.4116361141205,1212.8501954078674,6.413902139663696,928.4116361141205,completed
4050.854865,40,386.29812,1.0,True,40,0,0,813.8742423057556,1030.0794382095337,2.346665096282959,813.8742423057556,completed
2760.220109,40,386.351828,1.0,True,40,0,0,1014.8374929428101,1538.3083925247192,8.73422703742981,1014.8374929428101,completed
3440.882893,40,386.406226,1.0,True,40,0,0,934.8891229629517,1233.3086757659912,6.269301128387451,934.8891229629517,completed
3739.691129,40,386.461158,1.0,True,40,0,0,900.3902196884155,1143.2937259674072,4.030645513534546,900.3902196884155,completed
2245.635599,40,386.519479,1.0,True,40,0,0,1043.7855606079102,1632.320429801941,12.094257402420045,1043.7855606079102,completed
3514.338411,40,386.573429,1.0,True,40,0,0,845.3407249450684,1219.996006011963,5.580769348144531,845.3407249450684,completed
2648.14316,40,386.62974,1.0,True,40,0,0,1052.6855459213257,1519.9631452560425,10.416075658798217,1052.6855459213257,completed
3972.6129,40,386.686063,1.0,True,40,0,0,763.5714600086212,963.6992087364197,3.989688682556152,763.5714600086212,completed
3947.896094,40,386.748488,1.0,True,40,0,0,843.4192187786102,1088.0816464424133,2.9270320415496824,843.4192187786102,completed
2302.001684,40,386.816237,1.0,True,40,0,0,1121.8095145225525,1569.0867252349854,12.298965120315552,1121.8095145225525,completed
3639.561872,40,386.871232,1.0,True,40,0,0,896.6561281681061,1198.3100895881653,4.241291904449463,896.6561281681061,completed
3091.76682,40,386.925225,1.0,True,40,0,0,999.760853767395,1368.2670459747314,7.353536462783813,999.760853767395,completed
2850.378394,40,386.982005,1.0,True,40,0,0,972.5620813369751,1382.9351348876953,9.748196363449097,972.5620813369751,completed
3737.520352,40,387.038487,1.0,True,40,0,0,794.015154838562,1072.0747117996216,4.897354650497436,794.015154838562,completed
3590.179426,40,387.092973,1.0,True,40,0,0,970.4996509552002,1290.1184368133545,3.6673812866210938,970.4996509552002,completed
3594.692932,40,387.146784,1.0,True,40,0,0,937.8911855220795,1214.585123538971,4.581609010696411,937.8911855220795,completed
3100.907607,40,387.200002,1.0,True,40,0,0,944.6647145748138,1224.5803246498108,9.628190088272095,944.6647145748138,completed
2849.082505,40,387.253903,1.0,True,40,0,0,1040.292140007019,1403.1499032974243,9.290966463088989,1040.292140007019,completed
4164.27527,40,387.307615,1.0,True,40,0,0,759.3221974372864,991.6939220428467,1.8658512115478516,759.3221974372864,completed
3820.878025,40,387.361633,1.0,True,40,0,0,832.7647180557251,1075.1559371948242,4.4598951697349545,832.7647180557251,completed
3731.043499,40,387.414619,1.0,True,40,0,0,950.1095247268677,1235.822078704834,2.806081247329712,950.1095247268677,completed
2913.703831,40,387.470132,1.0,True,40,0,0,906.8183810710907,1311.294605731964,10.434763431549072,906.8183810710907,completed
3544.368746,40,387.524739,1.0,True,40,0,0,999.739781498909,1211.9257361888885,4.7833634376525875,999.739781498909,completed
3346.875603,40,387.57891,1.0,True,40,0,0,907.5324440002441,1186.6272320747375,7.666437196731567,907.5324440002441,completed
3235.152256,40,387.633061,1.0,True,40,0,0,944.651769399643,1379.3262305259705,6.447472858428955,944.651769399643,completed
3495.40432,40,387.686314,1.0,True,40,0,0,925.0363600254059,1195.135907649994,5.561554574966431,925.0363600254059,completed
3692.141082,40,387.741287,1.0,True,40,0,0,854.6786921024323,1173.6960654258728,4.237325382232666,854.6786921024323,completed
3038.111454,40,387.795003,1.0,True,40,0,0,1075.9430575370789,1470.5723657608032,6.358663868904114,1075.9430575370789,completed
2488.265872,40,387.849198,1.0,True,40,0,0,1105.7882075309753,1841.2345361709595,7.598790168762207,1105.7882075309753,completed
3176.531835,40,387.902483,1.0,True,40,0,0,924.2022016048431,1240.1315112113953,8.935027265548706,924.2022016048431,completed
2733.270185,40,389.179384,1.0,True,40,0,0,930.8778173923492,1263.7416429519653,13.163591468334198,930.8778173923492,completed
2696.081757,40,389.236861,1.0,True,40,0,0,1067.4232769012451,1712.2359409332275,6.750059270858765,1067.4232769012451,completed
3118.712299,40,389.293293,1.0,True,40,0,0,1030.2367119789124,1335.803602695465,7.859521389007568,1030.2367119789124,completed
2830.484073,40,389.349072,1.0,True,40,0,0,988.3470432758331,1358.9237127304077,10.5211452126503,988.3470432758331,completed
3149.501851,40,389.404898,1.0,True,40,0,0,942.0703225135803,1257.7122974395752,9.209655356407165,942.0703225135803,completed
3836.850345,40,389.461628,1.0,True,40,0,0,808.2804834842682,989.7709889411926,4.992915964126587,808.2804834842682,completed
3858.326014,40,389.518443,1.0,True,40,0,0,843.3785240650177,1092.911367893219,3.3555545806884766,843.3785240650177,completed
3383.220493,40,389.575238,1.0,True,40,0,0,947.15407371521,1358.4625329971313,5.4897284507751465,947.15407371521,completed
2817.684475,40,389.631843,1.0,True,40,0,0,1089.8922715187073,1404.4288034439087,9.60635597705841,1089.8922715187073,completed
3805.6275,40,389.687723,1.0,True,40,0,0,805.3250458240509,1056.0029547214508,5.119677782058716,805.3250458240509,completed
3281.812445,40,389.744557,1.0,True,40,0,0,903.8874626159668,1254.351321220398,7.888357806205749,903.8874626159668,completed
3273.105734,40,389.80299,1.0,True,40,0,0,959.2752642631531,1462.4096384048462,4.720981311798096,959.2752642631531,completed
3074.084453,40,389.867039,1.0,True,40,0,0,954.3459774255753,1361.4723551273346,7.696104621887207,954.3459774255753,completed
4431.29764,40,389.924004,1.0,True,40,0,0,698.9665534496307,822.0892558097839,1.625303077697754,698.9665534496307,completed
3449.830221,40,389.979205,1.0,True,40,0,0,954.7924928665161,1194.480062007904,6.542077684402466,954.7924928665161,completed
3953.549439,40,390.035361,1.0,True,40,0,0,851.1929311752319,1125.2682285308838,2.599246883392334,851.1929311752319,completed
4175.903038,40,390.091312,1.0,True,40,0,0,825.2616767883301,969.453290939331,2.1567667007446287,825.2616767883301,completed
3980.108781,40,390.14749,1.0,True,40,0,0,883.0760436058044,1229.1009140014648,0.9129323482513427,883.0760436058044,completed
3807.709582,40,390.203264,1.0,True,40,0,0,862.6125829219818,1220.4183802604675,2.71578311920166,862.6125829219818,completed
3428.144338,40,390.261475,1.0,True,40,0,0,948.3521122932434,1289.0445346832275,4.936192584037781,948.3521122932434,completed
3751.501165,40,390.317815,1.0,True,40,0,0,889.3736383914948,1132.9699597358704,4.420096206665039,889.3736383914948,completed
4152.881159,40,390.373851,1.0,True,40,0,0,800.6673874855042,1027.6535501480103,1.5162437915802003,800.6673874855042,completed
3436.948458,40,390.429371,1.0,True,40,0,0,892.9054977893829,1136.2771964073181,7.342541587352753,892.9054977893829,completed
3485.025954,40,390.484664,1.0,True,40,0,0,921.621150970459,1287.2557668685913,5.075250148773193,921.621150970459,completed
3630.091127,40,390.540121,1.0,True,40,0,0,872.9279339313507,1081.0728993415833,6.462149047851563,872.9279339313507,completed
3442.787304,40,390.595615,1.0,True,40,0,0,903.1006858348846,1197.968101978302,6.657342147827149,903.1006858348846,completed
4067.324375,40,390.650475,1.0,True,40,0,0,829.2588932514191,1194.7570977210999,0.6985935211181641,829.2588932514191,completed
4117.443364,40,390.70637,1.0,True,40,0,0,813.384254693985,1008.4847750663757,2.127410387992859,813.384254693985,completed
3947.570047,40,390.764261,1.0,True,40,0,0,824.3005270957947,1088.9125938415527,2.7505722999572755,824.3005270957947,completed
3005.704936,40,390.81971,1.0,True,40,0,0,1023.6468424797058,1459.608281135559,7.619223117828369,1023.6468424797058,completed
3648.010246,40,390.8753,1.0,True,40,0,0,990.5713496208191,1164.6604280471802,4.206505918502808,990.5713496208191,completed
3714.613711,40,390.931021,1.0,True,40,0,0,846.5274789333344,1161.9448699951172,3.8666305541992188,846.5274789333344,completed
3772.897534,40,390.986247,1.0,True,40,0,0,870.1250081658363,1156.3971463441849,3.9748825073242187,870.1250081658363,completed
3631.939166,40,391.042007,1.0,True,40,0,0,883.0509390830994,1173.318531513214,4.782248568534851,883.0509390830994,completed
2824.233233,40,391.097683,1.0,True,40,0,0,1072.6445484161377,1696.324815750122,6.265284252166748,1072.6445484161377,completed
1822.507596,40,391.152757,1.0,True,40,0,0,1068.668535232544,1571.745534658432,17.717139929533005,1068.668535232544,completed
3439.361657,40,391.207996,1.0,True,40,0,0,857.7269687652588,1148.6769247055054,7.718219304084778,857.7269687652588,completed
3611.244369,40,391.264925,1.0,True,40,0,0,863.2055621147156,1214.530888080597,4.623103964328766,863.2055621147156,completed
2841.43057,40,391.320059,1.0,True,40,0,0,1010.3538324832916,1362.5504841804504,11.106894969940186,1010.3538324832916,completed
3329.834447,40,391.375085,1.0,True,40,0,0,886.2505700588226,1231.079559803009,7.427846193313599,886.2505700588226,completed
2776.813024,40,391.431169,1.0,True,40,0,0,980.0085248947144,1386.5472869873047,10.874748063087463,980.0085248947144,completed
3564.758437,40,391.486679,1.0,True,40,0,0,890.0059551000595,1221.372936964035,5.221596986055374,890.0059551000595,completed
4193.554008,40,391.542001,1.0,True,40,0,0,750.0603194236755,896.0484390258789,3.196956467628479,750.0603194236755,completed
3486.656739,40,391.59691,1.0,True,40,0,0,888.8715243339539,1230.0371227264404,6.087243890762329,888.8715243339539,completed
3979.361212,40,391.653022,1.0,True,40,0,0,831.627329826355,971.6440582275391,3.5981740713119508,831.627329826355,completed
2831.207765,40,391.70899,1.0,True,40,0,0,948.3686156272888,1404.9478015899658,9.866606044769288,948.3686156272888,completed
3481.90035,40,391.768816,1.0,True,40,0,0,882.1214890480042,1195.6388549804688,6.0453001976013185,882.1214890480042,completed
3611.414237,40,391.824771,1.0,True,40,0,0,875.460250377655,1118.9664640426636,5.843081283569336,875.460250377655,completed
4027.334788,40,391.880441,1.0,True,40,0,0,894.6571960449219,1024.6622247695923,2.421780586242676,894.6571960449219,completed
2229.900408,40,391.936231,1.0,True,40,0,0,1064.9286804199219,1681.9042620658875,11.763096189498901,1064.9286804199219,completed
3399.757798,40,391.992204,1.0,True,40,0,0,858.4099705219269,1187.830837726593,7.044778728485108,858.4099705219269,completed
3471.713955,40,393.240904,1.0,True,40,0,0,909.3369760513306,1240.8547506332397,5.6592954158782955,909.3369760513306,completed
3443.072379,40,393.294617,1.0,True,40,0,0,822.042854309082,1092.8280401229858,9.019888305664063,822.042854309082,completed
2808.916349,40,393.347721,1.0,True,40,0,0,1017.0947275161743,1426.2177591323853,9.649840998649598,1017.0947275161743,completed
3772.26732,40,393.400721,1.0,True,40,0,0,869.3720108270645,1072.4642593860626,4.517484855651856,869.3720108270645,completed
3985.687031,40,393.455348,1.0,True,40,0,0,838.3286695480347,1055.8158445358276,2.6239792346954345,838.3286695480347,completed
4044.437705,40,393.51007,1.0,True,40,0,0,888.7419040203094,1020.1831874847412,2.3139455795288084,888.7419040203094,completed
2822.935883,40,393.564183,1.0,True,40,0,0,1076.8399095535278,1548.265537261963,7.660851001739502,1076.8399095535278,completed
3549.546717,40,393.617223,1.0,True,40,0,0,802.855633020401,1250.1831231117249,5.981730842590332,802.855633020401,completed
2960.703857,40,393.67028,1.0,True,40,0,0,892.7084650993347,1204.7027215957642,11.731225872039795,892.7084650993347,completed
3450.905075,40,393.725222,1.0,True,40,0,0,885.3770182132721,1170.8891060352325,7.0611337184906,885.3770182132721,completed
3759.545795,40,393.779658,1.0,True,40,0,0,938.9021906852722,1202.2345094680786,2.6831866264343263,938.9021906852722,completed
3520.805484,40,393.832461,1.0,True,40,0,0,875.8719854354858,1130.90247631073,6.183482503890991,875.8719854354858,completed
3478.969054,40,393.885701,1.0,True,40,0,0,888.5933876037598,1170.7194805145264,5.7510435581207275,888.5933876037598,completed
3877.997282,40,393.939299,1.0,True,40,0,0,896.0405502319336,1112.896427154541,3.064903974533081,896.0405502319336,completed
3374.055036,40,393.993558,1.0,True,40,0,0,991.7979352474213,1557.8660407066345,2.2151694774627684,991.7979352474213,completed
4470.650936,40,394.048158,1.0,True,40,0,0,736.9058309793472,844.0424129962921,1.1719863891601563,736.9058309793472,completed
2997.974979,40,394.102242,1.0,True,40,0,0,992.122355222702,1267.5628085136414,9.967906475067139,992.122355222702,completed
1702.059904,40,394.156166,1.0,True,40,0,0,1211.811429977417,1840.5522842407227,15.703071570396423,1211.811429977417,completed
3097.627272,40,394.210366,1.0,True,40,0,0,997.9238843917847,1308.4794244766235,8.428637886047364,997.9238843917847,completed
3317.685815,40,394.265855,1.0,True,40,0,0,944.5866136550903,1353.5648021697998,5.145511674880981,944.5866136550903,completed
3064.705759,40,394.320313,1.0,True,40,0,0,919.3454954624176,1320.7323632240295,8.948516798019408,919.3454954624176,completed
3790.309208,40,394.373832,1.0,True,40,0,0,887.5829434394836,1160.208357334137,2.948897910118103,887.5829434394836,completed
3319.113125,40,394.427632,1.0,True,40,0,0,931.7697676420212,1345.5809075832367,6.583575201034546,931.7697676420212,completed
2500.96551,40,394.481387,1.0,True,40,0,0,1039.8290886878967,1487.2823362350464,12.176580834388734,1039.8290886878967,completed
2431.887131,40,394.536019,1.0,True,40,0,0,1061.7203826904297,1466.5967359542847,12.535302877426147,1061.7203826904297,completed
3292.16082,40,394.590251,1.0,True,40,0,0,896.6080763339996,1220.1811666488647,7.34593813419342,896.6080763339996,completed
2834.286848,40,394.644316,1.0,True,40,0,0,1089.808186531067,1567.3712787628174,7.158997917175293,1089.808186531067,completed
4296.996966,40,394.698262,1.0,True,40,0,0,762.5254745483398,969.3812408447266,1.1146048069000245,762.5254745483398,completed
4171.735131,40,394.751434,1.0,True,40,0,0,760.1566346883774,946.1575086116791,2.704970359802246,760.1566346883774,completed
3376.815631,40,394.805089,1.0,True,40,0,0,884.1690647602081,1228.5496954917908,7.20347831249237,884.1690647602081,completed
3422.606548,40,394.859412,1.0,True,40,0,0,909.1765291690826,1141.4533953666687,7.016109991073608,909.1765291690826,completed
4433.994191,40,394.912818,1.0,True,40,0,0,783.2098623514175,921.9342911243439,0.21190214157104492,783.2098623514175,completed
3667.056811,40,394.96598,1.0,True,40,0,0,934.6715376377106,1230.4436078071594,3.17065372467041,934.6715376377106,completed
3415.32154,40,395.02194,1.0,True,40,0,0,903.8461556434631,1124.2552299499512,7.383625173568726,903.8461556434631,completed
4381.140105,40,395.078481,1.0,True,40,0,0,720.0360319018364,847.5548785924911,1.7440988689661026,720.0360319018364,completed
3266.225867,40,395.134156,1.0,True,40,0,0,916.2896711826324,1270.39031457901,7.1446372985839846,916.2896711826324,completed
3580.35888,40,395.1886,1.0,True,40,0,0,891.7641294002533,1203.291265964508,5.2620281219482425,891.7641294002533,completed
3409.088714,40,395.244032,1.0,True,40,0,0,910.1335191726685,1290.6816635131836,5.4385168075561525,910.1335191726685,completed
2341.949139,40,395.305451,1.0,True,40,0,0,997.445497751236,1521.1204648017883,12.45438814163208,997.445497751236,completed
3850.757214,40,395.358737,1.0,True,40,0,0,888.4161092042923,1055.0406868457794,3.3206045627593994,888.4161092042923,completed
3843.196714,40,395.412937,1.0,True,40,0,0,827.6773905754089,1027.7323141098022,4.55864132642746,827.6773905754089,completed
2273.73224,40,395.466546,1.0,True,40,0,0,1002.377028465271,1407.163278579712,15.149524211883545,1002.377028465271,completed
4328.149635,40,395.520822,1.0,True,40,0,0,773.0986657142639,932.2292137145996,0.8442378759384155,773.0986657142639,completed
3426.350041,40,395.575261,1.0,True,40,0,0,865.4795441627502,1287.821952342987,6.2219760656356815,865.4795441627502,completed
3829.677405,40,395.629193,1.0,True,40,0,0,875.2480020523071,1016.5799632072449,5.149197924137115,875.2480020523071,completed
3740.045297,40,395.683058,1.0,True,40,0,0,877.5616245269775,1174.4090404510498,3.769597291946411,877.5616245269775,completed
3158.335516,40,395.736401,1.0,True,40,0,0,914.0730097293854,1304.5406289100647,8.665324831008911,914.0730097293854,completed
3242.08311,40,395.790876,1.0,True,40,0,0,947.3950910568237,1481.3314399719238,4.93769063949585,947.3950910568237,completed
4023.42554,40,395.8452,1.0,True,40,0,0,784.1315069198608,1021.2536067962646,3.0339573502540587,784.1315069198608,completed
2930.091773,40,395.898487,1.0,True,40,0,0,911.2119648456573,1257.7775254249573,11.245322132110596,911.2119648456573,completed
3795.963273,40,395.952009,1.0,True,40,0,0,810.0885426998138,1070.0834212303162,5.011147975921631,810.0885426998138,completed
