#{"t_start": 1781050279.1473181, "env_id": "None"}
r,l,t,completion_rate,feasible,served_customers,unserved_customers,invalid_actions,makespan,total_distance,average_regret,penalized_makespan,terminal_status
565.309297,10,1.947463,1.0,True,10,0,0,553.3140869140625,709.4694480895996,21.864292907714844,553.3140869140625,completed
729.514871,10,1.958596,1.0,True,10,0,0,441.90241622924805,583.7530708312988,23.910765075683592,441.90241622924805,completed
447.678903,10,1.96723,1.0,True,10,0,0,375.680006980896,571.1507511138916,38.18236331939697,375.680006980896,completed
738.76197,10,1.978643,1.0,True,10,0,0,483.6157627105713,556.1410694122314,21.21566982269287,483.6157627105713,completed
-86.266565,10,1.98641,1.0,True,10,0,0,722.5080509185791,722.5080509185791,44.90014390945434,722.5080509185791,completed
109.663935,10,1.994302,1.0,True,10,0,0,569.8130512237549,774.3324661254883,39.33412609100342,569.8130512237549,completed
343.373832,10,2.002131,1.0,True,10,0,0,522.7939414978027,795.9396476745605,27.87080955505371,522.7939414978027,completed
437.104153,10,2.009933,1.0,True,10,0,0,415.14064025878906,649.3505859375,34.47629089355469,415.14064025878906,completed
1158.122811,10,2.017801,1.0,True,10,0,0,398.4990882873535,509.6401176452637,11.60868034362793,398.4990882873535,completed
708.500694,10,2.025938,1.0,True,10,0,0,545.2680053710938,692.170051574707,15.897572326660157,545.2680053710938,completed
364.959513,10,2.034974,1.0,True,10,0,0,589.3050603866577,762.0450420379639,27.910395240783693,589.3050603866577,completed
828.70741,10,2.043099,1.0,True,10,0,0,485.8213005065918,616.1341590881348,18.35261173248291,485.8213005065918,completed
1054.381665,10,2.050314,1.0,True,10,0,0,490.1219711303711,490.1219711303711,13.870549201965332,490.1219711303711,completed
-145.89693,10,2.057963,1.0,True,10,0,0,712.9925346374512,986.3721389770508,36.1546028137207,712.9925346374512,completed
1048.538377,10,2.066035,1.0,True,10,0,0,457.41651153564453,600.545280456543,9.070595359802246,457.41651153564453,completed
768.846119,10,2.073363,1.0,True,10,0,0,484.55597400665283,695.4479160308838,14.521379470825195,484.55597400665283,completed
90.80549,10,2.081195,1.0,True,10,0,0,568.1677150726318,889.0184650421143,34.01867847442627,568.1677150726318,completed
205.264109,10,2.088668,1.0,True,10,0,0,559.9357204437256,797.5161418914795,36.07533512115479,559.9357204437256,completed
1031.237553,10,2.096152,1.0,True,10,0,0,430.80932807922363,601.3478660583496,10.689709854125976,430.80932807922363,completed
951.980658,10,2.103916,1.0,True,10,0,0,402.394736289978,444.7432498931885,20.368246269226074,402.394736289978,completed
184.671959,10,2.11156,1.0,True,10,0,0,592.4977264404297,760.9109935760498,34.39136562347412,592.4977264404297,completed
1300.92628,10,2.119847,1.0,True,10,0,0,394.1702947616577,466.30444145202637,5.731832885742188,394.1702947616577,completed
1198.911851,10,2.127073,1.0,True,10,0,0,426.1715564727783,528.6565952301025,8.943148040771485,426.1715564727783,completed
578.303456,10,2.134684,1.0,True,10,0,0,560.0536003112793,763.9155235290527,18.0178653717041,560.0536003112793,completed
490.818378,10,2.142112,1.0,True,10,0,0,529.9195823669434,760.1223258972168,24.754765701293945,529.9195823669434,completed
374.064992,10,2.149404,1.0,True,10,0,0,460.43531227111816,691.1404075622559,32.720968627929686,460.43531227111816,completed
906.209071,10,2.156878,1.0,True,10,0,0,468.4652199745178,571.9289274215698,16.179498863220214,468.4652199745178,completed
63.44468,10,2.164298,1.0,True,10,0,0,625.6530418395996,813.4639053344727,37.81765995025635,625.6530418395996,completed
1028.38725,10,2.171745,1.0,True,10,0,0,406.04066276550293,580.3872146606445,12.728120803833008,406.04066276550293,completed
538.790835,10,2.179191,1.0,True,10,0,0,594.3084094524384,676.9385793209076,24.999584102630614,594.3084094524384,completed
-292.982644,10,2.186502,1.0,True,10,0,0,764.5660514831543,1091.203441619873,37.44596138000488,764.5660514831543,completed
368.970817,10,2.193965,1.0,True,10,0,0,596.8441274166107,702.853431224823,30.739196586608887,596.8441274166107,completed
1055.187563,10,2.201958,1.0,True,10,0,0,449.6824893951416,508.9700336456299,11.506795310974121,449.6824893951416,completed
905.973689,10,2.208937,1.0,True,10,0,0,450.2273168563843,564.2365589141846,17.161485290527345,450.2273168563843,completed
-364.115748,10,2.216569,1.0,True,10,0,0,627.8198165893555,834.6169967651367,56.717258071899415,627.8198165893555,completed
5.577742,10,2.223955,1.0,True,10,0,0,576.6214637756348,761.2022476196289,43.80634536743164,576.6214637756348,completed
961.450262,10,2.232596,1.0,True,10,0,0,427.33745765686035,528.9863872528076,17.013111877441407,427.33745765686035,completed
-44.030917,10,2.241823,1.0,True,10,0,0,722.3396301269531,860.7312507629395,36.44113817214966,722.3396301269531,completed
14.090794,10,2.249215,1.0,True,10,0,0,633.5310573577881,864.4337730407715,37.245671081542966,633.5310573577881,completed
982.837576,10,2.257035,1.0,True,10,0,0,407.55640602111816,549.5950965881348,14.15369873046875,407.55640602111816,completed
478.694949,10,2.265468,1.0,True,10,0,0,482.4434714317322,691.2255163192749,29.324545001983644,482.4434714317322,completed
740.218217,10,2.273971,1.0,True,10,0,0,455.859712600708,514.327033996582,25.525310897827147,455.859712600708,completed
-200.408596,10,2.282614,1.0,True,10,0,0,712.975830078125,884.6754608154297,41.97400455474853,712.975830078125,completed
488.898688,10,2.290772,1.0,True,10,0,0,529.349118232727,672.6732883453369,29.67756118774414,529.349118232727,completed
765.098172,10,2.29945,1.0,True,10,0,0,569.2076044082642,685.1322727203369,12.736588287353516,569.2076044082642,completed
573.821551,10,2.306498,1.0,True,10,0,0,399.15803050994873,635.5375728607178,27.629615020751952,399.15803050994873,completed
612.69165,10,2.313693,1.0,True,10,0,0,566.1612892150879,592.3301239013672,24.30242199897766,566.1612892150879,completed
759.395941,10,2.321323,1.0,True,10,0,0,473.66718769073486,660.7557601928711,17.228620529174805,473.66718769073486,completed
291.652771,10,2.3285,1.0,True,10,0,0,515.5838606357574,772.9122128486633,33.18967390060425,515.5838606357574,completed
-199.053686,10,2.336076,1.0,True,10,0,0,675.7037754058838,871.6174011230469,43.7426139831543,675.7037754058838,completed
1005.052746,10,2.343146,1.0,True,10,0,0,409.8615951538086,479.48994064331055,15.579568099975585,409.8615951538086,completed
756.011223,10,2.350299,1.0,True,10,0,0,501.72933864593506,622.548243522644,19.907405281066893,501.72933864593506,completed
857.946074,10,2.357312,1.0,True,10,0,0,533.282886505127,542.3400077819824,18.27550926208496,533.282886505127,completed
787.421218,10,2.364907,1.0,True,10,0,0,396.4303436279297,541.0501499176025,23.478270530700684,396.4303436279297,completed
584.021092,10,2.372174,1.0,True,10,0,0,470.83288526535034,758.2109479904175,20.722356700897215,470.83288526535034,completed
1135.016994,10,2.380062,1.0,True,10,0,0,357.6280312538147,469.0168733596802,14.974381351470948,357.6280312538147,completed
648.790276,10,2.387232,1.0,True,10,0,0,457.99273467063904,538.1956689357758,28.719942378997803,457.99273467063904,completed
730.601528,10,2.394808,1.0,True,10,0,0,487.6718444824219,586.2247543334961,23.597406768798827,487.6718444824219,completed
527.151207,10,2.402229,1.0,True,10,0,0,612.4600028991699,682.3320350646973,23.490377616882324,612.4600028991699,completed
940.7667,10,2.409593,1.0,True,10,0,0,422.5718765258789,601.5701675415039,15.448149490356446,422.5718765258789,completed
560.231779,10,2.417006,1.0,True,10,0,0,433.75171279907227,644.024564743042,29.30450859069824,433.75171279907227,completed
234.930626,10,2.42404,1.0,True,10,0,0,503.56051445007324,660.3655223846436,41.3265495300293,503.56051445007324,completed
1030.688237,10,2.43176,1.0,True,10,0,0,470.7615385055542,605.9965343475342,8.012932586669923,470.7615385055542,completed
378.078073,10,2.439197,1.0,True,10,0,0,545.0979146957397,803.3024768829346,27.561522674560546,545.0979146957397,completed
486.908401,10,2.446392,1.0,True,10,0,0,379.9270420074463,620.4181232452393,34.633771896362305,379.9270420074463,completed
1157.545481,10,2.453656,1.0,True,10,0,0,361.88721323013306,539.0804796218872,9.866683197021484,361.88721323013306,completed
822.428174,10,2.460995,1.0,True,10,0,0,396.5064754486084,554.3506088256836,22.244113540649415,396.5064754486084,completed
902.047096,10,2.468419,1.0,True,10,0,0,451.9284210205078,535.5037574768066,17.637085914611816,451.9284210205078,completed
624.137901,10,2.476141,1.0,True,10,0,0,427.10551261901855,639.481107711792,26.55847864151001,427.10551261901855,completed
111.506055,10,2.483644,1.0,True,10,0,0,571.8969421386719,746.4618873596191,39.462385177612305,571.8969421386719,completed
-273.822704,10,2.491278,1.0,True,10,0,0,633.8085136413574,946.7165565490723,47.107469177246095,633.8085136413574,completed
459.814325,10,2.498697,1.0,True,10,0,0,587.605447769165,764.8353576660156,23.06517562866211,587.605447769165,completed
908.997348,10,2.505711,1.0,True,10,0,0,364.56909942626953,556.2039947509766,18.771839904785157,364.56909942626953,completed
1336.727789,10,2.513254,1.0,True,10,0,0,343.2472047805786,426.2291898727417,7.6735889434814455,343.2472047805786,completed
859.163488,10,2.520822,1.0,True,10,0,0,452.22531509399414,577.2061080932617,18.72873020172119,452.22531509399414,completed
750.906351,10,2.528799,1.0,True,10,0,0,472.9307403564453,647.6129493713379,19.64804801940918,472.9307403564453,completed
-25.808602,10,2.536246,1.0,True,10,0,0,567.787181854248,811.0083312988281,44.15135641098023,567.787181854248,completed
-388.611522,10,2.543783,1.0,True,10,0,0,782.1263389587402,962.9038505554199,45.007074165344235,782.1263389587402,completed
493.826774,10,2.552144,1.0,True,10,0,0,604.7992706298828,710.6874923706055,25.07687110900879,604.7992706298828,completed
594.421087,10,2.559357,1.0,True,10,0,0,516.7335519790649,666.7458477020264,23.85591745376587,516.7335519790649,completed
1020.752509,10,2.566731,1.0,True,10,0,0,445.78015518188477,474.8677806854248,15.22124195098877,445.78015518188477,completed
-627.797471,10,2.573929,1.0,True,10,0,0,734.5576062202454,971.5170297622681,57.91970872879028,734.5576062202454,completed
1126.134417,10,2.581249,1.0,True,10,0,0,416.3756241798401,487.8227872848511,12.621757125854492,416.3756241798401,completed
182.617505,10,2.588299,1.0,True,10,0,0,415.92533683776855,779.4079208374023,40.023929023742674,415.92533683776855,completed
103.798143,10,2.595319,1.0,True,10,0,0,512.3340606689453,809.1685752868652,40.68579940795898,512.3340606689453,completed
923.680828,10,2.602711,1.0,True,10,0,0,386.0091972351074,541.6191062927246,19.446631813049315,386.0091972351074,completed
506.128033,10,2.610213,1.0,True,10,0,0,586.7193689346313,737.525064945221,23.528138732910158,586.7193689346313,completed
815.064839,10,2.617309,1.0,True,10,0,0,517.9780178070068,608.4894256591797,18.490499114990236,517.9780178070068,completed
-69.941963,10,2.624916,1.0,True,10,0,0,673.3825187683105,910.0234107971191,38.99433498382568,673.3825187683105,completed
826.484328,10,2.632088,1.0,True,10,0,0,507.3928642272949,722.3377342224121,11.975422286987305,507.3928642272949,completed
1043.124576,10,2.639468,1.0,True,10,0,0,360.36817932128906,518.5444107055664,14.262783241271972,360.36817932128906,completed
789.995418,10,2.647182,1.0,True,10,0,0,407.8454113006592,542.9471645355225,21.65277271270752,407.8454113006592,completed
987.304543,10,2.6556,1.0,True,10,0,0,370.6936106681824,464.6493806838989,19.708248615264893,370.6936106681824,completed
121.74279,10,2.663108,1.0,True,10,0,0,566.0944290161133,852.1779747009277,34.56023902893067,566.0944290161133,completed
397.3661,10,2.670828,1.0,True,10,0,0,572.5773677825928,676.7650470733643,31.48229637145996,572.5773677825928,completed
382.233246,10,2.679,1.0,True,10,0,0,567.6685066223145,809.7364673614502,26.322776794433594,567.6685066223145,completed
628.288869,10,2.687121,1.0,True,10,0,0,488.4355707168579,641.8904323577881,25.628515625,488.4355707168579,completed
632.159229,10,2.694986,1.0,True,10,0,0,453.1351795196533,669.3572788238525,24.98333282470703,453.1351795196533,completed
494.509791,10,2.702532,1.0,True,10,0,0,644.7066345214844,660.8149852752686,25.338487243652345,644.7066345214844,completed
807.049708,10,2.709735,1.0,True,10,0,0,368.95351219177246,512.7372074127197,24.87836284637451,368.95351219177246,completed
-19.023668,10,2.717744,1.0,True,10,0,0,511.8951225280762,802.6209449768066,45.95017776489258,511.8951225280762,completed
919.832306,10,2.725278,1.0,True,10,0,0,434.3683190345764,536.2818765640259,17.23183193206787,434.3683190345764,completed
-113.821841,10,2.732605,1.0,True,10,0,0,713.3578624725342,1080.649013519287,30.604660415649413,713.3578624725342,completed
966.76994,10,2.739937,1.0,True,10,0,0,386.01508808135986,523.3122539520264,17.04887638092041,386.01508808135986,completed
793.751872,10,2.74777,1.0,True,10,0,0,470.16541862487793,713.4739589691162,12.716376113891602,470.16541862487793,completed
549.09196,10,2.755536,1.0,True,10,0,0,483.3961067199707,635.7684669494629,28.826253128051757,483.3961067199707,completed
582.279414,10,2.763464,1.0,True,10,0,0,372.56311798095703,632.7669448852539,29.406953811645508,372.56311798095703,completed
728.473762,10,2.770748,1.0,True,10,0,0,461.5596389770508,544.7742671966553,25.51693801879883,461.5596389770508,completed
1212.200139,10,2.778403,1.0,True,10,0,0,463.15307807922363,501.5494556427002,6.1601806640625,463.15307807922363,completed
746.029131,10,2.785955,1.0,True,10,0,0,437.1581268310547,486.6089401245117,26.07030792236328,437.1581268310547,completed
803.745021,10,2.79395,1.0,True,10,0,0,392.76676177978516,667.1195335388184,18.338171768188477,392.76676177978516,completed
541.410826,10,2.80135,1.0,True,10,0,0,483.1459770202637,587.5385246276855,29.370460510253906,483.1459770202637,completed
268.888626,10,2.808509,1.0,True,10,0,0,606.991753578186,687.6306781768799,32.5261287689209,606.991753578186,completed
325.764156,10,2.816027,1.0,True,10,0,0,511.27236127853394,682.7713079452515,35.32119941711426,511.27236127853394,completed
892.204373,10,2.823798,1.0,True,10,0,0,485.92757987976074,573.1940288543701,16.286282348632813,485.92757987976074,completed
896.829522,10,2.831247,1.0,True,10,0,0,432.01519203186035,619.4041843414307,15.130838012695312,432.01519203186035,completed
436.344695,10,2.839434,1.0,True,10,0,0,428.3935766220093,708.8130321502686,30.846241188049316,428.3935766220093,completed
777.665915,10,2.84643,1.0,True,10,0,0,613.0117492675781,683.5208206176758,12.132706642150879,613.0117492675781,completed
782.429627,10,2.854712,1.0,True,10,0,0,478.87328338623047,630.8280811309814,20.066775703430174,478.87328338623047,completed
255.189326,10,2.862587,1.0,True,10,0,0,634.1316261291504,850.2201728820801,27.20447540283203,634.1316261291504,completed
642.256,10,2.870605,1.0,True,10,0,0,399.11060333251953,596.1753883361816,27.624235534667967,399.11060333251953,completed
736.417553,10,2.87831,1.0,True,10,0,0,417.22583389282227,548.4516334533691,24.99750747680664,417.22583389282227,completed
340.801382,10,2.886079,1.0,True,10,0,0,590.6082844734192,747.4693822860718,28.63086633682251,590.6082844734192,completed
850.601868,10,2.893629,1.0,True,10,0,0,454.94128227233887,531.8490009307861,20.319973087310792,454.94128227233887,completed
257.880365,10,2.902738,1.0,True,10,0,0,581.4133491516113,698.2965888977051,35.75726890563965,581.4133491516113,completed
437.825181,10,2.911553,1.0,True,10,0,0,474.14460945129395,681.1724128723145,30.919919967651367,474.14460945129395,completed
1026.240474,10,2.918767,1.0,True,10,0,0,429.9516706466675,541.2657222747803,13.01981143951416,429.9516706466675,completed
711.114271,10,2.926289,1.0,True,10,0,0,540.9541392326355,607.8648982048035,20.533092880249022,540.9541392326355,completed
778.294528,10,2.933435,1.0,True,10,0,0,459.1655082702637,531.9783554077148,26.301498794555663,459.1655082702637,completed
538.84492,10,2.940453,1.0,True,10,0,0,535.8378601074219,708.8755111694336,23.74446506500244,535.8378601074219,completed
486.908432,10,2.947735,1.0,True,10,0,0,587.1322727203369,800.2713375091553,19.77568664550781,587.1322727203369,completed
597.797539,10,2.955204,1.0,True,10,0,0,535.9974746704102,698.2923774719238,22.624118041992187,535.9974746704102,completed
1612.165712,10,2.962205,1.0,True,10,0,0,248.3051528930664,290.25518798828125,4.228524494171142,248.3051528930664,completed
536.498388,10,2.969399,1.0,True,10,0,0,537.6147785186768,719.1292343139648,23.24452934265137,537.6147785186768,completed
815.592819,10,2.976358,1.0,True,10,0,0,453.47866678237915,568.5254182815552,21.34710102081299,453.47866678237915,completed
40.530666,10,2.983897,1.0,True,10,0,0,770.114559173584,951.8262329101562,24.519587135314943,770.114559173584,completed
-59.626893,10,2.991601,1.0,True,10,0,0,542.4272651672363,812.529411315918,45.26940908432007,542.4272651672363,completed
416.619161,10,2.999307,1.0,True,10,0,0,637.8295030593872,650.7702579498291,28.741792678833008,637.8295030593872,completed
487.543406,10,3.006701,1.0,True,10,0,0,514.4182243347168,721.4688034057617,23.75949878692627,514.4182243347168,completed
412.687961,10,3.014221,1.0,True,10,0,0,612.3136701583862,701.0546054840088,28.188188552856445,612.3136701583862,completed
462.802331,10,3.022198,1.0,True,10,0,0,474.280912399292,586.8199348449707,33.60635967254639,474.280912399292,completed
339.432509,10,3.029406,1.0,True,10,0,0,603.2644834518433,773.8881912231445,25.616589546203613,603.2644834518433,completed
842.920634,10,3.036975,1.0,True,10,0,0,492.9380512237549,553.4270191192627,19.627340698242186,492.9380512237549,completed
240.754602,10,3.045028,1.0,True,10,0,0,647.1768932342529,799.2805404663086,31.58653335571289,647.1768932342529,completed
580.317553,10,3.05401,1.0,True,10,0,0,551.5084915161133,630.0255699157715,25.537461280822754,551.5084915161133,completed
324.073293,10,3.063468,1.0,True,10,0,0,573.8996200561523,771.6568145751953,29.88822193145752,573.8996200561523,completed
478.485141,10,3.072285,1.0,True,10,0,0,604.1766262054443,689.7153911590576,27.016097640991212,604.1766262054443,completed
480.588424,10,3.081257,1.0,True,10,0,0,461.4978485107422,618.1403694152832,32.627923011779785,461.4978485107422,completed
473.740841,10,3.090572,1.0,True,10,0,0,522.6890649795532,724.4693393707275,26.53647232055664,522.6890649795532,completed
-246.182322,10,3.099532,1.0,True,10,0,0,699.6230773925781,936.315242767334,43.073085403442384,699.6230773925781,completed
705.750526,10,3.107747,1.0,True,10,0,0,460.33509826660156,600.931173324585,24.85120620727539,460.33509826660156,completed
899.462342,10,3.116876,1.0,True,10,0,0,389.02195835113525,544.6696834564209,19.14939155578613,389.02195835113525,completed
1236.145724,10,3.126216,1.0,True,10,0,0,418.6894302368164,453.0297508239746,8.965394592285156,418.6894302368164,completed
299.003426,10,3.137678,1.0,True,10,0,0,564.8799705505371,760.1196670532227,33.296847915649415,564.8799705505371,completed
963.085673,10,3.146341,1.0,True,10,0,0,420.33547592163086,603.9176368713379,13.020182037353516,420.33547592163086,completed
403.298827,10,3.155393,1.0,True,10,0,0,459.3857021331787,568.4485626220703,38.03881664276123,459.3857021331787,completed
992.199729,10,3.164145,1.0,True,10,0,0,463.06294441223145,560.0261783599854,12.696685409545898,463.06294441223145,completed
-449.118011,10,3.172857,1.0,True,10,0,0,723.131290435791,935.0241317749023,53.83563461303711,723.131290435791,completed
39.680001,10,3.180941,1.0,True,10,0,0,556.741060256958,838.892505645752,39.67468032836914,556.741060256958,completed
849.907705,10,3.188685,1.0,True,10,0,0,489.93535137176514,648.1052570343018,15.410765075683594,489.93535137176514,completed
1213.718733,10,3.197635,1.0,True,10,0,0,371.87829303741455,505.2882661819458,9.866859912872314,371.87829303741455,completed
-471.116006,10,3.207159,1.0,True,10,0,0,752.0449867248535,937.9312438964844,52.65823230743408,752.0449867248535,completed
357.06218,10,3.214981,1.0,True,10,0,0,534.9237060546875,782.1057052612305,28.833366012573244,534.9237060546875,completed
-2.980866,10,3.223968,1.0,True,10,0,0,674.5012016296387,808.0121269226074,38.72334027290344,674.5012016296387,completed
839.476249,10,3.231412,1.0,True,10,0,0,458.2471432685852,523.7812623977661,21.220803833007814,458.2471432685852,completed
21.958025,10,3.239679,1.0,True,10,0,0,584.5695991516113,782.1128349304199,42.84880485534668,584.5695991516113,completed
129.47312,10,3.248173,1.0,True,10,0,0,583.7523260116577,754.0154705047607,39.04292335510254,583.7523260116577,completed
867.109105,10,3.255981,1.0,True,10,0,0,458.82801723480225,568.1822853088379,18.629678535461426,458.82801723480225,completed
852.356233,10,3.263906,1.0,True,10,0,0,393.203360080719,525.9708566665649,22.4076904296875,393.203360080719,completed
658.394844,10,3.272096,1.0,True,10,0,0,470.1015968322754,756.1383895874023,17.13959846496582,470.1015968322754,completed
251.848911,10,3.280783,1.0,True,10,0,0,586.7576370239258,786.4272994995117,32.301323890686035,586.7576370239258,completed
945.764318,10,3.289763,1.0,True,10,0,0,489.06072425842285,586.4642715454102,14.034427452087403,489.06072425842285,completed
987.015318,10,3.298134,1.0,True,10,0,0,394.721697807312,503.150203704834,15.634321975708009,394.721697807312,completed
754.85676,10,3.307654,1.0,True,10,0,0,441.64941215515137,522.4284515380859,26.02411479949951,441.64941215515137,completed
-34.772993,10,3.316849,1.0,True,10,0,0,529.0393753051758,793.2055130004883,47.99116516113281,529.0393753051758,completed
699.325536,10,3.325544,1.0,True,10,0,0,515.492166519165,625.4586563110352,20.918732118606567,515.492166519165,completed
615.697776,10,3.333272,1.0,True,10,0,0,539.4637937545776,686.9843158721924,20.997060012817382,539.4637937545776,completed
377.708886,10,3.34184,1.0,True,10,0,0,493.04027366638184,660.3009033203125,32.006797790527344,493.04027366638184,completed
142.796606,10,3.349431,1.0,True,10,0,0,535.281566619873,765.4615783691406,41.70133590698242,535.281566619873,completed
111.257006,10,3.3576,1.0,True,10,0,0,574.9841651916504,777.8028907775879,40.15846576690674,574.9841651916504,completed
308.733249,10,3.367265,1.0,True,10,0,0,545.4218502044678,701.3955230712891,35.373928260803225,545.4218502044678,completed
102.184826,10,3.375804,1.0,True,10,0,0,512.2949104309082,814.7960968017578,39.208126068115234,512.2949104309082,completed
123.290845,10,3.383103,1.0,True,10,0,0,586.0972099304199,743.8932266235352,37.33841400146484,586.0972099304199,completed
919.3347,10,3.390735,1.0,True,10,0,0,338.7035856246948,489.70337200164795,22.68847198486328,338.7035856246948,completed
1221.491238,10,3.398691,1.0,True,10,0,0,429.7175712585449,551.520694732666,5.200272750854492,429.7175712585449,completed
1040.48742,10,3.40755,1.0,True,10,0,0,385.28241443634033,480.68145656585693,15.729676437377929,385.28241443634033,completed
1530.71219,10,3.415977,1.0,True,10,0,0,312.61201667785645,312.61201667785645,5.142369079589844,312.61201667785645,completed
570.648745,10,3.423565,1.0,True,10,0,0,454.21239280700684,679.0029678344727,24.996027755737305,454.21239280700684,completed
270.393613,10,3.431159,1.0,True,10,0,0,533.4057807922363,660.0646133422852,36.17459220886231,533.4057807922363,completed
615.639229,10,3.438652,1.0,True,10,0,0,466.89485931396484,656.8537044525146,26.08423900604248,466.89485931396484,completed
1169.072253,10,3.447085,1.0,True,10,0,0,392.449369430542,450.52634048461914,11.993957543373108,392.449369430542,completed
1144.720571,10,3.455072,1.0,True,10,0,0,301.10722064971924,437.4251346588135,14.172372436523437,301.10722064971924,completed
328.441022,10,3.463361,1.0,True,10,0,0,534.8068923950195,755.3449974060059,29.239767265319824,534.8068923950195,completed
-415.438094,10,3.471454,1.0,True,10,0,0,682.4909362792969,955.6112442016602,52.23855819702148,682.4909362792969,completed
847.97035,10,3.478778,1.0,True,10,0,0,489.2210693359375,611.9331321716309,15.018528175354003,489.2210693359375,completed
520.730564,10,3.485835,1.0,True,10,0,0,604.6175804138184,847.1799278259277,17.480048370361327,604.6175804138184,completed
125.495913,10,3.493105,1.0,True,10,0,0,604.2183237075806,840.5932636260986,35.11602516174317,604.2183237075806,completed
516.86484,10,3.500443,1.0,True,10,0,0,573.5496492385864,619.9583253860474,27.352560615539552,573.5496492385864,completed
433.833167,10,3.507927,1.0,True,10,0,0,545.4881496429443,649.6736145019531,31.961648368835448,545.4881496429443,completed
868.398988,10,3.515665,1.0,True,10,0,0,496.78827476501465,612.1456642150879,15.008390808105469,496.78827476501465,completed
675.222853,10,3.523398,1.0,True,10,0,0,491.34662437438965,766.1550960540771,16.359928321838378,491.34662437438965,completed
982.245228,10,3.531174,1.0,True,10,0,0,451.0426540374756,626.187822341919,11.166128730773925,451.0426540374756,completed
1038.782271,10,3.538702,1.0,True,10,0,0,496.06134605407715,624.6772804260254,7.071795654296875,496.06134605407715,completed
687.724937,10,3.545784,1.0,True,10,0,0,461.72475814819336,550.5615692138672,24.731124114990234,461.72475814819336,completed
830.756288,10,4.864888,1.0,True,10,0,0,483.64889574050903,592.6155786514282,17.108861923217773,483.64889574050903,completed
848.682703,10,4.874387,1.0,True,10,0,0,424.71215057373047,596.6051406860352,17.76121759414673,424.71215057373047,completed
230.537212,10,4.882264,1.0,True,10,0,0,539.393611907959,785.298698425293,32.349902629852295,539.393611907959,completed
569.230712,10,4.88994,1.0,True,10,0,0,549.7651720046997,698.442419052124,23.63117618560791,549.7651720046997,completed
869.800176,10,4.897585,1.0,True,10,0,0,496.94110679626465,496.94110679626465,20.019997119903564,496.94110679626465,completed
343.619574,10,4.905016,1.0,True,10,0,0,618.5803108215332,820.1269226074219,24.904631233215333,618.5803108215332,completed
713.516416,10,4.912537,1.0,True,10,0,0,516.4660110473633,648.5243091583252,21.4113618850708,516.4660110473633,completed
591.034878,10,4.919892,1.0,True,10,0,0,440.496768951416,594.3549690246582,29.043829727172852,440.496768951416,completed
358.345579,10,4.927305,1.0,True,10,0,0,648.8537096977234,737.4676733016968,27.80638771057129,648.8537096977234,completed
319.164767,10,4.935037,1.0,True,10,0,0,484.5508117675781,671.3312377929688,37.08201923370361,484.5508117675781,completed
811.203947,10,4.942324,1.0,True,10,0,0,440.3621187210083,588.8866710662842,20.84017219543457,440.3621187210083,completed
803.977975,10,4.949862,1.0,True,10,0,0,420.2247724533081,590.4786357879639,20.468033123016358,420.2247724533081,completed
747.208985,10,4.957449,1.0,True,10,0,0,408.63213443756104,588.4754543304443,23.764436721801758,408.63213443756104,completed
751.126422,10,4.964646,1.0,True,10,0,0,487.923864364624,582.6261348724365,21.511525535583495,487.923864364624,completed
898.859395,10,4.972553,1.0,True,10,0,0,440.8077042102814,552.5982728004456,20.939894104003905,440.8077042102814,completed
1157.481057,10,4.980335,1.0,True,10,0,0,370.24644660949707,448.55505180358887,13.348025894165039,370.24644660949707,completed
994.418264,10,4.987958,1.0,True,10,0,0,439.2467346191406,476.1717987060547,16.662235832214357,439.2467346191406,completed
121.475058,10,4.995514,1.0,True,10,0,0,652.1112594604492,722.5249099731445,39.124039268493654,652.1112594604492,completed
262.932566,10,5.004941,1.0,True,10,0,0,465.2601623535156,703.5189170837402,38.7020263671875,465.2601623535156,completed
-62.686204,10,5.013957,1.0,True,10,0,0,623.2283382415771,905.9816017150879,39.108471965789796,623.2283382415771,completed
700.978344,10,5.02329,1.0,True,10,0,0,490.1861562728882,537.9237651824951,26.409691047668456,490.1861562728882,completed
418.05468,10,5.033433,1.0,True,10,0,0,604.258695602417,819.9040851593018,21.624780464172364,604.258695602417,completed
740.664563,10,5.047201,1.0,True,10,0,0,455.715877532959,626.471019744873,20.589389419555665,455.715877532959,completed
475.632172,10,5.065989,1.0,True,10,0,0,456.6461465358734,745.9862322807312,28.48976421356201,456.6461465358734,completed
653.537245,10,5.080542,1.0,True,10,0,0,488.6974859237671,606.8610601425171,25.034854888916016,488.6974859237671,completed
550.648474,10,5.104716,1.0,True,10,0,0,496.1903553009033,646.8381614685059,25.255766773223876,496.1903553009033,completed
-188.315889,10,5.122541,1.0,True,10,0,0,553.3459281921387,852.057430267334,49.20225791931152,553.3459281921387,completed
678.865362,10,5.136163,1.0,True,10,0,0,548.0313453674316,594.8368911743164,22.649762535095213,548.0313453674316,completed
494.885942,10,5.153175,1.0,True,10,0,0,509.9648132324219,749.0921363830566,23.256690979003906,509.9648132324219,completed
622.492183,10,5.16217,1.0,True,10,0,0,525.7536563873291,653.9344730377197,22.88638515472412,525.7536563873291,completed
601.153224,10,5.173607,1.0,True,10,0,0,551.7011890411377,671.1841144561768,23.476176834106447,551.7011890411377,completed
615.249758,10,5.187414,1.0,True,10,0,0,399.7597086429596,592.6702046394348,29.147859573364258,399.7597086429596,completed
629.553085,10,5.200703,1.0,True,10,0,0,510.6485710144043,769.5785064697266,17.87607078552246,510.6485710144043,completed
62.094337,10,5.210517,1.0,True,10,0,0,601.5599670410156,776.9728050231934,41.864979887008666,601.5599670410156,completed
881.685294,10,5.222631,1.0,True,10,0,0,387.15475845336914,440.06859588623047,24.59731979370117,387.15475845336914,completed
890.228387,10,5.236266,1.0,True,10,0,0,483.3261375427246,518.8688297271729,19.45101089477539,483.3261375427246,completed
349.966044,10,5.248714,1.0,True,10,0,0,446.6693227291107,726.0325846672058,37.41982598304749,446.6693227291107,completed
604.603948,10,5.259096,1.0,True,10,0,0,560.7154216766357,643.2955741882324,23.31708335876465,560.7154216766357,completed
-282.712374,10,5.269775,1.0,True,10,0,0,695.2127819061279,851.0904674530029,49.71925954818725,695.2127819061279,completed
398.812708,10,5.280765,1.0,True,10,0,0,618.4884223937988,810.1429920196533,22.696847343444823,618.4884223937988,completed
829.304623,10,5.290357,1.0,True,10,0,0,435.80094623565674,593.9477291107178,19.793615341186523,435.80094623565674,completed
797.918275,10,5.301898,1.0,True,10,0,0,495.1177444458008,755.7464599609375,13.184498596191407,495.1177444458008,completed
235.321067,10,5.314058,1.0,True,10,0,0,597.5290184020996,735.7483329772949,33.09191780090332,597.5290184020996,completed
474.48238,10,5.324702,1.0,True,10,0,0,529.5420064926147,712.7415676116943,29.438834571838377,529.5420064926147,completed
-20.539165,10,5.33277,1.0,True,10,0,0,597.5707397460938,843.8883743286133,41.18597545623779,597.5707397460938,completed
494.645665,10,5.340429,1.0,True,10,0,0,483.342472076416,709.2719974517822,27.507482719421386,483.342472076416,completed
938.326731,10,5.348462,1.0,True,10,0,0,362.4472541809082,499.15623664855957,20.50665283203125,362.4472541809082,completed
-14.655847,10,5.355829,1.0,True,10,0,0,657.2744789123535,757.3307685852051,43.861365699768065,657.2744789123535,completed
684.330025,10,5.363549,1.0,True,10,0,0,512.2331085205078,634.3189315795898,21.278964233398437,512.2331085205078,completed
553.448905,10,5.371127,1.0,True,10,0,0,483.50410079956055,690.5940208435059,25.58976058959961,483.50410079956055,completed
258.904831,10,5.378948,1.0,True,10,0,0,516.4022531509399,715.1832599639893,37.97761154174805,516.4022531509399,completed
659.503636,10,5.390164,1.0,True,10,0,0,507.72757720947266,599.7183609008789,24.5584810256958,507.72757720947266,completed
1120.3418,10,5.400919,1.0,True,10,0,0,439.1404666900635,500.1539478302002,11.550228881835938,439.1404666900635,completed
953.927021,10,5.408547,1.0,True,10,0,0,401.8691806793213,514.2145099639893,18.96577548980713,401.8691806793213,completed
399.830098,10,5.416599,1.0,True,10,0,0,552.6130695343018,668.0116996765137,29.93945951461792,552.6130695343018,completed
1007.431617,10,5.42573,1.0,True,10,0,0,380.85696935653687,581.9636831283569,15.694707489013672,380.85696935653687,completed
136.2858,10,5.434022,1.0,True,10,0,0,599.3936080932617,822.2212581634521,36.981732559204104,599.3936080932617,completed
-12.88288,10,5.441664,1.0,True,10,0,0,748.0961532592773,891.6044025421143,36.16301727294922,748.0961532592773,completed
120.341614,10,5.4497,1.0,True,10,0,0,565.6051349639893,882.3861846923828,35.483525085449216,565.6051349639893,completed
513.895096,10,5.457395,1.0,True,10,0,0,506.0726146697998,781.8155364990234,24.373212242126463,506.0726146697998,completed
336.309477,10,5.46555,1.0,True,10,0,0,531.0057830810547,825.8379516601562,28.83326530456543,531.0057830810547,completed
-354.458173,10,5.473208,1.0,True,10,0,0,664.4744186401367,947.9423942565918,48.90184440612793,664.4744186401367,completed
1255.814905,10,5.480868,1.0,True,10,0,0,386.7853317260742,455.5922393798828,7.548121643066406,386.7853317260742,completed
999.129116,10,5.491878,1.0,True,10,0,0,499.44600105285645,624.6309432983398,10.20546226501465,499.44600105285645,completed
829.503445,10,5.499481,1.0,True,10,0,0,460.86362648010254,631.3292942047119,15.725807762145996,460.86362648010254,completed
1207.261006,10,5.506872,1.0,True,10,0,0,329.0250053405762,416.67382049560547,13.849139404296874,329.0250053405762,completed
389.004706,10,5.515119,1.0,True,10,0,0,439.31368112564087,718.8934817314148,34.831212759017944,439.31368112564087,completed
-566.246951,10,5.522843,1.0,True,10,0,0,717.4612407684326,1053.403163909912,54.601336288452146,717.4612407684326,completed
406.572714,10,5.530578,1.0,True,10,0,0,550.8995904922485,698.0515260696411,30.50154266357422,550.8995904922485,completed
425.483095,10,5.539201,1.0,True,10,0,0,516.2278957366943,731.5018157958984,30.006408500671387,516.2278957366943,completed
339.818286,10,5.547909,1.0,True,10,0,0,625.6225433349609,625.6225433349609,34.331169509887694,625.6225433349609,completed
729.251959,10,5.555708,1.0,True,10,0,0,521.2481069564819,726.2422323226929,14.956636047363281,521.2481069564819,completed
547.735277,10,5.563787,1.0,True,10,0,0,430.0025157928467,600.6079616546631,32.42972278594971,430.0025157928467,completed
500.000866,10,5.5711,1.0,True,10,0,0,559.9087066650391,747.7830924987793,19.074625396728514,559.9087066650391,completed
498.215908,10,5.578579,1.0,True,10,0,0,613.3542308807373,745.0762596130371,21.459383392333983,613.3542308807373,completed
31.356563,10,5.586958,1.0,True,10,0,0,669.400520324707,849.9490776062012,36.10295696258545,669.400520324707,completed
-125.244921,10,5.595158,1.0,True,10,0,0,729.2179412841797,995.9274597167969,32.85969753265381,729.2179412841797,completed
762.409666,10,5.603291,1.0,True,10,0,0,496.1154565811157,620.6801691055298,18.60864372253418,496.1154565811157,completed
151.01071,10,5.610993,1.0,True,10,0,0,625.0967922210693,702.7843532562256,38.29342131614685,625.0967922210693,completed
672.765458,10,5.618377,1.0,True,10,0,0,429.2101192474365,699.3379535675049,22.02183609008789,429.2101192474365,completed
735.230469,10,5.625862,1.0,True,10,0,0,494.8262939453125,679.6193542480469,16.76462326049805,494.8262939453125,completed
473.945497,10,5.633448,1.0,True,10,0,0,489.3267002105713,669.0663375854492,29.32427558898926,489.3267002105713,completed
-134.15623,10,5.641075,1.0,True,10,0,0,689.4426956176758,932.2121467590332,40.502862548828126,689.4426956176758,completed
0.935054,10,5.649015,1.0,True,10,0,0,390.51297760009766,702.9731292724609,50.32433586120605,390.51297760009766,completed
771.174805,10,5.656515,1.0,True,10,0,0,366.10177516937256,592.7675895690918,23.605989074707033,366.10177516937256,completed
310.482358,10,5.663985,1.0,True,10,0,0,615.5284423828125,706.9412994384766,32.87825736999512,615.5284423828125,completed
173.578168,10,5.671462,1.0,True,10,0,0,648.9799156188965,831.4274215698242,29.373185920715333,648.9799156188965,completed
240.158911,10,5.679039,1.0,True,10,0,0,595.4137725830078,885.7356872558594,28.414178466796876,595.4137725830078,completed
-208.635757,10,5.686245,1.0,True,10,0,0,606.4461121559143,799.0066690444946,50.29303770065307,606.4461121559143,completed
-259.221864,10,5.69408,1.0,True,10,0,0,731.7287330627441,976.6676368713379,40.54251117706299,731.7287330627441,completed
763.863385,10,5.701885,1.0,True,10,0,0,512.6038415431976,634.3196504116058,18.541134738922118,512.6038415431976,completed
679.298606,10,5.709565,1.0,True,10,0,0,516.9195489883423,606.1372623443604,22.93993377685547,516.9195489883423,completed
382.652656,10,5.717528,1.0,True,10,0,0,526.8391780853271,659.1140937805176,33.3109167098999,526.8391780853271,completed
981.90683,10,5.725742,1.0,True,10,0,0,380.1499230861664,467.7793679237366,20.772295570373537,380.1499230861664,completed
838.807847,10,5.734582,1.0,True,10,0,0,470.9773244857788,658.8943586349487,14.6910982131958,470.9773244857788,completed
708.08437,10,5.742822,1.0,True,10,0,0,497.57356548309326,942.7043781280518,7.319833755493164,497.57356548309326,completed
479.830742,10,5.751644,1.0,True,10,0,0,549.3544387817383,755.0711479187012,24.998916625976562,549.3544387817383,completed
727.410571,10,5.759818,1.0,True,10,0,0,488.1939163208008,589.6152534484863,22.304815006256103,488.1939163208008,completed
528.626933,10,5.767823,1.0,True,10,0,0,549.0513725280762,785.4273986816406,20.898605251312254,549.0513725280762,completed
621.534918,10,5.776384,1.0,True,10,0,0,539.5211658477783,652.682918548584,21.340058612823487,539.5211658477783,completed
149.826374,10,5.784714,1.0,True,10,0,0,508.6456356048584,727.5162372589111,41.73591918945313,508.6456356048584,completed
182.06925,10,5.793772,1.0,True,10,0,0,607.4508743286133,804.087646484375,34.198190689086914,607.4508743286133,completed
-203.242418,10,5.802092,1.0,True,10,0,0,762.2191886901855,971.3627166748047,39.6205958366394,762.2191886901855,completed
621.813919,10,5.810823,1.0,True,10,0,0,538.3730220794678,711.2956638336182,19.38685188293457,538.3730220794678,completed
-280.3149,10,5.819541,1.0,True,10,0,0,528.1606407165527,848.0161399841309,53.530038070678714,528.1606407165527,completed
628.806541,10,5.827824,1.0,True,10,0,0,435.0421829223633,646.7104034423828,23.18933525085449,435.0421829223633,completed
512.675976,10,5.835921,1.0,True,10,0,0,566.745491027832,644.5190773010254,26.415287208557128,566.745491027832,completed
161.722985,10,5.844658,1.0,True,10,0,0,610.7748031616211,772.1440963745117,36.872681331634524,610.7748031616211,completed
577.376336,10,5.854091,1.0,True,10,0,0,468.83790731430054,621.4774045944214,28.634788703918456,468.83790731430054,completed
559.900747,10,5.864078,1.0,True,10,0,0,541.3510875701904,621.4192504882812,27.336371231079102,541.3510875701904,completed
1396.547737,10,5.873898,1.0,True,10,0,0,284.575457572937,310.3439083099365,9.066434478759765,284.575457572937,completed
323.573486,10,5.882748,1.0,True,10,0,0,647.3092088699341,751.9078578948975,27.547117233276367,647.3092088699341,completed
631.41163,10,5.892429,1.0,True,10,0,0,572.3112392425537,572.3112392425537,25.53296318054199,572.3112392425537,completed
484.683901,10,5.900106,1.0,True,10,0,0,569.3952770233154,713.4545726776123,28.943945121765136,569.3952770233154,completed
738.272571,10,5.908394,1.0,True,10,0,0,472.297155380249,623.7807388305664,20.359516143798828,472.297155380249,completed
632.062627,10,5.916251,1.0,True,10,0,0,457.33827209472656,632.7488403320312,26.87553424835205,457.33827209472656,completed
671.156135,10,5.924429,1.0,True,10,0,0,499.4269862174988,870.1158380508423,11.853012561798096,499.4269862174988,completed
650.40212,10,5.933116,1.0,True,10,0,0,529.1868143081665,681.1110744476318,19.893180465698244,529.1868143081665,completed
466.579948,10,5.940736,1.0,True,10,0,0,570.5723705291748,727.3849067687988,25.297661590576173,570.5723705291748,completed
685.89531,10,5.948665,1.0,True,10,0,0,552.992657661438,657.005880355835,19.980131340026855,552.992657661438,completed
1164.984702,10,5.956538,1.0,True,10,0,0,374.35817301273346,428.82848858833313,13.93445281982422,374.35817301273346,completed
679.315971,10,5.964149,1.0,True,10,0,0,502.0318145751953,663.7438735961914,22.717333984375,502.0318145751953,completed
844.063962,10,5.971818,1.0,True,10,0,0,480.17195892333984,545.7154636383057,19.12729263305664,480.17195892333984,completed
470.806389,10,5.979372,1.0,True,10,0,0,529.5389556884766,889.0988845825195,18.673073244094848,529.5389556884766,completed
162.190685,10,5.987256,1.0,True,10,0,0,625.5126953125,765.0225524902344,36.798844528198245,625.5126953125,completed
-50.994195,10,5.994796,1.0,True,10,0,0,534.3484802246094,826.1718139648438,44.329805564880374,534.3484802246094,completed
738.462031,10,6.002388,1.0,True,10,0,0,404.22772884368896,614.9299154281616,24.128921222686767,404.22772884368896,completed
965.890695,10,6.010146,1.0,True,10,0,0,496.8182373046875,621.7645874023438,9.603865814208984,496.8182373046875,completed
446.781682,10,6.018676,1.0,True,10,0,0,397.21183466911316,601.2272353172302,35.92706294059754,397.21183466911316,completed
202.304029,10,6.026383,1.0,True,10,0,0,574.0029544830322,826.779296875,32.941848564147946,574.0029544830322,completed
216.974057,10,6.034139,1.0,True,10,0,0,664.639741897583,774.0183238983154,29.89109706878662,664.639741897583,completed
654.934491,10,6.042374,1.0,True,10,0,0,522.0388107299805,596.0524978637695,23.30922374725342,522.0388107299805,completed
1142.798946,10,6.050724,1.0,True,10,0,0,434.37187576293945,468.40150451660156,11.066813659667968,434.37187576293945,completed
530.221458,10,6.058013,1.0,True,10,0,0,628.0473442077637,628.0473442077637,25.854902839660646,628.0473442077637,completed
409.27443,10,6.066314,1.0,True,10,0,0,544.2730665206909,753.5105495452881,27.515006256103515,544.2730665206909,completed
229.979663,10,6.073886,1.0,True,10,0,0,606.9880867004395,799.547924041748,33.31623840332031,606.9880867004395,completed
4.154745,10,6.081418,1.0,True,10,0,0,620.5284881591797,760.0673522949219,43.87270374298096,620.5284881591797,completed
713.01712,10,6.088753,1.0,True,10,0,0,508.1766519546509,711.674825668335,15.711729049682617,508.1766519546509,completed
172.953787,10,6.095988,1.0,True,10,0,0,496.1090278625488,698.362060546875,41.309126472473146,496.1090278625488,completed
383.710797,10,6.103347,1.0,True,10,0,0,400.0103816986084,719.8257999420166,34.97372970581055,400.0103816986084,completed
486.212315,10,6.111273,1.0,True,10,0,0,493.53932094573975,651.4185848236084,29.555182456970215,493.53932094573975,completed
414.497623,10,6.118918,1.0,True,10,0,0,663.6138286590576,883.8227291107178,16.506453895568846,663.6138286590576,completed
500.93733,10,6.126323,1.0,True,10,0,0,527.4641313552856,619.9294910430908,30.783087539672852,527.4641313552856,completed
561.400561,10,6.133927,1.0,True,10,0,0,483.99212884902954,614.4429368972778,28.1158465385437,483.99212884902954,completed
803.726685,10,6.141395,1.0,True,10,0,0,458.0676517486572,623.8537178039551,18.759681701660156,458.0676517486572,completed
704.303866,10,6.149307,1.0,True,10,0,0,514.4573860168457,550.8313407897949,24.805361366271974,514.4573860168457,completed
712.126394,10,6.156918,1.0,True,10,0,0,573.7119693756104,593.469596862793,20.29149341583252,573.7119693756104,completed
292.569405,10,6.165332,1.0,True,10,0,0,607.3776321411133,751.6545753479004,29.059199142456055,607.3776321411133,completed
781.921806,10,6.174279,1.0,True,10,0,0,450.6064329147339,613.765718460083,20.62860221862793,450.6064329147339,completed
795.1134,10,6.18312,1.0,True,10,0,0,456.24654483795166,583.2882251739502,21.47608127593994,456.24654483795166,completed
-725.294523,10,6.191116,1.0,True,10,0,0,700.4665718078613,984.1229476928711,63.12396688461304,700.4665718078613,completed
413.553467,10,6.19937,1.0,True,10,0,0,555.1628007888794,656.5607089996338,29.806603622436523,555.1628007888794,completed
295.602685,10,6.20715,1.0,True,10,0,0,632.7732582092285,745.8338508605957,29.715806198120116,632.7732582092285,completed
1002.829657,10,6.215027,1.0,True,10,0,0,389.7209300994873,492.11125564575195,19.35077018737793,389.7209300994873,completed
1266.568971,10,6.224101,1.0,True,10,0,0,423.0744514465332,526.5040912628174,3.271592903137207,423.0744514465332,completed
410.596173,10,6.231932,1.0,True,10,0,0,648.0110912322998,773.86181640625,23.217458724975586,648.0110912322998,completed
451.311992,10,6.239293,1.0,True,10,0,0,608.3346576690674,683.3902492523193,26.09789695739746,608.3346576690674,completed
1047.900371,10,6.247019,1.0,True,10,0,0,411.0991621017456,424.6485824584961,18.916334533691405,411.0991621017456,completed
151.446066,10,6.254886,1.0,True,10,0,0,556.0412044525146,770.017406463623,39.145503234863284,556.0412044525146,completed
1164.153386,10,6.262295,1.0,True,10,0,0,367.2921676635742,420.9405860900879,14.621833419799804,367.2921676635742,completed
1055.692072,10,6.270288,1.0,True,10,0,0,364.73750495910645,502.55483627319336,16.882755279541016,364.73750495910645,completed
1093.655394,10,6.277396,1.0,True,10,0,0,366.15582847595215,537.6789932250977,14.2602108001709,366.15582847595215,completed
351.876923,10,6.284875,1.0,True,10,0,0,555.6195850372314,691.872314453125,30.934589004516603,555.6195850372314,completed
302.498438,10,6.292467,1.0,True,10,0,0,601.3577041625977,685.3262519836426,32.391403102874754,601.3577041625977,completed
557.255885,10,6.300243,1.0,True,10,0,0,455.943865776062,652.3011293411255,27.08232765197754,455.943865776062,completed
1250.032512,10,6.308021,1.0,True,10,0,0,396.892249584198,465.2126798629761,7.004909515380859,396.892249584198,completed
-333.41069,10,6.315852,1.0,True,10,0,0,654.432315826416,953.4386444091797,49.098439598083495,654.432315826416,completed
738.140942,10,6.323605,1.0,True,10,0,0,517.7722721099854,569.1416625976562,23.256993293762207,517.7722721099854,completed
671.426636,10,6.330817,1.0,True,10,0,0,540.7064256668091,540.7064256668091,27.46862201690674,540.7064256668091,completed
659.989398,10,6.338041,1.0,True,10,0,0,459.9637269973755,589.1304311752319,26.549444580078124,459.9637269973755,completed
1278.066893,10,6.345615,1.0,True,10,0,0,386.76529598236084,461.03142261505127,6.1369682312011715,386.76529598236084,completed
-281.934251,10,6.353759,1.0,True,10,0,0,632.9153499603271,882.9169406890869,51.0488203048706,632.9153499603271,completed
237.436073,10,6.362107,1.0,True,10,0,0,600.8108787536621,852.3861618041992,28.97263107299805,600.8108787536621,completed
453.99759,10,6.370105,1.0,True,10,0,0,410.98253631591797,642.5584831237793,35.37992782592774,410.98253631591797,completed
692.482263,10,6.377706,1.0,True,10,0,0,540.6577224731445,673.3042106628418,19.124423599243165,540.6577224731445,completed
1001.821122,10,6.385267,1.0,True,10,0,0,371.01836013793945,498.0987777709961,18.382960319519043,371.01836013793945,completed
799.468732,10,6.392907,1.0,True,10,0,0,459.94893074035645,710.2201118469238,15.415989303588868,459.94893074035645,completed
955.681478,10,6.400555,1.0,True,10,0,0,439.99890422821045,543.747880935669,14.85982551574707,439.99890422821045,completed
1174.076589,10,6.409089,1.0,True,10,0,0,337.1749711036682,444.00028705596924,15.010905647277832,337.1749711036682,completed
345.753115,10,6.418436,1.0,True,10,0,0,560.2671127319336,758.369686126709,29.94399814605713,560.2671127319336,completed
168.520523,10,6.42988,1.0,True,10,0,0,684.7349586486816,1005.4141006469727,22.734149551391603,684.7349586486816,completed
1043.44944,10,6.439981,1.0,True,10,0,0,470.5877103805542,571.2191219329834,10.54284496307373,470.5877103805542,completed
694.199864,10,6.448017,1.0,True,10,0,0,481.8169536590576,699.5295600891113,18.11137237548828,481.8169536590576,completed
125.556015,10,6.456371,1.0,True,10,0,0,598.699577331543,828.0868873596191,35.966433143615724,598.699577331543,completed
396.297806,10,6.464214,1.0,True,10,0,0,524.5397758483887,699.3309154510498,29.23571605682373,524.5397758483887,completed
579.755019,10,6.475817,1.0,True,10,0,0,556.3024501800537,698.9810581207275,25.37921733856201,556.3024501800537,completed
-106.233515,10,6.492147,1.0,True,10,0,0,568.5064811706543,897.8357238769531,45.87551651000977,568.5064811706543,completed
40.20435,10,6.502236,1.0,True,10,0,0,657.8936719894409,961.133623123169,32.39062309265137,657.8936719894409,completed
751.214792,10,6.511045,1.0,True,10,0,0,482.9595413208008,587.2858047485352,21.399754905700682,482.9595413208008,completed
1249.658487,10,6.519404,1.0,True,10,0,0,345.04741287231445,439.2741470336914,10.005575180053711,345.04741287231445,completed
735.202538,10,6.527613,1.0,True,10,0,0,449.86084938049316,632.3582611083984,20.71434326171875,449.86084938049316,completed
629.019546,10,6.535901,1.0,True,10,0,0,510.7759494781494,613.1282539367676,22.753690242767334,510.7759494781494,completed
-35.850834,10,6.543528,1.0,True,10,0,0,539.2229957580566,776.1076011657715,47.4299337387085,539.2229957580566,completed
356.605193,10,6.551736,1.0,True,10,0,0,553.9540882110596,737.2868766784668,32.00033950805664,553.9540882110596,completed
607.694914,10,6.559179,1.0,True,10,0,0,465.24951934814453,626.022087097168,25.726553916931152,465.24951934814453,completed
534.190142,10,6.566889,1.0,True,10,0,0,515.6171550750732,627.2294940948486,27.824356079101562,515.6171550750732,completed
1003.350856,10,6.574747,1.0,True,10,0,0,398.6418516635895,616.8288540840149,13.447614669799805,398.6418516635895,completed
681.499293,10,6.582251,1.0,True,10,0,0,539.7391128540039,578.7260932922363,22.40292682647705,539.7391128540039,completed
356.075709,10,6.589757,1.0,True,10,0,0,535.4261374473572,923.1649980545044,22.359355545043947,535.4261374473572,completed
487.438923,10,6.597822,1.0,True,10,0,0,574.4560890197754,689.2049331665039,27.48809986114502,574.4560890197754,completed
865.914958,10,6.605133,1.0,True,10,0,0,412.12228870391846,557.5782642364502,20.673778915405272,412.12228870391846,completed
-186.108124,10,6.613715,1.0,True,10,0,0,755.7886428833008,1059.9589653015137,34.08400382995605,755.7886428833008,completed
350.215548,10,6.621138,1.0,True,10,0,0,521.3455581665039,682.4687385559082,33.81307525634766,521.3455581665039,completed
63.156295,10,6.628678,1.0,True,10,0,0,617.3149375915527,872.3223838806152,33.59500598907471,617.3149375915527,completed
-21.734515,10,6.636536,1.0,True,10,0,0,504.84248542785645,891.6070404052734,43.90306396484375,504.84248542785645,completed
106.212931,10,7.840738,1.0,True,10,0,0,700.2438449859619,933.5774993896484,28.085275650024414,700.2438449859619,completed
-148.713073,10,7.848783,1.0,True,10,0,0,709.040283203125,833.4967842102051,41.07212200164795,709.040283203125,completed
567.102578,10,7.856373,1.0,True,10,0,0,435.44026947021484,563.233865737915,33.35380039215088,435.44026947021484,completed
957.398721,10,7.863675,1.0,True,10,0,0,490.355562210083,517.0256614685059,15.982985687255859,490.355562210083,completed
760.229381,10,7.8713,1.0,True,10,0,0,477.99133348464966,525.2554082870483,24.50974349975586,477.99133348464966,completed
756.19599,10,7.878737,1.0,True,10,0,0,474.0180149078369,522.443151473999,22.485286712646484,474.0180149078369,completed
495.338929,10,7.886432,1.0,True,10,0,0,507.34239196777344,737.2152900695801,22.715940856933592,507.34239196777344,completed
101.967154,10,7.894401,1.0,True,10,0,0,500.4059467315674,775.1004047393799,40.508941650390625,500.4059467315674,completed
94.106613,10,7.90398,1.0,True,10,0,0,557.929370880127,881.4623603820801,34.57635841369629,557.929370880127,completed
260.610907,10,7.912289,1.0,True,10,0,0,444.34463119506836,695.6435012817383,42.37872314453125,444.34463119506836,completed
707.613599,10,7.920782,1.0,True,10,0,0,535.4617080688477,649.0945739746094,19.855267238616943,535.4617080688477,completed
909.462447,10,7.928932,1.0,True,10,0,0,462.5697135925293,632.9131412506104,12.839563465118408,462.5697135925293,completed
240.79355,10,7.936801,1.0,True,10,0,0,565.7931270599365,783.4677104949951,32.39580459594727,565.7931270599365,completed
485.417837,10,7.946218,1.0,True,10,0,0,445.49968910217285,659.2175579071045,34.35715179443359,445.49968910217285,completed
805.515767,10,7.953493,1.0,True,10,0,0,446.08630752563477,593.211841583252,18.214971160888673,446.08630752563477,completed
757.507029,10,7.961053,1.0,True,10,0,0,401.5619649887085,655.149808883667,21.044550132751464,401.5619649887085,completed
961.446802,10,7.968436,1.0,True,10,0,0,431.56702041625977,517.3053970336914,17.528852462768555,431.56702041625977,completed
55.764054,10,7.976095,1.0,True,10,0,0,680.6565246582031,856.7101650238037,36.67304248809815,680.6565246582031,completed
497.250628,10,7.983836,1.0,True,10,0,0,505.82850646972656,641.9706954956055,29.154225158691407,505.82850646972656,completed
37.758396,10,7.991459,1.0,True,10,0,0,655.6597347259521,750.0601615905762,40.43897929191589,655.6597347259521,completed
258.289688,10,7.999237,1.0,True,10,0,0,450.2230567932129,711.156665802002,40.21520729064942,450.2230567932129,completed
602.167081,10,8.006638,1.0,True,10,0,0,501.31975650787354,721.5375270843506,22.16748924255371,501.31975650787354,completed
442.071142,10,8.014094,1.0,True,10,0,0,473.2783946990967,650.8831081390381,34.89952011108399,473.2783946990967,completed
1040.996828,10,8.021802,1.0,True,10,0,0,405.99499702453613,458.81938552856445,13.785242462158203,405.99499702453613,completed
554.246972,10,8.02914,1.0,True,10,0,0,394.82225942611694,617.2094602584839,32.24646329879761,394.82225942611694,completed
122.610591,10,8.036907,1.0,True,10,0,0,659.8457136154175,760.2435855865479,38.01070184707642,659.8457136154175,completed
252.092261,10,8.044807,1.0,True,10,0,0,503.5074291229248,738.987958908081,36.14582633972168,503.5074291229248,completed
465.804472,10,8.052666,1.0,True,10,0,0,485.11994552612305,813.4807891845703,21.914734649658204,485.11994552612305,completed
1182.811764,10,8.060492,1.0,True,10,0,0,361.1309814453125,532.1599540710449,10.256684875488281,361.1309814453125,completed
829.153763,10,8.068613,1.0,True,10,0,0,453.52638053894043,584.133939743042,19.809153747558593,453.52638053894043,completed
-38.745156,10,8.076432,1.0,True,10,0,0,659.5005855560303,904.4275741577148,38.15872364044189,659.5005855560303,completed
761.013795,10,8.083965,1.0,True,10,0,0,470.2187738418579,610.9084377288818,19.992782974243163,470.2187738418579,completed
346.524785,10,8.091182,1.0,True,10,0,0,559.2290649414062,748.4096260070801,32.98435935974121,559.2290649414062,completed
-229.935932,10,8.098776,1.0,True,10,0,0,531.2982044219971,841.5157165527344,52.52448606491089,531.2982044219971,completed
1591.837055,10,8.106693,1.0,True,10,0,0,349.7852872610092,398.4470660686493,0.0,349.7852872610092,completed
-394.058911,10,8.114255,1.0,True,10,0,0,679.4164276123047,976.0516395568848,51.38761253356934,679.4164276123047,completed
788.644145,10,8.122864,1.0,True,10,0,0,459.2671277523041,592.9781832695007,21.17597885131836,459.2671277523041,completed
1143.422992,10,8.133361,1.0,True,10,0,0,322.49317932128906,435.30860900878906,16.212081527709962,322.49317932128906,completed
1260.340163,10,8.143652,1.0,True,10,0,0,371.7452611923218,488.72082233428955,8.45098876953125,371.7452611923218,completed
436.62039,10,8.153239,1.0,True,10,0,0,541.0658378601074,734.4553070068359,26.041963481903075,541.0658378601074,completed
625.925332,10,8.163097,1.0,True,10,0,0,574.189130783081,636.0166530609131,20.9971435546875,574.189130783081,completed
1021.52233,10,8.171168,1.0,True,10,0,0,380.5160827636719,476.4926586151123,18.301304817199707,380.5160827636719,completed
952.957245,10,8.178732,1.0,True,10,0,0,366.60038566589355,440.9150629043579,21.603797721862794,366.60038566589355,completed
1247.008395,10,8.186272,1.0,True,10,0,0,421.94906997680664,475.08972930908203,7.111173057556153,421.94906997680664,completed
1029.510009,10,8.194054,1.0,True,10,0,0,325.48171043395996,503.01184272766113,18.09439687728882,325.48171043395996,completed
386.777478,10,8.202364,1.0,True,10,0,0,488.24814224243164,649.7488441467285,33.52749538421631,488.24814224243164,completed
20.621249,10,8.209581,1.0,True,10,0,0,634.4591484069824,748.4550857543945,40.77013339996338,634.4591484069824,completed
178.418305,10,8.217554,1.0,True,10,0,0,518.4104402065277,728.6890292167664,38.698874950408936,518.4104402065277,completed
445.2595,10,8.225064,1.0,True,10,0,0,563.5737352371216,758.0124130249023,24.889130210876466,563.5737352371216,completed
1432.629263,10,8.235058,1.0,True,10,0,0,287.66032552719116,382.97214126586914,8.17525930404663,287.66032552719116,completed
1014.284886,10,8.254756,1.0,True,10,0,0,435.20833015441895,533.4243679046631,13.89116554260254,435.20833015441895,completed
598.490232,10,8.264199,1.0,True,10,0,0,508.63818168640137,624.8215560913086,24.95115737915039,508.63818168640137,completed
912.474762,10,8.271421,1.0,True,10,0,0,487.55996322631836,569.1030006408691,15.448797988891602,487.55996322631836,completed
475.435706,10,8.279229,1.0,True,10,0,0,596.9359893798828,654.8129043579102,26.805425262451173,596.9359893798828,completed
322.833132,10,8.286595,1.0,True,10,0,0,453.9449691772461,677.2689971923828,36.24019947052002,453.9449691772461,completed
942.857455,10,8.29478,1.0,True,10,0,0,412.4229211807251,555.4872636795044,16.93264012336731,412.4229211807251,completed
55.269258,10,8.306027,1.0,True,10,0,0,576.261721611023,881.6172027587891,37.20973930358887,576.261721611023,completed
838.297937,10,8.316188,1.0,True,10,0,0,428.8104639053345,480.30589485168457,24.55396499633789,428.8104639053345,completed
858.106878,10,8.324246,1.0,True,10,0,0,477.80084896087646,546.813497543335,19.685888290405273,477.80084896087646,completed
912.774675,10,8.332386,1.0,True,10,0,0,409.18896770477295,543.8914241790771,20.421568870544434,409.18896770477295,completed
398.84064,10,8.340091,1.0,True,10,0,0,551.9302940368652,716.6922454833984,28.581985664367675,551.9302940368652,completed
414.867677,10,8.348399,1.0,True,10,0,0,614.9230356216431,667.4385738372803,28.59980354309082,614.9230356216431,completed
109.348973,10,8.356044,1.0,True,10,0,0,474.5448251962662,740.5075619220734,44.06829071044922,474.5448251962662,completed
519.874617,10,8.363951,1.0,True,10,0,0,587.8781132698059,682.7062726020813,24.5710807800293,587.8781132698059,completed
750.014892,10,8.371615,1.0,True,10,0,0,519.5962734222412,652.0035095214844,18.05117416381836,519.5962734222412,completed
283.131468,10,8.379426,1.0,True,10,0,0,592.2846755981445,737.941614151001,31.98809757232666,592.2846755981445,completed
592.845247,10,8.386905,1.0,True,10,0,0,529.1493301391602,724.9748725891113,21.609639739990236,529.1493301391602,completed
1046.550381,10,8.394481,1.0,True,10,0,0,365.64444732666016,483.4560604095459,17.113064193725585,365.64444732666016,completed
950.114573,10,8.40212,1.0,True,10,0,0,513.2513198852539,562.1834564208984,13.176641654968261,513.2513198852539,completed
833.104383,10,8.409715,1.0,True,10,0,0,387.74492931365967,590.8296222686768,21.216803741455077,387.74492931365967,completed
818.688156,10,8.418258,1.0,True,10,0,0,408.2452850341797,561.704174041748,21.67450408935547,408.2452850341797,completed
504.277551,10,8.425822,1.0,True,10,0,0,443.88916778564453,689.1019668579102,28.068839263916015,443.88916778564453,completed
-21.459367,10,8.43363,1.0,True,10,0,0,579.4800796508789,954.5727081298828,35.68706703186035,579.4800796508789,completed
410.381451,10,8.440901,1.0,True,10,0,0,517.6333446502686,747.2504692077637,26.103151321411133,517.6333446502686,completed
775.752606,10,8.4484,1.0,True,10,0,0,460.7941617965698,576.6993312835693,20.170081615447998,460.7941617965698,completed
515.452961,10,8.456256,1.0,True,10,0,0,486.04438972473145,642.0506725311279,30.083233261108397,486.04438972473145,completed
776.949921,10,8.46381,1.0,True,10,0,0,464.6376533508301,551.1243438720703,22.651535415649413,464.6376533508301,completed
971.757166,10,8.471305,1.0,True,10,0,0,372.06405115127563,544.3669557571411,18.56003761291504,372.06405115127563,completed
293.938105,10,8.479712,1.0,True,10,0,0,510.47717666625977,851.2471771240234,28.920184707641603,510.47717666625977,completed
217.850953,10,8.487174,1.0,True,10,0,0,536.058479309082,743.2527275085449,35.39679794311523,536.058479309082,completed
1008.22619,10,8.504953,1.0,True,10,0,0,394.8984203338623,528.7401123046875,15.661031723022461,394.8984203338623,completed
1107.739574,10,8.515674,1.0,True,10,0,0,399.2296724319458,496.34512519836426,11.087149238586425,399.2296724319458,completed
146.620619,10,8.524004,1.0,True,10,0,0,628.0133304595947,836.8899345397949,34.79962272644043,628.0133304595947,completed
452.428906,10,8.532137,1.0,True,10,0,0,537.8567504882812,653.5409641265869,31.04809913635254,537.8567504882812,completed
523.601332,10,8.540127,1.0,True,10,0,0,543.9306945800781,655.4304695129395,27.203336715698242,543.9306945800781,completed
1056.853014,10,8.548628,1.0,True,10,0,0,431.9431800842285,557.3324661254883,11.79576826095581,431.9431800842285,completed
95.235774,10,8.556658,1.0,True,10,0,0,537.7107810974121,742.575309753418,41.515245819091795,537.7107810974121,completed
1468.041269,10,8.5643,1.0,True,10,0,0,366.83874130249023,366.83874130249023,4.916643524169922,366.83874130249023,completed
363.419323,10,8.571646,1.0,True,10,0,0,555.735631942749,745.2553634643555,29.917919921875,555.735631942749,completed
1313.600746,10,8.579292,1.0,True,10,0,0,391.30504417419434,391.30504417419434,8.059033966064453,391.30504417419434,completed
560.564309,10,8.587082,1.0,True,10,0,0,518.4401874542236,578.1367740631104,30.371056365966798,518.4401874542236,completed
820.797927,10,8.594351,1.0,True,10,0,0,502.7408905029297,681.4119739532471,14.650218391418457,502.7408905029297,completed
825.157312,10,8.602112,1.0,True,10,0,0,426.33345794677734,568.0744476318359,19.208036041259767,426.33345794677734,completed
1349.130944,10,8.610113,1.0,True,10,0,0,390.8464546203613,506.05136489868164,3.7352340698242186,390.8464546203613,completed
698.027981,10,8.617541,1.0,True,10,0,0,508.9104242324829,677.9188098907471,19.54575366973877,508.9104242324829,completed
409.786093,10,8.625062,1.0,True,10,0,0,523.9950656890869,726.5079879760742,28.332904052734374,523.9950656890869,completed
1050.450439,10,8.63266,1.0,True,10,0,0,451.71823740005493,534.5049867630005,12.778156661987305,451.71823740005493,completed
1017.194778,10,8.640089,1.0,True,10,0,0,431.8997359275818,589.3333349227905,12.019935607910156,431.8997359275818,completed
1265.42887,10,8.647546,1.0,True,10,0,0,355.00769805908203,412.48331451416016,10.391743278503418,355.00769805908203,completed
761.097686,10,8.655595,1.0,True,10,0,0,420.89465618133545,645.111291885376,20.837154960632326,420.89465618133545,completed
147.57205,10,8.663433,1.0,True,10,0,0,692.1448101997375,950.696789264679,24.06872978210449,692.1448101997375,completed
-32.30684,10,8.670941,1.0,True,10,0,0,644.6561098098755,811.4764080047607,42.144456243515016,644.6561098098755,completed
436.274222,10,8.678248,1.0,True,10,0,0,623.7136249542236,738.2321186065674,24.622113609313963,623.7136249542236,completed
172.712804,10,8.686371,1.0,True,10,0,0,578.5392379760742,812.2557334899902,33.834117317199706,578.5392379760742,completed
617.488781,10,8.695446,1.0,True,10,0,0,540.5882968902588,726.1672763824463,17.468711853027344,540.5882968902588,completed
257.540524,10,8.703503,1.0,True,10,0,0,581.2520837783813,745.6532878875732,33.17448043823242,581.2520837783813,completed
572.584692,10,8.711293,1.0,True,10,0,0,547.8298301696777,710.171760559082,24.126423645019532,547.8298301696777,completed
116.554613,10,8.718486,1.0,True,10,0,0,640.2336044311523,807.8248901367188,35.03489227294922,640.2336044311523,completed
620.002311,10,8.72617,1.0,True,10,0,0,461.58066177368164,550.449047088623,29.37776699066162,461.58066177368164,completed
536.980926,10,8.734675,1.0,True,10,0,0,451.9292600750923,673.2681232690811,28.313329124450682,451.9292600750923,completed
791.797988,10,8.742349,1.0,True,10,0,0,557.3108139038086,619.4069938659668,16.623391532897948,557.3108139038086,completed
761.875093,10,8.75126,1.0,True,10,0,0,413.99581146240234,563.160701751709,26.762532424926757,413.99581146240234,completed
763.260616,10,8.764659,1.0,True,10,0,0,488.18084716796875,596.7710189819336,18.86913776397705,488.18084716796875,completed
-424.068704,10,8.773975,1.0,True,10,0,0,615.6993007659912,1071.581226348877,48.29548873901367,615.6993007659912,completed
700.544391,10,8.782155,1.0,True,10,0,0,457.065336227417,583.9355430603027,22.394365501403808,457.065336227417,completed
-20.804777,10,8.790013,1.0,True,10,0,0,665.7146968841553,822.9759330749512,40.30512161254883,665.7146968841553,completed
608.271035,10,8.79773,1.0,True,10,0,0,517.639142036438,622.324068069458,25.57945022583008,517.639142036438,completed
947.123002,10,8.805108,1.0,True,10,0,0,416.6065492630005,541.6604871749878,14.854326629638672,416.6065492630005,completed
557.791164,10,8.812856,1.0,True,10,0,0,590.6665954589844,680.4531745910645,22.71551933288574,590.6665954589844,completed
784.87044,10,8.820441,1.0,True,10,0,0,503.9153265953064,672.6573553085327,15.642863655090332,503.9153265953064,completed
897.760267,10,8.827847,1.0,True,10,0,0,414.87806606292725,586.9088363647461,18.63565864562988,414.87806606292725,completed
680.977956,10,8.836928,1.0,True,10,0,0,484.40746307373047,726.370304107666,18.4685115814209,484.40746307373047,completed
250.981536,10,8.846327,1.0,True,10,0,0,566.627046585083,833.9701738357544,31.583752250671388,566.627046585083,completed
666.291659,10,8.855874,1.0,True,10,0,0,604.8818588256836,783.507209777832,12.446064758300782,604.8818588256836,completed
805.693131,10,8.866435,1.0,True,10,0,0,547.4676370620728,626.5632877349854,14.580333518981934,547.4676370620728,completed
702.482043,10,8.875449,1.0,True,10,0,0,479.6664628982544,576.1372661590576,25.79835433959961,479.6664628982544,completed
1046.576245,10,8.885094,1.0,True,10,0,0,342.896445274353,517.5468044281006,15.919220161437988,342.896445274353,completed
546.072414,10,8.893501,1.0,True,10,0,0,614.3021259307861,623.8969459533691,25.702983474731447,614.3021259307861,completed
237.992624,10,8.901756,1.0,True,10,0,0,659.6641941070557,843.8846530914307,27.646787071228026,659.6641941070557,completed
161.476187,10,8.909603,1.0,True,10,0,0,521.8144478797913,755.7510690689087,39.20544843673706,521.8144478797913,completed
394.167081,10,8.917561,1.0,True,10,0,0,541.4981307983398,873.1863861083984,21.771450805664063,541.4981307983398,completed
217.655223,10,8.92505,1.0,True,10,0,0,593.2259998321533,675.1184787750244,38.688942527771,593.2259998321533,completed
984.596636,10,8.933149,1.0,True,10,0,0,336.2800507545471,505.2540407180786,19.89279441833496,336.2800507545471,completed
431.545087,10,8.940613,1.0,True,10,0,0,556.5964689254761,884.82896900177,21.309258270263673,556.5964689254761,completed
609.864042,10,8.948456,1.0,True,10,0,0,409.6292781829834,567.5348739624023,29.25350151062012,409.6292781829834,completed
695.739569,10,8.955789,1.0,True,10,0,0,494.78246688842773,665.8630867004395,21.99707775115967,494.78246688842773,completed
638.867334,10,8.963118,1.0,True,10,0,0,558.1944555044174,591.5869891643524,23.273515224456787,558.1944555044174,completed
120.07808,10,8.970481,1.0,True,10,0,0,611.31591796875,798.223030090332,36.25435180664063,611.31591796875,completed
306.831727,10,8.978072,1.0,True,10,0,0,545.0444440841675,797.5598602294922,30.191287994384766,545.0444440841675,completed
-621.954786,10,8.985608,1.0,True,10,0,0,768.310001373291,1027.7290878295898,53.523339414596556,768.310001373291,completed
214.261504,10,8.993584,1.0,True,10,0,0,689.5937156677246,799.4992713928223,31.626653385162353,689.5937156677246,completed
661.334147,10,9.005011,1.0,True,10,0,0,471.77631855010986,678.2492504119873,23.726294326782227,471.77631855010986,completed
429.296592,10,9.012319,1.0,True,10,0,0,573.099515914917,747.321418762207,27.239506912231445,573.099515914917,completed
419.79991,10,9.021379,1.0,True,10,0,0,535.6839466094971,839.5480308532715,22.51434440612793,535.6839466094971,completed
332.379713,10,9.029256,1.0,True,10,0,0,552.7351484298706,801.3449573516846,28.47498722076416,552.7351484298706,completed
-732.01291,10,9.036733,1.0,True,10,0,0,781.7189445495605,962.1597175598145,62.23029270172119,781.7189445495605,completed
412.708789,10,9.044205,1.0,True,10,0,0,509.9960193634033,668.7193450927734,29.28511600494385,509.9960193634033,completed
342.906903,10,9.051799,1.0,True,10,0,0,665.868896484375,692.0377311706543,28.066512727737425,665.868896484375,completed
116.779487,10,9.059207,1.0,True,10,0,0,612.1114196777344,834.9428787231445,34.375824737548825,612.1114196777344,completed
598.327719,10,9.06678,1.0,True,10,0,0,484.667667388916,603.800235748291,28.084571075439452,484.667667388916,completed
-392.616466,10,9.07446,1.0,True,10,0,0,824.536979675293,1103.977684020996,37.42594127655029,824.536979675293,completed
959.015137,10,9.081891,1.0,True,10,0,0,407.61791253089905,591.5301995277405,14.286544799804688,407.61791253089905,completed
597.313549,10,9.08954,1.0,True,10,0,0,343.3195400238037,556.9585781097412,34.95201454162598,343.3195400238037,completed
807.162966,10,9.097034,1.0,True,10,0,0,555.3824138641357,616.0311298370361,17.34866714477539,555.3824138641357,completed
55.308053,10,9.104689,1.0,True,10,0,0,617.7033071517944,792.7124376296997,40.8543140411377,617.7033071517944,completed
521.46652,10,9.112076,1.0,True,10,0,0,503.8470687866211,702.6883850097656,25.913400745391847,503.8470687866211,completed
915.123632,10,9.119725,1.0,True,10,0,0,394.7620048522949,559.5137367248535,18.627702713012695,394.7620048522949,completed
199.763782,10,9.127651,1.0,True,10,0,0,570.3115329742432,731.5004291534424,37.16994132995605,570.3115329742432,completed
928.211378,10,9.13555,1.0,True,10,0,0,403.42560958862305,586.7596530914307,17.464881896972656,403.42560958862305,completed
428.908044,10,9.142734,1.0,True,10,0,0,627.8843688964844,677.5071430206299,28.205173873901366,627.8843688964844,completed
784.848699,10,9.150241,1.0,True,10,0,0,463.252779006958,753.3964424133301,13.673177337646484,463.252779006958,completed
166.21982,10,9.157277,1.0,True,10,0,0,732.341682434082,732.341682434082,35.18996601104736,732.341682434082,completed
926.317077,10,9.164873,1.0,True,10,0,0,466.429123878479,576.8807926177979,14.962828826904296,466.429123878479,completed
413.843871,10,9.17194,1.0,True,10,0,0,437.0194492340088,652.5701637268066,34.80586395263672,437.0194492340088,completed
951.414815,10,9.179598,1.0,True,10,0,0,429.5137243270874,531.6621236801147,16.052430725097658,429.5137243270874,completed
644.190178,10,9.186614,1.0,True,10,0,0,517.9507188796997,816.119607925415,15.615391111373901,517.9507188796997,completed
910.971877,10,9.194193,1.0,True,10,0,0,466.515682220459,566.4646148681641,16.30038185119629,466.515682220459,completed
347.419987,10,9.202096,1.0,True,10,0,0,579.5802488327026,677.845344543457,33.71009922027588,579.5802488327026,completed
1102.413068,10,9.209488,1.0,True,10,0,0,369.273681640625,442.48680686950684,16.46436176300049,369.273681640625,completed
361.84526,10,9.217895,1.0,True,10,0,0,604.0967464447021,795.5679359436035,24.52859811782837,604.0967464447021,completed
339.740308,10,9.225779,1.0,True,10,0,0,606.0118026733398,678.2842750549316,32.02699537277222,606.0118026733398,completed
402.347258,10,9.234244,1.0,True,10,0,0,506.97568130493164,652.0244064331055,33.31202430725098,506.97568130493164,completed
807.156714,10,9.249786,1.0,True,10,0,0,440.1805498600006,584.9583516120911,21.264038467407225,440.1805498600006,completed
1029.354304,10,9.272143,1.0,True,10,0,0,349.3525495529175,503.6826639175415,17.34916181564331,349.3525495529175,completed
432.297914,10,9.280431,1.0,True,10,0,0,516.7668838500977,682.1786804199219,29.86227035522461,516.7668838500977,completed
215.09326,10,9.28951,1.0,True,10,0,0,623.3176651000977,814.1844902038574,31.515660095214844,623.3176651000977,completed
125.889323,10,9.299217,1.0,True,10,0,0,676.9740829467773,926.9206199645996,28.16567726135254,676.9740829467773,completed
-147.193377,10,9.307928,1.0,True,10,0,0,679.8601264953613,842.4175605773926,43.88089923858642,679.8601264953613,completed
522.431458,10,9.31643,1.0,True,10,0,0,576.4175605773926,690.1398429870605,24.378208923339844,576.4175605773926,completed
798.906012,10,9.32485,1.0,True,10,0,0,539.5475273132324,650.7291069030762,16.32817268371582,539.5475273132324,completed
25.997599,10,9.332447,1.0,True,10,0,0,648.6145305633545,789.0743179321289,40.34259662628174,648.6145305633545,completed
647.535518,10,9.340215,1.0,True,10,0,0,511.8232250213623,602.0782012939453,23.654226303100586,511.8232250213623,completed
745.15065,10,9.348002,1.0,True,10,0,0,464.38453340530396,559.6430292129517,23.780564880371095,464.38453340530396,completed
65.465648,10,9.355554,1.0,True,10,0,0,647.4216957092285,889.4045791625977,32.88681488037109,647.4216957092285,completed
1042.225132,10,9.363563,1.0,True,10,0,0,346.2668056488037,511.5666046142578,16.364575958251955,346.2668056488037,completed
1148.434468,10,9.372065,1.0,True,10,0,0,376.30156230926514,459.5883798599243,11.761868858337403,376.30156230926514,completed
333.117244,10,9.380205,1.0,True,10,0,0,600.1474838256836,648.4127769470215,32.92701053619385,600.1474838256836,completed
1077.669462,10,9.390108,1.0,True,10,0,0,455.50819969177246,489.4867057800293,11.279512071609497,455.50819969177246,completed
1316.829234,10,9.401144,1.0,True,10,0,0,366.89306449890137,366.89306449890137,9.97262783050537,366.89306449890137,completed
471.62377,10,9.410228,1.0,True,10,0,0,484.0209860801697,686.7636938095093,32.37617874145508,484.0209860801697,completed
250.502095,10,9.418295,1.0,True,10,0,0,558.4212341308594,727.0506744384766,35.23447113037109,558.4212341308594,completed
860.953437,10,9.425969,1.0,True,10,0,0,475.20529556274414,635.2098503112793,14.759627532958984,475.20529556274414,completed
99.699143,10,9.433954,1.0,True,10,0,0,705.6342334747314,810.0212497711182,32.544847106933595,705.6342334747314,completed
1002.078728,10,9.441616,1.0,True,10,0,0,434.83661556243896,551.1756763458252,13.536302947998047,434.83661556243896,completed
720.830959,10,9.449843,1.0,True,10,0,0,488.4156150817871,587.4956073760986,22.743725204467772,488.4156150817871,completed
45.935143,10,9.457548,1.0,True,10,0,0,552.0185108184814,699.7794761657715,44.65481634140015,552.0185108184814,completed
780.455943,10,9.465732,1.0,True,10,0,0,473.3532257080078,588.024959564209,21.435233306884765,473.3532257080078,completed
960.286065,10,9.47412,1.0,True,10,0,0,464.9140646457672,610.7568573951721,12.696647644042969,464.9140646457672,completed
675.491914,10,9.481723,1.0,True,10,0,0,455.4542598724365,578.274715423584,25.256667137145996,455.4542598724365,completed
444.402186,10,9.489167,1.0,True,10,0,0,545.7303314208984,642.9328994750977,30.546671295166014,545.7303314208984,completed
493.940044,10,9.498428,1.0,True,10,0,0,529.2572631835938,700.6219081878662,25.39107494354248,529.2572631835938,completed
-53.052309,10,9.513004,1.0,True,10,0,0,522.3159065246582,931.6193313598633,40.244075012207034,522.3159065246582,completed
804.04784,10,9.522874,1.0,True,10,0,0,519.3928604125977,540.5700969696045,22.73446683883667,519.3928604125977,completed
76.125794,10,9.530154,1.0,True,10,0,0,480.4148178100586,730.2392387390137,46.1181076169014,480.4148178100586,completed
945.368459,10,9.53841,1.0,True,10,0,0,400.5284013748169,628.6217441558838,14.391529083251953,400.5284013748169,completed
808.927555,10,10.704555,1.0,True,10,0,0,504.6501579284668,660.6680107116699,13.82737693786621,504.6501579284668,completed
529.237186,10,10.713424,1.0,True,10,0,0,493.49273109436035,622.4064292907715,29.001005172729492,493.49273109436035,completed
610.867829,10,10.720924,1.0,True,10,0,0,487.4565019607544,661.5046987533569,24.20015506744385,487.4565019607544,completed
752.32486,10,10.72817,1.0,True,10,0,0,446.06820011138916,653.5442752838135,20.056775856018067,446.06820011138916,completed
915.966247,10,10.735428,1.0,True,10,0,0,462.5713496208191,656.8964776992798,9.945240879058838,462.5713496208191,completed
935.331603,10,10.745124,1.0,True,10,0,0,481.1743860244751,545.4458904266357,15.79866428375244,481.1743860244751,completed
1301.769136,10,10.760597,1.0,True,10,0,0,372.7620315551758,381.9200744628906,9.723078155517578,372.7620315551758,completed
920.556013,10,10.768367,1.0,True,10,0,0,402.07886505126953,528.0448818206787,17.36736488342285,402.07886505126953,completed
1320.233511,10,10.776309,1.0,True,10,0,0,343.7643737792969,384.8377933502197,8.259314608573913,343.7643737792969,completed
424.029564,10,10.783629,1.0,True,10,0,0,496.34256744384766,665.0037708282471,31.83303737640381,496.34256744384766,completed
198.315485,10,10.790729,1.0,True,10,0,0,531.6576309204102,794.0931243896484,34.959375,531.6576309204102,completed
43.478479,10,10.798317,1.0,True,10,0,0,603.1189918518066,769.0763320922852,41.9333080291748,603.1189918518066,completed
310.357899,10,10.805963,1.0,True,10,0,0,489.92990493774414,736.6388626098633,33.76907043457031,489.92990493774414,completed
635.250051,10,10.813021,1.0,True,10,0,0,498.27714920043945,715.3831672668457,18.443108749389648,498.27714920043945,completed
602.155537,10,10.820234,1.0,True,10,0,0,526.1973495483398,628.8079833984375,25.271863555908205,526.1973495483398,completed
-47.099429,10,10.827429,1.0,True,10,0,0,633.6154499053955,886.6094818115234,39.082986450195314,633.6154499053955,completed
240.323365,10,10.834569,1.0,True,10,0,0,406.90624964237213,668.835294008255,45.99070308208466,406.90624964237213,completed
1017.435754,10,10.841642,1.0,True,10,0,0,457.81206035614014,529.8133602142334,13.254115676879882,457.81206035614014,completed
258.846958,10,10.848774,1.0,True,10,0,0,554.4528388977051,674.7571563720703,35.31242332458496,554.4528388977051,completed
549.383265,10,10.85596,1.0,True,10,0,0,539.323314666748,692.5365161895752,24.011628913879395,539.323314666748,completed
464.64444,10,10.863047,1.0,True,10,0,0,679.3947086334229,679.3947086334229,24.76922779083252,679.3947086334229,completed
1013.551921,10,10.870167,1.0,True,10,0,0,440.4669189453125,608.8279666900635,10.872858238220214,440.4669189453125,completed
858.979541,10,10.877304,1.0,True,10,0,0,474.3688631057739,597.0461492538452,16.982418823242188,474.3688631057739,completed
739.233753,10,10.88426,1.0,True,10,0,0,529.2663860321045,668.6864147186279,16.132567977905275,529.2663860321045,completed
1429.986818,10,10.891299,1.0,True,10,0,0,350.8507719039917,372.7839546203613,5.722018432617188,350.8507719039917,completed
611.583295,10,10.898308,1.0,True,10,0,0,543.4640369415283,718.260871887207,20.612566184997558,543.4640369415283,completed
740.356969,10,10.905272,1.0,True,10,0,0,515.4881105422974,659.182924747467,17.012447357177734,515.4881105422974,completed
994.092926,10,10.912286,1.0,True,10,0,0,381.7128086090088,556.1046199798584,15.25821533203125,381.7128086090088,completed
-138.470938,10,10.919334,1.0,True,10,0,0,617.6922378540039,972.2244758605957,40.670433616638185,617.6922378540039,completed
477.145784,10,10.926284,1.0,True,10,0,0,565.9147834777832,678.7617568969727,26.333370685577393,565.9147834777832,completed
653.107903,10,10.933263,1.0,True,10,0,0,537.6646747589111,789.027774810791,13.568136978149415,537.6646747589111,completed
367.935813,10,10.940237,1.0,True,10,0,0,591.4454860687256,798.8646450042725,25.672289276123045,591.4454860687256,completed
1091.726878,10,10.947234,1.0,True,10,0,0,355.0919551849365,491.0158500671387,13.505025672912598,355.0919551849365,completed
273.690496,10,10.954236,1.0,True,10,0,0,668.3828430175781,791.5543174743652,29.728502464294433,668.3828430175781,completed
842.55138,10,10.96125,1.0,True,10,0,0,402.0566596984863,515.3595676422119,21.965954971313476,402.0566596984863,completed
1275.253767,10,10.968219,1.0,True,10,0,0,361.54123401641846,458.4089012145996,8.428585052490234,361.54123401641846,completed
827.044613,10,10.975238,1.0,True,10,0,0,464.1913833618164,562.5055503845215,20.78422260284424,464.1913833618164,completed
516.89188,10,10.982197,1.0,True,10,0,0,529.524866104126,639.1933326721191,27.614026713371278,529.524866104126,completed
1108.407289,10,10.989212,1.0,True,10,0,0,399.64449310302734,440.21385192871094,15.378538894653321,399.64449310302734,completed
22.456094,10,10.996338,1.0,True,10,0,0,575.3352432250977,800.9741363525391,42.063560485839844,575.3352432250977,completed
413.59709,10,11.003859,1.0,True,10,0,0,622.6355829238892,768.7907724380493,24.107585525512697,622.6355829238892,completed
1108.895968,10,11.010861,1.0,True,10,0,0,349.7535705566406,531.6576156616211,11.821425628662109,349.7535705566406,completed
-149.595943,10,11.017888,1.0,True,10,0,0,479.85082626342773,820.7133827209473,49.94503631591797,479.85082626342773,completed
1006.552813,10,11.02493,1.0,True,10,0,0,389.62088680267334,514.0354251861572,16.71178436279297,389.62088680267334,completed
715.254022,10,11.032926,1.0,True,10,0,0,592.4235858917236,711.8004665374756,14.31556568145752,592.4235858917236,completed
-101.857042,10,11.042302,1.0,True,10,0,0,627.374568939209,824.009708404541,44.201081085205075,627.374568939209,completed
708.626637,10,11.085907,1.0,True,10,0,0,523.3155059814453,843.185302734375,9.494011306762696,523.3155059814453,completed
782.072308,10,11.153043,1.0,True,10,0,0,366.8673801422119,529.461522102356,26.51997947692871,366.8673801422119,completed
446.291038,10,11.172184,1.0,True,10,0,0,573.8277206420898,671.8496589660645,28.018885231018068,573.8277206420898,completed
448.752718,10,11.193229,1.0,True,10,0,0,551.783031463623,721.4990539550781,25.82642517089844,551.783031463623,completed
487.778411,10,11.201722,1.0,True,10,0,0,524.021800994873,704.3990173339844,26.898479461669922,524.021800994873,completed
797.267948,10,11.210661,1.0,True,10,0,0,494.30435943603516,730.7651863098145,13.365386581420898,494.30435943603516,completed
249.134453,10,11.219687,1.0,True,10,0,0,642.2041206359863,642.2041206359863,36.20592708587647,642.2041206359863,completed
515.454305,10,11.227271,1.0,True,10,0,0,612.5619354248047,752.8033447265625,21.44624271392822,612.5619354248047,completed
743.051587,10,11.23501,1.0,True,10,0,0,537.9217796325684,637.7944450378418,17.381072807312012,537.9217796325684,completed
1631.904933,10,11.242299,1.0,True,10,0,0,271.1138310432434,309.93835401535034,2.7247289657592773,271.1138310432434,completed
830.974135,10,11.249486,1.0,True,10,0,0,464.01782608032227,619.8179035186768,17.44077377319336,464.01782608032227,completed
172.942202,10,11.259668,1.0,True,10,0,0,491.1410303115845,771.3754749298096,39.94300785064697,491.1410303115845,completed
391.99368,10,11.266977,1.0,True,10,0,0,512.72682762146,670.6269931793213,32.634026527404785,512.72682762146,completed
1136.414282,10,11.27408,1.0,True,10,0,0,401.4506587982178,471.2991943359375,14.714310455322266,401.4506587982178,completed
586.331833,10,11.28122,1.0,True,10,0,0,558.02419090271,650.7474594116211,26.401572370529173,558.02419090271,completed
788.13839,10,11.289437,1.0,True,10,0,0,403.0071258544922,592.5868606567383,22.91058940887451,403.0071258544922,completed
573.848006,10,11.296739,1.0,True,10,0,0,593.2125625610352,822.3693084716797,14.030910873413086,593.2125625610352,completed
583.80704,10,11.304122,1.0,True,10,0,0,536.6482810974121,739.4720497131348,21.03923683166504,536.6482810974121,completed
468.75434,10,11.311629,1.0,True,10,0,0,536.9471817016602,708.3061256408691,27.247030639648436,536.9471817016602,completed
692.783258,10,11.319063,1.0,True,10,0,0,444.3587222099304,740.33922290802,18.31141815185547,444.3587222099304,completed
1415.493358,10,11.326145,1.0,True,10,0,0,384.53639698028564,442.5413703918457,2.8494647979736327,384.53639698028564,completed
-201.322588,10,11.333578,1.0,True,10,0,0,762.3918361663818,869.5241661071777,42.6205451965332,762.3918361663818,completed
316.269624,10,11.340753,1.0,True,10,0,0,604.4691410064697,753.6117973327637,30.353795719146728,604.4691410064697,completed
-778.650444,10,11.347885,1.0,True,10,0,0,636.9098930358887,1070.8918342590332,65.42617454528809,636.9098930358887,completed
-38.829678,10,11.355148,1.0,True,10,0,0,596.2441959381104,992.6094398498535,35.2106388092041,596.2441959381104,completed
631.351956,10,11.36403,1.0,True,10,0,0,492.23980474472046,709.4811506271362,21.64374475479126,492.23980474472046,completed
742.032121,10,11.37249,1.0,True,10,0,0,466.64525413513184,673.7880516052246,16.340693473815918,466.64525413513184,completed
235.592113,10,11.381129,1.0,True,10,0,0,576.9319305419922,723.1146850585938,35.64112873077393,576.9319305419922,completed
814.630554,10,11.388457,1.0,True,10,0,0,480.8170862197876,605.2930850982666,17.30284004211426,480.8170862197876,completed
-269.273361,10,11.395601,1.0,True,10,0,0,646.3624114990234,915.4359855651855,46.97381649017334,646.3624114990234,completed
5.698045,10,11.402868,1.0,True,10,0,0,576.8012924194336,770.7822036743164,42.01803779602051,576.8012924194336,completed
839.081173,10,11.409968,1.0,True,10,0,0,554.7510318756104,731.5697765350342,9.417072677612305,554.7510318756104,completed
1104.222743,10,11.417501,1.0,True,10,0,0,346.9174814224243,449.4117822647095,17.91369037628174,346.9174814224243,completed
790.463447,10,11.424612,1.0,True,10,0,0,412.1368637084961,539.4548854827881,25.44270305633545,412.1368637084961,completed
1224.296373,10,11.431686,1.0,True,10,0,0,381.27878856658936,460.7755060195923,9.004164886474609,381.27878856658936,completed
886.673072,10,11.439635,1.0,True,10,0,0,443.6528263092041,598.4488582611084,16.442074394226076,443.6528263092041,completed
515.070162,10,11.447345,1.0,True,10,0,0,590.1118316650391,623.9717025756836,27.974693298339844,590.1118316650391,completed
930.386619,10,11.454603,1.0,True,10,0,0,446.2296314239502,653.4609146118164,9.903429794311524,446.2296314239502,completed
846.692735,10,11.461961,1.0,True,10,0,0,379.69140338897705,540.8026638031006,24.78047466278076,379.69140338897705,completed
237.2436,10,11.469605,1.0,True,10,0,0,634.1754355430603,814.631730556488,28.807811737060547,634.1754355430603,completed
70.407963,10,11.476874,1.0,True,10,0,0,611.9471607208252,835.5525245666504,36.66579818725586,611.9471607208252,completed
410.34472,10,11.485275,1.0,True,10,0,0,593.8270397186279,721.7863960266113,26.46970100402832,593.8270397186279,completed
723.316289,10,11.492665,1.0,True,10,0,0,441.2865581512451,531.1375312805176,24.633024597167967,441.2865581512451,completed
452.414012,10,11.500409,1.0,True,10,0,0,547.3402633666992,838.1917839050293,20.608543395996094,547.3402633666992,completed
1473.969112,10,11.510801,1.0,True,10,0,0,359.80394172668457,404.6613883972168,2.7510498046875,359.80394172668457,completed
347.455611,10,11.518619,1.0,True,10,0,0,550.9764747619629,768.937385559082,29.556369018554687,550.9764747619629,completed
429.21329,10,11.525791,1.0,True,10,0,0,526.9885087013245,654.090576171875,32.50469856262207,526.9885087013245,completed
101.077677,10,11.533383,1.0,True,10,0,0,621.2726936340332,900.2456665039062,31.29442367553711,621.2726936340332,completed
935.74948,10,11.541749,1.0,True,10,0,0,426.79749298095703,668.417854309082,11.895619201660157,426.79749298095703,completed
424.921681,10,11.550683,1.0,True,10,0,0,496.5342826843262,735.2875728607178,27.917070960998537,496.5342826843262,completed
1040.945927,10,11.561342,1.0,True,10,0,0,466.9912004470825,614.8879556655884,8.374130058288575,466.9912004470825,completed
860.186617,10,11.571585,1.0,True,10,0,0,440.82871437072754,574.6460342407227,19.160275840759276,440.82871437072754,completed
-46.015295,10,11.580835,1.0,True,10,0,0,615.3258762359619,856.1100196838379,40.0049373626709,615.3258762359619,completed
-5.983543,10,11.589272,1.0,True,10,0,0,511.5413246154785,770.759521484375,45.81116371154785,511.5413246154785,completed
-150.785059,10,11.596836,1.0,True,10,0,0,582.748477935791,965.3185005187988,40.21428108215332,582.748477935791,completed
493.971837,10,11.604439,1.0,True,10,0,0,530.8882083892822,664.0645446777344,27.351211929321288,530.8882083892822,completed
0.94703,10,11.611588,1.0,True,10,0,0,521.6971302032471,864.0511264801025,41.278922653198244,521.6971302032471,completed
294.735608,10,11.619236,1.0,True,10,0,0,555.0993528366089,873.6648769378662,28.808670806884766,555.0993528366089,completed
-286.679459,10,11.626523,1.0,True,10,0,0,442.8289442062378,806.0352725982666,58.71716461181641,442.8289442062378,completed
282.620646,10,11.634077,1.0,True,10,0,0,601.2657070159912,797.0091724395752,29.745491981506348,601.2657070159912,completed
269.784732,10,11.641373,1.0,True,10,0,0,620.856990814209,742.6408195495605,31.539808607101442,620.856990814209,completed
945.289673,10,11.648586,1.0,True,10,0,0,441.4571371078491,546.8996229171753,15.162322998046875,441.4571371078491,completed
-230.861282,10,11.656341,1.0,True,10,0,0,647.0698890686035,908.6287498474121,46.65638618469238,647.0698890686035,completed
420.345295,10,11.663675,1.0,True,10,0,0,512.845034122467,693.2783608436584,31.217074394226074,512.845034122467,completed
951.140104,10,11.671621,1.0,True,10,0,0,418.8092713356018,511.9445505142212,17.47176637649536,418.8092713356018,completed
586.030978,10,11.679076,1.0,True,10,0,0,523.8939399719238,644.4738159179688,25.28557300567627,523.8939399719238,completed
680.618946,10,11.68646,1.0,True,10,0,0,533.2619361877441,702.4069385528564,18.338813018798827,533.2619361877441,completed
1167.619086,10,11.693578,1.0,True,10,0,0,406.94433212280273,459.21898651123047,9.9036714553833,406.94433212280273,completed
797.600537,10,11.700689,1.0,True,10,0,0,393.7500557899475,582.2587971687317,20.783237648010253,393.7500557899475,completed
799.165419,10,11.707719,1.0,True,10,0,0,443.88957691192627,549.957028388977,23.477405166625978,443.88957691192627,completed
1160.761924,10,11.714793,1.0,True,10,0,0,415.0581922531128,562.2168226242065,6.838232803344726,415.0581922531128,completed
624.546868,10,11.721778,1.0,True,10,0,0,562.9873023033142,595.3023138046265,26.141410255432127,562.9873023033142,completed
1150.604648,10,11.728833,1.0,True,10,0,0,430.756875038147,494.08197593688965,8.122552680969239,430.756875038147,completed
681.934179,10,11.73599,1.0,True,10,0,0,431.5230088233948,615.1513032913208,24.87427911758423,431.5230088233948,completed
409.537468,10,11.743021,1.0,True,10,0,0,500.3171224594116,698.2529277801514,29.359701919555665,500.3171224594116,completed
530.310063,10,11.750022,1.0,True,10,0,0,555.471851348877,610.5926513671875,28.987745475769042,555.471851348877,completed
413.368583,10,11.757118,1.0,True,10,0,0,515.1756563186646,641.3211193084717,34.35363960266113,515.1756563186646,completed
709.641982,10,11.764185,1.0,True,10,0,0,525.420093536377,652.1227588653564,21.13854637145996,525.420093536377,completed
-299.964857,10,11.771469,1.0,True,10,0,0,674.98876953125,880.6091690063477,49.56507549285889,674.98876953125,completed
1283.931581,10,11.778575,1.0,True,10,0,0,417.1792507171631,462.59173011779785,7.345498275756836,417.1792507171631,completed
763.994083,10,11.785521,1.0,True,10,0,0,526.5725421905518,651.8543300628662,17.151131439208985,526.5725421905518,completed
120.866396,10,11.792726,1.0,True,10,0,0,587.4747295379639,767.7921562194824,38.60386972427368,587.4747295379639,completed
376.629044,10,11.800414,1.0,True,10,0,0,525.4105911254883,749.332218170166,29.942958068847656,525.4105911254883,completed
559.141177,10,11.807668,1.0,True,10,0,0,594.4316477775574,676.9867129325867,22.72572250366211,594.4316477775574,completed
617.83314,10,11.814644,1.0,True,10,0,0,501.1033248901367,621.4656047821045,26.894635009765626,501.1033248901367,completed
651.930206,10,11.821683,1.0,True,10,0,0,482.2076635360718,664.0635900497437,23.41376233100891,482.2076635360718,completed
750.264738,10,11.829397,1.0,True,10,0,0,544.1497077941895,650.2756080627441,17.397113418579103,544.1497077941895,completed
-652.521395,10,11.83694,1.0,True,10,0,0,766.0327444076538,950.6440868377686,60.60966262817383,766.0327444076538,completed
770.085015,10,11.843993,1.0,True,10,0,0,386.89476203918457,561.7377662658691,25.9933292388916,386.89476203918457,completed
880.432802,10,11.851044,1.0,True,10,0,0,431.25312423706055,540.8084907531738,17.796299171447753,431.25312423706055,completed
276.786098,10,11.858085,1.0,True,10,0,0,648.5391895771027,742.4614396095276,30.369140243530275,648.5391895771027,completed
782.298188,10,11.865104,1.0,True,10,0,0,492.8280601501465,636.1625862121582,18.111306571960448,492.8280601501465,completed
364.434898,10,11.872199,1.0,True,10,0,0,523.5619697570801,766.5638198852539,29.66038589477539,523.5619697570801,completed
447.72369,10,11.87915,1.0,True,10,0,0,642.6806344985962,702.5259037017822,25.444471740722655,642.6806344985962,completed
464.72363,10,11.886165,1.0,True,10,0,0,379.2281494140625,632.8810482025146,35.07851638793945,379.2281494140625,completed
868.613305,10,11.893233,1.0,True,10,0,0,386.654376745224,606.0026926994324,19.889555358886717,386.654376745224,completed
530.126247,10,11.900295,1.0,True,10,0,0,564.3966751098633,758.0513343811035,23.118964004516602,564.3966751098633,completed
713.070118,10,11.90737,1.0,True,10,0,0,491.89752674102783,615.2271022796631,21.502077674865724,491.89752674102783,completed
1157.483697,10,11.914403,1.0,True,10,0,0,415.8182363510132,476.880578994751,12.922836208343506,415.8182363510132,completed
486.805826,10,11.921435,1.0,True,10,0,0,481.80310916900635,784.3800945281982,23.814710235595705,481.80310916900635,completed
850.730224,10,11.928432,1.0,True,10,0,0,431.7694482803345,561.5583248138428,19.374697494506837,431.7694482803345,completed
498.783144,10,11.935478,1.0,True,10,0,0,469.027813911438,671.1784954071045,27.32519111633301,469.027813911438,completed
563.638141,10,11.942485,1.0,True,10,0,0,549.1929626464844,649.5214920043945,25.368622016906738,549.1929626464844,completed
602.819503,10,11.94943,1.0,True,10,0,0,485.5956907272339,683.6429805755615,23.4407901763916,485.5956907272339,completed
575.185546,10,11.956466,1.0,True,10,0,0,493.6515054702759,641.4559803009033,25.6510986328125,493.6515054702759,completed
-49.33257,10,11.963559,1.0,True,10,0,0,552.1244926452637,812.6445960998535,48.20744094848633,552.1244926452637,completed
788.549246,10,11.97053,1.0,True,10,0,0,511.8207130432129,638.7525367736816,17.086526775360106,511.8207130432129,completed
590.580856,10,11.97746,1.0,True,10,0,0,576.1819839477539,663.3184127807617,22.45298500061035,576.1819839477539,completed
531.8812,10,11.984496,1.0,True,10,0,0,543.6413450241089,650.8669195175171,28.299019074440004,543.6413450241089,completed
-408.179922,10,11.991513,1.0,True,10,0,0,573.9693698883057,927.3411827087402,55.436149978637694,573.9693698883057,completed
576.528747,10,11.998603,1.0,True,10,0,0,556.38401222229,634.400842666626,26.5899959564209,556.38401222229,completed
-162.320503,10,12.005612,1.0,True,10,0,0,579.6398220062256,842.9864883422852,46.36257362365723,579.6398220062256,completed
848.397974,10,12.012606,1.0,True,10,0,0,381.73561000823975,570.2614994049072,21.763650512695314,381.73561000823975,completed
-323.637963,10,12.019651,1.0,True,10,0,0,652.4364051818848,993.3824424743652,45.222771644592285,652.4364051818848,completed
1289.983811,10,12.026656,1.0,True,10,0,0,365.4881019592285,403.8232078552246,10.57588996887207,365.4881019592285,completed
294.403912,10,12.033613,1.0,True,10,0,0,545.5403709411621,770.191650390625,32.303052520751955,545.5403709411621,completed
-71.760755,10,12.040656,1.0,True,10,0,0,735.9308547973633,842.891788482666,37.15106372833252,735.9308547973633,completed
815.289358,10,12.047625,1.0,True,10,0,0,473.48467922210693,577.0571565628052,19.042848110198975,473.48467922210693,completed
313.387542,10,12.054628,1.0,True,10,0,0,649.8371677398682,785.9009704589844,27.36095447540283,649.8371677398682,completed
281.661322,10,12.061645,1.0,True,10,0,0,451.5789198875427,765.3255453109741,36.02666130065918,451.5789198875427,completed
892.33956,10,12.068629,1.0,True,10,0,0,432.3159980773926,515.5854148864746,19.80634422302246,432.3159980773926,completed
873.059521,10,12.075694,1.0,True,10,0,0,420.5547580718994,529.4976005554199,19.108013153076172,420.5547580718994,completed
1008.011817,10,12.082703,1.0,True,10,0,0,362.7881188392639,520.3349270820618,17.097344589233398,362.7881188392639,completed
-128.10305,10,12.08967,1.0,True,10,0,0,601.5782737731934,790.1051712036133,48.15201988220215,601.5782737731934,completed
646.720665,10,12.096665,1.0,True,10,0,0,602.8635478019714,655.9022173881531,20.50343837738037,602.8635478019714,completed
734.770397,10,12.103669,1.0,True,10,0,0,511.51055908203125,582.0159244537354,20.405287551879884,511.51055908203125,completed
973.428189,10,12.110613,1.0,True,10,0,0,459.87590646743774,516.5547914505005,16.121799850463866,459.87590646743774,completed
1272.039722,10,12.117588,1.0,True,10,0,0,405.4963059425354,452.7603807449341,6.3313037872314455,405.4963059425354,completed
432.397491,10,12.124604,1.0,True,10,0,0,450.48144340515137,634.7576751708984,34.454010009765625,450.48144340515137,completed
806.739261,10,12.13247,1.0,True,10,0,0,494.06021881103516,529.6029109954834,21.46307029724121,494.06021881103516,completed
675.46853,10,12.140924,1.0,True,10,0,0,528.0114326477051,704.0126705169678,18.66553363800049,528.0114326477051,completed
549.923945,10,12.149298,1.0,True,10,0,0,545.7580432891846,687.1752166748047,24.086424541473388,545.7580432891846,completed
592.616077,10,12.156386,1.0,True,10,0,0,498.01734352111816,701.5431823730469,22.593800830841065,498.01734352111816,completed
335.956366,10,12.163512,1.0,True,10,0,0,557.9146728515625,801.4362335205078,26.885748672485352,557.9146728515625,completed
622.50299,10,12.170632,1.0,True,10,0,0,556.5207633972168,766.0432395935059,17.04684944152832,556.5207633972168,completed
590.957041,10,12.177686,1.0,True,10,0,0,353.8750686645508,582.1748867034912,33.56627712249756,353.8750686645508,completed
171.552448,10,12.184673,1.0,True,10,0,0,509.12538719177246,965.8080215454102,28.7791748046875,509.12538719177246,completed
81.937112,10,12.191715,1.0,True,10,0,0,695.3533630371094,935.7965621948242,26.823732566833495,695.3533630371094,completed
691.068836,10,12.198703,1.0,True,10,0,0,555.3813791275024,568.3221340179443,23.277399444580077,555.3813791275024,completed
-270.546437,10,12.20582,1.0,True,10,0,0,689.0012073516846,933.2671203613281,44.777593994140624,689.0012073516846,completed
738.458169,10,12.212918,1.0,True,10,0,0,439.46696949005127,674.9479579925537,18.520944786071777,439.46696949005127,completed
645.304876,10,12.219911,1.0,True,10,0,0,416.8397216796875,615.2162704467773,27.142669677734375,416.8397216796875,completed
1141.217693,10,12.226907,1.0,True,10,0,0,426.98239612579346,447.4247570037842,11.271281814575195,426.98239612579346,completed
124.842427,10,12.23423,1.0,True,10,0,0,578.6466884613037,699.1785888671875,41.19365558624268,578.6466884613037,completed
829.999592,10,12.241268,1.0,True,10,0,0,560.9874391555786,609.1531591415405,13.916973495483399,560.9874391555786,completed
285.949881,10,12.248581,1.0,True,10,0,0,530.4728813171387,724.4080200195312,35.695878410339354,530.4728813171387,completed
721.185633,10,12.25553,1.0,True,10,0,0,544.9154014587402,578.7752723693848,22.760616302490234,544.9154014587402,completed
1319.445415,10,12.271283,1.0,True,10,0,0,416.2384147644043,485.17775535583496,4.3558002471923825,416.2384147644043,completed
404.531244,10,12.279339,1.0,True,10,0,0,443.3814182281494,634.9558410644531,36.04942398071289,443.3814182281494,completed
976.642479,10,12.288096,1.0,True,10,0,0,450.3713626861572,528.4599571228027,15.591437530517577,450.3713626861572,completed
1262.584871,10,12.295412,1.0,True,10,0,0,419.1992492675781,482.9993152618408,5.979816627502442,419.1992492675781,completed
587.276836,10,12.302751,1.0,True,10,0,0,450.5906352996826,693.3360710144043,24.7349552154541,450.5906352996826,completed
166.84342,10,12.310424,1.0,True,10,0,0,701.3943061828613,805.6837425231934,33.30339398384094,701.3943061828613,completed
-160.933862,10,12.317532,1.0,True,10,0,0,601.5715408325195,823.3582382202148,47.96484375,601.5715408325195,completed
777.899767,10,12.324754,1.0,True,10,0,0,471.9489154815674,597.6499443054199,19.825797271728515,471.9489154815674,completed
333.039069,10,12.332221,1.0,True,10,0,0,610.7465686798096,923.3768157958984,21.23992462158203,610.7465686798096,completed
602.996375,10,12.33977,1.0,True,10,0,0,403.3296775817871,650.0555191040039,27.747237396240234,403.3296775817871,completed
819.271332,10,12.347343,1.0,True,10,0,0,462.5096273422241,560.1236438751221,20.104344177246094,462.5096273422241,completed
1062.055034,10,12.354546,1.0,True,10,0,0,361.73481369018555,475.7699432373047,15.62785701751709,361.73481369018555,completed
193.380557,10,13.656751,1.0,True,10,0,0,536.9763250350952,762.6255941390991,36.777274703979494,536.9763250350952,completed
826.464729,10,13.664892,1.0,True,10,0,0,546.1474437713623,656.9747257232666,14.40873031616211,546.1474437713623,completed
-168.38802,10,13.674416,1.0,True,10,0,0,574.7005195617676,887.7675399780273,46.85117073059082,574.7005195617676,completed
129.813876,10,13.683975,1.0,True,10,0,0,688.7949256896973,859.8026733398438,30.056311416625977,688.7949256896973,completed
1006.659646,10,13.692087,1.0,True,10,0,0,489.16789722442627,588.996000289917,10.847200775146485,489.16789722442627,completed
1115.44081,10,13.699726,1.0,True,10,0,0,445.13222885131836,513.9124526977539,9.6088077545166,445.13222885131836,completed
1338.434677,10,13.707039,1.0,True,10,0,0,364.3103494644165,393.4043598175049,7.511715888977051,364.3103494644165,completed
1014.248173,10,13.714511,1.0,True,10,0,0,442.10450744628906,514.5260219573975,14.72552490234375,442.10450744628906,completed
821.037831,10,13.723474,1.0,True,10,0,0,359.8057072162628,552.30535364151,24.777142763137817,359.8057072162628,completed
-97.119556,10,13.7318,1.0,True,10,0,0,562.7968158721924,912.2347602844238,39.79916152954102,562.7968158721924,completed
721.817678,10,13.739808,1.0,True,10,0,0,523.1925263404846,674.5696401596069,16.862010097503664,523.1925263404846,completed
684.353431,10,13.747432,1.0,True,10,0,0,502.16844940185547,603.3298377990723,23.284133911132812,502.16844940185547,completed
664.433905,10,13.755473,1.0,True,10,0,0,541.9629402160645,588.610668182373,22.64582977294922,541.9629402160645,completed
965.94551,10,13.763584,1.0,True,10,0,0,504.2669429779053,716.4334106445312,5.420878601074219,504.2669429779053,completed
-424.656989,10,13.775258,1.0,True,10,0,0,718.2990875244141,965.5632400512695,49.82789859771729,718.2990875244141,completed
1250.489643,10,13.782943,1.0,True,10,0,0,364.0012722015381,436.7679262161255,10.783243751525879,364.0012722015381,completed
892.514525,10,13.7909,1.0,True,10,0,0,449.5708885192871,544.7707633972168,15.174755096435547,449.5708885192871,completed
1478.202521,10,13.803998,1.0,True,10,0,0,275.965003490448,328.4080533981323,9.248480892181396,275.965003490448,completed
1047.229144,10,13.813932,1.0,True,10,0,0,458.4845094680786,557.519868850708,11.470414733886718,458.4845094680786,completed
255.656068,10,13.821814,1.0,True,10,0,0,582.4839820861816,707.3687057495117,34.08739833831787,582.4839820861816,completed
956.205657,10,13.829442,1.0,True,10,0,0,464.34842681884766,534.5007667541504,15.861722183227538,464.34842681884766,completed
690.277013,10,13.837047,1.0,True,10,0,0,499.72871017456055,653.2125034332275,21.567600345611574,499.72871017456055,completed
600.475325,10,13.846047,1.0,True,10,0,0,460.84366512298584,632.4843711853027,27.11428337097168,460.84366512298584,completed
246.061781,10,13.855402,1.0,True,10,0,0,515.1426601409912,806.0308837890625,33.660932540893555,515.1426601409912,completed
-55.999841,10,13.863782,1.0,True,10,0,0,515.4811725616455,763.3322334289551,48.602284049987794,515.4811725616455,completed
199.115747,10,13.872939,1.0,True,10,0,0,501.23720932006836,711.2281227111816,39.13954963684082,501.23720932006836,completed
561.59445,10,13.882294,1.0,True,10,0,0,545.0421113967896,699.585262298584,24.09182472229004,545.0421113967896,completed
679.074046,10,13.892116,1.0,True,10,0,0,395.3988962173462,571.87278175354,28.48132781982422,395.3988962173462,completed
404.43085,10,13.900199,1.0,True,10,0,0,530.8204040527344,723.5667171478271,31.057675933837892,530.8204040527344,completed
1284.557046,10,13.907835,1.0,True,10,0,0,410.17537212371826,513.3812303543091,3.4809188842773438,410.17537212371826,completed
202.871848,10,13.915334,1.0,True,10,0,0,577.3416814804077,818.6079120635986,32.01272201538086,577.3416814804077,completed
829.404525,10,13.922624,1.0,True,10,0,0,459.0284411907196,579.338591337204,19.89529800415039,459.0284411907196,completed
409.903508,10,13.930159,1.0,True,10,0,0,688.4419536590576,688.4419536590576,27.987258529663087,688.4419536590576,completed
1600.301699,10,13.938709,1.0,True,10,0,0,302.89445209503174,363.95679473876953,1.6304577827453612,302.89445209503174,completed
1075.218655,10,13.945963,1.0,True,10,0,0,444.10472679138184,590.6572456359863,8.67977695465088,444.10472679138184,completed
1273.063735,10,13.953533,1.0,True,10,0,0,354.8883900642395,479.4388599395752,8.831024265289306,354.8883900642395,completed
718.42656,10,13.960812,1.0,True,10,0,0,503.7271785736084,561.657039642334,23.8257194519043,503.7271785736084,completed
706.724766,10,13.968674,1.0,True,10,0,0,537.976884841919,658.2158851623535,18.072581481933593,537.976884841919,completed
124.627163,10,13.976612,1.0,True,10,0,0,681.3422508239746,742.7864189147949,38.225121307373044,681.3422508239746,completed
241.278878,10,13.984142,1.0,True,10,0,0,558.1208939552307,767.2541637420654,34.743450260162355,558.1208939552307,completed
48.160185,10,13.991675,1.0,True,10,0,0,521.5809535980225,799.6075401306152,42.46614742279053,521.5809535980225,completed
526.24073,10,13.999339,1.0,True,10,0,0,543.6053419113159,708.1944026947021,25.429111099243165,543.6053419113159,completed
325.038041,10,14.00718,1.0,True,10,0,0,532.9102153778076,660.8036785125732,35.916589164733885,532.9102153778076,completed
491.43675,10,14.01583,1.0,True,10,0,0,499.3158721923828,761.4388236999512,24.319551038742066,499.3158721923828,completed
644.22574,10,14.034411,1.0,True,10,0,0,543.2136650085449,632.2231426239014,22.470030212402342,543.2136650085449,completed
390.674578,10,14.043951,1.0,True,10,0,0,458.8423099517822,861.4206771850586,26.322864532470703,458.8423099517822,completed
522.017456,10,14.051694,1.0,True,10,0,0,551.4301261901855,806.4246253967285,20.002869033813475,551.4301261901855,completed
-1044.608325,10,14.059212,1.0,True,10,0,0,955.7044715881348,1111.2472915649414,64.4406810760498,955.7044715881348,completed
98.467046,10,14.067202,1.0,True,10,0,0,506.8485097885132,870.2678375244141,37.75646133422852,506.8485097885132,completed
496.574236,10,14.075527,1.0,True,10,0,0,638.4877319335938,716.7922515869141,22.343082427978516,638.4877319335938,completed
888.945079,10,14.083536,1.0,True,10,0,0,385.0718984603882,514.2608852386475,21.466240406036377,385.0718984603882,completed
763.561296,10,14.091383,1.0,True,10,0,0,467.79816818237305,607.5585517883301,20.12226982116699,467.79816818237305,completed
170.403971,10,14.100318,1.0,True,10,0,0,524.5541458129883,817.4061489105225,35.28583889007568,524.5541458129883,completed
1228.892954,10,14.108045,1.0,True,10,0,0,351.6384449005127,451.80066299438477,10.157162475585938,351.6384449005127,completed
-42.547981,10,14.115423,1.0,True,10,0,0,622.2254886627197,930.9740238189697,38.00706310272217,622.2254886627197,completed
1018.645895,10,14.122947,1.0,True,10,0,0,464.05815505981445,499.2678623199463,13.436228179931641,464.05815505981445,completed
1250.10493,10,14.132077,1.0,True,10,0,0,364.9078550338745,507.4141216278076,9.389741134643554,364.9078550338745,completed
255.343356,10,14.140536,1.0,True,10,0,0,569.8732528686523,816.1276206970215,30.999615478515626,569.8732528686523,completed
-1091.736312,10,14.148447,1.0,True,10,0,0,962.9535751342773,1093.8583450317383,68.78599939346313,962.9535751342773,completed
556.432601,10,14.155793,1.0,True,10,0,0,496.69945335388184,796.7282638549805,19.20733184814453,496.69945335388184,completed
1045.55463,10,14.163671,1.0,True,10,0,0,436.7550582885742,614.7269515991211,9.059634399414062,436.7550582885742,completed
878.141644,10,14.171887,1.0,True,10,0,0,566.2165832519531,682.2307548522949,9.833728790283203,566.2165832519531,completed
698.179884,10,14.179142,1.0,True,10,0,0,609.066535949707,799.3658123016357,9.85389003753662,609.066535949707,completed
1161.105345,10,14.186931,1.0,True,10,0,0,374.8916482925415,418.3854351043701,15.936784362792968,374.8916482925415,completed
73.534241,10,14.194182,1.0,True,10,0,0,612.136043548584,800.8191375732422,38.414154052734375,612.136043548584,completed
884.408428,10,14.201575,1.0,True,10,0,0,372.72180700302124,565.6933584213257,21.734789657592774,372.72180700302124,completed
878.928645,10,14.208945,1.0,True,10,0,0,403.6305179595947,639.4115104675293,15.777019119262695,403.6305179595947,completed
727.098123,10,14.21647,1.0,True,10,0,0,486.44083404541016,610.8402252197266,21.205656433105467,486.44083404541016,completed
67.098551,10,14.223499,1.0,True,10,0,0,620.019437789917,885.617353439331,35.08553485870361,620.019437789917,completed
1257.479766,10,14.230706,1.0,True,10,0,0,416.88652515411377,513.6147117614746,3.370606803894043,416.88652515411377,completed
659.997518,10,14.23845,1.0,True,10,0,0,529.2800941467285,708.8115520477295,19.137085914611816,529.2800941467285,completed
24.534003,10,14.246081,1.0,True,10,0,0,630.5915851593018,921.3837604522705,34.9294454574585,630.5915851593018,completed
458.963353,10,14.253464,1.0,True,10,0,0,587.3779699802399,790.2360234260559,24.217511940002442,587.3779699802399,completed
413.233834,10,14.260821,1.0,True,10,0,0,518.9907455444336,647.764274597168,31.391550827026368,518.9907455444336,completed
561.543601,10,14.268137,1.0,True,10,0,0,575.9053115844727,777.2319030761719,18.897905921936037,575.9053115844727,completed
407.219719,10,14.275477,1.0,True,10,0,0,508.6095266342163,763.4925060272217,29.38864040374756,508.6095266342163,completed
478.769283,10,14.283041,1.0,True,10,0,0,446.97531509399414,721.0164260864258,29.996372985839844,446.97531509399414,completed
-360.652053,10,14.291539,1.0,True,10,0,0,621.4196128845215,927.7252159118652,50.365127372741696,621.4196128845215,completed
386.786123,10,14.30174,1.0,True,10,0,0,535.6183280944824,716.144214630127,30.954212188720703,535.6183280944824,completed
520.732315,10,14.311054,1.0,True,10,0,0,404.41570377349854,630.7652034759521,31.63882694244385,404.41570377349854,completed
-365.101433,10,14.319654,1.0,True,10,0,0,656.9937915802002,895.070520401001,52.56637926101685,656.9937915802002,completed
818.758418,10,14.32765,1.0,True,10,0,0,427.79052734375,502.6346073150635,23.083459854125977,427.79052734375,completed
-38.832324,10,14.334844,1.0,True,10,0,0,620.8134307861328,936.5350036621094,38.8077880859375,620.8134307861328,completed
656.55091,10,14.342794,1.0,True,10,0,0,393.3653869628906,552.8327407836914,29.465692138671876,393.3653869628906,completed
817.174098,10,14.351024,1.0,True,10,0,0,377.6095337867737,483.1531114578247,25.73958797454834,377.6095337867737,completed
690.268947,10,14.358852,1.0,True,10,0,0,506.1112208366394,644.1123170852661,21.87703857421875,506.1112208366394,completed
651.57552,10,14.366326,1.0,True,10,0,0,495.8488349914551,578.8764724731445,23.95755295753479,495.8488349914551,completed
507.147005,10,14.373954,1.0,True,10,0,0,474.33765983581543,637.6484355926514,31.091856002807617,474.33765983581543,completed
493.759721,10,14.382641,1.0,True,10,0,0,590.6551666259766,895.6697807312012,15.33052101135254,590.6551666259766,completed
464.127354,10,14.392949,1.0,True,10,0,0,583.8034629821777,709.8905181884766,25.985549926757812,583.8034629821777,completed
1030.887775,10,14.400819,1.0,True,10,0,0,458.8668804168701,591.1567249298096,9.175984954833984,458.8668804168701,completed
1013.103877,10,14.40863,1.0,True,10,0,0,368.2186813354492,577.3550777435303,13.543716430664062,368.2186813354492,completed
720.633286,10,14.415927,1.0,True,10,0,0,532.9626178741455,605.0509929656982,20.45165252685547,532.9626178741455,completed
-3.165842,10,14.423432,1.0,True,10,0,0,536.7885265350342,852.9794921875,44.140764236450195,536.7885265350342,completed
519.574539,10,14.430685,1.0,True,10,0,0,580.824592590332,682.2323551177979,26.073755741119385,580.824592590332,completed
702.471446,10,14.438212,1.0,True,10,0,0,530.7511672973633,831.0509796142578,12.746088790893555,530.7511672973633,completed
505.124758,10,14.445501,1.0,True,10,0,0,503.16223526000977,803.8163299560547,19.938996887207033,503.16223526000977,completed
-552.468374,10,14.453285,1.0,True,10,0,0,808.9760589599609,1057.457633972168,50.94396705627442,808.9760589599609,completed
479.927336,10,14.460827,1.0,True,10,0,0,471.86775493621826,645.7009801864624,32.08404664993286,471.86775493621826,completed
1195.813917,10,14.468529,1.0,True,10,0,0,445.0253977775574,483.46243381500244,9.768108367919922,445.0253977775574,completed
-23.674298,10,14.480097,1.0,True,10,0,0,636.7861289978027,892.2063179016113,36.25878353118897,636.7861289978027,completed
1470.632092,10,14.489221,1.0,True,10,0,0,333.81379795074463,423.9237813949585,1.388173484802246,333.81379795074463,completed
786.572788,10,14.497392,1.0,True,10,0,0,474.80294132232666,634.3766355514526,21.036557388305663,474.80294132232666,completed
169.666279,10,14.506284,1.0,True,10,0,0,472.92823028564453,667.8129463195801,42.59912710189819,472.92823028564453,completed
220.577435,10,14.514142,1.0,True,10,0,0,533.7095966339111,678.1132774353027,38.9136100769043,533.7095966339111,completed
575.178683,10,14.525592,1.0,True,10,0,0,525.3050947189331,751.1546154022217,21.168409156799317,525.3050947189331,completed
459.26177,10,14.53379,1.0,True,10,0,0,515.874988079071,730.6031618118286,28.37748794555664,515.874988079071,completed
-459.398769,10,14.542841,1.0,True,10,0,0,695.8461437225342,971.259349822998,53.175289916992185,695.8461437225342,completed
1023.651441,10,14.5511,1.0,True,10,0,0,382.4905033111572,590.3342552185059,11.874328804016113,382.4905033111572,completed
1031.83159,10,14.559327,1.0,True,10,0,0,456.94554710388184,573.505199432373,11.407268142700195,456.94554710388184,completed
62.532272,10,14.566535,1.0,True,10,0,0,528.2430372238159,743.4486227035522,44.636421012878415,528.2430372238159,completed
757.090327,10,14.574974,1.0,True,10,0,0,532.6493339538574,644.8121681213379,17.701334381103514,532.6493339538574,completed
1077.161016,10,14.583395,1.0,True,10,0,0,392.1307499408722,522.2684845924377,12.653260040283204,392.1307499408722,completed
1120.407797,10,14.591216,1.0,True,10,0,0,391.98646354675293,536.2560157775879,9.725935363769532,391.98646354675293,completed
858.972332,10,14.59871,1.0,True,10,0,0,404.3598442077637,635.8799705505371,16.947189712524413,404.3598442077637,completed
137.327441,10,14.606156,1.0,True,10,0,0,630.1819524765015,955.6854267120361,27.41547088623047,630.1819524765015,completed
553.699631,10,14.613804,1.0,True,10,0,0,426.68965435028076,608.0754547119141,30.57017879486084,426.68965435028076,completed
872.388797,10,14.621604,1.0,True,10,0,0,399.570613861084,574.1941337585449,18.562764358520507,399.570613861084,completed
652.2748,10,14.629409,1.0,True,10,0,0,448.8914623260498,537.459358215332,27.609251403808592,448.8914623260498,completed
109.197719,10,14.637469,1.0,True,10,0,0,507.6583595275879,799.3186893463135,39.84783535003662,507.6583595275879,completed
590.72988,10,14.645451,1.0,True,10,0,0,411.5576252937317,623.124514579773,28.34492893218994,411.5576252937317,completed
820.458531,10,14.653965,1.0,True,10,0,0,458.4597644805908,575.8627490997314,20.550829315185545,458.4597644805908,completed
825.355444,10,14.661941,1.0,True,10,0,0,353.9209156036377,617.7930717468262,22.385981369018555,353.9209156036377,completed
523.943159,10,14.669732,1.0,True,10,0,0,520.0195751190186,661.5320091247559,26.31799430847168,520.0195751190186,completed
854.929099,10,14.677475,1.0,True,10,0,0,451.2798500061035,596.779130935669,15.39229736328125,451.2798500061035,completed
588.722652,10,14.684886,1.0,True,10,0,0,558.0391502380371,738.9180755615234,20.18219871520996,558.0391502380371,completed
379.937531,10,14.69289,1.0,True,10,0,0,469.52467346191406,693.9541778564453,31.99990348815918,469.52467346191406,completed
1012.29608,10,14.700544,1.0,True,10,0,0,431.02180194854736,511.8327808380127,14.053738975524903,431.02180194854736,completed
382.78462,10,14.708057,1.0,True,10,0,0,634.8130073547363,711.6550025939941,27.175353622436525,634.8130073547363,completed
841.051065,10,14.7157,1.0,True,10,0,0,415.7790093421936,543.9167575836182,23.80865478515625,415.7790093421936,completed
655.784987,10,14.723854,1.0,True,10,0,0,442.5209436416626,543.9488611221313,28.5179349899292,442.5209436416626,completed
161.568507,10,14.731764,1.0,True,10,0,0,611.0927410125732,852.3208618164062,29.96114501953125,611.0927410125732,completed
128.590612,10,14.740867,1.0,True,10,0,0,463.97799491882324,717.7283554077148,43.426070022583005,463.97799491882324,completed
834.37049,10,14.748273,1.0,True,10,0,0,505.4389820098877,668.0429439544678,10.875944137573242,505.4389820098877,completed
834.349029,10,14.756104,1.0,True,10,0,0,434.285924911499,615.1249885559082,15.922096443176269,434.285924911499,completed
1110.083192,10,14.763425,1.0,True,10,0,0,487.85722827911377,548.0248699188232,7.968755722045898,487.85722827911377,completed
247.395532,10,14.774841,1.0,True,10,0,0,580.992166519165,697.3941917419434,37.59377784729004,580.992166519165,completed
793.205057,10,14.783733,1.0,True,10,0,0,483.5747594833374,589.4528770446777,20.412596130371092,483.5747594833374,completed
15.721204,10,14.795351,1.0,True,10,0,0,600.9026746749878,843.5240802764893,38.04303512573242,600.9026746749878,completed
71.950342,10,14.804573,1.0,True,10,0,0,497.87328338623047,708.9922027587891,44.47171325683594,497.87328338623047,completed
-108.171433,10,14.813017,1.0,True,10,0,0,682.7496223449707,791.2020835876465,43.40996837615967,682.7496223449707,completed
148.805625,10,14.821917,1.0,True,10,0,0,622.2619571685791,820.5738697052002,34.51029720306396,622.2619571685791,completed
538.821688,10,14.830017,1.0,True,10,0,0,512.5361847877502,599.8961915969849,29.188539505004883,512.5361847877502,completed
797.853854,10,14.837688,1.0,True,10,0,0,493.29050731658936,552.053882598877,21.945628547668456,493.29050731658936,completed
1098.629241,10,14.845156,1.0,True,10,0,0,377.1550147533417,455.5720965862274,16.947422218322753,377.1550147533417,completed
-184.262782,10,14.852773,1.0,True,10,0,0,736.8504905700684,838.5744609832764,46.736029052734374,736.8504905700684,completed
129.531994,10,14.860488,1.0,True,10,0,0,590.9608612060547,738.986873626709,38.40029640197754,590.9608612060547,completed
870.437941,10,14.867901,1.0,True,10,0,0,453.839111328125,582.3354320526123,19.084480857849123,453.839111328125,completed
-74.836519,10,14.875722,1.0,True,10,0,0,696.906322479248,844.9926338195801,40.8600414276123,696.906322479248,completed
206.55735,10,14.883169,1.0,True,10,0,0,731.8445854187012,747.9529361724854,32.32938346862793,731.8445854187012,completed
578.771629,10,14.890792,1.0,True,10,0,0,451.75768089294434,718.351318359375,24.999365615844727,451.75768089294434,completed
172.751878,10,14.898922,1.0,True,10,0,0,600.0457057952881,724.3879585266113,38.019697189331055,600.0457057952881,completed
175.996839,10,14.907249,1.0,True,10,0,0,697.3778524398804,879.3344974517822,28.915425109863282,697.3778524398804,completed
623.169802,10,14.914882,1.0,True,10,0,0,556.757453918457,600.1809272766113,23.62883529663086,556.757453918457,completed
1514.964693,10,14.922806,1.0,True,10,0,0,280.3641548156738,361.69494247436523,5.447618865966797,280.3641548156738,completed
801.212108,10,14.930281,1.0,True,10,0,0,519.6393661499023,599.6657333374023,15.86859827041626,519.6393661499023,completed
634.318144,10,14.93821,1.0,True,10,0,0,443.27190589904785,641.2399578094482,26.71773796081543,443.27190589904785,completed
301.06206,10,14.945723,1.0,True,10,0,0,503.44338607788086,654.0603675842285,37.12027521133423,503.44338607788086,completed
1039.490541,10,14.953536,1.0,True,10,0,0,356.4864253997803,498.86051177978516,16.893552017211913,356.4864253997803,completed
540.824263,10,14.960997,1.0,True,10,0,0,530.6348285675049,648.2956085205078,25.883483505249025,530.6348285675049,completed
-343.942508,10,14.968249,1.0,True,10,0,0,772.6380310058594,986.7241096496582,42.99815845489502,772.6380310058594,completed
-684.296974,10,14.975382,1.0,True,10,0,0,762.0692291259766,1010.4786834716797,59.02644424438476,762.0692291259766,completed
1088.117782,10,14.982932,1.0,True,10,0,0,441.9071192741394,552.308066368103,8.959953689575196,441.9071192741394,completed
1453.992051,10,14.99065,1.0,True,10,0,0,325.5227928161621,406.41485595703125,4.681896591186524,325.5227928161621,completed
1126.793362,10,14.997908,1.0,True,10,0,0,422.3705129623413,596.0972919464111,6.453865432739258,422.3705129623413,completed
-108.101435,10,15.005139,1.0,True,10,0,0,639.4599761962891,991.9363784790039,37.41477165222168,639.4599761962891,completed
554.979333,10,15.012561,1.0,True,10,0,0,566.5342779159546,679.5818729400635,23.6280020236969,566.5342779159546,completed
675.926899,10,15.019977,1.0,True,10,0,0,520.7364311218262,561.942798614502,26.67470817565918,520.7364311218262,completed
629.122562,10,15.027504,1.0,True,10,0,0,574.5967750549316,665.7980651855469,20.437075042724608,574.5967750549316,completed
491.469133,10,15.035006,1.0,True,10,0,0,561.0368270874023,627.8720397949219,29.812476348876952,561.0368270874023,completed
343.819634,10,15.042851,1.0,True,10,0,0,525.832426071167,752.8226833343506,31.378797912597655,525.832426071167,completed
151.178692,10,15.050243,1.0,True,10,0,0,446.75525093078613,745.9836502075195,42.509307098388675,446.75525093078613,completed
765.707063,10,15.057769,1.0,True,10,0,0,443.80774974823,652.9078969955444,18.240480041503908,443.80774974823,completed
716.111543,10,15.065149,1.0,True,10,0,0,572.6047019958496,580.0430068969727,22.113916397094727,572.6047019958496,completed
208.354773,10,15.072771,1.0,True,10,0,0,559.2567749023438,806.8669204711914,34.17687749862671,559.2567749023438,completed
993.829156,10,15.081708,1.0,True,10,0,0,409.33528900146484,507.8334903717041,15.847641563415527,409.33528900146484,completed
629.423647,10,15.089955,1.0,True,10,0,0,498.85450744628906,641.6919326782227,24.020126152038575,498.85450744628906,completed
539.287155,10,15.098084,1.0,True,10,0,0,577.6595420837402,737.7497615814209,23.379619121551514,577.6595420837402,completed
830.331876,10,15.106136,1.0,True,10,0,0,384.6815927028656,612.5231642723083,20.25418438911438,384.6815927028656,completed
855.789789,10,15.113545,1.0,True,10,0,0,481.4537744522095,598.5708427429199,19.345500946044922,481.4537744522095,completed
995.43061,10,15.120654,1.0,True,10,0,0,467.66985511779785,634.3135566711426,9.561128234863281,467.66985511779785,completed
266.801095,10,15.183417,1.0,True,10,0,0,528.1096956729889,693.1313214302063,39.694431686401366,528.1096956729889,completed
763.386258,10,15.192429,1.0,True,10,0,0,414.6345806121826,546.0851020812988,21.35696907043457,414.6345806121826,completed
270.054557,10,15.203037,1.0,True,10,0,0,606.3578896522522,704.3478903770447,35.3174015045166,606.3578896522522,completed
918.714012,10,15.213764,1.0,True,10,0,0,454.8758296966553,543.1091632843018,15.047020530700683,454.8758296966553,completed
-880.582492,10,15.221326,1.0,True,10,0,0,764.5901336669922,1085.8328704833984,63.370612716674806,764.5901336669922,completed
248.509489,10,15.229114,1.0,True,10,0,0,648.3311100006104,780.9504356384277,29.672318267822266,648.3311100006104,completed
1125.521965,10,15.236928,1.0,True,10,0,0,454.16875648498535,517.0377502441406,9.911762809753418,454.16875648498535,completed
545.78063,10,15.244159,1.0,True,10,0,0,474.4981880187988,683.681510925293,26.62353973388672,474.4981880187988,completed
262.120226,10,15.252771,1.0,True,10,0,0,598.326171875,809.3897762298584,28.92776584625244,598.326171875,completed
667.479422,10,15.260477,1.0,True,10,0,0,489.04161643981934,582.4615936279297,23.169392776489257,489.04161643981934,completed
1156.222467,10,15.268191,1.0,True,10,0,0,394.4392261505127,533.1721210479736,9.281233215332032,394.4392261505127,completed
657.587151,10,15.278879,1.0,True,10,0,0,464.4336585998535,558.4657764434814,26.97201499938965,464.4336585998535,completed
278.496666,10,15.286525,1.0,True,10,0,0,638.9882254600525,716.8650121688843,30.72794427871704,638.9882254600525,completed
-135.352848,10,15.294004,1.0,True,10,0,0,765.1681785583496,892.9515380859375,40.450262451171874,765.1681785583496,completed
364.641379,10,15.301779,1.0,True,10,0,0,576.0708637237549,844.3514671325684,23.79647445678711,576.0708637237549,completed
641.053804,10,15.30983,1.0,True,10,0,0,426.4182457923889,663.6715517044067,25.652827072143555,426.4182457923889,completed
327.495292,10,15.317424,1.0,True,10,0,0,567.8825225830078,674.9444808959961,32.716813278198245,567.8825225830078,completed
585.533385,10,15.325338,1.0,True,10,0,0,429.0923743247986,675.2709946632385,28.96065483093262,429.0923743247986,completed
-222.042374,10,15.332853,1.0,True,10,0,0,778.2197532653809,931.6181621551514,41.01652717590332,778.2197532653809,completed
637.622149,10,15.340787,1.0,True,10,0,0,498.8270502090454,576.1131992340088,27.217855072021486,498.8270502090454,completed
288.220851,10,15.348305,1.0,True,10,0,0,509.7753429412842,672.6576671600342,37.79952545166016,509.7753429412842,completed
707.328136,10,15.355978,1.0,True,10,0,0,458.4851942062378,600.9205570220947,26.078406715393065,458.4851942062378,completed
128.607061,10,15.36392,1.0,True,10,0,0,598.9156684875488,818.618709564209,35.078147888183594,598.9156684875488,completed
-652.350056,10,15.373597,1.0,True,10,0,0,656.0840110778809,947.9135437011719,61.549737548828126,656.0840110778809,completed
607.230042,10,16.617137,1.0,True,10,0,0,608.2469825744629,608.2469825744629,23.687504386901857,608.2469825744629,completed
155.300129,10,16.627795,1.0,True,10,0,0,575.7777290344238,915.3818435668945,30.36566028594971,575.7777290344238,completed
330.797882,10,16.637413,1.0,True,10,0,0,504.26423263549805,701.3332614898682,34.25884952545166,504.26423263549805,completed
571.391776,10,16.644995,1.0,True,10,0,0,538.7808332443237,597.2669658660889,28.16730308532715,538.7808332443237,completed
-416.848227,10,16.65241,1.0,True,10,0,0,802.1449737548828,952.6809425354004,47.63061027526855,802.1449737548828,completed
596.064452,10,16.659916,1.0,True,10,0,0,540.0416793823242,658.2406539916992,23.54229106903076,540.0416793823242,completed
449.937337,10,16.667302,1.0,True,10,0,0,596.1511840820312,676.354118347168,28.16912109851837,596.1511840820312,completed
401.449443,10,16.674895,1.0,True,10,0,0,513.401689529419,734.1872329711914,31.14517936706543,513.401689529419,completed
291.025592,10,16.682236,1.0,True,10,0,0,528.113489151001,755.3719253540039,32.55985984802246,528.113489151001,completed
738.549799,10,16.689732,1.0,True,10,0,0,440.4535503387451,625.2075653076172,22.472487449645996,440.4535503387451,completed
-37.650651,10,16.697101,1.0,True,10,0,0,659.8954582214355,904.5396118164062,35.58599014282227,659.8954582214355,completed
796.167725,10,16.705217,1.0,True,10,0,0,494.99763011932373,642.9089832305908,15.731690788269043,494.99763011932373,completed
1339.515884,10,16.712592,1.0,True,10,0,0,377.5009832382202,404.6473846435547,7.693570137023926,377.5009832382202,completed
-477.609425,10,16.72002,1.0,True,10,0,0,729.3308143615723,959.5367813110352,52.4760238647461,729.3308143615723,completed
664.882935,10,16.727265,1.0,True,10,0,0,489.88836002349854,626.326319694519,23.3612548828125,489.88836002349854,completed
607.96484,10,16.734529,1.0,True,10,0,0,507.4705047607422,691.8603420257568,20.825324058532715,507.4705047607422,completed
263.854589,10,16.741874,1.0,True,10,0,0,481.2745933532715,714.6345672607422,36.314131546020505,481.2745933532715,completed
515.224377,10,16.749196,1.0,True,10,0,0,545.7301998138428,831.9579429626465,19.109188270568847,545.7301998138428,completed
-434.679997,10,16.756407,1.0,True,10,0,0,810.9643173217773,1002.1343269348145,45.537682342529294,810.9643173217773,completed
278.225827,10,16.763698,1.0,True,10,0,0,476.59122467041016,745.3372497558594,34.04742317199707,476.59122467041016,completed
572.19743,10,16.770918,1.0,True,10,0,0,558.446683883667,844.0867958068848,16.461954212188722,558.446683883667,completed
1410.154429,10,16.778116,1.0,True,10,0,0,406.74167346954346,455.013822555542,1.7642681121826171,406.74167346954346,completed
223.894336,10,16.785391,1.0,True,10,0,0,436.8802490234375,681.106746673584,42.73800468444824,436.8802490234375,completed
1050.031661,10,16.792626,1.0,True,10,0,0,449.7753314971924,481.79379081726074,14.506498527526855,449.7753314971924,completed
1024.075551,10,16.799904,1.0,True,10,0,0,452.1770763397217,452.1770763397217,17.361170959472656,452.1770763397217,completed
1052.430665,10,16.807196,1.0,True,10,0,0,333.7497682571411,487.3585968017578,16.31125087738037,333.7497682571411,completed
667.796833,10,16.814285,1.0,True,10,0,0,465.0804796218872,614.6889972686768,24.599849128723143,465.0804796218872,completed
491.554945,10,16.821572,1.0,True,10,0,0,557.9441795349121,770.2431526184082,22.070553970336913,557.9441795349121,completed
601.661419,10,16.82878,1.0,True,10,0,0,477.6033797264099,655.2925138473511,24.04773941040039,477.6033797264099,completed
528.734531,10,16.836027,1.0,True,10,0,0,485.12326431274414,739.9594879150391,22.811803674697877,485.12326431274414,completed
578.450406,10,16.843198,1.0,True,10,0,0,519.6506232023239,686.5975377559662,22.225096416473388,519.6506232023239,completed
825.538293,10,16.850371,1.0,True,10,0,0,471.7612762451172,471.7612762451172,23.123376846313477,471.7612762451172,completed
483.105875,10,16.857491,1.0,True,10,0,0,526.6919040679932,716.644702911377,26.378490447998047,526.6919040679932,completed
596.619144,10,16.864638,1.0,True,10,0,0,508.0609321594238,799.2478179931641,17.9685848236084,508.0609321594238,completed
921.331501,10,16.871813,1.0,True,10,0,0,425.591459274292,628.9525966644287,14.823288345336914,425.591459274292,completed
291.359892,10,16.879085,1.0,True,10,0,0,478.14639949798584,718.6189079284668,34.81357345581055,478.14639949798584,completed
70.095623,10,16.886236,1.0,True,10,0,0,647.7755184173584,851.6399822235107,35.971754264831546,647.7755184173584,completed
800.413156,10,16.893452,1.0,True,10,0,0,414.34517192840576,504.3473529815674,23.059882640838623,414.34517192840576,completed
-57.022212,10,16.900487,1.0,True,10,0,0,677.644380569458,839.1692962646484,42.11746788024902,677.644380569458,completed
-204.321,10,16.907699,1.0,True,10,0,0,585.9360313415527,814.2366104125977,51.10495548248291,585.9360313415527,completed
634.852393,10,16.914979,1.0,True,10,0,0,448.490083694458,639.608325958252,25.37421989440918,448.490083694458,completed
830.339766,10,16.922151,1.0,True,10,0,0,422.5993003845215,571.8833293914795,18.85144958496094,422.5993003845215,completed
-255.226723,10,16.929215,1.0,True,10,0,0,682.9527416229248,918.0914192199707,46.27772583961487,682.9527416229248,completed
435.594138,10,16.936463,1.0,True,10,0,0,608.7712898254395,816.4594326019287,20.8018856048584,608.7712898254395,completed
724.001038,10,16.944082,1.0,True,10,0,0,444.9524116516113,666.5728378295898,20.789869689941405,444.9524116516113,completed
991.509521,10,16.951352,1.0,True,10,0,0,415.4019899368286,555.777886390686,15.644680500030518,415.4019899368286,completed
583.798848,10,16.958705,1.0,True,10,0,0,557.2785167694092,729.054853439331,20.993685150146483,557.2785167694092,completed
1264.294048,10,16.965916,1.0,True,10,0,0,385.7962737083435,404.55934047698975,9.96064567565918,385.7962737083435,completed
772.731367,10,16.974873,1.0,True,10,0,0,476.7694606781006,711.0942993164062,14.950161361694336,476.7694606781006,completed
1302.59551,10,16.982845,1.0,True,10,0,0,356.5533256530762,469.53306579589844,7.849306106567383,356.5533256530762,completed
254.866108,10,16.990521,1.0,True,10,0,0,454.4864273071289,718.7526741027832,39.84070472717285,454.4864273071289,completed
995.198451,10,16.997996,1.0,True,10,0,0,417.7715940475464,590.3356666564941,13.488467979431153,417.7715940475464,completed
119.46907,10,17.006092,1.0,True,10,0,0,537.005012512207,731.587215423584,39.67909927368164,537.005012512207,completed
37.028361,10,17.013381,1.0,True,10,0,0,702.8595714569092,863.8173942565918,34.05283813476562,702.8595714569092,completed
215.443179,10,17.020564,1.0,True,10,0,0,551.9213256835938,766.5066146850586,33.76233749389648,551.9213256835938,completed
481.749948,10,17.027785,1.0,True,10,0,0,596.3093452453613,779.2537879943848,22.164263916015624,596.3093452453613,completed
-15.635358,10,17.035722,1.0,True,10,0,0,490.1436710357666,745.1918506622314,48.341905975341795,490.1436710357666,completed
565.428096,10,17.043106,1.0,True,10,0,0,493.4236240386963,658.277515411377,25.220623111724855,493.4236240386963,completed
-241.336619,10,17.050575,1.0,True,10,0,0,677.7795143127441,1029.8356552124023,40.84248447418213,677.7795143127441,completed
97.469803,10,17.057884,1.0,True,10,0,0,655.9365797042847,751.7676048278809,38.601194190979,655.9365797042847,completed
-135.085045,10,17.065085,1.0,True,10,0,0,704.7842979431152,834.7939720153809,42.947054862976074,704.7842979431152,completed
497.379186,10,17.0722,1.0,True,10,0,0,415.9163703918457,652.442440032959,33.7692153930664,415.9163703918457,completed
402.569966,10,17.079468,1.0,True,10,0,0,554.7483997344971,818.2503547668457,23.97528018951416,554.7483997344971,completed
705.388333,10,17.086653,1.0,True,10,0,0,390.18205976486206,571.0657567977905,26.11650495529175,390.18205976486206,completed
445.325743,10,17.09404,1.0,True,10,0,0,435.8085689544678,693.9148654937744,29.744138193130492,435.8085689544678,completed
1318.444866,10,17.101271,1.0,True,10,0,0,368.59672236442566,513.8731093406677,4.256834030151367,368.59672236442566,completed
496.892953,10,17.108474,1.0,True,10,0,0,463.7928524017334,622.6854000091553,35.24386978149414,463.7928524017334,completed
539.673013,10,17.115557,1.0,True,10,0,0,559.1372261047363,832.974063873291,17.42865905761719,559.1372261047363,completed
1009.331584,10,17.122749,1.0,True,10,0,0,356.5110595226288,543.043092250824,17.220718955993654,356.5110595226288,completed
987.209989,10,17.129889,1.0,True,10,0,0,464.9614839553833,582.5004739761353,10.403129959106446,464.9614839553833,completed
48.452359,10,17.137145,1.0,True,10,0,0,621.4445381164551,828.3357048034668,37.87558212280273,621.4445381164551,completed
1083.345679,10,17.144308,1.0,True,10,0,0,393.1680850982666,494.047399520874,12.615066528320312,393.1680850982666,completed
1178.733328,10,17.151958,1.0,True,10,0,0,408.883695602417,445.45216941833496,11.296953392028808,408.883695602417,completed
975.566043,10,17.159127,1.0,True,10,0,0,491.6809153556824,514.2745146751404,15.186172103881836,491.6809153556824,completed
-14.228803,10,17.16628,1.0,True,10,0,0,687.6856117248535,776.7388782501221,43.11023349761963,687.6856117248535,completed
1153.845841,10,17.173444,1.0,True,10,0,0,451.4994258880615,496.66711807250977,9.696033668518066,451.4994258880615,completed
422.42658,10,17.180665,1.0,True,10,0,0,560.549150466919,845.766471862793,23.79504051208496,560.549150466919,completed
618.144316,10,17.188471,1.0,True,10,0,0,558.9139938354492,704.6700096130371,19.318513870239258,558.9139938354492,completed
425.764432,10,17.195657,1.0,True,10,0,0,504.8215847015381,830.9468879699707,26.115052032470704,504.8215847015381,completed
645.839324,10,17.203079,1.0,True,10,0,0,422.5800437927246,666.0017166137695,25.400538063049318,422.5800437927246,completed
417.718046,10,17.210246,1.0,True,10,0,0,575.1954665184021,867.33655834198,21.15472297668457,575.1954665184021,completed
449.163684,10,17.217471,1.0,True,10,0,0,574.5786552429199,908.0227699279785,17.36320381164551,574.5786552429199,completed
970.658742,10,17.224561,1.0,True,10,0,0,455.019814491272,672.5435123443604,9.07657527923584,455.019814491272,completed
502.537848,10,17.231685,1.0,True,10,0,0,565.6005744934082,659.490550994873,26.13311004638672,565.6005744934082,completed
-66.250943,10,17.238731,1.0,True,10,0,0,577.2400817871094,865.7606468200684,44.12850914001465,577.2400817871094,completed
680.944671,10,17.245926,1.0,True,10,0,0,377.9234857559204,564.9493322372437,29.292848587036133,377.9234857559204,completed
505.50139,10,17.253088,1.0,True,10,0,0,537.7095813751221,762.5167961120605,22.405219268798827,537.7095813751221,completed
815.264793,10,17.260286,1.0,True,10,0,0,459.4027690887451,615.6375274658203,19.84461326599121,459.4027690887451,completed
-298.550384,10,17.26743,1.0,True,10,0,0,713.2446527481079,996.255781173706,43.236111640930176,713.2446527481079,completed
-19.431576,10,17.274642,1.0,True,10,0,0,652.3313636779785,863.6891822814941,35.898732852935794,652.3313636779785,completed
682.03588,10,17.282415,1.0,True,10,0,0,470.06139373779297,589.3771362304688,26.380621719360352,470.06139373779297,completed
215.851727,10,17.289795,1.0,True,10,0,0,524.7518768310547,821.488395690918,34.03299560546875,524.7518768310547,completed
178.43714,10,17.297365,1.0,True,10,0,0,590.1337871551514,803.0600757598877,32.45582523345947,590.1337871551514,completed
328.944995,10,17.30455,1.0,True,10,0,0,581.1761207580566,685.7689018249512,32.900177001953125,581.1761207580566,completed
528.159882,10,17.311731,1.0,True,10,0,0,570.5137968063354,717.7634868621826,23.999600219726563,570.5137968063354,completed
894.70134,10,17.31971,1.0,True,10,0,0,509.1227149963379,614.8408126831055,13.175006866455078,509.1227149963379,completed
1070.527415,10,17.326752,1.0,True,10,0,0,437.34034156799316,547.2458972930908,12.754894638061524,437.34034156799316,completed
775.860033,10,17.333931,1.0,True,10,0,0,451.1869058609009,511.8691921234131,25.26858558654785,451.1869058609009,completed
661.565751,10,17.34113,1.0,True,10,0,0,518.6205902099609,636.0660285949707,22.12946319580078,518.6205902099609,completed
11.80459,10,17.348294,1.0,True,10,0,0,555.9719467163086,771.3120269775391,42.308450603485106,555.9719467163086,completed
668.578957,10,17.355549,1.0,True,10,0,0,480.17087173461914,585.249942779541,25.72717914581299,480.17087173461914,completed
480.02082,10,17.362719,1.0,True,10,0,0,549.6499881744385,712.5816287994385,26.067469787597656,549.6499881744385,completed
551.014229,10,17.369778,1.0,True,10,0,0,552.8554763793945,668.2176189422607,24.861655235290527,552.8554763793945,completed
318.284297,10,17.376869,1.0,True,10,0,0,624.2617378234863,808.212043762207,25.406270599365236,624.2617378234863,completed
-353.480991,10,17.384141,1.0,True,10,0,0,574.5817203521729,968.1477165222168,51.688473510742185,574.5817203521729,completed
656.535893,10,17.391332,1.0,True,10,0,0,508.75797271728516,686.6355857849121,21.14550895690918,508.75797271728516,completed
514.775754,10,17.398429,1.0,True,10,0,0,504.69369411468506,642.3448162078857,28.29143657684326,504.69369411468506,completed
243.947728,10,17.405511,1.0,True,10,0,0,643.0357093811035,778.845308303833,31.425050354003908,643.0357093811035,completed
756.71068,10,17.412754,1.0,True,10,0,0,468.18438720703125,634.6516723632812,18.963092422485353,468.18438720703125,completed
364.225272,10,17.419826,1.0,True,10,0,0,526.7813431024551,709.8383858203888,32.69418487548828,526.7813431024551,completed
-118.729855,10,17.426952,1.0,True,10,0,0,602.7939739227295,857.8749122619629,43.91955337524414,602.7939739227295,completed
136.475501,10,17.434111,1.0,True,10,0,0,563.881763458252,887.752233505249,31.933399200439453,563.881763458252,completed
245.327507,10,17.441245,1.0,True,10,0,0,707.6361360549927,952.8098182678223,21.10000057220459,707.6361360549927,completed
499.265223,10,17.448531,1.0,True,10,0,0,630.0817050933838,748.334400177002,23.22589569091797,630.0817050933838,completed
659.984919,10,17.455714,1.0,True,10,0,0,463.95209884643555,578.115421295166,24.535842895507812,463.95209884643555,completed
310.115671,10,17.462892,1.0,True,10,0,0,535.444242477417,879.3161506652832,25.818500900268553,535.444242477417,completed
454.923725,10,17.470025,1.0,True,10,0,0,556.2171077728271,730.7695999145508,26.124972534179687,556.2171077728271,completed
813.074143,10,17.47706,1.0,True,10,0,0,444.94544792175293,518.550537109375,23.227649879455566,444.94544792175293,completed
1255.593658,10,17.48417,1.0,True,10,0,0,384.70861625671387,517.5772819519043,6.712308120727539,384.70861625671387,completed
6.725594,10,17.491344,1.0,True,10,0,0,502.92364501953125,817.8260917663574,44.09557590484619,502.92364501953125,completed
874.1201,10,17.498416,1.0,True,10,0,0,497.877103805542,644.0650844573975,12.934102249145507,497.877103805542,completed
814.390191,10,17.507502,1.0,True,10,0,0,399.75289726257324,528.9612407684326,22.69503526687622,399.75289726257324,completed
743.984625,10,17.516309,1.0,True,10,0,0,556.3785438537598,700.4416732788086,15.835120391845702,556.3785438537598,completed
1022.648168,10,17.524447,1.0,True,10,0,0,459.0788507461548,459.0788507461548,16.845889282226562,459.0788507461548,completed
277.244886,10,17.534567,1.0,True,10,0,0,565.5488605499268,670.0496444702148,38.06855945587158,565.5488605499268,completed
1090.205491,10,17.542772,1.0,True,10,0,0,392.0793266296387,468.79505157470703,13.693617820739746,392.0793266296387,completed
86.26247,10,17.55015,1.0,True,10,0,0,750.9685955047607,836.507360458374,31.649913787841797,750.9685955047607,completed
1354.44385,10,17.558035,1.0,True,10,0,0,348.59062242507935,414.12474155426025,8.543228054046631,348.59062242507935,completed
529.312368,10,17.565241,1.0,True,10,0,0,574.5143413543701,686.2572536468506,24.304802417755127,574.5143413543701,completed
206.08628,10,17.572586,1.0,True,10,0,0,565.4490070343018,806.8741970062256,34.10413494110107,565.4490070343018,completed
575.582054,10,17.579804,1.0,True,10,0,0,432.66040992736816,552.2724208831787,32.366101837158205,432.66040992736816,completed
637.708575,10,17.587031,1.0,True,10,0,0,500.8180046081543,649.9966583251953,23.090214920043945,500.8180046081543,completed
229.976472,10,17.595038,1.0,True,10,0,0,471.9255027770996,739.5850105285645,38.166235733032224,471.9255027770996,completed
407.354387,10,17.60416,1.0,True,10,0,0,599.8406524658203,671.1169967651367,30.475626277923585,599.8406524658203,completed
609.589589,10,17.612967,1.0,True,10,0,0,515.3208847045898,646.1443557739258,26.77295446395874,515.3208847045898,completed
154.697124,10,17.620741,1.0,True,10,0,0,560.7820777893066,716.002269744873,38.06155662536621,560.7820777893066,completed
658.387568,10,17.628861,1.0,True,10,0,0,485.79114723205566,620.7908172607422,22.86339225769043,485.79114723205566,completed
-313.043116,10,17.636488,1.0,True,10,0,0,745.3375625610352,929.1529273986816,46.688617897033694,745.3375625610352,completed
931.744866,10,17.644384,1.0,True,10,0,0,401.48443603515625,582.2392902374268,18.8450626373291,401.48443603515625,completed
536.469274,10,17.651599,1.0,True,10,0,0,484.84566497802734,609.7270011901855,28.346181297302245,484.84566497802734,completed
226.588244,10,17.658911,1.0,True,10,0,0,594.3448066711426,767.2693023681641,33.14043197631836,594.3448066711426,completed
760.541116,10,17.666089,1.0,True,10,0,0,562.3468959927559,774.8114982843399,10.737904930114746,562.3468959927559,completed
-679.509557,10,17.67341,1.0,True,10,0,0,786.1033325195312,1071.9697189331055,53.43404331207275,786.1033325195312,completed
262.827076,10,17.680621,1.0,True,10,0,0,594.4034957885742,804.5810737609863,29.274582290649413,594.4034957885742,completed
420.800097,10,17.68794,1.0,True,10,0,0,498.06023693084717,732.2791042327881,28.242837333679198,498.06023693084717,completed
451.783013,10,17.696904,1.0,True,10,0,0,532.7785677909851,865.0053434371948,22.10219841003418,532.7785677909851,completed
809.121324,10,17.705976,1.0,True,10,0,0,382.17183685302734,631.9558277130127,20.321208190917968,382.17183685302734,completed
1183.447299,10,17.713695,1.0,True,10,0,0,370.8364977836609,406.95958948135376,11.819762706756592,370.8364977836609,completed
781.66427,10,17.721181,1.0,True,10,0,0,508.55613803863525,621.2550926208496,18.491072273254396,508.55613803863525,completed
938.170427,10,17.728517,1.0,True,10,0,0,479.3387451171875,544.3427276611328,14.522466278076172,479.3387451171875,completed
919.518831,10,17.735754,1.0,True,10,0,0,509.4746837615967,529.8002128601074,16.60080623626709,509.4746837615967,completed
753.910966,10,17.743628,1.0,True,10,0,0,522.6939716339111,621.5658588409424,18.187510299682618,522.6939716339111,completed
829.535849,10,17.750993,1.0,True,10,0,0,452.5320739746094,551.1082878112793,19.136289501190184,452.5320739746094,completed
390.248499,10,17.758289,1.0,True,10,0,0,563.3898158073425,640.2223920822144,32.87364902496338,563.3898158073425,completed
779.221255,10,17.765573,1.0,True,10,0,0,506.2242889404297,682.977840423584,12.788427352905273,506.2242889404297,completed
324.438021,10,17.773141,1.0,True,10,0,0,640.3717231750488,858.6290092468262,23.092351722717286,640.3717231750488,completed
1127.319798,10,17.780393,1.0,True,10,0,0,443.2782483100891,653.6764764785767,3.8834564208984377,443.2782483100891,completed
-68.56498,10,17.789325,1.0,True,10,0,0,621.3581733703613,913.0510635375977,37.81969528198242,621.3581733703613,completed
105.448829,10,17.796578,1.0,True,10,0,0,653.1015825271606,780.7281608581543,35.44446220397949,653.1015825271606,completed
401.568896,10,17.803845,1.0,True,10,0,0,483.3235549926758,651.293867111206,35.35068588256836,483.3235549926758,completed
661.480859,10,17.814011,1.0,True,10,0,0,542.1725082397461,619.0145034790039,23.614984130859376,542.1725082397461,completed
646.462245,10,17.82293,1.0,True,10,0,0,455.996750831604,597.8132381439209,28.117257118225098,455.996750831604,completed
1183.552822,10,17.830425,1.0,True,10,0,0,350.94050550460815,466.74131870269775,12.87337121963501,350.94050550460815,completed
327.611734,10,17.83791,1.0,True,10,0,0,513.3301162719727,913.6477508544922,24.968883514404297,513.3301162719727,completed
894.302855,10,17.845218,1.0,True,10,0,0,438.7258176803589,723.3943901062012,11.836391258239747,438.7258176803589,completed
725.134032,10,17.85251,1.0,True,10,0,0,506.198579788208,569.722599029541,21.7225980758667,506.198579788208,completed
249.572796,10,17.86045,1.0,True,10,0,0,548.3078784942627,771.0152111053467,34.41628723144531,548.3078784942627,completed
720.725833,10,17.867712,1.0,True,10,0,0,514.1998100280762,591.3763332366943,21.762015724182127,514.1998100280762,completed
388.124974,10,17.874969,1.0,True,10,0,0,633.3070607185364,658.6962099075317,29.866247940063477,633.3070607185364,completed
255.545353,10,17.882186,1.0,True,10,0,0,554.272029876709,779.2097778320312,32.23803367614746,554.272029876709,completed
925.205326,10,17.889266,1.0,True,10,0,0,451.49682426452637,499.0605754852295,18.496497344970702,451.49682426452637,completed
406.799461,10,17.896565,1.0,True,10,0,0,548.4615707397461,710.3446807861328,28.637222385406496,548.4615707397461,completed
248.437161,10,17.904178,1.0,True,10,0,0,563.1098108291626,671.8160762786865,38.23496341705322,563.1098108291626,completed
895.072974,10,17.911546,1.0,True,10,0,0,506.2462549209595,642.592809677124,11.71635913848877,506.2462549209595,completed
732.304405,10,17.918805,1.0,True,10,0,0,504.6167411804199,647.3986587524414,18.389351272583006,504.6167411804199,completed
748.281082,10,17.927157,1.0,True,10,0,0,517.6377654075623,549.3501887321472,21.34255256652832,517.6377654075623,completed
728.930625,10,17.934507,1.0,True,10,0,0,472.7227735519409,588.1483497619629,21.52362632751465,472.7227735519409,completed
612.177732,10,17.941782,1.0,True,10,0,0,420.9293098449707,575.3018836975098,29.621630477905274,420.9293098449707,completed
852.366278,10,17.949179,1.0,True,10,0,0,434.8796763420105,615.9311594963074,18.70908203125,434.8796763420105,completed
229.21425,10,17.956775,1.0,True,10,0,0,593.7082691192627,716.4631385803223,34.57256679534912,593.7082691192627,completed
1156.562197,10,17.964144,1.0,True,10,0,0,411.7271919250488,492.1583061218262,9.751367568969727,411.7271919250488,completed
1570.839075,10,17.971243,1.0,True,10,0,0,248.90019750595093,256.2224073410034,6.8988079071044925,248.90019750595093,completed
1042.294241,10,17.978402,1.0,True,10,0,0,429.1792297363281,583.6210861206055,11.160751342773438,429.1792297363281,completed
1328.468653,10,17.985552,1.0,True,10,0,0,367.1658304929733,376.7158086299896,10.092222976684571,367.1658304929733,completed
910.02304,10,17.992763,1.0,True,10,0,0,453.13942098617554,530.4108724594116,18.732067394256593,453.13942098617554,completed
1175.094571,10,17.999909,1.0,True,10,0,0,382.9352741241455,527.5152816772461,8.993872737884521,382.9352741241455,completed
765.576586,10,18.006998,1.0,True,10,0,0,469.81707763671875,520.7262649536133,25.986713790893553,469.81707763671875,completed
698.874562,10,18.014147,1.0,True,10,0,0,449.59765625,692.7088928222656,21.719353103637694,449.59765625,completed
-133.239582,10,18.021323,1.0,True,10,0,0,656.1193103790283,767.6960601806641,46.75511646270752,656.1193103790283,completed
744.450682,10,18.02853,1.0,True,10,0,0,454.1774835586548,649.7240829467773,19.167316818237303,454.1774835586548,completed
406.180813,10,18.035765,1.0,True,10,0,0,446.1652069091797,700.7580833435059,33.514308547973634,446.1652069091797,completed
496.850918,10,18.043416,1.0,True,10,0,0,435.70651626586914,594.3155097961426,32.64890556335449,435.70651626586914,completed
292.32592,10,18.050796,1.0,True,10,0,0,563.5572338104248,711.228681564331,32.60940952301026,563.5572338104248,completed
1166.258701,10,18.058048,1.0,True,10,0,0,445.3036036491394,477.2761754989624,7.827767181396484,445.3036036491394,completed
898.519041,10,18.065272,1.0,True,10,0,0,441.0283012390137,517.132116317749,17.90093250274658,441.0283012390137,completed
923.720829,10,18.0725,1.0,True,10,0,0,455.7778015136719,645.6384391784668,12.880510330200195,455.7778015136719,completed
365.269511,10,18.079694,1.0,True,10,0,0,564.4958190917969,710.1692028045654,31.492343711853028,564.4958190917969,completed
-208.248915,10,18.086832,1.0,True,10,0,0,636.1961250305176,846.4315395355225,46.772827339172366,636.1961250305176,completed
328.660267,10,18.094047,1.0,True,10,0,0,542.2879762649536,745.0150728225708,32.07251834869385,542.2879762649536,completed
969.296778,10,18.101194,1.0,True,10,0,0,469.8568744659424,499.5924415588379,15.711870574951172,469.8568744659424,completed
982.192146,10,18.108339,1.0,True,10,0,0,385.78612327575684,471.7377738952637,20.371231460571288,385.78612327575684,completed
734.363597,10,18.115457,1.0,True,10,0,0,473.9740562438965,574.9732666015625,23.18906879425049,473.9740562438965,completed
781.914937,10,18.122622,1.0,True,10,0,0,494.67572116851807,632.2645130157471,18.28943328857422,494.67572116851807,completed
201.065905,10,18.129765,1.0,True,10,0,0,474.46704864501953,701.3792533874512,42.88683433532715,474.46704864501953,completed
785.767264,10,19.513213,1.0,True,10,0,0,465.91420555114746,645.7323951721191,19.46892890930176,465.91420555114746,completed
677.652443,10,19.525325,1.0,True,10,0,0,522.948000907898,628.1705875396729,21.62955551147461,522.948000907898,completed
854.849073,10,19.532944,1.0,True,10,0,0,434.33617877960205,506.65917682647705,22.111206245422363,434.33617877960205,completed
358.390496,10,19.540745,1.0,True,10,0,0,541.8806953430176,709.6976089477539,32.54068584442139,541.8806953430176,completed
436.261719,10,19.550555,1.0,True,10,0,0,584.0510807037354,703.7445278167725,28.95943260192871,584.0510807037354,completed
708.675288,10,19.558381,1.0,True,10,0,0,483.0692765712738,627.4253287315369,23.815764236450196,483.0692765712738,completed
896.81571,10,19.566581,1.0,True,10,0,0,389.6507411003113,619.6210179328918,16.390536260604858,389.6507411003113,completed
517.465652,10,19.575654,1.0,True,10,0,0,453.08758640289307,695.9660816192627,28.005955314636232,453.08758640289307,completed
188.557754,10,19.583514,1.0,True,10,0,0,720.5447101593018,905.1417388916016,23.67297534942627,720.5447101593018,completed
597.222762,10,19.591981,1.0,True,10,0,0,628.5366325378418,649.0460586547852,22.585229682922364,628.5366325378418,completed
978.623076,10,19.599952,1.0,True,10,0,0,427.56844329833984,606.348575592041,11.8926212310791,427.56844329833984,completed
-201.874947,10,19.607407,1.0,True,10,0,0,608.8269367218018,809.1310291290283,49.32673263549805,608.8269367218018,completed
777.170793,10,19.615225,1.0,True,10,0,0,431.3438329696655,592.604959487915,21.357872581481935,431.3438329696655,completed
578.978554,10,19.623847,1.0,True,10,0,0,510.7232275009155,643.4030294418335,26.092208862304688,510.7232275009155,completed
568.422309,10,19.631958,1.0,True,10,0,0,515.8484439849854,664.8389873504639,26.537286949157714,515.8484439849854,completed
851.684436,10,19.6395,1.0,True,10,0,0,455.8303699493408,622.5219078063965,14.002162170410156,455.8303699493408,completed
86.406101,10,19.647708,1.0,True,10,0,0,685.4431228637695,781.985237121582,36.60721321105957,685.4431228637695,completed
1172.254564,10,19.655474,1.0,True,10,0,0,391.64973497390747,466.30254077911377,12.241139984130859,391.64973497390747,completed
7.29325,10,19.663483,1.0,True,10,0,0,696.4333200454712,898.5343608856201,36.32294807434082,696.4333200454712,completed
564.45412,10,19.672117,1.0,True,10,0,0,526.9921321868896,743.1565437316895,20.843920135498045,526.9921321868896,completed
1482.169515,10,19.680392,1.0,True,10,0,0,372.51839196681976,443.9132754802704,1.0507423400878906,372.51839196681976,completed
1002.543929,10,19.687831,1.0,True,10,0,0,414.90075516700745,617.7530255317688,11.699364471435548,414.90075516700745,completed
946.188333,10,19.695407,1.0,True,10,0,0,451.8012981414795,451.8012981414795,20.037473011016846,451.8012981414795,completed
143.185652,10,19.703354,1.0,True,10,0,0,602.3448886871338,795.564374923706,35.514330101013186,602.3448886871338,completed
-30.870254,10,19.711531,1.0,True,10,0,0,582.6885757446289,890.5428085327148,39.58300094604492,582.6885757446289,completed
799.827858,10,19.719358,1.0,True,10,0,0,394.1345167160034,546.5118083953857,25.126422119140624,394.1345167160034,completed
281.977431,10,19.727002,1.0,True,10,0,0,521.345883846283,741.2859907150269,35.24002246856689,521.345883846283,completed
1102.994462,10,19.735082,1.0,True,10,0,0,418.79322814941406,529.2544021606445,10.17748794555664,418.79322814941406,completed
783.386255,10,19.74266,1.0,True,10,0,0,440.46750259399414,543.7733039855957,23.459130477905273,440.46750259399414,completed
298.35868,10,19.750458,1.0,True,10,0,0,525.7027053833008,646.2513599395752,37.01716003417969,525.7027053833008,completed
574.275548,10,19.757887,1.0,True,10,0,0,542.837718963623,591.792610168457,26.952497482299805,542.837718963623,completed
628.078278,10,19.765668,1.0,True,10,0,0,476.2447147369385,658.0157165527344,23.867880249023436,476.2447147369385,completed
288.841895,10,19.774807,1.0,True,10,0,0,540.3910226821899,704.3718090057373,33.85572509765625,540.3910226821899,completed
1179.945384,10,19.78458,1.0,True,10,0,0,372.10560035705566,654.1624412536621,4.610628509521485,372.10560035705566,completed
791.852773,10,19.802596,1.0,True,10,0,0,521.7958517074585,628.6808834075928,14.676037216186524,521.7958517074585,completed
529.651314,10,19.810827,1.0,True,10,0,0,571.8065242767334,803.9575481414795,19.14557342529297,571.8065242767334,completed
1071.860402,10,19.818903,1.0,True,10,0,0,497.37789726257324,554.2169742584229,9.253709411621093,497.37789726257324,completed
484.786558,10,19.828126,1.0,True,10,0,0,436.8586654663086,640.3728771209717,33.18440389633179,436.8586654663086,completed
243.481645,10,19.836118,1.0,True,10,0,0,579.9019546508789,858.888240814209,28.94000587463379,579.9019546508789,completed
566.30444,10,19.843768,1.0,True,10,0,0,439.17440128326416,729.9967575073242,24.109724283218384,439.17440128326416,completed
656.585352,10,19.852824,1.0,True,10,0,0,400.73896312713623,607.3780326843262,28.742771720886232,400.73896312713623,completed
576.115291,10,19.86384,1.0,True,10,0,0,562.5530648231506,712.40221118927,20.88552188873291,562.5530648231506,completed
759.391808,10,19.8718,1.0,True,10,0,0,447.8789463043213,616.8541431427002,20.417063331604005,447.8789463043213,completed
1233.859726,10,19.879445,1.0,True,10,0,0,425.80620884895325,465.77044916152954,9.415452718734741,425.80620884895325,completed
617.562461,10,19.887016,1.0,True,10,0,0,485.32680892944336,600.6540946960449,27.27609748840332,485.32680892944336,completed
198.627987,10,19.894579,1.0,True,10,0,0,501.96286392211914,804.8134727478027,37.744973754882814,501.96286392211914,completed
247.417643,10,19.902288,1.0,True,10,0,0,471.27491188049316,691.4659328460693,38.71024417877197,471.27491188049316,completed
1031.054955,10,19.911449,1.0,True,10,0,0,366.0896911621094,525.859733581543,16.792276191711426,366.0896911621094,completed
530.289406,10,19.919408,1.0,True,10,0,0,474.37395095825195,671.806755065918,28.054939651489256,474.37395095825195,completed
410.467989,10,19.927359,1.0,True,10,0,0,574.8204154968262,878.0579261779785,19.68880214691162,574.8204154968262,completed
447.862878,10,19.935427,1.0,True,10,0,0,445.80543327331543,726.0370979309082,30.050652694702148,445.80543327331543,completed
550.399813,10,19.943545,1.0,True,10,0,0,570.434775352478,685.6750011444092,23.404841041564943,570.434775352478,completed
1198.901419,10,19.951693,1.0,True,10,0,0,392.37426137924194,490.00795316696167,10.833263778686524,392.37426137924194,completed
921.039079,10,19.959066,1.0,True,10,0,0,546.1922740936279,609.3028507232666,9.800621032714844,546.1922740936279,completed
530.16762,10,19.966612,1.0,True,10,0,0,481.2195243835449,572.3683433532715,33.32477436065674,481.2195243835449,completed
938.54597,10,19.974118,1.0,True,10,0,0,475.3380641937256,545.8085918426514,14.543087005615234,475.3380641937256,completed
707.051366,10,19.982211,1.0,True,10,0,0,458.395938873291,601.1691932678223,23.581247901916505,458.395938873291,completed
550.534077,10,19.989899,1.0,True,10,0,0,470.57154083251953,630.6221122741699,29.421933746337892,470.57154083251953,completed
790.021183,10,19.997452,1.0,True,10,0,0,475.5098543167114,641.4304065704346,19.20497283935547,475.5098543167114,completed
439.676951,10,20.005269,1.0,True,10,0,0,522.4937763214111,901.55837059021,18.505628776550292,522.4937763214111,completed
604.614396,10,20.013583,1.0,True,10,0,0,434.41526985168457,569.0484580993652,31.189156913757323,434.41526985168457,completed
57.854333,10,20.023338,1.0,True,10,0,0,471.9592533111572,811.5306606292725,42.81431941986084,471.9592533111572,completed
-241.736551,10,20.031323,1.0,True,10,0,0,512.9249401092529,907.7719497680664,51.27162208557129,512.9249401092529,completed
170.814619,10,20.038801,1.0,True,10,0,0,536.6417217254639,774.8601875305176,35.992707061767575,536.6417217254639,completed
467.877884,10,20.046361,1.0,True,10,0,0,495.24496269226074,669.7838821411133,30.66064338684082,495.24496269226074,completed
772.223067,10,20.053737,1.0,True,10,0,0,475.9806513786316,526.4888391494751,25.152540969848634,475.9806513786316,completed
479.724999,10,20.061395,1.0,True,10,0,0,634.3891916275024,647.3299465179443,27.12892723083496,634.3891916275024,completed
734.518,10,20.069159,1.0,True,10,0,0,406.98878955841064,560.1021203994751,23.508819675445558,406.98878955841064,completed
516.725607,10,20.076784,1.0,True,10,0,0,554.7347774505615,703.439769744873,24.582489013671875,554.7347774505615,completed
802.818612,10,20.084277,1.0,True,10,0,0,429.6933307647705,632.5297946929932,17.92913074493408,429.6933307647705,completed
590.257043,10,20.091605,1.0,True,10,0,0,488.4088764190674,598.390251159668,26.17341775894165,488.4088764190674,completed
930.340028,10,20.098865,1.0,True,10,0,0,450.5077905654907,522.6661338806152,16.9711275100708,450.5077905654907,completed
18.412136,10,20.106614,1.0,True,10,0,0,734.111536026001,879.1212787628174,31.954376792907716,734.111536026001,completed
144.616246,10,20.114362,1.0,True,10,0,0,582.1850910186768,819.2662353515625,33.49399204254151,582.1850910186768,completed
-17.882431,10,20.122429,1.0,True,10,0,0,642.003963470459,935.9626350402832,35.90605773925781,642.003963470459,completed
620.425771,10,20.12987,1.0,True,10,0,0,464.06223583221436,594.4981670379639,28.10944519042969,464.06223583221436,completed
846.443498,10,20.137328,1.0,True,10,0,0,484.58269786834717,562.029149055481,17.978740978240968,484.58269786834717,completed
381.603835,10,20.145245,1.0,True,10,0,0,571.7383823394775,797.9994010925293,25.62768974304199,571.7383823394775,completed
557.228993,10,20.153257,1.0,True,10,0,0,548.6689281463623,548.6689281463623,30.00169143676758,548.6689281463623,completed
66.346687,10,20.162017,1.0,True,10,0,0,560.5868911743164,746.795280456543,42.04131851196289,560.5868911743164,completed
261.005348,10,20.170115,1.0,True,10,0,0,618.6764602661133,889.7814865112305,25.201457023620605,618.6764602661133,completed
-18.750524,10,20.177747,1.0,True,10,0,0,639.2879791259766,833.6833000183105,39.15630531311035,639.2879791259766,completed
408.590826,10,20.188335,1.0,True,10,0,0,552.1580429077148,734.4663925170898,29.610065841674803,552.1580429077148,completed
563.1312,10,20.197328,1.0,True,10,0,0,581.1153964996338,699.1107940673828,20.45888442993164,581.1153964996338,completed
461.644046,10,20.205177,1.0,True,10,0,0,522.3297271728516,655.406063079834,28.450572395324706,522.3297271728516,completed
871.124928,10,20.213911,1.0,True,10,0,0,396.792932510376,557.0287532806396,19.6533842086792,396.792932510376,completed
178.902652,10,20.222309,1.0,True,10,0,0,583.1990900039673,719.9513931274414,38.46156806945801,583.1990900039673,completed
1012.521319,10,20.230098,1.0,True,10,0,0,428.614541053772,470.3348026275635,15.14708366394043,428.614541053772,completed
243.9745,10,20.238236,1.0,True,10,0,0,620.7076721191406,786.6435089111328,30.41465187072754,620.7076721191406,completed
850.17874,10,20.246212,1.0,True,10,0,0,435.06587409973145,521.2888832092285,24.018198204040527,435.06587409973145,completed
374.964592,10,20.254385,1.0,True,10,0,0,560.6928901672363,695.9117012023926,30.655840110778808,560.6928901672363,completed
-48.519561,10,20.262181,1.0,True,10,0,0,568.7101707458496,854.6654834747314,42.85807132720947,568.7101707458496,completed
1045.087644,10,20.269436,1.0,True,10,0,0,469.53529024124146,649.8368043899536,4.918534851074218,469.53529024124146,completed
379.151749,10,20.277581,1.0,True,10,0,0,506.85139083862305,688.4090766906738,31.22437162399292,506.85139083862305,completed
478.680191,10,20.285228,1.0,True,10,0,0,577.4488620758057,642.9208354949951,26.63187861442566,577.4488620758057,completed
1194.959154,10,20.292821,1.0,True,10,0,0,393.61274695396423,472.02982878685,10.732019329071045,393.61274695396423,completed
407.204323,10,20.300441,1.0,True,10,0,0,599.8104972839355,760.4876022338867,25.568650817871095,599.8104972839355,completed
1388.694474,10,20.308281,1.0,True,10,0,0,320.5924406051636,406.2233419418335,6.8552192687988285,320.5924406051636,completed
112.190091,10,20.315924,1.0,True,10,0,0,634.1406888961792,801.3882265090942,35.78992233276367,634.1406888961792,completed
420.228333,10,20.323883,1.0,True,10,0,0,460.6640338897705,698.9588661193848,31.225924682617187,460.6640338897705,completed
341.084808,10,20.331548,1.0,True,10,0,0,575.6921005249023,690.5326652526855,32.19569997787475,575.6921005249023,completed
-39.703449,10,20.339973,1.0,True,10,0,0,629.7918510437012,795.2780914306641,42.60112190246582,629.7918510437012,completed
-174.787909,10,20.348041,1.0,True,10,0,0,686.6466484069824,839.6336860656738,46.4601432800293,686.6466484069824,completed
1018.151585,10,20.356298,1.0,True,10,0,0,426.5713415145874,503.46659660339355,14.354617691040039,426.5713415145874,completed
290.580279,10,20.364345,1.0,True,10,0,0,593.3943977355957,727.4791450500488,29.657801151275635,593.3943977355957,completed
189.823152,10,20.371992,1.0,True,10,0,0,533.5998020172119,751.7235431671143,36.40605344772339,533.5998020172119,completed
920.251358,10,20.379867,1.0,True,10,0,0,420.99779415130615,535.8504018783569,18.885726165771484,420.99779415130615,completed
760.763957,10,20.387448,1.0,True,10,0,0,490.00600242614746,598.6253566741943,20.087227439880373,490.00600242614746,completed
1098.667341,10,20.394707,1.0,True,10,0,0,382.5915946960449,421.1408443450928,16.17613868713379,382.5915946960449,completed
655.842764,10,20.402446,1.0,True,10,0,0,495.6363534927368,626.1243915557861,23.651929664611817,495.6363534927368,completed
878.496592,10,20.409839,1.0,True,10,0,0,480.5937271118164,480.5937271118164,20.97470359802246,480.5937271118164,completed
404.198516,10,20.417558,1.0,True,10,0,0,547.6045122146606,701.3024616241455,30.540303421020507,547.6045122146606,completed
104.981011,10,20.425119,1.0,True,10,0,0,598.121563911438,694.5580339431763,44.35661067962646,598.121563911438,completed
576.843195,10,20.432817,1.0,True,10,0,0,543.5797309875488,577.9216575622559,27.56475715637207,543.5797309875488,completed
1104.314956,10,20.440344,1.0,True,10,0,0,391.57775592803955,461.2932815551758,15.915789031982422,391.57775592803955,completed
757.551598,10,20.448372,1.0,True,10,0,0,548.9814510345459,548.9814510345459,22.458996772766113,548.9814510345459,completed
757.874506,10,20.456304,1.0,True,10,0,0,490.7847137451172,581.1594867706299,21.16896152496338,490.7847137451172,completed
249.191096,10,20.464033,1.0,True,10,0,0,551.5219912528992,710.5625410079956,36.413845729827884,551.5219912528992,completed
187.247285,10,20.471776,1.0,True,10,0,0,474.0895118713379,774.9905014038086,37.0404727935791,474.0895118713379,completed
570.476284,10,20.479369,1.0,True,10,0,0,569.9366073608398,674.251708984375,24.294243574142456,569.9366073608398,completed
697.741839,10,20.487172,1.0,True,10,0,0,617.9606990814209,638.4701251983643,19.708230209350585,617.9606990814209,completed
673.199595,10,20.494933,1.0,True,10,0,0,501.57135105133057,659.7174320220947,23.258420944213867,501.57135105133057,completed
165.113613,10,20.504839,1.0,True,10,0,0,486.5627555847168,840.7376651763916,35.40686511993408,486.5627555847168,completed
1150.208445,10,20.512168,1.0,True,10,0,0,409.10167503356934,515.762414932251,10.099594688415527,409.10167503356934,completed
267.82309,10,20.519589,1.0,True,10,0,0,526.0870542526245,785.4706439971924,32.12534847259521,526.0870542526245,completed
455.897538,10,20.528709,1.0,True,10,0,0,556.8421955108643,688.316780090332,25.892434310913085,556.8421955108643,completed
1070.188597,10,20.537062,1.0,True,10,0,0,466.2730369567871,506.44939041137695,10.397662544250489,466.2730369567871,completed
703.116966,10,20.54731,1.0,True,10,0,0,548.6033000946045,677.5217571258545,19.372356033325197,548.6033000946045,completed
178.220794,10,20.554953,1.0,True,10,0,0,585.924690246582,746.3903560638428,38.20974998474121,585.924690246582,completed
811.341134,10,20.563319,1.0,True,10,0,0,408.69697761535645,644.284839630127,18.736367797851564,408.69697761535645,completed
221.70977,10,20.570796,1.0,True,10,0,0,572.5690641403198,731.4844417572021,36.005795288085935,572.5690641403198,completed
756.431625,10,20.578766,1.0,True,10,0,0,540.4084920883179,643.7251796722412,15.061279106140137,540.4084920883179,completed
80.97543,10,20.586854,1.0,True,10,0,0,712.8895072937012,834.4871997833252,34.41774730682373,712.8895072937012,completed
129.82865,10,20.595044,1.0,True,10,0,0,527.8142509460449,804.5624504089355,40.42320518493652,527.8142509460449,completed
-253.032721,10,20.602661,1.0,True,10,0,0,722.7563037872314,836.1608695983887,48.23009910583496,722.7563037872314,completed
353.470805,10,20.610606,1.0,True,10,0,0,645.9024868011475,715.5530986785889,29.34396469593048,645.9024868011475,completed
862.79386,10,20.617964,1.0,True,10,0,0,532.9148225784302,603.2350101470947,15.944936752319336,532.9148225784302,completed
459.240603,10,20.625666,1.0,True,10,0,0,510.73479557037354,684.8433408737183,29.799542236328126,510.73479557037354,completed
108.570715,10,20.633433,1.0,True,10,0,0,583.2260723114014,966.5731925964355,30.913156509399414,583.2260723114014,completed
1069.946576,10,20.640985,1.0,True,10,0,0,372.8239097595215,482.39588165283203,13.286180400848389,372.8239097595215,completed
12.592975,10,20.648646,1.0,True,10,0,0,736.3943023681641,736.3943023681641,41.27683553695679,736.3943023681641,completed
420.969285,10,20.65631,1.0,True,10,0,0,667.2700347900391,752.7523498535156,23.282055473327638,667.2700347900391,completed
970.95289,10,20.664223,1.0,True,10,0,0,461.8125295639038,634.7708873748779,12.185580825805664,461.8125295639038,completed
367.760319,10,20.671631,1.0,True,10,0,0,584.2179088592529,717.6163177490234,27.86654930114746,584.2179088592529,completed
897.492261,10,20.679218,1.0,True,10,0,0,479.48344802856445,626.4437217712402,13.286478805541993,479.48344802856445,completed
-258.128284,10,20.687315,1.0,True,10,0,0,564.6103916168213,875.4942359924316,49.81591949462891,564.6103916168213,completed
-95.719015,10,20.695036,1.0,True,10,0,0,588.1536731719971,829.8423748016357,43.50000991821289,588.1536731719971,completed
-65.802395,10,20.702314,1.0,True,10,0,0,630.2615985870361,839.2319145202637,40.22451648712158,630.2615985870361,completed
522.879826,10,20.710362,1.0,True,10,0,0,548.8971481323242,856.6597557067871,17.272807693481447,548.8971481323242,completed
676.040055,10,20.718225,1.0,True,10,0,0,408.8135061264038,670.8051166534424,25.289310646057128,408.8135061264038,completed
1240.208834,10,20.726233,1.0,True,10,0,0,428.84851837158203,473.9475975036621,7.306984901428223,428.84851837158203,completed
516.939403,10,20.733843,1.0,True,10,0,0,449.4832878112793,633.1689071655273,31.594241333007812,449.4832878112793,completed
662.642486,10,20.741426,1.0,True,10,0,0,478.08563232421875,642.9366722106934,22.913789749145508,478.08563232421875,completed
166.506952,10,20.749021,1.0,True,10,0,0,592.7287731170654,732.5440998077393,38.1028636932373,592.7287731170654,completed
-394.198143,10,20.756526,1.0,True,10,0,0,859.6107330322266,1196.7122039794922,32.602413940429685,859.6107330322266,completed
1303.301624,10,20.763747,1.0,True,10,0,0,276.5221071243286,360.69570446014404,13.700991821289062,276.5221071243286,completed
123.368188,10,20.771374,1.0,True,10,0,0,545.7163619995117,732.3625793457031,39.180157852172854,545.7163619995117,completed
205.370041,10,20.778909,1.0,True,10,0,0,449.8177652359009,685.301420211792,43.04538688659668,449.8177652359009,completed
667.974829,10,20.786734,1.0,True,10,0,0,548.5236368179321,708.5391521453857,18.175896072387694,548.5236368179321,completed
734.508419,10,20.794212,1.0,True,10,0,0,492.812970161438,694.5601482391357,18.539381790161134,492.812970161438,completed
174.655872,10,20.801818,1.0,True,10,0,0,567.5635681152344,821.6769714355469,32.298065948486325,567.5635681152344,completed
278.692386,10,20.809523,1.0,True,10,0,0,531.1993560791016,735.9419136047363,34.15259475708008,531.1993560791016,completed
536.368385,10,20.817617,1.0,True,10,0,0,591.0873718261719,737.3668785095215,20.64378128051758,591.0873718261719,completed
721.558011,10,20.825178,1.0,True,10,0,0,490.48136711120605,615.7634601593018,21.0906681060791,490.48136711120605,completed
840.945312,10,20.832702,1.0,True,10,0,0,499.17215728759766,591.7648334503174,18.680503845214844,499.17215728759766,completed
308.489388,10,20.840401,1.0,True,10,0,0,663.6790161132812,744.4687080383301,26.969381189346315,663.6790161132812,completed
416.927671,10,20.848359,1.0,True,10,0,0,613.9501876831055,793.4044342041016,22.847866916656493,613.9501876831055,completed
-303.816982,10,20.856144,1.0,True,10,0,0,662.2761688232422,932.8610382080078,48.51520690917969,662.2761688232422,completed
568.829005,10,20.863902,1.0,True,10,0,0,496.3319854736328,719.3958530426025,24.10181827545166,496.3319854736328,completed
1225.125084,10,20.871784,1.0,True,10,0,0,355.3101415634155,457.1543674468994,11.190951347351074,355.3101415634155,completed
12.618679,10,20.879322,1.0,True,10,0,0,629.8507461547852,851.9689750671387,38.11525001525879,629.8507461547852,completed
514.0294,10,20.887253,1.0,True,10,0,0,517.5271129608154,606.45774269104,29.917540740966796,517.5271129608154,completed
413.325566,10,20.895011,1.0,True,10,0,0,601.4935083389282,670.279993057251,30.173516845703126,601.4935083389282,completed
757.27134,10,20.902715,1.0,True,10,0,0,447.42444610595703,574.6029472351074,21.6105375289917,447.42444610595703,completed
1340.88285,10,20.910884,1.0,True,10,0,0,390.54962062835693,439.8838367462158,5.295757865905761,390.54962062835693,completed
817.54513,10,20.918631,1.0,True,10,0,0,469.9249782562256,594.2330894470215,18.092174243927,469.9249782562256,completed
384.391148,10,20.926089,1.0,True,10,0,0,403.7587032318115,619.6965198516846,39.0843729019165,403.7587032318115,completed
75.752952,10,20.933987,1.0,True,10,0,0,649.095874786377,1097.6879196166992,23.36664056777954,649.095874786377,completed
611.1454,10,20.941446,1.0,True,10,0,0,475.6769542694092,554.584394454956,27.920279693603515,475.6769542694092,completed
931.01946,10,20.948715,1.0,True,10,0,0,418.9066867828369,483.2876377105713,21.301006317138672,418.9066867828369,completed
336.895427,10,20.956273,1.0,True,10,0,0,516.3734111785889,770.865909576416,32.266401290893555,516.3734111785889,completed
509.587805,10,20.963949,1.0,True,10,0,0,506.28429794311523,589.6908340454102,31.399084949493407,506.28429794311523,completed
291.065757,10,20.971638,1.0,True,10,0,0,520.8348054885864,688.6377859115601,37.69658975601196,520.8348054885864,completed
299.68233,10,20.979086,1.0,True,10,0,0,548.9109687805176,740.4420928955078,33.574239349365236,548.9109687805176,completed
1044.118005,10,20.986676,1.0,True,10,0,0,432.14799404144287,524.1553964614868,11.751113128662109,432.14799404144287,completed
-232.646375,10,20.994587,1.0,True,10,0,0,673.8856048583984,920.8667907714844,45.26807708740235,673.8856048583984,completed
718.967372,10,21.001775,1.0,True,10,0,0,460.0814895629883,773.0044555664062,12.233941650390625,460.0814895629883,completed
773.935942,10,21.009371,1.0,True,10,0,0,419.15724515914917,560.8674421310425,26.13077621459961,419.15724515914917,completed
919.551683,10,21.017182,1.0,True,10,0,0,451.63071060180664,500.05584716796875,19.97042293548584,451.63071060180664,completed
596.545039,10,21.024424,1.0,True,10,0,0,522.6236152648926,610.1858978271484,25.43381519317627,522.6236152648926,completed
-12.990151,10,21.032669,1.0,True,10,0,0,611.3188667297363,859.2640838623047,38.30041694641113,611.3188667297363,completed
-39.416729,10,21.04092,1.0,True,10,0,0,517.5658512115479,786.9168434143066,45.16343450546265,517.5658512115479,completed
510.167915,10,21.048519,1.0,True,10,0,0,490.25186920166016,763.7198448181152,23.52945671081543,490.25186920166016,completed
554.874357,10,21.056482,1.0,True,10,0,0,458.1021366119385,732.3710479736328,25.232810401916502,458.1021366119385,completed
240.444346,10,21.065346,1.0,True,10,0,0,611.1022930145264,744.1071338653564,33.21882152557373,611.1022930145264,completed
233.550446,10,21.073213,1.0,True,10,0,0,606.6578903198242,743.5105285644531,33.72966194152832,606.6578903198242,completed
-59.790779,10,21.081391,1.0,True,10,0,0,608.5410823822021,812.2449073791504,44.55983657836914,608.5410823822021,completed
576.180864,10,21.091619,1.0,True,10,0,0,399.2221965789795,588.2353019714355,32.61134929656983,399.2221965789795,completed
1011.976606,10,21.103907,1.0,True,10,0,0,447.1824240684509,481.16093015670776,16.521845817565918,447.1824240684509,completed
56.145112,10,21.114229,1.0,True,10,0,0,673.9267978668213,841.0178089141846,33.96896095275879,673.9267978668213,completed
1219.134789,10,21.122717,1.0,True,10,0,0,429.8870449066162,484.9458112716675,6.474629592895508,429.8870449066162,completed
618.614826,10,21.130203,1.0,True,10,0,0,589.2655048370361,641.4218807220459,21.863090133666994,589.2655048370361,completed
528.315578,10,21.138039,1.0,True,10,0,0,481.25579261779785,683.0079498291016,28.581110095977785,481.25579261779785,completed
597.535476,10,21.145506,1.0,True,10,0,0,518.4593186378479,729.3153047561646,21.457104873657226,518.4593186378479,completed
605.627697,10,21.153159,1.0,True,10,0,0,608.8832082748413,752.7589321136475,17.050377655029298,608.8832082748413,completed
903.838296,10,22.414327,1.0,True,10,0,0,407.54689836502075,510.44172382354736,22.75738344192505,407.54689836502075,completed
275.217101,10,22.422704,1.0,True,10,0,0,507.0192222595215,850.2551345825195,28.764535903930664,507.0192222595215,completed
-1.731946,10,22.43105,1.0,True,10,0,0,604.2248821258545,779.9224910736084,43.564113807678225,604.2248821258545,completed
496.881237,10,22.440345,1.0,True,10,0,0,624.3193969726562,632.7982215881348,27.37245407104492,624.3193969726562,completed
495.296748,10,22.448413,1.0,True,10,0,0,482.64440155029297,614.6726608276367,31.448834228515626,482.64440155029297,completed
669.768886,10,22.456296,1.0,True,10,0,0,441.47254848480225,557.1715698242188,28.37294292449951,441.47254848480225,completed
1118.651339,10,22.469051,1.0,True,10,0,0,445.466552734375,554.5328559875488,5.954129409790039,445.466552734375,completed
1151.142064,10,22.479174,1.0,True,10,0,0,318.57047897577286,480.1360560655594,13.478299331665038,318.57047897577286,completed
577.375984,10,22.48793,1.0,True,10,0,0,541.2564506530762,699.8659534454346,24.650879859924316,541.2564506530762,completed
767.098024,10,22.496617,1.0,True,10,0,0,364.72847843170166,477.6039180755615,27.68502893447876,364.72847843170166,completed
517.273061,10,22.504408,1.0,True,10,0,0,404.297212600708,578.929313659668,33.416318321228026,404.297212600708,completed
1105.817524,10,22.512692,1.0,True,10,0,0,460.5852041244507,598.9140605926514,7.451294326782227,460.5852041244507,completed
230.064096,10,22.520637,1.0,True,10,0,0,544.0883226394653,739.6054029464722,35.99584836959839,544.0883226394653,completed
1410.165382,10,22.528627,1.0,True,10,0,0,312.7754011154175,436.76512718200684,6.836386871337891,312.7754011154175,completed
902.744571,10,22.537121,1.0,True,10,0,0,459.26722526550293,590.8440418243408,15.588332366943359,459.26722526550293,completed
413.459471,10,22.545812,1.0,True,10,0,0,598.7562789916992,721.8843631744385,26.16069812774658,598.7562789916992,completed
345.850745,10,22.557397,1.0,True,10,0,0,508.00917053222656,811.4799728393555,28.585789108276366,508.00917053222656,completed
55.359435,10,22.566275,1.0,True,10,0,0,714.4600067138672,1037.4326667785645,24.489431381225586,714.4600067138672,completed
312.609458,10,22.574155,1.0,True,10,0,0,537.0513954162598,720.6408920288086,31.872736167907714,537.0513954162598,completed
1164.403454,10,22.582212,1.0,True,10,0,0,396.886754989624,419.2471866607666,12.564629364013673,396.886754989624,completed
849.945794,10,22.590033,1.0,True,10,0,0,444.6049556732178,563.5600967407227,22.66875629425049,444.6049556732178,completed
121.549527,10,22.598013,1.0,True,10,0,0,682.4353637695312,900.3679351806641,27.179226303100585,682.4353637695312,completed
759.129313,10,22.605739,1.0,True,10,0,0,444.62675762176514,555.5317211151123,23.900486946105957,444.62675762176514,completed
861.898237,10,22.613925,1.0,True,10,0,0,364.1352643966675,521.9578609466553,24.273347854614258,364.1352643966675,completed
-58.828882,10,22.621942,1.0,True,10,0,0,571.5757293701172,764.8121147155762,48.229505920410155,571.5757293701172,completed
255.647486,10,22.629783,1.0,True,10,0,0,516.6365928649902,763.1904792785645,35.493051528930664,516.6365928649902,completed
139.102664,10,22.637608,1.0,True,10,0,0,585.0299072265625,759.2223815917969,36.98673858642578,585.0299072265625,completed
567.232888,10,22.645656,1.0,True,10,0,0,578.7813034057617,687.7281227111816,22.19986972808838,578.7813034057617,completed
1174.631008,10,22.653575,1.0,True,10,0,0,408.48112392425537,456.90067863464355,9.634478569030762,408.48112392425537,completed
686.120911,10,22.661391,1.0,True,10,0,0,458.5761833190918,650.4024467468262,21.91453437805176,458.5761833190918,completed
942.517792,10,22.66944,1.0,True,10,0,0,421.86381912231445,478.967342376709,17.124991989135744,421.86381912231445,completed
889.958833,10,22.677605,1.0,True,10,0,0,452.68811893463135,575.2314205169678,17.283686637878418,452.68811893463135,completed
366.326081,10,22.685559,1.0,True,10,0,0,502.0965232849121,780.8610649108887,30.673441696166993,502.0965232849121,completed
606.841772,10,22.693356,1.0,True,10,0,0,477.2041015625,673.8866195678711,24.02802429199219,477.2041015625,completed
985.072353,10,22.700866,1.0,True,10,0,0,449.4197359085083,543.5338726043701,13.119427299499511,449.4197359085083,completed
991.260325,10,22.708982,1.0,True,10,0,0,460.0148935317993,655.7317867279053,7.571288681030273,460.0148935317993,completed
99.144111,10,22.716808,1.0,True,10,0,0,689.869580745697,918.2409300804138,27.09345588684082,689.869580745697,completed
547.605172,10,22.724716,1.0,True,10,0,0,529.696533203125,660.9381637573242,26.127246379852295,529.696533203125,completed
472.32745,10,22.732309,1.0,True,10,0,0,587.1756401062012,704.5405349731445,24.518628883361817,587.1756401062012,completed
458.097585,10,22.740307,1.0,True,10,0,0,566.8398723602295,691.3120403289795,27.81776237487793,566.8398723602295,completed
-255.364438,10,22.748226,1.0,True,10,0,0,785.8900413513184,848.0667037963867,45.797851943969725,785.8900413513184,completed
1196.817871,10,22.756052,1.0,True,10,0,0,377.41112327575684,491.02641105651855,8.830320167541505,377.41112327575684,completed
303.510706,10,22.763733,1.0,True,10,0,0,669.8321743011475,871.1740570068359,25.0649263381958,669.8321743011475,completed
1009.568009,10,22.771593,1.0,True,10,0,0,345.69968032836914,477.3672389984131,16.145411014556885,345.69968032836914,completed
892.811805,10,22.779193,1.0,True,10,0,0,446.31071853637695,591.5391960144043,12.685432434082031,446.31071853637695,completed
514.14658,10,22.788112,1.0,True,10,0,0,545.010534286499,685.8167266845703,25.972434997558594,545.010534286499,completed
599.664987,10,22.797969,1.0,True,10,0,0,505.83990240097046,721.2252073287964,20.924167156219482,505.83990240097046,completed
-936.276199,10,22.80641,1.0,True,10,0,0,816.5741386413574,1129.7050247192383,60.93280944824219,816.5741386413574,completed
250.470675,10,22.814633,1.0,True,10,0,0,599.0181984901428,707.3926191329956,35.09932622909546,599.0181984901428,completed
611.1537,10,22.822721,1.0,True,10,0,0,435.8336296081543,594.9673252105713,28.144103240966796,435.8336296081543,completed
239.426574,10,22.830786,1.0,True,10,0,0,547.4756202697754,690.5822639465332,35.62237815856933,547.4756202697754,completed
714.77097,10,22.838642,1.0,True,10,0,0,479.07976150512695,657.0241260528564,22.002731704711913,479.07976150512695,completed
280.505988,10,22.846672,1.0,True,10,0,0,610.532262802124,821.6298732757568,28.219089698791503,610.532262802124,completed
889.65536,10,22.854699,1.0,True,10,0,0,376.97062492370605,545.7093353271484,18.694099807739256,376.97062492370605,completed
641.199455,10,22.862428,1.0,True,10,0,0,391.745548248291,560.8094272613525,29.843142318725587,391.745548248291,completed
276.754805,10,22.870517,1.0,True,10,0,0,485.5526313781738,746.1588706970215,35.0569429397583,485.5526313781738,completed
875.817933,10,22.878017,1.0,True,10,0,0,452.9980821609497,585.6297245025635,17.409526062011718,452.9980821609497,completed
322.803643,10,22.885966,1.0,True,10,0,0,499.9192867279053,830.4633293151855,30.186756134033203,499.9192867279053,completed
942.786575,10,22.89379,1.0,True,10,0,0,342.12687492370605,527.2488479614258,19.348178374767304,342.12687492370605,completed
1009.115926,10,22.901965,1.0,True,10,0,0,454.18019104003906,627.5899105072021,10.901352882385254,454.18019104003906,completed
465.622667,10,22.911143,1.0,True,10,0,0,561.139684677124,716.0421981811523,25.0023551940918,561.139684677124,completed
1005.045263,10,22.919878,1.0,True,10,0,0,386.1852960586548,521.5955066680908,15.224425125122071,386.1852960586548,completed
756.177389,10,22.928158,1.0,True,10,0,0,460.1622791290283,693.7295265197754,18.481138229370117,460.1622791290283,completed
620.444046,10,22.93651,1.0,True,10,0,0,488.21775817871094,683.7638664245605,22.47425231933594,488.21775817871094,completed
359.593139,10,22.944234,1.0,True,10,0,0,527.9675855636597,678.4313488006592,34.617591285705565,527.9675855636597,completed
1087.828275,10,22.951928,1.0,True,10,0,0,409.9388437271118,585.1700792312622,8.126066589355469,409.9388437271118,completed
1060.392818,10,22.959869,1.0,True,10,0,0,381.754310131073,500.4076428413391,16.255309438705446,381.754310131073,completed
410.553377,10,22.967589,1.0,True,10,0,0,603.736629486084,860.2637710571289,19.795724868774414,603.736629486084,completed
1036.633486,10,22.975361,1.0,True,10,0,0,376.0356502532959,540.0059604644775,15.436928367614746,376.0356502532959,completed
1161.033608,10,22.983792,1.0,True,10,0,0,463.50342750549316,567.1374492645264,5.1006570816040036,463.50342750549316,completed
-571.292481,10,22.991744,1.0,True,10,0,0,760.3010063171387,950.5857276916504,57.973378849029544,760.3010063171387,completed
1205.065891,10,22.999508,1.0,True,10,0,0,374.8102836608887,474.8983516693115,10.632987594604492,374.8102836608887,completed
-575.369577,10,23.007808,1.0,True,10,0,0,736.1972255706787,902.9700546264648,59.01920909881592,736.1972255706787,completed
470.925857,10,23.01644,1.0,True,10,0,0,617.3272438049316,669.4836196899414,24.36229076385498,617.3272438049316,completed
232.248381,10,23.02565,1.0,True,10,0,0,532.5977268218994,736.5351390838623,38.90021648406982,532.5977268218994,completed
927.106258,10,23.038246,1.0,True,10,0,0,468.367702960968,620.4393396377563,13.719492340087891,468.367702960968,completed
625.949727,10,23.054309,1.0,True,10,0,0,410.45962381362915,644.5917062759399,26.68618106842041,410.45962381362915,completed
833.220107,10,23.066028,1.0,True,10,0,0,489.25242805480957,559.4692478179932,19.890613174438478,489.25242805480957,completed
257.011511,10,23.074945,1.0,True,10,0,0,632.8793215751648,782.5370855331421,30.873505115509033,632.8793215751648,completed
-76.54856,10,23.083739,1.0,True,10,0,0,508.77617263793945,808.8256721496582,48.57873086929321,508.77617263793945,completed
-193.213694,10,23.09179,1.0,True,10,0,0,530.5149307250977,777.9392967224121,55.45857543945313,530.5149307250977,completed
954.07272,10,23.100935,1.0,True,10,0,0,458.62899589538574,750.9274711608887,5.486483192443847,458.62899589538574,completed
808.06948,10,23.112097,1.0,True,10,0,0,375.93645668029785,597.5146007537842,22.45512924194336,375.93645668029785,completed
833.060869,10,23.123712,1.0,True,10,0,0,456.24183654785156,649.1317176818848,15.957456970214844,456.24183654785156,completed
770.823002,10,23.132093,1.0,True,10,0,0,576.0976295471191,625.5232887268066,16.772140121459962,576.0976295471191,completed
870.447615,10,23.140168,1.0,True,10,0,0,416.856173992157,591.2948865890503,17.200715255737304,416.856173992157,completed
366.006128,10,23.148493,1.0,True,10,0,0,454.4380512237549,636.3012714385986,35.0699821472168,454.4380512237549,completed
378.436185,10,23.156223,1.0,True,10,0,0,560.597562789917,708.754280090332,28.5287784576416,560.597562789917,completed
1068.019817,10,23.164221,1.0,True,10,0,0,436.7692527770996,518.585765838623,13.223714447021484,436.7692527770996,completed
642.653543,10,23.173438,1.0,True,10,0,0,536.1825284957886,725.6265850067139,20.12238483428955,536.1825284957886,completed
465.274297,10,23.18108,1.0,True,10,0,0,577.8574457168579,769.3243417739868,24.087722969055175,577.8574457168579,completed
1098.722881,10,23.189079,1.0,True,10,0,0,419.4185028076172,539.9609603881836,9.783448028564454,419.4185028076172,completed
423.117497,10,23.197715,1.0,True,10,0,0,616.9852418899536,713.9962711334229,25.56477298736572,616.9852418899536,completed
81.420054,10,23.205692,1.0,True,10,0,0,551.8617687225342,763.0607681274414,39.40480198860168,551.8617687225342,completed
909.843704,10,23.214664,1.0,True,10,0,0,458.49082493782043,619.8521800041199,16.161220169067384,458.49082493782043,completed
699.208788,10,23.224598,1.0,True,10,0,0,456.0236415863037,621.9382286071777,24.152248764038085,456.0236415863037,completed
321.145463,10,23.236979,1.0,True,10,0,0,560.8477535247803,703.6894836425781,31.664372634887695,560.8477535247803,completed
860.187684,10,23.247459,1.0,True,10,0,0,432.3301601409912,624.1279716491699,16.693672561645506,432.3301601409912,completed
860.217523,10,23.255924,1.0,True,10,0,0,442.0601215362549,567.2235889434814,18.280022811889648,442.0601215362549,completed
636.948105,10,23.264559,1.0,True,10,0,0,516.3426876068115,642.4780464172363,25.576021575927733,516.3426876068115,completed
796.2311,10,23.273103,1.0,True,10,0,0,474.6655330657959,590.8188896179199,17.95344009399414,474.6655330657959,completed
371.419431,10,23.281254,1.0,True,10,0,0,661.4800281524658,728.7598152160645,24.7528377532959,661.4800281524658,completed
1052.465854,10,23.289269,1.0,True,10,0,0,469.63473653793335,501.9497480392456,12.680429077148437,469.63473653793335,completed
1343.165223,10,23.297257,1.0,True,10,0,0,334.15993881225586,364.6565589904785,8.51082992553711,334.15993881225586,completed
1050.125076,10,23.313796,1.0,True,10,0,0,320.92833137512207,459.54416847229004,19.590966987609864,320.92833137512207,completed
344.025639,10,23.32232,1.0,True,10,0,0,566.1950531005859,733.2680282592773,29.983124923706054,566.1950531005859,completed
143.829383,10,23.331142,1.0,True,10,0,0,581.9898681640625,691.0637245178223,41.8403299331665,581.9898681640625,completed
293.007055,10,23.339164,1.0,True,10,0,0,678.1549816131592,743.9747714996338,27.336385345458986,678.1549816131592,completed
444.125399,10,23.34725,1.0,True,10,0,0,631.2441453933716,766.7164478302002,23.687001037597657,631.2441453933716,completed
564.348873,10,23.35684,1.0,True,10,0,0,530.7388343811035,786.1458396911621,20.872370147705077,530.7388343811035,completed
885.64767,10,23.369065,1.0,True,10,0,0,483.11048889160156,501.237247467041,19.406253242492674,483.11048889160156,completed
1166.236485,10,23.377979,1.0,True,10,0,0,337.20437145233154,465.58177375793457,14.215047073364257,337.20437145233154,completed
655.291249,10,23.386834,1.0,True,10,0,0,465.17311668395996,675.0718097686768,20.65129451751709,465.17311668395996,completed
763.893385,10,23.395183,1.0,True,10,0,0,427.35071182250977,681.5923080444336,19.74723243713379,427.35071182250977,completed
700.711779,10,23.40314,1.0,True,10,0,0,554.9122371673584,650.6183528900146,20.78303451538086,554.9122371673584,completed
832.144755,10,23.41158,1.0,True,10,0,0,504.7250642776489,552.3141136169434,19.873734092712404,504.7250642776489,completed
-133.513047,10,23.420179,1.0,True,10,0,0,600.3759365081787,798.3561897277832,46.75478382110596,600.3759365081787,completed
575.349208,10,23.428789,1.0,True,10,0,0,501.76585578918457,626.9440383911133,26.197641801834106,501.76585578918457,completed
676.712393,10,23.436742,1.0,True,10,0,0,382.1933784484863,593.1790256500244,29.073732566833495,382.1933784484863,completed
214.07647,10,23.445168,1.0,True,10,0,0,602.3526420593262,945.7726745605469,23.70810012817383,602.3526420593262,completed
-82.197294,10,23.453065,1.0,True,10,0,0,667.8021030426025,822.9899311065674,42.061355400085446,667.8021030426025,completed
23.113578,10,23.461407,1.0,True,10,0,0,667.6265335083008,839.7716598510742,35.87808380126953,667.6265335083008,completed
636.659486,10,23.469617,1.0,True,10,0,0,494.7495131492615,758.653510093689,17.348597240447997,494.7495131492615,completed
1010.622644,10,23.478221,1.0,True,10,0,0,407.660044670105,450.00855827331543,18.23859577178955,407.660044670105,completed
402.050587,10,23.485788,1.0,True,10,0,0,581.3593606948853,863.2960405349731,23.225407600402832,581.3593606948853,completed
296.839702,10,23.493353,1.0,True,10,0,0,589.0615348815918,827.6811599731445,25.21370506286621,589.0615348815918,completed
653.761102,10,23.501432,1.0,True,10,0,0,544.3598036766052,551.763503074646,26.38415813446045,544.3598036766052,completed
1414.709408,10,23.509162,1.0,True,10,0,0,372.89674377441406,454.58599281311035,3.8253976821899416,372.89674377441406,completed
208.867575,10,23.517794,1.0,True,10,0,0,501.3482093811035,726.8367691040039,37.790152645111085,501.3482093811035,completed
823.118517,10,23.525482,1.0,True,10,0,0,433.73812532424927,573.7543306350708,20.02544221878052,433.73812532424927,completed
-173.590553,10,23.533429,1.0,True,10,0,0,733.7205905914307,890.5636100769043,42.18691139221191,733.7205905914307,completed
239.504509,10,23.541362,1.0,True,10,0,0,563.8934574127197,694.4662895202637,37.41232490539551,563.8934574127197,completed
-181.830797,10,23.558935,1.0,True,10,0,0,826.7282390594482,1106.367763519287,30.43946566581726,826.7282390594482,completed
108.697212,10,23.571003,1.0,True,10,0,0,537.1676453351974,743.8719155788422,43.28715467453003,537.1676453351974,completed
1119.29898,10,23.580123,1.0,True,10,0,0,500.1676788330078,540.7366409301758,7.539505386352539,500.1676788330078,completed
1233.085493,10,23.589576,1.0,True,10,0,0,354.7337398529053,496.8821907043457,8.625192642211914,354.7337398529053,completed
937.94652,10,23.599198,1.0,True,10,0,0,474.71369457244873,567.6591958999634,12.140007400512696,474.71369457244873,completed
-402.45136,10,23.609376,1.0,True,10,0,0,772.5222663879395,1015.6589012145996,43.085660457611084,772.5222663879395,completed
1350.51975,10,23.619408,1.0,True,10,0,0,348.32899475097656,383.30374813079834,7.9424365043640135,348.32899475097656,completed
656.77251,10,23.628536,1.0,True,10,0,0,479.6544818878174,621.1970539093018,24.355902099609374,479.6544818878174,completed
643.72607,10,23.637195,1.0,True,10,0,0,453.5714687407017,639.8719986081123,23.513592529296876,453.5714687407017,completed
598.782305,10,23.64595,1.0,True,10,0,0,524.9906921386719,594.862190246582,23.593743515014648,524.9906921386719,completed
508.433358,10,23.654764,1.0,True,10,0,0,643.8247985839844,938.0414962768555,11.921305847167968,643.8247985839844,completed
885.01352,10,23.663205,1.0,True,10,0,0,465.009952545166,654.062442779541,12.825591087341309,465.009952545166,completed
1243.283874,10,23.671846,1.0,True,10,0,0,424.1482982635498,547.2704429626465,4.511483001708984,424.1482982635498,completed
332.086062,10,23.680602,1.0,True,10,0,0,582.6149291992188,695.645809173584,32.156729507446286,582.6149291992188,completed
172.023966,10,23.68963,1.0,True,10,0,0,652.0137691497803,758.6398696899414,34.61319580078125,652.0137691497803,completed
412.957378,10,23.700296,1.0,True,10,0,0,462.4157314300537,791.5727348327637,30.19315872192383,462.4157314300537,completed
63.664081,10,23.715856,1.0,True,10,0,0,465.097131729126,827.8009815216064,41.834827995300294,465.097131729126,completed
467.38669,10,23.730351,1.0,True,10,0,0,589.8881893157959,716.563928604126,25.273003768920898,589.8881893157959,completed
1128.007243,10,23.738789,1.0,True,10,0,0,471.803503036499,542.8258266448975,7.8401123046875,471.803503036499,completed
774.811872,10,23.747266,1.0,True,10,0,0,405.3121337890625,550.0695533752441,24.59621696472168,405.3121337890625,completed
1270.191748,10,23.75563,1.0,True,10,0,0,361.81440925598145,405.7480773925781,10.319836044311524,361.81440925598145,completed
1136.903428,10,23.764088,1.0,True,10,0,0,434.51228880882263,504.25284719467163,9.385553359985352,434.51228880882263,completed
361.885099,10,23.772384,1.0,True,10,0,0,477.47593688964844,655.8020553588867,36.01235389709473,477.47593688964844,completed
646.33424,10,23.78032,1.0,True,10,0,0,519.0307712554932,608.97829246521,23.11855878829956,519.0307712554932,completed
610.784286,10,23.788478,1.0,True,10,0,0,594.756591796875,855.3840179443359,12.821966934204102,594.756591796875,completed
1031.22193,10,23.797181,1.0,True,10,0,0,405.6096878051758,502.4840850830078,16.883988189697266,405.6096878051758,completed
462.387924,10,23.809599,1.0,True,10,0,0,653.7284984588623,653.7284984588623,27.063681411743165,653.7284984588623,completed
719.713118,10,23.821076,1.0,True,10,0,0,445.16562271118164,621.2833480834961,23.488791275024415,445.16562271118164,completed
537.923833,10,23.832447,1.0,True,10,0,0,571.6717948913574,663.6348762512207,25.203736305236816,571.6717948913574,completed
88.634509,10,23.843444,1.0,True,10,0,0,608.1137962341309,890.168586730957,32.86558837890625,608.1137962341309,completed
39.176384,10,23.853694,1.0,True,10,0,0,493.33537435531616,832.4634833335876,44.45562796592712,493.33537435531616,completed
455.945832,10,23.865978,1.0,True,10,0,0,566.1086406707764,824.2234306335449,21.88716049194336,566.1086406707764,completed
788.957286,10,23.878069,1.0,True,10,0,0,456.3824701309204,496.0885171890259,24.075793170928954,456.3824701309204,completed
564.636919,10,23.886855,1.0,True,10,0,0,603.3100719451904,818.632396697998,14.394070053100586,603.3100719451904,completed
962.277098,10,23.896639,1.0,True,10,0,0,457.69297981262207,552.507848739624,16.017424011230467,457.69297981262207,completed
363.314869,10,23.908279,1.0,True,10,0,0,523.7839641571045,874.1070938110352,22.54484748840332,523.7839641571045,completed
587.959918,10,23.918435,1.0,True,10,0,0,518.9285316467285,632.2637786865234,27.259640312194826,518.9285316467285,completed
548.344401,10,23.9267,1.0,True,10,0,0,488.6485538482666,658.5156784057617,26.204961013793945,488.6485538482666,completed
558.12179,10,23.934405,1.0,True,10,0,0,438.1415138244629,528.4069862365723,33.13728084564209,438.1415138244629,completed
-115.140651,10,23.942734,1.0,True,10,0,0,569.3292617797852,935.2128143310547,41.74044990539551,569.3292617797852,completed
501.724671,10,23.951165,1.0,True,10,0,0,549.1980476379395,656.4489154815674,29.333134651184082,549.1980476379395,completed
473.13697,10,23.958926,1.0,True,10,0,0,430.870080947876,702.6578769683838,30.520865821838377,430.870080947876,completed
1136.334582,10,23.966983,1.0,True,10,0,0,407.569372177124,491.66709899902344,9.664499282836914,407.569372177124,completed
-219.909714,10,23.97488,1.0,True,10,0,0,617.8713183403015,877.6400365829468,47.439144134521484,617.8713183403015,completed
130.985879,10,23.982978,1.0,True,10,0,0,554.8673305511475,763.3908596038818,39.31818885803223,554.8673305511475,completed
563.562597,10,23.990746,1.0,True,10,0,0,463.75904273986816,652.700439453125,27.760574722290038,463.75904273986816,completed
-272.533376,10,23.999198,1.0,True,10,0,0,678.7298545837402,912.1905517578125,46.3442928314209,678.7298545837402,completed
779.177879,10,24.007002,1.0,True,10,0,0,569.9677906036377,569.9677906036377,18.343843841552733,569.9677906036377,completed
890.410158,10,24.014895,1.0,True,10,0,0,467.1985673904419,548.5374269485474,17.04397659301758,467.1985673904419,completed
-55.395863,10,24.022914,1.0,True,10,0,0,650.3252563476562,908.9350051879883,37.76861019134522,650.3252563476562,completed
-181.627617,10,24.03113,1.0,True,10,0,0,667.0803756713867,854.0364952087402,46.59696235656738,667.0803756713867,completed
-333.859809,10,24.040431,1.0,True,10,0,0,782.5493965148926,958.8165588378906,43.73159780502319,782.5493965148926,completed
799.912274,10,24.048875,1.0,True,10,0,0,390.29117727279663,527.7082052230835,26.271699714660645,390.29117727279663,completed
716.811066,10,24.06167,1.0,True,10,0,0,513.563775062561,539.4648342132568,24.831967544555663,513.563775062561,completed
899.143209,10,24.070367,1.0,True,10,0,0,448.0812358856201,623.4884853363037,16.808535766601562,448.0812358856201,completed
683.636077,10,24.078136,1.0,True,10,0,0,476.49894428253174,610.4417858123779,24.948929595947266,476.49894428253174,completed
989.346065,10,24.086371,1.0,True,10,0,0,428.1783571243286,531.4571475982666,17.957202911376953,428.1783571243286,completed
698.77878,10,24.094378,1.0,True,10,0,0,456.82215309143066,610.1255302429199,23.549492263793944,456.82215309143066,completed
-16.099261,10,24.102024,1.0,True,10,0,0,585.4256801605225,865.7595024108887,40.125419998168944,585.4256801605225,completed
931.428615,10,24.109677,1.0,True,10,0,0,503.9562797546387,567.3659038543701,14.104756164550782,503.9562797546387,completed
223.248656,10,24.117547,1.0,True,10,0,0,599.5308791399002,648.9459669589996,37.15961265563965,599.5308791399002,completed
1184.030232,10,24.125189,1.0,True,10,0,0,340.6546277999878,386.17118072509766,15.089434623718262,340.6546277999878,completed
731.449007,10,24.132949,1.0,True,10,0,0,421.68799781799316,589.5623760223389,24.100979042053222,421.68799781799316,completed
-325.22135,10,24.140609,1.0,True,10,0,0,724.4104385375977,851.0965194702148,49.718445777893066,724.4104385375977,completed
318.422745,10,24.148668,1.0,True,10,0,0,610.9859204292297,801.1519627571106,27.435927200317384,610.9859204292297,completed
635.029904,10,24.156853,1.0,True,10,0,0,545.5496368408203,747.4514713287354,17.772184753417967,545.5496368408203,completed
486.423742,10,24.164992,1.0,True,10,0,0,528.2933444976807,709.6642246246338,26.548480224609374,528.2933444976807,completed
267.557094,10,24.172977,1.0,True,10,0,0,491.918363571167,774.963062286377,33.7416259765625,491.918363571167,completed
674.942551,10,24.180804,1.0,True,10,0,0,437.6487236022949,594.9930419921875,26.148793411254882,437.6487236022949,completed
365.259901,10,24.188514,1.0,True,10,0,0,581.0927066802979,687.8365898132324,30.97321128845215,581.0927066802979,completed
1025.018278,10,24.196377,1.0,True,10,0,0,495.40951919555664,645.1280307769775,7.9047588348388675,495.40951919555664,completed
187.909994,10,24.203848,1.0,True,10,0,0,653.0246200561523,761.2924919128418,34.89267463684082,653.0246200561523,completed
169.594461,10,24.21176,1.0,True,10,0,0,480.10473251342773,890.7797889709473,32.62424659729004,480.10473251342773,completed
545.31937,10,25.403883,1.0,True,10,0,0,475.9689140319824,763.8017692565918,23.445866775512695,475.9689140319824,completed
671.863115,10,25.411722,1.0,True,10,0,0,440.8783435821533,607.6289234161377,26.76090316772461,440.8783435821533,completed
782.039305,10,25.421738,1.0,True,10,0,0,530.3872184753418,655.7862930297852,15.918172073364257,530.3872184753418,completed
868.165598,10,25.431362,1.0,True,10,0,0,452.80848360061646,555.7244672775269,19.44261989593506,452.80848360061646,completed
317.162302,10,25.438898,1.0,True,10,0,0,573.3609485626221,902.4228668212891,25.557798767089842,573.3609485626221,completed
930.604612,10,25.446636,1.0,True,10,0,0,404.0090808868408,516.8109817504883,17.4248929977417,404.0090808868408,completed
1326.223281,10,25.454128,1.0,True,10,0,0,395.8340549468994,430.17598152160645,6.4041353225708,395.8340549468994,completed
722.870718,10,25.461567,1.0,True,10,0,0,448.67109394073486,693.3562068939209,16.761739921569824,448.67109394073486,completed
1046.975904,10,25.469067,1.0,True,10,0,0,430.5675849914551,545.5656089782715,12.978068733215332,430.5675849914551,completed
-98.163211,10,25.476682,1.0,True,10,0,0,687.103925704956,854.9671897888184,41.771847343444826,687.103925704956,completed
583.464024,10,25.484045,1.0,True,10,0,0,512.5894374847412,642.3372707366943,23.370565795898436,512.5894374847412,completed
122.752945,10,25.491457,1.0,True,10,0,0,590.3363246917725,857.7061901092529,34.72842254638672,590.3363246917725,completed
1024.161608,10,25.498921,1.0,True,10,0,0,357.7860178947449,455.13617992401123,20.02584915161133,357.7860178947449,completed
502.660227,10,25.50602,1.0,True,10,0,0,471.9976806640625,639.8719215393066,31.26410255432129,471.9976806640625,completed
589.427742,10,25.513456,1.0,True,10,0,0,479.66282653808594,585.9062690734863,28.41388330459595,479.66282653808594,completed
-27.79005,10,25.52143,1.0,True,10,0,0,515.8843784332275,730.8656730651855,48.965359115600585,515.8843784332275,completed
748.270158,10,25.529399,1.0,True,10,0,0,530.2687120437622,705.5719547271729,16.12197322845459,530.2687120437622,completed
260.713382,10,25.53697,1.0,True,10,0,0,606.8858757019043,743.6481704711914,32.35710525512695,606.8858757019043,completed
439.480507,10,25.544331,1.0,True,10,0,0,606.8910164833069,729.8170876502991,26.679304313659667,606.8910164833069,completed
560.99396,10,25.552274,1.0,True,10,0,0,412.8304214477539,563.1765556335449,33.09067878723145,412.8304214477539,completed
34.725219,10,25.562888,1.0,True,10,0,0,620.369161605835,830.7204513549805,40.96303939819336,620.369161605835,completed
981.164665,10,25.571776,1.0,True,10,0,0,425.7443552017212,538.8600368499756,18.03213405609131,425.7443552017212,completed
1047.141398,10,25.580028,1.0,True,10,0,0,417.23264837265015,545.6266202926636,10.866486549377441,417.23264837265015,completed
1070.94222,10,25.587114,1.0,True,10,0,0,441.67902755737305,561.5858688354492,11.81529541015625,441.67902755737305,completed
-580.217713,10,25.594724,1.0,True,10,0,0,708.354866027832,1103.3052940368652,51.57844848632813,708.354866027832,completed
718.002222,10,25.602377,1.0,True,10,0,0,483.4951114654541,572.0986595153809,23.879609298706054,483.4951114654541,completed
-45.678732,10,25.609647,1.0,True,10,0,0,614.9947357177734,800.7009735107422,41.795541000366214,614.9947357177734,completed
663.927485,10,25.617528,1.0,True,10,0,0,552.158872127533,609.3670282363892,22.47367305755615,552.158872127533,completed
1019.971209,10,25.625354,1.0,True,10,0,0,324.49143981933594,416.5978202819824,20.85381622314453,324.49143981933594,completed
-242.380414,10,25.632722,1.0,True,10,0,0,666.0948314666748,1094.48189163208,36.43967170715332,666.0948314666748,completed
-354.06119,10,25.640441,1.0,True,10,0,0,778.1051635742188,998.3758773803711,42.69923133850098,778.1051635742188,completed
553.31352,10,25.64833,1.0,True,10,0,0,499.79745864868164,591.1584739685059,29.326684188842773,499.79745864868164,completed
805.922661,10,25.655601,1.0,True,10,0,0,530.1791048049927,763.4573678970337,10.05833854675293,530.1791048049927,completed
359.452591,10,25.663021,1.0,True,10,0,0,574.6822052001953,772.1018562316895,28.071302223205567,574.6822052001953,completed
467.926429,10,25.670405,1.0,True,10,0,0,518.5538158416748,671.7370929718018,28.60152397155762,518.5538158416748,completed
1072.952089,10,25.677632,1.0,True,10,0,0,450.7485055923462,450.7485055923462,16.288772583007812,450.7485055923462,completed
532.303286,10,25.685033,1.0,True,10,0,0,364.74085235595703,575.5980262756348,34.034718704223636,364.74085235595703,completed
841.551595,10,25.692636,1.0,True,10,0,0,378.4052882194519,528.3128757476807,20.76305341720581,378.4052882194519,completed
611.04314,10,25.700751,1.0,True,10,0,0,525.1044158935547,668.4075164794922,25.182297134399413,525.1044158935547,completed
152.564969,10,25.709064,1.0,True,10,0,0,524.8428688049316,882.6047668457031,32.58320331573486,524.8428688049316,completed
649.359879,10,25.716438,1.0,True,10,0,0,449.2772045135498,670.3435573577881,24.184794235229493,449.2772045135498,completed
801.309766,10,25.723832,1.0,True,10,0,0,448.1671772003174,529.7992038726807,24.350540161132812,448.1671772003174,completed
847.127159,10,25.730883,1.0,True,10,0,0,377.2303042411804,571.5468506813049,21.891656112670898,377.2303042411804,completed
985.604118,10,25.738152,1.0,True,10,0,0,379.92001724243164,500.7235794067383,16.282396697998045,379.92001724243164,completed
150.865464,10,25.745928,1.0,True,10,0,0,526.892786026001,844.4872055053711,35.95314693450928,526.892786026001,completed
739.734229,10,25.752895,1.0,True,10,0,0,589.1919841766357,656.4939575195312,17.48036136627197,589.1919841766357,completed
848.305182,10,25.760416,1.0,True,10,0,0,407.95483589172363,753.5140190124512,13.402824783325196,407.95483589172363,completed
327.94999,10,25.767627,1.0,True,10,0,0,488.6900243759155,874.9867668151855,25.31752758026123,488.6900243759155,completed
818.822938,10,25.775037,1.0,True,10,0,0,357.0047998428345,515.5994243621826,24.49074077606201,357.0047998428345,completed
211.919121,10,25.782037,1.0,True,10,0,0,634.9987106323242,813.4302825927734,31.365417098999025,634.9987106323242,completed
13.112662,10,25.789301,1.0,True,10,0,0,628.8041248321533,845.9872169494629,37.20094623565674,628.8041248321533,completed
1251.136913,10,25.796691,1.0,True,10,0,0,380.57873821258545,524.6673431396484,6.669088315963745,380.57873821258545,completed
1269.103144,10,25.80428,1.0,True,10,0,0,317.3285574913025,426.3601026535034,11.825180435180664,317.3285574913025,completed
513.862694,10,25.811967,1.0,True,10,0,0,556.0677967071533,767.465799331665,22.41421241760254,556.0677967071533,completed
854.753052,10,25.819174,1.0,True,10,0,0,404.6948547363281,669.9537487030029,15.27404556274414,404.6948547363281,completed
1147.675386,10,25.826731,1.0,True,10,0,0,451.60696244239807,488.399929523468,11.706025695800781,451.60696244239807,completed
877.068062,10,25.834435,1.0,True,10,0,0,469.9526891708374,597.3278226852417,14.944985961914062,469.9526891708374,completed
527.040774,10,25.841827,1.0,True,10,0,0,613.8332204818726,786.4755039215088,18.976811981201173,613.8332204818726,completed
182.237538,10,25.848805,1.0,True,10,0,0,686.1358871459961,763.7816734313965,31.546054458618165,686.1358871459961,completed
958.883716,10,25.856569,1.0,True,10,0,0,456.95984077453613,508.00395584106445,16.156801414489745,456.95984077453613,completed
785.449866,10,25.864115,1.0,True,10,0,0,461.57728385925293,536.7012825012207,23.111617660522462,461.57728385925293,completed
-45.636981,10,25.871514,1.0,True,10,0,0,680.3905544281006,811.7592029571533,40.47337627410889,680.3905544281006,completed
874.767074,10,25.878705,1.0,True,10,0,0,471.2489833831787,518.8127346038818,20.58947639465332,471.2489833831787,completed
449.067029,10,25.886069,1.0,True,10,0,0,523.5076961517334,640.808916091919,31.09692726135254,523.5076961517334,completed
639.824237,10,25.893616,1.0,True,10,0,0,494.2412872314453,657.3278617858887,22.778517150878905,494.2412872314453,completed
1090.881855,10,25.900978,1.0,True,10,0,0,348.7773551940918,394.8183937072754,19.027574920654295,348.7773551940918,completed
402.987866,10,25.908016,1.0,True,10,0,0,582.047004699707,821.098726272583,21.728766632080077,582.047004699707,completed
1375.921645,10,25.915369,1.0,True,10,0,0,425.82308769226074,434.81228828430176,2.7645492553710938,425.82308769226074,completed
830.914842,10,25.922582,1.0,True,10,0,0,509.13226795196533,645.8912868499756,13.406269073486328,509.13226795196533,completed
1284.871147,10,25.929793,1.0,True,10,0,0,361.51844453811646,529.7722706794739,4.023414421081543,361.51844453811646,completed
530.181816,10,25.937195,1.0,True,10,0,0,540.7970161437988,661.7548065185547,26.620484352111816,540.7970161437988,completed
657.831006,10,25.944722,1.0,True,10,0,0,529.0147275924683,674.2630443572998,21.153540420532227,529.0147275924683,completed
416.184236,10,25.952452,1.0,True,10,0,0,513.9447860717773,686.8205833435059,31.747312545776367,513.9447860717773,completed
956.22117,10,25.959824,1.0,True,10,0,0,441.66103076934814,532.8111772537231,17.88449583053589,441.66103076934814,completed
968.298424,10,25.966753,1.0,True,10,0,0,492.2317142486572,571.301233291626,11.146559524536134,492.2317142486572,completed
1049.572465,10,25.973937,1.0,True,10,0,0,426.04181003570557,469.3943758010864,17.17343180179596,426.04181003570557,completed
588.350002,10,25.981098,1.0,True,10,0,0,546.7485632896423,699.8932638168335,22.685913467407225,546.7485632896423,completed
783.556449,10,25.988255,1.0,True,10,0,0,523.0062828063965,656.7412662506104,16.01121940612793,523.0062828063965,completed
166.294772,10,25.99524,1.0,True,10,0,0,672.0641212463379,743.3014717102051,35.14175682067871,672.0641212463379,completed
822.820969,10,26.002762,1.0,True,10,0,0,448.6908760070801,523.6829109191895,23.595665168762206,448.6908760070801,completed
1122.18099,10,26.009763,1.0,True,10,0,0,455.65089988708496,535.9538021087646,8.993964385986327,455.65089988708496,completed
680.534107,10,26.017291,1.0,True,10,0,0,502.128173828125,658.4093170166016,20.446936988830565,502.128173828125,completed
670.855372,10,26.024567,1.0,True,10,0,0,326.4780927300453,506.66985046863556,34.546046829223634,326.4780927300453,completed
1080.677669,10,26.032306,1.0,True,10,0,0,417.48585319519043,454.11072540283203,15.465451049804688,417.48585319519043,completed
647.278345,10,26.039662,1.0,True,10,0,0,597.2365036010742,644.7163543701172,22.509588146209715,597.2365036010742,completed
1106.567532,10,26.047394,1.0,True,10,0,0,345.8465919494629,398.7604293823242,18.11440200805664,345.8465919494629,completed
868.31652,10,26.054772,1.0,True,10,0,0,472.5522508621216,613.2089853286743,14.431112289428711,472.5522508621216,completed
651.081013,10,26.062184,1.0,True,10,0,0,385.04259490966797,563.0223751068115,29.428440856933594,385.04259490966797,completed
-126.903012,10,26.069506,1.0,True,10,0,0,583.4595756530762,815.928882598877,48.465274810791016,583.4595756530762,completed
442.483949,10,26.077254,1.0,True,10,0,0,493.9223937988281,784.1054000854492,28.182333755493165,493.9223937988281,completed
921.63941,10,26.08466,1.0,True,10,0,0,518.1752300262451,589.3974800109863,12.955911207199097,518.1752300262451,completed
961.590645,10,26.092207,1.0,True,10,0,0,425.3318748474121,540.5367851257324,17.680988311767578,425.3318748474121,completed
61.325753,10,26.099788,1.0,True,10,0,0,499.3712959289551,714.4147453308105,48.40976247787476,499.3712959289551,completed
324.811897,10,26.107152,1.0,True,10,0,0,519.56862449646,732.994026184082,31.107674980163573,519.56862449646,completed
620.272289,10,26.114915,1.0,True,10,0,0,525.606969833374,644.5621109008789,23.517260360717774,525.606969833374,completed
918.567836,10,26.122451,1.0,True,10,0,0,418.9608647823334,695.8617224693298,10.230387544631958,418.9608647823334,completed
898.855509,10,26.12993,1.0,True,10,0,0,536.9887580871582,613.4145526885986,12.209761428833009,536.9887580871582,completed
-103.24809,10,26.137086,1.0,True,10,0,0,593.5420665740967,1039.3968563079834,34.68931541442871,593.5420665740967,completed
616.634751,10,26.144808,1.0,True,10,0,0,582.9456043243408,726.1168060302734,17.493470001220704,582.9456043243408,completed
734.225134,10,26.152586,1.0,True,10,0,0,571.5318088531494,716.9061546325684,13.712950515747071,571.5318088531494,completed
-195.075632,10,26.159586,1.0,True,10,0,0,529.7798442840576,820.3289375305176,51.99229469299316,529.7798442840576,completed
173.310411,10,26.167528,1.0,True,10,0,0,498.68205070495605,690.9221134185791,40.37330169677735,498.68205070495605,completed
1025.418221,10,26.175284,1.0,True,10,0,0,473.61738872528076,573.2138576507568,12.493805122375488,473.61738872528076,completed
301.861587,10,26.18245,1.0,True,10,0,0,578.4273295402527,693.7496562004089,33.89786968231201,578.4273295402527,completed
-97.899829,10,26.190032,1.0,True,10,0,0,554.0621643066406,826.572021484375,47.31166534423828,554.0621643066406,completed
472.520558,10,26.197918,1.0,True,10,0,0,509.1633071899414,713.5537452697754,30.1036169052124,509.1633071899414,completed
618.781678,10,26.205313,1.0,True,10,0,0,378.1028289794922,613.0405464172363,27.25060119628906,378.1028289794922,completed
719.010069,10,26.212827,1.0,True,10,0,0,488.5134086608887,612.1001052856445,23.978588485717772,488.5134086608887,completed
-213.866688,10,26.220561,1.0,True,10,0,0,771.7191429138184,990.0489883422852,36.33906574249268,771.7191429138184,completed
814.658292,10,26.227686,1.0,True,10,0,0,443.2120518684387,555.7805795669556,22.40279197692871,443.2120518684387,completed
1088.496477,10,26.235331,1.0,True,10,0,0,363.70721197128296,467.7299757003784,15.938811111450196,363.70721197128296,completed
556.652858,10,26.242978,1.0,True,10,0,0,458.28840255737305,630.1201705932617,28.262095642089843,458.28840255737305,completed
620.361,10,26.2505,1.0,True,10,0,0,461.0424165725708,672.1628818511963,25.181719017028808,461.0424165725708,completed
613.088121,10,26.258053,1.0,True,10,0,0,508.21027088165283,597.000280380249,28.264270401000978,508.21027088165283,completed
844.780648,10,26.265025,1.0,True,10,0,0,505.0317096710205,557.0928153991699,16.46991147994995,505.0317096710205,completed
1065.618553,10,26.272237,1.0,True,10,0,0,387.5780076980591,466.8668899536133,15.164053153991699,387.5780076980591,completed
598.245854,10,26.279956,1.0,True,10,0,0,477.76381492614746,636.7316265106201,26.484553384780884,477.76381492614746,completed
742.103044,10,26.287503,1.0,True,10,0,0,524.590410232544,615.776330947876,19.039437294006348,524.590410232544,completed
439.261349,10,26.29468,1.0,True,10,0,0,541.7508497238159,735.7101545333862,25.82034854888916,541.7508497238159,completed
-71.734772,10,26.302361,1.0,True,10,0,0,533.2000827789307,853.0412940979004,45.173464965820315,533.2000827789307,completed
959.617323,10,26.310149,1.0,True,10,0,0,438.0287027359009,561.074821472168,13.769157600402831,438.0287027359009,completed
1008.904188,10,26.321739,1.0,True,10,0,0,418.81659507751465,446.4754276275635,18.18414421081543,418.81659507751465,completed
1449.401538,10,26.329671,1.0,True,10,0,0,300.6948971748352,392.82301902770996,5.153810119628906,300.6948971748352,completed
806.33869,10,26.337145,1.0,True,10,0,0,565.3922400474548,672.944947719574,12.709326171875,565.3922400474548,completed
1112.184732,10,26.344563,1.0,True,10,0,0,299.8990478515625,443.2314853668213,18.016060256958006,299.8990478515625,completed
693.718839,10,26.352178,1.0,True,10,0,0,492.49611616134644,548.1783294677734,26.13936643600464,492.49611616134644,completed
638.363937,10,26.360816,1.0,True,10,0,0,494.5105667114258,731.1902389526367,20.031023025512695,494.5105667114258,completed
109.619597,10,26.369828,1.0,True,10,0,0,591.1507625579834,734.3582744598389,40.89479217529297,591.1507625579834,completed
674.49319,10,26.377422,1.0,True,10,0,0,502.9892330169678,702.6436386108398,19.540263366699218,502.9892330169678,completed
39.737989,10,26.385439,1.0,True,10,0,0,569.0229034423828,785.6494903564453,42.231691455841066,569.0229034423828,completed
-406.886644,10,26.393009,1.0,True,10,0,0,719.6347236633301,1029.1105842590332,46.65420837402344,719.6347236633301,completed
648.129781,10,26.400888,1.0,True,10,0,0,453.35534477233887,788.6327590942383,17.618048858642577,453.35534477233887,completed
584.216969,10,26.408142,1.0,True,10,0,0,481.33091926574707,591.4715538024902,27.06828851699829,481.33091926574707,completed
696.116916,10,26.415799,1.0,True,10,0,0,588.886682510376,667.5742855072021,19.060968017578126,588.886682510376,completed
234.273581,10,26.423845,1.0,True,10,0,0,590.6240043640137,689.4120960235596,35.89993553161621,590.6240043640137,completed
513.559081,10,26.431971,1.0,True,10,0,0,561.8715782165527,630.9005317687988,28.516369342803955,561.8715782165527,completed
574.505254,10,26.446832,1.0,True,10,0,0,591.3724231719971,735.6033058166504,20.075382804870607,591.3724231719971,completed
1144.595571,10,26.459228,1.0,True,10,0,0,422.2665891647339,527.4213237762451,8.094050979614257,422.2665891647339,completed
984.642197,10,26.468269,1.0,True,10,0,0,414.08252334594727,468.3939514160156,18.333747100830077,414.08252334594727,completed
230.778537,10,26.476465,1.0,True,10,0,0,458.0287170410156,725.8372535705566,40.54916267395019,458.0287170410156,completed
851.042883,10,26.483969,1.0,True,10,0,0,502.442834854126,665.0785751342773,14.04524917602539,502.442834854126,completed
300.71681,10,26.491696,1.0,True,10,0,0,473.59076404571533,680.0647220611572,37.852876853942874,473.59076404571533,completed
590.935553,10,26.49977,1.0,True,10,0,0,459.4349765777588,631.5446853637695,26.435215377807616,459.4349765777588,completed
568.591427,10,26.507914,1.0,True,10,0,0,516.7168321609497,666.350287437439,25.169657897949218,516.7168321609497,completed
788.989714,10,26.515566,1.0,True,10,0,0,471.36489486694336,650.0581398010254,17.656369781494142,471.36489486694336,completed
582.713229,10,26.523241,1.0,True,10,0,0,520.2589683532715,728.5912704467773,22.184049606323242,520.2589683532715,completed
400.696508,10,26.530884,1.0,True,10,0,0,536.3373622894287,733.8373870849609,28.01399745941162,536.3373622894287,completed
695.192832,10,26.538809,1.0,True,10,0,0,528.6513504981995,645.7339220046997,19.615452194213866,528.6513504981995,completed
293.01483,10,26.546551,1.0,True,10,0,0,511.9169931411743,717.0550136566162,36.30372295379639,511.9169931411743,completed
676.785139,10,26.554475,1.0,True,10,0,0,494.0086917877197,625.6508903503418,23.92968330383301,494.0086917877197,completed
592.276953,10,26.570624,1.0,True,10,0,0,584.1153583526611,606.4296779632568,26.509059333801268,584.1153583526611,completed
597.685056,10,26.580422,1.0,True,10,0,0,528.4874277114868,604.5592784881592,26.760364055633545,528.4874277114868,completed
-138.622695,10,26.587887,1.0,True,10,0,0,562.4651222229004,796.1416110992432,50.76939249038696,562.4651222229004,completed
314.423294,10,26.595736,1.0,True,10,0,0,620.9629249572754,756.5042915344238,28.542211532592773,620.9629249572754,completed
-897.147791,10,26.603978,1.0,True,10,0,0,748.3558197021484,1055.3022689819336,67.61509017944336,748.3558197021484,completed
1165.66781,10,26.611545,1.0,True,10,0,0,385.0918159484863,453.76221466064453,10.956933212280273,385.0918159484863,completed
1146.672367,10,26.620981,1.0,True,10,0,0,362.5862064361572,421.6636619567871,14.347294044494628,362.5862064361572,completed
1483.056957,10,26.628999,1.0,True,10,0,0,353.19546461105347,360.59916400909424,6.168334197998047,353.19546461105347,completed
391.144383,10,26.636611,1.0,True,10,0,0,527.243579864502,707.7569313049316,30.198842239379882,527.243579864502,completed
274.928564,10,26.644129,1.0,True,10,0,0,706.996244430542,756.2961177825928,29.197397994995118,706.996244430542,completed
342.776793,10,26.651646,1.0,True,10,0,0,438.83976459503174,698.5211582183838,35.77730369567871,438.83976459503174,completed
824.437831,10,26.658949,1.0,True,10,0,0,487.2810495495796,646.6865230798721,16.841918182373046,487.2810495495796,completed
-172.994894,10,26.66655,1.0,True,10,0,0,814.0887565612793,885.7179908752441,38.762592506408694,814.0887565612793,completed
397.05029,10,26.673677,1.0,True,10,0,0,609.1331248283386,681.2557287216187,31.404426670074464,609.1331248283386,completed
619.463638,10,26.681324,1.0,True,10,0,0,474.6909122467041,628.8798675537109,24.697698020935057,474.6909122467041,completed
-83.930829,10,26.689304,1.0,True,10,0,0,584.5534420013428,778.4145069122314,48.347140312194824,584.5534420013428,completed
455.078595,10,26.696758,1.0,True,10,0,0,579.122802734375,670.4496421813965,28.747655868530273,579.122802734375,completed
-733.449377,10,26.704466,1.0,True,10,0,0,661.8872375488281,910.6709594726562,68.72894897460938,661.8872375488281,completed
1027.810854,10,26.71253,1.0,True,10,0,0,461.06241035461426,534.0765647888184,13.653373908996581,461.06241035461426,completed
889.923692,10,26.719983,1.0,True,10,0,0,491.7425994873047,577.7728538513184,15.974030447006225,491.7425994873047,completed
369.057352,10,26.727547,1.0,True,10,0,0,555.2744612693787,980.8619985580444,17.941488647460936,555.2744612693787,completed
-109.017937,10,26.735463,1.0,True,10,0,0,609.608585357666,784.3490676879883,47.273440551757815,609.608585357666,completed
261.688283,10,26.742854,1.0,True,10,0,0,639.0381941795349,708.938982963562,34.50279598236084,639.0381941795349,completed
846.691509,10,26.750164,1.0,True,10,0,0,372.024197101593,550.783775806427,21.9615909576416,372.024197101593,completed
437.997266,10,26.757893,1.0,True,10,0,0,575.0994091033936,706.2234840393066,22.754862785339355,575.0994091033936,completed
572.054013,10,26.765451,1.0,True,10,0,0,637.4981174468994,842.3600902557373,12.94255084991455,637.4981174468994,completed
443.807783,10,26.773098,1.0,True,10,0,0,558.6753673553467,733.1086082458496,25.228376388549805,558.6753673553467,completed
140.487971,10,26.780659,1.0,True,10,0,0,499.9446430206299,830.5140419006348,38.048989868164064,499.9446430206299,completed
896.373948,10,26.787964,1.0,True,10,0,0,507.4379541873932,816.9176506996155,4.527693176269532,507.4379541873932,completed
951.400375,10,26.795391,1.0,True,10,0,0,422.4191589355469,539.7457828521729,17.07138843536377,422.4191589355469,completed
668.421323,10,26.803354,1.0,True,10,0,0,533.8057518005371,601.6831512451172,23.222187995910645,533.8057518005371,completed
595.528402,10,26.811131,1.0,True,10,0,0,509.9369812011719,708.4697608947754,22.95963363647461,509.9369812011719,completed
390.785502,10,26.824163,1.0,True,10,0,0,434.755558013916,644.55615234375,38.96746978759766,434.755558013916,completed
543.827077,10,26.833073,1.0,True,10,0,0,514.97194480896,631.3264961242676,27.136530494689943,514.97194480896,completed
-186.971771,10,26.842319,1.0,True,10,0,0,619.7748336791992,816.1189842224121,50.36879940032959,619.7748336791992,completed
-379.536492,10,26.851662,1.0,True,10,0,0,698.3322944641113,824.2488327026367,54.69316997528076,698.3322944641113,completed
238.263527,10,26.861629,1.0,True,10,0,0,432.4490489959717,714.5206031799316,40.31471900939941,432.4490489959717,completed
277.238503,10,26.869538,1.0,True,10,0,0,583.7320823669434,745.7248001098633,33.36124839782715,583.7320823669434,completed
1057.132438,10,26.876966,1.0,True,10,0,0,442.7063331604004,442.7063331604004,15.263339805603028,442.7063331604004,completed
754.9421,10,26.884629,1.0,True,10,0,0,409.4856357574463,614.7754344940186,24.405677032470702,409.4856357574463,completed
97.712233,10,26.89201,1.0,True,10,0,0,508.8908271789551,737.9560928344727,43.76007843017578,508.8908271789551,completed
-371.760059,10,26.899413,1.0,True,10,0,0,647.1744728088379,845.9599304199219,55.89497261047363,647.1744728088379,completed
997.289429,10,26.907841,1.0,True,10,0,0,434.007287979126,553.3009338378906,16.183758544921876,434.007287979126,completed
398.537138,10,26.917089,1.0,True,10,0,0,515.8935165405273,673.7701053619385,33.28898181915283,515.8935165405273,completed
855.990416,10,26.925139,1.0,True,10,0,0,552.9853935241699,621.0022621154785,12.205792999267578,552.9853935241699,completed
429.540931,10,26.932695,1.0,True,10,0,0,577.4988670349121,620.851432800293,31.55115864276886,577.4988670349121,completed
1508.598293,10,26.94018,1.0,True,10,0,0,321.76386165618896,361.40270805358887,4.540020561218261,321.76386165618896,completed
786.972058,10,26.947662,1.0,True,10,0,0,457.9984760284424,597.3010025024414,21.0598876953125,457.9984760284424,completed
866.94803,10,26.954977,1.0,True,10,0,0,435.9330883026123,506.7713146209717,23.952183532714844,435.9330883026123,completed
447.381532,10,26.962397,1.0,True,10,0,0,417.62758684158325,607.2864046096802,34.95134353637695,417.62758684158325,completed
492.172094,10,26.970728,1.0,True,10,0,0,577.8668727874756,689.0825252532959,25.905850219726563,577.8668727874756,completed
-8.442123,10,26.979128,1.0,True,10,0,0,560.511869430542,757.4519996643066,47.6968900680542,560.511869430542,completed
984.888643,10,26.987276,1.0,True,10,0,0,482.5289134979248,625.3372116088867,10.13615379333496,482.5289134979248,completed
289.841334,10,26.995963,1.0,True,10,0,0,539.9448709487915,740.5996055603027,36.82660884857178,539.9448709487915,completed
180.234759,10,27.003551,1.0,True,10,0,0,663.0067043304443,878.8792266845703,28.50970344543457,663.0067043304443,completed
570.865573,10,28.368015,1.0,True,10,0,0,587.7654428482056,676.8024568557739,22.349622917175292,587.7654428482056,completed
475.036824,10,28.376755,1.0,True,10,0,0,634.7199516296387,696.896614074707,25.877246475219728,634.7199516296387,completed
668.746506,10,28.385391,1.0,True,10,0,0,455.5388069152832,522.0595741271973,27.43323392868042,455.5388069152832,completed
479.095874,10,28.393799,1.0,True,10,0,0,501.6255044937134,658.6124572753906,30.522756004333495,501.6255044937134,completed
1077.858761,10,28.403503,1.0,True,10,0,0,354.1028609275818,455.8878355026245,18.66014518737793,354.1028609275818,completed
282.275647,10,28.412153,1.0,True,10,0,0,593.5845851898193,766.0735778808594,31.694633293151856,593.5845851898193,completed
340.84932,10,28.420647,1.0,True,10,0,0,546.7150917053223,763.4244232177734,30.31773796081543,546.7150917053223,completed
1598.800556,10,28.430318,1.0,True,10,0,0,302.13447284698486,339.0595369338989,1.8476634979248048,302.13447284698486,completed
497.1814,10,28.439587,1.0,True,10,0,0,411.6218595504761,641.205904006958,32.025949478149414,411.6218595504761,completed
454.358843,10,28.448114,1.0,True,10,0,0,570.1602764129639,740.9322261810303,25.17597713470459,570.1602764129639,completed
-254.376463,10,28.456759,1.0,True,10,0,0,670.1747817993164,933.2435913085938,44.53518218994141,670.1747817993164,completed
629.390942,10,28.46507,1.0,True,10,0,0,433.92263412475586,639.579273223877,27.335913848876952,433.92263412475586,completed
513.011152,10,28.473176,1.0,True,10,0,0,629.7947082519531,904.4792594909668,12.70924186706543,629.7947082519531,completed
-488.371563,10,28.48152,1.0,True,10,0,0,495.8579158782959,912.0932159423828,60.12771377563477,495.8579158782959,completed
-137.446051,10,28.489946,1.0,True,10,0,0,751.9534606933594,865.1333160400391,39.981366348266604,751.9534606933594,completed
785.308047,10,28.498264,1.0,True,10,0,0,512.478910446167,594.8930721282959,19.641111373901367,512.478910446167,completed
763.296272,10,28.506429,1.0,True,10,0,0,604.8952503204346,674.409366607666,13.595813751220703,604.8952503204346,completed
572.790514,10,28.514681,1.0,True,10,0,0,595.7130103111267,816.7899694442749,16.815635681152344,595.7130103111267,completed
632.205874,10,28.522594,1.0,True,10,0,0,584.3565826416016,643.1530418395996,22.48559150695801,584.3565826416016,completed
1021.750715,10,28.530821,1.0,True,10,0,0,488.0673933029175,582.6252861022949,9.226051712036133,488.0673933029175,completed
453.826276,10,28.539029,1.0,True,10,0,0,529.7254409790039,644.1500129699707,31.738672256469727,529.7254409790039,completed
934.62241,10,28.546987,1.0,True,10,0,0,463.7446804046631,613.8528709411621,15.09463119506836,463.7446804046631,completed
-390.41699,10,28.55551,1.0,True,10,0,0,783.9761352539062,943.1591777801514,48.627810668945315,783.9761352539062,completed
460.186609,10,28.563924,1.0,True,10,0,0,435.4723434448242,791.3220710754395,24.90378532409668,435.4723434448242,completed
166.245079,10,28.5723,1.0,True,10,0,0,510.0096664428711,793.9005470275879,37.22292594909668,510.0096664428711,completed
1060.903263,10,28.580694,1.0,True,10,0,0,451.65001487731934,529.1272811889648,12.55333595275879,451.65001487731934,completed
752.894484,10,28.588835,1.0,True,10,0,0,467.11135482788086,644.2743301391602,18.65684700012207,467.11135482788086,completed
113.908377,10,28.598222,1.0,True,10,0,0,600.0723628997803,796.7150726318359,35.73308124542236,600.0723628997803,completed
1217.455345,10,28.608008,1.0,True,10,0,0,392.645809173584,510.88351249694824,8.74926528930664,392.645809173584,completed
1157.441272,10,28.618433,1.0,True,10,0,0,403.55446577072144,520.215579032898,9.659445571899415,403.55446577072144,completed
358.493485,10,28.628582,1.0,True,10,0,0,606.2025356292725,703.4633617401123,32.19876480102539,606.2025356292725,completed
448.070514,10,28.642079,1.0,True,10,0,0,583.5819225311279,760.1303634643555,25.281846618652345,583.5819225311279,completed
440.237219,10,28.652942,1.0,True,10,0,0,533.1658058166504,888.6497573852539,20.11742820739746,533.1658058166504,completed
872.523305,10,28.66506,1.0,True,10,0,0,514.5839185714722,595.9554033279419,15.158769989013672,514.5839185714722,completed
952.180575,10,28.675085,1.0,True,10,0,0,399.819109916687,510.74383068084717,18.05548725128174,399.819109916687,completed
72.956815,10,28.686364,1.0,True,10,0,0,711.8966827392578,775.633903503418,38.085394096374515,711.8966827392578,completed
323.642526,10,28.696146,1.0,True,10,0,0,627.2376689910889,663.2938137054443,33.01958389282227,627.2376689910889,completed
627.772637,10,28.705351,1.0,True,10,0,0,491.63811111450195,613.0850677490234,25.892546081542967,491.63811111450195,completed
318.935078,10,28.715046,1.0,True,10,0,0,583.1699676513672,790.6453704833984,28.822651672363282,583.1699676513672,completed
1170.116617,10,28.72466,1.0,True,10,0,0,434.7485041618347,451.1918706893921,10.636161136627198,434.7485041618347,completed
41.673072,10,28.734173,1.0,True,10,0,0,649.2468223571777,855.0881080627441,35.909095764160156,649.2468223571777,completed
-11.691033,10,28.743082,1.0,True,10,0,0,620.8944320678711,884.9894618988037,40.283298301696775,620.8944320678711,completed
744.157674,10,28.751812,1.0,True,10,0,0,433.68231678009033,562.55885887146,23.340909576416017,433.68231678009033,completed
637.187347,10,28.760123,1.0,True,10,0,0,498.8247661590576,759.9417610168457,18.37909278869629,498.8247661590576,completed
-205.336871,10,28.7693,1.0,True,10,0,0,574.03271484375,853.298376083374,51.86445140838623,574.03271484375,completed
209.842693,10,28.778037,1.0,True,10,0,0,562.1199951171875,706.5715675354004,37.03282928466797,562.1199951171875,completed
298.49419,10,28.787052,1.0,True,10,0,0,550.2129344940186,718.7313365936279,32.28867893218994,550.2129344940186,completed
581.573636,10,28.797013,1.0,True,10,0,0,534.6445465087891,632.8860893249512,25.823246908187866,534.6445465087891,completed
336.614546,10,28.806946,1.0,True,10,0,0,448.14769554138184,689.8742351531982,33.781758880615236,448.14769554138184,completed
619.515694,10,28.816468,1.0,True,10,0,0,493.3468418121338,667.9835586547852,25.734714317321778,493.3468418121338,completed
51.764053,10,28.83016,1.0,True,10,0,0,559.5647525787354,873.1925430297852,39.59926490783691,559.5647525787354,completed
1027.18931,10,28.839427,1.0,True,10,0,0,413.27712893486023,509.48047518730164,15.220794486999512,413.27712893486023,completed
-98.663567,10,28.848262,1.0,True,10,0,0,683.8170785903931,890.4218072891235,41.19546661376953,683.8170785903931,completed
37.242999,10,28.858338,1.0,True,10,0,0,725.9033966064453,821.6095123291016,35.67222499847412,725.9033966064453,completed
-52.174305,10,28.869176,1.0,True,10,0,0,667.1322193145752,870.8023414611816,39.20061988830567,667.1322193145752,completed
-20.327017,10,28.878559,1.0,True,10,0,0,637.9822406768799,868.0282859802246,39.885327911376955,637.9822406768799,completed
954.870796,10,28.890046,1.0,True,10,0,0,499.30034255981445,712.8257217407227,6.322035217285157,499.30034255981445,completed
835.6142,10,28.8999,1.0,True,10,0,0,462.6033773422241,588.0711688995361,20.24727439880371,462.6033773422241,completed
945.83423,10,28.909169,1.0,True,10,0,0,400.1221647262573,496.8375835418701,19.12855644226074,400.1221647262573,completed
1325.790853,10,28.918139,1.0,True,10,0,0,348.71043395996094,348.71043395996094,9.820070457458495,348.71043395996094,completed
765.275937,10,28.926479,1.0,True,10,0,0,445.1206359863281,620.6273937225342,21.248077392578125,445.1206359863281,completed
537.25041,10,28.935517,1.0,True,10,0,0,563.3550853729248,676.3262252807617,22.288884544372557,563.3550853729248,completed
-84.474652,10,28.944432,1.0,True,10,0,0,681.396125793457,840.6839714050293,40.79423041343689,681.396125793457,completed
572.887704,10,28.95324,1.0,True,10,0,0,538.0008516311646,725.8966808319092,22.291271781921388,538.0008516311646,completed
338.629372,10,28.961779,1.0,True,10,0,0,528.4497261047363,677.3162078857422,33.21264820098877,528.4497261047363,completed
130.504498,10,28.970579,1.0,True,10,0,0,615.3236694335938,710.1205444335938,40.45843505859375,615.3236694335938,completed
1052.238215,10,28.978521,1.0,True,10,0,0,471.8536853790283,471.8536853790283,14.280525970458985,471.8536853790283,completed
361.841929,10,28.987444,1.0,True,10,0,0,702.9471035003662,702.9471035003662,29.15739974975586,702.9471035003662,completed
263.293586,10,28.99592,1.0,True,10,0,0,553.4529685974121,722.9914169311523,32.46720371246338,553.4529685974121,completed
764.38804,10,29.004771,1.0,True,10,0,0,460.4798336029053,648.2864360809326,19.310449028015135,460.4798336029053,completed
158.220417,10,29.01418,1.0,True,10,0,0,409.56442737579346,646.1946506500244,47.51134052276611,409.56442737579346,completed
596.251248,10,29.02703,1.0,True,10,0,0,478.9729480743408,688.8332443237305,22.43242073059082,478.9729480743408,completed
432.398834,10,29.037174,1.0,True,10,0,0,457.35811042785645,858.452278137207,23.194439697265626,457.35811042785645,completed
816.619325,10,29.046118,1.0,True,10,0,0,439.00502610206604,565.297239780426,21.907534790039062,439.00502610206604,completed
988.749606,10,29.055282,1.0,True,10,0,0,382.3688554763794,483.6141815185547,18.24267406463623,382.3688554763794,completed
1181.128013,10,29.063845,1.0,True,10,0,0,416.2623414993286,429.9295768737793,11.809602355957031,416.2623414993286,completed
578.425921,10,29.072297,1.0,True,10,0,0,601.0428066253662,672.9838771820068,21.783306503295897,601.0428066253662,completed
549.418397,10,29.084449,1.0,True,10,0,0,507.86791038513184,683.2281436920166,25.465494918823243,507.86791038513184,completed
502.392917,10,29.09301,1.0,True,10,0,0,554.2379913330078,604.3945579528809,32.01151371002197,554.2379913330078,completed
1386.406986,10,29.101703,1.0,True,10,0,0,304.7507724761963,321.85555267333984,9.585072135925293,304.7507724761963,completed
637.428251,10,29.110589,1.0,True,10,0,0,449.73273277282715,608.9672508239746,28.143406677246094,449.73273277282715,completed
476.176128,10,29.119292,1.0,True,10,0,0,606.6615791320801,785.6853981018066,20.52864933013916,606.6615791320801,completed
833.642122,10,29.127574,1.0,True,10,0,0,411.70142936706543,554.4324493408203,21.223066329956055,411.70142936706543,completed
480.691286,10,29.135741,1.0,True,10,0,0,579.2226104736328,814.2009258270264,22.057706451416017,579.2226104736328,completed
786.373952,10,29.14399,1.0,True,10,0,0,393.91189193725586,488.1386260986328,25.266321182250977,393.91189193725586,completed
130.566833,10,29.152249,1.0,True,10,0,0,437.18165588378906,693.2717666625977,44.22626152038574,437.18165588378906,completed
1023.703187,10,29.16158,1.0,True,10,0,0,393.4088354110718,480.7010974884033,15.074015235900879,393.4088354110718,completed
393.002336,10,29.171995,1.0,True,10,0,0,564.5180644989014,679.7756042480469,29.276683044433593,564.5180644989014,completed
330.225995,10,29.181564,1.0,True,10,0,0,616.449405670166,831.941125869751,24.988456153869627,616.449405670166,completed
1089.626938,10,29.190707,1.0,True,10,0,0,429.49984645843506,499.75913429260254,13.396905326843262,429.49984645843506,completed
1545.959213,10,29.200426,1.0,True,10,0,0,286.8860012292862,296.08545422554016,7.310759353637695,286.8860012292862,completed
489.876009,10,29.210092,1.0,True,10,0,0,459.21394443511963,645.2084293365479,31.99331760406494,459.21394443511963,completed
718.620832,10,29.220638,1.0,True,10,0,0,491.30083084106445,578.3437576293945,23.271026802062988,491.30083084106445,completed
286.16476,10,29.229764,1.0,True,10,0,0,588.9534227848053,731.3853650093079,33.54696426391602,588.9534227848053,completed
347.956043,10,29.238602,1.0,True,10,0,0,564.45041847229,664.4202480316162,32.37557163238525,564.45041847229,completed
215.883381,10,29.247795,1.0,True,10,0,0,419.25947761535645,699.5306854248047,40.1538589477539,419.25947761535645,completed
450.265054,10,29.257155,1.0,True,10,0,0,475.12186002731323,650.6578855514526,33.19690780639648,475.12186002731323,completed
-212.156782,10,29.265598,1.0,True,10,0,0,777.427318572998,912.9686851501465,41.57174186706543,777.427318572998,completed
151.939883,10,29.274056,1.0,True,10,0,0,603.9337387084961,942.7602996826172,28.183177185058593,603.9337387084961,completed
277.404062,10,29.282926,1.0,True,10,0,0,456.49826765060425,689.0525898933411,42.78695640563965,456.49826765060425,completed
848.041306,10,29.291101,1.0,True,10,0,0,490.88137435913086,669.4216423034668,15.553303146362305,490.88137435913086,completed
751.445728,10,29.300159,1.0,True,10,0,0,471.56165313720703,625.0503692626953,20.90309371948242,471.56165313720703,completed
625.179186,10,29.310135,1.0,True,10,0,0,507.6776752471924,662.0787830352783,22.8463773727417,507.6776752471924,completed
615.477138,10,29.318578,1.0,True,10,0,0,606.113208770752,627.2904453277588,22.29177236557007,606.113208770752,completed
462.735361,10,29.333897,1.0,True,10,0,0,476.42394161224365,726.1314525604248,28.383283805847167,476.42394161224365,completed
407.261045,10,29.343434,1.0,True,10,0,0,534.8482437133789,772.6986274719238,26.843075942993163,534.8482437133789,completed
489.166921,10,29.352568,1.0,True,10,0,0,513.8448371887207,630.5075836181641,29.948391723632813,513.8448371887207,completed
594.38675,10,29.361176,1.0,True,10,0,0,491.73039054870605,581.7465190887451,31.782692241668702,491.73039054870605,completed
-277.016776,10,29.369424,1.0,True,10,0,0,661.4563465118408,892.9343976974487,50.645756530761716,661.4563465118408,completed
635.14252,10,29.378024,1.0,True,10,0,0,462.495813369751,625.8388576507568,25.696862411499023,462.495813369751,completed
509.17378,10,29.387304,1.0,True,10,0,0,552.9692764282227,635.9791488647461,29.97337951660156,552.9692764282227,completed
684.593482,10,29.39586,1.0,True,10,0,0,496.598690032959,667.5233879089355,21.158578872680664,496.598690032959,completed
921.381358,10,29.40626,1.0,True,10,0,0,497.3071479797363,579.8933181762695,14.117585182189941,497.3071479797363,completed
282.934456,10,29.415562,1.0,True,10,0,0,503.386043548584,693.2951335906982,37.12046356201172,503.386043548584,completed
612.085596,10,29.42508,1.0,True,10,0,0,465.4595413208008,667.0777053833008,21.992660140991212,465.4595413208008,completed
410.354633,10,29.433992,1.0,True,10,0,0,667.846996307373,691.1650257110596,25.932782030105592,667.846996307373,completed
1169.024197,10,29.442721,1.0,True,10,0,0,458.34096908569336,567.4164371490479,6.090657043457031,458.34096908569336,completed
842.180393,10,29.452397,1.0,True,10,0,0,435.49743843078613,557.2404747009277,21.177831077575682,435.49743843078613,completed
749.125181,10,29.462034,1.0,True,10,0,0,559.7586345672607,642.8506088256836,17.394198417663574,559.7586345672607,completed
347.758644,10,29.47209,1.0,True,10,0,0,491.185754776001,746.9794845581055,31.29262351989746,491.185754776001,completed
1114.874332,10,29.482613,1.0,True,10,0,0,349.4531297683716,523.3917560577393,13.236142921447755,349.4531297683716,completed
402.269669,10,29.491453,1.0,True,10,0,0,572.203280210495,662.5403621196747,32.030698204040526,572.203280210495,completed
271.237989,10,29.501196,1.0,True,10,0,0,576.9307556152344,806.5357246398926,29.27071304321289,576.9307556152344,completed
-99.779398,10,29.511562,1.0,True,10,0,0,606.2466945648193,795.6049118041992,46.29329891204834,606.2466945648193,completed
801.940202,10,29.52143,1.0,True,10,0,0,407.8872013092041,539.9256553649902,22.470462799072266,407.8872013092041,completed
737.537245,10,29.530714,1.0,True,10,0,0,474.62915802001953,647.1624298095703,19.040329360961913,474.62915802001953,completed
-13.28981,10,29.539228,1.0,True,10,0,0,583.7733764648438,846.4741020202637,41.09521360397339,583.7733764648438,completed
1074.544016,10,29.547427,1.0,True,10,0,0,444.7075958251953,444.7075958251953,14.222653579711913,444.7075958251953,completed
446.54173,10,29.556573,1.0,True,10,0,0,466.77159824967384,623.277325451374,33.88951267004013,466.77159824967384,completed
173.609107,10,29.56535,1.0,True,10,0,0,571.4482727050781,745.0319004058838,36.44934196472168,571.4482727050781,completed
696.725121,10,29.574236,1.0,True,10,0,0,343.88703948259354,537.3965841531754,32.29032062292099,343.88703948259354,completed
741.076466,10,29.585958,1.0,True,10,0,0,425.8080472946167,694.7760734558105,18.959251260757448,425.8080472946167,completed
521.935279,10,29.594667,1.0,True,10,0,0,512.5681753158569,649.6694669723511,27.294370126724242,512.5681753158569,completed
587.596346,10,29.603801,1.0,True,10,0,0,474.21574878692627,686.8131237030029,25.6189884185791,474.21574878692627,completed
472.667478,10,29.612822,1.0,True,10,0,0,514.7526893615723,678.5151023864746,29.355714797973633,514.7526893615723,completed
832.728636,10,29.622138,1.0,True,10,0,0,480.499942779541,542.3135452270508,21.121324920654295,480.499942779541,completed
543.38353,10,29.63227,1.0,True,10,0,0,569.7066917419434,673.3900527954102,24.45316982269287,569.7066917419434,completed
393.220086,10,29.641843,1.0,True,10,0,0,458.57378005981445,688.9787254333496,34.4379524230957,458.57378005981445,completed
81.129065,10,29.651032,1.0,True,10,0,0,603.0911102294922,971.3401374816895,31.42710590362549,603.0911102294922,completed
640.788982,10,29.660081,1.0,True,10,0,0,499.8865752220154,765.1393308639526,17.881290435791016,499.8865752220154,completed
126.759522,10,29.670022,1.0,True,10,0,0,542.2755451202393,756.9992809295654,40.258797073364256,542.2755451202393,completed
445.895982,10,29.679864,1.0,True,10,0,0,556.3205089569092,636.852409362793,30.488703107833864,556.3205089569092,completed
760.341103,10,29.689458,1.0,True,10,0,0,428.0989074707031,530.8747863769531,23.1918643951416,428.0989074707031,completed
652.06811,10,29.698707,1.0,True,10,0,0,497.27803230285645,682.6672840118408,23.18155288696289,497.27803230285645,completed
78.016026,10,29.708277,1.0,True,10,0,0,601.038366317749,918.2434310913086,30.81465902328491,601.038366317749,completed
1267.330743,10,29.718028,1.0,True,10,0,0,343.5661964416504,395.55322265625,10.321049690246582,343.5661964416504,completed
666.764296,10,29.727997,1.0,True,10,0,0,558.841136932373,726.3080310821533,15.699609375,558.841136932373,completed
322.850818,10,29.737636,1.0,True,10,0,0,522.4558429718018,794.0201797485352,30.262673902511597,522.4558429718018,completed
447.298764,10,29.7463,1.0,True,10,0,0,600.3273973464966,751.7708053588867,22.777845573425292,600.3273973464966,completed
261.177386,10,29.755712,1.0,True,10,0,0,502.6973762512207,925.1997890472412,26.72422103881836,502.6973762512207,completed
-139.282367,10,29.764182,1.0,True,10,0,0,586.0191822052002,926.9509239196777,41.651242065429685,586.0191822052002,completed
696.370813,10,29.774204,1.0,True,10,0,0,582.4021873474121,597.772928237915,23.081882667541503,582.4021873474121,completed
584.276151,10,29.78309,1.0,True,10,0,0,536.3402290344238,732.1166954040527,18.929567337036133,536.3402290344238,completed
233.16191,10,29.791574,1.0,True,10,0,0,472.7713088989258,696.7738723754883,40.336202239990236,472.7713088989258,completed
567.811388,10,29.800288,1.0,True,10,0,0,548.8892822265625,631.2862148284912,24.922010326385497,548.8892822265625,completed
346.403876,10,29.810321,1.0,True,10,0,0,532.2762718200684,717.9007568359375,31.72697639465332,532.2762718200684,completed
309.389484,10,29.819922,1.0,True,10,0,0,525.9208717346191,608.5801887512207,38.530989265441896,525.9208717346191,completed
1142.857642,10,29.886421,1.0,True,10,0,0,411.4612503051758,531.5615825653076,9.527393341064453,411.4612503051758,completed
-24.082498,10,29.897743,1.0,True,10,0,0,582.4529724121094,775.3838043212891,44.33442649841309,582.4529724121094,completed
-577.001893,10,29.906535,1.0,True,10,0,0,615.1944770812988,1037.9419555664062,57.80745277404785,615.1944770812988,completed
871.166166,10,29.918333,1.0,True,10,0,0,523.5884914398193,716.9042472839355,9.55430335998535,523.5884914398193,completed
-1007.218297,10,29.927292,1.0,True,10,0,0,656.330286026001,1056.2692375183105,73.32619819641113,656.330286026001,completed
377.685481,10,29.936741,1.0,True,10,0,0,621.404598236084,878.8719177246094,22.385632514953613,621.404598236084,completed
528.438493,10,29.94595,1.0,True,10,0,0,519.1988582611084,678.5915145874023,25.179576301574706,519.1988582611084,completed
698.47783,10,29.954207,1.0,True,10,0,0,549.9915943145752,677.0422706604004,17.08903579711914,549.9915943145752,completed
680.163156,10,29.962909,1.0,True,10,0,0,489.6063537597656,590.5321464538574,22.074383544921876,489.6063537597656,completed
891.242882,10,29.972413,1.0,True,10,0,0,432.87278747558594,536.8220710754395,19.92645835876465,432.87278747558594,completed
763.185722,10,29.981343,1.0,True,10,0,0,448.654239654541,566.8183708190918,25.45607633590698,448.654239654541,completed
692.960493,10,29.991435,1.0,True,10,0,0,432.4082221984863,576.2300796508789,25.187074279785158,432.4082221984863,completed
816.519584,10,30.00014,1.0,True,10,0,0,525.0307970046997,637.284387588501,15.372455596923828,525.0307970046997,completed
-569.932173,10,30.009423,1.0,True,10,0,0,695.1977405548096,946.3600044250488,58.84087619781494,695.1977405548096,completed
1087.621703,10,30.018577,1.0,True,10,0,0,460.29183530807495,494.1374430656433,11.632600402832031,460.29183530807495,completed
523.021328,10,30.02814,1.0,True,10,0,0,484.47365379333496,595.9890403747559,31.035326766967774,484.47365379333496,completed
929.320769,10,30.038237,1.0,True,10,0,0,420.6318130493164,634.5306282043457,14.265822601318359,420.6318130493164,completed
-115.287617,10,30.04678,1.0,True,10,0,0,709.4599952697754,962.6142101287842,38.53679943084717,709.4599952697754,completed
-729.757477,10,30.055796,1.0,True,10,0,0,802.6088352203369,994.3216247558594,59.72191944122314,802.6088352203369,completed
-460.475425,10,30.064389,1.0,True,10,0,0,677.6189861297607,926.7046489715576,54.97644596099853,677.6189861297607,completed
601.159199,10,30.073309,1.0,True,10,0,0,570.5517616271973,755.474063873291,17.024413681030275,570.5517616271973,completed
28.256153,10,30.085897,1.0,True,10,0,0,551.7754535675049,885.8412532806396,37.81265983581543,551.7754535675049,completed
-406.726628,10,30.095109,1.0,True,10,0,0,725.7817993164062,914.6229438781738,51.508615493774414,725.7817993164062,completed
483.799029,10,30.103758,1.0,True,10,0,0,491.27559089660645,648.0053024291992,29.931489181518554,491.27559089660645,completed
810.052953,10,30.112266,1.0,True,10,0,0,457.7486228942871,564.3768920898438,20.47416458129883,457.7486228942871,completed
-49.388271,10,30.121517,1.0,True,10,0,0,552.7420434951782,760.8665599822998,46.03949146270752,552.7420434951782,completed
-94.287424,10,30.129857,1.0,True,10,0,0,562.2833766937256,757.4215984344482,49.43768196105957,562.2833766937256,completed
809.379133,10,30.139501,1.0,True,10,0,0,488.70333433151245,583.8228902816772,18.509684371948243,488.70333433151245,completed
470.554971,10,30.148172,1.0,True,10,0,0,492.23194694519043,732.8851203918457,25.896611404418945,492.23194694519043,completed
701.215292,10,30.156921,1.0,True,10,0,0,517.2903137207031,624.7367630004883,20.810004043579102,517.2903137207031,completed
595.938573,10,30.167558,1.0,True,10,0,0,529.1093444824219,643.2595367431641,24.700516510009766,529.1093444824219,completed
934.928955,10,30.176101,1.0,True,10,0,0,393.1915874481201,570.4640712738037,17.082280731201173,393.1915874481201,completed
1104.18334,10,30.184901,1.0,True,10,0,0,386.92416858673096,484.1248359680176,13.556241989135742,386.92416858673096,completed
451.4376,10,30.196053,1.0,True,10,0,0,459.83183193206787,596.343339920044,35.33428134918213,459.83183193206787,completed
560.232176,10,30.205612,1.0,True,10,0,0,484.9151306152344,600.9976863861084,28.886064529418945,484.9151306152344,completed
-154.53814,10,30.214274,1.0,True,10,0,0,582.144287109375,872.9249992370605,44.25170345306397,582.144287109375,completed
667.92368,10,30.223929,1.0,True,10,0,0,460.9760112762451,628.1658573150635,25.225413513183593,460.9760112762451,completed
619.515687,10,30.232504,1.0,True,10,0,0,490.4288558959961,640.2005233764648,24.850321197509764,490.4288558959961,completed
463.218813,10,30.241641,1.0,True,10,0,0,529.6588153839111,735.2236633300781,26.261993408203125,529.6588153839111,completed
364.547452,10,30.25062,1.0,True,10,0,0,503.80915451049805,718.9126262664795,32.8681583404541,503.80915451049805,completed
-288.070338,10,30.259077,1.0,True,10,0,0,611.4681034088135,942.4657020568848,47.47386016845703,611.4681034088135,completed
613.786281,10,30.267957,1.0,True,10,0,0,485.1787509918213,543.6168880462646,28.106394577026368,485.1787509918213,completed
586.766545,10,30.27773,1.0,True,10,0,0,535.1768932342529,743.2431774139404,20.72799119949341,535.1768932342529,completed
1039.414586,10,30.287588,1.0,True,10,0,0,412.8367872238159,510.33030700683594,15.826000213623047,412.8367872238159,completed
634.241305,10,30.297612,1.0,True,10,0,0,510.71389961242676,578.8892803192139,26.877607345581055,510.71389961242676,completed
86.0185,10,30.30825,1.0,True,10,0,0,596.7185459136963,706.8351764678955,42.17158393859863,596.7185459136963,completed
101.029154,10,30.317536,1.0,True,10,0,0,561.5127811431885,737.9177265167236,42.01768388748169,561.5127811431885,completed
693.355206,10,30.325807,1.0,True,10,0,0,464.3596134185791,622.9126567840576,22.891255187988282,464.3596134185791,completed
166.510193,10,31.775009,1.0,True,10,0,0,572.3016490936279,855.81960105896,33.185362815856934,572.3016490936279,completed
398.926064,10,31.782955,1.0,True,10,0,0,451.9358911514282,724.645658493042,32.39010887145996,451.9358911514282,completed
464.609763,10,31.790902,1.0,True,10,0,0,526.7584896087646,706.6009273529053,27.85370616912842,526.7584896087646,completed
-283.483665,10,31.798725,1.0,True,10,0,0,715.7898921966553,918.8563423156738,46.66338768005371,715.7898921966553,completed
299.025997,10,31.808508,1.0,True,10,0,0,548.249683380127,857.0130157470703,25.965493774414064,548.249683380127,completed
222.816079,10,31.817159,1.0,True,10,0,0,542.6704711914062,707.3908615112305,38.172584533691406,542.6704711914062,completed
625.692068,10,31.825922,1.0,True,10,0,0,390.114465713501,604.12451171875,28.28511447906494,390.114465713501,completed
497.405029,10,31.839111,1.0,True,10,0,0,521.0351791381836,772.370304107666,22.768326473236083,521.0351791381836,completed
496.263533,10,31.847451,1.0,True,10,0,0,547.2680411338806,644.1320886611938,29.09151725769043,547.2680411338806,completed
30.937989,10,31.856388,1.0,True,10,0,0,711.3381061553955,913.5515518188477,30.117621994018556,711.3381061553955,completed
684.106503,10,31.864136,1.0,True,10,0,0,507.9125781059265,580.0351819992065,23.15536251068115,507.9125781059265,completed
877.799018,10,31.873329,1.0,True,10,0,0,515.0422649383545,707.818525314331,9.978762245178222,515.0422649383545,completed
478.070387,10,31.881103,1.0,True,10,0,0,502.772536277771,594.5642461776733,32.81227102279663,502.772536277771,completed
103.097066,10,31.888904,1.0,True,10,0,0,607.3188648223877,788.2155494689941,37.773725509643555,607.3188648223877,completed
525.071349,10,31.897104,1.0,True,10,0,0,480.23100185394287,681.8996686935425,28.835020732879638,480.23100185394287,completed
236.750818,10,31.905345,1.0,True,10,0,0,673.1703720092773,806.4568214416504,30.612222766876222,673.1703720092773,completed
872.077938,10,31.91382,1.0,True,10,0,0,482.0181999206543,601.8718605041504,17.082604789733885,482.0181999206543,completed
624.875703,10,31.923011,1.0,True,10,0,0,529.3195686340332,587.5497894287109,25.061389350891112,529.3195686340332,completed
299.250553,10,31.93092,1.0,True,10,0,0,480.90227603912354,723.6667156219482,36.55873470306396,480.90227603912354,completed
1050.334809,10,31.939405,1.0,True,10,0,0,495.1542749404907,495.1542749404907,13.64514617919922,495.1542749404907,completed
574.087241,10,31.949955,1.0,True,10,0,0,506.66726875305176,660.4147396087646,26.77280921936035,506.66726875305176,completed
768.783076,10,31.9597,1.0,True,10,0,0,555.0598678588867,667.1444873809814,15.21610336303711,555.0598678588867,completed
176.786766,10,31.968161,1.0,True,10,0,0,631.486608505249,827.9627532958984,32.4281120300293,631.486608505249,completed
733.364497,10,31.977381,1.0,True,10,0,0,564.8260822296143,826.4559078216553,9.181917762756347,564.8260822296143,completed
363.476766,10,31.985501,1.0,True,10,0,0,510.2497329711914,670.1968765258789,35.407841491699216,510.2497329711914,completed
937.622887,10,31.993106,1.0,True,10,0,0,419.44825172424316,696.8364963531494,10.45940079689026,419.44825172424316,completed
499.486059,10,32.001014,1.0,True,10,0,0,611.5536518096924,694.0734596252441,23.005047225952147,611.5536518096924,completed
760.960237,10,32.008568,1.0,True,10,0,0,445.8102355003357,563.1191821098328,24.606126070022583,445.8102355003357,completed
681.999331,10,32.016258,1.0,True,10,0,0,497.7737693786621,730.5694274902344,19.035501861572264,497.7737693786621,completed
760.817153,10,32.025223,1.0,True,10,0,0,495.7758045196533,589.8141021728516,20.39609260559082,495.7758045196533,completed
1107.864919,10,32.032981,1.0,True,10,0,0,471.9564208984375,603.5437679290771,6.753154182434082,471.9564208984375,completed
397.81575,10,32.041569,1.0,True,10,0,0,562.0547037124634,620.5386734008789,33.6179443359375,562.0547037124634,completed
192.824279,10,32.05169,1.0,True,10,0,0,529.3794212341309,690.3137512207031,42.26014709472656,529.3794212341309,completed
252.057213,10,32.062229,1.0,True,10,0,0,435.37444019317627,790.5539169311523,37.8554407119751,435.37444019317627,completed
340.660583,10,32.071453,1.0,True,10,0,0,593.0310344696045,726.9098377227783,30.945998764038087,593.0310344696045,completed
545.496735,10,32.079363,1.0,True,10,0,0,527.238655090332,752.1224136352539,21.29127082824707,527.238655090332,completed
1097.161926,10,32.093528,1.0,True,10,0,0,399.2398018836975,513.0971765518188,11.944364929199219,399.2398018836975,completed
-153.937118,10,32.102574,1.0,True,10,0,0,682.5628700256348,844.7486038208008,46.5087965965271,682.5628700256348,completed
535.582459,10,32.110588,1.0,True,10,0,0,462.33817291259766,663.2121658325195,28.624062728881835,462.33817291259766,completed
820.588581,10,32.118532,1.0,True,10,0,0,475.36917209625244,497.729603767395,21.834367561340333,475.36917209625244,completed
298.689697,10,32.12726,1.0,True,10,0,0,562.2481918334961,822.917106628418,29.937628555297852,562.2481918334961,completed
458.840911,10,32.135443,1.0,True,10,0,0,544.4012432098389,837.2612438201904,22.926548767089844,544.4012432098389,completed
667.385559,10,32.144455,1.0,True,10,0,0,523.4210968017578,684.5027923583984,17.78043556213379,523.4210968017578,completed
169.340873,10,32.152648,1.0,True,10,0,0,686.1218166351318,846.9741878509521,30.11572151184082,686.1218166351318,completed
299.893342,10,32.160313,1.0,True,10,0,0,549.2356700897217,730.0578546524048,34.1250807762146,549.2356700897217,completed
739.78538,10,32.169098,1.0,True,10,0,0,480.4684839248657,558.9433155059814,22.354794120788576,480.4684839248657,completed
635.899695,10,32.177494,1.0,True,10,0,0,500.37704849243164,623.6993103027344,24.640241718292238,500.37704849243164,completed
470.58947,10,32.186025,1.0,True,10,0,0,482.69986057281494,660.1293449401855,30.182416725158692,482.69986057281494,completed
185.387165,10,32.195943,1.0,True,10,0,0,568.7338066101074,748.2833271026611,37.01304454803467,568.7338066101074,completed
746.243455,10,32.204422,1.0,True,10,0,0,521.8576867580414,571.958468914032,21.32438087463379,521.8576867580414,completed
800.20551,10,32.212194,1.0,True,10,0,0,442.1369113922119,557.9678821563721,23.0373836517334,442.1369113922119,completed
889.612869,10,32.220698,1.0,True,10,0,0,477.8042869567871,567.9945163726807,14.445529556274414,477.8042869567871,completed
-559.701417,10,32.229396,1.0,True,10,0,0,680.0973796844482,964.3588008880615,57.79241542816162,680.0973796844482,completed
835.183472,10,32.238757,1.0,True,10,0,0,455.48172974586487,512.677086353302,20.879134750366212,455.48172974586487,completed
355.698384,10,32.247138,1.0,True,10,0,0,680.7658576965332,773.623607635498,22.49280662536621,680.7658576965332,completed
494.249004,10,32.256033,1.0,True,10,0,0,517.1753253936768,676.9090690612793,27.042291259765626,517.1753253936768,completed
99.790045,10,32.263777,1.0,True,10,0,0,614.8934078216553,818.5353088378906,34.794253540039065,614.8934078216553,completed
793.898779,10,32.272184,1.0,True,10,0,0,490.1863250732422,622.1659507751465,17.130344009399415,490.1863250732422,completed
660.451942,10,32.280161,1.0,True,10,0,0,422.9715566635132,592.0054302215576,26.22795753479004,422.9715566635132,completed
245.166401,10,32.28854,1.0,True,10,0,0,655.3536186218262,827.8904151916504,28.297098541259764,655.3536186218262,completed
762.57036,10,32.296045,1.0,True,10,0,0,432.17402744293213,591.1883010864258,23.39090461730957,432.17402744293213,completed
-133.244088,10,32.304884,1.0,True,10,0,0,693.6194381713867,1009.7370491027832,36.06808357238769,693.6194381713867,completed
252.958743,10,32.312791,1.0,True,10,0,0,580.6691465377808,750.106484413147,34.42613182067871,580.6691465377808,completed
1155.772338,10,32.321709,1.0,True,10,0,0,410.8495349884033,465.5998058319092,12.527907752990723,410.8495349884033,completed
592.042394,10,32.329315,1.0,True,10,0,0,393.75967502593994,639.1673049926758,27.93088827133179,393.75967502593994,completed
16.245117,10,32.3391,1.0,True,10,0,0,589.7487478256226,920.5648860931396,34.11421298980713,589.7487478256226,completed
647.259212,10,32.348714,1.0,True,10,0,0,486.5616626739502,684.8613834381104,21.122813415527343,486.5616626739502,completed
376.492207,10,32.357876,1.0,True,10,0,0,560.1906661987305,707.7967720031738,29.940847206115723,560.1906661987305,completed
1078.983905,10,32.366886,1.0,True,10,0,0,411.84607696533203,523.6942234039307,11.892240142822265,411.84607696533203,completed
830.10899,10,32.376261,1.0,True,10,0,0,509.16678047180176,540.3719291687012,20.499090957641602,509.16678047180176,completed
512.165281,10,32.388832,1.0,True,10,0,0,355.13022232055664,556.3396263122559,37.639149856567386,355.13022232055664,completed
-200.479659,10,32.396596,1.0,True,10,0,0,709.9938888549805,910.236083984375,41.911181640625,709.9938888549805,completed
184.842862,10,32.405071,1.0,True,10,0,0,609.6710071563721,747.2384262084961,37.11961326599121,609.6710071563721,completed
758.722463,10,32.412795,1.0,True,10,0,0,455.037531375885,556.2783861160278,24.81743965148926,455.037531375885,completed
965.140111,10,32.420712,1.0,True,10,0,0,409.30768728256226,594.3609418869019,15.023912048339843,409.30768728256226,completed
695.533438,10,32.428684,1.0,True,10,0,0,517.7271595001221,743.3356800079346,15.808050918579102,517.7271595001221,completed
302.430322,10,32.436655,1.0,True,10,0,0,584.6050205230713,852.7324562072754,27.440048217773438,584.6050205230713,completed
649.72126,10,32.444391,1.0,True,10,0,0,514.5285568237305,621.1529426574707,22.414668464660643,514.5285568237305,completed
-209.054519,10,32.452671,1.0,True,10,0,0,682.7841382026672,938.1742405891418,44.119618558883666,682.7841382026672,completed
760.667165,10,32.459918,1.0,True,10,0,0,414.0375576019287,521.2769966125488,26.62528018951416,414.0375576019287,completed
650.566062,10,32.467747,1.0,True,10,0,0,475.59733152389526,822.4565286636353,14.968667888641358,475.59733152389526,completed
666.457356,10,32.475461,1.0,True,10,0,0,488.0513210296631,635.9541168212891,24.058116149902343,488.0513210296631,completed
-56.749133,10,32.483143,1.0,True,10,0,0,597.918643951416,774.2444000244141,46.81645531654358,597.918643951416,completed
474.723725,10,32.491442,1.0,True,10,0,0,545.5485639572144,709.4385814666748,29.12823486328125,545.5485639572144,completed
738.031695,10,32.498894,1.0,True,10,0,0,549.6922264099121,690.3988399505615,15.635712242126464,549.6922264099121,completed
636.403704,10,32.50771,1.0,True,10,0,0,496.76872062683105,610.9537811279297,25.424295234680176,496.76872062683105,completed
226.214981,10,32.515254,1.0,True,10,0,0,440.83213329315186,749.2764167785645,40.00408401489258,440.83213329315186,completed
761.063102,10,32.523556,1.0,True,10,0,0,522.3203449249268,708.5652389526367,16.80614643096924,522.3203449249268,completed
333.616481,10,32.531253,1.0,True,10,0,0,573.1738910675049,680.8952236175537,33.17472190856934,573.1738910675049,completed
687.558747,10,32.539217,1.0,True,10,0,0,474.9303922653198,685.7564373016357,19.40754680633545,474.9303922653198,completed
777.141155,10,32.546849,1.0,True,10,0,0,479.6356701850891,576.0282764434814,20.822316932678223,479.6356701850891,completed
122.942836,10,32.554381,1.0,True,10,0,0,565.7619094848633,802.3095359802246,36.002976417541504,565.7619094848633,completed
564.574225,10,32.562551,1.0,True,10,0,0,479.4657373428345,702.381025314331,25.756360244750976,479.4657373428345,completed
574.267386,10,32.57167,1.0,True,10,0,0,490.54025650024414,627.1904525756836,27.824948120117188,490.54025650024414,completed
329.51304,10,32.58134,1.0,True,10,0,0,625.899959564209,918.9405555725098,21.20561866760254,625.899959564209,completed
1019.35707,10,32.593156,1.0,True,10,0,0,441.5540237426758,510.3658103942871,14.715406227111817,441.5540237426758,completed
20.265914,10,32.601847,1.0,True,10,0,0,642.5254974365234,804.1578636169434,38.73225688934326,642.5254974365234,completed
521.136138,10,32.609738,1.0,True,10,0,0,455.6629524230957,763.7990531921387,22.76435661315918,455.6629524230957,completed
-176.108008,10,32.617288,1.0,True,10,0,0,669.1790399551392,937.2414102554321,40.43175163269043,669.1790399551392,completed
205.005187,10,32.625251,1.0,True,10,0,0,595.3214349746704,828.4783306121826,32.07378940582275,595.3214349746704,completed
675.15204,10,32.633523,1.0,True,10,0,0,554.9080123901367,763.1578483581543,15.871475982666016,554.9080123901367,completed
887.15213,10,32.641336,1.0,True,10,0,0,440.1474609375,588.0378875732422,15.845885848999023,440.1474609375,completed
635.44468,10,32.648756,1.0,True,10,0,0,502.7975158691406,679.0389518737793,22.79669818878174,502.7975158691406,completed
1204.719484,10,32.657388,1.0,True,10,0,0,395.3902311325073,496.99767875671387,8.817446517944337,395.3902311325073,completed
917.542176,10,32.66522,1.0,True,10,0,0,411.88247776031494,589.5249576568604,17.592544174194337,411.88247776031494,completed
914.150541,10,32.673454,1.0,True,10,0,0,463.84907484054565,703.4975690841675,9.934634399414062,463.84907484054565,completed
614.635404,10,32.681947,1.0,True,10,0,0,432.0009422302246,636.4158477783203,28.305329895019533,432.0009422302246,completed
709.986673,10,32.690798,1.0,True,10,0,0,366.9737310409546,608.3722114562988,27.030982780456544,366.9737310409546,completed
66.405496,10,32.699593,1.0,True,10,0,0,621.8130760192871,813.2488021850586,39.046648788452146,621.8130760192871,completed
947.529568,10,32.708341,1.0,True,10,0,0,392.90563106536865,520.6053915023804,17.953056144714356,392.90563106536865,completed
791.331261,10,32.716754,1.0,True,10,0,0,449.1531581878662,566.060525894165,20.32551326751709,449.1531581878662,completed
224.088394,10,32.725272,1.0,True,10,0,0,623.3574886322021,929.5481414794922,24.719707870483397,623.3574886322021,completed
226.19539,10,32.733596,1.0,True,10,0,0,638.8360843658447,834.617115020752,29.37120666503906,638.8360843658447,completed
1442.332952,10,32.741619,1.0,True,10,0,0,358.43334579467773,489.94651794433594,0.9332935333251953,358.43334579467773,completed
588.836141,10,32.750209,1.0,True,10,0,0,429.9549798965454,587.128960609436,33.61745071411133,429.9549798965454,completed
657.594388,10,32.758412,1.0,True,10,0,0,468.7482681274414,634.2990570068359,23.921384429931642,468.7482681274414,completed
1172.7828,10,32.76678,1.0,True,10,0,0,406.4368953704834,530.7043514251709,8.229013824462891,406.4368953704834,completed
858.823127,10,32.775327,1.0,True,10,0,0,506.8717441558838,630.170295715332,14.19332504272461,506.8717441558838,completed
748.228713,10,32.783877,1.0,True,10,0,0,363.95824217796326,541.3990321159363,27.642870330810545,363.95824217796326,completed
1269.538396,10,32.792123,1.0,True,10,0,0,371.1830129623413,462.45428466796875,8.202604150772094,371.1830129623413,completed
421.735832,10,32.800567,1.0,True,10,0,0,483.1353635787964,667.8887729644775,32.18526496887207,483.1353635787964,completed
534.813526,10,32.808902,1.0,True,10,0,0,481.32773780822754,611.9879531860352,29.660154151916505,481.32773780822754,completed
745.024641,10,32.81713,1.0,True,10,0,0,424.4639091491699,502.3932418823242,25.633222389221192,424.4639091491699,completed
-33.401983,10,32.826588,1.0,True,10,0,0,698.8031549453735,881.6331043243408,34.216183757781984,698.8031549453735,completed
1190.434887,10,32.836598,1.0,True,10,0,0,332.58460998535156,535.4887180328369,10.548837852478027,332.58460998535156,completed
688.267194,10,32.855193,1.0,True,10,0,0,528.7146055698395,692.2612233161926,18.650834846496583,528.7146055698395,completed
1530.060187,10,32.863744,1.0,True,10,0,0,305.61225414276123,351.3798942565918,5.752728843688965,305.61225414276123,completed
-440.789322,10,32.871862,1.0,True,10,0,0,761.7493362426758,1002.4279098510742,46.053450965881346,761.7493362426758,completed
432.217122,10,32.879273,1.0,True,10,0,0,476.74130630493164,696.0684623718262,29.053139305114748,476.74130630493164,completed
943.454655,10,32.887386,1.0,True,10,0,0,435.72960472106934,543.4648380279541,16.86481304168701,435.72960472106934,completed
896.842638,10,32.895136,1.0,True,10,0,0,499.2887668609619,567.4119834899902,13.47154598236084,499.2887668609619,completed
519.834185,10,32.903264,1.0,True,10,0,0,547.9776773452759,710.0901622772217,25.514001488685608,547.9776773452759,completed
576.879934,10,32.911767,1.0,True,10,0,0,491.42969131469727,566.0920181274414,28.528051567077636,491.42969131469727,completed
1157.7564,10,32.919561,1.0,True,10,0,0,376.77045726776123,466.93826961517334,10.877461433410645,376.77045726776123,completed
879.513086,10,32.927306,1.0,True,10,0,0,551.5723528862,636.593780040741,11.464517211914062,551.5723528862,completed
1090.660056,10,32.935311,1.0,True,10,0,0,365.1614303588867,454.85414123535156,17.74517650604248,365.1614303588867,completed
1115.502462,10,32.943252,1.0,True,10,0,0,353.2969129085541,431.3705554008484,16.900588989257812,353.2969129085541,completed
1099.839934,10,32.951559,1.0,True,10,0,0,472.62805938720703,691.8967590332031,3.5248397827148437,472.62805938720703,completed
744.804848,10,32.96096,1.0,True,10,0,0,495.6164360046387,638.3265686035156,18.533303260803223,495.6164360046387,completed
811.673697,10,32.968847,1.0,True,10,0,0,544.6602277755737,678.6065464019775,14.00314826965332,544.6602277755737,completed
977.984543,10,32.976588,1.0,True,10,0,0,460.6161551475525,543.980616569519,15.613354301452636,460.6161551475525,completed
815.613412,10,32.984369,1.0,True,10,0,0,412.92445945739746,607.493968963623,17.91942729949951,412.92445945739746,completed
-166.692566,10,32.991759,1.0,True,10,0,0,715.321626663208,925.2025413513184,41.73883972167969,715.321626663208,completed
235.528113,10,32.999974,1.0,True,10,0,0,594.1870059967041,748.555118560791,33.72745265960693,594.1870059967041,completed
1006.168916,10,33.00842,1.0,True,10,0,0,404.5558683872223,599.4730496406555,11.583860397338867,404.5558683872223,completed
504.457041,10,33.016321,1.0,True,10,0,0,432.9321689605713,598.3206081390381,33.38154945373535,432.9321689605713,completed
704.672486,10,33.025316,1.0,True,10,0,0,466.6752243041992,589.6481838226318,22.83546886444092,466.6752243041992,completed
747.702203,10,33.033407,1.0,True,10,0,0,368.11853551864624,545.3172597885132,28.578884506225585,368.11853551864624,completed
569.361631,10,33.041984,1.0,True,10,0,0,469.18130683898926,685.0315647125244,25.529743194580078,469.18130683898926,completed
837.758518,10,33.049466,1.0,True,10,0,0,453.91247940063477,571.6614646911621,20.05331916809082,453.91247940063477,completed
537.603973,10,33.058276,1.0,True,10,0,0,632.3100109100342,875.0484428405762,13.022836685180664,632.3100109100342,completed
675.800788,10,33.066387,1.0,True,10,0,0,422.90451431274414,545.7663249969482,29.255677318573,422.90451431274414,completed
339.143882,10,33.075,1.0,True,10,0,0,443.8897476196289,661.7423934936523,37.830281829833986,443.8897476196289,completed
224.495107,10,33.082681,1.0,True,10,0,0,593.3415699005127,859.4915885925293,31.952960205078124,593.3415699005127,completed
279.854062,10,33.093376,1.0,True,10,0,0,551.948655128479,736.1190633773804,33.462288761138915,551.948655128479,completed
914.902576,10,33.102625,1.0,True,10,0,0,438.73672103881836,600.0052490234375,16.342480850219726,438.73672103881836,completed
853.755086,10,33.11037,1.0,True,10,0,0,434.06982421875,561.1339874267578,21.677781677246095,434.06982421875,completed
-424.40521,10,33.118415,1.0,True,10,0,0,761.5273656845093,916.3411312103271,51.22567729949951,761.5273656845093,completed
443.251315,10,33.126875,1.0,True,10,0,0,643.0883445739746,824.4035987854004,20.202585983276368,643.0883445739746,completed
-102.98361,10,33.134786,1.0,True,10,0,0,528.6990051269531,812.3105697631836,46.61112899780274,528.6990051269531,completed
1128.883369,10,33.142317,1.0,True,10,0,0,363.4579153060913,473.2888584136963,14.871206855773925,363.4579153060913,completed
334.570706,10,33.1497,1.0,True,10,0,0,498.39875388145447,699.6680378913879,36.837760019302365,498.39875388145447,completed
802.93422,10,33.157907,1.0,True,10,0,0,523.7156009674072,568.8052101135254,18.607534408569336,523.7156009674072,completed
405.224298,10,33.165131,1.0,True,10,0,0,597.4405326843262,790.2402286529541,24.10235652923584,597.4405326843262,completed
264.867566,10,33.172961,1.0,True,10,0,0,552.0576515197754,782.3998336791992,30.412901306152342,552.0576515197754,completed
257.326491,10,33.181346,1.0,True,10,0,0,450.1297969818115,782.1816635131836,33.8597900390625,450.1297969818115,completed
368.850655,10,33.189155,1.0,True,10,0,0,425.04434967041016,702.1145782470703,35.93983497619629,425.04434967041016,completed
592.612524,10,33.196784,1.0,True,10,0,0,625.0215005874634,669.6353969573975,21.788781929016114,625.0215005874634,completed
580.862349,10,33.204346,1.0,True,10,0,0,602.0188465118408,690.9207992553711,19.395673179626463,602.0188465118408,completed
-582.725142,10,33.212061,1.0,True,10,0,0,692.1559867858887,946.316951751709,60.82414512634277,692.1559867858887,completed
582.876188,10,33.219928,1.0,True,10,0,0,603.9650211334229,785.1393775939941,15.30457420349121,603.9650211334229,completed
171.780247,10,33.228956,1.0,True,10,0,0,569.0215096473694,820.6787462234497,33.70301132202148,569.0215096473694,completed
720.640704,10,33.237341,1.0,True,10,0,0,571.4737243652344,772.0196762084961,12.6126708984375,571.4737243652344,completed
895.622136,10,33.244672,1.0,True,10,0,0,402.2759952545166,427.3814239501953,22.894635009765626,402.2759952545166,completed
411.182633,10,33.253153,1.0,True,10,0,0,531.2963428497314,704.7283477783203,29.2419189453125,531.2963428497314,completed
-172.310009,10,33.262032,1.0,True,10,0,0,531.775707244873,915.8641376495361,45.53970165252686,531.775707244873,completed
-251.435203,10,33.270406,1.0,True,10,0,0,617.989725112915,764.1921329498291,55.25150108337402,617.989725112915,completed
980.121957,10,33.278792,1.0,True,10,0,0,459.8459815979004,539.4688682556152,14.52773494720459,459.8459815979004,completed
818.56867,10,33.2865,1.0,True,10,0,0,493.0009822845459,623.7091159820557,16.97753562927246,493.0009822845459,completed
43.443235,10,33.29432,1.0,True,10,0,0,661.1705989837646,835.3925018310547,36.54613265991211,661.1705989837646,completed
1438.72888,10,33.301887,1.0,True,10,0,0,306.39908480644226,470.7381625175476,3.7309844970703123,306.39908480644226,completed
-255.424481,10,33.31033,1.0,True,10,0,0,668.3903789520264,1059.8928718566895,38.925404739379886,668.3903789520264,completed
757.796513,10,33.317837,1.0,True,10,0,0,474.3441209793091,643.0195121765137,18.26377754211426,474.3441209793091,completed
618.959184,10,33.326387,1.0,True,10,0,0,484.6909341812134,604.1977672576904,25.78043556213379,484.6909341812134,completed
268.38133,10,33.33455,1.0,True,10,0,0,533.1974868774414,686.1325988769531,36.09771595001221,533.1974868774414,completed
921.630426,10,33.34861,1.0,True,10,0,0,401.2234354019165,580.8295917510986,15.686148071289063,401.2234354019165,completed
537.119465,10,33.357541,1.0,True,10,0,0,584.0004196166992,716.9992599487305,23.189054870605467,584.0004196166992,completed
866.254995,10,33.366036,1.0,True,10,0,0,433.92239356040955,563.4037203788757,20.932373809814454,433.92239356040955,completed
525.069653,10,33.375566,1.0,True,10,0,0,539.7956008911133,666.4796829223633,26.646266746520997,539.7956008911133,completed
388.425013,10,33.385481,1.0,True,10,0,0,658.6828289031982,833.4918441772461,19.47621307373047,658.6828289031982,completed
336.694444,10,33.395139,1.0,True,10,0,0,658.0820732116699,760.3974571228027,27.350955486297607,658.0820732116699,completed
486.989118,10,33.404486,1.0,True,10,0,0,514.242057800293,715.0123062133789,26.64760551452637,514.242057800293,completed
563.615396,10,33.413621,1.0,True,10,0,0,486.3034448623657,616.0956974029541,27.844863510131837,486.3034448623657,completed
675.611908,10,33.422385,1.0,True,10,0,0,494.6939468383789,551.0926055908203,26.818492889404297,494.6939468383789,completed
303.198461,10,33.430843,1.0,True,10,0,0,530.9386768341064,765.4554214477539,31.311868476867676,530.9386768341064,completed
347.548052,10,33.440009,1.0,True,10,0,0,598.3815612792969,723.712574005127,29.366958999633788,598.3815612792969,completed
1263.070423,10,33.448438,1.0,True,10,0,0,351.53710556030273,494.5020923614502,7.352750587463379,351.53710556030273,completed
680.902861,10,33.457113,1.0,True,10,0,0,535.1980743408203,660.8844795227051,19.300268363952636,535.1980743408203,completed
616.603026,10,33.465685,1.0,True,10,0,0,499.61845684051514,611.4365644454956,25.05228395462036,499.61845684051514,completed
715.105074,10,33.474167,1.0,True,10,0,0,444.777587890625,637.7152252197266,24.077081298828126,444.777587890625,completed
506.236537,10,33.482359,1.0,True,10,0,0,507.92558002471924,670.5391979217529,29.570749855041505,507.92558002471924,completed
697.645466,10,33.491039,1.0,True,10,0,0,464.59040451049805,583.5436553955078,26.085113525390625,464.59040451049805,completed
1300.561714,10,33.499795,1.0,True,10,0,0,373.52494049072266,430.6284637451172,8.331600570678711,373.52494049072266,completed
781.64344,10,33.508536,1.0,True,10,0,0,471.74413299560547,549.8378810882568,22.274420547485352,471.74413299560547,completed
460.119679,10,34.75663,1.0,True,10,0,0,620.1770896911621,724.4698715209961,26.792860412597655,620.1770896911621,completed
763.394494,10,34.765549,1.0,True,10,0,0,482.62383556365967,678.3989925384521,18.289615631103516,482.62383556365967,completed
667.533227,10,34.773675,1.0,True,10,0,0,559.0082440376282,735.8132290840149,17.633363723754883,559.0082440376282,completed
762.638701,10,34.781489,1.0,True,10,0,0,453.6279125213623,643.0050277709961,21.1439510345459,453.6279125213623,completed
1338.518561,10,34.789109,1.0,True,10,0,0,372.3917717933655,388.0867395401001,10.057548141479492,372.3917717933655,completed
605.482242,10,34.797044,1.0,True,10,0,0,570.7961254119873,740.2035884857178,18.89080677032471,570.7961254119873,completed
639.083735,10,34.804898,1.0,True,10,0,0,538.8708543777466,627.8702983856201,25.596821212768553,538.8708543777466,completed
766.219002,10,34.813224,1.0,True,10,0,0,450.452880859375,568.9200210571289,22.634862327575682,450.452880859375,completed
671.065935,10,34.821508,1.0,True,10,0,0,426.78045749664307,635.2059650421143,25.70696144104004,426.78045749664307,completed
1223.613728,10,34.829773,1.0,True,10,0,0,321.932505607605,479.56135177612305,9.785464096069337,321.932505607605,completed
47.048307,10,34.837997,1.0,True,10,0,0,668.125675201416,814.1233806610107,36.077028465271,668.125675201416,completed
1116.938056,10,34.848307,1.0,True,10,0,0,345.055344581604,423.56821727752686,18.755184936523438,345.055344581604,completed
369.64852,10,34.858133,1.0,True,10,0,0,489.68638849258423,709.1623125076294,32.32305517196655,489.68638849258423,completed
-201.999174,10,34.868558,1.0,True,10,0,0,678.495584487915,931.4907264709473,43.013101196289064,678.495584487915,completed
452.820927,10,34.877022,1.0,True,10,0,0,555.8474578857422,805.6728477478027,23.371523284912108,555.8474578857422,completed
932.208355,10,34.884698,1.0,True,10,0,0,468.314227104187,550.8469257354736,17.29357452392578,468.314227104187,completed
604.174059,10,34.893244,1.0,True,10,0,0,547.4468574523926,726.5304641723633,20.4087158203125,547.4468574523926,completed
435.733757,10,34.900962,1.0,True,10,0,0,498.9240913391113,641.3534469604492,31.221149826049803,498.9240913391113,completed
-209.291344,10,34.908517,1.0,True,10,0,0,698.1373481750488,871.835147857666,43.569513607025144,698.1373481750488,completed
20.886172,10,34.9159,1.0,True,10,0,0,597.1047058105469,761.2086868286133,41.176072454452516,597.1047058105469,completed
1368.88431,10,34.923817,1.0,True,10,0,0,397.4816014766693,486.1809153556824,3.641386127471924,397.4816014766693,completed
455.589776,10,34.931321,1.0,True,10,0,0,542.3821125030518,906.1101455688477,16.862989807128905,542.3821125030518,completed
638.083769,10,34.938926,1.0,True,10,0,0,453.91537523269653,580.8256044387817,27.032942032814027,453.91537523269653,completed
1189.594957,10,34.946436,1.0,True,10,0,0,408.1863594055176,408.1863594055176,11.574411582946777,408.1863594055176,completed
994.146392,10,34.95387,1.0,True,10,0,0,445.39570808410645,445.39570808410645,18.184045219421385,445.39570808410645,completed
955.086765,10,34.961529,1.0,True,10,0,0,434.53546047210693,530.5648975372314,17.0285285949707,434.53546047210693,completed
695.806407,10,34.969038,1.0,True,10,0,0,483.0727481842041,678.0300617218018,19.175843811035158,483.0727481842041,completed
1039.152764,10,34.97657,1.0,True,10,0,0,400.1768207550049,558.2490825653076,13.583357620239259,400.1768207550049,completed
694.264072,10,34.984938,1.0,True,10,0,0,461.0644130706787,601.4227828979492,24.126610946655273,461.0644130706787,completed
982.939169,10,34.992454,1.0,True,10,0,0,499.47525119781494,697.1839847564697,7.023664855957032,499.47525119781494,completed
656.61764,10,35.000373,1.0,True,10,0,0,516.7405662536621,714.1502380371094,15.638637924194336,516.7405662536621,completed
963.900725,10,35.008423,1.0,True,10,0,0,446.2920274734497,555.1976566314697,13.630331802368165,446.2920274734497,completed
336.42968,10,35.015712,1.0,True,10,0,0,454.6573257446289,690.1146087646484,37.33249273300171,454.6573257446289,completed
156.245021,10,35.023479,1.0,True,10,0,0,631.2840957641602,721.5241012573242,38.06540050506592,631.2840957641602,completed
127.118861,10,35.032083,1.0,True,10,0,0,582.5685844421387,766.2245903015137,38.52464694976807,582.5685844421387,completed
415.668509,10,35.040212,1.0,True,10,0,0,600.5147848129272,723.5990581512451,27.153182792663575,600.5147848129272,completed
344.331248,10,35.047969,1.0,True,10,0,0,582.3180541992188,838.1843528747559,24.963756561279297,582.3180541992188,completed
888.625505,10,35.055735,1.0,True,10,0,0,496.59382820129395,624.3866767883301,10.82964267730713,496.59382820129395,completed
-166.86761,10,35.063154,1.0,True,10,0,0,564.1411266326904,819.7491798400879,50.8329418182373,564.1411266326904,completed
245.62275,10,35.070993,1.0,True,10,0,0,573.6780738830566,716.6428260803223,34.34316482543945,573.6780738830566,completed
992.47312,10,35.078423,1.0,True,10,0,0,482.667028427124,578.6737651824951,11.069276046752929,482.667028427124,completed
258.214295,10,35.086458,1.0,True,10,0,0,450.16234588623047,837.9290390014648,33.24831771850586,450.16234588623047,completed
1126.260385,10,35.09396,1.0,True,10,0,0,392.9760046005249,520.0176849365234,12.79672794342041,392.9760046005249,completed
472.348487,10,35.102003,1.0,True,10,0,0,438.8253903388977,689.6295824050903,31.038186931610106,438.8253903388977,completed
592.025365,10,35.109361,1.0,True,10,0,0,558.9614524841309,558.9614524841309,27.387008285522462,558.9614524841309,completed
70.579377,10,35.116798,1.0,True,10,0,0,567.944974899292,858.7490615844727,37.9514835357666,567.944974899292,completed
643.705649,10,35.124134,1.0,True,10,0,0,522.9178228378296,656.3642482757568,24.277149200439453,522.9178228378296,completed
596.271541,10,35.131681,1.0,True,10,0,0,552.9499416351318,577.843189239502,25.06654930114746,552.9499416351318,completed
823.610446,10,35.1397,1.0,True,10,0,0,526.5564193725586,625.4649448394775,16.8722131729126,526.5564193725586,completed
594.155853,10,35.147332,1.0,True,10,0,0,567.9779706001282,740.2064785957336,18.291511917114256,567.9779706001282,completed
316.820326,10,35.155076,1.0,True,10,0,0,475.80812978744507,720.4797506332397,36.008353519439694,475.80812978744507,completed
152.40587,10,35.163306,1.0,True,10,0,0,486.14435482025146,791.272985458374,40.02536163330078,486.14435482025146,completed
992.67554,10,35.170629,1.0,True,10,0,0,462.83759689331055,529.6728096008301,14.349090576171875,462.83759689331055,completed
580.76026,10,35.178343,1.0,True,10,0,0,514.6020402908325,656.8569250106812,23.896794891357423,514.6020402908325,completed
-827.752083,10,35.185566,1.0,True,10,0,0,849.3297023773193,1125.7041816711426,58.49398307800293,849.3297023773193,completed
82.863038,10,35.193404,1.0,True,10,0,0,636.3756732940674,816.4441719055176,36.36114845275879,636.3756732940674,completed
373.974942,10,35.200863,1.0,True,10,0,0,444.3318405151367,675.250789642334,36.58250427246094,444.3318405151367,completed
994.368205,10,35.208383,1.0,True,10,0,0,336.5954704284668,442.415735244751,22.8508602142334,336.5954704284668,completed
751.058533,10,35.215887,1.0,True,10,0,0,423.0176242887974,609.0192993283272,22.010483169555663,423.0176242887974,completed
728.327193,10,35.223751,1.0,True,10,0,0,483.95219898223877,690.7006320953369,18.076539611816408,483.95219898223877,completed
557.762074,10,35.231441,1.0,True,10,0,0,430.4646339416504,650.9761962890625,27.894266510009764,430.4646339416504,completed
692.214871,10,35.239311,1.0,True,10,0,0,515.0018157958984,632.9090995788574,20.87920150756836,515.0018157958984,completed
770.646132,10,35.246748,1.0,True,10,0,0,515.8983688354492,650.2829856872559,15.975178146362305,515.8983688354492,completed
-211.628123,10,35.254168,1.0,True,10,0,0,574.3107757568359,905.0671844482422,48.073387718200685,574.3107757568359,completed
742.50484,10,35.261909,1.0,True,10,0,0,456.09027576446533,629.1202669143677,21.590435028076172,456.09027576446533,completed
65.309535,10,35.269286,1.0,True,10,0,0,596.668571472168,867.2697296142578,38.13463096618652,596.668571472168,completed
521.179052,10,35.276768,1.0,True,10,0,0,525.4585866928101,641.5537548065186,26.141833305358887,525.4585866928101,completed
924.93729,10,35.284091,1.0,True,10,0,0,488.82569313049316,577.123929977417,14.346548557281494,488.82569313049316,completed
505.224304,10,35.291636,1.0,True,10,0,0,593.0688552856445,653.3087882995605,25.514735794067384,593.0688552856445,completed
680.169228,10,35.299013,1.0,True,10,0,0,514.2113380432129,637.4051933288574,21.257912826538085,514.2113380432129,completed
417.793342,10,35.306356,1.0,True,10,0,0,526.8279314041138,741.8164720535278,28.2555890083313,526.8279314041138,completed
768.07858,10,35.31354,1.0,True,10,0,0,474.9523096084595,615.4308032989502,20.498807525634767,474.9523096084595,completed
987.210103,10,35.320782,1.0,True,10,0,0,468.2916030883789,477.8864231109619,16.05699348449707,468.2916030883789,completed
430.351744,10,35.328154,1.0,True,10,0,0,514.5621681213379,648.2664794921875,30.64089140892029,514.5621681213379,completed
482.147822,10,35.335805,1.0,True,10,0,0,555.0035610198975,615.4130096435547,31.1447865486145,555.0035610198975,completed
373.590531,10,35.343552,1.0,True,10,0,0,665.7469053268433,754.8240261077881,25.58274483680725,665.7469053268433,completed
268.353683,10,35.350734,1.0,True,10,0,0,605.8862247467041,790.8822803497314,29.407203674316406,605.8862247467041,completed
1096.343463,10,35.358433,1.0,True,10,0,0,423.8719801902771,444.118136882782,13.79016990661621,423.8719801902771,completed
649.15336,10,35.365979,1.0,True,10,0,0,398.8322525024414,531.2811393737793,28.356901741027833,398.8322525024414,completed
132.129763,10,35.373614,1.0,True,10,0,0,583.459789276123,823.4623565673828,33.84928855895996,583.459789276123,completed
-726.02328,10,35.381211,1.0,True,10,0,0,738.564172744751,1038.0785331726074,60.299919509887694,738.564172744751,completed
1093.043199,10,35.388398,1.0,True,10,0,0,374.3047695159912,501.6551036834717,13.527666282653808,374.3047695159912,completed
848.839861,10,35.395651,1.0,True,10,0,0,422.72850227355957,538.9635925292969,19.733154296875,422.72850227355957,completed
749.810507,10,35.40335,1.0,True,10,0,0,475.29816818237305,658.8560752868652,19.013445472717287,475.29816818237305,completed
164.233717,10,35.411191,1.0,True,10,0,0,608.3084945678711,760.0795135498047,36.234686088562015,608.3084945678711,completed
144.565793,10,35.418463,1.0,True,10,0,0,494.70948600769043,705.8213691711426,42.36025047302246,494.70948600769043,completed
641.770745,10,35.425843,1.0,True,10,0,0,524.2429800033569,639.7749700546265,23.996549987792967,524.2429800033569,completed
89.229918,10,35.433344,1.0,True,10,0,0,557.0569114685059,753.6828498840332,40.62424001693726,557.0569114685059,completed
595.489101,10,35.440596,1.0,True,10,0,0,564.6603965759277,608.199239730835,24.334774875640868,564.6603965759277,completed
864.814201,10,35.448065,1.0,True,10,0,0,450.8440628051758,485.184383392334,21.04882698059082,450.8440628051758,completed
429.004961,10,35.455447,1.0,True,10,0,0,651.5326728820801,785.7812461853027,20.28580322265625,651.5326728820801,completed
1231.49945,10,35.462942,1.0,True,10,0,0,429.73521184921265,620.8782987594604,2.1346647262573244,429.73521184921265,completed
363.655055,10,35.470296,1.0,True,10,0,0,437.67133045196533,649.0849628448486,38.73743438720703,437.67133045196533,completed
642.785609,10,35.47743,1.0,True,10,0,0,577.3354158401489,666.3348598480225,22.14223976135254,577.3354158401489,completed
-73.869657,10,35.484659,1.0,True,10,0,0,747.7060966491699,937.8732719421387,35.42926998138428,747.7060966491699,completed
279.188788,10,35.492164,1.0,True,10,0,0,496.3867301940918,728.0922927856445,34.35388259887695,496.3867301940918,completed
56.809576,10,35.499495,1.0,True,10,0,0,560.8998489379883,762.9403533935547,42.87080631256104,560.8998489379883,completed
47.935452,10,35.507013,1.0,True,10,0,0,584.3079090118408,977.2101707458496,32.077430725097656,584.3079090118408,completed
1271.922448,10,35.51459,1.0,True,10,0,0,381.0626754760742,429.7621479034424,7.085079193115234,381.0626754760742,completed
192.262739,10,35.522,1.0,True,10,0,0,539.4542388916016,746.2363758087158,37.660235214233396,539.4542388916016,completed
732.020482,10,35.529467,1.0,True,10,0,0,439.34912109375,598.1157913208008,23.07213373184204,439.34912109375,completed
490.031949,10,35.536814,1.0,True,10,0,0,557.2207183837891,720.5379657745361,28.652192878723145,557.2207183837891,completed
-66.934339,10,35.544368,1.0,True,10,0,0,626.1211090087891,758.617000579834,47.33914864063263,626.1211090087891,completed
327.880299,10,35.552312,1.0,True,10,0,0,513.7698402404785,672.4784965515137,33.20657253265381,513.7698402404785,completed
411.190838,10,35.559652,1.0,True,10,0,0,616.9717807769775,790.0695514678955,23.22747936248779,616.9717807769775,completed
810.590974,10,35.566927,1.0,True,10,0,0,501.81918144226074,599.6476650238037,17.185254287719726,501.81918144226074,completed
356.140562,10,35.574529,1.0,True,10,0,0,565.0583992004395,681.4028034210205,31.014065742492676,565.0583992004395,completed
875.691353,10,35.581898,1.0,True,10,0,0,463.5859317779541,546.1660842895508,18.01871976852417,463.5859317779541,completed
1051.306322,10,35.589718,1.0,True,10,0,0,437.0669746398926,534.5663604736328,11.921524810791016,437.0669746398926,completed
568.922335,10,35.597658,1.0,True,10,0,0,572.2400283813477,677.5491065979004,24.121481513977052,572.2400283813477,completed
-385.380647,10,35.605213,1.0,True,10,0,0,735.2121505737305,961.1898765563965,46.34722461700439,735.2121505737305,completed
1125.976504,10,35.612787,1.0,True,10,0,0,401.56116008758545,542.6864643096924,10.056584453582763,401.56116008758545,completed
-58.384348,10,35.620697,1.0,True,10,0,0,550.9024753570557,787.34157371521,46.338356590271,550.9024753570557,completed
1374.466795,10,35.628228,1.0,True,10,0,0,286.48172426223755,334.27840423583984,11.296896266937257,286.48172426223755,completed
252.494476,10,35.635811,1.0,True,10,0,0,582.8859853744507,890.9376277923584,27.887127113342284,582.8859853744507,completed
289.248462,10,35.644206,1.0,True,10,0,0,593.9863243103027,857.3845176696777,25.061838722229005,593.9863243103027,completed
812.921141,10,35.651805,1.0,True,10,0,0,550.1380920410156,632.5225791931152,16.31105833053589,550.1380920410156,completed
466.160173,10,35.65974,1.0,True,10,0,0,455.2654838562012,633.4680061340332,31.443286514282228,455.2654838562012,completed
1118.498589,10,35.667851,1.0,True,10,0,0,404.0399227142334,534.0387001037598,10.831744384765624,404.0399227142334,completed
454.796321,10,35.675685,1.0,True,10,0,0,571.9804401397705,655.5557765960693,27.295203018188477,571.9804401397705,completed
-151.825272,10,35.683403,1.0,True,10,0,0,528.3008670806885,816.6929321289062,50.07412633895874,528.3008670806885,completed
958.130205,10,35.690939,1.0,True,10,0,0,398.0039291381836,464.6779537200928,19.0960844039917,398.0039291381836,completed
512.446632,10,35.698818,1.0,True,10,0,0,547.5436754226685,698.6863307952881,24.023609924316407,547.5436754226685,completed
513.305881,10,35.706106,1.0,True,10,0,0,489.30889320373535,612.9262504577637,27.944495391845702,489.30889320373535,completed
392.861129,10,35.713513,1.0,True,10,0,0,476.90089082717896,682.5416460037231,34.26012630462647,476.90089082717896,completed
1083.125813,10,35.720864,1.0,True,10,0,0,456.1543502807617,614.4025192260742,6.616940307617187,456.1543502807617,completed
162.48956,10,35.728277,1.0,True,10,0,0,675.2720947265625,730.7137641906738,35.92810211181641,675.2720947265625,completed
1476.305296,10,35.735793,1.0,True,10,0,0,367.5382432937622,368.7192440032959,4.37902946472168,367.5382432937622,completed
1102.567615,10,35.743505,1.0,True,10,0,0,395.72412061691284,513.7703561782837,12.992526054382324,395.72412061691284,completed
-66.491594,10,35.750796,1.0,True,10,0,0,625.9269371032715,749.8193244934082,46.55670871734619,625.9269371032715,completed
797.723018,10,35.758612,1.0,True,10,0,0,407.3567924499512,538.1783638000488,24.043335294723512,407.3567924499512,completed
686.47569,10,35.766527,1.0,True,10,0,0,512.2734842300415,589.1055660247803,24.907204818725585,512.2734842300415,completed
656.123409,10,35.774659,1.0,True,10,0,0,558.1114730834961,637.177604675293,22.40571708679199,558.1114730834961,completed
84.454249,10,35.782175,1.0,True,10,0,0,701.9285507202148,833.7405700683594,33.36369967460632,701.9285507202148,completed
171.838317,10,35.789431,1.0,True,10,0,0,531.3240280151367,746.8524169921875,37.64148035049438,531.3240280151367,completed
-85.512398,10,35.796836,1.0,True,10,0,0,570.5404644012451,962.4268493652344,38.725929260253906,570.5404644012451,completed
426.962074,10,35.804635,1.0,True,10,0,0,551.7494201660156,717.5163726806641,28.386013221740722,551.7494201660156,completed
-526.996985,10,35.81221,1.0,True,10,0,0,802.4139862060547,1101.3932304382324,44.95080199241638,802.4139862060547,completed
915.93712,10,35.819787,1.0,True,10,0,0,508.4052143096924,595.4450283050537,13.201511001586914,508.4052143096924,completed
659.830592,10,35.827331,1.0,True,10,0,0,481.9248809814453,613.0371360778809,24.583681488037108,481.9248809814453,completed
888.932435,10,35.834731,1.0,True,10,0,0,527.2919750213623,699.1970729827881,10.778779983520508,527.2919750213623,completed
1155.763433,10,35.84223,1.0,True,10,0,0,427.59894275665283,442.0170307159424,10.822923374176025,427.59894275665283,completed
774.157391,10,35.849815,1.0,True,10,0,0,474.2140254974365,740.5828514099121,14.583652877807618,474.2140254974365,completed
993.166469,10,35.857223,1.0,True,10,0,0,519.0488529205322,563.4326992034912,10.781412506103516,519.0488529205322,completed
791.058957,10,35.865331,1.0,True,10,0,0,445.53437900543213,609.7789316177368,21.793179559707642,445.53437900543213,completed
-7.196028,10,35.873005,1.0,True,10,0,0,452.9875946044922,792.9627075195312,47.65722465515137,452.9875946044922,completed
754.233435,10,35.880671,1.0,True,10,0,0,443.9126443862915,634.5762453079224,21.069255447387697,443.9126443862915,completed
789.526456,10,35.888309,1.0,True,10,0,0,411.24463653564453,611.3290138244629,21.56324234008789,411.24463653564453,completed
435.931127,10,35.895476,1.0,True,10,0,0,508.68364238739014,684.2400493621826,29.809731674194335,508.68364238739014,completed
393.770486,10,35.902962,1.0,True,10,0,0,541.4675164222717,751.1774492263794,27.252690505981445,541.4675164222717,completed
680.724001,10,35.910157,1.0,True,10,0,0,359.6723370552063,576.265278339386,31.72903952598572,359.6723370552063,completed
858.996315,10,35.917564,1.0,True,10,0,0,438.2337951660156,622.4896583557129,16.666239166259764,438.2337951660156,completed
715.340901,10,35.925309,1.0,True,10,0,0,394.6324062347412,594.0351848602295,26.72204761505127,394.6324062347412,completed
186.16011,10,35.932979,1.0,True,10,0,0,555.6310157775879,820.1842041015625,33.412932777404784,555.6310157775879,completed
-85.69046,10,35.940758,1.0,True,10,0,0,535.992353439331,749.1958122253418,48.99898271560669,535.992353439331,completed
249.046502,10,35.947889,1.0,True,10,0,0,615.7319488525391,792.5780601501465,29.983923149108886,615.7319488525391,completed
849.334654,10,35.955556,1.0,True,10,0,0,454.0004062652588,580.2450256347656,18.999778699874877,454.0004062652588,completed
929.922536,10,35.962998,1.0,True,10,0,0,424.70563793182373,518.1391830444336,18.01504898071289,424.70563793182373,completed
-69.132193,10,35.970755,1.0,True,10,0,0,646.130054473877,809.847541809082,45.281093215942384,646.130054473877,completed
64.438247,10,35.977899,1.0,True,10,0,0,509.16674995422363,745.6071300506592,44.994692993164065,509.16674995422363,completed
200.737349,10,35.985565,1.0,True,10,0,0,612.7110385894775,798.4578056335449,32.1666220664978,612.7110385894775,completed
1022.777775,10,35.993314,1.0,True,10,0,0,445.4124183654785,510.5984535217285,14.41582374572754,445.4124183654785,completed
500.73621,10,36.002049,1.0,True,10,0,0,498.7811484336853,690.0613393783569,26.546381378173827,498.7811484336853,completed
840.195614,10,36.009393,1.0,True,10,0,0,502.4338915348053,583.5706372261047,17.820817518234254,502.4338915348053,completed
656.093295,10,36.017179,1.0,True,10,0,0,486.3718137741089,587.1021327972412,26.063563537597656,486.3718137741089,completed
452.855086,10,36.024476,1.0,True,10,0,0,572.4298725128174,663.3359298706055,28.200873374938965,572.4298725128174,completed
557.504431,10,36.032367,1.0,True,10,0,0,498.52377462387085,655.0556859970093,24.391002464294434,498.52377462387085,completed
742.796748,10,36.039781,1.0,True,10,0,0,528.2072792053223,649.4494590759277,19.544223976135253,528.2072792053223,completed
1048.43423,10,36.048128,1.0,True,10,0,0,421.1589159965515,579.2168545722961,10.086594009399414,421.1589159965515,completed
1523.414097,10,36.055978,1.0,True,10,0,0,275.758602142334,337.8229351043701,5.226275634765625,275.758602142334,completed
425.952738,10,36.064539,1.0,True,10,0,0,505.7810568809509,780.3110151290894,27.61182556152344,505.7810568809509,completed
666.948416,10,36.072908,1.0,True,10,0,0,453.3472375869751,654.1019973754883,26.576552200317384,453.3472375869751,completed
94.915589,10,36.082363,1.0,True,10,0,0,530.7351579666138,763.6661386489868,40.58052816390991,530.7351579666138,completed
151.909455,10,36.089955,1.0,True,10,0,0,623.9554576873779,799.1005954742432,32.985330772399905,623.9554576873779,completed
586.359171,10,36.098258,1.0,True,10,0,0,500.7591609954834,573.863899230957,28.596752166748047,500.7591609954834,completed
711.922936,10,36.106118,1.0,True,10,0,0,413.1877269744873,629.691722869873,23.125176620483398,413.1877269744873,completed
696.944291,10,36.113921,1.0,True,10,0,0,530.4281611442566,737.055760383606,15.701873779296875,530.4281611442566,completed
89.170576,10,36.121251,1.0,True,10,0,0,435.3750686645508,691.40700340271,46.45283393859863,435.3750686645508,completed
957.968658,10,36.12912,1.0,True,10,0,0,490.5605535507202,606.3494205474854,12.285532379150391,490.5605535507202,completed
1142.315626,10,36.136524,1.0,True,10,0,0,352.3530797958374,480.9400043487549,14.111926078796387,352.3530797958374,completed
-642.249707,10,36.143914,1.0,True,10,0,0,870.736249923706,1078.3648300170898,51.18033218383789,870.736249923706,completed
675.734132,10,36.152017,1.0,True,10,0,0,458.1824531555176,798.2869758605957,15.5620361328125,458.1824531555176,completed
665.64747,10,36.159612,1.0,True,10,0,0,554.6229763031006,644.2885570526123,20.393066596984863,554.6229763031006,completed
1183.716577,10,36.167154,1.0,True,10,0,0,390.2204875946045,510.73764419555664,9.266986083984374,390.2204875946045,completed
1197.575162,10,36.175312,1.0,True,10,0,0,373.7393093109131,515.0414905548096,8.831780624389648,373.7393093109131,completed
-222.398193,10,36.182937,1.0,True,10,0,0,673.3808937072754,939.6182327270508,43.73948001861572,673.3808937072754,completed
634.939508,10,36.190673,1.0,True,10,0,0,582.8963060379028,732.4020738601685,17.484021377563476,582.8963060379028,completed
973.329482,10,36.20944,1.0,True,10,0,0,525.11865234375,661.8926162719727,7.425872421264648,525.11865234375,completed
387.848225,10,36.222265,1.0,True,10,0,0,604.5402154922485,803.7806377410889,24.013447189331053,604.5402154922485,completed
622.934198,10,36.233592,1.0,True,10,0,0,447.70788955688477,594.2389831542969,29.738909339904787,447.70788955688477,completed
481.53684,10,36.243233,1.0,True,10,0,0,532.3183650970459,717.510290145874,28.740541076660158,532.3183650970459,completed
491.778519,10,36.252416,1.0,True,10,0,0,640.516300201416,803.4710273742676,19.004678535461426,640.516300201416,completed
1152.362888,10,36.261848,1.0,True,10,0,0,393.8549289703369,502.4984436035156,11.178793334960938,393.8549289703369,completed
30.98061,10,36.270519,1.0,True,10,0,0,550.0294246673584,783.4280490875244,43.36154403686523,550.0294246673584,completed
366.182812,10,36.278081,1.0,True,10,0,0,501.6122713088989,859.7953605651855,26.35374641418457,501.6122713088989,completed
969.738773,10,36.285886,1.0,True,10,0,0,441.3597183227539,501.8079891204834,17.672830390930176,441.3597183227539,completed
1085.604037,10,36.29386,1.0,True,10,0,0,443.3932762145996,542.9871063232422,12.053709030151367,443.3932762145996,completed
570.468877,10,36.301292,1.0,True,10,0,0,560.3728656768799,658.2013492584229,24.214295959472658,560.3728656768799,completed
738.310445,10,36.308758,1.0,True,10,0,0,432.684814453125,695.6624526977539,17.59249839782715,432.684814453125,completed
110.494741,10,36.316174,1.0,True,10,0,0,597.7418518066406,771.5143814086914,39.85971641540527,597.7418518066406,completed
48.028471,10,36.324005,1.0,True,10,0,0,677.797966003418,880.1532135009766,34.606210708618164,677.797966003418,completed
717.510928,10,36.331765,1.0,True,10,0,0,373.6084575653076,514.578366279602,29.11438970565796,373.6084575653076,completed
527.04535,10,36.339416,1.0,True,10,0,0,493.5804500579834,617.6996479034424,29.366838359832762,493.5804500579834,completed
791.794006,10,36.346781,1.0,True,10,0,0,447.031099319458,708.885066986084,17.510688018798827,447.031099319458,completed
998.256769,10,36.354385,1.0,True,10,0,0,454.10192489624023,638.0046653747559,9.623847198486327,454.10192489624023,completed
765.314127,10,37.477331,1.0,True,10,0,0,490.75501441955566,600.1500282287598,18.503391647338866,490.75501441955566,completed
1241.185555,10,37.485361,1.0,True,10,0,0,368.164089679718,464.9280881881714,8.32475471496582,368.164089679718,completed
544.037058,10,37.492862,1.0,True,10,0,0,560.5620927810669,625.0408687591553,27.35403652191162,560.5620927810669,completed
1213.467042,10,37.500915,1.0,True,10,0,0,358.77458667755127,456.23198986053467,10.47065086364746,358.77458667755127,completed
418.256137,10,37.508371,1.0,True,10,0,0,561.664421081543,779.8257179260254,22.59684600830078,561.664421081543,completed
268.729573,10,37.515901,1.0,True,10,0,0,531.4751033782959,670.7462139129639,40.72822647094726,531.4751033782959,completed
177.389098,10,37.523342,1.0,True,10,0,0,562.4569778442383,796.13525390625,34.96939678192139,562.4569778442383,completed
949.375856,10,37.530876,1.0,True,10,0,0,530.0295543670654,543.9270095825195,14.964335060119629,530.0295543670654,completed
897.809961,10,37.538626,1.0,True,10,0,0,565.3519859313965,733.9260482788086,6.033009719848633,565.3519859313965,completed
575.012092,10,37.54606,1.0,True,10,0,0,628.3626613616943,766.3109912872314,17.251411056518556,628.3626613616943,completed
900.906805,10,37.553549,1.0,True,10,0,0,477.5397672653198,512.1963977813721,19.45766487121582,477.5397672653198,completed
451.992917,10,37.561175,1.0,True,10,0,0,519.9710502624512,705.475564956665,28.750066566467286,519.9710502624512,completed
-261.201701,10,37.568896,1.0,True,10,0,0,649.3542518615723,904.7319869995117,48.31919822692871,649.3542518615723,completed
757.125583,10,37.576462,1.0,True,10,0,0,524.9884347915649,589.2335033416748,18.486225128173828,524.9884347915649,completed
1049.110903,10,37.583937,1.0,True,10,0,0,424.87284564971924,588.8377628326416,11.91219253540039,424.87284564971924,completed
1239.80687,10,37.591819,1.0,True,10,0,0,310.1846356391907,437.95840549468994,11.61640510559082,310.1846356391907,completed
1090.464992,10,37.599259,1.0,True,10,0,0,520.2252616882324,529.2144622802734,10.263197135925292,520.2252616882324,completed
872.881227,10,37.60668,1.0,True,10,0,0,463.04369354248047,608.4725532531738,15.998637390136718,463.04369354248047,completed
948.950002,10,37.614513,1.0,True,10,0,0,488.62329483032227,539.1904716491699,16.488325119018555,488.62329483032227,completed
771.534035,10,37.622807,1.0,True,10,0,0,427.5242977142334,624.6882743835449,19.989714241027833,427.5242977142334,completed
463.02231,10,37.630374,1.0,True,10,0,0,525.4421100616455,613.2112350463867,33.10900325775147,525.4421100616455,completed
700.365994,10,37.638169,1.0,True,10,0,0,381.7833857536316,583.8165159225464,28.41829032897949,381.7833857536316,completed
753.826656,10,37.645783,1.0,True,10,0,0,427.15207719802856,682.230845451355,18.971408367156982,427.15207719802856,completed
612.285694,10,37.653159,1.0,True,10,0,0,415.2666254043579,612.2913656234741,29.00169143676758,415.2666254043579,completed
657.563496,10,37.660761,1.0,True,10,0,0,526.157190322876,880.2410755157471,12.423850345611573,526.157190322876,completed
651.191273,10,37.668112,1.0,True,10,0,0,547.4758634567261,689.434232711792,20.097277641296387,547.4758634567261,completed
766.509171,10,37.675844,1.0,True,10,0,0,525.3769187927246,649.4171371459961,18.445291328430176,525.3769187927246,completed
867.897279,10,37.684036,1.0,True,10,0,0,454.1871395111084,595.1878967285156,15.994187545776366,454.1871395111084,completed
372.376012,10,37.692033,1.0,True,10,0,0,576.9312238693237,684.8879947662354,30.904422950744628,576.9312238693237,completed
321.106739,10,37.699885,1.0,True,10,0,0,665.9706554412842,798.7710990905762,24.53313293457031,665.9706554412842,completed
325.50311,10,37.707761,1.0,True,10,0,0,741.2035865783691,826.3771286010742,23.037994813919067,741.2035865783691,completed
751.624886,10,37.715002,1.0,True,10,0,0,541.4186015129089,620.2319374084473,20.31344108581543,541.4186015129089,completed
1012.729749,10,37.722759,1.0,True,10,0,0,423.14624977111816,557.9091930389404,11.734119415283203,423.14624977111816,completed
403.11979,10,37.730342,1.0,True,10,0,0,419.8228335380554,685.4384016990662,36.55021338462829,419.8228335380554,completed
1063.836238,10,37.737969,1.0,True,10,0,0,356.2084541320801,454.46443367004395,18.126390647888183,356.2084541320801,completed
773.053747,10,37.745202,1.0,True,10,0,0,424.6168918609619,659.0136032104492,20.613057708740236,424.6168918609619,completed
951.360694,10,37.753191,1.0,True,10,0,0,461.7971305847168,538.1236057281494,15.981253051757813,461.7971305847168,completed
194.09499,10,37.760794,1.0,True,10,0,0,509.69122552871704,682.3820428848267,40.7235013961792,509.69122552871704,completed
619.050771,10,37.768082,1.0,True,10,0,0,549.6131782531738,732.1849632263184,19.288893127441405,549.6131782531738,completed
1014.056498,10,37.775846,1.0,True,10,0,0,428.2374153137207,478.60881423950195,17.126567840576172,428.2374153137207,completed
452.035283,10,37.783557,1.0,True,10,0,0,618.8158683776855,804.0386848449707,22.86163215637207,618.8158683776855,completed
-807.346048,10,37.791277,1.0,True,10,0,0,759.5410404205322,1050.7672691345215,61.788871383666994,759.5410404205322,completed
342.500611,10,37.798785,1.0,True,10,0,0,548.5479488372803,715.9768943786621,31.539801788330077,548.5479488372803,completed
-65.12121,10,37.806294,1.0,True,10,0,0,577.2439451217651,823.5793933868408,45.141875529289244,577.2439451217651,completed
602.996956,10,37.813616,1.0,True,10,0,0,497.7013339996338,595.9380645751953,26.642518615722658,497.7013339996338,completed
-325.346474,10,37.82096,1.0,True,10,0,0,677.7971935272217,908.0793056488037,49.23904609680176,677.7971935272217,completed
718.851376,10,37.828959,1.0,True,10,0,0,411.57943534851074,591.4641418457031,24.929520320892333,411.57943534851074,completed
1272.503167,10,37.836465,1.0,True,10,0,0,376.0961151123047,411.63880729675293,10.701823806762695,376.0961151123047,completed
492.625007,10,37.843993,1.0,True,10,0,0,507.44665336608887,764.7554321289062,25.08380126953125,507.44665336608887,completed
57.428699,10,37.851549,1.0,True,10,0,0,571.9643564224243,798.6167507171631,43.04571304321289,571.9643564224243,completed
696.795395,10,37.858744,1.0,True,10,0,0,404.9786128997803,538.9805736541748,29.116940307617188,404.9786128997803,completed
593.422799,10,37.866221,1.0,True,10,0,0,491.8956184387207,654.4505958557129,26.577208709716796,491.8956184387207,completed
545.588708,10,37.873652,1.0,True,10,0,0,517.1710290908813,589.5237331390381,29.28162841796875,517.1710290908813,completed
832.748396,10,37.881402,1.0,True,10,0,0,421.5784854888916,546.855489730835,21.38817367553711,421.5784854888916,completed
1281.027416,10,37.888777,1.0,True,10,0,0,416.05919456481934,454.87820053100586,7.9485523223876955,416.05919456481934,completed
485.338878,10,37.896438,1.0,True,10,0,0,456.2654037475586,680.0689849853516,30.39129981994629,456.2654037475586,completed
-205.52666,10,37.903977,1.0,True,10,0,0,717.9673385620117,953.9342613220215,39.52092847824097,717.9673385620117,completed
994.899577,10,37.911264,1.0,True,10,0,0,483.8912925720215,483.8912925720215,16.12426128387451,483.8912925720215,completed
1390.48958,10,37.918812,1.0,True,10,0,0,366.8195695877075,422.51940631866455,4.482366561889648,366.8195695877075,completed
511.810291,10,37.926382,1.0,True,10,0,0,532.096245765686,807.8011569976807,19.767534446716308,532.096245765686,completed
1137.961751,10,37.933543,1.0,True,10,0,0,325.5586848258972,475.0129499435425,15.459439659118653,325.5586848258972,completed
900.64823,10,37.941113,1.0,True,10,0,0,436.15707421302795,532.2989392280579,19.606434631347657,436.15707421302795,completed
30.214316,10,37.948479,1.0,True,10,0,0,607.7256774902344,877.1960983276367,37.76172847747803,607.7256774902344,completed
775.418153,10,37.955824,1.0,True,10,0,0,446.0306644439697,715.5705718994141,15.491790962219238,446.0306644439697,completed
514.111573,10,37.963659,1.0,True,10,0,0,502.2000527381897,658.3868579864502,31.267142581939698,502.2000527381897,completed
291.688296,10,37.971163,1.0,True,10,0,0,565.1925735473633,661.8143653869629,35.31001791954041,565.1925735473633,completed
915.364226,10,37.978854,1.0,True,10,0,0,452.39759063720703,613.313175201416,13.927636337280273,452.39759063720703,completed
184.77094,10,37.986285,1.0,True,10,0,0,577.6197452545166,685.7362747192383,38.96736555099487,577.6197452545166,completed
1112.730485,10,37.99362,1.0,True,10,0,0,398.11991834640503,465.54177379608154,13.815080642700195,398.11991834640503,completed
28.331201,10,38.001272,1.0,True,10,0,0,666.9576015472412,840.6377773284912,38.08963413238526,666.9576015472412,completed
780.213004,10,38.012256,1.0,True,10,0,0,465.57680892944336,592.2039489746094,18.95082836151123,465.57680892944336,completed
870.932786,10,38.019816,1.0,True,10,0,0,488.21222496032715,610.0741176605225,16.50291748046875,488.21222496032715,completed
973.562445,10,38.02731,1.0,True,10,0,0,461.46424770355225,579.7423038482666,12.5921236038208,461.46424770355225,completed
808.466879,10,38.034787,1.0,True,10,0,0,431.47275161743164,604.2631416320801,19.148000717163086,431.47275161743164,completed
370.144989,10,38.042709,1.0,True,10,0,0,521.2703466415405,716.2611064910889,33.460279273986814,521.2703466415405,completed
227.500453,10,38.050313,1.0,True,10,0,0,628.8669166564941,813.2468528747559,29.530392932891846,628.8669166564941,completed
651.260376,10,38.058028,1.0,True,10,0,0,511.0157279968262,582.141674041748,25.83871726989746,511.0157279968262,completed
484.660287,10,38.065887,1.0,True,10,0,0,471.93358993530273,621.0119533538818,31.953320503234863,471.93358993530273,completed
953.611229,10,38.072989,1.0,True,10,0,0,459.09698486328125,597.2824859619141,12.695992279052735,459.09698486328125,completed
908.123699,10,38.080615,1.0,True,10,0,0,423.94623413681984,598.8097313046455,14.690892791748047,423.94623413681984,completed
559.102813,10,38.088342,1.0,True,10,0,0,644.3849601745605,680.931957244873,22.262052917480467,644.3849601745605,completed
1090.111361,10,38.095991,1.0,True,10,0,0,374.32881689071655,381.65102672576904,19.023760986328124,374.32881689071655,completed
654.532922,10,38.103448,1.0,True,10,0,0,534.9451904296875,766.7012386322021,14.806430053710937,534.9451904296875,completed
471.047477,10,38.111141,1.0,True,10,0,0,627.5921592712402,627.5921592712402,27.602292633056642,627.5921592712402,completed
1001.089954,10,38.118955,1.0,True,10,0,0,398.7299494743347,539.1877775192261,16.578276062011717,398.7299494743347,completed
792.919563,10,38.126048,1.0,True,10,0,0,494.0432376861572,646.8481159210205,18.206078338623048,494.0432376861572,completed
368.595667,10,38.133733,1.0,True,10,0,0,553.8578453063965,760.2257499694824,28.892065048217773,553.8578453063965,completed
249.28898,10,38.141289,1.0,True,10,0,0,605.2046661376953,904.850513458252,25.362632751464844,605.2046661376953,completed
1050.757232,10,38.1484,1.0,True,10,0,0,430.0046806335449,536.5259380340576,13.303071403503418,430.0046806335449,completed
672.174166,10,38.155755,1.0,True,10,0,0,541.3398342132568,713.2470836639404,19.172507095336915,541.3398342132568,completed
378.936574,10,38.163194,1.0,True,10,0,0,556.0920085906982,670.4910621643066,34.493402647972104,556.0920085906982,completed
-662.19386,10,38.170493,1.0,True,10,0,0,779.368989944458,1075.665846824646,55.06700172424316,779.368989944458,completed
785.09093,10,38.178688,1.0,True,10,0,0,488.94510650634766,635.7509822845459,18.11079626083374,488.94510650634766,completed
1138.306317,10,38.18626,1.0,True,10,0,0,339.4140462875366,471.7837505340576,15.204156494140625,339.4140462875366,completed
1125.723744,10,38.194262,1.0,True,10,0,0,389.0422706604004,476.42687225341797,12.839066696166991,389.0422706604004,completed
654.270642,10,38.202118,1.0,True,10,0,0,511.7295346260071,656.0045518875122,22.854331493377686,511.7295346260071,completed
485.508274,10,38.209674,1.0,True,10,0,0,527.0501565933228,686.8525257110596,29.13619270324707,527.0501565933228,completed
926.571318,10,38.217245,1.0,True,10,0,0,513.4710130691528,514.6520137786865,13.211442947387695,513.4710130691528,completed
95.752717,10,38.225086,1.0,True,10,0,0,597.3777503967285,769.9856948852539,38.191818428039554,597.3777503967285,completed
1039.290377,10,38.232843,1.0,True,10,0,0,418.79722595214844,664.7715950012207,7.159126663208008,418.79722595214844,completed
532.245395,10,38.240264,1.0,True,10,0,0,501.2518196105957,683.2771339416504,27.7699333190918,501.2518196105957,completed
281.50275,10,38.247844,1.0,True,10,0,0,579.1613578796387,679.8353233337402,36.909078979492186,579.1613578796387,completed
861.906866,10,38.255189,1.0,True,10,0,0,480.1633758544922,552.0851612091064,20.385071563720704,480.1633758544922,completed
183.654371,10,38.262881,1.0,True,10,0,0,573.4983253479004,816.4335689544678,35.70848541259765,573.4983253479004,completed
-21.800611,10,38.270846,1.0,True,10,0,0,558.6108274459839,914.2937030792236,39.79555206298828,558.6108274459839,completed
314.648127,10,38.278554,1.0,True,10,0,0,465.4102511405945,684.1770811080933,37.175546646118164,465.4102511405945,completed
237.438119,10,38.285968,1.0,True,10,0,0,686.6703720092773,736.2760772705078,30.282798624038698,686.6703720092773,completed
522.730533,10,38.293405,1.0,True,10,0,0,485.69297790527344,609.6470336914062,32.76209716796875,485.69297790527344,completed
-96.941456,10,38.301247,1.0,True,10,0,0,624.4013042449951,908.8321628570557,40.629264736175536,624.4013042449951,completed
-563.446066,10,38.308614,1.0,True,10,0,0,787.6144466400146,971.8080787658691,53.09442558288574,787.6144466400146,completed
149.508656,10,38.316085,1.0,True,10,0,0,595.318790435791,800.3348350524902,36.39658756256104,595.318790435791,completed
496.88971,10,38.324186,1.0,True,10,0,0,498.4715690612793,721.83669090271,27.50034942626953,498.4715690612793,completed
727.714833,10,38.331891,1.0,True,10,0,0,490.0852279663086,687.4988059997559,18.099267196655273,490.0852279663086,completed
826.680043,10,38.339792,1.0,True,10,0,0,450.2764296531677,640.2900648117065,18.191751384735106,450.2764296531677,completed
296.742867,10,38.347452,1.0,True,10,0,0,551.3925018310547,691.7091445922852,33.827078628540036,551.3925018310547,completed
775.522751,10,38.355432,1.0,True,10,0,0,512.5380439758301,584.2020072937012,18.216610717773438,512.5380439758301,completed
1064.215148,10,38.363403,1.0,True,10,0,0,367.15520572662354,489.5889720916748,14.59719295501709,367.15520572662354,completed
1059.418406,10,38.371042,1.0,True,10,0,0,409.12939453125,585.7899188995361,12.036752319335937,409.12939453125,completed
670.816537,10,38.378242,1.0,True,10,0,0,480.394513130188,662.7271480560303,21.347344589233398,480.394513130188,completed
1006.082631,10,38.386349,1.0,True,10,0,0,454.55603790283203,541.9091949462891,13.254181575775146,454.55603790283203,completed
602.80444,10,38.393893,1.0,True,10,0,0,518.1673965454102,598.4036064147949,27.1525577545166,518.1673965454102,completed
422.522611,10,38.401622,1.0,True,10,0,0,476.3701419830322,616.9535636901855,33.9003191947937,476.3701419830322,completed
460.402164,10,38.409182,1.0,True,10,0,0,535.3500843048096,709.2995719909668,26.407912826538087,535.3500843048096,completed
429.211117,10,38.416521,1.0,True,10,0,0,541.1879367828369,634.3755054473877,31.91315326690674,541.1879367828369,completed
692.030258,10,38.42504,1.0,True,10,0,0,525.8552467823029,571.8887791633606,23.918946838378908,525.8552467823029,completed
833.981566,10,38.432492,1.0,True,10,0,0,414.4201784133911,516.6853275299072,24.450623321533204,414.4201784133911,completed
498.382178,10,38.439991,1.0,True,10,0,0,465.9369354248047,634.5108489990234,30.70468635559082,465.9369354248047,completed
468.389968,10,38.447501,1.0,True,10,0,0,514.5079870223999,590.6996784210205,31.90677967071533,514.5079870223999,completed
-697.980419,10,38.454841,1.0,True,10,0,0,809.7203330993652,1024.7548179626465,57.49589595794678,809.7203330993652,completed
26.565573,10,38.462498,1.0,True,10,0,0,666.4791107177734,884.1588401794434,35.79861183166504,666.4791107177734,completed
681.965937,10,38.470076,1.0,True,10,0,0,576.7844696044922,751.1022834777832,14.287543487548827,576.7844696044922,completed
-313.123735,10,38.477739,1.0,True,10,0,0,716.0075073242188,891.0070495605469,48.4205738067627,716.0075073242188,completed
1248.199672,10,38.48503,1.0,True,10,0,0,371.3410325050354,517.1683888435364,6.255524063110352,371.3410325050354,completed
1186.266746,10,38.492389,1.0,True,10,0,0,417.2952928543091,463.22064781188965,10.940668296813964,417.2952928543091,completed
456.88409,10,38.499708,1.0,True,10,0,0,413.915057182312,668.7478218078613,32.4572135925293,413.915057182312,completed
320.340548,10,38.506949,1.0,True,10,0,0,642.4917984008789,762.4725723266602,27.272227191925047,642.4917984008789,completed
-38.868215,10,38.514304,1.0,True,10,0,0,669.3798217773438,749.4575500488281,41.39185085296631,669.3798217773438,completed
1172.09767,10,38.521887,1.0,True,10,0,0,374.01715755462646,433.89831924438477,13.310194206237792,374.01715755462646,completed
934.817473,10,38.529298,1.0,True,10,0,0,381.72930335998535,493.90546798706055,20.392446517944336,381.72930335998535,completed
603.718225,10,38.536666,1.0,True,10,0,0,549.4767112731934,596.9314460754395,22.49855785369873,549.4767112731934,completed
499.671912,10,38.544426,1.0,True,10,0,0,453.5186939239502,629.0968589782715,30.060516357421875,453.5186939239502,completed
874.637803,10,38.552093,1.0,True,10,0,0,520.1638584136963,567.6279487609863,16.44365692138672,520.1638584136963,completed
520.208123,10,38.559622,1.0,True,10,0,0,562.1360969543457,581.4728622436523,28.39450349807739,562.1360969543457,completed
337.349648,10,38.567121,1.0,True,10,0,0,463.2552070617676,716.7166900634766,35.565443420410155,463.2552070617676,completed
1046.383178,10,38.574644,1.0,True,10,0,0,448.7417211532593,528.8669147491455,14.630909156799316,448.7417211532593,completed
217.139298,10,38.581987,1.0,True,10,0,0,540.7169742584229,695.9644298553467,39.14348220825195,540.7169742584229,completed
381.614012,10,38.589469,1.0,True,10,0,0,501.5306339263916,694.9201030731201,32.15277471542358,501.5306339263916,completed
965.941184,10,38.597058,1.0,True,10,0,0,437.57383728027344,507.42237281799316,17.66749515533447,437.57383728027344,completed
991.763036,10,38.604589,1.0,True,10,0,0,335.78439140319824,482.4651527404785,20.80273303985596,335.78439140319824,completed
522.452706,10,38.612092,1.0,True,10,0,0,461.141019821167,657.1856098175049,29.647925567626952,461.141019821167,completed
564.324808,10,38.619972,1.0,True,10,0,0,394.2936363220215,630.9901809692383,29.750490570068358,394.2936363220215,completed
585.720884,10,38.627685,1.0,True,10,0,0,482.80582904815674,608.9091243743896,29.73977909088135,482.80582904815674,completed
487.737855,10,38.634998,1.0,True,10,0,0,577.5230674743652,669.1026153564453,25.986771392822266,577.5230674743652,completed
439.033975,10,38.64268,1.0,True,10,0,0,449.42501068115234,666.5721740722656,32.40408134460449,449.42501068115234,completed
116.825644,10,38.649906,1.0,True,10,0,0,586.9432411193848,771.8140754699707,39.85064640045166,586.9432411193848,completed
-219.184698,10,38.657328,1.0,True,10,0,0,661.8539009094238,1027.3588562011719,39.098880767822266,661.8539009094238,completed
997.537991,10,38.664893,1.0,True,10,0,0,483.3154935836792,558.482988357544,11.907071304321288,483.3154935836792,completed
267.032069,10,38.672637,1.0,True,10,0,0,623.3311901092529,882.6065635681152,26.405099868774414,623.3311901092529,completed
100.724284,10,38.680198,1.0,True,10,0,0,501.4708890914917,788.6076679229736,42.29623737335205,501.4708890914917,completed
-94.899279,10,38.687688,1.0,True,10,0,0,641.7939319610596,918.6941337585449,39.46296863555908,641.7939319610596,completed
738.31959,10,38.695707,1.0,True,10,0,0,474.8362636566162,672.1967620849609,18.86811065673828,474.8362636566162,completed
523.356464,10,38.703719,1.0,True,10,0,0,566.4295425415039,673.4460220336914,25.549759292602538,566.4295425415039,completed
-302.043547,10,38.711443,1.0,True,10,0,0,545.1071453094482,887.2863388061523,53.19821434020996,545.1071453094482,completed
204.856388,10,38.719247,1.0,True,10,0,0,589.1266393661499,771.6849613189697,32.89070854187012,589.1266393661499,completed
-377.873233,10,38.727446,1.0,True,10,0,0,705.9572629928589,969.390643119812,50.14845838546753,705.9572629928589,completed
606.301722,10,38.735053,1.0,True,10,0,0,435.06362199783325,678.8640718460083,26.295481300354005,435.06362199783325,completed
1414.327851,10,38.742789,1.0,True,10,0,0,387.42103481292725,426.8850154876709,3.682300567626953,387.42103481292725,completed
217.427121,10,38.751778,1.0,True,10,0,0,551.7105484008789,755.4228897094727,34.279068565368654,551.7105484008789,completed
580.182161,10,38.759305,1.0,True,10,0,0,410.52221870422363,561.2237606048584,33.557918548583984,410.52221870422363,completed
495.582343,10,38.767008,1.0,True,10,0,0,506.72328996658325,670.9386034011841,30.117560958862306,506.72328996658325,completed
1082.142297,10,38.774672,1.0,True,10,0,0,437.3339538574219,514.6063423156738,11.469517707824707,437.3339538574219,completed
-839.907846,10,38.782249,1.0,True,10,0,0,909.4257965087891,1122.2569618225098,56.23848552703858,909.4257965087891,completed
476.126991,10,38.789981,1.0,True,10,0,0,589.5754489898682,823.0710334777832,20.23748016357422,589.5754489898682,completed
1053.87005,10,38.797192,1.0,True,10,0,0,403.5710096359253,521.762020111084,14.752456092834473,403.5710096359253,completed
1289.029939,10,38.804393,1.0,True,10,0,0,316.9088954925537,419.81390953063965,11.201471138000489,316.9088954925537,completed
1032.865963,10,38.811808,1.0,True,10,0,0,374.040958404541,463.37635803222656,17.399773406982423,374.040958404541,completed
1091.073979,10,38.819035,1.0,True,10,0,0,436.17821502685547,612.5548057556152,6.920440292358398,436.17821502685547,completed
608.321286,10,38.826358,1.0,True,10,0,0,533.9843301773071,635.2157726287842,24.37753829956055,533.9843301773071,completed
499.745061,10,38.833857,1.0,True,10,0,0,408.38805961608887,587.6625785827637,33.689663314819335,408.38805961608887,completed
836.917321,10,38.841864,1.0,True,10,0,0,490.47534942626953,660.8555526733398,14.092818069458009,490.47534942626953,completed
747.199265,10,38.849831,1.0,True,10,0,0,571.636504650116,588.2924652099609,20.134856033325196,571.636504650116,completed
1022.819734,10,38.857508,1.0,True,10,0,0,444.6793375015259,583.5584621429443,9.172917747497559,444.6793375015259,completed
918.579451,10,38.866329,1.0,True,10,0,0,438.5924484729767,553.6432614326477,18.712874603271484,438.5924484729767,completed
64.205864,10,38.875123,1.0,True,10,0,0,554.9123077392578,905.5760498046875,34.83565483093262,554.9123077392578,completed
842.483335,10,38.883389,1.0,True,10,0,0,409.1621255874634,540.6692743301392,21.614159393310548,409.1621255874634,completed
1395.552797,10,38.897186,1.0,True,10,0,0,313.8381223678589,359.35467529296875,9.292709350585938,313.8381223678589,completed
771.714822,10,38.906597,1.0,True,10,0,0,497.92047595977783,594.4777851104736,18.28036642074585,497.92047595977783,completed
271.898588,10,38.915416,1.0,True,10,0,0,579.7194538116455,709.6113605499268,33.23486213684082,579.7194538116455,completed
1057.390101,10,38.924124,1.0,True,10,0,0,424.0103898048401,556.6061182022095,12.046846771240235,424.0103898048401,completed
827.137385,10,38.932749,1.0,True,10,0,0,525.1630067825317,569.9540176391602,17.290769577026367,525.1630067825317,completed
215.212512,10,38.940395,1.0,True,10,0,0,593.9709796905518,642.3961162567139,39.33845863342285,593.9709796905518,completed
735.18449,10,38.956208,1.0,True,10,0,0,519.4400959014893,620.0217971801758,16.80637378692627,519.4400959014893,completed
1341.779814,10,38.965392,1.0,True,10,0,0,342.7244691848755,369.87087059020996,8.036377334594727,342.7244691848755,completed
789.970109,10,38.973042,1.0,True,10,0,0,483.17058753967285,646.6612567901611,18.690007781982423,483.17058753967285,completed
1141.012034,10,38.980524,1.0,True,10,0,0,359.6119785308838,520.8617115020752,13.013644790649414,359.6119785308838,completed
539.461257,10,38.987979,1.0,True,10,0,0,499.50071811676025,676.3761539459229,27.84122714996338,499.50071811676025,completed
769.869067,10,38.995467,1.0,True,10,0,0,564.0959548950195,765.8803672790527,9.460247802734376,564.0959548950195,completed
966.957737,10,39.002997,1.0,True,10,0,0,403.29263973236084,478.3413505554199,18.994559669494627,403.29263973236084,completed
991.517612,10,39.010272,1.0,True,10,0,0,452.16673851013184,552.9623985290527,12.196185302734374,452.16673851013184,completed
319.903634,10,39.01795,1.0,True,10,0,0,638.5258255004883,754.9234161376953,26.578255653381348,638.5258255004883,completed
422.01595,10,39.025696,1.0,True,10,0,0,528.8590316772461,701.2750129699707,27.713305854797362,528.8590316772461,completed
455.256681,10,39.033901,1.0,True,10,0,0,541.3274545669556,663.2739887237549,30.26727294921875,541.3274545669556,completed
296.75666,10,39.041787,1.0,True,10,0,0,537.0721492767334,766.6433410644531,30.134618759155273,537.0721492767334,completed
348.784246,10,39.04938,1.0,True,10,0,0,621.2063751220703,766.6169548034668,28.760663938522338,621.2063751220703,completed
956.002209,10,39.057066,1.0,True,10,0,0,470.68596267700195,530.3304443359375,15.911136245727539,470.68596267700195,completed
1064.908204,10,40.262083,1.0,True,10,0,0,399.9004487991333,487.6783103942871,14.935269260406494,399.9004487991333,completed
-576.891103,10,40.270416,1.0,True,10,0,0,744.8291511535645,992.3350715637207,55.171251678466795,744.8291511535645,completed
189.773378,10,40.278632,1.0,True,10,0,0,537.9994564056396,905.4433441162109,29.071963500976562,537.9994564056396,completed
806.052702,10,40.286509,1.0,True,10,0,0,540.6098899841309,691.6418075561523,12.438768768310547,540.6098899841309,completed
213.130415,10,40.294194,1.0,True,10,0,0,660.4150161743164,722.7546577453613,35.529522609710696,660.4150161743164,completed
-108.779482,10,40.302239,1.0,True,10,0,0,589.0228481292725,771.775562286377,47.320632743835446,589.0228481292725,completed
840.362941,10,40.309636,1.0,True,10,0,0,421.6292495727539,669.2273445129395,16.775471496582032,421.6292495727539,completed
-560.442367,10,40.317058,1.0,True,10,0,0,653.85915184021,949.4658718109131,59.43572082519531,653.85915184021,completed
-386.004669,10,40.32482,1.0,True,10,0,0,722.3107967376709,997.7821140289307,47.25289325714111,722.3107967376709,completed
-189.336255,10,40.332363,1.0,True,10,0,0,679.4958209991455,800.2332363128662,49.56911010742188,679.4958209991455,completed
461.967315,10,40.339857,1.0,True,10,0,0,516.5107574462891,657.3514442443848,29.751982116699217,516.5107574462891,completed
41.119759,10,40.3472,1.0,True,10,0,0,584.6997165679932,976.2029991149902,31.211855602264404,584.6997165679932,completed
-325.989072,10,40.354771,1.0,True,10,0,0,627.1921272277832,876.4939727783203,53.77652130126953,627.1921272277832,completed
273.70458,10,40.362085,1.0,True,10,0,0,467.4231586456299,648.910514831543,38.60199794769287,467.4231586456299,completed
326.655946,10,40.36933,1.0,True,10,0,0,560.9257106781006,701.0555686950684,32.781375122070315,560.9257106781006,completed
1054.571157,10,40.377064,1.0,True,10,0,0,450.19568967819214,511.8977508544922,13.861195182800293,450.19568967819214,completed
871.361873,10,40.384617,1.0,True,10,0,0,418.06302642822266,605.4879302978516,17.58817939758301,418.06302642822266,completed
270.04249,10,40.392295,1.0,True,10,0,0,515.597526550293,756.7235870361328,33.910152435302734,515.597526550293,completed
334.589136,10,40.399978,1.0,True,10,0,0,515.0383968353271,722.4747714996338,31.333278846740722,515.0383968353271,completed
171.18952,10,40.407474,1.0,True,10,0,0,588.8043727874756,766.9078426361084,36.09646148681641,588.8043727874756,completed
674.094247,10,40.414883,1.0,True,10,0,0,543.2100868225098,638.0354232788086,20.657036781311035,543.2100868225098,completed
215.594746,10,40.422417,1.0,True,10,0,0,589.0084400177002,672.682710647583,39.052460408210756,589.0084400177002,completed
835.680793,10,40.429968,1.0,True,10,0,0,454.2387161254883,536.8857498168945,20.810082626342773,454.2387161254883,completed
3.217366,10,40.438042,1.0,True,10,0,0,699.9875221252441,890.7505741119385,36.84822444915771,699.9875221252441,completed
-7.904665,10,40.445389,1.0,True,10,0,0,630.2517566680908,822.9042453765869,40.727947044372556,630.2517566680908,completed
754.710526,10,40.453034,1.0,True,10,0,0,485.28991317749023,619.5528984069824,19.38036689758301,485.28991317749023,completed
792.10451,10,40.461032,1.0,True,10,0,0,475.4641532897949,696.2381896972656,16.087749481201172,475.4641532897949,completed
752.108057,10,40.468243,1.0,True,10,0,0,472.86995697021484,597.1096115112305,19.867469787597656,472.86995697021484,completed
251.576051,10,40.475977,1.0,True,10,0,0,576.7092428207397,718.097017288208,36.37458419799805,576.7092428207397,completed
749.367408,10,40.483586,1.0,True,10,0,0,511.79812145233154,625.8007154464722,18.50864658355713,511.79812145233154,completed
629.413284,10,40.491225,1.0,True,10,0,0,475.6014823913574,665.0019149780273,23.436186027526855,475.6014823913574,completed
124.967118,10,40.498856,1.0,True,10,0,0,455.99568367004395,793.9134368896484,42.156534576416014,455.99568367004395,completed
253.733781,10,40.506626,1.0,True,10,0,0,569.1916904449463,816.6905097961426,31.069582176208495,569.1916904449463,completed
482.410455,10,40.514409,1.0,True,10,0,0,566.8004341125488,682.524528503418,24.58661518096924,566.8004341125488,completed
291.31776,10,40.522411,1.0,True,10,0,0,627.3861312866211,834.0601177215576,27.739221572875977,627.3861312866211,completed
325.495158,10,40.529823,1.0,True,10,0,0,578.1741371154785,787.5376739501953,27.56544589996338,578.1741371154785,completed
762.276312,10,40.537298,1.0,True,10,0,0,386.36264765262604,592.4930107593536,23.458189392089842,386.36264765262604,completed
267.23815,10,40.545033,1.0,True,10,0,0,577.2009696960449,795.1215705871582,31.340377044677734,577.2009696960449,completed
478.72012,10,40.55227,1.0,True,10,0,0,488.4191665649414,729.5213680267334,27.037743759155273,488.4191665649414,completed
310.3864,10,40.559697,1.0,True,10,0,0,600.3870697021484,796.4149360656738,25.91624641418457,600.3870697021484,completed
30.18974,10,40.567781,1.0,True,10,0,0,691.2441520690918,925.0097465515137,33.87765235900879,691.2441520690918,completed
812.564374,10,40.575199,1.0,True,10,0,0,553.7135334014893,581.6144676208496,16.521579599380495,553.7135334014893,completed
573.871931,10,40.582686,1.0,True,10,0,0,476.01111793518066,680.2106285095215,25.364485359191896,476.01111793518066,completed
1072.758109,10,40.590171,1.0,True,10,0,0,364.8590166568756,442.0390706062317,18.104175186157228,364.8590166568756,completed
492.132552,10,40.597959,1.0,True,10,0,0,438.4589138031006,611.2100296020508,33.12305335998535,438.4589138031006,completed
991.810818,10,40.606,1.0,True,10,0,0,395.21123027801514,618.3245754241943,12.795270538330078,395.21123027801514,completed
761.207536,10,40.61323,1.0,True,10,0,0,371.2192077636719,624.0244255065918,22.231703567504884,371.2192077636719,completed
40.047091,10,40.621019,1.0,True,10,0,0,749.2084922790527,877.2919616699219,34.27033281326294,749.2084922790527,completed
457.833213,10,40.628887,1.0,True,10,0,0,572.6539535522461,713.4176750183105,26.440748596191405,572.6539535522461,completed
1058.178383,10,40.636639,1.0,True,10,0,0,441.3280563354492,537.2647533416748,11.301677703857422,441.3280563354492,completed
662.722995,10,40.643992,1.0,True,10,0,0,411.37730407714844,568.0176372528076,26.53156108856201,411.37730407714844,completed
710.767644,10,40.6519,1.0,True,10,0,0,466.9692687988281,556.9376430511475,25.57096939086914,466.9692687988281,completed
361.620631,10,40.659478,1.0,True,10,0,0,640.0635566711426,745.9877281188965,27.43773670196533,640.0635566711426,completed
887.748788,10,40.666661,1.0,True,10,0,0,363.0956075191498,524.616542339325,22.86578254699707,363.0956075191498,completed
295.577719,10,40.674374,1.0,True,10,0,0,517.1221771240234,650.5834846496582,35.925357055664065,517.1221771240234,completed
-804.722456,10,40.686014,1.0,True,10,0,0,714.2439155578613,1077.8690452575684,62.77600784301758,714.2439155578613,completed
1045.687808,10,40.693974,1.0,True,10,0,0,443.1732702255249,502.9280815124512,15.009366989135742,443.1732702255249,completed
453.90887,10,40.701473,1.0,True,10,0,0,590.1221809387207,828.4220809936523,18.5376766204834,590.1221809387207,completed
684.111101,10,40.709826,1.0,True,10,0,0,497.7415428161621,721.7712059020996,18.164782333374024,497.7415428161621,completed
112.512492,10,40.718794,1.0,True,10,0,0,650.2303657531738,810.2220497131348,36.05525169372559,650.2303657531738,completed
939.208122,10,40.726205,1.0,True,10,0,0,413.2156009674072,529.7295436859131,16.008000946044923,413.2156009674072,completed
573.807572,10,40.73354,1.0,True,10,0,0,534.0417423248291,649.6424541473389,26.558034133911132,534.0417423248291,completed
1158.695778,10,40.741479,1.0,True,10,0,0,424.5719223022461,493.27855491638184,7.947732925415039,424.5719223022461,completed
926.768861,10,40.748988,1.0,True,10,0,0,425.569105386734,513.394148349762,20.90780563354492,425.569105386734,completed
610.284766,10,40.756822,1.0,True,10,0,0,534.8310499191284,694.1697206497192,19.76149559020996,534.8310499191284,completed
915.79573,10,40.764326,1.0,True,10,0,0,480.67177295684814,599.4112377166748,15.072442245483398,480.67177295684814,completed
741.257451,10,40.771703,1.0,True,10,0,0,445.166220664978,606.5361700057983,21.972651481628418,445.166220664978,completed
372.988775,10,40.779477,1.0,True,10,0,0,449.3993339538574,649.4519329071045,37.89872493743896,449.3993339538574,completed
514.707165,10,40.786921,1.0,True,10,0,0,543.3667278289795,757.936840057373,22.027113723754884,543.3667278289795,completed
598.503618,10,40.794504,1.0,True,10,0,0,586.6131172180176,923.5779991149902,9.929635620117187,586.6131172180176,completed
781.404752,10,40.802152,1.0,True,10,0,0,402.44972229003906,595.8865661621094,20.58250961303711,402.44972229003906,completed
310.223465,10,40.809817,1.0,True,10,0,0,528.8645923137665,723.7550177574158,32.06636300086975,528.8645923137665,completed
1156.985777,10,40.817342,1.0,True,10,0,0,353.1369466781616,516.2099094390869,10.165057754516601,353.1369466781616,completed
-196.396043,10,40.825142,1.0,True,10,0,0,578.2840633392334,832.3330402374268,49.9429630279541,578.2840633392334,completed
862.14624,10,40.832812,1.0,True,10,0,0,365.9245357513428,556.0457859039307,22.332433700561523,365.9245357513428,completed
878.054205,10,40.840216,1.0,True,10,0,0,414.0165944099426,589.8680505752563,18.234049129486085,414.0165944099426,completed
1139.967106,10,40.847757,1.0,True,10,0,0,453.5316982269287,453.5316982269287,11.45145034790039,453.5316982269287,completed
-225.804485,10,40.855144,1.0,True,10,0,0,734.9626541137695,857.625919342041,46.57191905975342,734.9626541137695,completed
681.803559,10,40.863131,1.0,True,10,0,0,512.00452709198,670.5800380706787,20.667784118652342,512.00452709198,completed
461.535889,10,40.87134,1.0,True,10,0,0,495.31031799316406,742.0242900848389,28.25256004333496,495.31031799316406,completed
606.116415,10,40.879259,1.0,True,10,0,0,564.056453704834,760.3030738830566,15.455816555023194,564.056453704834,completed
716.320352,10,40.88884,1.0,True,10,0,0,507.6330680847168,598.2803688049316,20.549570083618164,507.6330680847168,completed
807.018825,10,40.897343,1.0,True,10,0,0,390.7887496948242,556.6225280761719,24.3111572265625,390.7887496948242,completed
859.049089,10,40.904886,1.0,True,10,0,0,454.6824893951416,562.5777492523193,19.465294647216798,454.6824893951416,completed
457.410735,10,40.912638,1.0,True,10,0,0,517.4211387634277,764.1524543762207,22.82844409942627,517.4211387634277,completed
397.44241,10,40.920061,1.0,True,10,0,0,387.30725288391113,609.2303581237793,38.25099220275879,387.30725288391113,completed
232.332356,10,40.927593,1.0,True,10,0,0,430.76117649674416,623.8484600186348,45.64888160228729,430.76117649674416,completed
909.086684,10,40.934961,1.0,True,10,0,0,492.7677745819092,628.9222402572632,13.42190933227539,492.7677745819092,completed
442.199944,10,40.942475,1.0,True,10,0,0,432.8524932861328,641.9167098999023,34.09900894165039,432.8524932861328,completed
809.459289,10,40.949987,1.0,True,10,0,0,398.0667333602905,550.1331005096436,25.577713012695312,398.0667333602905,completed
936.454531,10,40.957987,1.0,True,10,0,0,428.60275077819824,559.7653255462646,17.782098007202148,428.60275077819824,completed
651.053854,10,40.965798,1.0,True,10,0,0,469.55854415893555,613.9214935302734,24.094868850708007,469.55854415893555,completed
512.535432,10,40.97321,1.0,True,10,0,0,482.9035110473633,755.4644947052002,24.08557586669922,482.9035110473633,completed
483.78203,10,40.980481,1.0,True,10,0,0,591.8586091995239,781.2954349517822,20.833891296386717,591.8586091995239,completed
670.85499,10,40.988205,1.0,True,10,0,0,444.4678511619568,556.2982950210571,28.276808738708496,444.4678511619568,completed
1385.841128,10,40.996029,1.0,True,10,0,0,386.61227798461914,386.61227798461914,6.095899963378907,386.61227798461914,completed
119.598386,10,41.003745,1.0,True,10,0,0,547.8748178482056,777.8648128509521,39.30127143859863,547.8748178482056,completed
165.759692,10,41.011818,1.0,True,10,0,0,486.05989265441895,710.4488945007324,41.30552940368652,486.05989265441895,completed
456.57623,10,41.019373,1.0,True,10,0,0,519.5658893585205,663.679220199585,29.581854724884032,519.5658893585205,completed
1042.537665,10,41.027088,1.0,True,10,0,0,435.9870834350586,651.5733318328857,7.206970977783203,435.9870834350586,completed
709.437325,10,41.034935,1.0,True,10,0,0,470.5293412208557,614.393630027771,24.870603847503663,470.5293412208557,completed
867.721218,10,41.042507,1.0,True,10,0,0,449.66613960266113,527.9747447967529,19.83534393310547,449.66613960266113,completed
160.474989,10,41.04975,1.0,True,10,0,0,609.6279544830322,865.6660346984863,31.82578001022339,609.6279544830322,completed
205.716108,10,41.057543,1.0,True,10,0,0,557.4788227081299,807.2985095977783,35.58841190338135,557.4788227081299,completed
606.697375,10,41.065421,1.0,True,10,0,0,407.2233362197876,611.5570096969604,30.812795639038086,407.2233362197876,completed
652.632672,10,41.073442,1.0,True,10,0,0,526.7325248718262,761.920482635498,16.660764122009276,526.7325248718262,completed
598.696138,10,41.080895,1.0,True,10,0,0,604.431282043457,698.944408416748,20.49031219482422,604.431282043457,completed
295.069579,10,41.088373,1.0,True,10,0,0,491.7033576965332,813.6995391845703,30.241945648193358,491.7033576965332,completed
1215.449643,10,41.095545,1.0,True,10,0,0,378.81333923339844,576.6596717834473,5.646835708618164,378.81333923339844,completed
996.4479,10,41.103312,1.0,True,10,0,0,453.61013412475586,486.4129524230957,16.816588592529296,453.61013412475586,completed
581.081423,10,41.110623,1.0,True,10,0,0,568.8207569122314,699.6665306091309,23.649646949768066,568.8207569122314,completed
953.533607,10,41.118121,1.0,True,10,0,0,355.0003709793091,496.07720375061035,21.389062309265135,355.0003709793091,completed
1044.195334,10,41.125537,1.0,True,10,0,0,367.80636978149414,534.4679317474365,14.360305976867675,367.80636978149414,completed
455.19244,10,41.13284,1.0,True,10,0,0,509.84701919555664,628.9437446594238,31.853061485290528,509.84701919555664,completed
470.550229,10,41.140661,1.0,True,10,0,0,523.1287937164307,717.4866943359375,25.816856575012206,523.1287937164307,completed
1000.61461,10,41.148125,1.0,True,10,0,0,454.12427043914795,557.3054294586182,12.693742752075195,454.12427043914795,completed
-44.730019,10,41.156105,1.0,True,10,0,0,541.4153728485107,853.1868782043457,44.8187614440918,541.4153728485107,completed
245.565932,10,41.163435,1.0,True,10,0,0,657.7325897216797,728.4452438354492,31.175237274169923,657.7325897216797,completed
359.982275,10,41.170878,1.0,True,10,0,0,476.599084854126,674.2820472717285,36.367401123046875,476.599084854126,completed
78.199328,10,41.178104,1.0,True,10,0,0,723.1699733734131,944.5837459564209,26.942828369140624,723.1699733734131,completed
503.2201,10,41.185567,1.0,True,10,0,0,414.30348205566406,750.7266616821289,25.61992416381836,414.30348205566406,completed
632.275622,10,41.193305,1.0,True,10,0,0,606.807653427124,652.0984439849854,21.31657485961914,606.807653427124,completed
201.110929,10,41.201051,1.0,True,10,0,0,699.6936187744141,943.6905364990234,24.05066547393799,699.6936187744141,completed
1209.054113,10,41.208287,1.0,True,10,0,0,406.74602699279785,438.7644863128662,10.21286678314209,406.74602699279785,completed
422.965659,10,41.215604,1.0,True,10,0,0,502.75305366516113,718.2284355163574,28.76656150817871,502.75305366516113,completed
392.489551,10,41.22427,1.0,True,10,0,0,495.37172508239746,746.3663444519043,30.21422176361084,495.37172508239746,completed
263.662704,10,41.231779,1.0,True,10,0,0,604.9137706756592,844.9338111877441,27.9480920791626,604.9137706756592,completed
1003.058671,10,41.239317,1.0,True,10,0,0,463.7260797023773,537.8863463401794,14.601535034179687,463.7260797023773,completed
600.507154,10,41.246723,1.0,True,10,0,0,556.2986183166504,616.9093132019043,26.35567150115967,556.2986183166504,completed
880.8784,10,41.254799,1.0,True,10,0,0,448.18192768096924,620.4063930511475,16.638270568847656,448.18192768096924,completed
463.475178,10,41.26202,1.0,True,10,0,0,582.535472869873,679.7611083984375,26.463315963745117,582.535472869873,completed
1570.477251,10,41.270284,1.0,True,10,0,0,309.61346912384033,359.16980934143066,1.9333938598632812,309.61346912384033,completed
525.116235,10,41.277403,1.0,True,10,0,0,603.0901622772217,696.6046981811523,25.588224983215333,603.0901622772217,completed
186.899468,10,41.285359,1.0,True,10,0,0,635.6180744171143,875.9933166503906,29.156851959228515,635.6180744171143,completed
531.675985,10,41.293296,1.0,True,10,0,0,471.6739110946655,557.4128170013428,34.358278465271,471.6739110946655,completed
1437.951575,10,41.300571,1.0,True,10,0,0,360.3879961967468,420.799635887146,3.6468013763427733,360.3879961967468,completed
240.286617,10,41.308802,1.0,True,10,0,0,499.1355037689209,806.698673248291,34.3931770324707,499.1355037689209,completed
906.096204,10,41.316299,1.0,True,10,0,0,400.6827163696289,576.6246337890625,17.960353469848634,400.6827163696289,completed
148.111668,10,41.324282,1.0,True,10,0,0,535.1797394752502,795.7683553695679,41.02176485061646,535.1797394752502,completed
1239.537431,10,41.331698,1.0,True,10,0,0,385.46019077301025,456.00727558135986,8.37892255783081,385.46019077301025,completed
1082.658938,10,41.339647,1.0,True,10,0,0,443.338716506958,535.2859516143799,11.37616424560547,443.338716506958,completed
1214.200887,10,41.346872,1.0,True,10,0,0,437.01311206817627,494.6888370513916,8.471676254272461,437.01311206817627,completed
254.803367,10,41.354265,1.0,True,10,0,0,597.0745048522949,773.677661895752,32.545325088500974,597.0745048522949,completed
525.992806,10,41.362138,1.0,True,10,0,0,426.9343948364258,644.0039958953857,29.97210807800293,426.9343948364258,completed
606.234502,10,41.369451,1.0,True,10,0,0,441.6206970214844,593.5328750610352,30.795345878601076,441.6206970214844,completed
848.293451,10,41.376944,1.0,True,10,0,0,417.18461990356445,520.2958297729492,23.453518199920655,417.18461990356445,completed
245.439898,10,41.384798,1.0,True,10,0,0,573.9503269195557,723.9743824005127,36.440904235839845,573.9503269195557,completed
394.885284,10,41.392487,1.0,True,10,0,0,510.1378746032715,654.9942512512207,32.1769157409668,510.1378746032715,completed
-334.749795,10,41.400441,1.0,True,10,0,0,813.0251617431641,885.816276550293,45.62683968544006,813.0251617431641,completed
385.535211,10,41.408182,1.0,True,10,0,0,499.58911895751953,698.832576751709,31.799774169921875,499.58911895751953,completed
964.631774,10,41.415742,1.0,True,10,0,0,378.13641357421875,568.9454898834229,17.382316970825194,378.13641357421875,completed
1378.486026,10,41.423498,1.0,True,10,0,0,343.0963134765625,434.12873458862305,5.155728912353515,343.0963134765625,completed
338.342779,10,41.430762,1.0,True,10,0,0,548.527868270874,757.7553520202637,28.200480651855468,548.527868270874,completed
-604.358794,10,41.438677,1.0,True,10,0,0,658.4279365539551,1007.5544662475586,55.79960594177246,658.4279365539551,completed
309.701671,10,41.44574,1.0,True,10,0,0,622.1469345092773,684.6172523498535,33.946559524536134,622.1469345092773,completed
705.168251,10,41.453768,1.0,True,10,0,0,547.4444351196289,683.1805076599121,17.743326473236085,547.4444351196289,completed
603.940779,10,41.461831,1.0,True,10,0,0,542.5300464630127,656.6197643280029,23.16297264099121,542.5300464630127,completed
1116.957789,10,41.469305,1.0,True,10,0,0,445.8555727005005,493.39591789245605,11.889667892456055,445.8555727005005,completed
701.641358,10,41.476771,1.0,True,10,0,0,506.53913974761963,583.825288772583,23.36136703491211,506.53913974761963,completed
1137.729435,10,41.484387,1.0,True,10,0,0,469.54052352905273,509.3222236633301,9.2645902633667,469.54052352905273,completed
81.755308,10,41.491975,1.0,True,10,0,0,677.5953884124756,863.0393714904785,33.867207527160645,677.5953884124756,completed
546.96591,10,41.499712,1.0,True,10,0,0,518.7578539848328,663.0775442123413,25.1197039604187,518.7578539848328,completed
534.12044,10,41.507065,1.0,True,10,0,0,501.34736251831055,643.3007431030273,29.87201623916626,501.34736251831055,completed
472.283019,10,41.515293,1.0,True,10,0,0,556.2069511413574,829.6487884521484,22.318957138061524,556.2069511413574,completed
154.794045,10,41.523325,1.0,True,10,0,0,708.7652335166931,714.8598279953003,38.68005018234253,708.7652335166931,completed
665.932887,10,41.531889,1.0,True,10,0,0,479.11041259765625,651.1618576049805,21.01614112854004,479.11041259765625,completed
305.848891,10,41.540007,1.0,True,10,0,0,526.569230556488,923.4515371322632,23.87064399719238,526.569230556488,completed
1126.512271,10,41.549218,1.0,True,10,0,0,390.76300954818726,515.5915212631226,10.593962478637696,390.76300954818726,completed
550.191776,10,41.557422,1.0,True,10,0,0,509.318941116333,605.0296516418457,27.184212112426756,509.318941116333,completed
653.785025,10,41.565839,1.0,True,10,0,0,546.6833534240723,618.5115242004395,22.642114305496214,546.6833534240723,completed
102.486411,10,41.574444,1.0,True,10,0,0,610.9927701950073,746.2825756072998,38.75035467147827,610.9927701950073,completed
675.278508,10,41.582603,1.0,True,10,0,0,544.3304829597473,758.8231129646301,15.170888900756836,544.3304829597473,completed
760.836874,10,41.590632,1.0,True,10,0,0,348.2939109802246,534.1936111450195,29.128690338134767,348.2939109802246,completed
815.319151,10,41.598152,1.0,True,10,0,0,520.1646013259888,643.7052745819092,13.975314331054687,520.1646013259888,completed
-368.99637,10,41.605967,1.0,True,10,0,0,742.8758583068848,959.3334732055664,47.90020170211792,742.8758583068848,completed
1087.75488,10,41.614606,1.0,True,10,0,0,459.97188425064087,530.6501321792603,12.127342224121094,459.97188425064087,completed
612.008639,10,41.623098,1.0,True,10,0,0,357.84182262420654,534.9874439239502,33.740003967285155,357.84182262420654,completed
433.595386,10,41.630584,1.0,True,10,0,0,473.6748628616333,545.250955581665,38.62118225097656,473.6748628616333,completed
566.066578,10,41.638445,1.0,True,10,0,0,538.227352142334,644.153491973877,25.871408462524414,538.227352142334,completed
-61.866219,10,41.646748,1.0,True,10,0,0,691.3013763427734,920.41943359375,36.231200790405275,691.3013763427734,completed
249.597674,10,41.655586,1.0,True,10,0,0,604.8518047332764,766.9469470977783,32.94248008728027,604.8518047332764,completed
325.165464,10,41.663759,1.0,True,10,0,0,519.2466506958008,982.2293586730957,21.14171257019043,519.2466506958008,completed
1428.209789,10,41.671883,1.0,True,10,0,0,333.5856943130493,402.2701892852783,4.707079315185547,333.5856943130493,completed
843.374446,10,41.679129,1.0,True,10,0,0,457.17747688293457,578.809154510498,19.28144989013672,457.17747688293457,completed
949.645823,10,41.686798,1.0,True,10,0,0,478.2427291870117,612.4836282730103,11.48382740020752,478.2427291870117,completed
698.295316,10,41.694439,1.0,True,10,0,0,574.2126789093018,690.6977310180664,16.870478630065918,574.2126789093018,completed
1025.138307,10,41.702115,1.0,True,10,0,0,355.92205810546875,450.2697525024414,21.55058650970459,355.92205810546875,completed
538.990208,10,41.709423,1.0,True,10,0,0,535.2459869384766,679.0868263244629,24.143334531784056,535.2459869384766,completed
565.597441,10,41.717238,1.0,True,10,0,0,497.48465728759766,639.0370025634766,26.148553085327148,497.48465728759766,completed
553.942711,10,41.724809,1.0,True,10,0,0,592.8687992095947,702.1947269439697,21.646090507507324,592.8687992095947,completed
211.094904,10,41.732081,1.0,True,10,0,0,530.4999523162842,735.6746807098389,36.31814880371094,530.4999523162842,completed
654.333614,10,41.739869,1.0,True,10,0,0,524.8892822265625,524.8892822265625,27.1677303314209,524.8892822265625,completed
299.314005,10,41.747292,1.0,True,10,0,0,533.8099551200867,686.9463186264038,36.98795356750488,533.8099551200867,completed
418.704857,10,41.755109,1.0,True,10,0,0,522.6490030288696,658.8109474182129,31.650684928894044,522.6490030288696,completed
157.387697,10,41.762407,1.0,True,10,0,0,563.5327587127686,781.5162601470947,36.741238069534305,563.5327587127686,completed
406.565098,10,41.770268,1.0,True,10,0,0,602.5198168754578,629.7946462631226,31.457445049285887,602.5198168754578,completed
442.168429,10,41.777831,1.0,True,10,0,0,518.9967441558838,646.5565242767334,32.511067390441895,518.9967441558838,completed
713.805277,10,41.785863,1.0,True,10,0,0,549.3503520488739,646.4389395713806,19.275083923339842,549.3503520488739,completed
944.304628,10,41.79393,1.0,True,10,0,0,326.73103046417236,517.2880973815918,21.53199234008789,326.73103046417236,completed
644.67193,10,41.801103,1.0,True,10,0,0,533.3100643157959,638.7154788970947,22.387750244140626,533.3100643157959,completed
286.006109,10,41.809162,1.0,True,10,0,0,584.4075679779053,796.0837554931641,30.132860946655274,584.4075679779053,completed
1239.984402,10,41.816623,1.0,True,10,0,0,412.1836748123169,493.7108545303345,6.731172657012939,412.1836748123169,completed
892.16969,10,41.824089,1.0,True,10,0,0,433.661413192749,591.365364074707,16.856578063964843,433.661413192749,completed
1069.484784,10,41.831617,1.0,True,10,0,0,461.3948516845703,522.9585437774658,13.421195363998413,461.3948516845703,completed
896.720214,10,41.839103,1.0,True,10,0,0,455.29298877716064,683.2262315750122,12.177756881713867,455.29298877716064,completed
419.920771,10,43.032461,1.0,True,10,0,0,495.67749786376953,669.5489234924316,31.808445739746094,495.67749786376953,completed
603.097426,10,43.040478,1.0,True,10,0,0,478.6049222946167,631.4762153625488,27.75578918457031,478.6049222946167,completed
738.673099,10,43.048003,1.0,True,10,0,0,425.38505935668945,546.8572082519531,27.227646827697754,425.38505935668945,completed
-331.902855,10,43.055316,1.0,True,10,0,0,725.9427700042725,923.5332946777344,47.2725284576416,725.9427700042725,completed
1031.915529,10,43.063072,1.0,True,10,0,0,467.1730284690857,662.5532102584839,7.44860610961914,467.1730284690857,completed
513.799995,10,43.070315,1.0,True,10,0,0,565.8698558807373,657.6843910217285,26.911263084411623,565.8698558807373,completed
821.962738,10,43.078016,1.0,True,10,0,0,394.5901222229004,578.0199851989746,22.27306022644043,394.5901222229004,completed
337.256988,10,43.085469,1.0,True,10,0,0,512.8398704528809,733.6293678283691,30.652339267730714,512.8398704528809,completed
-98.161981,10,43.092882,1.0,True,10,0,0,678.9973030090332,989.1231918334961,34.63640441894531,678.9973030090332,completed
762.22682,10,43.100331,1.0,True,10,0,0,508.9186255931854,628.7079062461853,17.79216537475586,508.9186255931854,completed
333.129106,10,43.108192,1.0,True,10,0,0,619.5380172729492,841.3960380554199,25.48062210083008,619.5380172729492,completed
148.462883,10,43.115419,1.0,True,10,0,0,655.425087928772,785.5173053741455,34.21065139770508,655.425087928772,completed
322.026905,10,43.123102,1.0,True,10,0,0,588.4283981323242,678.1892395019531,33.445394611358644,588.4283981323242,completed
1194.804507,10,43.130557,1.0,True,10,0,0,332.5467414855957,369.7788200378418,14.445537281036376,332.5467414855957,completed
817.837593,10,43.138004,1.0,True,10,0,0,448.1068820953369,586.0254516601562,20.433514022827147,448.1068820953369,completed
900.960666,10,43.144977,1.0,True,10,0,0,465.0733833312988,754.5574359893799,6.499106216430664,465.0733833312988,completed
560.647741,10,43.152544,1.0,True,10,0,0,539.6960487365723,745.6502494812012,23.015967750549315,539.6960487365723,completed
221.815261,10,43.160017,1.0,True,10,0,0,509.5099296569824,791.7920188903809,34.575378036499025,509.5099296569824,completed
519.680208,10,43.167238,1.0,True,10,0,0,568.119707107544,755.5032138824463,21.169721603393555,568.119707107544,completed
1215.028284,10,43.174965,1.0,True,10,0,0,448.6853904724121,522.6923084259033,5.289947128295898,448.6853904724121,completed
379.563623,10,43.182579,1.0,True,10,0,0,502.2542610168457,754.3363780975342,31.465690231323244,502.2542610168457,completed
559.133027,10,43.190454,1.0,True,10,0,0,612.6165313720703,774.984130859375,18.04072551727295,612.6165313720703,completed
676.38563,10,43.198188,1.0,True,10,0,0,503.68628120422363,681.995584487915,20.56037292480469,503.68628120422363,completed
431.900158,10,43.205546,1.0,True,10,0,0,510.6397533416748,762.1182060241699,25.66929817199707,510.6397533416748,completed
606.13993,10,43.213103,1.0,True,10,0,0,500.3243522644043,643.5025444030762,26.29063301086426,500.3243522644043,completed
141.333438,10,43.220578,1.0,True,10,0,0,569.9317665100098,810.886775970459,35.7366024017334,569.9317665100098,completed
501.645362,10,43.228347,1.0,True,10,0,0,509.64056396484375,698.9721775054932,26.93504524230957,509.64056396484375,completed
485.405506,10,43.235676,1.0,True,10,0,0,501.3950138092041,680.0390586853027,29.035726070404053,501.3950138092041,completed
504.717613,10,43.243033,1.0,True,10,0,0,564.0174713134766,660.952507019043,25.991207313537597,564.0174713134766,completed
1328.169855,10,43.250939,1.0,True,10,0,0,369.67778968811035,369.67778968811035,10.418895149230957,369.67778968811035,completed
468.846386,10,43.258862,1.0,True,10,0,0,530.74467253685,629.1850752830505,31.780161380767822,530.74467253685,completed
-171.503858,10,43.266509,1.0,True,10,0,0,629.9299354553223,834.4570388793945,45.78215770721435,629.9299354553223,completed
544.17267,10,43.274315,1.0,True,10,0,0,638.2761859893799,796.4486389160156,16.838405799865722,638.2761859893799,completed
-41.485704,10,43.281475,1.0,True,10,0,0,595.3384246826172,810.8611183166504,41.6167709350586,595.3384246826172,completed
252.917536,10,43.289,1.0,True,10,0,0,522.5166063308716,727.1767168045044,38.683905601501465,522.5166063308716,completed
561.432138,10,43.296581,1.0,True,10,0,0,546.2727394104004,647.2418766021729,25.691907691955567,546.2727394104004,completed
47.118208,10,43.304061,1.0,True,10,0,0,480.72186851501465,731.9117393493652,46.21728786230087,480.72186851501465,completed
384.561409,10,43.311634,1.0,True,10,0,0,525.4913444519043,690.3169479370117,32.789757061004636,525.4913444519043,completed
917.838982,10,43.318897,1.0,True,10,0,0,406.2420120239258,561.4748706817627,16.789672660827637,406.2420120239258,completed
786.482216,10,43.326601,1.0,True,10,0,0,566.208984375,737.3035469055176,11.387924575805664,566.208984375,completed
123.250908,10,43.334392,1.0,True,10,0,0,539.8289070129395,702.2264671325684,41.02013168334961,539.8289070129395,completed
-22.087945,10,43.341792,1.0,True,10,0,0,484.92134857177734,725.6219863891602,47.39754753112793,484.92134857177734,completed
1044.614776,10,43.349176,1.0,True,10,0,0,408.3972911834717,512.9741268157959,14.303765487670898,408.3972911834717,completed
825.861952,10,43.356951,1.0,True,10,0,0,598.0817451477051,765.8683319091797,9.391691780090332,598.0817451477051,completed
478.504723,10,43.364442,1.0,True,10,0,0,561.4934921264648,735.9794960021973,24.501086807250978,561.4934921264648,completed
718.01837,10,43.371823,1.0,True,10,0,0,497.0365228652954,623.4743604660034,21.896895980834962,497.0365228652954,completed
431.123408,10,43.379223,1.0,True,10,0,0,565.9763717651367,718.8040523529053,26.430315589904787,565.9763717651367,completed
806.887165,10,43.386564,1.0,True,10,0,0,420.8719825744629,553.9951877593994,23.559746932983398,420.8719825744629,completed
931.868756,10,43.394146,1.0,True,10,0,0,488.47325134277344,575.236988067627,14.114330291748047,488.47325134277344,completed
169.004764,10,43.401778,1.0,True,10,0,0,682.5695571899414,778.2756729125977,34.01751308441162,682.5695571899414,completed
908.684511,10,43.40948,1.0,True,10,0,0,419.99229431152344,522.6103954315186,17.722433853149415,419.99229431152344,completed
995.194082,10,43.417305,1.0,True,10,0,0,458.23804569244385,569.565408706665,12.167057037353516,458.23804569244385,completed
10.995679,10,43.424798,1.0,True,10,0,0,535.4401550292969,957.8678283691406,36.454280853271484,535.4401550292969,completed
136.881061,10,43.432409,1.0,True,10,0,0,654.757791519165,842.2586936950684,29.188985061645507,654.757791519165,completed
396.285795,10,43.43968,1.0,True,10,0,0,621.3260707855225,739.0394821166992,25.39875659942627,621.3260707855225,completed
-326.577682,10,43.446805,1.0,True,10,0,0,680.9943656921387,926.5123672485352,49.44087295532226,680.9943656921387,completed
140.329292,10,43.453936,1.0,True,10,0,0,551.5849075317383,729.2516288757324,40.827148580551146,551.5849075317383,completed
860.737331,10,43.461612,1.0,True,10,0,0,426.8393907546997,516.1820735931396,21.517937660217285,426.8393907546997,completed
623.446598,10,43.468811,1.0,True,10,0,0,592.0274429321289,599.465747833252,25.096230697631835,592.0274429321289,completed
422.275937,10,43.476009,1.0,True,10,0,0,488.2907371520996,643.8179206848145,33.327495384216306,488.2907371520996,completed
905.668603,10,43.48353,1.0,True,10,0,0,398.8001403808594,537.8823070526123,22.669038772583008,398.8001403808594,completed
895.986444,10,43.491238,1.0,True,10,0,0,448.7165002822876,567.1523170471191,16.295805358886717,448.7165002822876,completed
166.820839,10,43.498328,1.0,True,10,0,0,613.4637832641602,858.0850601196289,29.310366249084474,613.4637832641602,completed
711.097498,10,43.505965,1.0,True,10,0,0,570.1560592651367,597.0268478393555,20.25396671295166,570.1560592651367,completed
542.016546,10,43.513523,1.0,True,10,0,0,555.9209651947021,612.8806037902832,27.013110518455505,555.9209651947021,completed
265.060178,10,43.520954,1.0,True,10,0,0,539.7037200927734,673.9486846923828,35.488701820373535,539.7037200927734,completed
841.268107,10,43.528553,1.0,True,10,0,0,456.4283666610718,575.2721500396729,18.353775405883788,456.4283666610718,completed
160.174878,10,43.536004,1.0,True,10,0,0,640.3625087738037,872.723316192627,30.530598449707032,640.3625087738037,completed
1207.724226,10,43.543171,1.0,True,10,0,0,371.2966117858887,389.4233703613281,14.056604957580566,371.2966117858887,completed
494.286606,10,43.550507,1.0,True,10,0,0,542.3467082977295,613.6684074401855,31.01350603103638,542.3467082977295,completed
244.388289,10,43.558244,1.0,True,10,0,0,534.0267276763916,741.8175048828125,35.459820938110354,534.0267276763916,completed
220.640186,10,43.565962,1.0,True,10,0,0,642.7694854736328,842.0744438171387,26.62081174850464,642.7694854736328,completed
681.595798,10,43.573526,1.0,True,10,0,0,503.4952964782715,574.1396141052246,24.987672424316408,503.4952964782715,completed
700.625849,10,43.580736,1.0,True,10,0,0,431.8823299407959,588.9470138549805,24.120151901245116,431.8823299407959,completed
83.603109,10,43.588086,1.0,True,10,0,0,536.2228126525879,781.1993293762207,40.01719703674316,536.2228126525879,completed
-634.830516,10,43.595493,1.0,True,10,0,0,769.2092361450195,979.4283142089844,59.29669141769409,769.2092361450195,completed
657.347178,10,43.603167,1.0,True,10,0,0,488.93839979171753,783.3685255050659,16.37922019958496,488.93839979171753,completed
1241.038438,10,43.61104,1.0,True,10,0,0,440.39905881881714,457.0550193786621,7.848080253601074,440.39905881881714,completed
1247.597244,10,43.618331,1.0,True,10,0,0,413.9766435623169,434.4190044403076,9.557793235778808,413.9766435623169,completed
301.152042,10,43.625877,1.0,True,10,0,0,480.06288719177246,674.7764701843262,36.67780542373657,480.06288719177246,completed
161.699645,10,43.633328,1.0,True,10,0,0,560.941484451294,783.6318016052246,37.73702411651611,560.941484451294,completed
524.171005,10,43.641006,1.0,True,10,0,0,619.2160081863403,759.4578876495361,20.44478569030762,619.2160081863403,completed
948.202905,10,43.648556,1.0,True,10,0,0,467.7323875427246,557.8251800537109,16.12749824523926,467.7323875427246,completed
572.071359,10,43.656316,1.0,True,10,0,0,554.845329284668,746.5548229217529,19.440556907653807,554.845329284668,completed
414.18037,10,43.66446,1.0,True,10,0,0,607.4340872764587,651.1496725082397,28.504726886749268,607.4340872764587,completed
1043.292539,10,43.672154,1.0,True,10,0,0,400.95087814331055,502.57249450683594,16.415359497070312,400.95087814331055,completed
88.306912,10,43.679521,1.0,True,10,0,0,530.4236078262329,786.1482067108154,40.933794784545896,530.4236078262329,completed
1181.206737,10,43.687337,1.0,True,10,0,0,363.0060935020447,522.5902299880981,7.057017707824707,363.0060935020447,completed
699.584027,10,43.695429,1.0,True,10,0,0,420.2370147705078,570.7238063812256,28.023878860473634,420.2370147705078,completed
401.343886,10,43.702591,1.0,True,10,0,0,594.0811824798584,729.5761795043945,27.73368034362793,594.0811824798584,completed
-108.451841,10,43.710136,1.0,True,10,0,0,637.4943675994873,1096.3346557617188,31.749354934692384,637.4943675994873,completed
249.815693,10,43.71754,1.0,True,10,0,0,497.30857276916504,714.0069675445557,37.81957492828369,497.30857276916504,completed
1225.043837,10,43.724905,1.0,True,10,0,0,342.2798343896866,423.3040325641632,14.697691345214844,342.2798343896866,completed
-888.577005,10,43.732849,1.0,True,10,0,0,765.4170227050781,1079.8820991516113,66.57282409667968,765.4170227050781,completed
613.866249,10,43.740484,1.0,True,10,0,0,486.27198791503906,719.8199653625488,19.628429794311522,486.27198791503906,completed
1164.343674,10,43.747699,1.0,True,10,0,0,326.3618755340576,458.534236907959,12.522576999664306,326.3618755340576,completed
655.883071,10,43.75551,1.0,True,10,0,0,445.48214530944824,637.6332416534424,25.771553802490235,445.48214530944824,completed
698.728307,10,43.762666,1.0,True,10,0,0,520.9385318756104,789.477222442627,13.014181470870971,520.9385318756104,completed
670.016002,10,43.770398,1.0,True,10,0,0,529.058967590332,609.9570808410645,22.829791450500487,529.058967590332,completed
377.996562,10,43.777947,1.0,True,10,0,0,608.5276966094971,741.589183807373,27.80693588256836,608.5276966094971,completed
1294.9836,10,43.7855,1.0,True,10,0,0,447.47582054138184,532.6999187469482,3.278049850463867,447.47582054138184,completed
318.212185,10,43.792847,1.0,True,10,0,0,628.0578746795654,691.7950954437256,31.698924255371093,628.0578746795654,completed
416.118856,10,43.800227,1.0,True,10,0,0,501.558819770813,655.6210985183716,35.08813219070434,501.558819770813,completed
1158.335908,10,43.808015,1.0,True,10,0,0,424.0790853500366,485.0032043457031,9.685655784606933,424.0790853500366,completed
162.165143,10,43.815229,1.0,True,10,0,0,533.663562297821,699.0063467025757,40.686486911773684,533.663562297821,completed
50.003884,10,43.822828,1.0,True,10,0,0,695.4151782989502,915.732629776001,32.02205581665039,695.4151782989502,completed
1077.353983,10,43.830419,1.0,True,10,0,0,458.6173734664917,495.3810214996338,12.127823448181152,458.6173734664917,completed
884.860727,10,43.838243,1.0,True,10,0,0,543.451494216919,630.171947479248,11.793961715698241,543.451494216919,completed
1044.355994,10,43.845799,1.0,True,10,0,0,472.6390542984009,508.1154384613037,12.65667953491211,472.6390542984009,completed
709.808917,10,43.853372,1.0,True,10,0,0,453.1550040245056,647.253026008606,22.315987586975098,453.1550040245056,completed
597.484607,10,43.861559,1.0,True,10,0,0,478.5303592681885,624.7310562133789,23.409650802612305,478.5303592681885,completed
1178.315548,10,43.869556,1.0,True,10,0,0,470.59309577941895,503.38482666015625,6.280264282226563,470.59309577941895,completed
826.463114,10,43.878438,1.0,True,10,0,0,434.52597999572754,563.5548686981201,21.645547103881835,434.52597999572754,completed
297.525343,10,43.886751,1.0,True,10,0,0,596.217809677124,705.9792938232422,30.40833740234375,596.217809677124,completed
776.878158,10,43.895254,1.0,True,10,0,0,389.44526290893555,568.8201065063477,22.68762836456299,389.44526290893555,completed
1085.958134,10,43.903841,1.0,True,10,0,0,429.8883156776428,501.91543674468994,13.45009479522705,429.8883156776428,completed
-124.693044,10,43.912663,1.0,True,10,0,0,665.6965503692627,820.4962863922119,44.38645992279053,665.6965503692627,completed
404.305039,10,43.921434,1.0,True,10,0,0,540.4271697998047,687.4775276184082,30.2606689453125,540.4271697998047,completed
651.190744,10,43.929947,1.0,True,10,0,0,462.3764228820801,659.2112617492676,24.312550735473632,462.3764228820801,completed
661.730928,10,43.937349,1.0,True,10,0,0,511.02914237976074,761.0047721862793,17.977316856384277,511.02914237976074,completed
-42.96839,10,43.944844,1.0,True,10,0,0,629.6716537475586,944.6614418029785,37.05189056396485,629.6716537475586,completed
1058.089907,10,43.952016,1.0,True,10,0,0,354.65143871307373,449.2861156463623,17.495225143432616,354.65143871307373,completed
1102.726942,10,43.959502,1.0,True,10,0,0,387.399706363678,487.4086513519287,14.684185886383057,387.399706363678,completed
1044.140933,10,43.967168,1.0,True,10,0,0,472.3185725212097,600.8376913070679,10.077323150634765,472.3185725212097,completed
1078.681158,10,43.974826,1.0,True,10,0,0,385.3133602142334,544.0316886901855,14.084798431396484,385.3133602142334,completed
473.574884,10,43.982862,1.0,True,10,0,0,543.1868724822998,769.3252105712891,24.712763023376464,543.1868724822998,completed
832.750868,10,43.990384,1.0,True,10,0,0,475.44528675079346,542.2994918823242,21.27262592315674,475.44528675079346,completed
10.646346,10,43.998119,1.0,True,10,0,0,568.9812860488892,755.2085781097412,44.11177234649658,568.9812860488892,completed
981.181997,10,44.013626,1.0,True,10,0,0,468.86029624938965,493.7646293640137,15.468036651611328,468.86029624938965,completed
322.192451,10,44.024184,1.0,True,10,0,0,631.685718536377,821.6884422302246,26.746941566467285,631.685718536377,completed
900.586113,10,44.032713,1.0,True,10,0,0,496.179838180542,530.2094669342041,17.923778533935547,496.179838180542,completed
373.922713,10,44.040651,1.0,True,10,0,0,590.4892749786377,756.8459186553955,27.712660598754884,590.4892749786377,completed
-250.222487,10,44.05067,1.0,True,10,0,0,618.5958614349365,850.7054347991943,50.41444959640503,618.5958614349365,completed
705.333269,10,44.11,1.0,True,10,0,0,469.3536024093628,638.9605579376221,22.509897804260255,469.3536024093628,completed
-527.052313,10,44.119191,1.0,True,10,0,0,697.1001577377319,948.140058517456,57.791907691955565,697.1001577377319,completed
261.46522,10,44.127259,1.0,True,10,0,0,625.4126300811768,1072.1711807250977,16.19494514465332,625.4126300811768,completed
796.300137,10,44.136663,1.0,True,10,0,0,463.35453701019287,663.5815982818604,15.53736915588379,463.35453701019287,completed
482.496445,10,44.145428,1.0,True,10,0,0,576.2301893234253,828.0107250213623,22.547682189941405,576.2301893234253,completed
440.294012,10,44.155183,1.0,True,10,0,0,530.4808521270752,664.7209720611572,32.511220359802245,530.4808521270752,completed
882.316242,10,44.16277,1.0,True,10,0,0,546.6834964752197,811.8146858215332,4.333875274658203,546.6834964752197,completed
39.096058,10,44.170815,1.0,True,10,0,0,567.7398719787598,746.0169372558594,43.232069396972655,567.7398719787598,completed
906.322666,10,44.178495,1.0,True,10,0,0,513.7562942504883,513.7562942504883,18.01458168029785,513.7562942504883,completed
-41.116837,10,44.187546,1.0,True,10,0,0,591.1969146728516,894.6521224975586,40.86406764984131,591.1969146728516,completed
405.739119,10,44.196466,1.0,True,10,0,0,593.7305784225464,788.0817317962646,26.80663146972656,593.7305784225464,completed
51.539921,10,44.206153,1.0,True,10,0,0,568.0681667327881,756.595064163208,43.26823043823242,568.0681667327881,completed
554.599477,10,44.215638,1.0,True,10,0,0,586.9421238899231,811.5987019538879,14.523833847045898,586.9421238899231,completed
428.350082,10,44.223581,1.0,True,10,0,0,472.90685749053955,738.7924747467041,28.26170406341553,472.90685749053955,completed
863.192818,10,44.231745,1.0,True,10,0,0,526.1434707641602,641.4728393554688,14.025048828125,526.1434707641602,completed
251.412081,10,44.240495,1.0,True,10,0,0,610.9712672233582,750.3767385482788,32.329537296295165,610.9712672233582,completed
36.792491,10,44.250212,1.0,True,10,0,0,571.00168800354,853.1465854644775,38.60726261138916,571.00168800354,completed
1089.191306,10,44.259599,1.0,True,10,0,0,449.2380256652832,488.81608390808105,10.92840929031372,449.2380256652832,completed
1033.586666,10,44.267086,1.0,True,10,0,0,373.190447807312,531.3616352081299,14.90006332397461,373.190447807312,completed
41.071638,10,44.276074,1.0,True,10,0,0,601.0730991363525,772.2643089294434,40.68968811035156,601.0730991363525,completed
268.3152,10,44.285381,1.0,True,10,0,0,659.2487449645996,890.2379417419434,24.843690872192383,659.2487449645996,completed
802.964477,10,44.294557,1.0,True,10,0,0,527.6190166473389,527.6190166473389,19.5041597366333,527.6190166473389,completed
462.673955,10,44.30374,1.0,True,10,0,0,510.0501289367676,640.8665504455566,32.06713809967041,510.0501289367676,completed
386.049565,10,44.311343,1.0,True,10,0,0,543.9075794219971,724.9594593048096,32.75752410888672,543.9075794219971,completed
-198.550233,10,44.318775,1.0,True,10,0,0,671.2404823303223,870.4308815002441,45.16659870147705,671.2404823303223,completed
1004.131246,10,44.325849,1.0,True,10,0,0,446.2047367095947,517.5266819000244,14.943328094482421,446.2047367095947,completed
80.069915,10,44.333829,1.0,True,10,0,0,623.1452202796936,750.8495888710022,39.25542025566101,623.1452202796936,completed
736.961673,10,44.340823,1.0,True,10,0,0,479.32891845703125,648.3490028381348,18.862853622436525,479.32891845703125,completed
790.500996,10,44.349814,1.0,True,10,0,0,458.91923904418945,582.292667388916,19.181276321411133,458.91923904418945,completed
119.570681,10,44.359415,1.0,True,10,0,0,672.4273433685303,808.9623374938965,35.10571708679199,672.4273433685303,completed
1012.334777,10,44.369028,1.0,True,10,0,0,349.2493705749512,516.0736083984375,17.521731567382812,349.2493705749512,completed
650.802839,10,44.378417,1.0,True,10,0,0,569.2390575408936,660.1299648284912,18.57553825378418,569.2390575408936,completed
1044.968203,10,44.386177,1.0,True,10,0,0,484.274133682251,564.4097080230713,10.430831909179688,484.274133682251,completed
763.468575,10,44.39362,1.0,True,10,0,0,517.0654754638672,571.4662570953369,20.63396282196045,517.0654754638672,completed
119.501438,10,44.40544,1.0,True,10,0,0,618.6192979812622,793.26207447052,37.58693504333496,618.6192979812622,completed
824.265363,10,44.414337,1.0,True,10,0,0,461.05645084381104,589.6495380401611,18.274313735961915,461.05645084381104,completed
1385.726707,10,44.423146,1.0,True,10,0,0,356.66147804260254,404.22522926330566,6.031432723999023,356.66147804260254,completed
485.630368,10,44.432431,1.0,True,10,0,0,488.76744556427,697.4623966217041,28.445026397705078,488.76744556427,completed
100.066251,10,44.44208,1.0,True,10,0,0,595.6640625,754.4424858093262,40.13242883682251,595.6640625,completed
1117.891707,10,44.451213,1.0,True,10,0,0,430.15892791748047,430.15892791748047,14.541905784606934,430.15892791748047,completed
342.484933,10,44.458678,1.0,True,10,0,0,623.0146026611328,685.8886642456055,29.711438751220705,623.0146026611328,completed
667.119869,10,44.466361,1.0,True,10,0,0,478.91631984710693,669.1403913497925,23.723795413970947,478.91631984710693,completed
196.311243,10,44.474038,1.0,True,10,0,0,658.602632522583,805.7021903991699,30.612738418579102,658.602632522583,completed
870.335971,10,44.481039,1.0,True,10,0,0,471.19321060180664,505.0894317626953,20.317486381530763,471.19321060180664,completed
1094.125886,10,44.488662,1.0,True,10,0,0,343.98397302627563,524.5883641242981,13.12182650566101,343.98397302627563,completed
898.166259,10,44.496225,1.0,True,10,0,0,459.98715114593506,690.2545557022095,11.578071975708008,459.98715114593506,completed
625.995211,10,44.503643,1.0,True,10,0,0,543.3760385513306,656.5481309890747,20.788811111450194,543.3760385513306,completed
261.517396,10,44.511237,1.0,True,10,0,0,638.7104415893555,793.8030052185059,28.603651666641234,638.7104415893555,completed
860.211091,10,44.518511,1.0,True,10,0,0,465.9902722835541,559.5542960166931,20.484251022338867,465.9902722835541,completed
317.51424,10,44.525704,1.0,True,10,0,0,613.6029186248779,746.5186061859131,29.15767707824707,613.6029186248779,completed
995.317908,10,44.533471,1.0,True,10,0,0,439.39262771606445,689.6203155517578,7.3732084274292,439.39262771606445,completed
671.617258,10,44.540682,1.0,True,10,0,0,509.4936828613281,586.8333587646484,25.858491897583008,509.4936828613281,completed
447.75502,10,44.548062,1.0,True,10,0,0,608.9497776031494,708.9196071624756,26.10317726135254,608.9497776031494,completed
664.632464,10,44.555471,1.0,True,10,0,0,584.9923648834229,670.2788486480713,19.353269195556642,584.9923648834229,completed
809.474558,10,44.56308,1.0,True,10,0,0,413.087030172348,511.65991377830505,25.9923659324646,413.087030172348,completed
-91.128319,10,44.570221,1.0,True,10,0,0,661.4434185028076,850.774435043335,42.42051944732666,661.4434185028076,completed
1230.503164,10,44.577407,1.0,True,10,0,0,412.16612434387207,475.03511810302734,9.482926559448241,412.16612434387207,completed
503.178858,10,44.584724,1.0,True,10,0,0,587.7400035858154,702.699764251709,24.310369968414307,587.7400035858154,completed
1241.726089,10,44.592253,1.0,True,10,0,0,351.49573040008545,517.1647644042969,7.174761581420898,351.49573040008545,completed
36.974566,10,44.600716,1.0,True,10,0,0,416.08385848999023,742.1189575195312,50.602213287353514,416.08385848999023,completed
1047.457831,10,44.609389,1.0,True,10,0,0,329.6542844772339,478.99704933166504,18.392642211914062,329.6542844772339,completed
972.912106,10,44.617682,1.0,True,10,0,0,484.49230194091797,556.7346134185791,13.199221897125245,484.49230194091797,completed
222.502316,10,44.625818,1.0,True,10,0,0,571.8656044006348,768.7605171203613,32.68708763122559,571.8656044006348,completed
798.077718,10,44.633152,1.0,True,10,0,0,426.35988426208496,612.945384979248,21.84332141876221,426.35988426208496,completed
697.568428,10,44.640204,1.0,True,10,0,0,480.4823341369629,722.2976455688477,17.98073806762695,480.4823341369629,completed
788.289162,10,44.648188,1.0,True,10,0,0,548.9101657867432,586.0315704345703,17.636500549316406,548.9101657867432,completed
993.868001,10,44.656043,1.0,True,10,0,0,428.42810916900635,549.7044334411621,15.470012855529784,428.42810916900635,completed
619.810911,10,44.663233,1.0,True,10,0,0,522.647518157959,586.9647808074951,26.796965980529784,522.647518157959,completed
717.236207,10,44.671056,1.0,True,10,0,0,455.2185535430908,708.2340126037598,18.528762340545654,455.2185535430908,completed
-98.252734,10,44.678387,1.0,True,10,0,0,700.3743152618408,891.77614402771,40.603719329833986,700.3743152618408,completed
448.315296,10,44.685565,1.0,True,10,0,0,587.4416656494141,842.249153137207,19.387281799316405,587.4416656494141,completed
1039.764157,10,44.693077,1.0,True,10,0,0,433.549165725708,503.7968330383301,14.296491336822509,433.549165725708,completed
810.495991,10,45.95824,1.0,True,10,0,0,574.4135394096375,597.0071387290955,16.407401657104494,574.4135394096375,completed
982.262615,10,45.965986,1.0,True,10,0,0,497.30580854415894,522.7781705856323,14.214895629882813,497.30580854415894,completed
815.445115,10,45.974239,1.0,True,10,0,0,424.58703994750977,639.6197052001953,17.061049270629884,424.58703994750977,completed
624.821344,10,45.982345,1.0,True,10,0,0,516.5202674865723,661.5391960144043,22.628668975830077,516.5202674865723,completed
-127.521047,10,45.990568,1.0,True,10,0,0,677.2530422210693,791.4525947570801,45.7785683631897,677.2530422210693,completed
321.454673,10,45.998412,1.0,True,10,0,0,579.226146697998,799.8229942321777,24.56021728515625,579.226146697998,completed
878.042191,10,46.006477,1.0,True,10,0,0,435.8709602355957,578.0609741210938,16.97840805053711,435.8709602355957,completed
1196.95305,10,46.013624,1.0,True,10,0,0,377.96882247924805,470.5044927597046,12.435535717010499,377.96882247924805,completed
189.214212,10,46.021715,1.0,True,10,0,0,651.1747713088989,760.0512142181396,34.95122947692871,651.1747713088989,completed
158.622718,10,46.030889,1.0,True,10,0,0,664.5598888397217,925.7124176025391,28.21788444519043,664.5598888397217,completed
551.365578,10,46.039198,1.0,True,10,0,0,560.7689952850342,810.8412952423096,18.012380027770995,560.7689952850342,completed
422.434259,10,46.047761,1.0,True,10,0,0,565.4524593353271,707.1625328063965,27.52077398300171,565.4524593353271,completed
671.910677,10,46.055385,1.0,True,10,0,0,458.5418367385864,592.2456693649292,25.824699211120606,458.5418367385864,completed
475.269717,10,46.062849,1.0,True,10,0,0,472.54225158691406,717.2720184326172,27.110285568237305,472.54225158691406,completed
1039.570285,10,46.070434,1.0,True,10,0,0,433.9980182647705,636.3019256591797,8.25493927001953,433.9980182647705,completed
46.154727,10,46.077839,1.0,True,10,0,0,500.402925491333,833.7248802185059,41.32530746459961,500.402925491333,completed
1401.684425,10,46.085351,1.0,True,10,0,0,314.95962142944336,506.4822425842285,2.1104667663574217,314.95962142944336,completed
1324.210086,10,46.092967,1.0,True,10,0,0,365.86350440979004,428.6463851928711,8.73803939819336,365.86350440979004,completed
319.871627,10,46.100586,1.0,True,10,0,0,598.8264923095703,850.7320613861084,23.751360511779787,598.8264923095703,completed
848.140465,10,46.108496,1.0,True,10,0,0,478.10612201690674,547.833906173706,18.868928241729737,478.10612201690674,completed
250.588523,10,46.116137,1.0,True,10,0,0,550.4578456878662,792.912727355957,31.846638488769532,550.4578456878662,completed
868.234644,10,46.123554,1.0,True,10,0,0,438.38124084472656,560.63254737854,19.602040481567382,438.38124084472656,completed
514.394843,10,46.130802,1.0,True,10,0,0,487.6194248199463,797.3184700012207,22.799159240722656,487.6194248199463,completed
327.518361,10,46.138383,1.0,True,10,0,0,636.425235748291,741.2270164489746,29.513838958740234,636.425235748291,completed
269.260018,10,46.146336,1.0,True,10,0,0,561.9086017608643,755.5185604095459,30.126220226287842,561.9086017608643,completed
654.130538,10,46.154219,1.0,True,10,0,0,488.83268547058105,613.9445247650146,22.111543655395508,488.83268547058105,completed
184.978215,10,46.161569,1.0,True,10,0,0,644.5065975189209,841.4682502746582,32.1351375579834,644.5065975189209,completed
1223.794114,10,46.169026,1.0,True,10,0,0,441.2956142425537,498.5843563079834,5.149286270141602,441.2956142425537,completed
1286.807683,10,46.176169,1.0,True,10,0,0,416.4592390060425,508.4198980331421,3.4527442932128904,416.4592390060425,completed
-57.600007,10,46.183656,1.0,True,10,0,0,644.3069534301758,944.7497596740723,37.339554977416995,644.3069534301758,completed
336.596745,10,46.191872,1.0,True,10,0,0,510.0037031173706,738.5705299377441,32.99867248535156,510.0037031173706,completed
377.021004,10,46.200109,1.0,True,10,0,0,500.42777252197266,719.8864803314209,32.2923602104187,500.42777252197266,completed
650.801364,10,46.20723,1.0,True,10,0,0,577.0693855285645,650.1450538635254,20.13987226486206,577.0693855285645,completed
489.36685,10,46.215102,1.0,True,10,0,0,524.4414348602295,740.01171875,26.097769927978515,524.4414348602295,completed
645.515211,10,46.223174,1.0,True,10,0,0,538.0104732513428,660.6218967437744,20.999720954895018,538.0104732513428,completed
953.889546,10,46.231179,1.0,True,10,0,0,369.0820503234863,516.1389636993408,19.845418167114257,369.0820503234863,completed
577.534383,10,46.238749,1.0,True,10,0,0,536.6280145645142,699.923092842102,24.77867031097412,536.6280145645142,completed
539.794365,10,46.246217,1.0,True,10,0,0,631.3227033615112,853.9687480926514,14.102319526672364,631.3227033615112,completed
294.198143,10,46.253845,1.0,True,10,0,0,506.80194091796875,679.9699516296387,37.18768730163574,506.80194091796875,completed
487.338635,10,46.26206,1.0,True,10,0,0,592.8091106414795,645.2783966064453,26.858483123779298,592.8091106414795,completed
1.890698,10,46.269715,1.0,True,10,0,0,644.3191795349121,882.8718070983887,35.26794033050537,644.3191795349121,completed
703.571323,10,46.27776,1.0,True,10,0,0,485.22070693969727,588.9553031921387,23.62227096557617,485.22070693969727,completed
329.061398,10,46.285428,1.0,True,10,0,0,525.8746113777161,796.0936002731323,28.485543727874756,525.8746113777161,completed
165.775607,10,46.292866,1.0,True,10,0,0,506.17785263061523,899.3432235717773,34.06200675964355,506.17785263061523,completed
265.351634,10,46.300646,1.0,True,10,0,0,524.5205297470093,803.4136905670166,32.559049415588376,524.5205297470093,completed
1442.521886,10,46.308156,1.0,True,10,0,0,357.6227011680603,389.33512449264526,5.231792831420899,357.6227011680603,completed
391.18758,10,46.315562,1.0,True,10,0,0,517.2820844650269,721.9421949386597,30.9653377532959,517.2820844650269,completed
692.906804,10,46.322904,1.0,True,10,0,0,568.8787930011749,586.2595639228821,21.794019985198975,568.8787930011749,completed
549.308595,10,46.330168,1.0,True,10,0,0,519.2404670715332,667.2282371520996,26.009803199768065,519.2404670715332,completed
387.680484,10,46.337437,1.0,True,10,0,0,586.540491104126,720.0005302429199,27.919731903076173,586.540491104126,completed
686.716583,10,46.344814,1.0,True,10,0,0,402.40183997154236,662.7436728477478,22.8912136554718,402.40183997154236,completed
784.98943,10,46.352539,1.0,True,10,0,0,545.2505416870117,553.7293663024902,20.93789710998535,545.2505416870117,completed
1105.498115,10,46.360053,1.0,True,10,0,0,352.6619620323181,493.48437786102295,14.003594589233398,352.6619620323181,completed
963.549689,10,46.367815,1.0,True,10,0,0,428.4505453109741,544.2245464324951,17.2866491317749,428.4505453109741,completed
765.854977,10,46.375173,1.0,True,10,0,0,457.55205154418945,708.9367599487305,14.739167785644531,457.55205154418945,completed
12.776243,10,46.382777,1.0,True,10,0,0,456.50978231430054,800.007082939148,46.16550483703613,456.50978231430054,completed
71.614303,10,46.391172,1.0,True,10,0,0,492.18965911865234,716.709041595459,47.984597778320314,492.18965911865234,completed
240.225282,10,46.399081,1.0,True,10,0,0,661.1533889770508,747.1862564086914,31.55889015197754,661.1533889770508,completed
1092.842817,10,46.406663,1.0,True,10,0,0,403.43118476867676,464.2146644592285,15.973117065429687,403.43118476867676,completed
647.165353,10,46.414415,1.0,True,10,0,0,531.5559043884277,683.5191383361816,22.35150260925293,531.5559043884277,completed
431.197788,10,46.422636,1.0,True,10,0,0,524.7214794158936,649.3609809875488,31.483612251281738,524.7214794158936,completed
932.926938,10,46.430229,1.0,True,10,0,0,520.989175081253,632.3806939125061,11.193039703369141,520.989175081253,completed
252.713423,10,46.437538,1.0,True,10,0,0,622.8592510223389,748.7886848449707,30.74517364501953,622.8592510223389,completed
716.006484,10,46.445756,1.0,True,10,0,0,510.66615867614746,615.5696678161621,22.023359298706055,510.66615867614746,completed
713.41786,10,46.453012,1.0,True,10,0,0,565.2110691070557,613.1006736755371,19.40223789215088,565.2110691070557,completed
1312.698492,10,46.460802,1.0,True,10,0,0,377.52006101608276,434.38081645965576,6.148528671264648,377.52006101608276,completed
725.708784,10,46.467831,1.0,True,10,0,0,508.6216106414795,711.1508750915527,17.592614364624023,508.6216106414795,completed
606.560649,10,46.475461,1.0,True,10,0,0,501.8595428466797,661.4533004760742,23.986249732971192,501.8595428466797,completed
874.432387,10,46.483077,1.0,True,10,0,0,447.4354510307312,628.8450765609741,15.268837928771973,447.4354510307312,completed
887.183599,10,46.490482,1.0,True,10,0,0,444.2515754699707,557.3714351654053,18.65784387588501,444.2515754699707,completed
909.133479,10,46.498102,1.0,True,10,0,0,421.26324462890625,480.11158752441406,19.99929141998291,421.26324462890625,completed
795.992684,10,46.505209,1.0,True,10,0,0,448.1188106536865,599.8044567108154,22.017556381225585,448.1188106536865,completed
26.252707,10,46.512639,1.0,True,10,0,0,548.9698371887207,706.6770706176758,45.35103063583374,548.9698371887207,completed
1112.867318,10,46.519889,1.0,True,10,0,0,435.9001655578613,573.6407747268677,9.229386520385741,435.9001655578613,completed
18.587178,10,46.527679,1.0,True,10,0,0,755.937201499939,886.3062343597412,32.145682144165036,755.937201499939,completed
1038.532766,10,46.534889,1.0,True,10,0,0,466.09625148773193,515.3048191070557,13.998709106445313,466.09625148773193,completed
1133.674305,10,46.543128,1.0,True,10,0,0,411.93518447875977,484.45366859436035,11.313277435302734,411.93518447875977,completed
571.843338,10,46.551199,1.0,True,10,0,0,574.7702026367188,574.7702026367188,25.802365875244142,574.7702026367188,completed
705.52694,10,46.558972,1.0,True,10,0,0,499.0551338195801,608.0179748535156,22.061010360717773,499.0551338195801,completed
381.06425,10,46.567113,1.0,True,10,0,0,524.4391231536865,689.1869697570801,34.30833048820496,524.4391231536865,completed
723.305342,10,46.574988,1.0,True,10,0,0,506.4494113922119,656.7613143920898,18.26937828063965,506.4494113922119,completed
-522.462499,10,46.582199,1.0,True,10,0,0,651.6863861083984,933.6170082092285,57.22359790802002,651.6863861083984,completed
270.624856,10,46.590166,1.0,True,10,0,0,536.8675718307495,748.4882678985596,33.695875310897826,536.8675718307495,completed
1082.162042,10,46.597805,1.0,True,10,0,0,377.9071636199951,471.6217956542969,15.615484237670898,377.9071636199951,completed
-530.870783,10,46.605512,1.0,True,10,0,0,597.1325778961182,1015.6110763549805,58.52095260620117,597.1325778961182,completed
406.547718,10,46.613227,1.0,True,10,0,0,541.0842399597168,685.1672630310059,30.2558874130249,541.0842399597168,completed
969.831984,10,46.620483,1.0,True,10,0,0,420.8228302001953,503.18334197998047,15.70863208770752,420.8228302001953,completed
772.159219,10,46.627788,1.0,True,10,0,0,510.75940322875977,674.4622802734375,17.223831558227538,510.75940322875977,completed
600.612146,10,46.635222,1.0,True,10,0,0,441.30116844177246,605.6024703979492,27.922221755981447,441.30116844177246,completed
1102.002139,10,46.642512,1.0,True,10,0,0,374.4872217178345,498.41321563720703,15.75254955291748,374.4872217178345,completed
733.474967,10,46.650698,1.0,True,10,0,0,414.65795707702637,554.5517692565918,27.386165618896484,414.65795707702637,completed
-174.511106,10,46.657804,1.0,True,10,0,0,651.1492557525635,878.5150394439697,42.872750473022464,651.1492557525635,completed
1442.980208,10,46.665447,1.0,True,10,0,0,326.52959537506104,405.1411294937134,4.022339630126953,326.52959537506104,completed
292.310648,10,46.672916,1.0,True,10,0,0,543.961498260498,832.7431755065918,27.76474800109863,543.961498260498,completed
1053.384871,10,46.680366,1.0,True,10,0,0,462.8044137954712,510.59282875061035,12.364018440246582,462.8044137954712,completed
108.313243,10,46.688244,1.0,True,10,0,0,614.9274168014526,751.5110759735107,39.303406143188475,614.9274168014526,completed
424.141156,10,46.695497,1.0,True,10,0,0,471.05504512786865,679.5017576217651,33.038694190979,471.05504512786865,completed
1119.04253,10,46.70334,1.0,True,10,0,0,365.88443899154663,564.4628171920776,10.275885391235352,365.88443899154663,completed
259.974352,10,46.710643,1.0,True,10,0,0,629.9136161804199,735.6781044006348,30.89157814979553,629.9136161804199,completed
716.216706,10,46.718517,1.0,True,10,0,0,557.5352268218994,651.2761688232422,17.392918586730957,557.5352268218994,completed
757.640987,10,46.726398,1.0,True,10,0,0,404.66103172302246,577.6279525756836,25.2085823059082,404.66103172302246,completed
838.753852,10,46.733856,1.0,True,10,0,0,495.88781929016113,716.6808052062988,9.518228530883789,495.88781929016113,completed
389.77,10,46.741542,1.0,True,10,0,0,499.8998498916626,796.871747970581,29.936558341979982,499.8998498916626,completed
711.45246,10,46.748754,1.0,True,10,0,0,387.1392230987549,539.4163780212402,28.8952995300293,387.1392230987549,completed
763.278968,10,46.756016,1.0,True,10,0,0,455.3611640930176,638.967098236084,20.032026290893555,455.3611640930176,completed
898.068029,10,46.763674,1.0,True,10,0,0,505.7818088531494,552.9969100952148,16.508314228057863,505.7818088531494,completed
422.433456,10,46.771459,1.0,True,10,0,0,604.5068893432617,728.1635723114014,27.694124031066895,604.5068893432617,completed
1011.90467,10,46.779899,1.0,True,10,0,0,429.98024702072144,539.5278882980347,15.081325244903564,429.98024702072144,completed
880.877037,10,46.787211,1.0,True,10,0,0,470.03657054901123,608.7098064422607,15.376011657714844,470.03657054901123,completed
326.26057,10,46.79473,1.0,True,10,0,0,526.544361114502,807.1517601013184,29.247293853759764,526.544361114502,completed
323.712376,10,46.802333,1.0,True,10,0,0,676.5778503417969,728.7342262268066,27.936663246154787,676.5778503417969,completed
78.10301,10,46.809816,1.0,True,10,0,0,655.988847732544,861.6860446929932,34.7724515914917,655.988847732544,completed
569.306404,10,46.817342,1.0,True,10,0,0,557.822286605835,623.240686416626,26.271773433685304,557.822286605835,completed
-246.546349,10,46.825029,1.0,True,10,0,0,756.4203815460205,907.7739067077637,44.20714111328125,756.4203815460205,completed
39.587664,10,46.832153,1.0,True,10,0,0,737.6621742248535,766.6313018798828,38.22602996826172,737.6621742248535,completed
994.312638,10,46.83969,1.0,True,10,0,0,439.7481994628906,583.7406425476074,13.23618679046631,439.7481994628906,completed
1022.760242,10,46.847101,1.0,True,10,0,0,357.2112126350403,463.382119178772,20.90963497161865,357.2112126350403,completed
885.666282,10,46.854519,1.0,True,10,0,0,496.13818168640137,648.2186603546143,12.180514144897462,496.13818168640137,completed
746.264336,10,46.861971,1.0,True,10,0,0,507.324369430542,633.2722339630127,19.6370792388916,507.324369430542,completed
595.097108,10,46.869369,1.0,True,10,0,0,617.5149307250977,710.1038856506348,20.913982963562013,617.5149307250977,completed
1397.899962,10,46.876906,1.0,True,10,0,0,363.81611728668213,442.6704845428467,4.343641710281372,363.81611728668213,completed
1210.446302,10,46.884579,1.0,True,10,0,0,370.61168098449707,469.5321502685547,10.785066223144531,370.61168098449707,completed
861.149181,10,46.892286,1.0,True,10,0,0,444.41821670532227,518.0053215026855,20.869701766967772,444.41821670532227,completed
785.715569,10,46.899679,1.0,True,10,0,0,470.3319835662842,568.6583271026611,18.57805404663086,470.3319835662842,completed
981.821758,10,46.90747,1.0,True,10,0,0,376.0979862213135,465.43875885009766,18.52684078216553,376.0979862213135,completed
523.981192,10,46.91508,1.0,True,10,0,0,505.74120903015137,745.7746200561523,24.611100006103516,505.74120903015137,completed
1033.933996,10,46.922991,1.0,True,10,0,0,478.3225383758545,618.5270671844482,8.184635353088378,478.3225383758545,completed
351.175719,10,46.931515,1.0,True,10,0,0,562.9998159408569,697.0639591217041,31.71270179748535,562.9998159408569,completed
619.697045,10,46.939033,1.0,True,10,0,0,438.5822629928589,704.0554103851318,24.134632301330566,438.5822629928589,completed
940.313592,10,46.946759,1.0,True,10,0,0,435.8713035583496,470.2116241455078,19.79654197692871,435.8713035583496,completed
1413.943171,10,46.954096,1.0,True,10,0,0,374.87882804870605,468.98718452453613,1.7621814727783203,374.87882804870605,completed
1079.529078,10,46.961921,1.0,True,10,0,0,454.91768074035645,514.727611541748,11.06599702835083,454.91768074035645,completed
347.26677,10,46.969804,1.0,True,10,0,0,425.5430598258972,645.8448090553284,37.59890522956848,425.5430598258972,completed
894.642016,10,46.977319,1.0,True,10,0,0,464.7477316856384,609.7603735923767,17.288646697998047,464.7477316856384,completed
490.913673,10,46.985032,1.0,True,10,0,0,486.3943109512329,718.5713920593262,27.091060447692872,486.3943109512329,completed
637.395659,10,46.992258,1.0,True,10,0,0,503.7745666503906,568.7785491943359,26.234159851074217,503.7745666503906,completed
865.650314,10,46.999492,1.0,True,10,0,0,490.04754638671875,653.308666229248,11.834081268310547,490.04754638671875,completed
159.992996,10,47.007079,1.0,True,10,0,0,566.8047771453857,832.4741649627686,34.96012783050537,566.8047771453857,completed
-417.101596,10,47.014491,1.0,True,10,0,0,645.008134841919,947.5018730163574,52.64223272800446,645.008134841919,completed
651.984057,10,47.021946,1.0,True,10,0,0,549.2476902008057,564.6184310913086,25.619352722167967,549.2476902008057,completed
589.470834,10,47.029288,1.0,True,10,0,0,492.75821113586426,633.3239040374756,25.410897254943848,492.75821113586426,completed
-9.223008,10,47.03695,1.0,True,10,0,0,563.0121383666992,815.2617149353027,41.98139190673828,563.0121383666992,completed
607.202586,10,47.044392,1.0,True,10,0,0,417.28897190093994,608.9780254364014,30.62741012573242,417.28897190093994,completed
558.70519,10,47.052079,1.0,True,10,0,0,575.3486595153809,751.9142684936523,19.198995971679686,575.3486595153809,completed
289.024945,10,47.059214,1.0,True,10,0,0,590.0953063964844,808.309642791748,27.888863182067873,590.0953063964844,completed
394.661238,10,47.066651,1.0,True,10,0,0,592.6625308990479,746.5088329315186,27.179076385498046,592.6625308990479,completed
401.396231,10,47.073957,1.0,True,10,0,0,591.5838928222656,865.1836242675781,20.347572326660156,591.5838928222656,completed
1045.333143,10,47.081628,1.0,True,10,0,0,474.00593614578247,640.4712915420532,6.537243747711182,474.00593614578247,completed
273.750416,10,47.088809,1.0,True,10,0,0,548.8141899108887,825.7720565795898,30.180590391159058,548.8141899108887,completed
572.996112,10,47.096443,1.0,True,10,0,0,529.3824329376221,652.6413383483887,26.57344779968262,529.3824329376221,completed
293.330502,10,47.104472,1.0,True,10,0,0,530.7206916809082,692.7954025268555,35.80810699462891,530.7206916809082,completed
856.095367,10,47.1121,1.0,True,10,0,0,470.601842880249,609.9831886291504,16.528100967407227,470.601842880249,completed
424.481738,10,47.119375,1.0,True,10,0,0,540.1165103912354,781.4146766662598,25.344610595703124,540.1165103912354,completed
1298.074693,10,47.126607,1.0,True,10,0,0,320.2936029434204,471.73999214172363,6.541757678985595,320.2936029434204,completed
766.210853,10,47.134536,1.0,True,10,0,0,569.9036664962769,587.6660642623901,19.270713806152344,569.9036664962769,completed
755.322489,10,47.141811,1.0,True,10,0,0,514.7660026550293,624.9515953063965,18.168557739257814,514.7660026550293,completed
325.674704,10,47.149234,1.0,True,10,0,0,561.31005859375,761.9338569641113,29.470600891113282,561.31005859375,completed
452.005537,10,47.156399,1.0,True,10,0,0,591.7809886932373,644.2769165039062,28.71106309890747,591.7809886932373,completed
439.099602,10,47.163702,1.0,True,10,0,0,472.4678726196289,766.281665802002,27.475492095947267,472.4678726196289,completed
907.967317,10,47.171332,1.0,True,10,0,0,418.4606828689575,491.9819965362549,19.48880386352539,418.4606828689575,completed
912.609519,10,47.179323,1.0,True,10,0,0,465.0052833557129,564.335168838501,15.130931282043457,465.0052833557129,completed
539.602224,10,47.186723,1.0,True,10,0,0,403.0449161529541,619.7603149414062,31.341724014282228,403.0449161529541,completed
647.559744,10,47.194162,1.0,True,10,0,0,508.92908668518066,637.0351428985596,24.31720733642578,508.92908668518066,completed
635.046396,10,47.201241,1.0,True,10,0,0,451.5365228652954,636.12082862854,25.464938926696778,451.5365228652954,completed
455.076644,10,47.208801,1.0,True,10,0,0,598.4284925460815,720.6721668243408,26.656343841552733,598.4284925460815,completed
203.45087,10,47.216171,1.0,True,10,0,0,611.4595623016357,736.7047100067139,35.464910578727725,611.4595623016357,completed
849.190988,10,47.223425,1.0,True,10,0,0,512.6168403625488,631.1761207580566,14.447258758544923,512.6168403625488,completed
-71.522207,10,47.230657,1.0,True,10,0,0,587.4988021850586,794.2235488891602,44.268851089477536,587.4988021850586,completed
404.344862,10,47.238232,1.0,True,10,0,0,562.5925426483154,718.4575233459473,27.88981685638428,562.5925426483154,completed
454.059382,10,47.245769,1.0,True,10,0,0,612.8107159137726,753.8237137794495,24.452405166625976,612.8107159137726,completed
204.643784,10,47.253405,1.0,True,10,0,0,622.4101486206055,880.7644805908203,29.65345993041992,622.4101486206055,completed
872.392082,10,47.260489,1.0,True,10,0,0,465.5585174560547,639.2563171386719,14.254542922973632,465.5585174560547,completed
-444.202549,10,47.268461,1.0,True,10,0,0,643.6181573867798,942.2713680267334,55.57665748596192,643.6181573867798,completed
823.270361,10,47.27603,1.0,True,10,0,0,537.6335411071777,728.7969703674316,9.623642349243164,537.6335411071777,completed
320.475007,10,47.283873,1.0,True,10,0,0,498.93645095825195,760.8569526672363,32.911023712158205,498.93645095825195,completed
850.020161,10,47.29168,1.0,True,10,0,0,509.14509201049805,631.9541244506836,14.467162322998046,509.14509201049805,completed
766.391404,10,47.299035,1.0,True,10,0,0,436.4403579235077,604.1093068122864,22.36120719909668,436.4403579235077,completed
253.58787,10,47.30635,1.0,True,10,0,0,584.2632541656494,654.9583702087402,38.269998502731326,584.2632541656494,completed
1170.795518,10,47.314226,1.0,True,10,0,0,407.1553325653076,516.3672676086426,6.595364379882812,407.1553325653076,completed
1146.726422,10,47.321989,1.0,True,10,0,0,436.2945351600647,511.53273820877075,10.940542221069336,436.2945351600647,completed
1055.967833,10,47.329366,1.0,True,10,0,0,431.94102442264557,685.2144958972931,6.056580352783203,431.94102442264557,completed
771.99462,10,47.336959,1.0,True,10,0,0,466.04813385009766,605.3760566711426,19.873141860961915,466.04813385009766,completed
675.702817,10,47.344461,1.0,True,10,0,0,503.6425971984863,603.9711265563965,22.38716926574707,503.6425971984863,completed
518.743029,10,47.352155,1.0,True,10,0,0,432.6400566101074,673.2424869537354,28.55531005859375,432.6400566101074,completed
-271.057544,10,47.359546,1.0,True,10,0,0,667.0004920959473,919.0588264465332,48.74462699890137,667.0004920959473,completed
298.379482,10,47.366952,1.0,True,10,0,0,461.5174560546875,693.7335205078125,36.3301586151123,461.5174560546875,completed
873.034909,10,47.374569,1.0,True,10,0,0,415.9403533935547,653.2131538391113,14.94332046508789,415.9403533935547,completed
535.269834,10,47.382166,1.0,True,10,0,0,477.85770416259766,624.0767555236816,26.57655563354492,477.85770416259766,completed
1039.713176,10,47.389361,1.0,True,10,0,0,423.71289920806885,513.7040042877197,14.049234008789062,423.71289920806885,completed
593.84144,10,47.396982,1.0,True,10,0,0,499.973361492157,711.1080465316772,20.697784614562988,499.973361492157,completed
15.870532,10,47.404288,1.0,True,10,0,0,599.0385427474976,750.560788154602,43.20447378158569,599.0385427474976,completed
340.068257,10,47.411336,1.0,True,10,0,0,494.517484664917,685.2543983459473,34.97207069396973,494.517484664917,completed
813.004693,10,47.419142,1.0,True,10,0,0,392.6856575012207,580.832950592041,22.62338333129883,392.6856575012207,completed
-351.539447,10,47.427089,1.0,True,10,0,0,671.6127109527588,891.1789474487305,51.66374893188477,671.6127109527588,completed
90.472103,10,47.434516,1.0,True,10,0,0,638.9873847961426,909.055736541748,32.058707809448244,638.9873847961426,completed
446.235438,10,47.441924,1.0,True,10,0,0,481.73875427246094,741.188850402832,30.7206787109375,481.73875427246094,completed
478.648644,10,47.449699,1.0,True,10,0,0,646.1598377227783,684.0839214324951,26.058156967163086,646.1598377227783,completed
886.996305,10,47.457213,1.0,True,10,0,0,467.95219898223877,580.1315441131592,16.704383850097656,467.95219898223877,completed
1059.801151,10,47.464617,1.0,True,10,0,0,425.56435680389404,554.9359703063965,13.221533393859863,425.56435680389404,completed
456.546915,10,47.472302,1.0,True,10,0,0,537.0845413208008,591.159704208374,31.796334266662598,537.0845413208008,completed
612.628712,10,47.479958,1.0,True,10,0,0,581.4976806640625,755.4700469970703,16.122781372070314,581.4976806640625,completed
475.079789,10,47.487397,1.0,True,10,0,0,458.84287309646606,670.2237482070923,32.61841821670532,458.84287309646606,completed
953.670374,10,47.494604,1.0,True,10,0,0,474.6307563781738,508.97268295288086,17.084061050415038,474.6307563781738,completed
710.793728,10,47.502216,1.0,True,10,0,0,494.60612964630127,656.6871395111084,20.50433702468872,494.60612964630127,completed
719.169367,10,48.628173,1.0,True,10,0,0,484.55186653137207,660.2355079650879,20.192022705078124,484.55186653137207,completed
533.924754,10,48.636137,1.0,True,10,0,0,547.7856616973877,721.7971267700195,22.921350479125977,547.7856616973877,completed
615.323199,10,48.643621,1.0,True,10,0,0,579.5562896728516,744.2057762145996,19.16583366394043,579.5562896728516,completed
736.103856,10,48.651286,1.0,True,10,0,0,486.3211421966553,673.5455570220947,19.81016731262207,486.3211421966553,completed
-2.974266,10,48.658704,1.0,True,10,0,0,622.4260444641113,807.5082893371582,40.31297607421875,622.4260444641113,completed
447.433203,10,48.66631,1.0,True,10,0,0,509.6496181488037,680.7984046936035,29.394939041137697,509.6496181488037,completed
1333.455588,10,48.673671,1.0,True,10,0,0,348.65283584594727,416.68150424957275,8.200152778625489,348.65283584594727,completed
775.247642,10,48.681253,1.0,True,10,0,0,431.31411933898926,632.3828678131104,20.517136573791504,431.31411933898926,completed
365.318122,10,48.689204,1.0,True,10,0,0,531.8603763580322,708.5209007263184,32.55963306427002,531.8603763580322,completed
373.466566,10,48.697423,1.0,True,10,0,0,535.7613134384155,808.6194858551025,26.529760551452636,535.7613134384155,completed
905.971302,10,48.704986,1.0,True,10,0,0,454.4815397262573,677.1432247161865,12.074111366271973,454.4815397262573,completed
285.945012,10,48.71242,1.0,True,10,0,0,546.5764350891113,712.7336502075195,37.105105590820315,546.5764350891113,completed
869.712804,10,48.7201,1.0,True,10,0,0,433.6766438484192,563.4161558151245,19.51617193222046,433.6766438484192,completed
654.727813,10,48.727588,1.0,True,10,0,0,432.4408435821533,545.813907623291,27.520619106292724,432.4408435821533,completed
68.702494,10,48.735191,1.0,True,10,0,0,517.2246971130371,756.1276969909668,43.961111068725586,517.2246971130371,completed
742.028385,10,48.742855,1.0,True,10,0,0,479.723913192749,602.3322563171387,21.128589248657228,479.723913192749,completed
596.842037,10,48.7503,1.0,True,10,0,0,635.3632984161377,743.1895275115967,18.47157516479492,635.3632984161377,completed
901.466806,10,48.757861,1.0,True,10,0,0,353.07208251953125,488.38694763183594,23.223215103149414,353.07208251953125,completed
342.02186,10,48.765766,1.0,True,10,0,0,560.029541015625,650.8936920166016,34.79886770248413,560.029541015625,completed
294.744515,10,48.773723,1.0,True,10,0,0,586.7457637786865,773.1719932556152,30.88594169616699,586.7457637786865,completed
1193.270936,10,48.781237,1.0,True,10,0,0,388.9430208206177,491.0560827255249,9.910078048706055,388.9430208206177,completed
120.944547,10,48.788513,1.0,True,10,0,0,522.7083086967468,850.9083433151245,37.22156448364258,522.7083086967468,completed
1146.186366,10,48.795731,1.0,True,10,0,0,395.7298126220703,446.10121154785156,14.533220672607422,395.7298126220703,completed
634.737339,10,48.80352,1.0,True,10,0,0,432.2252616882324,687.9597663879395,24.4585880279541,432.2252616882324,completed
611.506432,10,48.810934,1.0,True,10,0,0,503.9347858428955,690.6977500915527,22.068258571624757,503.9347858428955,completed
1246.077713,10,48.818763,1.0,True,10,0,0,362.19217109680176,486.62022399902344,9.566236877441407,362.19217109680176,completed
709.231259,10,48.826252,1.0,True,10,0,0,535.7215728759766,719.0008277893066,15.921744346618652,535.7215728759766,completed
-258.767141,10,48.833452,1.0,True,10,0,0,728.2530250549316,895.406623840332,46.343402004241945,728.2530250549316,completed
935.152168,10,48.841308,1.0,True,10,0,0,403.70143127441406,543.1214599609375,19.509668350219727,403.70143127441406,completed
224.370273,10,48.848794,1.0,True,10,0,0,593.648509979248,706.5233268737793,32.86324806213379,593.648509979248,completed
988.906324,10,48.856413,1.0,True,10,0,0,435.8017635345459,559.9209613800049,13.684978008270264,435.8017635345459,completed
761.999276,10,48.863845,1.0,True,10,0,0,469.49544048309326,576.6299648284912,23.10052490234375,469.49544048309326,completed
600.596359,10,48.872224,1.0,True,10,0,0,495.30513763427734,655.2954521179199,23.569778060913087,495.30513763427734,completed
-115.981834,10,48.881855,1.0,True,10,0,0,572.8281388282776,844.5922784805298,46.66167221069336,572.8281388282776,completed
882.142165,10,48.890401,1.0,True,10,0,0,377.1158981323242,530.693603515625,21.14126663208008,377.1158981323242,completed
586.726222,10,48.899189,1.0,True,10,0,0,432.5848436355591,592.9886989593506,30.82176513671875,432.5848436355591,completed
1011.595838,10,48.907744,1.0,True,10,0,0,419.2170124053955,644.6550712585449,9.637668800354003,419.2170124053955,completed
1274.232938,10,48.916408,1.0,True,10,0,0,315.6567850112915,467.6036186218262,9.35045051574707,315.6567850112915,completed
717.964602,10,48.924573,1.0,True,10,0,0,490.8704595565796,624.5256595611572,23.276744842529297,490.8704595565796,completed
657.595611,10,48.932623,1.0,True,10,0,0,438.12300872802734,627.929817199707,23.940389251708986,438.12300872802734,completed
756.884917,10,48.940517,1.0,True,10,0,0,530.0639591217041,612.002290725708,19.59370937347412,530.0639591217041,completed
592.150445,10,48.948923,1.0,True,10,0,0,501.69421005249023,722.0484352111816,22.628987503051757,501.69421005249023,completed
454.461834,10,48.95637,1.0,True,10,0,0,537.9988422393799,753.4890327453613,25.44504623413086,537.9988422393799,completed
315.895354,10,48.96361,1.0,True,10,0,0,569.9492530822754,711.8340682983398,32.45588092803955,569.9492530822754,completed
947.966652,10,48.970973,1.0,True,10,0,0,361.407262802124,461.68902587890625,22.116553115844727,361.407262802124,completed
1000.699853,10,48.978736,1.0,True,10,0,0,430.1811308860779,461.89355421066284,17.405427932739258,430.1811308860779,completed
215.689441,10,48.986405,1.0,True,10,0,0,595.3224277496338,838.3418121337891,29.747055435180663,595.3224277496338,completed
522.832235,10,48.994129,1.0,True,10,0,0,649.1738929748535,649.1738929748535,24.428607368469237,649.1738929748535,completed
912.828999,10,49.00135,1.0,True,10,0,0,479.20869636535645,500.63564682006836,19.447328567504883,479.20869636535645,completed
-431.081878,10,49.009025,1.0,True,10,0,0,488.9184761047363,898.2143363952637,59.48475112915039,488.9184761047363,completed
911.834025,10,49.017179,1.0,True,10,0,0,534.2421057224274,693.8481602668762,9.719386768341064,534.2421057224274,completed
924.62299,10,49.024546,1.0,True,10,0,0,476.0523099899292,535.9859771728516,15.758052444458007,476.0523099899292,completed
-70.512976,10,49.032067,1.0,True,10,0,0,540.7804012298584,834.9623565673828,47.129307174682616,540.7804012298584,completed
479.111092,10,49.039695,1.0,True,10,0,0,454.50217628479004,639.9550170898438,30.46185417175293,454.50217628479004,completed
25.427743,10,49.047309,1.0,True,10,0,0,666.5283470153809,769.1078796386719,39.68182907104492,666.5283470153809,completed
-323.823618,10,49.054678,1.0,True,10,0,0,588.67600440979,945.532154083252,48.52663230895996,588.67600440979,completed
1131.240506,10,49.062387,1.0,True,10,0,0,404.35330963134766,507.2298927307129,10.40973129272461,404.35330963134766,completed
1400.777001,10,49.069583,1.0,True,10,0,0,353.574613571167,353.574613571167,9.407307815551757,353.574613571167,completed
716.166552,10,49.07746,1.0,True,10,0,0,429.9668302536011,668.3613262176514,21.532794570922853,429.9668302536011,completed
509.667881,10,49.084975,1.0,True,10,0,0,540.9981479644775,934.3090190887451,13.899665451049804,540.9981479644775,completed
577.894751,10,49.092479,1.0,True,10,0,0,539.4739618301392,632.7004489898682,25.872518920898436,539.4739618301392,completed
209.155964,10,49.099932,1.0,True,10,0,0,631.4384756088257,764.8849010467529,33.03037796020508,631.4384756088257,completed
1288.885377,10,49.107822,1.0,True,10,0,0,337.82261848449707,428.4119358062744,11.35839614868164,337.82261848449707,completed
512.656078,10,49.115588,1.0,True,10,0,0,563.54612159729,668.0475196838379,26.46819887161255,563.54612159729,completed
1252.257915,10,49.124153,1.0,True,10,0,0,424.6485366821289,434.2433567047119,10.264263534545899,424.6485366821289,completed
1140.267056,10,49.131627,1.0,True,10,0,0,372.94517970085144,541.5029082298279,10.265631866455077,372.94517970085144,completed
1040.869275,10,49.13898,1.0,True,10,0,0,448.80047607421875,506.6259822845459,13.628092956542968,448.80047607421875,completed
1126.170487,10,49.146399,1.0,True,10,0,0,454.8733148574829,515.7974338531494,9.926417350769043,454.8733148574829,completed
348.990448,10,49.154144,1.0,True,10,0,0,646.2310199737549,954.0055465698242,18.943241930007936,646.2310199737549,completed
1555.442637,10,49.161854,1.0,True,10,0,0,347.3107223510742,347.3107223510742,2.206456756591797,347.3107223510742,completed
115.717201,10,49.169259,1.0,True,10,0,0,660.6881351470947,825.6764144897461,32.2312931060791,660.6881351470947,completed
317.194723,10,49.176786,1.0,True,10,0,0,473.8994426727295,676.2469940185547,37.229695892333986,473.8994426727295,completed
180.391222,10,49.184607,1.0,True,10,0,0,644.9456157684326,793.8469123840332,32.470490264892575,644.9456157684326,completed
885.274908,10,49.192084,1.0,True,10,0,0,425.004878282547,538.4956402778625,20.368848037719726,425.004878282547,completed
871.771852,10,49.199556,1.0,True,10,0,0,456.2909965515137,765.7600975036621,8.85587215423584,456.2909965515137,completed
611.566786,10,49.206855,1.0,True,10,0,0,495.7056837081909,611.7695026397705,26.653167533874512,495.7056837081909,completed
1306.861302,10,49.21432,1.0,True,10,0,0,377.844446182251,432.6160297393799,9.027719879150391,377.844446182251,completed
990.6745,10,49.221945,1.0,True,10,0,0,443.33448028564453,627.8857955932617,9.632521820068359,443.33448028564453,completed
266.420467,10,49.229386,1.0,True,10,0,0,502.8330993652344,687.7248420715332,37.01911735534668,502.8330993652344,completed
501.359874,10,49.23668,1.0,True,10,0,0,410.44758224487305,620.2557182312012,33.00451431274414,410.44758224487305,completed
-304.875434,10,49.244286,1.0,True,10,0,0,643.4601497650146,859.3639316558838,51.924950981140135,643.4601497650146,completed
782.524717,10,49.251474,1.0,True,10,0,0,501.60044384002686,566.6289329528809,21.66115951538086,501.60044384002686,completed
665.65221,10,49.259168,1.0,True,10,0,0,548.2805080413818,617.3514060974121,20.814646911621093,548.2805080413818,completed
672.418949,10,49.266347,1.0,True,10,0,0,542.4019870758057,628.9145736694336,22.516691398620605,542.4019870758057,completed
1295.841409,10,49.273943,1.0,True,10,0,0,366.86362409591675,400.7092318534851,9.163013076782226,366.86362409591675,completed
1131.882218,10,49.281558,1.0,True,10,0,0,436.34230613708496,601.6078338623047,5.477189064025879,436.34230613708496,completed
816.935279,10,49.288604,1.0,True,10,0,0,421.5923252105713,549.7240829467773,24.520641708374022,421.5923252105713,completed
1321.308627,10,49.296267,1.0,True,10,0,0,401.1121368408203,495.8997459411621,4.126718521118164,401.1121368408203,completed
986.736449,10,49.303712,1.0,True,10,0,0,352.74247646331787,442.80597400665283,18.97657470703125,352.74247646331787,completed
779.653045,10,49.310921,1.0,True,10,0,0,521.8878040313721,643.7761001586914,14.453028106689453,521.8878040313721,completed
856.419502,10,49.318515,1.0,True,10,0,0,429.407621383667,612.2893009185791,16.370884704589844,429.407621383667,completed
1027.237654,10,49.325913,1.0,True,10,0,0,402.6174154281616,525.5380859375,14.655000114440918,402.6174154281616,completed
536.292472,10,49.33308,1.0,True,10,0,0,510.06864738464355,664.880256652832,27.06490287780762,510.06864738464355,completed
516.8208,10,49.340409,1.0,True,10,0,0,551.3622102737427,739.7528047561646,25.181689453125,551.3622102737427,completed
908.08393,10,49.347923,1.0,True,10,0,0,429.120304107666,506.34531021118164,23.373202323913574,429.120304107666,completed
1094.064726,10,49.355156,1.0,True,10,0,0,474.566623210907,577.9349889755249,8.773340606689453,474.566623210907,completed
770.128705,10,49.363214,1.0,True,10,0,0,421.40662956237793,615.9395637512207,21.974689865112303,421.40662956237793,completed
348.42642,10,49.370386,1.0,True,10,0,0,616.8449249267578,704.2037925720215,29.842122650146486,616.8449249267578,completed
655.110335,10,49.377905,1.0,True,10,0,0,471.0603141784668,696.4298973083496,21.809029483795165,471.0603141784668,completed
89.791592,10,49.385321,1.0,True,10,0,0,577.6777114868164,755.0846176147461,41.150435066223146,577.6777114868164,completed
281.826219,10,49.392634,1.0,True,10,0,0,498.70947647094727,672.4396858215332,37.21322202682495,498.70947647094727,completed
520.668514,10,49.400073,1.0,True,10,0,0,541.3527984619141,688.7788467407227,25.593153762817384,541.3527984619141,completed
312.444718,10,49.407824,1.0,True,10,0,0,653.8679866790771,761.7322196960449,29.866452407836913,653.8679866790771,completed
502.309489,10,49.415188,1.0,True,10,0,0,466.44710874557495,687.2034826278687,28.84492073059082,466.44710874557495,completed
-472.266956,10,49.422467,1.0,True,10,0,0,699.1346282958984,1002.1562995910645,50.7707124710083,699.1346282958984,completed
1031.405679,10,49.42971,1.0,True,10,0,0,361.5571594238281,536.8451747894287,15.056516647338867,361.5571594238281,completed
-60.998985,10,49.437598,1.0,True,10,0,0,676.5104179382324,1033.008644104004,30.43916130065918,676.5104179382324,completed
206.070489,10,49.444965,1.0,True,10,0,0,571.3329010009766,698.3969345092773,37.394657135009766,571.3329010009766,completed
-252.361646,10,49.452184,1.0,True,10,0,0,629.4215507507324,811.3743782043457,51.10984497070312,629.4215507507324,completed
249.566792,10,49.45987,1.0,True,10,0,0,578.3529052734375,889.955883026123,26.97349967956543,578.3529052734375,completed
1096.767081,10,49.467649,1.0,True,10,0,0,442.8135013580322,544.5559387207031,8.926664257049561,442.8135013580322,completed
851.220734,10,49.474855,1.0,True,10,0,0,430.3236827850342,560.7047443389893,19.44049186706543,430.3236827850342,completed
1089.464221,10,49.482508,1.0,True,10,0,0,473.01416873931885,546.5138645172119,9.528101348876953,473.01416873931885,completed
-112.622999,10,49.489827,1.0,True,10,0,0,633.6260662078857,786.3806190490723,45.371433925628665,633.6260662078857,completed
796.85618,10,49.497481,1.0,True,10,0,0,427.55580282211304,532.6557111740112,22.534452819824217,427.55580282211304,completed
1356.719295,10,49.504952,1.0,True,10,0,0,362.1514005661011,487.61065101623535,3.980907440185547,362.1514005661011,completed
487.818428,10,49.512211,1.0,True,10,0,0,451.0945301055908,628.1242828369141,30.779407119750978,451.0945301055908,completed
468.656683,10,49.51948,1.0,True,10,0,0,509.28819465637207,653.663257598877,31.087040853500366,509.28819465637207,completed
403.513122,10,49.526571,1.0,True,10,0,0,588.0096640586853,650.7426137924194,30.893210220336915,588.0096640586853,completed
56.972857,10,49.534264,1.0,True,10,0,0,568.5473709106445,838.5367622375488,38.47541408538818,568.5473709106445,completed
987.86823,10,49.542098,1.0,True,10,0,0,329.24267077445984,510.1332964897156,17.171977090835572,329.24267077445984,completed
60.840536,10,49.549663,1.0,True,10,0,0,576.0152206420898,850.37109375,38.65710639953613,576.0152206420898,completed
683.98834,10,49.557307,1.0,True,10,0,0,490.737829208374,633.1939010620117,22.002783584594727,490.737829208374,completed
620.172589,10,49.564558,1.0,True,10,0,0,441.2684783935547,713.1617126464844,24.779421997070312,441.2684783935547,completed
-89.216131,10,49.57246,1.0,True,10,0,0,779.7335205078125,923.8132343292236,36.00907306671142,779.7335205078125,completed
693.669124,10,49.579689,1.0,True,10,0,0,556.9163055419922,593.4633026123047,21.718572998046874,556.9163055419922,completed
706.598215,10,49.587297,1.0,True,10,0,0,502.61742401123047,590.3227138519287,21.623817253112794,502.61742401123047,completed
1069.672955,10,49.594572,1.0,True,10,0,0,421.47364234924316,526.1381912231445,13.184542465209962,421.47364234924316,completed
-175.484383,10,49.60235,1.0,True,10,0,0,636.3318395614624,967.985200881958,40.945077896118164,636.3318395614624,completed
-135.936897,10,49.609774,1.0,True,10,0,0,693.9135341644287,876.4869556427002,42.27265625,693.9135341644287,completed
408.252078,10,49.617392,1.0,True,10,0,0,502.2137813568115,699.8385810852051,33.02986068725586,502.2137813568115,completed
367.321259,10,49.624806,1.0,True,10,0,0,626.177677154541,696.3793182373047,27.797744226455688,626.177677154541,completed
-335.127277,10,49.632142,1.0,True,10,0,0,627.7931365966797,943.1654586791992,51.79846954345703,627.7931365966797,completed
492.696149,10,49.639469,1.0,True,10,0,0,528.250410079956,701.8811149597168,26.66421890258789,528.250410079956,completed
1175.025496,10,49.647108,1.0,True,10,0,0,397.8009719848633,488.3135871887207,9.457448768615723,397.8009719848633,completed
538.844648,10,49.654697,1.0,True,10,0,0,514.4453735351562,748.2819709777832,23.468898010253906,514.4453735351562,completed
457.651938,10,49.663174,1.0,True,10,0,0,546.7062225341797,627.0596199035645,28.227937316894533,546.7062225341797,completed
712.885266,10,49.671164,1.0,True,10,0,0,574.0904712677002,574.0904712677002,23.80804662704468,574.0904712677002,completed
1028.364426,10,49.679171,1.0,True,10,0,0,339.43262100219727,525.6348342895508,16.48888416290283,339.43262100219727,completed
646.462776,10,49.686687,1.0,True,10,0,0,476.64959692955017,617.6809191703796,25.15492272377014,476.64959692955017,completed
132.186026,10,49.694009,1.0,True,10,0,0,536.6082305908203,770.2163619995117,38.180551862716676,536.6082305908203,completed
740.96319,10,49.70238,1.0,True,10,0,0,492.8712921142578,681.5776901245117,18.928928756713866,492.8712921142578,completed
204.208163,10,49.709986,1.0,True,10,0,0,654.6319551467896,856.2746868133545,28.805525398254396,654.6319551467896,completed
809.825658,10,49.717418,1.0,True,10,0,0,448.01724672317505,577.1613621711731,21.324324798583984,448.01724672317505,completed
154.784116,10,49.724616,1.0,True,10,0,0,683.208381652832,731.1650810241699,34.80046329498291,683.208381652832,completed
716.128857,10,49.732003,1.0,True,10,0,0,574.7092342376709,590.8175849914551,20.207312965393065,574.7092342376709,completed
486.213153,10,49.739464,1.0,True,10,0,0,554.2153816223145,618.0860900878906,30.818145942687988,554.2153816223145,completed
540.241708,10,49.74695,1.0,True,10,0,0,434.129602432251,689.5629234313965,29.038065719604493,434.129602432251,completed
268.763474,10,49.754278,1.0,True,10,0,0,566.7753047943115,782.1294078826904,32.29144973754883,566.7753047943115,completed
738.850444,10,49.761815,1.0,True,10,0,0,567.0155944824219,591.8736381530762,19.243959856033324,567.0155944824219,completed
702.778976,10,49.771675,1.0,True,10,0,0,544.2745628356934,653.5974311828613,19.584955596923827,544.2745628356934,completed
910.527954,10,49.779401,1.0,True,10,0,0,455.4495573043823,578.7958345413208,15.976344680786132,455.4495573043823,completed
256.909312,10,49.78682,1.0,True,10,0,0,559.5192909240723,815.7586441040039,31.25223026275635,559.5192909240723,completed
364.099738,10,49.794535,1.0,True,10,0,0,566.2552642822266,770.6119689941406,26.92369689941406,566.2552642822266,completed
1355.336012,10,49.801523,1.0,True,10,0,0,303.79639959335327,311.11860942840576,11.757783889770508,303.79639959335327,completed
363.381148,10,49.809141,1.0,True,10,0,0,617.0346050262451,779.6583957672119,26.1886926651001,617.0346050262451,completed
766.383774,10,49.816379,1.0,True,10,0,0,535.330904006958,709.007884979248,12.37545051574707,535.330904006958,completed
281.784929,10,49.824443,1.0,True,10,0,0,577.4873104095459,662.499137878418,37.898681640625,577.4873104095459,completed
-83.175969,10,49.831739,1.0,True,10,0,0,625.7383613586426,857.4610939025879,41.47628746032715,625.7383613586426,completed
-328.884465,10,49.838979,1.0,True,10,0,0,736.1204566955566,1130.5927505493164,37.928008270263675,736.1204566955566,completed
407.368215,10,49.846371,1.0,True,10,0,0,475.2390422821045,832.4001541137695,26.592409515380858,475.2390422821045,completed
690.746277,10,49.853567,1.0,True,10,0,0,490.68235969543457,609.2686500549316,25.482439613342287,490.68235969543457,completed
901.105591,10,49.861383,1.0,True,10,0,0,418.12728118896484,529.7049751281738,21.51712837219238,418.12728118896484,completed
674.871239,10,49.868472,1.0,True,10,0,0,395.2352046966553,660.7899074554443,25.055937004089355,395.2352046966553,completed
-213.814259,10,49.875901,1.0,True,10,0,0,606.7539367675781,879.8791809082031,48.59473991394043,606.7539367675781,completed
1244.593162,10,49.88395,1.0,True,10,0,0,378.0969018936157,441.12486267089844,10.415567398071289,378.0969018936157,completed
1304.39116,10,49.891772,1.0,True,10,0,0,365.57456398010254,482.03426933288574,5.551320266723633,365.57456398010254,completed
720.73759,10,49.899374,1.0,True,10,0,0,480.07831859588623,654.0020122528076,21.840660285949706,480.07831859588623,completed
425.802078,10,49.906502,1.0,True,10,0,0,506.76026725769043,671.3315029144287,29.833855438232423,506.76026725769043,completed
-577.323804,10,49.914318,1.0,True,10,0,0,715.6279792785645,1111.1657600402832,52.03323402404785,715.6279792785645,completed
638.990273,10,49.922022,1.0,True,10,0,0,550.2089605331421,698.027325630188,21.40271463394165,550.2089605331421,completed
763.151164,10,49.929633,1.0,True,10,0,0,515.714916229248,594.7595100402832,18.159221267700197,515.714916229248,completed
928.036636,10,49.937123,1.0,True,10,0,0,411.299765586853,543.5384006500244,18.364563179016113,411.299765586853,completed
718.95276,10,49.944413,1.0,True,10,0,0,412.81547927856445,541.8968410491943,27.61357135772705,412.81547927856445,completed
880.540592,10,49.952237,1.0,True,10,0,0,436.6461796760559,498.81583070755005,19.93871431350708,436.6461796760559,completed
1390.176099,10,49.959832,1.0,True,10,0,0,318.42891550064087,366.6888928413391,7.770438480377197,318.42891550064087,completed
317.001515,10,49.967555,1.0,True,10,0,0,525.606725692749,768.4483375549316,31.867063903808592,525.606725692749,completed
1244.743434,10,49.974977,1.0,True,10,0,0,307.9953842163086,340.7296943664551,15.532833576202393,307.9953842163086,completed
970.588133,10,49.982577,1.0,True,10,0,0,475.1576690673828,475.1576690673828,16.832191467285156,475.1576690673828,completed
571.75943,10,49.989831,1.0,True,10,0,0,563.8922748565674,598.2342014312744,26.0923791885376,563.8922748565674,completed
905.921288,10,49.996906,1.0,True,10,0,0,439.64765015244484,569.029429256916,15.967887496948242,439.64765015244484,completed
1193.337251,10,50.004617,1.0,True,10,0,0,334.1994843482971,451.42354106903076,13.728858184814452,334.1994843482971,completed
950.206096,10,50.012078,1.0,True,10,0,0,450.4985179901123,566.2338714599609,13.581876754760742,450.4985179901123,completed
490.345452,10,50.019599,1.0,True,10,0,0,539.6316165924072,771.0219593048096,23.887571144104005,539.6316165924072,completed
62.488578,10,50.027044,1.0,True,10,0,0,677.5095596313477,781.8965759277344,38.045972633361814,677.5095596313477,completed
408.932954,10,50.034469,1.0,True,10,0,0,598.4494037628174,733.6551818847656,26.998835182189943,598.4494037628174,completed
862.852631,10,50.042641,1.0,True,10,0,0,452.31153869628906,520.8670921325684,19.140332221984863,452.31153869628906,completed
387.576159,10,50.050652,1.0,True,10,0,0,610.1652889251709,792.5164260864258,23.227829933166504,610.1652889251709,completed
623.844746,10,50.057938,1.0,True,10,0,0,550.5938682556152,645.1254844665527,20.05804500579834,550.5938682556152,completed
64.846823,10,50.065651,1.0,True,10,0,0,636.836245059967,829.6212873458862,36.523400688171385,636.836245059967,completed
852.83362,10,50.073149,1.0,True,10,0,0,522.7628364562988,641.4932174682617,13.393306922912597,522.7628364562988,completed
445.888408,10,50.080409,1.0,True,10,0,0,593.8337821960449,743.9337463378906,27.22421007156372,593.8337821960449,completed
63.185302,10,50.087615,1.0,True,10,0,0,611.2076683044434,891.0529479980469,35.24659271240235,611.2076683044434,completed
447.534585,10,50.094816,1.0,True,10,0,0,548.196325302124,634.3671493530273,32.03718776702881,548.196325302124,completed
608.257792,10,50.102315,1.0,True,10,0,0,553.9768800735474,653.9720821380615,22.749339485168456,553.9768800735474,completed
488.315078,10,50.109697,1.0,True,10,0,0,587.6913714408875,637.2553205490112,26.154462337493896,587.6913714408875,completed
-161.100255,10,50.116919,1.0,True,10,0,0,703.7384338378906,878.1691551208496,43.14355621337891,703.7384338378906,completed
1001.90815,10,50.124355,1.0,True,10,0,0,442.1997957229614,560.1222314834595,12.831875920295715,442.1997957229614,completed
1053.56835,10,50.132602,1.0,True,10,0,0,351.57284450531006,577.5704383850098,13.258023071289063,351.57284450531006,completed
640.80159,10,50.139993,1.0,True,10,0,0,480.53064727783203,700.1533660888672,20.78556594848633,480.53064727783203,completed
665.324561,10,50.147203,1.0,True,10,0,0,541.7920036315918,651.8731460571289,21.626988792419432,541.7920036315918,completed
1197.04766,10,50.154577,1.0,True,10,0,0,393.163950920105,473.4007320404053,10.56565818786621,393.163950920105,completed
713.724711,10,50.162413,1.0,True,10,0,0,397.3956985473633,615.448263168335,25.542238998413087,397.3956985473633,completed
314.039185,10,50.170225,1.0,True,10,0,0,608.4384551048279,934.8164129257202,21.629984378814697,608.4384551048279,completed
670.971484,10,50.177673,1.0,True,10,0,0,364.6898504495621,555.2922565937042,29.46965618133545,364.6898504495621,completed
537.656606,10,51.311394,1.0,True,10,0,0,557.9110145568848,676.3117828369141,24.932691192626955,557.9110145568848,completed
657.78185,10,51.319424,1.0,True,10,0,0,555.2782192230225,652.3036842346191,20.325858306884765,555.2782192230225,completed
-211.824244,10,51.327508,1.0,True,10,0,0,750.0335235595703,853.4511528015137,43.150393104553224,750.0335235595703,completed
881.484216,10,51.33504,1.0,True,10,0,0,412.4286479949951,602.1756267547607,16.183270263671876,412.4286479949951,completed
661.346724,10,51.342638,1.0,True,10,0,0,377.5311622619629,570.9978065490723,29.95184955596924,377.5311622619629,completed
650.513837,10,51.350095,1.0,True,10,0,0,502.42872619628906,642.5165252685547,22.813037490844728,502.42872619628906,completed
988.032874,10,51.357895,1.0,True,10,0,0,443.50285148620605,503.95112228393555,15.325959014892579,443.50285148620605,completed
505.780737,10,51.365413,1.0,True,10,0,0,541.6447982788086,639.785270690918,29.023429298400877,541.6447982788086,completed
1314.335796,10,51.372856,1.0,True,10,0,0,446.2098560333252,527.8991050720215,1.3624637603759766,446.2098560333252,completed
631.998488,10,51.380951,1.0,True,10,0,0,500.4056062698364,639.9937372207642,23.938251876831053,500.4056062698364,completed
964.349593,10,51.389192,1.0,True,10,0,0,417.6439390182495,560.1962995529175,16.692405700683594,417.6439390182495,completed
492.008885,10,51.396889,1.0,True,10,0,0,553.9957146644592,628.7063646316528,28.700834274291992,553.9957146644592,completed
377.421654,10,51.404231,1.0,True,10,0,0,518.4938116073608,780.5962886810303,27.141307067871093,518.4938116073608,completed
161.440426,10,51.411816,1.0,True,10,0,0,622.2255153656006,740.7735843658447,37.01866607666015,622.2255153656006,completed
819.7287,10,51.419886,1.0,True,10,0,0,377.03669571876526,494.75089502334595,26.241164922714233,377.03669571876526,completed
833.509005,10,51.431459,1.0,True,10,0,0,527.0500574111938,606.2782611846924,16.167743682861328,527.0500574111938,completed
640.124661,10,51.44019,1.0,True,10,0,0,450.32424211502075,709.0761499404907,23.734851455688478,450.32424211502075,completed
1013.678764,10,51.448398,1.0,True,10,0,0,476.783145904541,541.7871284484863,12.214275360107422,476.783145904541,completed
968.44629,10,51.45667,1.0,True,10,0,0,369.4467315673828,512.1430110931396,20.576417922973633,369.4467315673828,completed
-238.297198,10,51.464592,1.0,True,10,0,0,705.0947532653809,895.5290374755859,43.507920265197754,705.0947532653809,completed
868.198023,10,51.472129,1.0,True,10,0,0,451.6402659416199,606.6216344833374,15.426700973510743,451.6402659416199,completed
442.049799,10,51.479848,1.0,True,10,0,0,502.8526496887207,949.4413566589355,17.59265594482422,502.8526496887207,completed
928.033614,10,51.487299,1.0,True,10,0,0,426.2871398925781,563.7295417785645,15.554580307006836,426.2871398925781,completed
602.437147,10,51.495181,1.0,True,10,0,0,586.5197620391846,617.0502738952637,24.0947847366333,586.5197620391846,completed
457.359474,10,51.50293,1.0,True,10,0,0,553.8685398101807,671.1833877563477,29.350883769989014,553.8685398101807,completed
719.551622,10,51.510675,1.0,True,10,0,0,453.6035957336426,585.8449249267578,25.192840147018433,453.6035957336426,completed
560.051505,10,51.518665,1.0,True,10,0,0,534.3679752349854,632.7567367553711,26.914764976501466,534.3679752349854,completed
-184.429204,10,51.526254,1.0,True,10,0,0,724.7985591888428,905.8504390716553,42.15572929382324,724.7985591888428,completed
694.513206,10,51.533927,1.0,True,10,0,0,588.0379314422607,803.1413917541504,9.210425186157227,588.0379314422607,completed
954.539815,10,51.541886,1.0,True,10,0,0,525.4093890190125,602.1573061943054,10.392075729370116,525.4093890190125,completed
722.94446,10,51.549658,1.0,True,10,0,0,504.8856716156006,620.7037410736084,20.317501068115234,504.8856716156006,completed
385.347877,10,51.557227,1.0,True,10,0,0,487.47398567199707,647.6140727996826,33.7396125793457,487.47398567199707,completed
94.233366,10,51.565013,1.0,True,10,0,0,578.1193037033081,759.9895458221436,39.3953275680542,578.1193037033081,completed
96.664242,10,51.572698,1.0,True,10,0,0,601.803373336792,714.4616241455078,41.06729736328125,601.803373336792,completed
839.655571,10,51.579887,1.0,True,10,0,0,321.98483657836914,502.67216873168945,25.210707092285155,321.98483657836914,completed
-319.369134,10,51.588018,1.0,True,10,0,0,693.5308856964111,870.5238132476807,50.53372039794922,693.5308856964111,completed
465.017855,10,51.596013,1.0,True,10,0,0,579.569881439209,705.8456115722656,25.04050216674805,579.569881439209,completed
509.369224,10,51.603533,1.0,True,10,0,0,500.7023811340332,552.5613098144531,32.36959533691406,500.7023811340332,completed
399.583249,10,51.611435,1.0,True,10,0,0,556.7553253173828,747.1067047119141,26.727309036254884,556.7553253173828,completed
1022.516888,10,51.619152,1.0,True,10,0,0,426.8785409927368,610.5786647796631,10.735972785949707,426.8785409927368,completed
503.17215,10,51.626708,1.0,True,10,0,0,582.2093772888184,621.1963577270508,28.959311485290527,582.2093772888184,completed
534.19243,10,51.633893,1.0,True,10,0,0,410.89950942993164,640.0556774139404,31.510330963134766,410.89950942993164,completed
950.498823,10,51.641344,1.0,True,10,0,0,501.77332973480225,605.7813673019409,11.103883743286133,501.77332973480225,completed
362.569146,10,51.649217,1.0,True,10,0,0,612.0700263977051,789.0629539489746,27.11097946166992,612.0700263977051,completed
-4.562097,10,51.657104,1.0,True,10,0,0,567.5143623352051,840.0160121917725,41.50179328918457,567.5143623352051,completed
418.000997,10,51.66456,1.0,True,10,0,0,529.1146459579468,775.0682277679443,26.34775824546814,529.1146459579468,completed
750.567494,10,51.674301,1.0,True,10,0,0,450.55271673202515,557.7079153060913,25.281108474731447,450.55271673202515,completed
418.580503,10,51.682355,1.0,True,10,0,0,638.0994815826416,760.7777519226074,23.835214042663573,638.0994815826416,completed
403.310273,10,51.690041,1.0,True,10,0,0,630.7270584106445,814.7768516540527,20.59994773864746,630.7270584106445,completed
908.828635,10,51.697691,1.0,True,10,0,0,488.02963638305664,514.9004249572754,17.348155784606934,488.02963638305664,completed
1006.52851,10,51.705081,1.0,True,10,0,0,428.4558753967285,494.80865478515625,14.105422210693359,428.4558753967285,completed
1275.628861,10,51.712544,1.0,True,10,0,0,344.806360244751,367.0194511413574,12.6882963180542,344.806360244751,completed
1135.34487,10,51.719863,1.0,True,10,0,0,427.45983850955963,661.451052904129,4.779153442382812,427.45983850955963,completed
1089.306072,10,51.727561,1.0,True,10,0,0,444.9285831451416,494.2284564971924,12.004273796081543,444.9285831451416,completed
70.522414,10,51.734956,1.0,True,10,0,0,543.5205078125,732.1118278503418,41.90211353302002,543.5205078125,completed
860.651081,10,51.742527,1.0,True,10,0,0,437.89452171325684,574.45631980896,19.235512733459473,437.89452171325684,completed
648.665566,10,51.750327,1.0,True,10,0,0,508.29830956459045,635.6984944343567,23.104355239868163,508.29830956459045,completed
199.384768,10,51.757729,1.0,True,10,0,0,622.9218444824219,774.7429828643799,33.23224220275879,622.9218444824219,completed
-722.766623,10,51.76533,1.0,True,10,0,0,535.0927104949951,990.5628051757812,66.3545955657959,535.0927104949951,completed
362.652768,10,51.773035,1.0,True,10,0,0,619.4082508087158,736.4327583312988,28.53131237030029,619.4082508087158,completed
780.399762,10,51.780485,1.0,True,10,0,0,430.1405715942383,574.5403938293457,23.47607307434082,430.1405715942383,completed
903.104048,10,51.78811,1.0,True,10,0,0,437.0177993774414,525.6437683105469,18.573856353759766,437.0177993774414,completed
391.415837,10,51.795539,1.0,True,10,0,0,522.7850074768066,699.5115451812744,30.772522926330566,522.7850074768066,completed
1177.14494,10,51.802743,1.0,True,10,0,0,425.2455778121948,439.6636657714844,11.203884029388428,425.2455778121948,completed
964.255134,10,51.810317,1.0,True,10,0,0,363.22040939331055,424.1470527648926,23.3125431060791,363.22040939331055,completed
855.064366,10,51.818306,1.0,True,10,0,0,350.2576656341553,484.46548652648926,27.093449974060057,350.2576656341553,completed
197.581492,10,51.825779,1.0,True,10,0,0,575.7538299560547,841.2916984558105,32.32726707458496,575.7538299560547,completed
550.250311,10,51.833155,1.0,True,10,0,0,546.0235004425049,683.6716804504395,23.004837036132812,546.0235004425049,completed
762.365928,10,51.840797,1.0,True,10,0,0,520.060094833374,644.7850875854492,17.816720962524414,520.060094833374,completed
930.457553,10,51.848228,1.0,True,10,0,0,431.36555099487305,517.6452140808105,19.065669059753418,431.36555099487305,completed
872.457126,10,51.856262,1.0,True,10,0,0,466.7309741973877,644.1005516052246,12.699684143066406,466.7309741973877,completed
1240.767862,10,51.864011,1.0,True,10,0,0,385.4044100046158,592.1412670612335,2.0817049026489256,385.4044100046158,completed
852.958447,10,51.872157,1.0,True,10,0,0,495.2923917770386,641.625524520874,12.953902053833009,495.2923917770386,completed
978.292549,10,51.879752,1.0,True,10,0,0,407.38247060775757,519.7898683547974,18.525455665588378,407.38247060775757,completed
267.686622,10,51.88752,1.0,True,10,0,0,528.063817024231,840.6280879974365,30.28920955657959,528.063817024231,completed
13.197187,10,51.895401,1.0,True,10,0,0,570.867057800293,810.7429237365723,43.373268127441406,570.867057800293,completed
357.061395,10,51.902948,1.0,True,10,0,0,635.6490211486816,683.6073265075684,31.229056668281554,635.6490211486816,completed
448.686296,10,51.910396,1.0,True,10,0,0,539.1833934783936,784.9312686920166,23.968963623046875,539.1833934783936,completed
826.272163,10,51.918545,1.0,True,10,0,0,450.321026802063,611.3260650634766,19.803827476501464,450.321026802063,completed
108.321504,10,51.92655,1.0,True,10,0,0,763.0802841186523,763.0802841186523,35.47210063934326,763.0802841186523,completed
421.853632,10,51.933855,1.0,True,10,0,0,571.1264162063599,676.8947200775146,31.544316291809082,571.1264162063599,completed
1019.154595,10,51.941472,1.0,True,10,0,0,427.8635730743408,560.0041084289551,14.906137084960937,427.8635730743408,completed
626.270039,10,51.949047,1.0,True,10,0,0,521.6133670806885,642.7084770202637,20.939130783081055,521.6133670806885,completed
753.371346,10,51.956303,1.0,True,10,0,0,467.496000289917,755.7658767700195,13.739429473876953,467.496000289917,completed
224.358051,10,51.963921,1.0,True,10,0,0,549.1229972839355,810.5042877197266,34.73067169189453,549.1229972839355,completed
-323.872196,10,51.971737,1.0,True,10,0,0,544.1853265762329,867.515661239624,57.90468864440918,544.1853265762329,completed
724.542319,10,51.979511,1.0,True,10,0,0,504.6266498565674,630.6111392974854,20.950471878051758,504.6266498565674,completed
640.751638,10,51.987061,1.0,True,10,0,0,402.1450433731079,626.1455898284912,27.210059356689452,402.1450433731079,completed
147.525193,10,51.994453,1.0,True,10,0,0,565.9859600067139,840.778356552124,36.40135192871094,565.9859600067139,completed
865.730594,10,52.00217,1.0,True,10,0,0,427.4769558906555,565.2491283416748,22.300459575653075,427.4769558906555,completed
392.916906,10,52.009598,1.0,True,10,0,0,573.9896011352539,708.4499244689941,27.4197208404541,573.9896011352539,completed
450.343335,10,52.01696,1.0,True,10,0,0,622.1295871734619,680.8707523345947,27.121054267883302,622.1295871734619,completed
-109.925152,10,52.024915,1.0,True,10,0,0,688.3782386779785,901.0828399658203,39.78535423278809,688.3782386779785,completed
1016.261399,10,52.03279,1.0,True,10,0,0,391.74474334716797,571.5685424804688,12.998317909240722,391.74474334716797,completed
259.427025,10,52.040112,1.0,True,10,0,0,553.7770080566406,697.2455177307129,35.31683502197266,553.7770080566406,completed
495.061268,10,52.047853,1.0,True,10,0,0,518.864086151123,807.3984794616699,22.274097633361816,518.864086151123,completed
640.286145,10,52.055408,1.0,True,10,0,0,487.3201961517334,651.7406234741211,23.27035255432129,487.3201961517334,completed
636.143329,10,52.062965,1.0,True,10,0,0,502.68779850006104,802.4476451873779,15.977579116821289,502.68779850006104,completed
438.660216,10,52.070706,1.0,True,10,0,0,513.3016510009766,676.5040054321289,31.210219383239746,513.3016510009766,completed
840.150827,10,52.078239,1.0,True,10,0,0,503.9626655578613,568.9666481018066,16.08041305541992,503.9626655578613,completed
530.839602,10,52.085914,1.0,True,10,0,0,511.0393896102905,854.2515335083008,19.393003845214842,511.0393896102905,completed
304.080412,10,52.093547,1.0,True,10,0,0,478.1757392883301,790.5342788696289,31.471321868896485,478.1757392883301,completed
1165.440076,10,52.101236,1.0,True,10,0,0,443.35842514038086,513.9055099487305,8.412440395355224,443.35842514038086,completed
595.960116,10,52.108658,1.0,True,10,0,0,556.0175552368164,643.1018142700195,25.1508677482605,556.0175552368164,completed
975.073677,10,52.11624,1.0,True,10,0,0,475.91653871536255,569.6298184394836,12.639179992675782,475.91653871536255,completed
-137.738949,10,52.123512,1.0,True,10,0,0,805.6445693969727,855.0702285766602,41.438747787475585,805.6445693969727,completed
46.706818,10,52.130891,1.0,True,10,0,0,609.9924602508545,758.9935054779053,40.870242500305174,609.9924602508545,completed
-185.430659,10,52.138762,1.0,True,10,0,0,645.5325775146484,1006.3696136474609,40.30522689819336,645.5325775146484,completed
833.078397,10,52.146162,1.0,True,10,0,0,462.91821575164795,662.7089557647705,13.759541130065918,462.91821575164795,completed
842.431915,10,52.153551,1.0,True,10,0,0,390.00903129577637,600.1645088195801,20.16908531188965,390.00903129577637,completed
992.626508,10,52.160886,1.0,True,10,0,0,395.4925708770752,595.1993522644043,14.017933082580566,395.4925708770752,completed
146.541071,10,52.168803,1.0,True,10,0,0,579.39723777771,796.1078224182129,37.25509910583496,579.39723777771,completed
-6.276748,10,52.176904,1.0,True,10,0,0,555.9588642120361,733.3749828338623,45.29944744110107,555.9588642120361,completed
415.477469,10,52.184468,1.0,True,10,0,0,459.0833706855774,657.1658525466919,36.30950355529785,459.0833706855774,completed
490.182218,10,52.192667,1.0,True,10,0,0,418.1398010253906,756.084638595581,28.362039947509764,418.1398010253906,completed
89.258514,10,52.200326,1.0,True,10,0,0,570.5498065948486,783.4256534576416,41.082169151306154,570.5498065948486,completed
66.297135,10,52.207842,1.0,True,10,0,0,460.63309240341187,690.9619092941284,49.363245487213135,460.63309240341187,completed
586.07715,10,52.215513,1.0,True,10,0,0,360.29641819000244,570.2153415679932,35.525406169891355,360.29641819000244,completed
-12.062563,10,52.222806,1.0,True,10,0,0,724.0621795654297,1067.078971862793,27.191919326782227,724.0621795654297,completed
1167.724921,10,52.230008,1.0,True,10,0,0,348.2303923368454,395.7340085506439,16.40147171020508,348.2303923368454,completed
155.794256,10,52.237614,1.0,True,10,0,0,624.9208354949951,766.7815818786621,37.03967514038086,624.9208354949951,completed
1092.369723,10,52.245389,1.0,True,10,0,0,422.34754943847656,504.4001274108887,13.219080352783203,422.34754943847656,completed
-106.471964,10,52.253509,1.0,True,10,0,0,781.1854515075684,804.9988632202148,43.363097190856934,781.1854515075684,completed
485.616011,10,52.261261,1.0,True,10,0,0,442.0397653579712,737.2576351165771,27.658836555480956,442.0397653579712,completed
817.97572,10,52.268864,1.0,True,10,0,0,478.31267434358597,630.073117852211,18.347812271118165,478.31267434358597,completed
171.285098,10,52.276222,1.0,True,10,0,0,614.5886726379395,805.6126441955566,35.68938951492309,614.5886726379395,completed
581.762048,10,52.283654,1.0,True,10,0,0,543.7584056854248,781.8327980041504,19.84834156036377,543.7584056854248,completed
984.520837,10,52.2913,1.0,True,10,0,0,419.7467918395996,626.6055221557617,13.21825065612793,419.7467918395996,completed
447.197562,10,52.298923,1.0,True,10,0,0,445.87282371520996,603.1541271209717,35.590460205078124,445.87282371520996,completed
157.843212,10,52.306256,1.0,True,10,0,0,639.6580257415771,755.8257102966309,33.3476845741272,639.6580257415771,completed
557.740059,10,52.313903,1.0,True,10,0,0,509.7898864746094,621.0042190551758,28.41406841278076,509.7898864746094,completed
1189.450107,10,52.322023,1.0,True,10,0,0,359.23078870773315,445.462562084198,12.250130081176758,359.23078870773315,completed
669.098715,10,52.329495,1.0,True,10,0,0,507.42025566101074,704.7323894500732,19.56217517852783,507.42025566101074,completed
-361.426394,10,52.336894,1.0,True,10,0,0,675.5014495849609,1012.7476654052734,45.35515460968018,675.5014495849609,completed
582.102,10,52.344651,1.0,True,10,0,0,456.38423442840576,643.3342571258545,27.569988822937013,456.38423442840576,completed
163.356146,10,52.352139,1.0,True,10,0,0,468.93247985839844,868.4352836608887,34.50027770996094,468.93247985839844,completed
785.9752,10,52.359728,1.0,True,10,0,0,458.7745485305786,551.2399082183838,23.61980857849121,458.7745485305786,completed
912.8129,10,52.367282,1.0,True,10,0,0,416.790340423584,554.1161308288574,18.379257583618163,416.790340423584,completed
616.337805,10,52.375395,1.0,True,10,0,0,443.9617671966553,581.1295680999756,28.40213050842285,443.9617671966553,completed
937.052355,10,52.383542,1.0,True,10,0,0,411.5353264808655,490.5641975402832,20.820291614532472,411.5353264808655,completed
823.533174,10,52.39128,1.0,True,10,0,0,430.690936088562,544.0488529205322,22.979926300048827,430.690936088562,completed
1006.296135,10,52.398961,1.0,True,10,0,0,423.648211479187,553.9017448425293,14.761150932312011,423.648211479187,completed
159.26758,10,52.40663,1.0,True,10,0,0,642.3802795410156,939.4493446350098,28.095498657226564,642.3802795410156,completed
1203.231175,10,52.413981,1.0,True,10,0,0,366.91408920288086,473.40369033813477,8.543815612792969,366.91408920288086,completed
1442.005673,10,52.42422,1.0,True,10,0,0,328.70924186706543,405.183162689209,4.003365135192871,328.70924186706543,completed
986.611522,10,52.436303,1.0,True,10,0,0,429.60330963134766,504.1191711425781,17.05477018356323,429.60330963134766,completed
-454.326919,10,52.443498,1.0,True,10,0,0,707.6326370239258,1041.226230621338,49.96992416381836,707.6326370239258,completed
-570.011948,10,52.451472,1.0,True,10,0,0,759.4904308319092,935.5280265808105,56.261843013763425,759.4904308319092,completed
314.101588,10,52.458917,1.0,True,10,0,0,517.566780090332,710.3797760009766,36.697029495239256,517.566780090332,completed
76.563984,10,52.466679,1.0,True,10,0,0,592.078540802002,744.719669342041,40.699862766265866,592.078540802002,completed
154.366483,10,52.474311,1.0,True,10,0,0,538.1918792724609,662.5912704467773,41.693399620056155,538.1918792724609,completed
693.599277,10,52.481946,1.0,True,10,0,0,531.4032363891602,688.8846206665039,17.239284896850585,531.4032363891602,completed
578.917434,10,52.489677,1.0,True,10,0,0,536.3490180969238,677.5696182250977,22.197328758239745,536.3490180969238,completed
728.738047,10,52.497723,1.0,True,10,0,0,386.26843070983887,564.1759643554688,26.695366668701173,386.26843070983887,completed
168.354675,10,52.505547,1.0,True,10,0,0,548.1525936126709,814.2471733093262,36.10409393310547,548.1525936126709,completed
281.140636,10,52.513448,1.0,True,10,0,0,678.8067378997803,795.33323097229,26.335438346862794,678.8067378997803,completed
871.617297,10,52.521284,1.0,True,10,0,0,474.8934154510498,614.0562839508057,15.399237060546875,474.8934154510498,completed
789.73303,10,52.528806,1.0,True,10,0,0,523.4370956420898,690.3889122009277,15.088845443725585,523.4370956420898,completed
888.732734,10,52.536854,1.0,True,10,0,0,473.7436475753784,585.4868879318237,18.649275016784667,473.7436475753784,completed
510.98102,10,52.54475,1.0,True,10,0,0,447.1440849304199,605.6650238037109,32.225050163269046,447.1440849304199,completed
652.096751,10,52.55243,1.0,True,10,0,0,563.3993458747864,683.6530160903931,19.892266178131102,563.3993458747864,completed
165.526488,10,52.562317,1.0,True,10,0,0,604.5674324035645,755.1511497497559,37.80333938598633,604.5674324035645,completed
754.650496,10,52.571568,1.0,True,10,0,0,433.8588924407959,689.7843971252441,19.563566589355467,433.8588924407959,completed
1028.810538,10,52.579448,1.0,True,10,0,0,465.4359350204468,701.1521272659302,4.283028030395508,465.4359350204468,completed
1046.992247,10,52.586795,1.0,True,10,0,0,494.09518241882324,534.0912036895752,10.452515983581543,494.09518241882324,completed
946.889563,10,52.594229,1.0,True,10,0,0,396.51461696624756,528.8863973617554,19.92133150100708,396.51461696624756,completed
285.785076,10,52.602334,1.0,True,10,0,0,519.7931480407715,735.377010345459,34.17121620178223,519.7931480407715,completed
1027.590923,10,52.609699,1.0,True,10,0,0,466.1645851135254,622.3802452087402,9.904602813720704,466.1645851135254,completed
862.594476,10,52.61731,1.0,True,10,0,0,469.98018780350685,665.811281979084,13.151250076293945,469.98018780350685,completed
13.737404,10,52.625172,1.0,True,10,0,0,585.3231999874115,855.9331431388855,40.42711091041565,585.3231999874115,completed
146.631565,10,52.633229,1.0,True,10,0,0,574.5992755889893,901.8815765380859,29.076956748962402,574.5992755889893,completed
1039.345898,10,52.640839,1.0,True,10,0,0,348.2773323059082,502.36515045166016,16.954301834106445,348.2773323059082,completed
1014.047026,10,52.648387,1.0,True,10,0,0,415.98297786712646,518.0197429656982,16.57707347869873,415.98297786712646,completed
30.949609,10,52.656476,1.0,True,10,0,0,553.3703346252441,763.2591171264648,43.12215805053711,553.3703346252441,completed
-250.464784,10,52.664224,1.0,True,10,0,0,612.6418170928955,890.752161026001,49.65261583328247,612.6418170928955,completed
731.609776,10,52.67183,1.0,True,10,0,0,486.3771276473999,591.0251979827881,20.821811485290528,486.3771276473999,completed
292.599805,10,52.679564,1.0,True,10,0,0,577.1012296676636,772.2410650253296,31.333714294433594,577.1012296676636,completed
383.797308,10,52.68732,1.0,True,10,0,0,648.5705871582031,733.8570709228516,26.740878105163574,648.5705871582031,completed
765.177467,10,52.695065,1.0,True,10,0,0,490.94792556762695,559.5535774230957,21.987242126464842,490.94792556762695,completed
798.539413,10,52.702853,1.0,True,10,0,0,379.6812229156494,543.5098457336426,25.789551162719725,379.6812229156494,completed
782.684993,10,52.710675,1.0,True,10,0,0,490.97184467315674,578.9709720611572,20.043191528320314,490.97184467315674,completed
375.580853,10,52.718392,1.0,True,10,0,0,557.4520444869995,707.7324209213257,31.322112846374512,557.4520444869995,completed
815.813082,10,52.726072,1.0,True,10,0,0,453.6321449279785,489.4424591064453,23.181046295166016,453.6321449279785,completed
782.202217,10,52.733693,1.0,True,10,0,0,479.592866897583,660.3340377807617,17.183731079101562,479.592866897583,completed
423.152713,10,52.741607,1.0,True,10,0,0,506.40642261505127,592.0112018585205,35.58955554962158,506.40642261505127,completed
168.475399,10,52.749201,1.0,True,10,0,0,541.5659093856812,767.3848094940186,37.62308826446533,541.5659093856812,completed
625.248546,10,52.756771,1.0,True,10,0,0,573.7466735839844,700.9791164398193,19.97132110595703,573.7466735839844,completed
1186.228205,10,52.764283,1.0,True,10,0,0,415.9619960784912,536.4199018478394,9.456635284423829,415.9619960784912,completed
927.882478,10,52.772613,1.0,True,10,0,0,501.71327114105225,601.3097400665283,13.732442283630371,501.71327114105225,completed
731.493908,10,52.780338,1.0,True,10,0,0,506.141845703125,573.296709060669,21.209730243682863,506.141845703125,completed
-14.970964,10,52.788157,1.0,True,10,0,0,653.8928489685059,818.1810455322266,39.38180522918701,653.8928489685059,completed
784.926048,10,52.795404,1.0,True,10,0,0,383.848925113678,594.2370157241821,22.305193996429445,383.848925113678,completed
795.832696,10,52.802649,1.0,True,10,0,0,462.4737219810486,525.6001138687134,23.176147270202637,462.4737219810486,completed
636.960138,10,52.810188,1.0,True,10,0,0,514.9902935028076,679.4469566345215,21.082701683044434,514.9902935028076,completed
105.379344,10,52.817688,1.0,True,10,0,0,578.0895824432373,804.5441570281982,38.88841667175293,578.0895824432373,completed
828.838319,10,52.825864,1.0,True,10,0,0,441.3216733932495,735.8214511871338,14.348254013061524,441.3216733932495,completed
978.86957,10,52.833437,1.0,True,10,0,0,406.1352529525757,616.6245288848877,13.2081148147583,406.1352529525757,completed
510.068913,10,52.84122,1.0,True,10,0,0,614.9294681549072,641.5995674133301,25.260694122314455,614.9294681549072,completed
1066.870399,10,52.848721,1.0,True,10,0,0,417.4809193611145,691.8824429512024,4.328518104553223,417.4809193611145,completed
536.28981,10,52.856437,1.0,True,10,0,0,515.4830985069275,614.8573904037476,28.403860092163086,515.4830985069275,completed
790.725014,10,52.864321,1.0,True,10,0,0,473.13851737976074,562.0287246704102,19.858013916015626,473.13851737976074,completed
526.131403,10,52.871689,1.0,True,10,0,0,662.20485496521,682.7142810821533,23.27799873352051,662.20485496521,completed
563.436116,10,52.879738,1.0,True,10,0,0,518.1704170703888,727.5585465431213,22.017361640930176,518.1704170703888,completed
577.561056,10,52.887618,1.0,True,10,0,0,479.8950996398926,638.1535339355469,27.376649856567383,479.8950996398926,completed
785.3652,10,52.895052,1.0,True,10,0,0,440.6713352203369,638.0213031768799,20.67042827606201,440.6713352203369,completed
944.836702,10,54.039183,1.0,True,10,0,0,399.97792625427246,505.30401611328125,18.71710624694824,399.97792625427246,completed
500.95162,10,54.047541,1.0,True,10,0,0,463.9479160308838,767.6202564239502,24.564867401123045,463.9479160308838,completed
435.653973,10,54.05533,1.0,True,10,0,0,595.5300903320312,671.3455581665039,29.177392959594727,595.5300903320312,completed
1111.571868,10,54.063018,1.0,True,10,0,0,410.92985343933105,556.7252731323242,9.723620986938476,410.92985343933105,completed
722.424267,10,54.070606,1.0,True,10,0,0,476.86957025527954,584.8076524734497,24.40827865600586,476.86957025527954,completed
137.442584,10,54.07835,1.0,True,10,0,0,600.8733921051025,714.1737041473389,37.82211532592773,600.8733921051025,completed
90.294091,10,54.086097,1.0,True,10,0,0,515.4460411071777,883.2048053741455,35.94564990997314,515.4460411071777,completed
496.599182,10,54.093794,1.0,True,10,0,0,536.0331819653511,663.286231637001,28.358302688598634,536.0331819653511,completed
677.633251,10,54.101551,1.0,True,10,0,0,547.8015460968018,738.5927715301514,16.0616886138916,547.8015460968018,completed
-136.505569,10,54.1088,1.0,True,10,0,0,594.8457794189453,885.2430191040039,46.04153900146484,594.8457794189453,completed
561.617641,10,54.116297,1.0,True,10,0,0,552.871337890625,639.982982635498,25.88391375541687,552.871337890625,completed
582.667559,10,54.123997,1.0,True,10,0,0,500.3560526371002,666.1806321144104,27.466005706787108,500.3560526371002,completed
925.427424,10,54.131482,1.0,True,10,0,0,474.9199204444885,616.5160531997681,15.072648239135741,474.9199204444885,completed
349.478747,10,54.139256,1.0,True,10,0,0,571.4081611633301,682.484806060791,34.84715347290039,571.4081611633301,completed
-118.538169,10,54.146691,1.0,True,10,0,0,728.0984878540039,847.5711708068848,40.717539405822755,728.0984878540039,completed
-40.915479,10,54.154864,1.0,True,10,0,0,633.6335163116455,890.7010746002197,39.79820938110352,633.6335163116455,completed
643.201978,10,54.162312,1.0,True,10,0,0,459.72806549072266,751.6066055297852,18.45969581604004,459.72806549072266,completed
647.667123,10,54.169911,1.0,True,10,0,0,536.9239768981934,676.9439086914062,22.527009582519533,536.9239768981934,completed
307.48625,10,54.177756,1.0,True,10,0,0,591.756721496582,698.2324867248535,32.97019910812378,591.756721496582,completed
98.57148,10,54.185607,1.0,True,10,0,0,565.1571807861328,712.160816192627,42.197865676879886,565.1571807861328,completed
587.980251,10,54.193486,1.0,True,10,0,0,529.1006488800049,892.3840980529785,12.646842575073242,529.1006488800049,completed
621.700147,10,54.200979,1.0,True,10,0,0,468.0231943130493,773.5191631317139,18.080742835998535,468.0231943130493,completed
1311.788241,10,54.208577,1.0,True,10,0,0,344.3855857849121,465.4508361816406,6.729224395751953,344.3855857849121,completed
725.494867,10,54.216016,1.0,True,10,0,0,438.06028056144714,666.4818739891052,19.676945161819457,438.06028056144714,completed
-83.431789,10,54.224068,1.0,True,10,0,0,637.0616836547852,806.3676834106445,43.95951633453369,637.0616836547852,completed
555.368144,10,54.231859,1.0,True,10,0,0,569.6680951118469,680.2214097976685,23.479372406005858,569.6680951118469,completed
412.937374,10,54.239547,1.0,True,10,0,0,515.2046642303467,738.7567977905273,30.26536750793457,515.2046642303467,completed
926.193616,10,54.246806,1.0,True,10,0,0,372.484824180603,528.4314956665039,20.452042198181154,372.484824180603,completed
81.706877,10,54.254476,1.0,True,10,0,0,649.4407901763916,788.2463912963867,37.57788090705871,649.4407901763916,completed
-238.888465,10,54.262113,1.0,True,10,0,0,627.7846946716309,928.1018104553223,44.06528282165527,627.7846946716309,completed
628.591023,10,54.269808,1.0,True,10,0,0,438.0675964355469,578.3671073913574,29.368230056762695,438.0675964355469,completed
931.454639,10,54.276966,1.0,True,10,0,0,467.8776376247406,524.3147790431976,17.55362606048584,467.8776376247406,completed
984.656509,10,54.284712,1.0,True,10,0,0,427.92557668685913,458.6816740036011,18.451915168762206,427.92557668685913,completed
924.425188,10,54.292503,1.0,True,10,0,0,491.2264919281006,607.8379993438721,12.610855865478516,491.2264919281006,completed
1254.746989,10,54.299652,1.0,True,10,0,0,392.3157024383545,525.1403770446777,6.110458755493164,392.3157024383545,completed
578.774468,10,54.306897,1.0,True,10,0,0,456.1060333251953,753.4676322937012,24.187375831604005,456.1060333251953,completed
963.716465,10,54.314335,1.0,True,10,0,0,451.109073638916,483.91189193725586,18.66575050354004,451.109073638916,completed
966.1028,10,54.322675,1.0,True,10,0,0,384.3375606536865,661.1673126220703,10.800531005859375,384.3375606536865,completed
1040.21706,10,54.330311,1.0,True,10,0,0,436.6162996292114,603.7983875274658,9.931746673583984,436.6162996292114,completed
633.35243,10,54.33808,1.0,True,10,0,0,450.9925355911255,546.0364780426025,28.0205961227417,450.9925355911255,completed
732.018508,10,54.345582,1.0,True,10,0,0,490.2175407409668,533.1286239624023,25.1204740524292,490.2175407409668,completed
885.2489,10,54.353369,1.0,True,10,0,0,453.72808265686035,537.2865943908691,19.57494983673096,453.72808265686035,completed
985.265726,10,54.360744,1.0,True,10,0,0,426.02829360961914,535.114070892334,15.524590969085693,426.02829360961914,completed
740.959261,10,54.368404,1.0,True,10,0,0,480.00671577453613,588.5146408081055,24.433530235290526,480.00671577453613,completed
1322.640954,10,54.376283,1.0,True,10,0,0,355.59925174713135,399.9876251220703,8.200655364990235,355.59925174713135,completed
1042.374551,10,54.383879,1.0,True,10,0,0,521.0849609375,543.678560256958,9.346402788162232,521.0849609375,completed
610.570745,10,54.392,1.0,True,10,0,0,496.67528533935547,581.4644241333008,27.090660858154298,496.67528533935547,completed
967.031563,10,54.399436,1.0,True,10,0,0,355.0773096084595,502.41401958465576,20.363331508636474,355.0773096084595,completed
877.050286,10,54.407047,1.0,True,10,0,0,416.72173404693604,636.854398727417,16.86884174346924,416.72173404693604,completed
440.333454,10,54.414818,1.0,True,10,0,0,530.2284278869629,702.3227119445801,29.198725318908693,530.2284278869629,completed
511.099975,10,54.422527,1.0,True,10,0,0,521.8963298797607,686.3997344970703,26.786125946044923,521.8963298797607,completed
602.344187,10,54.429805,1.0,True,10,0,0,534.7800559997559,734.0335693359375,21.71754264831543,534.7800559997559,completed
1221.7754,10,54.437427,1.0,True,10,0,0,373.16032886505127,488.3040542602539,7.859697151184082,373.16032886505127,completed
780.390157,10,54.445053,1.0,True,10,0,0,572.9222211837769,595.4533634185791,18.042890548706055,572.9222211837769,completed
616.516911,10,54.452769,1.0,True,10,0,0,529.8143656253815,631.2022595405579,25.56359920501709,529.8143656253815,completed
-148.046494,10,54.460226,1.0,True,10,0,0,596.5771942138672,872.2956047058105,46.028750610351565,596.5771942138672,completed
312.207169,10,54.467614,1.0,True,10,0,0,449.9686908721924,653.1570434570312,38.216943454742434,449.9686908721924,completed
502.939874,10,54.475327,1.0,True,10,0,0,577.1981945037842,713.2034530639648,22.810870552062987,577.1981945037842,completed
1180.981778,10,54.482917,1.0,True,10,0,0,447.05051612854004,496.73463439941406,8.468990707397461,447.05051612854004,completed
787.095839,10,54.49039,1.0,True,10,0,0,409.995906829834,577.972038269043,22.306868743896484,409.995906829834,completed
443.972796,10,54.497961,1.0,True,10,0,0,511.9687776565552,662.075231552124,29.278159141540527,511.9687776565552,completed
633.393044,10,54.505644,1.0,True,10,0,0,518.9326572418213,675.8100662231445,22.592814445495605,518.9326572418213,completed
474.871007,10,54.513509,1.0,True,10,0,0,659.6138038635254,659.6138038635254,24.68927631378174,659.6138038635254,completed
1151.414708,10,54.521078,1.0,True,10,0,0,484.059889793396,506.59103202819824,8.294961166381835,484.059889793396,completed
793.041013,10,54.528875,1.0,True,10,0,0,444.35647773742676,548.1707763671875,21.36786231994629,444.35647773742676,completed
388.035889,10,54.536575,1.0,True,10,0,0,453.96780586242676,838.5059356689453,25.36134490966797,453.96780586242676,completed
647.914896,10,54.544597,1.0,True,10,0,0,455.79094314575195,565.1926174163818,27.34493293762207,455.79094314575195,completed
205.875412,10,54.551871,1.0,True,10,0,0,588.0116181373596,786.2248849868774,33.323512172698976,588.0116181373596,completed
127.040335,10,54.559615,1.0,True,10,0,0,494.87801933288574,773.3995552062988,39.5146671295166,494.87801933288574,completed
1194.508549,10,54.567291,1.0,True,10,0,0,308.4551658630371,447.2689895629883,14.671123123168945,308.4551658630371,completed
837.353103,10,54.575119,1.0,True,10,0,0,493.0327253341675,545.0349731445312,19.11443958282471,493.0327253341675,completed
365.522808,10,54.58265,1.0,True,10,0,0,523.5509872436523,613.5548400878906,35.521813774108885,523.5509872436523,completed
1162.16399,10,54.59027,1.0,True,10,0,0,437.02888774871826,543.0631694793701,8.412459564208984,437.02888774871826,completed
862.86934,10,54.59784,1.0,True,10,0,0,405.29838943481445,518.2559032440186,21.94350662231445,405.29838943481445,completed
818.287963,10,54.605554,1.0,True,10,0,0,481.59016513824463,595.0804862976074,18.908470153808594,481.59016513824463,completed
100.293237,10,54.613116,1.0,True,10,0,0,634.2146873474121,782.8490676879883,37.402198791503906,634.2146873474121,completed
472.688954,10,54.621748,1.0,True,10,0,0,559.9749069213867,652.7018585205078,29.417702865600585,559.9749069213867,completed
369.269629,10,54.629568,1.0,True,10,0,0,464.5484390258789,759.7216339111328,32.81537551879883,464.5484390258789,completed
78.956993,10,54.637411,1.0,True,10,0,0,572.5335602760315,795.7617425918579,40.85924768447876,572.5335602760315,completed
344.171262,10,54.646949,1.0,True,10,0,0,586.2206649780273,695.8335914611816,31.43396940231323,586.2206649780273,completed
274.884225,10,54.66137,1.0,True,10,0,0,541.3722953796387,778.9640197753906,31.671598815917967,541.3722953796387,completed
1071.786259,10,54.668936,1.0,True,10,0,0,439.4260559082031,439.4260559082031,14.809472274780273,439.4260559082031,completed
523.682888,10,54.676436,1.0,True,10,0,0,475.8492126464844,681.8919906616211,27.786319732666016,475.8492126464844,completed
1087.074094,10,54.68449,1.0,True,10,0,0,457.77268981933594,557.6835784912109,9.490517807006835,457.77268981933594,completed
819.062036,10,54.691999,1.0,True,10,0,0,467.32189559936523,739.9614219665527,11.329363131523133,467.32189559936523,completed
420.255422,10,54.699828,1.0,True,10,0,0,538.9799575805664,772.9789924621582,26.053985595703125,538.9799575805664,completed
622.118907,10,54.707556,1.0,True,10,0,0,465.07907819747925,601.7068514823914,28.8478054523468,465.07907819747925,completed
-41.011917,10,54.715102,1.0,True,10,0,0,560.8723335266113,784.3324546813965,45.33614082336426,560.8723335266113,completed
991.698475,10,54.723273,1.0,True,10,0,0,469.47044467926025,579.3546085357666,12.716459465026855,469.47044467926025,completed
-42.307516,10,54.731422,1.0,True,10,0,0,714.0670871734619,816.9471397399902,40.26127052307129,714.0670871734619,completed
842.903319,10,54.739051,1.0,True,10,0,0,468.3902587890625,567.7966022491455,18.324313163757324,468.3902587890625,completed
1000.831362,10,54.746902,1.0,True,10,0,0,401.9420394897461,494.40242767333984,15.208037185668946,401.9420394897461,completed
224.600311,10,54.755109,1.0,True,10,0,0,558.7252750396729,840.5626640319824,30.277279663085938,558.7252750396729,completed
769.521523,10,54.762726,1.0,True,10,0,0,458.68360328674316,591.8391704559326,22.212261390686034,458.68360328674316,completed
792.634146,10,54.770365,1.0,True,10,0,0,518.2328681945801,605.3398246765137,16.02761631011963,518.2328681945801,completed
626.107316,10,54.777748,1.0,True,10,0,0,485.0523929595947,636.4314479827881,24.88933277130127,485.0523929595947,completed
567.141109,10,54.785342,1.0,True,10,0,0,434.2902183532715,644.9620819091797,28.891323471069335,434.2902183532715,completed
736.00325,10,54.79268,1.0,True,10,0,0,496.7642397880554,796.8447484970093,12.72044916152954,496.7642397880554,completed
802.839505,10,54.800744,1.0,True,10,0,0,446.65220975875854,559.6087961196899,21.42997465133667,446.65220975875854,completed
-31.071228,10,54.808063,1.0,True,10,0,0,482.4229488372803,885.2232818603516,41.64359245300293,482.4229488372803,completed
166.072269,10,54.815582,1.0,True,10,0,0,631.0944290161133,702.1167526245117,39.897132301330565,631.0944290161133,completed
771.195798,10,54.823067,1.0,True,10,0,0,539.0524778366089,539.0524778366089,21.370749473571777,539.0524778366089,completed
769.600307,10,54.830738,1.0,True,10,0,0,544.0948486328125,594.222110748291,19.514923095703125,544.0948486328125,completed
1022.87967,10,54.838352,1.0,True,10,0,0,434.68001914024353,727.3000311851501,5.314114189147949,434.68001914024353,completed
150.446204,10,54.845659,1.0,True,10,0,0,563.9294700622559,796.7194786071777,37.490234375,563.9294700622559,completed
991.271035,10,54.853292,1.0,True,10,0,0,474.6205186843872,514.0863389968872,14.92308406829834,474.6205186843872,completed
861.152055,10,54.861101,1.0,True,10,0,0,455.26544284820557,597.8555393218994,17.402379322052003,455.26544284820557,completed
569.635988,10,54.86836,1.0,True,10,0,0,555.1812229156494,645.9892311096191,25.083356189727784,555.1812229156494,completed
867.466017,10,54.876039,1.0,True,10,0,0,545.4447231292725,545.4447231292725,16.013897705078126,545.4447231292725,completed
884.532641,10,54.883519,1.0,True,10,0,0,470.90511655807495,566.9556460380554,17.46365394592285,470.90511655807495,completed
871.499087,10,54.890718,1.0,True,10,0,0,445.3578271865845,582.3430843353271,18.035441207885743,445.3578271865845,completed
537.862588,10,54.898087,1.0,True,10,0,0,512.5491943359375,668.6571578979492,26.704251098632813,512.5491943359375,completed
1114.406149,10,54.905158,1.0,True,10,0,0,419.4189453125,682.2340545654297,3.674251174926758,419.4189453125,completed
758.485422,10,54.912378,1.0,True,10,0,0,499.5526170730591,544.7790489196777,22.87630271911621,499.5526170730591,completed
707.835003,10,54.91997,1.0,True,10,0,0,424.1680383682251,680.8326835632324,21.43741111755371,424.1680383682251,completed
264.366854,10,54.927086,1.0,True,10,0,0,622.8957529067993,835.2968902587891,26.65345573425293,622.8957529067993,completed
736.22272,10,54.93455,1.0,True,10,0,0,430.46860694885254,574.5786628723145,25.6729793548584,430.46860694885254,completed
864.698507,10,54.942181,1.0,True,10,0,0,491.84533882141113,491.84533882141113,21.958220863342284,491.84533882141113,completed
691.604767,10,54.949356,1.0,True,10,0,0,481.40415382385254,540.2524967193604,25.76374969482422,481.40415382385254,completed
834.238555,10,54.956836,1.0,True,10,0,0,390.87124013900757,551.5402708053589,23.227220153808595,390.87124013900757,completed
381.808849,10,54.964111,1.0,True,10,0,0,521.8500289916992,711.1749305725098,30.639435482025146,521.8500289916992,completed
-363.561494,10,54.971387,1.0,True,10,0,0,662.3708229064941,998.6826400756836,47.879404830932614,662.3708229064941,completed
1173.09527,10,54.978967,1.0,True,10,0,0,422.1228070259094,528.3878984451294,7.870217895507812,422.1228070259094,completed
455.477697,10,54.986336,1.0,True,10,0,0,517.4892988204956,644.8852806091309,30.732745742797853,517.4892988204956,completed
178.285629,10,54.994351,1.0,True,10,0,0,574.0659594535828,793.6159620285034,37.21486186981201,574.0659594535828,completed
-766.471169,10,55.001951,1.0,True,10,0,0,889.6328449249268,985.1932621002197,61.94894371032715,889.6328449249268,completed
141.207026,10,55.009431,1.0,True,10,0,0,635.556978225708,926.4441623687744,29.91851043701172,635.556978225708,completed
386.615413,10,55.017,1.0,True,10,0,0,601.3126411437988,751.1556816101074,24.56628761291504,601.3126411437988,completed
79.56061,10,55.024339,1.0,True,10,0,0,534.3661079406738,810.8559074401855,39.893911361694336,534.3661079406738,completed
329.595865,10,55.031756,1.0,True,10,0,0,537.4391279220581,756.7420330047607,31.526221084594727,537.4391279220581,completed
927.592035,10,55.039384,1.0,True,10,0,0,512.6734476089478,599.5393218994141,12.265532112121582,512.6734476089478,completed
464.611679,10,55.046901,1.0,True,10,0,0,500.87320947647095,709.5137948989868,27.219961071014403,500.87320947647095,completed
355.058638,10,55.054796,1.0,True,10,0,0,663.7204990386963,823.4759292602539,24.044277000427247,663.7204990386963,completed
493.398224,10,55.062433,1.0,True,10,0,0,452.0325560569763,767.4991483688354,26.556658935546874,452.0325560569763,completed
99.011333,10,55.069923,1.0,True,10,0,0,560.7205944061279,779.7573871612549,38.59115924835205,560.7205944061279,completed
526.839776,10,55.077185,1.0,True,10,0,0,569.7165069580078,569.7165069580078,29.732108116149902,569.7165069580078,completed
671.126987,10,55.08451,1.0,True,10,0,0,529.9000282287598,782.0230598449707,14.535381507873534,529.9000282287598,completed
658.635273,10,55.091897,1.0,True,10,0,0,451.29477310180664,846.3256034851074,16.481484985351564,451.29477310180664,completed
938.670303,10,55.099911,1.0,True,10,0,0,475.46568489074707,663.1896629333496,10.57708282470703,475.46568489074707,completed
722.521462,10,55.107528,1.0,True,10,0,0,474.9498529434204,606.2991170883179,22.028979873657228,474.9498529434204,completed
-105.913372,10,55.114758,1.0,True,10,0,0,577.9832210540771,893.5244369506836,42.06232795715332,577.9832210540771,completed
811.859413,10,55.12183,1.0,True,10,0,0,446.2366371154785,571.6281814575195,20.330380249023438,446.2366371154785,completed
492.536281,10,55.129416,1.0,True,10,0,0,580.9258613586426,631.789119720459,28.947008514404295,580.9258613586426,completed
720.459144,10,55.138295,1.0,True,10,0,0,539.5314979553223,765.2653331756592,12.701504516601563,539.5314979553223,completed
831.535192,10,55.145856,1.0,True,10,0,0,451.6029472351074,656.0251579284668,14.543768310546875,451.6029472351074,completed
439.476139,10,55.153423,1.0,True,10,0,0,638.6002464294434,766.1950721740723,23.727456665039064,638.6002464294434,completed
918.187395,10,55.160536,1.0,True,10,0,0,470.24886894226074,575.9771308898926,15.304421997070312,470.24886894226074,completed
55.614941,10,55.167924,1.0,True,10,0,0,695.9454689025879,868.6522102355957,31.815017318725587,695.9454689025879,completed
605.542817,10,55.175523,1.0,True,10,0,0,490.23271083831787,634.385573387146,25.874671268463135,490.23271083831787,completed
652.164258,10,55.182692,1.0,True,10,0,0,544.7036228179932,615.9258728027344,21.67475543022156,544.7036228179932,completed
-42.899581,10,55.190034,1.0,True,10,0,0,689.3013153076172,882.6723022460938,37.41896295547485,689.3013153076172,completed
60.459469,10,55.197551,1.0,True,10,0,0,504.1226062774658,819.1930809020996,42.54772891998291,504.1226062774658,completed
290.008268,10,55.204827,1.0,True,10,0,0,562.4813003540039,676.352668762207,35.92575082778931,562.4813003540039,completed
814.831895,10,55.212257,1.0,True,10,0,0,521.6690731048584,630.4088439941406,14.685846614837647,521.6690731048584,completed
1207.261412,10,55.219382,1.0,True,10,0,0,411.63811469078064,560.2088484764099,5.976299285888672,411.63811469078064,completed
-853.678441,10,55.226469,1.0,True,10,0,0,787.8807125091553,1020.7190437316895,64.9079532623291,787.8807125091553,completed
1013.879117,10,55.233926,1.0,True,10,0,0,440.3654022216797,611.6181526184082,10.706083679199219,440.3654022216797,completed
788.553951,10,55.241298,1.0,True,10,0,0,435.5767478942871,517.646354675293,24.78445053100586,435.5767478942871,completed
740.416476,10,55.248916,1.0,True,10,0,0,444.433358669281,695.602098941803,19.638059997558592,444.433358669281,completed
1346.91756,10,55.256157,1.0,True,10,0,0,446.2098560333252,527.8991050720215,0.9833755493164062,446.2098560333252,completed
-12.653455,10,55.26335,1.0,True,10,0,0,660.2380237579346,857.9604110717773,36.88770942687988,660.2380237579346,completed
766.883089,10,55.270829,1.0,True,10,0,0,463.22377586364746,605.1306133270264,21.476948547363282,463.22377586364746,completed
158.963431,10,55.278411,1.0,True,10,0,0,585.0630359649658,800.4736175537109,37.4738883972168,585.0630359649658,completed
-61.219284,10,55.285833,1.0,True,10,0,0,703.1851425170898,1062.7462539672852,30.51436595916748,703.1851425170898,completed
777.191854,10,55.293081,1.0,True,10,0,0,489.1848793029785,614.1870536804199,19.684572982788087,489.1848793029785,completed
754.455671,10,55.300557,1.0,True,10,0,0,552.8892879486084,749.7443008422852,11.454601287841797,552.8892879486084,completed
60.321694,10,55.307889,1.0,True,10,0,0,585.4470081329346,767.0348033905029,41.73359088897705,585.4470081329346,completed
97.880587,10,55.315413,1.0,True,10,0,0,638.3029346466064,727.4533939361572,41.69694595336914,638.3029346466064,completed
500.136757,10,55.322953,1.0,True,10,0,0,544.7000751495361,703.7179431915283,25.697673034667968,544.7000751495361,completed
1094.348134,10,55.330832,1.0,True,10,0,0,305.63653898239136,448.43815517425537,18.449398612976076,305.63653898239136,completed
383.741976,10,55.338137,1.0,True,10,0,0,580.0041961669922,690.5991897583008,27.429819869995118,580.0041961669922,completed
962.637473,10,55.345541,1.0,True,10,0,0,476.64344787597656,688.241626739502,9.215533447265624,476.64344787597656,completed
294.902284,10,55.352528,1.0,True,10,0,0,603.0730743408203,752.4947662353516,29.02548141479492,603.0730743408203,completed
256.36951,10,55.359831,1.0,True,10,0,0,666.0652694702148,821.2058944702148,25.283242225646973,666.0652694702148,completed
651.986277,10,55.367426,1.0,True,10,0,0,457.3792362213135,609.0648822784424,27.180740547180175,457.3792362213135,completed
954.458992,10,55.374622,1.0,True,10,0,0,447.0171546936035,546.2751045227051,17.071405029296876,447.0171546936035,completed
327.106464,10,55.382015,1.0,True,10,0,0,530.872013092041,831.8728332519531,26.46551055908203,530.872013092041,completed
667.946471,10,55.389338,1.0,True,10,0,0,495.256875038147,601.866322517395,23.14232244491577,495.256875038147,completed
500.008218,10,55.396925,1.0,True,10,0,0,509.76725244522095,621.1518449783325,31.293220043182373,509.76725244522095,completed
976.138682,10,55.404584,1.0,True,10,0,0,380.93797397613525,489.29873275756836,19.85349636077881,380.93797397613525,completed
177.592233,10,55.411764,1.0,True,10,0,0,611.6773529052734,766.3596649169922,35.12028617858887,611.6773529052734,completed
1041.686158,10,55.419059,1.0,True,10,0,0,423.7771987915039,523.4728164672852,13.411371231079102,423.7771987915039,completed
1103.341877,10,55.42666,1.0,True,10,0,0,419.64075994491577,618.6839590072632,8.966065597534179,419.64075994491577,completed
674.260091,10,55.433998,1.0,True,10,0,0,411.5009756088257,625.6195192337036,25.282892608642577,411.5009756088257,completed
509.159214,10,55.441834,1.0,True,10,0,0,477.2575988769531,613.9743232727051,30.955723571777344,477.2575988769531,completed
492.382616,10,55.448989,1.0,True,10,0,0,539.5193519592285,613.6043281555176,31.19705057144165,539.5193519592285,completed
903.897397,10,55.45686,1.0,True,10,0,0,433.01159954071045,559.5284795761108,18.040715789794923,433.01159954071045,completed
305.350363,10,55.464339,1.0,True,10,0,0,555.1229734420776,800.7298603057861,31.03865032196045,555.1229734420776,completed
397.86738,10,55.472376,1.0,True,10,0,0,566.2396993637085,796.1567153930664,26.330820655822755,566.2396993637085,completed
475.164276,10,55.479677,1.0,True,10,0,0,599.6659464836121,738.0836057662964,23.407209491729738,599.6659464836121,completed
722.055256,10,55.488624,1.0,True,10,0,0,446.6996922492981,719.9385499954224,16.649626159667967,446.6996922492981,completed
562.782457,10,55.496271,1.0,True,10,0,0,596.1398720741272,645.5796232223511,22.969801712036134,596.1398720741272,completed
-28.853923,10,55.504264,1.0,True,10,0,0,549.6783790588379,832.4400100708008,43.66814422607422,549.6783790588379,completed
1123.538842,10,55.512117,1.0,True,10,0,0,380.60501766204834,469.85344886779785,14.812967681884766,380.60501766204834,completed
1308.252823,10,55.519398,1.0,True,10,0,0,375.08338165283203,442.69146728515625,8.486826705932618,375.08338165283203,completed
-172.23896,10,55.52666,1.0,True,10,0,0,665.4881477355957,969.6259269714355,38.56787757873535,665.4881477355957,completed
-553.028335,10,55.534244,1.0,True,10,0,0,652.6326751708984,1110.7570762634277,52.730797290802,652.6326751708984,completed
67.753067,10,55.541553,1.0,True,10,0,0,676.6884660720825,803.936577796936,35.345180892944335,676.6884660720825,completed
266.188371,10,55.549292,1.0,True,10,0,0,539.0033106803894,803.0081624984741,33.355033206939694,539.0033106803894,completed
-14.382864,10,55.556742,1.0,True,10,0,0,715.1286516189575,917.248387336731,33.3166223526001,715.1286516189575,completed
42.211525,10,55.564419,1.0,True,10,0,0,646.1940011978149,794.7556438446045,38.04204330444336,646.1940011978149,completed
924.515974,10,55.571871,1.0,True,10,0,0,461.9565544128418,573.1674575805664,15.391294479370117,461.9565544128418,completed
166.992645,10,55.57932,1.0,True,10,0,0,601.549861907959,763.5649108886719,34.857801818847655,601.549861907959,completed
467.133885,10,55.586597,1.0,True,10,0,0,535.8610248565674,650.9504489898682,28.015200328826904,535.8610248565674,completed
1115.243001,10,55.593957,1.0,True,10,0,0,338.82580184936523,501.8483180999756,13.471418380737305,338.82580184936523,completed
506.591268,10,56.745122,1.0,True,10,0,0,489.2204599380493,619.8983011245728,31.64941625595093,489.2204599380493,completed
221.420596,10,56.752896,1.0,True,10,0,0,576.402379989624,840.660816192627,31.150553894042968,576.402379989624,completed
581.978061,10,56.760618,1.0,True,10,0,0,420.5728816986084,657.3125381469727,27.88172092437744,420.5728816986084,completed
497.433058,10,56.768439,1.0,True,10,0,0,510.299861907959,627.1375923156738,32.326783657073975,510.299861907959,completed
685.939667,10,56.776217,1.0,True,10,0,0,405.2592062950134,627.6046586036682,26.026984214782715,405.2592062950134,completed
-119.313768,10,56.783999,1.0,True,10,0,0,532.9225082397461,919.023120880127,42.68174152374267,532.9225082397461,completed
627.311994,10,56.791262,1.0,True,10,0,0,587.6071581840515,662.6750674247742,20.30905685424805,587.6071581840515,completed
494.738706,10,56.798968,1.0,True,10,0,0,429.456485748291,666.6037750244141,31.466162490844727,429.456485748291,completed
570.1222,10,56.806971,1.0,True,10,0,0,580.9247360229492,622.131103515625,25.598937225341796,580.9247360229492,completed
729.486224,10,56.814711,1.0,True,10,0,0,489.16720485687256,596.652735710144,21.784772205352784,489.16720485687256,completed
1017.583761,10,56.822601,1.0,True,10,0,0,422.38679552078247,482.78264331817627,16.896162700653075,422.38679552078247,completed
734.353348,10,56.830486,1.0,True,10,0,0,502.97638416290283,591.2377033233643,20.17496738433838,502.97638416290283,completed
536.260981,10,56.838306,1.0,True,10,0,0,568.319501876831,685.547233581543,26.682268047332762,568.319501876831,completed
-76.043251,10,56.846189,1.0,True,10,0,0,595.445442199707,764.5484504699707,45.888634490966794,595.445442199707,completed
1126.570929,10,56.854082,1.0,True,10,0,0,392.92051219940186,496.5065441131592,10.32597827911377,392.92051219940186,completed
568.921499,10,56.861815,1.0,True,10,0,0,535.2629060745239,707.4104137420654,22.3384651184082,535.2629060745239,completed
964.784803,10,56.869566,1.0,True,10,0,0,433.7247381210327,539.8314599990845,16.05828742980957,433.7247381210327,completed
278.536556,10,56.877451,1.0,True,10,0,0,569.9897356033325,789.4685869216919,32.55270786285401,569.9897356033325,completed
5.649374,10,56.885107,1.0,True,10,0,0,601.5819129943848,829.6858673095703,41.78735122680664,601.5819129943848,completed
555.819839,10,56.892985,1.0,True,10,0,0,463.58056449890137,662.7489128112793,27.600400924682617,463.58056449890137,completed
940.289245,10,56.901146,1.0,True,10,0,0,396.1019649505615,557.2348613739014,16.20456142425537,396.1019649505615,completed
137.054665,10,56.908891,1.0,True,10,0,0,529.369312286377,770.8227348327637,38.120936965942384,529.369312286377,completed
181.702427,10,56.917299,1.0,True,10,0,0,699.1090717315674,824.8503036499023,30.324839782714843,699.1090717315674,completed
692.778751,10,56.926483,1.0,True,10,0,0,510.9024438858032,647.295729637146,21.432723999023438,510.9024438858032,completed
664.543618,10,56.938997,1.0,True,10,0,0,502.96732091903687,697.1523542404175,21.59042000770569,502.96732091903687,completed
567.835755,10,56.946656,1.0,True,10,0,0,382.97593927383423,615.1874127388,32.03362636566162,382.97593927383423,completed
105.159608,10,56.954377,1.0,True,10,0,0,696.4649982452393,873.0979690551758,32.827681350708005,696.4649982452393,completed
443.129528,10,56.961692,1.0,True,10,0,0,615.368968963623,615.368968963623,30.03716125488281,615.368968963623,completed
850.787694,10,56.968895,1.0,True,10,0,0,410.3365478515625,576.0917816162109,19.21547088623047,410.3365478515625,completed
826.672175,10,56.976312,1.0,True,10,0,0,441.9958200454712,543.7850017547607,21.24834156036377,441.9958200454712,completed
1227.620882,10,56.983811,1.0,True,10,0,0,431.998672246933,440.74212980270386,9.668178606033326,431.998672246933,completed
1228.198097,10,56.991331,1.0,True,10,0,0,371.99395656585693,415.6261205673218,11.570839834213256,371.99395656585693,completed
592.202503,10,56.998936,1.0,True,10,0,0,441.6512050628662,632.172924041748,28.120827865600585,441.6512050628662,completed
908.753206,10,57.007106,1.0,True,10,0,0,437.34947776794434,580.9127826690674,16.491652297973634,437.34947776794434,completed
-231.637047,10,57.014523,1.0,True,10,0,0,607.5300235748291,844.9205646514893,51.385320568084715,607.5300235748291,completed
615.994804,10,57.022649,1.0,True,10,0,0,507.4124059677124,768.8398580551147,19.941695404052734,507.4124059677124,completed
758.916549,10,57.030259,1.0,True,10,0,0,453.79820251464844,594.8062362670898,22.72588348388672,453.79820251464844,completed
719.494068,10,57.037399,1.0,True,10,0,0,506.6750736236572,632.3336544036865,19.796693420410158,506.6750736236572,completed
891.269174,10,57.044984,1.0,True,10,0,0,482.1296110153198,607.5974025726318,14.554795837402343,482.1296110153198,completed
989.278346,10,57.0533,1.0,True,10,0,0,416.8700485229492,502.99999237060547,18.614981651306152,416.8700485229492,completed
341.619286,10,57.061091,1.0,True,10,0,0,547.1141548156738,688.2569580078125,31.901478385925294,547.1141548156738,completed
857.845011,10,57.06871,1.0,True,10,0,0,469.5736427307129,491.93407440185547,20.46416606903076,469.5736427307129,completed
346.957591,10,57.076258,1.0,True,10,0,0,576.0228157043457,664.5754699707031,33.31978511810303,576.0228157043457,completed
-111.123064,10,57.083854,1.0,True,10,0,0,612.3922386169434,830.0992164611816,46.02892913818359,612.3922386169434,completed
810.784945,10,57.091384,1.0,True,10,0,0,393.24785804748535,552.8788719177246,24.254979038238524,393.24785804748535,completed
673.593652,10,57.098884,1.0,True,10,0,0,485.0512351989746,622.4152755737305,23.285940170288086,485.0512351989746,completed
658.292987,10,57.10655,1.0,True,10,0,0,372.41534423828125,673.0925483703613,24.64280014038086,372.41534423828125,completed
474.162976,10,57.1146,1.0,True,10,0,0,506.68790435791016,957.1118659973145,15.450061416625976,506.68790435791016,completed
245.000865,10,57.122446,1.0,True,10,0,0,540.2184505462646,781.0161590576172,34.33751449584961,540.2184505462646,completed
1000.083578,10,57.129664,1.0,True,10,0,0,405.492244720459,514.5394554138184,16.53138370513916,405.492244720459,completed
213.624019,10,57.136972,1.0,True,10,0,0,627.2463302612305,794.8771286010742,31.28316707611084,627.2463302612305,completed
1087.661224,10,57.144547,1.0,True,10,0,0,423.9142847061157,509.21061515808105,11.89292640686035,423.9142847061157,completed
885.237969,10,57.151941,1.0,True,10,0,0,368.42915773391724,531.0599374771118,23.726930236816408,368.42915773391724,completed
1047.078222,10,57.161182,1.0,True,10,0,0,430.5417957305908,773.2416305541992,1.7015453338623048,430.5417957305908,completed
791.548276,10,57.168832,1.0,True,10,0,0,452.10082626342773,683.3924522399902,17.522976541519164,452.10082626342773,completed
486.398963,10,57.176612,1.0,True,10,0,0,601.4910984039307,778.5107135772705,21.817229652404784,601.4910984039307,completed
253.969357,10,57.184186,1.0,True,10,0,0,547.5269432067871,673.3705215454102,38.340345191955564,547.5269432067871,completed
1140.50153,10,57.191648,1.0,True,10,0,0,433.9442300796509,489.0935001373291,11.306454086303711,433.9442300796509,completed
167.161546,10,57.19895,1.0,True,10,0,0,599.7048149108887,823.2141265869141,31.62400131225586,599.7048149108887,completed
1000.514006,10,57.206551,1.0,True,10,0,0,450.189435005188,588.5307102203369,14.849427604675293,450.189435005188,completed
375.305415,10,57.214055,1.0,True,10,0,0,567.886547088623,666.2620391845703,32.05372066497803,567.886547088623,completed
703.270675,10,57.2216,1.0,True,10,0,0,496.31169509887695,610.32373046875,20.87931022644043,496.31169509887695,completed
437.032448,10,57.229021,1.0,True,10,0,0,553.5007629394531,844.2365455627441,23.360344696044923,553.5007629394531,completed
1102.897268,10,57.236453,1.0,True,10,0,0,350.05258560180664,501.8343334197998,15.002670669555664,350.05258560180664,completed
1265.183942,10,57.244113,1.0,True,10,0,0,381.35876274108887,482.70316314697266,5.751366043090821,381.35876274108887,completed
1096.732083,10,57.251715,1.0,True,10,0,0,444.3097038269043,588.7908554077148,8.950607681274414,444.3097038269043,completed
579.118331,10,57.259413,1.0,True,10,0,0,601.7929077148438,625.6063194274902,23.081948661804198,601.7929077148438,completed
373.425007,10,57.266908,1.0,True,10,0,0,487.71384048461914,677.1994667053223,33.951363754272464,487.71384048461914,completed
605.162955,10,57.274144,1.0,True,10,0,0,396.63484954833984,612.3026924133301,29.91615867614746,396.63484954833984,completed
1059.409063,10,57.282134,1.0,True,10,0,0,437.2495450973511,687.9373264312744,4.325507545471192,437.2495450973511,completed
357.708655,10,57.289383,1.0,True,10,0,0,647.7723178863525,724.3919944763184,29.8398380279541,647.7723178863525,completed
805.970804,10,57.296815,1.0,True,10,0,0,473.4467544555664,700.4628753662109,13.972599029541016,473.4467544555664,completed
1131.277721,10,57.304391,1.0,True,10,0,0,498.9334259033203,624.5217018127441,3.6194175720214843,498.9334259033203,completed
966.881416,10,57.311861,1.0,True,10,0,0,458.7197914123535,529.3641090393066,17.029309463500976,458.7197914123535,completed
956.153325,10,57.319611,1.0,True,10,0,0,466.8546905517578,679.7314491271973,9.051463317871093,466.8546905517578,completed
447.986069,10,57.327271,1.0,True,10,0,0,536.2994937896729,667.3906440734863,31.80522632598877,536.2994937896729,completed
1070.799724,10,57.334843,1.0,True,10,0,0,487.2858200073242,564.5009307861328,10.293887996673584,487.2858200073242,completed
984.710958,10,57.342608,1.0,True,10,0,0,498.6445999145508,583.2560539245605,10.7260311126709,498.6445999145508,completed
1281.513964,10,57.349833,1.0,True,10,0,0,402.1726818084717,524.3401718139648,4.52041187286377,402.1726818084717,completed
1281.787867,10,57.35733,1.0,True,10,0,0,378.19681549072266,496.89353370666504,7.9855578422546385,378.19681549072266,completed
848.12171,10,57.365245,1.0,True,10,0,0,520.3556909561157,589.1421756744385,17.830424118041993,520.3556909561157,completed
181.929236,10,57.373063,1.0,True,10,0,0,451.14669609069824,751.0247097015381,40.562778282165525,451.14669609069824,completed
414.270157,10,57.380694,1.0,True,10,0,0,465.06400299072266,657.6798934936523,33.662177896499635,465.06400299072266,completed
351.167105,10,57.388623,1.0,True,10,0,0,542.2166709899902,821.6683616638184,27.983384704589845,542.2166709899902,completed
678.5522,10,57.396389,1.0,True,10,0,0,445.7887840270996,685.0810623168945,22.019268035888672,445.7887840270996,completed
554.148688,10,57.403841,1.0,True,10,0,0,520.0444221496582,630.0401887893677,29.039022541046144,520.0444221496582,completed
859.448026,10,57.411617,1.0,True,10,0,0,484.2113199234009,762.9691677093506,10.037954902648925,484.2113199234009,completed
429.663881,10,57.419221,1.0,True,10,0,0,602.6068229675293,693.5989646911621,30.54065818786621,602.6068229675293,completed
816.685515,10,57.42668,1.0,True,10,0,0,488.2355718612671,577.0883693695068,21.028796768188478,488.2355718612671,completed
638.953576,10,57.434331,1.0,True,10,0,0,564.3917140960693,628.3199863433838,22.312970542907713,564.3917140960693,completed
1413.73309,10,57.441934,1.0,True,10,0,0,372.55460929870605,449.60512828826904,4.158425140380859,372.55460929870605,completed
859.467856,10,57.449611,1.0,True,10,0,0,450.3975896835327,529.090898513794,20.164680099487306,450.3975896835327,completed
826.744363,10,57.457181,1.0,True,10,0,0,501.97411823272705,638.8520593643188,15.466695022583007,501.97411823272705,completed
853.734415,10,57.465081,1.0,True,10,0,0,436.0584411621094,555.945972442627,20.65449752807617,436.0584411621094,completed
900.80515,10,57.472838,1.0,True,10,0,0,444.3423490524292,686.0670757293701,12.145782852172852,444.3423490524292,completed
-270.981697,10,57.480238,1.0,True,10,0,0,636.7024784088135,909.4531021118164,47.67808990478515,636.7024784088135,completed
614.56334,10,57.487794,1.0,True,10,0,0,534.3783340454102,667.8390655517578,22.259334373474122,534.3783340454102,completed
754.234987,10,57.495163,1.0,True,10,0,0,488.2665604352951,668.5014550685883,17.872673797607423,488.2665604352951,completed
426.94027,10,57.502791,1.0,True,10,0,0,500.2577667236328,677.9122047424316,29.61008224487305,500.2577667236328,completed
971.123952,10,57.510676,1.0,True,10,0,0,491.84064197540283,545.8655681610107,13.665976905822754,491.84064197540283,completed
455.777414,10,57.518354,1.0,True,10,0,0,518.9843282699585,718.4225978851318,26.628356552124025,518.9843282699585,completed
400.079351,10,57.526445,1.0,True,10,0,0,479.1210150718689,628.2649717330933,36.81782855987549,479.1210150718689,completed
1069.239501,10,57.534101,1.0,True,10,0,0,392.96349811553955,436.45728492736816,17.743969345092772,392.96349811553955,completed
-128.135323,10,57.541709,1.0,True,10,0,0,663.439868927002,916.8650970458984,40.575989723205566,663.439868927002,completed
576.579513,10,57.549325,1.0,True,10,0,0,533.5251893997192,587.596715927124,28.59744930267334,533.5251893997192,completed
1212.245568,10,57.556777,1.0,True,10,0,0,429.0266304016113,491.58421516418457,8.979790878295898,429.0266304016113,completed
809.23018,10,57.564771,1.0,True,10,0,0,539.009251832962,671.2970070838928,13.446878051757812,539.009251832962,completed
1082.473519,10,57.572453,1.0,True,10,0,0,359.5620365142822,492.0633373260498,15.02597942352295,359.5620365142822,completed
477.792165,10,57.580051,1.0,True,10,0,0,554.741792678833,716.0852279663086,25.833450412750246,554.741792678833,completed
219.980459,10,57.634927,1.0,True,10,0,0,595.3201713562012,758.7500343322754,35.16012001037598,595.3201713562012,completed
1112.637239,10,57.644487,1.0,True,10,0,0,483.5681314468384,665.2530841827393,2.7721744537353517,483.5681314468384,completed
723.583385,10,57.652663,1.0,True,10,0,0,506.6640319824219,555.089168548584,23.841005516052245,506.6640319824219,completed
762.012788,10,57.66043,1.0,True,10,0,0,488.4510464668274,640.1065969467163,20.28996639251709,488.4510464668274,completed
672.926489,10,57.667671,1.0,True,10,0,0,457.1406717300415,601.1632375717163,25.32547731399536,457.1406717300415,completed
1030.275437,10,57.675174,1.0,True,10,0,0,402.5569758415222,508.2243809700012,15.457177925109864,402.5569758415222,completed
129.557882,10,57.682498,1.0,True,10,0,0,697.7917251586914,777.2110137939453,35.59174838066101,697.7917251586914,completed
500.089476,10,57.690244,1.0,True,10,0,0,460.14573669433594,591.6349945068359,33.15122938156128,460.14573669433594,completed
963.925427,10,57.698042,1.0,True,10,0,0,483.3246612548828,574.6030540466309,13.950820827484131,483.3246612548828,completed
526.799239,10,57.705666,1.0,True,10,0,0,532.3965921401978,713.1155223846436,24.216786575317382,532.3965921401978,completed
1013.833923,10,57.712969,1.0,True,10,0,0,389.06436347961426,521.3583335876465,14.711664581298828,389.06436347961426,completed
205.679657,10,57.720958,1.0,True,10,0,0,651.2465052604675,757.4178686141968,33.0206392288208,651.2465052604675,completed
775.74768,10,57.72886,1.0,True,10,0,0,456.85913467407227,548.4034996032715,23.094649505615234,456.85913467407227,completed
849.907605,10,57.736546,1.0,True,10,0,0,473.68545722961426,524.7906303405762,18.930571365356446,473.68545722961426,completed
570.55614,10,57.744362,1.0,True,10,0,0,396.33137369155884,603.4978075027466,32.13987236022949,396.33137369155884,completed
735.719835,10,57.751581,1.0,True,10,0,0,581.0197925567627,622.6004657745361,18.54038887023926,581.0197925567627,completed
1269.210012,10,57.759272,1.0,True,10,0,0,395.9514493942261,525.9685745239258,6.482684326171875,395.9514493942261,completed
232.883161,10,57.767461,1.0,True,10,0,0,565.9168529510498,704.427324295044,37.13483352661133,565.9168529510498,completed
954.390385,10,57.774911,1.0,True,10,0,0,386.5233106613159,608.8678216934204,15.447051239013671,386.5233106613159,completed
389.716738,10,57.782528,1.0,True,10,0,0,600.0389003753662,741.6210136413574,26.22384033203125,600.0389003753662,completed
-232.582087,10,57.790218,1.0,True,10,0,0,777.2917594909668,888.1477355957031,42.71222610473633,777.2917594909668,completed
513.938223,10,57.798043,1.0,True,10,0,0,506.92529487609863,704.2233791351318,24.86304416656494,506.92529487609863,completed
872.186435,10,57.805656,1.0,True,10,0,0,410.4125556945801,591.5785312652588,17.291482353210448,410.4125556945801,completed
564.592266,10,57.813394,1.0,True,10,0,0,547.0312042236328,833.4891242980957,15.267548751831054,547.0312042236328,completed
1405.925592,10,57.820997,1.0,True,10,0,0,332.9989776611328,370.78799057006836,6.320411586761475,332.9989776611328,completed
392.683111,10,57.828767,1.0,True,10,0,0,519.1997966766357,775.2661399841309,27.900212860107423,519.1997966766357,completed
-284.243092,10,57.836639,1.0,True,10,0,0,624.0483512878418,963.2954559326172,45.7594539642334,624.0483512878418,completed
1316.106447,10,57.844539,1.0,True,10,0,0,354.6234893798828,453.76795196533203,6.848735618591308,354.6234893798828,completed
-193.13389,10,57.852344,1.0,True,10,0,0,695.1912879943848,979.4614181518555,38.1805778503418,695.1912879943848,completed
1095.393046,10,57.860451,1.0,True,10,0,0,382.7117910385132,505.7850456237793,14.180816459655762,382.7117910385132,completed
1058.642972,10,57.868089,1.0,True,10,0,0,390.104510307312,530.0507831573486,14.461923027038575,390.104510307312,completed
497.886871,10,57.87578,1.0,True,10,0,0,462.633526802063,683.1334590911865,29.404310417175292,462.633526802063,completed
436.682896,10,57.883406,1.0,True,10,0,0,578.3494682312012,728.6967544555664,26.487049674987794,578.3494682312012,completed
873.591311,10,57.890878,1.0,True,10,0,0,400.05181789398193,544.5495128631592,21.368656730651857,400.05181789398193,completed
610.484094,10,57.898521,1.0,True,10,0,0,516.4029006958008,583.3942184448242,27.64702625274658,516.4029006958008,completed
499.244962,10,57.906165,1.0,True,10,0,0,446.027494430542,577.6482105255127,33.13627548217774,446.027494430542,completed
774.604554,10,57.913534,1.0,True,10,0,0,444.9750986099243,602.70188331604,21.771915769577028,444.9750986099243,completed
999.865954,10,57.921059,1.0,True,10,0,0,444.8915786743164,616.2348957061768,11.017035675048827,444.8915786743164,completed
610.864814,10,57.92866,1.0,True,10,0,0,630.271562576294,713.3635368347168,18.31361789703369,630.271562576294,completed
529.162297,10,57.936077,1.0,True,10,0,0,480.15365409851074,670.3083610534668,29.270315647125244,480.15365409851074,completed
813.688817,10,57.943942,1.0,True,10,0,0,497.56231021881104,606.4680728912354,16.782945823669433,497.56231021881104,completed
413.058845,10,57.951475,1.0,True,10,0,0,667.5360794067383,804.875919342041,20.802799797058107,667.5360794067383,completed
548.686055,10,57.959543,1.0,True,10,0,0,491.5983909666538,671.7899063229561,27.869300651550294,491.5983909666538,completed
-15.394694,10,57.968951,1.0,True,10,0,0,575.9623260498047,859.3085060119629,41.97889709472656,575.9623260498047,completed
148.145148,10,57.976721,1.0,True,10,0,0,554.4525375366211,930.2509956359863,33.04536170959473,554.4525375366211,completed
623.693339,10,57.98522,1.0,True,10,0,0,619.8934631347656,718.870777130127,16.430636405944824,619.8934631347656,completed
1139.030193,10,57.993475,1.0,True,10,0,0,330.22540187835693,496.74085235595703,12.820981407165528,330.22540187835693,completed
1327.215523,10,58.001497,1.0,True,10,0,0,351.41027069091797,369.5370292663574,9.772379112243652,351.41027069091797,completed
545.117494,10,58.008672,1.0,True,10,0,0,543.6783790588379,732.7440872192383,23.13284912109375,543.6783790588379,completed
168.819056,10,58.016296,1.0,True,10,0,0,462.58302068710327,715.8676748275757,45.30883445739746,462.58302068710327,completed
491.960617,10,58.023762,1.0,True,10,0,0,515.6067848205566,704.5206413269043,24.435130310058593,515.6067848205566,completed
291.906618,10,58.030993,1.0,True,10,0,0,627.0195293426514,929.4453048706055,22.47459144592285,627.0195293426514,completed
838.628343,10,58.038624,1.0,True,10,0,0,416.8809185028076,597.1481838226318,18.46900520324707,416.8809185028076,completed
511.317263,10,58.046199,1.0,True,10,0,0,524.7734470367432,701.0448112487793,25.88346881866455,524.7734470367432,completed
474.485829,10,58.053505,1.0,True,10,0,0,642.1523189544678,732.4447021484375,23.72668037414551,642.1523189544678,completed
606.193261,10,58.061209,1.0,True,10,0,0,487.3040008544922,584.0221710205078,26.19999749660492,487.3040008544922,completed
1305.385555,10,58.068626,1.0,True,10,0,0,333.564190864563,417.88275718688965,8.74024486541748,333.564190864563,completed
715.615075,10,58.07618,1.0,True,10,0,0,490.6484546661377,595.7253913879395,22.484896087646483,490.6484546661377,completed
734.267283,10,58.083729,1.0,True,10,0,0,529.0375671386719,735.5990562438965,13.957560729980468,529.0375671386719,completed
-57.628489,10,58.091146,1.0,True,10,0,0,526.410888671875,747.3385963439941,49.23547496795654,526.410888671875,completed
794.75059,10,58.09844,1.0,True,10,0,0,509.425434589386,593.3149189949036,19.34738693237305,509.425434589386,completed
625.212239,10,58.106216,1.0,True,10,0,0,455.479700088501,641.3455219268799,25.550993347167967,455.479700088501,completed
-285.631887,10,58.113795,1.0,True,10,0,0,560.3087215423584,1002.5395126342773,46.832659530639646,560.3087215423584,completed
-70.638771,10,58.121429,1.0,True,10,0,0,590.3209638595581,769.5523586273193,47.99692993164062,590.3209638595581,completed
-568.374556,10,58.129341,1.0,True,10,0,0,759.5615921020508,1034.2771606445312,53.24663619995117,759.5615921020508,completed
538.687909,10,58.137152,1.0,True,10,0,0,519.8529291152954,621.5284900665283,29.03594970703125,519.8529291152954,completed
731.73929,10,58.144805,1.0,True,10,0,0,346.7492551803589,508.8382740020752,30.774452781677248,346.7492551803589,completed
195.33829,10,58.152522,1.0,True,10,0,0,520.4945316314697,728.966404914856,42.77509727478027,520.4945316314697,completed
197.142006,10,58.159946,1.0,True,10,0,0,557.9925727844238,729.0322914123535,37.80634651184082,557.9925727844238,completed
813.055671,10,58.167668,1.0,True,10,0,0,501.38790464401245,618.0111055374146,17.314968490600585,501.38790464401245,completed
363.238567,10,58.175405,1.0,True,10,0,0,603.8930587768555,671.6811294555664,32.52881774902344,603.8930587768555,completed
1046.323284,10,58.182635,1.0,True,10,0,0,454.8056335449219,526.1253852844238,12.102770614624024,454.8056335449219,completed
834.468971,10,58.190273,1.0,True,10,0,0,431.4134302139282,520.0957164764404,21.228884124755858,431.4134302139282,completed
734.135766,10,58.19834,1.0,True,10,0,0,475.4234619140625,599.3475170135498,21.816394424438478,475.4234619140625,completed
-1111.530489,10,58.205963,1.0,True,10,0,0,733.9871635437012,1092.0614967346191,74.24352722167968,733.9871635437012,completed
878.612032,10,58.213375,1.0,True,10,0,0,433.9218695163727,538.3839859962463,19.190623092651368,433.9218695163727,completed
372.829057,10,58.220583,1.0,True,10,0,0,558.4830513000488,640.8308792114258,33.85835723876953,558.4830513000488,completed
617.522226,10,58.228269,1.0,True,10,0,0,575.132495880127,669.4143981933594,20.802121925354005,575.132495880127,completed
1112.00419,10,58.23554,1.0,True,10,0,0,423.7744765281677,463.96434688568115,14.418517112731934,423.7744765281677,completed
530.831531,10,58.24311,1.0,True,10,0,0,480.1580047607422,768.6998443603516,23.775191879272462,480.1580047607422,completed
241.488796,10,58.250961,1.0,True,10,0,0,503.436824798584,894.5143585205078,30.624165725708007,503.436824798584,completed
1111.160389,10,58.258718,1.0,True,10,0,0,425.93843173980713,458.9906601905823,13.419341278076171,425.93843173980713,completed
177.702932,10,58.26605,1.0,True,10,0,0,508.32091331481934,813.0532531738281,35.647297096252444,508.32091331481934,completed
334.72594,10,58.273516,1.0,True,10,0,0,483.32672691345215,663.4081420898438,38.0264533996582,483.32672691345215,completed
716.105613,10,58.280918,1.0,True,10,0,0,425.58132147789,694.3226218223572,20.239535522460937,425.58132147789,completed
195.43164,10,58.288524,1.0,True,10,0,0,661.2669410705566,792.0504188537598,31.32763671875,661.2669410705566,completed
396.336111,10,58.296027,1.0,True,10,0,0,491.6868305206299,773.7349739074707,28.62716598510742,491.6868305206299,completed
683.592408,10,58.303418,1.0,True,10,0,0,535.2700939178467,662.3174209594727,20.334818649291993,535.2700939178467,completed
242.12392,10,58.310759,1.0,True,10,0,0,474.67213249206543,831.2663345336914,34.93399162292481,474.67213249206543,completed
430.673538,10,58.318231,1.0,True,10,0,0,390.5861129760742,605.3689403533936,36.70344800949097,390.5861129760742,completed
430.690647,10,58.326057,1.0,True,10,0,0,552.6803369522095,674.4986324310303,29.287632751464844,552.6803369522095,completed
1161.279698,10,58.333858,1.0,True,10,0,0,428.4658031463623,540.3762645721436,10.111346435546874,428.4658031463623,completed
-26.202052,10,58.341568,1.0,True,10,0,0,550.146800994873,842.5255966186523,40.466790771484376,550.146800994873,completed
754.977392,10,58.348989,1.0,True,10,0,0,490.9959297180176,626.2927398681641,18.82515182495117,490.9959297180176,completed
706.023064,10,58.356418,1.0,True,10,0,0,534.9256267547607,653.0715103149414,18.482144927978517,534.9256267547607,completed
408.646144,10,58.364192,1.0,True,10,0,0,426.61593770980835,699.024610042572,34.07286109924316,426.61593770980835,completed
591.231242,10,59.541106,1.0,True,10,0,0,565.8874454498291,738.6128482818604,19.838107872009278,565.8874454498291,completed
277.047651,10,59.549485,1.0,True,10,0,0,607.1299571990967,790.5533504486084,30.203284454345702,607.1299571990967,completed
912.770923,10,59.558118,1.0,True,10,0,0,382.902250289917,562.1242961883545,18.957550048828125,382.902250289917,completed
-212.075183,10,59.566731,1.0,True,10,0,0,583.8411293029785,902.2672386169434,46.71382713317871,583.8411293029785,completed
621.256096,10,59.574971,1.0,True,10,0,0,490.90049743652344,615.923267364502,24.83440055847168,490.90049743652344,completed
415.108131,10,59.5833,1.0,True,10,0,0,561.5207691192627,774.6742172241211,24.291888427734374,561.5207691192627,completed
1243.560854,10,59.591569,1.0,True,10,0,0,388.4576196670532,469.0007915496826,7.373185157775879,388.4576196670532,completed
788.922618,10,59.599752,1.0,True,10,0,0,538.9669833183289,600.6690444946289,18.348062133789064,538.9669833183289,completed
663.987792,10,59.608229,1.0,True,10,0,0,496.3807621002197,631.7895202636719,22.910763931274413,496.3807621002197,completed
-134.569504,10,59.616865,1.0,True,10,0,0,669.1295356750488,856.985523223877,44.020385360717775,669.1295356750488,completed
558.492049,10,59.625236,1.0,True,10,0,0,568.9054982662201,695.0257525444031,20.03181619644165,568.9054982662201,completed
477.948553,10,59.633292,1.0,True,10,0,0,586.4244141578674,681.7744016647339,26.762247848510743,586.4244141578674,completed
886.278663,10,59.641658,1.0,True,10,0,0,514.1457767486572,597.4418983459473,14.40238914489746,514.1457767486572,completed
30.986139,10,59.649867,1.0,True,10,0,0,601.9188976287842,811.3750324249268,41.51749935150146,601.9188976287842,completed
-38.749342,10,59.658855,1.0,True,10,0,0,589.6076469421387,823.0236167907715,42.23293876647949,589.6076469421387,completed
551.877877,10,59.668208,1.0,True,10,0,0,497.9904432296753,680.456992149353,24.54125828742981,497.9904432296753,completed
96.689819,10,59.677003,1.0,True,10,0,0,573.215410232544,809.7238826751709,37.93423318862915,573.215410232544,completed
300.425703,10,59.685603,1.0,True,10,0,0,582.7417678833008,774.1683807373047,30.66720085144043,582.7417678833008,completed
1154.817506,10,59.693609,1.0,True,10,0,0,397.33631467819214,422.54283237457275,12.849179458618163,397.33631467819214,completed
-86.07246,10,59.701769,1.0,True,10,0,0,654.154712677002,880.3328170776367,39.51067667007446,654.154712677002,completed
895.118304,10,59.710477,1.0,True,10,0,0,450.3421459197998,585.197811126709,15.297940826416015,450.3421459197998,completed
1230.736905,10,59.718813,1.0,True,10,0,0,300.5405373573303,432.0808048248291,13.932494354248046,300.5405373573303,completed
383.112712,10,59.727205,1.0,True,10,0,0,399.0019268989563,612.6091446876526,37.18080363273621,399.0019268989563,completed
785.300342,10,59.735509,1.0,True,10,0,0,515.2810859680176,542.1518745422363,19.95819721221924,515.2810859680176,completed
269.935101,10,59.74431,1.0,True,10,0,0,608.1791334152222,870.2915554046631,27.391835403442382,608.1791334152222,completed
539.903546,10,59.752455,1.0,True,10,0,0,615.4793381690979,630.8730783462524,26.842423248291016,615.4793381690979,completed
950.136686,10,59.760815,1.0,True,10,0,0,427.19805812835693,528.084002494812,18.88260383605957,427.19805812835693,completed
232.611282,10,59.768814,1.0,True,10,0,0,642.9082298278809,867.1996307373047,25.886209297180176,642.9082298278809,completed
579.968975,10,59.776877,1.0,True,10,0,0,502.41079807281494,777.4618501663208,20.168825531005858,502.41079807281494,completed
1352.795179,10,59.78528,1.0,True,10,0,0,365.62003803253174,486.4909954071045,4.134635162353516,365.62003803253174,completed
-183.591783,10,59.793465,1.0,True,10,0,0,588.6939764022827,871.3297138214111,46.8456356048584,588.6939764022827,completed
624.223702,10,59.801418,1.0,True,10,0,0,534.2643232345581,624.1535911560059,22.932437705993653,534.2643232345581,completed
111.534027,10,59.809345,1.0,True,10,0,0,574.4886131286621,732.2079887390137,41.41720085144043,574.4886131286621,completed
448.242517,10,59.817285,1.0,True,10,0,0,478.0061454772949,701.6581993103027,30.406488800048827,478.0061454772949,completed
987.542332,10,59.825599,1.0,True,10,0,0,488.8142337799072,592.8490371704102,10.351759338378907,488.8142337799072,completed
857.12229,10,59.833891,1.0,True,10,0,0,440.306370139122,594.6614158153534,18.228316521644594,440.306370139122,completed
-271.88215,10,59.842284,1.0,True,10,0,0,751.3717212677002,935.3521842956543,40.35858573913574,751.3717212677002,completed
838.601761,10,59.85077,1.0,True,10,0,0,516.5671920776367,632.7767181396484,17.270176696777344,516.5671920776367,completed
826.574818,10,59.859465,1.0,True,10,0,0,439.4937903881073,527.8194262981415,22.206376934051512,439.4937903881073,completed
836.584102,10,59.86772,1.0,True,10,0,0,467.53557205200195,597.6893692016602,17.021812438964844,467.53557205200195,completed
406.519163,10,59.875945,1.0,True,10,0,0,541.430118560791,776.8750534057617,23.95301036834717,541.430118560791,completed
130.316036,10,59.884593,1.0,True,10,0,0,483.8689498901367,749.5408172607422,42.243384742736815,483.8689498901367,completed
1096.342691,10,59.892797,1.0,True,10,0,0,348.8048801422119,579.1957702636719,12.36295166015625,348.8048801422119,completed
286.693295,10,59.901308,1.0,True,10,0,0,499.69902420043945,708.7133102416992,37.445132446289065,499.69902420043945,completed
602.411759,10,59.909283,1.0,True,10,0,0,482.6826639175415,630.8640384674072,25.201410007476806,482.6826639175415,completed
376.758928,10,59.917566,1.0,True,10,0,0,599.6620864868164,790.987735748291,24.167865562438966,599.6620864868164,completed
324.867568,10,59.925924,1.0,True,10,0,0,551.0252065658569,740.1518535614014,33.51751346588135,551.0252065658569,completed
138.385078,10,59.934846,1.0,True,10,0,0,499.0021438598633,785.8797225952148,39.38729705810547,499.0021438598633,completed
365.086505,10,59.943402,1.0,True,10,0,0,567.1690311431885,677.9265079498291,33.19464588165283,567.1690311431885,completed
888.247302,10,59.952774,1.0,True,10,0,0,402.1531066894531,593.6532764434814,20.372111511230468,402.1531066894531,completed
214.141286,10,59.961978,1.0,True,10,0,0,614.7977223396301,787.5733995437622,33.2824670791626,614.7977223396301,completed
615.090895,10,59.970177,1.0,True,10,0,0,490.35418701171875,608.7746276855469,26.80222511291504,490.35418701171875,completed
544.972503,10,59.978326,1.0,True,10,0,0,549.8452224731445,716.8497066497803,22.579284286499025,549.8452224731445,completed
172.802745,10,59.986552,1.0,True,10,0,0,681.3871402740479,793.1580867767334,33.04455375671387,681.3871402740479,completed
352.827966,10,59.994749,1.0,True,10,0,0,576.136251449585,848.4782543182373,22.90821018218994,576.136251449585,completed
1029.120418,10,60.002945,1.0,True,10,0,0,474.62862968444824,625.6383743286133,9.395009613037109,474.62862968444824,completed
638.742473,10,60.011423,1.0,True,10,0,0,353.3908815383911,528.7155590057373,32.881794166564944,353.3908815383911,completed
-279.587672,10,60.019479,1.0,True,10,0,0,689.568190574646,900.9973974227905,45.7374810218811,689.568190574646,completed
88.461621,10,60.027601,1.0,True,10,0,0,608.4100723266602,850.462085723877,36.299202060699464,608.4100723266602,completed
408.927139,10,60.035613,1.0,True,10,0,0,510.42855644226074,694.5231075286865,33.04201545715332,510.42855644226074,completed
673.575607,10,60.043997,1.0,True,10,0,0,494.52471017837524,551.203595161438,26.91928062438965,494.52471017837524,completed
621.658456,10,60.052171,1.0,True,10,0,0,503.3566617965698,691.0560245513916,21.55829601287842,503.3566617965698,completed
732.729319,10,60.059985,1.0,True,10,0,0,549.6003952026367,659.2484550476074,17.6168571472168,549.6003952026367,completed
178.875846,10,60.068068,1.0,True,10,0,0,611.6635398864746,858.2209434509277,30.004149627685546,611.6635398864746,completed
507.962073,10,60.076751,1.0,True,10,0,0,461.44789695739746,637.8308238983154,31.42776412963867,461.44789695739746,completed
537.696099,10,60.08513,1.0,True,10,0,0,520.1262092590332,730.7430820465088,23.070539283752442,520.1262092590332,completed
724.99493,10,60.093266,1.0,True,10,0,0,436.4768452644348,600.6987047195435,22.11751937866211,436.4768452644348,completed
802.144151,10,60.101066,1.0,True,10,0,0,456.03552436828613,744.2215232849121,12.279542922973633,456.03552436828613,completed
378.708193,10,60.109397,1.0,True,10,0,0,659.3819255828857,850.0258159637451,21.53171272277832,659.3819255828857,completed
514.355468,10,60.117274,1.0,True,10,0,0,557.6018028259277,662.8168106079102,28.099247932434082,557.6018028259277,completed
333.3349,10,60.125588,1.0,True,10,0,0,593.9003086090088,703.8925399780273,32.55215606689453,593.9003086090088,completed
595.849489,10,60.133732,1.0,True,10,0,0,455.10082244873047,853.9377021789551,17.83792724609375,455.10082244873047,completed
481.571138,10,60.14201,1.0,True,10,0,0,549.3688077926636,681.1425838470459,26.477536773681642,549.3688077926636,completed
685.891509,10,60.149856,1.0,True,10,0,0,456.083114862442,562.7902188301086,26.81946907043457,456.083114862442,completed
216.433678,10,60.157957,1.0,True,10,0,0,678.2082328796387,894.6766052246094,26.62485580444336,678.2082328796387,completed
297.571796,10,60.165881,1.0,True,10,0,0,594.277313709259,667.3157110214233,36.340726661682126,594.277313709259,completed
1052.123268,10,60.173922,1.0,True,10,0,0,351.8529806137085,530.2552013397217,14.674211120605468,351.8529806137085,completed
685.881734,10,60.182341,1.0,True,10,0,0,520.2114200592041,775.6227359771729,13.190320205688476,520.2114200592041,completed
318.973128,10,60.190448,1.0,True,10,0,0,530.0862064361572,701.7370719909668,32.80321846008301,530.0862064361572,completed
477.778242,10,60.198936,1.0,True,10,0,0,463.94041442871094,611.4090042114258,34.31538023948669,463.94041442871094,completed
1028.826328,10,60.207075,1.0,True,10,0,0,365.41377449035645,442.79350662231445,20.24262752532959,365.41377449035645,completed
364.33179,10,60.215415,1.0,True,10,0,0,590.9073028564453,774.7226676940918,24.696444702148437,590.9073028564453,completed
905.27776,10,60.223587,1.0,True,10,0,0,370.47454261779785,536.6136512756348,19.858124923706054,370.47454261779785,completed
1047.647623,10,60.231864,1.0,True,10,0,0,448.03670501708984,500.12217140197754,13.669798278808594,448.03670501708984,completed
1059.991991,10,60.239801,1.0,True,10,0,0,398.6663866043091,456.693811416626,15.672249221801758,398.6663866043091,completed
855.304605,10,60.247961,1.0,True,10,0,0,442.2525234222412,566.6255683898926,19.80278778076172,442.2525234222412,completed
-95.805351,10,60.255571,1.0,True,10,0,0,693.0633163452148,871.2054405212402,41.832068824768065,693.0633163452148,completed
-123.927038,10,60.263892,1.0,True,10,0,0,601.7029905319214,932.853777885437,42.58830442428589,601.7029905319214,completed
495.649076,10,60.271808,1.0,True,10,0,0,510.1589603424072,686.8238773345947,27.887464141845705,510.1589603424072,completed
524.643712,10,60.279854,1.0,True,10,0,0,602.3288111686707,647.9309725761414,25.81174659729004,602.3288111686707,completed
335.058443,10,60.288213,1.0,True,10,0,0,572.51025390625,709.4062347412109,31.554427337646484,572.51025390625,completed
602.284255,10,60.296908,1.0,True,10,0,0,450.28816986083984,581.5409889221191,27.642387771606444,450.28816986083984,completed
-10.711764,10,60.305684,1.0,True,10,0,0,604.0526924133301,846.9106369018555,40.333922386169434,604.0526924133301,completed
456.879014,10,60.314048,1.0,True,10,0,0,536.8352794647217,764.5666198730469,25.99982681274414,536.8352794647217,completed
115.362737,10,60.322729,1.0,True,10,0,0,670.197416305542,907.2675666809082,29.976224517822267,670.197416305542,completed
335.108109,10,60.33066,1.0,True,10,0,0,616.5087881088257,673.9027614593506,32.18467903137207,616.5087881088257,completed
265.36622,10,60.338897,1.0,True,10,0,0,529.1014347076416,741.5467948913574,35.82357225418091,529.1014347076416,completed
617.444198,10,60.347336,1.0,True,10,0,0,616.2917289733887,728.1823272705078,17.58901023864746,616.2917289733887,completed
1077.909628,10,60.355265,1.0,True,10,0,0,410.2002143859863,465.0999221801758,15.218016433715821,410.2002143859863,completed
-373.164711,10,60.363387,1.0,True,10,0,0,745.8163967132568,878.3176555633545,51.22627258300781,745.8163967132568,completed
799.455702,10,60.371561,1.0,True,10,0,0,415.88489151000977,568.4788551330566,22.034331130981446,415.88489151000977,completed
70.572488,10,60.379786,1.0,True,10,0,0,626.021318435669,802.246919631958,36.81715545654297,626.021318435669,completed
885.350606,10,60.38776,1.0,True,10,0,0,488.90500354766846,685.2255573272705,10.37791395187378,488.90500354766846,completed
1062.296737,10,60.396236,1.0,True,10,0,0,389.3149175643921,550.5328521728516,11.926408767700195,389.3149175643921,completed
879.244883,10,60.404025,1.0,True,10,0,0,449.75318908691406,591.4161071777344,17.01727428436279,449.75318908691406,completed
1090.988546,10,60.411982,1.0,True,10,0,0,415.0117197036743,530.739520072937,12.059547519683838,415.0117197036743,completed
1114.816237,10,60.420427,1.0,True,10,0,0,356.7877333164215,443.48894357681274,17.413664245605467,356.7877333164215,completed
405.193556,10,60.428711,1.0,True,10,0,0,564.8514013290405,713.7674503326416,29.28757038116455,564.8514013290405,completed
903.325546,10,60.436568,1.0,True,10,0,0,441.04163360595703,566.1892471313477,16.212065124511717,441.04163360595703,completed
170.469819,10,60.444742,1.0,True,10,0,0,655.910888671875,728.6192092895508,37.47512588500977,655.910888671875,completed
476.510336,10,60.452722,1.0,True,10,0,0,497.5520715713501,797.4211483001709,23.139757919311524,497.5520715713501,completed
1162.823871,10,60.46137,1.0,True,10,0,0,458.34670400619507,572.8939619064331,7.349237442016602,458.34670400619507,completed
529.010953,10,60.46968,1.0,True,10,0,0,401.51581287384033,623.9419002532959,32.937173461914064,401.51581287384033,completed
630.718624,10,60.477856,1.0,True,10,0,0,447.1771631240845,664.624116897583,24.244427490234376,447.1771631240845,completed
518.021064,10,60.48613,1.0,True,10,0,0,500.2183094024658,661.4332618713379,29.713568115234374,500.2183094024658,completed
664.105665,10,60.494495,1.0,True,10,0,0,551.5596179962158,679.4847240447998,21.12626838684082,551.5596179962158,completed
148.703474,10,60.50257,1.0,True,10,0,0,545.7734136581421,853.8390560150146,33.73047580718994,545.7734136581421,completed
1774.578172,10,60.510704,1.0,True,10,0,0,254.4561767578125,284.3164749145508,0.0,254.4561767578125,completed
858.145451,10,60.519099,1.0,True,10,0,0,369.4322462081909,563.1261749267578,20.787820434570314,369.4322462081909,completed
916.034972,10,60.527594,1.0,True,10,0,0,454.30964756011963,587.2827816009521,15.268408966064452,454.30964756011963,completed
1001.533681,10,60.535884,1.0,True,10,0,0,470.9833273887634,636.5254545211792,9.034916114807128,470.9833273887634,completed
-229.893836,10,60.543726,1.0,True,10,0,0,573.3470115661621,895.2456398010254,49.55577125549316,573.3470115661621,completed
459.479453,10,60.551814,1.0,True,10,0,0,646.7682304382324,677.2987422943115,26.121549606323242,646.7682304382324,completed
951.159732,10,60.560123,1.0,True,10,0,0,360.1282467842102,577.2696499824524,18.13833522796631,360.1282467842102,completed
452.120463,10,60.568237,1.0,True,10,0,0,409.38330268859863,617.1081733703613,35.67152824401855,409.38330268859863,completed
831.69885,10,60.57615,1.0,True,10,0,0,461.8988037109375,603.0348434448242,17.141176986694337,461.8988037109375,completed
582.129761,10,60.584291,1.0,True,10,0,0,480.2422218322754,631.1352252960205,30.02380790710449,480.2422218322754,completed
420.288099,10,60.592423,1.0,True,10,0,0,545.5046339035034,688.2625494003296,33.01601581573486,545.5046339035034,completed
77.983085,10,60.600954,1.0,True,10,0,0,675.6141452789307,865.9356708526611,33.955959510803225,675.6141452789307,completed
276.923383,10,60.609356,1.0,True,10,0,0,536.9069128036499,778.8376989364624,31.710550022125243,536.9069128036499,completed
349.291609,10,60.6176,1.0,True,10,0,0,639.7764549255371,771.0565357208252,29.18401641845703,639.7764549255371,completed
571.438879,10,60.625321,1.0,True,10,0,0,539.3409214019775,663.1412887573242,27.02505750656128,539.3409214019775,completed
527.845159,10,60.633475,1.0,True,10,0,0,554.1617431640625,716.1387424468994,24.595258903503417,554.1617431640625,completed
1221.056855,10,60.641776,1.0,True,10,0,0,386.4176712036133,386.4176712036133,11.851655197143554,386.4176712036133,completed
-706.703802,10,60.649751,1.0,True,10,0,0,633.7908878326416,957.0688228607178,68.18267822265625,633.7908878326416,completed
334.809036,10,60.657999,1.0,True,10,0,0,665.2388534545898,741.7143859863281,28.258091354370116,665.2388534545898,completed
459.114548,10,60.666071,1.0,True,10,0,0,440.73333835601807,726.8531131744385,30.845351219177246,440.73333835601807,completed
453.516896,10,60.674665,1.0,True,10,0,0,508.3738765716553,758.492244720459,26.10586543083191,508.3738765716553,completed
764.039322,10,60.682715,1.0,True,10,0,0,447.8879723548889,600.4682335853577,19.835641860961914,447.8879723548889,completed
956.722005,10,60.691032,1.0,True,10,0,0,465.1290760040283,665.8459358215332,9.8385009765625,465.1290760040283,completed
958.211645,10,60.69904,1.0,True,10,0,0,449.802209854126,675.9864883422852,8.4160945892334,449.802209854126,completed
640.725527,10,60.706843,1.0,True,10,0,0,517.133716583252,779.5808506011963,16.572765350341797,517.133716583252,completed
926.074583,10,60.715178,1.0,True,10,0,0,436.84339237213135,520.7798385620117,17.698077964782716,436.84339237213135,completed
663.241048,10,60.723261,1.0,True,10,0,0,497.1249723434448,718.9181156158447,21.883702087402344,497.1249723434448,completed
381.889252,10,60.73174,1.0,True,10,0,0,462.7176308631897,729.7959604263306,30.13523063659668,462.7176308631897,completed
-93.907701,10,60.739878,1.0,True,10,0,0,667.0400829315186,876.6016082763672,40.97109413146973,667.0400829315186,completed
752.691526,10,60.747854,1.0,True,10,0,0,519.9468975067139,682.9893455505371,16.202602767944335,519.9468975067139,completed
1089.417476,10,60.755968,1.0,True,10,0,0,423.6322479248047,475.44593811035156,13.67063217163086,423.6322479248047,completed
-397.450841,10,60.764237,1.0,True,10,0,0,628.6704940795898,997.1104583740234,49.421352005004884,628.6704940795898,completed
-58.778215,10,60.772238,1.0,True,10,0,0,715.8174710273743,865.4372453689575,38.36533813476562,715.8174710273743,completed
769.85104,10,60.78023,1.0,True,10,0,0,382.443323135376,582.5741519927979,26.24256992340088,382.443323135376,completed
324.749604,10,60.788602,1.0,True,10,0,0,515.1838302612305,766.2457542419434,30.663488388061523,515.1838302612305,completed
819.332607,10,60.796502,1.0,True,10,0,0,502.64520931243896,622.6026973724365,15.460865020751953,502.64520931243896,completed
741.13311,10,60.804825,1.0,True,10,0,0,444.092472076416,606.9327259063721,21.989270401000976,444.092472076416,completed
593.27852,10,60.812663,1.0,True,10,0,0,448.5745301246643,640.0298128128052,28.67719841003418,448.5745301246643,completed
1300.564352,10,60.820812,1.0,True,10,0,0,339.52221298217773,406.7095947265625,10.667088317871094,339.52221298217773,completed
1068.271763,10,60.828553,1.0,True,10,0,0,462.2632350921631,482.5887641906738,13.176132774353027,462.2632350921631,completed
626.770768,10,60.836837,1.0,True,10,0,0,527.3944244384766,622.1278877258301,25.622595024108886,527.3944244384766,completed
862.488188,10,60.84491,1.0,True,10,0,0,452.04452896118164,516.7220230102539,21.89454345703125,452.04452896118164,completed
1345.514279,10,60.853174,1.0,True,10,0,0,324.0394401550293,440.6324348449707,7.018318939208984,324.0394401550293,completed
373.525352,10,60.861836,1.0,True,10,0,0,658.2173690795898,732.062629699707,27.06376667022705,658.2173690795898,completed
185.227763,10,60.870023,1.0,True,10,0,0,513.9372882843018,699.1361446380615,40.118005228042605,513.9372882843018,completed
624.628142,10,60.878079,1.0,True,10,0,0,488.04131507873535,583.5782413482666,26.53055019378662,488.04131507873535,completed
317.575318,10,60.886817,1.0,True,10,0,0,600.2594413757324,734.8036651611328,30.199249267578125,600.2594413757324,completed
482.048323,10,60.895003,1.0,True,10,0,0,549.2126560211182,663.7511405944824,28.66489143371582,549.2126560211182,completed
451.1924,10,60.90343,1.0,True,10,0,0,404.64505195617676,564.3159828186035,38.76364936828613,404.64505195617676,completed
350.673412,10,60.911597,1.0,True,10,0,0,595.2698783874512,781.6084594726562,27.36976776123047,595.2698783874512,completed
963.233175,10,60.919401,1.0,True,10,0,0,353.64238691329956,523.8859305381775,18.165343475341796,353.64238691329956,completed
189.810041,10,60.927363,1.0,True,10,0,0,544.0866532325745,741.2857460975647,37.916182327270505,544.0866532325745,completed
830.577245,10,60.935118,1.0,True,10,0,0,559.5976161956787,559.5976161956787,16.65534038543701,559.5976161956787,completed
514.372984,10,60.943702,1.0,True,10,0,0,490.91357803344727,677.045295715332,29.31645221710205,490.91357803344727,completed
812.882642,10,60.952221,1.0,True,10,0,0,468.02252769470215,726.4063682556152,12.362841796875,468.02252769470215,completed
1033.52265,10,60.959652,1.0,True,10,0,0,451.2251453399658,545.0153064727783,11.811271286010742,451.2251453399658,completed
616.223677,10,60.968021,1.0,True,10,0,0,406.1212582588196,638.7816820144653,27.622185897827148,406.1212582588196,completed
904.181269,10,60.976475,1.0,True,10,0,0,470.67812633514404,644.4246196746826,12.227238655090332,470.67812633514404,completed
691.349777,10,60.984776,1.0,True,10,0,0,477.42316246032715,572.591402053833,25.36728916168213,477.42316246032715,completed
1156.155805,10,60.992848,1.0,True,10,0,0,449.8606777191162,585.294487953186,7.255192565917969,449.8606777191162,completed
858.30501,10,61.001296,1.0,True,10,0,0,546.9892253875732,682.718822479248,11.375537490844726,546.9892253875732,completed
387.925951,10,61.009334,1.0,True,10,0,0,628.6951293945312,822.3389358520508,23.514207077026366,628.6951293945312,completed
370.564354,10,61.017522,1.0,True,10,0,0,552.690637588501,765.7948837280273,28.5223445892334,552.690637588501,completed
-532.304825,10,61.025967,1.0,True,10,0,0,675.0774803161621,996.9355964660645,56.03145904541016,675.0774803161621,completed
1172.559988,10,61.033897,1.0,True,10,0,0,420.2326011657715,519.9582691192627,8.417317771911621,420.2326011657715,completed
-739.43959,10,61.04225,1.0,True,10,0,0,736.7211494445801,996.5868186950684,63.30806999206543,736.7211494445801,completed
408.574022,10,61.050446,1.0,True,10,0,0,561.6983432769775,745.829610824585,27.449720001220705,561.6983432769775,completed
318.904483,10,61.058767,1.0,True,10,0,0,477.3624458312988,699.9384956359863,36.98728523254395,477.3624458312988,completed
968.562191,10,61.067243,1.0,True,10,0,0,421.99135971069336,471.1539878845215,18.748680305480956,421.99135971069336,completed
1061.536561,10,61.075168,1.0,True,10,0,0,371.1737470626831,490.76048851013184,17.04613265991211,371.1737470626831,completed
229.55258,10,61.083452,1.0,True,10,0,0,696.6973342895508,765.8655471801758,29.998845863342286,696.6973342895508,completed
506.611065,10,61.09157,1.0,True,10,0,0,536.9316005706787,693.6457290649414,26.160983657836915,536.9316005706787,completed
12.987611,10,61.099858,1.0,True,10,0,0,675.4746646881104,869.681266784668,33.25390982627869,675.4746646881104,completed
226.557653,10,61.107834,1.0,True,10,0,0,569.6063976287842,804.8571739196777,33.06678085327148,569.6063976287842,completed
800.769077,10,61.116155,1.0,True,10,0,0,383.41026163101196,590.3418049812317,21.740439033508302,383.41026163101196,completed
936.375851,10,61.124455,1.0,True,10,0,0,430.97956466674805,489.9535789489746,21.55437364578247,430.97956466674805,completed
-577.477682,10,61.132716,1.0,True,10,0,0,548.6022262573242,901.4186630249023,67.33779087066651,548.6022262573242,completed
392.098116,10,61.140963,1.0,True,10,0,0,592.9534912109375,809.2569713592529,25.097356033325195,592.9534912109375,completed
854.712559,10,61.149049,1.0,True,10,0,0,401.1828308105469,530.624340057373,23.044548416137694,401.1828308105469,completed
847.982563,10,61.156976,1.0,True,10,0,0,475.2347164154053,678.5830039978027,13.02176513671875,475.2347164154053,completed
1064.031264,10,61.16454,1.0,True,10,0,0,401.12364387512207,598.5079002380371,11.34679298400879,401.12364387512207,completed
540.481028,10,61.172491,1.0,True,10,0,0,498.7231845855713,693.8761901855469,25.60106258392334,498.7231845855713,completed
740.343009,10,61.180385,1.0,True,10,0,0,526.0053005218506,671.3987998962402,16.025756549835204,526.0053005218506,completed
953.975585,10,61.18877,1.0,True,10,0,0,446.4593229293823,622.3664426803589,14.177286720275879,446.4593229293823,completed
567.715748,10,61.196927,1.0,True,10,0,0,547.6577672958374,728.2184972763062,18.382462215423583,547.6577672958374,completed
531.799666,10,61.205224,1.0,True,10,0,0,528.2472405433655,670.7836694717407,25.169497680664062,528.2472405433655,completed
802.183754,10,61.213364,1.0,True,10,0,0,413.65509033203125,616.9166355133057,18.05074462890625,413.65509033203125,completed
278.701657,10,62.352694,1.0,True,10,0,0,604.2178745269775,819.5401992797852,28.61366996765137,604.2178745269775,completed
730.891154,10,62.361144,1.0,True,10,0,0,566.6193466186523,592.2142276763916,19.635079383850098,566.6193466186523,completed
321.994484,10,62.368775,1.0,True,10,0,0,521.927318572998,720.697135925293,35.60411376953125,521.927318572998,completed
-135.973339,10,62.376314,1.0,True,10,0,0,654.6822681427002,845.5725440979004,45.151708984375,654.6822681427002,completed
418.64231,10,62.38407,1.0,True,10,0,0,525.5322895050049,725.989429473877,29.122497177124025,525.5322895050049,completed
407.510531,10,62.391159,1.0,True,10,0,0,590.108829498291,784.7537956237793,23.259749794006346,590.108829498291,completed
1158.240717,10,62.399664,1.0,True,10,0,0,475.04741191864014,510.3489627838135,8.017348861694336,475.04741191864014,completed
603.572359,10,62.407154,1.0,True,10,0,0,498.89964294433594,797.9203338623047,17.9687744140625,498.89964294433594,completed
-120.476804,10,62.414693,1.0,True,10,0,0,539.6386394500732,761.9838256835938,52.42557058334351,539.6386394500732,completed
1189.524933,10,62.421862,1.0,True,10,0,0,493.1893775463104,509.31555438041687,8.465716552734374,493.1893775463104,completed
671.526384,10,62.429497,1.0,True,10,0,0,454.5908012390137,701.3364028930664,19.96245460510254,454.5908012390137,completed
327.249029,10,62.436705,1.0,True,10,0,0,547.8141708374023,753.3286209106445,31.52004928588867,547.8141708374023,completed
370.119003,10,62.444171,1.0,True,10,0,0,617.316198348999,731.5942440032959,27.236880493164062,617.316198348999,completed
292.882904,10,62.452275,1.0,True,10,0,0,551.0214996337891,783.3768463134766,30.239483261108397,551.0214996337891,completed
1104.76406,10,62.459668,1.0,True,10,0,0,372.75079822540283,497.18182373046875,11.984272766113282,372.75079822540283,completed
1104.929291,10,62.466832,1.0,True,10,0,0,385.3535861968994,574.6091728210449,9.839423370361327,385.3535861968994,completed
764.192422,10,62.473939,1.0,True,10,0,0,482.0340747833252,599.8677635192871,21.33662967681885,482.0340747833252,completed
-128.219284,10,62.481032,1.0,True,10,0,0,734.1597557067871,889.8860969543457,38.69243621826172,734.1597557067871,completed
966.191235,10,62.48823,1.0,True,10,0,0,455.25022888183594,589.7473220825195,13.846828651428222,455.25022888183594,completed
194.22752,10,62.495366,1.0,True,10,0,0,698.3019752502441,748.7364845275879,33.909058117866515,698.3019752502441,completed
237.691936,10,62.502518,1.0,True,10,0,0,539.8676128387451,709.8412590026855,34.878105545043944,539.8676128387451,completed
116.383619,10,62.50961,1.0,True,10,0,0,584.0415225028992,924.0188512802124,31.588536548614503,584.0415225028992,completed
1206.148045,10,62.516712,1.0,True,10,0,0,371.6878614425659,394.0482931137085,13.8693058013916,371.6878614425659,completed
405.953992,10,62.523765,1.0,True,10,0,0,579.5160961151123,730.9275169372559,29.11580410003662,579.5160961151123,completed
80.820308,10,62.530907,1.0,True,10,0,0,585.0474243164062,756.4591979980469,40.05230598449707,585.0474243164062,completed
1166.776321,10,62.53807,1.0,True,10,0,0,497.7582368850708,576.9864406585693,4.494182586669922,497.7582368850708,completed
781.841963,10,62.545175,1.0,True,10,0,0,560.0059070587158,607.2144432067871,17.710930252075194,560.0059070587158,completed
833.358583,10,62.552333,1.0,True,10,0,0,329.146635055542,496.56502532958984,24.39659538269043,329.146635055542,completed
272.973132,10,62.559462,1.0,True,10,0,0,514.129280090332,699.3724327087402,36.961981201171874,514.129280090332,completed
-83.060125,10,62.566551,1.0,True,10,0,0,688.4241523742676,882.0788116455078,40.73594703674316,688.4241523742676,completed
638.289115,10,62.57362,1.0,True,10,0,0,562.3212985992432,562.3212985992432,27.288233852386476,562.3212985992432,completed
1089.728849,10,62.580702,1.0,True,10,0,0,388.1699848175049,499.23202896118164,13.410696411132813,388.1699848175049,completed
512.931655,10,62.587849,1.0,True,10,0,0,640.5148220062256,671.0453338623047,22.73047924041748,640.5148220062256,completed
168.533297,10,62.594854,1.0,True,10,0,0,667.5428886413574,968.1605796813965,24.04821662902832,667.5428886413574,completed
339.171481,10,62.601987,1.0,True,10,0,0,500.6282720565796,668.4223442077637,37.00934886932373,500.6282720565796,completed
374.792187,10,62.60908,1.0,True,10,0,0,569.1448621749878,712.8475656509399,30.729428672790526,569.1448621749878,completed
787.068801,10,62.616193,1.0,True,10,0,0,541.5845069885254,704.3771457672119,12.658281707763672,541.5845069885254,completed
678.634536,10,62.623334,1.0,True,10,0,0,579.8811178207397,694.1250085830688,18.74496421813965,579.8811178207397,completed
586.950139,10,62.630418,1.0,True,10,0,0,493.1954221725464,724.5269718170166,21.75764694213867,493.1954221725464,completed
314.823557,10,62.63752,1.0,True,10,0,0,558.658073425293,789.7098617553711,28.565037536621094,558.658073425293,completed
-242.780529,10,62.64463,1.0,True,10,0,0,659.3926734924316,825.9621772766113,50.17932648658753,659.3926734924316,completed
720.082763,10,62.651729,1.0,True,10,0,0,406.0721654891968,620.57200050354,24.682236862182616,406.0721654891968,completed
159.017149,10,62.658812,1.0,True,10,0,0,611.8284873962402,732.2016983032227,36.67319450378418,611.8284873962402,completed
720.406217,10,62.665873,1.0,True,10,0,0,562.72092628479,594.433349609375,20.154227113723756,562.72092628479,completed
399.129945,10,62.672991,1.0,True,10,0,0,550.0048866271973,778.6569671630859,25.21722297668457,550.0048866271973,completed
430.236544,10,62.680071,1.0,True,10,0,0,528.7752990722656,703.1828765869141,29.699855613708497,528.7752990722656,completed
1182.696071,10,62.687182,1.0,True,10,0,0,474.9284381866455,508.9580669403076,8.124649620056152,474.9284381866455,completed
321.108085,10,62.694283,1.0,True,10,0,0,539.395881652832,642.4535293579102,35.67777519226074,539.395881652832,completed
738.968213,10,62.701256,1.0,True,10,0,0,506.27928161621094,663.9761428833008,17.09452304840088,506.27928161621094,completed
-246.814866,10,62.708295,1.0,True,10,0,0,746.3137588500977,949.9838809967041,42.20221710205078,746.3137588500977,completed
351.285745,10,62.715402,1.0,True,10,0,0,566.0165615081787,639.7126750946045,36.02101879119873,566.0165615081787,completed
-111.632459,10,62.722531,1.0,True,10,0,0,673.3843612670898,969.327522277832,37.8170783996582,673.3843612670898,completed
1254.951162,10,62.729592,1.0,True,10,0,0,458.1835994720459,496.57997703552246,5.695035171508789,458.1835994720459,completed
1320.438846,10,62.736706,1.0,True,10,0,0,353.019611120224,438.5350184440613,7.518043327331543,353.019611120224,completed
561.730486,10,62.743766,1.0,True,10,0,0,579.4248404502869,629.5824408531189,25.653696250915527,579.4248404502869,completed
547.796574,10,62.751247,1.0,True,10,0,0,548.3765258789062,676.8460998535156,24.68234004974365,548.3765258789062,completed
1188.421406,10,62.758354,1.0,True,10,0,0,349.7381649017334,477.45119285583496,12.076969146728516,349.7381649017334,completed
-174.545069,10,62.765452,1.0,True,10,0,0,717.1726303100586,843.7916870117188,46.55353174209595,717.1726303100586,completed
926.637759,10,62.772615,1.0,True,10,0,0,408.3616762161255,557.8584651947021,16.485046195983887,408.3616762161255,completed
300.389798,10,62.779661,1.0,True,10,0,0,591.5250186920166,749.9433555603027,31.73787498474121,591.5250186920166,completed
662.253869,10,62.786717,1.0,True,10,0,0,495.3918023109436,548.2954568862915,26.369302368164064,495.3918023109436,completed
1153.373228,10,62.794552,1.0,True,10,0,0,463.63941383361816,637.1697731018066,4.12781867980957,463.63941383361816,completed
606.339426,10,62.802326,1.0,True,10,0,0,522.1685104370117,686.519214630127,23.259416580200195,522.1685104370117,completed
284.7317,10,62.810485,1.0,True,10,0,0,715.6224727630615,738.2160720825195,28.19285683631897,715.6224727630615,completed
46.85555,10,62.817591,1.0,True,10,0,0,616.4107804298401,877.5748653411865,36.648281478881835,616.4107804298401,completed
777.680534,10,62.824659,1.0,True,10,0,0,571.3340854644775,657.0749893188477,13.58682632446289,571.3340854644775,completed
-486.84003,10,62.831713,1.0,True,10,0,0,701.1945514678955,938.7863159179688,54.9229175567627,701.1945514678955,completed
959.428217,10,62.838765,1.0,True,10,0,0,429.4298095703125,615.3319816589355,13.552435874938965,429.4298095703125,completed
535.702104,10,62.845823,1.0,True,10,0,0,473.41869735717773,828.759464263916,17.930563354492186,473.41869735717773,completed
453.943858,10,62.852935,1.0,True,10,0,0,477.5027103424072,678.8605461120605,30.140395736694337,477.5027103424072,completed
-504.180876,10,62.860043,1.0,True,10,0,0,716.5973434448242,942.0118408203125,53.900472259521486,716.5973434448242,completed
668.648354,10,62.867203,1.0,True,10,0,0,488.24603748321533,584.6151294708252,23.01636905670166,488.24603748321533,completed
1042.760508,10,62.874355,1.0,True,10,0,0,385.03889083862305,651.6637916564941,8.71929931640625,385.03889083862305,completed
319.568729,10,62.881488,1.0,True,10,0,0,550.7942428588867,809.004035949707,28.752514266967772,550.7942428588867,completed
1081.355787,10,62.88851,1.0,True,10,0,0,485.0880756378174,558.2992877960205,10.173107528686524,485.0880756378174,completed
810.441982,10,62.895642,1.0,True,10,0,0,475.0537166595459,675.1089744567871,15.095295810699463,475.0537166595459,completed
941.823173,10,62.902843,1.0,True,10,0,0,470.6970286369324,478.10072803497314,19.492390441894532,470.6970286369324,completed
192.811828,10,62.909945,1.0,True,10,0,0,564.2062492370605,738.9208126068115,34.79257640838623,564.2062492370605,completed
899.937736,10,62.917118,1.0,True,10,0,0,419.09115505218506,634.5518493652344,17.030026817321776,419.09115505218506,completed
735.08153,10,62.92425,1.0,True,10,0,0,419.84069299697876,636.9331521987915,22.619379329681397,419.84069299697876,completed
610.906197,10,62.931235,1.0,True,10,0,0,548.3057041168213,700.4915466308594,20.228483963012696,548.3057041168213,completed
326.066262,10,62.938324,1.0,True,10,0,0,519.8435916900635,797.0351715087891,30.014444732666014,519.8435916900635,completed
836.268538,10,62.945323,1.0,True,10,0,0,497.58378982543945,522.4418334960938,19.0247585773468,497.58378982543945,completed
632.262699,10,62.952432,1.0,True,10,0,0,489.3375358581543,628.9675750732422,24.863522338867188,489.3375358581543,completed
-421.824435,10,62.9595,1.0,True,10,0,0,691.6266746520996,874.8207473754883,55.47728042602539,691.6266746520996,completed
119.414235,10,62.966669,1.0,True,10,0,0,592.6915397644043,824.3428115844727,36.65968742370605,592.6915397644043,completed
177.937161,10,62.973834,1.0,True,10,0,0,611.9178504943848,823.3265724182129,31.962644958496092,611.9178504943848,completed
404.540823,10,62.980868,1.0,True,10,0,0,585.2131614685059,673.5113983154297,32.17343711853027,585.2131614685059,completed
508.598278,10,62.988011,1.0,True,10,0,0,555.1180620193481,692.7691841125488,25.5642391204834,555.1180620193481,completed
784.577553,10,62.995116,1.0,True,10,0,0,430.2736015319824,618.4387798309326,22.098781394958497,430.2736015319824,completed
651.073121,10,63.002201,1.0,True,10,0,0,492.01978397369385,615.089937210083,28.355803871154784,492.01978397369385,completed
1123.812754,10,63.009298,1.0,True,10,0,0,436.3701629638672,475.3571434020996,11.573614501953125,436.3701629638672,completed
402.512367,10,63.016386,1.0,True,10,0,0,611.2622318267822,790.5482139587402,23.806362915039063,611.2622318267822,completed
449.951497,10,63.023517,1.0,True,10,0,0,497.00447273254395,663.7968215942383,31.833465766906738,497.00447273254395,completed
822.986928,10,63.030639,1.0,True,10,0,0,472.1169948577881,614.2207412719727,17.905002975463866,472.1169948577881,completed
997.413273,10,63.037811,1.0,True,10,0,0,390.9758949279785,555.1563606262207,16.11645965576172,390.9758949279785,completed
503.913825,10,63.04492,1.0,True,10,0,0,598.0989418029785,731.7906913757324,21.112852478027342,598.0989418029785,completed
1325.051481,10,63.052013,1.0,True,10,0,0,396.89666175842285,484.91607093811035,5.92014217376709,396.89666175842285,completed
1179.462446,10,63.059089,1.0,True,10,0,0,381.63880145549774,482.41082739830017,12.545118165016174,381.63880145549774,completed
693.468935,10,63.066128,1.0,True,10,0,0,524.057258605957,556.9280548095703,24.723792457580565,524.057258605957,completed
1360.597227,10,63.073259,1.0,True,10,0,0,363.5148525238037,383.2724800109863,6.984706687927246,363.5148525238037,completed
804.303608,10,63.080402,1.0,True,10,0,0,397.76241874694824,606.7391624450684,21.4812931060791,397.76241874694824,completed
769.417879,10,63.08754,1.0,True,10,0,0,507.2797107696533,626.3033638000488,20.114029693603516,507.2797107696533,completed
1054.023278,10,63.094603,1.0,True,10,0,0,393.78846549987793,477.3469772338867,16.23109836578369,393.78846549987793,completed
476.426921,10,63.101626,1.0,True,10,0,0,518.6587152481079,706.9361915588379,28.737401962280273,518.6587152481079,completed
499.118241,10,63.108715,1.0,True,10,0,0,542.069540977478,712.6377353668213,25.33692626953125,542.069540977478,completed
751.346906,10,63.115776,1.0,True,10,0,0,498.96782875061035,572.7538166046143,22.96215991973877,498.96782875061035,completed
1015.199466,10,63.122916,1.0,True,10,0,0,365.74657249450684,479.8246192932129,20.127275466918945,365.74657249450684,completed
-171.639111,10,63.130026,1.0,True,10,0,0,714.6181163787842,898.8589973449707,40.956167221069336,714.6181163787842,completed
1172.653959,10,63.137124,1.0,True,10,0,0,293.2751245498657,396.4854221343994,16.51235008239746,293.2751245498657,completed
935.753312,10,63.144153,1.0,True,10,0,0,450.0731830596924,670.179615020752,9.850260066986085,450.0731830596924,completed
364.476108,10,63.151198,1.0,True,10,0,0,581.4864196777344,698.8290462493896,31.646004486083985,581.4864196777344,completed
-235.031809,10,63.15839,1.0,True,10,0,0,773.7822666168213,1100.4303512573242,35.014453125,773.7822666168213,completed
894.221426,10,63.165504,1.0,True,10,0,0,407.2311887741089,599.7645530700684,17.084942626953126,407.2311887741089,completed
1042.208763,10,63.172639,1.0,True,10,0,0,366.53812980651855,477.4197082519531,18.885334014892578,366.53812980651855,completed
850.901638,10,63.179757,1.0,True,10,0,0,403.8224895000458,598.0062918663025,19.449897384643556,403.8224895000458,completed
920.284951,10,63.186796,1.0,True,10,0,0,512.3426504135132,644.4601497650146,10.170164680480957,512.3426504135132,completed
567.821012,10,63.193884,1.0,True,10,0,0,497.14830017089844,712.5675239562988,23.2532865524292,497.14830017089844,completed
67.310808,10,63.201075,1.0,True,10,0,0,519.526994228363,854.7227835655212,39.78889665603638,519.526994228363,completed
333.670462,10,63.208153,1.0,True,10,0,0,628.7765655517578,752.4098968505859,28.8206356048584,628.7765655517578,completed
526.64027,10,63.215187,1.0,True,10,0,0,603.538158416748,664.995532989502,23.487087440490722,603.538158416748,completed
-37.637953,10,63.222285,1.0,True,10,0,0,652.3903522491455,850.4191436767578,40.03713417053223,652.3903522491455,completed
683.473042,10,63.229887,1.0,True,10,0,0,481.9698963165283,658.9141044616699,22.12697525024414,481.9698963165283,completed
1115.973094,10,63.236887,1.0,True,10,0,0,466.1819362640381,604.8435516357422,5.199491882324219,466.1819362640381,completed
573.119794,10,63.24405,1.0,True,10,0,0,515.2712478637695,724.2162017822266,21.80398178100586,515.2712478637695,completed
836.694379,10,63.251071,1.0,True,10,0,0,430.67850494384766,579.6208229064941,20.365780639648438,430.67850494384766,completed
283.871899,10,63.258231,1.0,True,10,0,0,498.4954490661621,733.5536270141602,35.0060920715332,498.4954490661621,completed
957.066451,10,63.265253,1.0,True,10,0,0,432.4850273132324,497.1963768005371,18.8263258934021,432.4850273132324,completed
239.635127,10,63.272347,1.0,True,10,0,0,590.5928936004639,799.5572910308838,32.07480583190918,590.5928936004639,completed
284.837313,10,63.279414,1.0,True,10,0,0,642.3357105255127,667.8422889709473,33.00673713684082,642.3357105255127,completed
590.81297,10,63.286513,1.0,True,10,0,0,472.16276359558105,630.5635223388672,27.36347484588623,472.16276359558105,completed
540.183786,10,63.293629,1.0,True,10,0,0,565.4041442871094,610.8166236877441,26.933772087097168,565.4041442871094,completed
749.290124,10,63.300736,1.0,True,10,0,0,402.93892669677734,513.3264560699463,25.464370918273925,402.93892669677734,completed
907.918184,10,63.307846,1.0,True,10,0,0,431.5308475494385,546.1131076812744,18.621944427490234,431.5308475494385,completed
267.282053,10,63.314872,1.0,True,10,0,0,686.8765096664429,825.1492519378662,27.64639320373535,686.8765096664429,completed
1086.294512,10,63.32193,1.0,True,10,0,0,425.91768646240234,495.91361236572266,12.6324951171875,425.91768646240234,completed
353.792364,10,63.329032,1.0,True,10,0,0,469.5611228942871,684.6022548675537,35.07042407989502,469.5611228942871,completed
-591.515577,10,63.336153,1.0,True,10,0,0,824.6781387329102,1055.7249374389648,48.77056312561035,824.6781387329102,completed
212.016565,10,63.34319,1.0,True,10,0,0,588.2420425415039,871.3922271728516,32.075337982177736,588.2420425415039,completed
527.331785,10,63.350329,1.0,True,10,0,0,474.28645610809326,691.23854637146,27.136697006225585,474.28645610809326,completed
714.885857,10,63.357355,1.0,True,10,0,0,461.95088958740234,577.2123565673828,24.400500869750978,461.95088958740234,completed
163.757294,10,63.364421,1.0,True,10,0,0,622.6406154632568,750.7466716766357,35.091849899291994,622.6406154632568,completed
485.327746,10,63.371558,1.0,True,10,0,0,523.2627296447754,838.8000774383545,19.651726531982423,523.2627296447754,completed
36.138298,10,63.378615,1.0,True,10,0,0,552.6245069503784,941.5488948822021,36.82916069030762,552.6245069503784,completed
554.514836,10,63.385687,1.0,True,10,0,0,479.3379898071289,762.0869102478027,22.979338455200196,479.3379898071289,completed
742.92276,10,63.392828,1.0,True,10,0,0,514.8659324645996,651.9696006774902,19.79955596923828,514.8659324645996,completed
1100.792426,10,63.399791,1.0,True,10,0,0,428.5627746582031,461.36559295654297,13.728387832641602,428.5627746582031,completed
761.675716,10,63.406905,1.0,True,10,0,0,571.885486125946,664.9337763786316,12.688291931152344,571.885486125946,completed
965.103671,10,63.413977,1.0,True,10,0,0,444.40221405029297,552.7680683135986,15.01050624847412,444.40221405029297,completed
660.312138,10,63.421065,1.0,True,10,0,0,484.1077079772949,610.0243148803711,23.409824562072753,484.1077079772949,completed
303.085729,10,63.428098,1.0,True,10,0,0,588.0802001953125,782.9833602905273,31.139222717285158,588.0802001953125,completed
1352.162545,10,63.435215,1.0,True,10,0,0,360.7818660736084,434.20226669311523,7.187292098999023,360.7818660736084,completed
-176.370118,10,63.442318,1.0,True,10,0,0,609.2524833679199,890.898681640625,47.29150390625,609.2524833679199,completed
1381.885875,10,63.449326,1.0,True,10,0,0,370.72457218170166,371.90557289123535,6.32916259765625,370.72457218170166,completed
319.674906,10,63.456395,1.0,True,10,0,0,546.6592655181885,712.9833393096924,32.90239305496216,546.6592655181885,completed
667.465405,10,63.463451,1.0,True,10,0,0,595.787675857544,611.9138526916504,22.097837567329407,595.787675857544,completed
927.678518,10,63.47062,1.0,True,10,0,0,498.13136291503906,559.2668113708496,13.662458610534667,498.13136291503906,completed
737.850812,10,63.477721,1.0,True,10,0,0,448.4670286178589,547.1285572052002,22.811377906799315,448.4670286178589,completed
917.42603,10,63.484858,1.0,True,10,0,0,303.5587468743324,476.84460175037384,23.295483016967772,303.5587468743324,completed
-414.652817,10,63.491935,1.0,True,10,0,0,815.010461807251,919.1389694213867,48.97968368530273,815.010461807251,completed
177.296314,10,63.499057,1.0,True,10,0,0,540.1623191833496,791.8451843261719,35.87882957458496,540.1623191833496,completed
788.061514,10,63.506134,1.0,True,10,0,0,505.57337951660156,531.5369682312012,20.695189666748046,505.57337951660156,completed
359.530665,10,63.513249,1.0,True,10,0,0,621.2195768356323,765.3491020202637,27.042678833007812,621.2195768356323,completed
389.718601,10,63.520288,1.0,True,10,0,0,601.089656829834,783.0256614685059,25.16496887207031,601.089656829834,completed
1027.461721,10,63.527354,1.0,True,10,0,0,461.45393562316895,616.7636260986328,9.111296463012696,461.45393562316895,completed
603.009065,10,63.534381,1.0,True,10,0,0,508.58894538879395,621.2149753570557,27.42505474090576,508.58894538879395,completed
970.806812,10,63.541487,1.0,True,10,0,0,350.20358085632324,580.5944709777832,17.27085609436035,350.20358085632324,completed
424.598155,10,63.548498,1.0,True,10,0,0,534.3671379089355,838.2829208374023,24.883517456054687,534.3671379089355,completed
708.710752,10,63.555597,1.0,True,10,0,0,362.87923789024353,577.406430721283,27.670731592178345,362.87923789024353,completed
1108.812605,10,63.562621,1.0,True,10,0,0,390.05664253234863,442.0884819030762,15.542803955078124,390.05664253234863,completed
7.344675,10,63.569744,1.0,True,10,0,0,547.7881031036377,820.5247802734375,43.820260238647464,547.7881031036377,completed
639.487822,10,63.576826,1.0,True,10,0,0,502.58725929260254,650.8074035644531,24.153583908081053,502.58725929260254,completed
1073.501355,10,63.58393,1.0,True,10,0,0,436.7250032424927,496.2167387008667,11.681261539459229,436.7250032424927,completed
407.355006,10,63.590976,1.0,True,10,0,0,523.5805892944336,746.8954200744629,26.09558391571045,523.5805892944336,completed
868.626179,10,63.598018,1.0,True,10,0,0,427.7842130661011,569.652904510498,19.404254913330078,427.7842130661011,completed
1024.186468,10,63.605134,1.0,True,10,0,0,442.3465061187744,636.3732395172119,7.519753265380859,442.3465061187744,completed
585.657882,10,63.612139,1.0,True,10,0,0,511.82405853271484,734.3503799438477,21.97311325073242,511.82405853271484,completed
300.374404,10,63.619288,1.0,True,10,0,0,602.4784464836121,712.7173681259155,33.457471179962155,602.4784464836121,completed
129.01655,10,63.626311,1.0,True,10,0,0,667.6578102111816,791.0486373901367,34.511763143539426,667.6578102111816,completed
509.687681,10,63.633319,1.0,True,10,0,0,522.5060257911682,617.3341851234436,30.637055015563966,522.5060257911682,completed
1174.104602,10,63.640362,1.0,True,10,0,0,421.360023021698,461.3316068649292,10.280730819702148,421.360023021698,completed
496.206808,10,63.647477,1.0,True,10,0,0,483.73876762390137,755.8765525817871,24.854286193847656,483.73876762390137,completed
720.920569,10,63.654574,1.0,True,10,0,0,469.45520782470703,671.9936676025391,19.910663604736328,469.45520782470703,completed
1037.92385,10,63.661644,1.0,True,10,0,0,379.6584663391113,484.3733558654785,17.07351894378662,379.6584663391113,completed
868.459373,10,63.66867,1.0,True,10,0,0,435.37010192871094,551.7806243896484,21.41799392700195,435.37010192871094,completed
-292.667042,10,63.675748,1.0,True,10,0,0,715.300121307373,917.7288055419922,45.94926414489746,715.300121307373,completed
340.833452,10,63.682828,1.0,True,10,0,0,579.698413848877,782.4907302856445,29.530384826660157,579.698413848877,completed
22.826656,10,63.689856,1.0,True,10,0,0,596.1159706115723,779.12841796875,42.623125076293945,596.1159706115723,completed
927.512096,10,63.696896,1.0,True,10,0,0,418.8394365310669,515.7448024749756,18.443247985839843,418.8394365310669,completed
964.159432,10,63.703969,1.0,True,10,0,0,462.87621784210205,545.9531326293945,14.878319549560548,462.87621784210205,completed
1073.735598,10,63.710972,1.0,True,10,0,0,436.6159248352051,581.1313743591309,9.502516746520996,436.6159248352051,completed
423.613828,10,63.718057,1.0,True,10,0,0,586.2662258148193,671.4903240203857,30.049353981018065,586.2662258148193,completed
838.395177,10,63.725165,1.0,True,10,0,0,484.1786117553711,657.3686771392822,14.399605560302735,484.1786117553711,completed
572.194857,10,63.732155,1.0,True,10,0,0,467.47428798675537,595.5295133590698,27.86190528869629,467.47428798675537,completed
825.681925,10,63.739233,1.0,True,10,0,0,461.455078125,600.3083572387695,17.605291748046874,461.455078125,completed
616.338696,10,63.746268,1.0,True,10,0,0,536.9074687957764,685.3432807922363,22.381960678100587,536.9074687957764,completed
790.128062,10,63.75329,1.0,True,10,0,0,408.5830898284912,517.0175933837891,24.30013656616211,408.5830898284912,completed
45.077713,10,63.76035,1.0,True,10,0,0,475.03567123413086,746.3044509887695,46.948299407958984,475.03567123413086,completed
660.933407,10,63.767435,1.0,True,10,0,0,528.5607948303223,657.4580879211426,19.436310958862304,528.5607948303223,completed
1121.858414,10,63.774458,1.0,True,10,0,0,440.4646625518799,497.0124568939209,12.857454299926758,440.4646625518799,completed
538.435176,10,63.781568,1.0,True,10,0,0,492.3110456466675,642.9719371795654,29.945453262329103,492.3110456466675,completed
1287.475527,10,63.788639,1.0,True,10,0,0,421.9986152648926,535.3912162780762,3.019748306274414,421.9986152648926,completed
649.230842,10,63.795767,1.0,True,10,0,0,534.1129312515259,630.6195621490479,22.580994033813475,534.1129312515259,completed
720.524036,10,63.802835,1.0,True,10,0,0,581.2935085296631,650.7126197814941,15.245798873901368,581.2935085296631,completed
701.639134,10,63.809817,1.0,True,10,0,0,417.2318344116211,525.6696929931641,27.989255142211913,417.2318344116211,completed
-752.597828,10,64.964034,1.0,True,10,0,0,814.2198886871338,1004.5845584869385,61.20114402770996,814.2198886871338,completed
600.819692,10,64.972117,1.0,True,10,0,0,577.935245513916,721.8638210296631,18.66844787597656,577.935245513916,completed
-148.351742,10,64.979701,1.0,True,10,0,0,644.3161430358887,838.6394138336182,47.712935066223146,644.3161430358887,completed
826.362558,10,64.987222,1.0,True,10,0,0,445.7644500732422,642.0744876861572,15.744841766357421,445.7644500732422,completed
700.273636,10,64.994812,1.0,True,10,0,0,439.60772132873535,660.0891876220703,21.243181228637695,439.60772132873535,completed
411.73524,10,65.002271,1.0,True,10,0,0,506.0831356048584,719.8335361480713,29.139899444580077,506.0831356048584,completed
802.548337,10,65.009575,1.0,True,10,0,0,541.883430480957,693.7686672210693,13.70880355834961,541.883430480957,completed
767.810629,10,65.017618,1.0,True,10,0,0,426.379451751709,604.1654949188232,21.338982772827148,426.379451751709,completed
-414.943071,10,65.025202,1.0,True,10,0,0,681.891487121582,1037.7239685058594,46.46559066772461,681.891487121582,completed
775.878275,10,65.032544,1.0,True,10,0,0,463.0978593826294,592.7360229492188,20.46266918182373,463.0978593826294,completed
-32.501638,10,65.040344,1.0,True,10,0,0,587.080807685852,884.950234413147,39.84039478302002,587.080807685852,completed
754.008366,10,65.047735,1.0,True,10,0,0,530.5445518493652,674.6342582702637,15.028360939025879,530.5445518493652,completed
469.042464,10,65.055126,1.0,True,10,0,0,569.3857536315918,720.4176712036133,25.593332290649414,569.3857536315918,completed
443.857131,10,65.062472,1.0,True,10,0,0,472.89316177368164,657.3675994873047,30.715130615234376,472.89316177368164,completed
-38.938359,10,65.069998,1.0,True,10,0,0,635.2167282104492,837.1460456848145,40.09738359451294,635.2167282104492,completed
807.604252,10,65.0776,1.0,True,10,0,0,569.0962352752686,569.0962352752686,18.246607398986818,569.0962352752686,completed
139.544402,10,65.085317,1.0,True,10,0,0,553.6278533935547,789.5079193115234,37.49100875854492,553.6278533935547,completed
195.952742,10,65.092902,1.0,True,10,0,0,615.1804847717285,738.4936408996582,35.629798126220706,615.1804847717285,completed
550.431644,10,65.10037,1.0,True,10,0,0,557.5874977111816,809.1529273986816,19.49738187789917,557.5874977111816,completed
488.325838,10,65.108056,1.0,True,10,0,0,566.2605714797974,697.271276473999,23.495970726013184,566.2605714797974,completed
632.467079,10,65.11564,1.0,True,10,0,0,555.4938468933105,697.8224658966064,19.081595039367677,555.4938468933105,completed
867.63866,10,65.123174,1.0,True,10,0,0,395.94298458099365,520.480188369751,21.863367080688477,395.94298458099365,completed
1310.419077,10,65.130727,1.0,True,10,0,0,340.5137462615967,340.5137462615967,12.535377693176269,340.5137462615967,completed
45.466636,10,65.138439,1.0,True,10,0,0,460.70268630981445,798.2741661071777,43.25050849914551,460.70268630981445,completed
846.916246,10,65.145743,1.0,True,10,0,0,447.3043031692505,495.48280143737793,22.7335045337677,447.3043031692505,completed
1222.988793,10,65.153124,1.0,True,10,0,0,361.5808296203613,447.4170093536377,11.645199966430663,361.5808296203613,completed
424.222794,10,65.160492,1.0,True,10,0,0,482.7653570175171,675.2082576751709,32.91944541931152,482.7653570175171,completed
929.753836,10,65.167876,1.0,True,10,0,0,500.82014656066895,635.0434303283691,10.560315132141113,500.82014656066895,completed
1071.658521,10,65.175224,1.0,True,10,0,0,407.66911029815674,551.8349456787109,10.836078643798828,407.66911029815674,completed
1044.115156,10,65.182648,1.0,True,10,0,0,434.84029388427734,633.9760246276855,8.130352020263672,434.84029388427734,completed
1127.923026,10,65.190012,1.0,True,10,0,0,471.3220019340515,477.4165964126587,10.206275844573975,471.3220019340515,completed
988.328176,10,65.197275,1.0,True,10,0,0,387.5010795593262,528.6183891296387,15.634547424316406,387.5010795593262,completed
271.632726,10,65.20466,1.0,True,10,0,0,450.6072721481323,674.5083446502686,41.55218658447266,450.6072721481323,completed
832.023351,10,65.212162,1.0,True,10,0,0,486.3007221221924,633.3179569244385,14.727323150634765,486.3007221221924,completed
660.958029,10,65.219506,1.0,True,10,0,0,466.0937452316284,604.3379440307617,25.480699253082275,466.0937452316284,completed
1077.55398,10,65.22682,1.0,True,10,0,0,353.5910587310791,524.9745063781738,16.140971374511718,353.5910587310791,completed
172.445425,10,65.234127,1.0,True,10,0,0,609.8452110290527,690.5012741088867,37.1048023223877,609.8452110290527,completed
400.212102,10,65.241355,1.0,True,10,0,0,620.0055246353149,785.0326528549194,23.96243324279785,620.0055246353149,completed
588.281461,10,65.248673,1.0,True,10,0,0,502.1315851211548,609.8126058578491,26.482286071777345,502.1315851211548,completed
-17.059523,10,65.255875,1.0,True,10,0,0,590.6729412078857,783.416259765625,43.29489364624023,590.6729412078857,completed
865.289946,10,65.263179,1.0,True,10,0,0,486.16033935546875,552.9538230895996,17.488232231140138,486.16033935546875,completed
-160.814144,10,65.270449,1.0,True,10,0,0,681.8880577087402,808.8809623718262,46.34561252593994,681.8880577087402,completed
725.163771,10,65.277741,1.0,True,10,0,0,527.3038291931152,693.9964828491211,15.502890014648438,527.3038291931152,completed
13.657057,10,65.285128,1.0,True,10,0,0,693.5881271362305,828.8122291564941,36.174830722808835,693.5881271362305,completed
747.105384,10,65.292515,1.0,True,10,0,0,587.1115112304688,712.6997871398926,12.832897186279297,587.1115112304688,completed
684.035343,10,65.299865,1.0,True,10,0,0,532.899968624115,621.2253866195679,22.643837547302248,532.899968624115,completed
25.420038,10,65.307192,1.0,True,10,0,0,580.1589908599854,824.967212677002,39.20103168487549,580.1589908599854,completed
826.710168,10,65.314619,1.0,True,10,0,0,465.5376501083374,662.6336345672607,16.50351219177246,465.5376501083374,completed
556.24738,10,65.32201,1.0,True,10,0,0,514.0297794342041,636.848747253418,28.74005651473999,514.0297794342041,completed
423.143924,10,65.329448,1.0,True,10,0,0,546.3105850219727,864.9665298461914,20.630327129364012,546.3105850219727,completed
438.408046,10,65.336884,1.0,True,10,0,0,578.6028079986572,769.3085289001465,24.159544372558592,578.6028079986572,completed
1167.015198,10,65.344474,1.0,True,10,0,0,423.17662239074707,579.472713470459,5.332942199707031,423.17662239074707,completed
135.217622,10,65.351863,1.0,True,10,0,0,658.246413230896,801.7429494857788,32.64586429595947,658.246413230896,completed
810.902605,10,65.359158,1.0,True,10,0,0,385.74610137939453,612.730598449707,21.182303810119627,385.74610137939453,completed
72.420447,10,65.366576,1.0,True,10,0,0,533.5554351806641,879.089672088623,36.52238264083862,533.5554351806641,completed
1408.011329,10,65.373895,1.0,True,10,0,0,360.9204683303833,409.5189628601074,5.7482765197753904,360.9204683303833,completed
678.065393,10,65.381164,1.0,True,10,0,0,433.2100238800049,583.712028503418,25.49626808166504,433.2100238800049,completed
447.21153,10,65.388763,1.0,True,10,0,0,659.0912761688232,852.476863861084,16.73045768737793,659.0912761688232,completed
403.359694,10,65.395958,1.0,True,10,0,0,563.55579662323,727.4458141326904,29.915821647644044,563.55579662323,completed
452.145076,10,65.403233,1.0,True,10,0,0,483.45504093170166,615.4745006561279,33.53799743652344,483.45504093170166,completed
436.684669,10,65.41049,1.0,True,10,0,0,528.5953159332275,747.7838478088379,26.929795455932616,528.5953159332275,completed
73.067738,10,65.417793,1.0,True,10,0,0,549.8872232437134,783.9476985931396,38.73287296295166,549.8872232437134,completed
-536.403271,10,65.425151,1.0,True,10,0,0,776.534948348999,1018.9018077850342,50.73451566696167,776.534948348999,completed
1293.95123,10,65.432463,1.0,True,10,0,0,335.3493723869324,402.1351981163025,11.374521446228027,335.3493723869324,completed
648.887315,10,65.43988,1.0,True,10,0,0,456.9927101135254,614.3475322723389,24.556738662719727,456.9927101135254,completed
498.88716,10,65.447336,1.0,True,10,0,0,648.2399578094482,648.2399578094482,28.205245590209962,648.2399578094482,completed
439.330631,10,65.454665,1.0,True,10,0,0,495.6904249191284,685.385498046875,31.21655330657959,495.6904249191284,completed
304.273138,10,65.462012,1.0,True,10,0,0,467.05652236938477,661.8463363647461,37.62309894561768,467.05652236938477,completed
661.213574,10,65.469395,1.0,True,10,0,0,476.42702198028564,698.6198902130127,19.97241668701172,476.42702198028564,completed
1136.411085,10,65.481132,1.0,True,10,0,0,422.47316217422485,471.7390089035034,12.809605407714844,422.47316217422485,completed
604.907135,10,65.488889,1.0,True,10,0,0,528.0427484512329,655.2825117111206,26.12282266616821,528.0427484512329,completed
1312.53384,10,65.496395,1.0,True,10,0,0,392.02016162872314,471.4116497039795,7.435062408447266,392.02016162872314,completed
504.56091,10,65.504523,1.0,True,10,0,0,636.00244140625,890.523796081543,14.963072490692138,636.00244140625,completed
659.650769,10,65.511898,1.0,True,10,0,0,477.1043395996094,559.4845123291016,27.682683181762695,477.1043395996094,completed
1308.498453,10,65.519121,1.0,True,10,0,0,338.1006689071655,443.81347846984863,9.522315979003906,338.1006689071655,completed
1028.160568,10,65.526477,1.0,True,10,0,0,420.0239133834839,558.5153074264526,12.272912311553956,420.0239133834839,completed
851.165076,10,65.533606,1.0,True,10,0,0,497.0075092315674,719.3120307922363,11.219359207153321,497.0075092315674,completed
-229.063934,10,65.540969,1.0,True,10,0,0,627.1155300140381,858.6239166259766,49.915415382385255,627.1155300140381,completed
354.005998,10,65.548199,1.0,True,10,0,0,561.0393142700195,752.0301322937012,32.35686340332031,561.0393142700195,completed
440.995642,10,65.555593,1.0,True,10,0,0,475.8924617767334,707.2410278320312,29.275187492370605,475.8924617767334,completed
780.447044,10,65.562965,1.0,True,10,0,0,521.1997752189636,667.972487449646,15.603167724609374,521.1997752189636,completed
755.37828,10,65.570286,1.0,True,10,0,0,562.8179111480713,712.6617813110352,13.150150680541993,562.8179111480713,completed
383.165277,10,65.577616,1.0,True,10,0,0,561.7840437889099,658.6480913162231,33.51256980895996,561.7840437889099,completed
563.190674,10,65.584872,1.0,True,10,0,0,510.220178604126,863.6812553405762,16.031391906738282,510.220178604126,completed
124.451501,10,65.59229,1.0,True,10,0,0,526.8329238891602,884.2906036376953,35.08645401000977,526.8329238891602,completed
707.452533,10,65.599553,1.0,True,10,0,0,503.79594802856445,617.1008415222168,21.32294864654541,503.79594802856445,completed
1052.871794,10,65.606894,1.0,True,10,0,0,481.2161102294922,578.1272468566895,9.372928428649903,481.2161102294922,completed
812.553505,10,65.614139,1.0,True,10,0,0,624.1098518371582,624.1098518371582,14.572987365722657,624.1098518371582,completed
676.347568,10,65.621438,1.0,True,10,0,0,499.8202428817749,703.4477424621582,20.748388481140136,499.8202428817749,completed
803.506159,10,65.628787,1.0,True,10,0,0,452.5615110397339,563.5851306915283,22.250664520263673,452.5615110397339,completed
1038.328739,10,65.636223,1.0,True,10,0,0,382.8243579864502,453.4230194091797,17.41056623458862,382.8243579864502,completed
956.327967,10,65.643725,1.0,True,10,0,0,463.0544776916504,552.3792877197266,14.911106491088868,463.0544776916504,completed
216.219741,10,65.651087,1.0,True,10,0,0,545.737551689148,693.0541934967041,37.94890575408935,545.737551689148,completed
148.430012,10,65.658876,1.0,True,10,0,0,605.6529579162598,939.9637031555176,30.960906982421875,605.6529579162598,completed
389.568476,10,65.666115,1.0,True,10,0,0,569.5348415374756,821.1848602294922,25.27036361694336,569.5348415374756,completed
-123.892777,10,65.673564,1.0,True,10,0,0,749.3438301086426,962.5157814025879,35.27595596313476,749.3438301086426,completed
286.103605,10,65.680963,1.0,True,10,0,0,698.2780380249023,738.8470001220703,28.609893608093262,698.2780380249023,completed
565.812415,10,65.688256,1.0,True,10,0,0,509.45623874664307,624.8779697418213,27.807403755187988,509.45623874664307,completed
670.240608,10,65.695564,1.0,True,10,0,0,453.10139560699463,602.3286666870117,25.516851043701173,453.10139560699463,completed
608.049363,10,65.702908,1.0,True,10,0,0,420.23065280914307,673.1552448272705,26.967073822021483,420.23065280914307,completed
367.214827,10,65.710265,1.0,True,10,0,0,545.949068069458,734.8980255126953,28.09139518737793,545.949068069458,completed
147.591452,10,65.717598,1.0,True,10,0,0,681.5782413482666,759.5950717926025,36.14535121917724,681.5782413482666,completed
483.6485,10,65.724822,1.0,True,10,0,0,476.0968198776245,619.9303951263428,33.18849868774414,476.0968198776245,completed
815.263207,10,65.732208,1.0,True,10,0,0,431.97723960876465,612.4838409423828,19.590911197662354,431.97723960876465,completed
66.89779,10,65.739638,1.0,True,10,0,0,525.4928522109985,775.5183238983154,41.48681712150574,525.4928522109985,completed
887.558961,10,65.746988,1.0,True,10,0,0,457.48930168151855,740.2605247497559,9.433044052124023,457.48930168151855,completed
562.628422,10,65.754429,1.0,True,10,0,0,552.3048801422119,626.3581943511963,25.349731826782225,552.3048801422119,completed
771.571455,10,65.761724,1.0,True,10,0,0,430.6511116027832,535.6135749816895,24.79314727783203,430.6511116027832,completed
397.663198,10,65.769195,1.0,True,10,0,0,524.7433414459229,702.7765293121338,28.971830749511717,524.7433414459229,completed
1027.660767,10,65.776476,1.0,True,10,0,0,411.488112449646,525.6169214248657,15.61338758468628,411.488112449646,completed
852.629982,10,65.783839,1.0,True,10,0,0,441.25274085998535,574.8509216308594,19.514118003845216,441.25274085998535,completed
819.219652,10,65.79114,1.0,True,10,0,0,507.7886562347412,649.7858982086182,16.317133331298827,507.7886562347412,completed
472.910816,10,65.798454,1.0,True,10,0,0,510.8092746734619,903.5406188964844,18.335446929931642,510.8092746734619,completed
1024.934637,10,65.805815,1.0,True,10,0,0,433.0282173156738,564.4543914794922,11.717430114746094,433.0282173156738,completed
1380.601845,10,65.813002,1.0,True,10,0,0,265.49396276474,347.9008893966675,10.870539951324464,265.49396276474,completed
641.601075,10,65.82033,1.0,True,10,0,0,522.3801116943359,584.207633972168,24.61712303161621,522.3801116943359,completed
892.426273,10,65.827658,1.0,True,10,0,0,373.36856174468994,503.9706115722656,23.459245872497558,373.36856174468994,completed
1171.082236,10,65.835022,1.0,True,10,0,0,304.89689922332764,428.4297409057617,16.985345458984376,304.89689922332764,completed
1038.978174,10,65.842302,1.0,True,10,0,0,388.2031307220459,458.5390625,15.685348916053773,388.2031307220459,completed
1418.884642,10,65.849581,1.0,True,10,0,0,324.2872247695923,447.3333435058594,2.973817253112793,324.2872247695923,completed
1167.791086,10,65.856924,1.0,True,10,0,0,404.065731048584,449.1737518310547,13.033917427062988,404.065731048584,completed
664.684431,10,65.864264,1.0,True,10,0,0,448.3384437561035,587.0774383544922,25.52636604309082,448.3384437561035,completed
434.076061,10,65.871573,1.0,True,10,0,0,607.8832159042358,691.4804401397705,29.028276252746583,607.8832159042358,completed
613.520308,10,65.878868,1.0,True,10,0,0,525.9575691223145,622.0228443145752,26.334001064300537,525.9575691223145,completed
626.984562,10,65.886172,1.0,True,10,0,0,409.3559379577637,598.0973854064941,29.224737548828124,409.3559379577637,completed
489.806765,10,65.893494,1.0,True,10,0,0,572.618803024292,961.1728019714355,13.716593551635743,572.618803024292,completed
520.954769,10,65.900733,1.0,True,10,0,0,444.46341609954834,691.5444002151489,29.58341703414917,444.46341609954834,completed
175.384206,10,65.908675,1.0,True,10,0,0,554.2503089904785,769.4855117797852,36.78157730102539,554.2503089904785,completed
910.90836,10,65.91653,1.0,True,10,0,0,369.1302537918091,517.3192081451416,23.178117942810058,369.1302537918091,completed
829.41497,10,65.924013,1.0,True,10,0,0,382.5924024581909,591.7340450286865,19.00610694885254,382.5924024581909,completed
1055.737592,10,65.931595,1.0,True,10,0,0,461.93674993515015,525.9801077842712,12.67611198425293,461.93674993515015,completed
1103.225325,10,65.939022,1.0,True,10,0,0,457.86452198028564,539.8658618927002,9.660175704956055,457.86452198028564,completed
404.560796,10,65.946319,1.0,True,10,0,0,563.8886909484863,719.4609680175781,27.784946250915528,563.8886909484863,completed
851.000375,10,65.95365,1.0,True,10,0,0,446.6792736053467,601.1131801605225,19.23837814331055,446.6792736053467,completed
-48.171786,10,65.96098,1.0,True,10,0,0,603.6259994506836,776.1404571533203,44.862084197998044,603.6259994506836,completed
336.950179,10,65.968281,1.0,True,10,0,0,591.5374984741211,1019.3748779296875,17.590747833251953,591.5374984741211,completed
1226.877114,10,65.975617,1.0,True,10,0,0,394.8496494293213,460.13329887390137,11.003323364257813,394.8496494293213,completed
487.10906,10,65.983621,1.0,True,10,0,0,433.7695837020874,604.1019039154053,35.15585479736328,433.7695837020874,completed
-221.906378,10,65.990955,1.0,True,10,0,0,644.6846332550049,845.1017322540283,48.52418460845947,644.6846332550049,completed
540.703811,10,65.998339,1.0,True,10,0,0,440.83303689956665,651.728196144104,27.144767570495606,440.83303689956665,completed
896.546882,10,66.005625,1.0,True,10,0,0,560.7605400085449,586.9293746948242,14.318724107742309,560.7605400085449,completed
1040.406206,10,66.012878,1.0,True,10,0,0,365.9358801841736,512.0574369430542,17.088454246520996,365.9358801841736,completed
1025.451997,10,66.020209,1.0,True,10,0,0,394.0147314071655,530.3899631500244,15.98551025390625,394.0147314071655,completed
54.95617,10,66.027559,1.0,True,10,0,0,537.0792503356934,915.6865692138672,36.52705268859863,537.0792503356934,completed
1012.13401,10,66.034914,1.0,True,10,0,0,380.0098514556885,564.2416820526123,12.709711456298828,380.0098514556885,completed
747.725422,10,66.042045,1.0,True,10,0,0,480.6681241989136,592.3842697143555,22.612550354003908,480.6681241989136,completed
893.305583,10,66.049346,1.0,True,10,0,0,503.2126159667969,561.3370456695557,17.614804840087892,503.2126159667969,completed
434.803797,10,66.05667,1.0,True,10,0,0,566.1965026855469,732.0313949584961,28.012188339233397,566.1965026855469,completed
732.295954,10,66.064012,1.0,True,10,0,0,453.1043405532837,548.1482830047607,22.893916511535643,453.1043405532837,completed
451.120394,10,66.071325,1.0,True,10,0,0,553.2427654266357,648.8412837982178,29.660426712036134,553.2427654266357,completed
439.806696,10,66.078613,1.0,True,10,0,0,545.1229991912842,818.4343910217285,22.392083740234376,545.1229991912842,completed
76.208382,10,66.085969,1.0,True,10,0,0,705.6048045158386,891.3878016471863,32.99510769844055,705.6048045158386,completed
420.514275,10,66.093277,1.0,True,10,0,0,603.6493091583252,827.1006469726562,22.374271392822266,603.6493091583252,completed
543.244258,10,66.100543,1.0,True,10,0,0,556.5052123069763,689.3641448020935,22.727602767944337,556.5052123069763,completed
538.497962,10,66.10777,1.0,True,10,0,0,540.6242847442627,686.0668277740479,24.872697830200195,540.6242847442627,completed
537.915814,10,66.114965,1.0,True,10,0,0,572.7219734191895,777.85302734375,20.140633583068848,572.7219734191895,completed
262.862447,10,66.122127,1.0,True,10,0,0,644.2348403930664,881.1035118103027,23.569139289855958,644.2348403930664,completed
214.364841,10,66.129507,1.0,True,10,0,0,635.7184219360352,920.4355659484863,25.336249160766602,635.7184219360352,completed
412.521496,10,66.137205,1.0,True,10,0,0,479.18201637268066,700.5830402374268,32.21639747619629,479.18201637268066,completed
246.222112,10,66.144561,1.0,True,10,0,0,635.8265321850777,787.6627918481827,31.042644882202147,635.8265321850777,completed
876.615629,10,66.15174,1.0,True,10,0,0,405.972993850708,542.8709716796875,21.132125282287596,405.972993850708,completed
790.154063,10,66.15897,1.0,True,10,0,0,454.09277725219727,601.6988830566406,19.526074981689455,454.09277725219727,completed
185.919816,10,66.166262,1.0,True,10,0,0,490.35387802124023,704.3220748901367,41.755678749084474,490.35387802124023,completed
402.467829,10,66.173823,1.0,True,10,0,0,572.1510620117188,814.4229011535645,23.668817138671876,572.1510620117188,completed
770.590581,10,66.181146,1.0,True,10,0,0,409.2605547904968,591.8046789169312,23.643396949768068,409.2605547904968,completed
570.591786,10,66.188365,1.0,True,10,0,0,542.730565071106,734.4850435256958,21.791816329956056,542.730565071106,completed
658.916838,10,66.195563,1.0,True,10,0,0,562.2805156707764,669.1072235107422,20.384845352172853,562.2805156707764,completed
-29.945187,10,66.202883,1.0,True,10,0,0,672.8247165679932,1002.0254020690918,33.20112075805664,672.8247165679932,completed
836.522788,10,66.210227,1.0,True,10,0,0,362.49792861938477,644.8008937835693,17.584873580932616,362.49792861938477,completed
377.579434,10,66.217461,1.0,True,10,0,0,562.7441234588623,649.5416431427002,33.0139142036438,562.7441234588623,completed
439.36045,10,66.224786,1.0,True,10,0,0,421.51656913757324,632.8055038452148,35.082177734375,421.51656913757324,completed
771.571195,10,66.232099,1.0,True,10,0,0,474.6222128868103,546.1196184158325,22.896194839477538,474.6222128868103,completed
1068.942411,10,66.239357,1.0,True,10,0,0,459.31057357788086,553.7274169921875,10.568554306030274,459.31057357788086,completed
643.725589,10,66.246668,1.0,True,10,0,0,519.4208679199219,592.3017826080322,25.404496479034425,519.4208679199219,completed
511.446505,10,66.25399,1.0,True,10,0,0,526.202582359314,721.3603925704956,25.966775703430176,526.202582359314,completed
1421.724919,10,66.261212,1.0,True,10,0,0,387.5880060195923,400.5287609100342,3.507032012939453,387.5880060195923,completed
635.496886,10,66.268414,1.0,True,10,0,0,492.1206398010254,620.8291015625,23.81593589782715,492.1206398010254,completed
463.354357,10,66.275691,1.0,True,10,0,0,513.9320983886719,674.6996231079102,30.055839920043944,513.9320983886719,completed
48.352344,10,66.28298,1.0,True,10,0,0,622.773250579834,760.9732246398926,40.2956579208374,622.773250579834,completed
1326.05027,10,66.290202,1.0,True,10,0,0,420.592453956604,473.2514820098877,4.550881385803223,420.592453956604,completed
-343.480083,10,66.297589,1.0,True,10,0,0,614.4474639892578,962.2262954711914,47.81813399791717,614.4474639892578,completed
516.368139,10,66.304887,1.0,True,10,0,0,555.6748447418213,747.1750202178955,20.91672158241272,555.6748447418213,completed
1071.244037,10,66.312119,1.0,True,10,0,0,365.93482971191406,489.2198600769043,13.052660942077637,365.93482971191406,completed
593.244543,10,66.319304,1.0,True,10,0,0,611.2303352355957,651.7992973327637,21.90190143585205,611.2303352355957,completed
1251.743873,10,66.326577,1.0,True,10,0,0,290.0637149810791,397.42945098876953,12.602275085449218,290.0637149810791,completed
-42.115113,10,66.333702,1.0,True,10,0,0,529.4556658267975,767.7177605628967,49.74760885238648,529.4556658267975,completed
759.716964,10,66.340997,1.0,True,10,0,0,503.44991970062256,602.5826320648193,18.26860942840576,503.44991970062256,completed
1142.347555,10,66.348154,1.0,True,10,0,0,462.34780859947205,478.0464732646942,10.969631958007813,462.34780859947205,completed
563.711614,10,66.355417,1.0,True,10,0,0,565.0389194488525,565.0389194488525,29.53611116409302,565.0389194488525,completed
698.882479,10,66.362695,1.0,True,10,0,0,519.6086444854736,544.5018920898438,24.020012664794923,519.6086444854736,completed
840.79939,10,66.369945,1.0,True,10,0,0,442.3865737915039,498.009952545166,21.79788589477539,442.3865737915039,completed
925.964909,10,66.3771,1.0,True,10,0,0,438.2535991668701,621.134241104126,14.641763305664062,438.2535991668701,completed
534.098244,10,66.384334,1.0,True,10,0,0,518.5710153579712,890.3201351165771,17.0203498840332,518.5710153579712,completed
1279.119713,10,66.391421,1.0,True,10,0,0,416.441819190979,495.34907722473145,5.806560516357422,416.441819190979,completed
473.490192,10,66.3987,1.0,True,10,0,0,578.5770797729492,719.6551132202148,25.137146759033204,578.5770797729492,completed
557.44066,10,66.40602,1.0,True,10,0,0,565.9015922546387,767.6021003723145,21.18280372619629,565.9015922546387,completed
766.909465,10,66.413197,1.0,True,10,0,0,536.5328168869019,608.3994913101196,17.846570205688476,536.5328168869019,completed
-161.304388,10,66.420352,1.0,True,10,0,0,594.7066993713379,927.7799072265625,43.69612350463867,594.7066993713379,completed
955.03444,10,66.427658,1.0,True,10,0,0,472.46521186828613,602.0613040924072,13.210949897766113,472.46521186828613,completed
854.988846,10,66.434907,1.0,True,10,0,0,467.77160453796387,604.3229541778564,16.979647064208983,467.77160453796387,completed
1010.732346,10,66.442222,1.0,True,10,0,0,457.1428527832031,554.1615753173828,13.520210456848144,457.1428527832031,completed
205.500993,10,66.449528,1.0,True,10,0,0,615.0969390869141,835.5158042907715,32.31867294311523,615.0969390869141,completed
674.612873,10,66.456863,1.0,True,10,0,0,483.3549690246582,632.5539741516113,23.978238677978517,483.3549690246582,completed
670.509867,10,66.464115,1.0,True,10,0,0,527.6562237739563,629.9675455093384,22.996604919433594,527.6562237739563,completed
581.904324,10,66.47144,1.0,True,10,0,0,522.8776245117188,692.1663513183594,24.149305725097655,522.8776245117188,completed
895.109029,10,67.688037,1.0,True,10,0,0,485.14061546325684,570.2277336120605,16.32780475616455,485.14061546325684,completed
624.92314,10,67.695818,1.0,True,10,0,0,515.4551358222961,598.399712562561,26.12820472717285,515.4551358222961,completed
1357.586825,10,67.703718,1.0,True,10,0,0,301.33705711364746,392.2911262512207,9.754535102844239,301.33705711364746,completed
-534.609386,10,67.711257,1.0,True,10,0,0,819.1729850769043,887.7463188171387,57.82923221588135,819.1729850769043,completed
219.914091,10,67.718584,1.0,True,10,0,0,525.0802516937256,777.5748691558838,37.48527011871338,525.0802516937256,completed
583.234342,10,67.726104,1.0,True,10,0,0,619.9345302581787,648.5411109924316,23.570485877990723,619.9345302581787,completed
1389.600139,10,67.734041,1.0,True,10,0,0,354.5360336303711,429.0668754577637,5.785233879089356,354.5360336303711,completed
658.816623,10,67.74158,1.0,True,10,0,0,566.7397575378418,771.2963485717773,14.635676956176757,566.7397575378418,completed
277.665215,10,67.748915,1.0,True,10,0,0,524.1176309585571,669.0457515716553,38.09569396972656,524.1176309585571,completed
820.300176,10,67.756271,1.0,True,10,0,0,435.6312952041626,537.603723526001,22.097847557067873,435.6312952041626,completed
-276.501297,10,67.763728,1.0,True,10,0,0,739.8270072937012,1039.707576751709,37.696337890625,739.8270072937012,completed
1540.689699,10,67.771439,1.0,True,10,0,0,294.75705671310425,385.5899085998535,2.4153583526611326,294.75705671310425,completed
267.61054,10,67.778937,1.0,True,10,0,0,552.3402194976807,704.3480262756348,33.31012496948242,552.3402194976807,completed
811.136345,10,67.786858,1.0,True,10,0,0,386.5380573272705,560.8185558319092,21.50202045440674,386.5380573272705,completed
1226.991972,10,67.794403,1.0,True,10,0,0,353.4916560649872,418.0976436138153,12.05028133392334,353.4916560649872,completed
362.420168,10,67.802125,1.0,True,10,0,0,419.16894912719727,644.3277893066406,39.61589469909668,419.16894912719727,completed
669.612138,10,67.809977,1.0,True,10,0,0,557.6601161956787,803.8146629333496,11.329783153533935,557.6601161956787,completed
284.735563,10,67.81708,1.0,True,10,0,0,554.7758893966675,832.9109058380127,30.30984535217285,554.7758893966675,completed
835.020923,10,67.824827,1.0,True,10,0,0,444.9015655517578,525.9126853942871,20.476709175109864,444.9015655517578,completed
1005.635236,10,67.831821,1.0,True,10,0,0,430.7482624053955,584.4098148345947,11.65325050354004,430.7482624053955,completed
656.1846,10,67.839337,1.0,True,10,0,0,517.2912883758545,560.072998046875,25.36801643371582,517.2912883758545,completed
797.657579,10,67.846363,1.0,True,10,0,0,495.55554580688477,658.8245506286621,16.015104389190675,495.55554580688477,completed
79.531131,10,67.853976,1.0,True,10,0,0,638.5096111297607,846.9217929840088,34.78745651245117,638.5096111297607,completed
1142.111701,10,67.861987,1.0,True,10,0,0,389.9392776489258,513.5430526733398,11.201368713378907,389.9392776489258,completed
832.638832,10,67.869177,1.0,True,10,0,0,470.80054664611816,580.66579246521,20.557423400878907,470.80054664611816,completed
-26.13119,10,67.876717,1.0,True,10,0,0,595.5512065887451,1031.2850379943848,32.46934623718262,595.5512065887451,completed
629.089375,10,67.883962,1.0,True,10,0,0,483.53625106811523,642.4575481414795,23.204278564453126,483.53625106811523,completed
1280.433992,10,67.891985,1.0,True,10,0,0,373.278284072876,536.8788223266602,6.001616668701172,373.278284072876,completed
957.23751,10,67.899418,1.0,True,10,0,0,494.91116428375244,507.85191917419434,16.358934020996095,494.91116428375244,completed
199.550504,10,67.907287,1.0,True,10,0,0,678.4244937896729,784.1805839538574,31.039807891845705,678.4244937896729,completed
987.243891,10,67.914362,1.0,True,10,0,0,514.4052867889404,569.6782398223877,12.123343658447265,514.4052867889404,completed
1148.246962,10,67.92146,1.0,True,10,0,0,457.14867782592773,692.0670337677002,1.5595046997070312,457.14867782592773,completed
263.7534,10,67.92894,1.0,True,10,0,0,570.0711221694946,684.6004161834717,35.30717344284058,570.0711221694946,completed
510.4031,10,67.936332,1.0,True,10,0,0,467.90246391296387,678.7907257080078,28.859281158447267,467.90246391296387,completed
807.111998,10,67.943792,1.0,True,10,0,0,452.6627779006958,534.2333240509033,22.431683921813963,452.6627779006958,completed
534.935505,10,67.95131,1.0,True,10,0,0,517.3971157073975,642.0095596313477,28.17078552246094,517.3971157073975,completed
815.233708,10,67.959,1.0,True,10,0,0,474.2047758102417,627.8375024795532,16.23110866546631,474.2047758102417,completed
1013.824769,10,67.96662,1.0,True,10,0,0,410.2784881591797,506.2415294647217,13.657122802734374,410.2784881591797,completed
796.863474,10,67.97446,1.0,True,10,0,0,436.30495405197144,626.6729459762573,18.350665664672853,436.30495405197144,completed
647.178289,10,67.982334,1.0,True,10,0,0,418.62973165512085,628.5389103889465,25.012553548812868,418.62973165512085,completed
1102.97863,10,67.990049,1.0,True,10,0,0,455.0165433883667,515.9406623840332,11.073835754394532,455.0165433883667,completed
932.766772,10,67.997492,1.0,True,10,0,0,407.67608070373535,566.0609130859375,16.99802875518799,407.67608070373535,completed
950.529155,10,68.005029,1.0,True,10,0,0,505.9886269569397,694.1839742660522,7.363764858245849,505.9886269569397,completed
719.23882,10,68.012731,1.0,True,10,0,0,410.415904045105,608.7072429656982,25.246683502197264,410.415904045105,completed
573.47204,10,68.020396,1.0,True,10,0,0,541.4151725769043,611.3786144256592,25.95811903476715,541.4151725769043,completed
984.758977,10,68.027877,1.0,True,10,0,0,474.26840019226074,576.1113300323486,11.8478759765625,474.26840019226074,completed
893.693011,10,68.035202,1.0,True,10,0,0,475.6569118499756,608.938175201416,15.804042434692382,475.6569118499756,completed
639.131263,10,68.043151,1.0,True,10,0,0,508.2884464263916,682.3025455474854,19.768143463134766,508.2884464263916,completed
887.937539,10,68.050471,1.0,True,10,0,0,514.3039393424988,753.6094198226929,6.975486755371094,514.3039393424988,completed
1196.373033,10,68.057838,1.0,True,10,0,0,337.951678276062,452.5781593322754,12.15099925994873,337.951678276062,completed
611.877256,10,68.065134,1.0,True,10,0,0,433.3005428314209,810.3371429443359,18.838578033447266,433.3005428314209,completed
530.254766,10,68.072809,1.0,True,10,0,0,503.06606101989746,711.6406173706055,25.005045890808105,503.06606101989746,completed
706.624325,10,68.080327,1.0,True,10,0,0,482.0876159667969,737.2249164581299,17.908784866333008,482.0876159667969,completed
737.973135,10,68.087655,1.0,True,10,0,0,492.01794719696045,621.9944515228271,22.381110000610352,492.01794719696045,completed
400.987139,10,68.095585,1.0,True,10,0,0,463.661527633667,633.6331958770752,35.69097146987915,463.661527633667,completed
556.003398,10,68.103278,1.0,True,10,0,0,587.1562225818634,655.1459183692932,25.552117919921876,587.1562225818634,completed
790.675647,10,68.110738,1.0,True,10,0,0,487.85355949401855,643.817138671875,17.42066822052002,487.85355949401855,completed
1162.744927,10,68.118576,1.0,True,10,0,0,452.13712215423584,595.244794845581,3.8101762771606444,452.13712215423584,completed
-380.323581,10,68.126271,1.0,True,10,0,0,635.3291282653809,880.7334136962891,56.01596746444702,635.3291282653809,completed
844.24901,10,68.133561,1.0,True,10,0,0,374.6977434158325,530.8153438568115,25.601773262023926,374.6977434158325,completed
546.185938,10,68.141042,1.0,True,10,0,0,497.96671295166016,634.8489303588867,28.585010528564453,497.96671295166016,completed
415.244248,10,68.149452,1.0,True,10,0,0,508.6729736328125,687.9967288970947,34.38777828216553,508.6729736328125,completed
1303.006686,10,68.156901,1.0,True,10,0,0,362.72663402557373,521.8228073120117,6.017612266540527,362.72663402557373,completed
932.4674,10,68.164404,1.0,True,10,0,0,450.01428413391113,582.6762084960938,13.579010009765625,450.01428413391113,completed
391.374055,10,68.171676,1.0,True,10,0,0,586.825984954834,846.1325531005859,20.789227294921876,586.825984954834,completed
139.313872,10,68.179117,1.0,True,10,0,0,599.4367084503174,738.5881786346436,40.1788553237915,599.4367084503174,completed
222.532177,10,68.186555,1.0,True,10,0,0,632.7635231018066,834.1761512756348,29.760797119140626,632.7635231018066,completed
126.078106,10,68.193795,1.0,True,10,0,0,606.2000122070312,733.7606964111328,39.653256034851076,606.2000122070312,completed
222.594449,10,68.201426,1.0,True,10,0,0,670.8906536102295,741.9129772186279,34.938344192504886,670.8906536102295,completed
1154.56952,10,68.208825,1.0,True,10,0,0,367.94884967803955,469.96337509155273,12.385072898864745,367.94884967803955,completed
555.708955,10,68.216102,1.0,True,10,0,0,656.3617572784424,765.7088394165039,17.409713363647462,656.3617572784424,completed
659.530822,10,68.224123,1.0,True,10,0,0,538.4577827453613,719.2822265625,14.559202957153321,538.4577827453613,completed
608.738487,10,68.231769,1.0,True,10,0,0,484.7986469268799,665.3991527557373,24.172162818908692,484.7986469268799,completed
721.280566,10,68.239653,1.0,True,10,0,0,367.1472635269165,526.8615789413452,29.694166946411134,367.1472635269165,completed
790.436172,10,68.247275,1.0,True,10,0,0,396.5198459625244,524.1582660675049,26.753891372680663,396.5198459625244,completed
-462.787831,10,68.254504,1.0,True,10,0,0,802.3089077472687,901.9927163124084,52.71052494049072,802.3089077472687,completed
559.809763,10,68.26214,1.0,True,10,0,0,585.7531080245972,718.2496929168701,23.183185482025145,585.7531080245972,completed
95.587947,10,68.270003,1.0,True,10,0,0,573.8148832321167,744.0515689849854,40.33331985473633,573.8148832321167,completed
377.83071,10,68.277696,1.0,True,10,0,0,544.6350517272949,858.3326988220215,22.061114501953124,544.6350517272949,completed
691.972602,10,68.285092,1.0,True,10,0,0,527.107564330101,579.9647090435028,24.690083980560303,527.107564330101,completed
-174.86151,10,68.292555,1.0,True,10,0,0,707.1678638458252,864.8198261260986,46.96294913291931,707.1678638458252,completed
714.188774,10,68.300211,1.0,True,10,0,0,387.1433353424072,529.0804414749146,29.32683696746826,387.1433353424072,completed
830.536224,10,68.307514,1.0,True,10,0,0,500.845685005188,560.690954208374,18.359815788269042,500.845685005188,completed
310.295296,10,68.314935,1.0,True,10,0,0,556.6847610473633,747.3138427734375,33.682431030273435,556.6847610473633,completed
677.134448,10,68.322578,1.0,True,10,0,0,514.1073303222656,574.2253284454346,23.637664604187012,514.1073303222656,completed
892.229571,10,68.330404,1.0,True,10,0,0,458.48430824279785,660.5435981750488,12.304094314575195,458.48430824279785,completed
744.835344,10,68.338264,1.0,True,10,0,0,468.51336193084717,612.1271572113037,23.285838317871093,468.51336193084717,completed
860.746267,10,68.345363,1.0,True,10,0,0,475.44969940185547,595.4792404174805,15.697837448120117,475.44969940185547,completed
600.759041,10,68.352958,1.0,True,10,0,0,442.1553020477295,639.7488346099854,28.511203002929687,442.1553020477295,completed
760.29646,10,68.360225,1.0,True,10,0,0,502.65571546554565,552.6831884384155,22.257930183410643,502.65571546554565,completed
1246.315458,10,68.367681,1.0,True,10,0,0,346.6172466278076,483.74732208251953,10.179607009887695,346.6172466278076,completed
312.923462,10,68.375679,1.0,True,10,0,0,501.9834289550781,800.5211486816406,31.0156608581543,501.9834289550781,completed
353.669064,10,68.383491,1.0,True,10,0,0,605.7157793045044,706.8618450164795,29.767671966552733,605.7157793045044,completed
606.271939,10,68.390693,1.0,True,10,0,0,445.61709213256836,607.9899406433105,27.37844352722168,445.61709213256836,completed
999.596391,10,68.398708,1.0,True,10,0,0,415.95178985595703,575.6005554199219,10.383596229553223,415.95178985595703,completed
28.655125,10,68.406476,1.0,True,10,0,0,684.8370933532715,847.7829132080078,38.39407072067261,684.8370933532715,completed
1423.393242,10,68.413709,1.0,True,10,0,0,332.7309522628784,467.319860458374,2.645816993713379,332.7309522628784,completed
554.812549,10,68.421371,1.0,True,10,0,0,528.4067630767822,655.8142700195312,26.08738479614258,528.4067630767822,completed
799.849604,10,68.429015,1.0,True,10,0,0,418.31629753112793,680.0287590026855,17.056449127197265,418.31629753112793,completed
893.550191,10,68.436363,1.0,True,10,0,0,460.54853439331055,574.1613273620605,16.927161407470702,460.54853439331055,completed
-631.64685,10,68.444092,1.0,True,10,0,0,729.4817314147949,1010.7225189208984,56.10815200805664,729.4817314147949,completed
412.997108,10,68.451613,1.0,True,10,0,0,577.1853523254395,701.5155792236328,27.95122718811035,577.1853523254395,completed
827.794558,10,68.45931,1.0,True,10,0,0,511.7432174682617,704.593391418457,11.505339050292969,511.7432174682617,completed
586.666901,10,68.466296,1.0,True,10,0,0,472.33289909362793,693.8475437164307,25.335053062438966,472.33289909362793,completed
536.553958,10,68.473651,1.0,True,10,0,0,430.0388813018799,599.3587417602539,33.05640487670898,430.0388813018799,completed
1164.498676,10,68.480892,1.0,True,10,0,0,394.14468598365784,576.2408871650696,7.757476806640625,394.14468598365784,completed
979.839114,10,68.487968,1.0,True,10,0,0,412.99795722961426,569.2533988952637,15.55916862487793,412.99795722961426,completed
416.683191,10,68.495091,1.0,True,10,0,0,515.5071907043457,645.6006774902344,32.6925874710083,515.5071907043457,completed
772.556419,10,68.502177,1.0,True,10,0,0,464.9951705932617,745.7789878845215,14.654479598999023,464.9951705932617,completed
1117.39196,10,68.509709,1.0,True,10,0,0,493.4842252731323,605.3592710494995,6.781115341186523,493.4842252731323,completed
43.05966,10,68.517276,1.0,True,10,0,0,629.1233100891113,823.1669578552246,39.44913501739502,629.1233100891113,completed
1248.151085,10,68.525349,1.0,True,10,0,0,423.1566505432129,470.7850532531738,8.504568290710449,423.1566505432129,completed
180.590869,10,68.532812,1.0,True,10,0,0,604.634838104248,731.034345626831,35.87452239990235,604.634838104248,completed
848.578024,10,68.54021,1.0,True,10,0,0,460.5477714538574,539.913408279419,18.559428215026855,460.5477714538574,completed
777.102136,10,68.547985,1.0,True,10,0,0,493.48008918762207,665.0777187347412,18.01121597290039,493.48008918762207,completed
741.305638,10,68.555199,1.0,True,10,0,0,571.6575222015381,711.4924697875977,16.152906608581542,571.6575222015381,completed
-407.734103,10,68.562211,1.0,True,10,0,0,640.5265350341797,1102.356788635254,46.29128570556641,640.5265350341797,completed
280.168918,10,68.569453,1.0,True,10,0,0,578.3448495864868,747.9406108856201,33.2544750213623,578.3448495864868,completed
798.971292,10,68.576664,1.0,True,10,0,0,488.5663032531738,595.5294132232666,19.64032859802246,488.5663032531738,completed
759.472773,10,68.584573,1.0,True,10,0,0,453.4715452194214,524.8090419769287,25.307717704772948,453.4715452194214,completed
1015.909012,10,68.592086,1.0,True,10,0,0,463.0935535430908,514.5967140197754,15.258923530578613,463.0935535430908,completed
-90.184381,10,68.599756,1.0,True,10,0,0,604.1455717086792,763.0142879486084,47.66906604766846,604.1455717086792,completed
437.931412,10,68.60725,1.0,True,10,0,0,523.3624114990234,695.4772682189941,31.15130729675293,523.3624114990234,completed
1043.011042,10,68.614669,1.0,True,10,0,0,469.169554233551,580.0454721450806,8.871860313415528,469.169554233551,completed
309.912809,10,68.622145,1.0,True,10,0,0,504.0156993865967,719.3312168121338,34.32067165374756,504.0156993865967,completed
513.798736,10,68.629563,1.0,True,10,0,0,491.1590118408203,603.2637710571289,30.895785427093507,491.1590118408203,completed
818.770074,10,68.637077,1.0,True,10,0,0,478.8878688812256,650.8819694519043,15.89635190963745,478.8878688812256,completed
697.463561,10,68.64451,1.0,True,10,0,0,461.7559742927551,645.2504777908325,21.535366439819335,461.7559742927551,completed
661.788452,10,68.651769,1.0,True,10,0,0,472.854380607605,555.7287349700928,27.90986557006836,472.854380607605,completed
513.225586,10,68.659576,1.0,True,10,0,0,422.75725173950195,584.795482635498,33.992251586914065,422.75725173950195,completed
1258.415907,10,68.666601,1.0,True,10,0,0,387.06504917144775,486.12185859680176,6.980550956726074,387.06504917144775,completed
-72.944413,10,68.674322,1.0,True,10,0,0,543.6775541305542,855.5352535247803,43.53245506286621,543.6775541305542,completed
760.677859,10,68.681855,1.0,True,10,0,0,454.411789894104,566.2873849868774,22.93794717788696,454.411789894104,completed
429.517374,10,68.689104,1.0,True,10,0,0,559.7516613006592,705.3006324768066,27.44004669189453,559.7516613006592,completed
782.187643,10,68.697085,1.0,True,10,0,0,461.7405242919922,659.8651809692383,17.745817184448242,461.7405242919922,completed
510.102096,10,68.705072,1.0,True,10,0,0,580.1352863311768,680.7891025543213,25.39743595123291,580.1352863311768,completed
434.847124,10,68.712052,1.0,True,10,0,0,472.34370613098145,678.8378925323486,32.50124855041504,472.34370613098145,completed
618.42217,10,68.719511,1.0,True,10,0,0,589.0865535736084,823.0629501342773,14.387832641601562,589.0865535736084,completed
207.284953,10,68.726927,1.0,True,10,0,0,602.7310104370117,780.2707328796387,34.38893175125122,602.7310104370117,completed
313.265091,10,68.735069,1.0,True,10,0,0,437.8472623825073,681.5946311950684,40.713622856140134,437.8472623825073,completed
864.215336,10,68.742294,1.0,True,10,0,0,525.2026119232178,582.9243049621582,14.722318077087403,525.2026119232178,completed
769.341763,10,68.749952,1.0,True,10,0,0,463.04740047454834,560.1834774017334,21.331398582458498,463.04740047454834,completed
536.938147,10,68.75734,1.0,True,10,0,0,549.8378667831421,646.5984401702881,24.345042419433593,549.8378667831421,completed
1061.671105,10,68.764558,1.0,True,10,0,0,362.4992427825928,516.4263668060303,14.638017272949218,362.4992427825928,completed
446.245431,10,68.771722,1.0,True,10,0,0,622.9466285705566,760.249942779541,22.9355827331543,622.9466285705566,completed
312.69419,10,68.778961,1.0,True,10,0,0,672.4337635040283,727.2053470611572,31.195983505249025,672.4337635040283,completed
808.606264,10,68.786171,1.0,True,10,0,0,500.48358941078186,564.3635334968567,20.515184783935545,500.48358941078186,completed
929.893956,10,68.793554,1.0,True,10,0,0,425.71301555633545,519.3949375152588,19.167190170288087,425.71301555633545,completed
654.674496,10,68.800997,1.0,True,10,0,0,428.65893268585205,574.9165239334106,27.286098384857176,428.65893268585205,completed
645.968493,10,68.80843,1.0,True,10,0,0,552.5179018974304,671.4382848739624,21.19693260192871,552.5179018974304,completed
-790.642046,10,68.815682,1.0,True,10,0,0,643.5861873626709,1108.518295288086,65.00601043701172,643.5861873626709,completed
667.924672,10,68.823318,1.0,True,10,0,0,580.9483985900879,697.3928451538086,17.818707942962646,580.9483985900879,completed
-198.058747,10,68.831167,1.0,True,10,0,0,553.2920794487,958.2059373855591,46.35284843444824,553.2920794487,completed
769.481067,10,68.838771,1.0,True,10,0,0,531.5762367248535,728.268497467041,12.523892211914063,531.5762367248535,completed
-5.84339,10,68.846259,1.0,True,10,0,0,563.697944521904,801.8570668697357,43.779092502594,563.697944521904,completed
784.796103,10,68.853671,1.0,True,10,0,0,511.9519634246826,591.3176002502441,19.87916793823242,511.9519634246826,completed
585.512955,10,68.861153,1.0,True,10,0,0,452.16589641571045,608.8937473297119,28.170219230651856,452.16589641571045,completed
776.255589,10,68.868747,1.0,True,10,0,0,518.889214515686,549.1270046234131,21.168558883666993,518.889214515686,completed
439.915296,10,68.875984,1.0,True,10,0,0,658.4124202728271,716.3657360076904,25.851747131347658,658.4124202728271,completed
741.344556,10,68.883772,1.0,True,10,0,0,357.74147295951843,573.4229388237,23.912266397476195,357.74147295951843,completed
-42.873049,10,68.893059,1.0,True,10,0,0,725.4967384338379,924.3703422546387,34.03838148117065,725.4967384338379,completed
210.878846,10,68.90265,1.0,True,10,0,0,560.8899602890015,841.3094158172607,30.857341003417968,560.8899602890015,completed
864.432898,10,68.910902,1.0,True,10,0,0,408.1131076812744,575.6816482543945,19.872471237182616,408.1131076812744,completed
326.18933,10,68.919175,1.0,True,10,0,0,487.8130931854248,729.9354515075684,33.409690856933594,487.8130931854248,completed
233.400087,10,68.928716,1.0,True,10,0,0,625.9569187164307,806.0814781188965,32.21680679321289,625.9569187164307,completed
630.932892,10,68.937581,1.0,True,10,0,0,563.682783126831,707.4149646759033,20.885048866271973,563.682783126831,completed
198.716203,10,68.945199,1.0,True,10,0,0,704.647599697113,732.6978597640991,33.126379585266115,704.647599697113,completed
-170.560099,10,68.952706,1.0,True,10,0,0,686.5864753723145,935.8013763427734,42.211334991455075,686.5864753723145,completed
-226.672937,10,68.960155,1.0,True,10,0,0,703.4446334838867,910.5547866821289,43.399794578552246,703.4446334838867,completed
953.721199,10,68.967921,1.0,True,10,0,0,439.135085105896,625.6776924133301,14.227614402770996,439.135085105896,completed
984.099231,10,68.975354,1.0,True,10,0,0,461.5695095062256,597.0617141723633,9.859558868408204,461.5695095062256,completed
837.424584,10,68.983299,1.0,True,10,0,0,460.82501888275146,559.0265293121338,20.557561111450195,460.82501888275146,completed
-113.504821,10,68.990939,1.0,True,10,0,0,631.3340282440186,891.242000579834,42.216910171508786,631.3340282440186,completed
627.975183,10,68.998768,1.0,True,10,0,0,513.7627983093262,654.9366226196289,22.916842651367187,513.7627983093262,completed
1179.81494,10,69.006567,1.0,True,10,0,0,354.10889959335327,361.43110942840576,17.507275009155272,354.10889959335327,completed
535.439413,10,69.014171,1.0,True,10,0,0,438.1289653778076,786.209171295166,23.84265594482422,438.1289653778076,completed
920.231696,10,69.02196,1.0,True,10,0,0,385.81790018081665,541.2861452102661,20.89314022064209,385.81790018081665,completed
1081.955228,10,69.029379,1.0,True,10,0,0,361.1960735321045,497.6513481140137,15.9455322265625,361.1960735321045,completed
155.855164,10,69.037181,1.0,True,10,0,0,509.9567623138428,707.2346706390381,41.260632038116455,509.9567623138428,completed
672.657707,10,69.044571,1.0,True,10,0,0,339.5439052581787,511.9983539581299,31.27088804244995,339.5439052581787,completed
878.191222,10,69.052625,1.0,True,10,0,0,484.3157551288605,580.4933400154114,17.88383255004883,484.3157551288605,completed
644.326623,10,69.060276,1.0,True,10,0,0,417.73774337768555,690.7913551330566,23.00801200866699,417.73774337768555,completed
1371.952721,10,69.067485,1.0,True,10,0,0,352.3945608139038,411.1733798980713,7.7159912109375,352.3945608139038,completed
71.703788,10,69.074928,1.0,True,10,0,0,590.8985586166382,882.5131978988647,37.14962797164917,590.8985586166382,completed
909.918732,10,69.082336,1.0,True,10,0,0,421.8462438583374,542.4494514465332,17.76395626068115,421.8462438583374,completed
401.334726,10,69.089496,1.0,True,10,0,0,631.4321346282959,875.6408767700195,21.08005142211914,631.4321346282959,completed
16.69989,10,69.096888,1.0,True,10,0,0,579.0476417541504,779.5796585083008,44.666695022583006,579.0476417541504,completed
1132.476578,10,69.10437,1.0,True,10,0,0,476.9324584007263,546.8552832603455,8.491156768798827,476.9324584007263,completed
856.65695,10,69.11202,1.0,True,10,0,0,472.1069850921631,575.2977561950684,19.61256637573242,472.1069850921631,completed
637.474459,10,69.119804,1.0,True,10,0,0,480.76005840301514,634.5794696807861,25.80160446166992,480.76005840301514,completed
365.525399,10,69.127402,1.0,True,10,0,0,523.7737140655518,713.2039985656738,32.534298706054685,523.7737140655518,completed
397.745423,10,69.134634,1.0,True,10,0,0,547.191837310791,704.7748832702637,29.434355163574217,547.191837310791,completed
792.908446,10,69.142199,1.0,True,10,0,0,460.9655132293701,575.243558883667,21.887216567993164,460.9655132293701,completed
1061.462382,10,69.1497,1.0,True,10,0,0,408.15654277801514,578.8169689178467,11.097251319885254,408.15654277801514,completed
279.682977,10,69.157154,1.0,True,10,0,0,623.5032510757446,709.2304439544678,32.803079223632814,623.5032510757446,completed
778.398386,10,69.164375,1.0,True,10,0,0,440.7466163635254,656.6405868530273,16.242449951171874,440.7466163635254,completed
-498.367006,10,69.171861,1.0,True,10,0,0,711.5285739898682,998.3116722106934,53.16535110473633,711.5285739898682,completed
130.797094,10,69.179523,1.0,True,10,0,0,684.4865188598633,892.4302196502686,28.34188766479492,684.4865188598633,completed
838.067573,10,69.187353,1.0,True,10,0,0,413.8306875228882,529.5752925872803,21.05505962371826,413.8306875228882,completed
1035.259824,10,69.19473,1.0,True,10,0,0,472.5200538635254,601.2028522491455,10.49525032043457,472.5200538635254,completed
205.833693,10,69.202344,1.0,True,10,0,0,609.5030670166016,758.7891426086426,32.93982048034668,609.5030670166016,completed
747.033161,10,69.209997,1.0,True,10,0,0,535.028079032898,625.9133014678955,17.922268009185792,535.028079032898,completed
1094.650616,10,69.217415,1.0,True,10,0,0,411.021821975708,538.8531818389893,10.29988956451416,411.021821975708,completed
64.344721,10,69.224686,1.0,True,10,0,0,596.6986360549927,843.587480545044,35.7344934463501,596.6986360549927,completed
547.428925,10,69.23267,1.0,True,10,0,0,450.8500270843506,612.2672386169434,29.928354835510255,450.8500270843506,completed
800.356147,10,70.41285,1.0,True,10,0,0,438.69067573547363,660.3253974914551,18.75357551574707,438.69067573547363,completed
1056.307757,10,70.420365,1.0,True,10,0,0,385.92455863952637,596.0458316802979,12.324354648590088,385.92455863952637,completed
493.238436,10,70.4276,1.0,True,10,0,0,531.4661417007446,731.2847843170166,26.173430824279784,531.4661417007446,completed
353.619993,10,70.43499,1.0,True,10,0,0,530.4371194839478,665.4943418502808,31.803697967529295,530.4371194839478,completed
748.291507,10,70.442535,1.0,True,10,0,0,474.4922251701355,589.8095126152039,22.911134719848633,474.4922251701355,completed
27.49837,10,70.450059,1.0,True,10,0,0,623.7620544433594,1035.9231262207031,29.93644790649414,623.7620544433594,completed
794.380569,10,70.457588,1.0,True,10,0,0,537.6121692657471,696.865779876709,11.574988555908202,537.6121692657471,completed
918.596024,10,70.465246,1.0,True,10,0,0,439.1063709259033,675.1724090576172,10.762525177001953,439.1063709259033,completed
486.454827,10,70.473112,1.0,True,10,0,0,457.53070163726807,777.26926612854,27.451527976989745,457.53070163726807,completed
401.10797,10,70.480789,1.0,True,10,0,0,552.5903949737549,678.3545455932617,28.057389640808104,552.5903949737549,completed
1495.168677,10,70.488017,1.0,True,10,0,0,331.01896572113037,352.9521484375,4.148628997802734,331.01896572113037,completed
36.179601,10,70.495473,1.0,True,10,0,0,579.4674730300903,785.6610593795776,42.095637512207034,579.4674730300903,completed
944.672428,10,70.502754,1.0,True,10,0,0,439.83116912841797,526.7705669403076,16.349062347412108,439.83116912841797,completed
483.234802,10,70.510505,1.0,True,10,0,0,557.0559492111206,585.8149242401123,28.906760597229002,557.0559492111206,completed
1292.546717,10,70.51799,1.0,True,10,0,0,372.31278467178345,457.79561042785645,8.524522018432616,372.31278467178345,completed
139.713624,10,70.525386,1.0,True,10,0,0,658.581657409668,881.7354507446289,29.26141929626465,658.581657409668,completed
647.402738,10,70.533066,1.0,True,10,0,0,450.42646408081055,603.0204277038574,25.45094566345215,450.42646408081055,completed
765.505747,10,70.541082,1.0,True,10,0,0,516.944845199585,619.1076965332031,19.165443992614748,516.944845199585,completed
1108.681331,10,70.548304,1.0,True,10,0,0,459.2376594543457,506.0406684875488,12.456566905975341,459.2376594543457,completed
842.508773,10,70.556474,1.0,True,10,0,0,364.18756103515625,586.3151149749756,20.451603174209595,364.18756103515625,completed
1411.452375,10,70.563909,1.0,True,10,0,0,289.9445977807045,442.99257004261017,5.86445198059082,289.9445977807045,completed
872.888147,10,70.57122,1.0,True,10,0,0,415.9828281402588,605.4869079589844,18.824327850341795,415.9828281402588,completed
4.528222,10,70.579185,1.0,True,10,0,0,650.3892822265625,883.4929695129395,36.16979713439942,650.3892822265625,completed
718.697741,10,70.586608,1.0,True,10,0,0,478.8912534713745,521.239767074585,25.530188179016115,478.8912534713745,completed
898.864381,10,70.594227,1.0,True,10,0,0,487.04444217681885,506.3812074661255,18.34448127746582,487.04444217681885,completed
445.715175,10,70.601328,1.0,True,10,0,0,490.0873107910156,776.7289123535156,27.29153175354004,490.0873107910156,completed
51.647355,10,70.608616,1.0,True,10,0,0,572.4165859222412,838.0741729736328,36.15105514526367,572.4165859222412,completed
393.998982,10,70.615731,1.0,True,10,0,0,494.98701000213623,696.5422229766846,34.140618324279785,494.98701000213623,completed
-428.224026,10,70.62343,1.0,True,10,0,0,630.4299945831299,944.5600776672363,53.79749717712402,630.4299945831299,completed
935.872981,10,70.630869,1.0,True,10,0,0,481.8677177429199,582.2959537506104,13.724041938781738,481.8677177429199,completed
1044.835149,10,70.638278,1.0,True,10,0,0,491.2196683883667,566.7324047088623,8.851370239257813,491.2196683883667,completed
1169.42916,10,70.645489,1.0,True,10,0,0,382.2976975440979,468.8487091064453,11.272932052612305,382.2976975440979,completed
1119.268607,10,70.653441,1.0,True,10,0,0,341.7964687347412,517.7296905517578,14.807542610168458,341.7964687347412,completed
1175.568559,10,70.660698,1.0,True,10,0,0,379.9486360549927,496.3219470977783,10.775405883789062,379.9486360549927,completed
-85.229555,10,70.668175,1.0,True,10,0,0,632.2876873016357,836.9591293334961,43.760095024108885,632.2876873016357,completed
638.278644,10,70.67602,1.0,True,10,0,0,508.96155071258545,663.5047016143799,23.324462699890137,508.96155071258545,completed
793.335534,10,70.683527,1.0,True,10,0,0,541.0779972076416,698.5864582061768,13.928628158569335,541.0779972076416,completed
876.013067,10,70.691251,1.0,True,10,0,0,520.2749538421631,644.4416465759277,10.8968074798584,520.2749538421631,completed
357.321134,10,70.69871,1.0,True,10,0,0,555.3605995178223,755.7187767028809,32.15859260559082,555.3605995178223,completed
867.540376,10,70.706562,1.0,True,10,0,0,407.3010287284851,620.0937833786011,17.2987922668457,407.3010287284851,completed
654.852131,10,70.713683,1.0,True,10,0,0,497.7158393859863,657.5585327148438,24.410198974609376,497.7158393859863,completed
456.792599,10,70.721303,1.0,True,10,0,0,542.3153715133667,656.5592622756958,31.780149459838867,542.3153715133667,completed
400.353443,10,70.728928,1.0,True,10,0,0,618.7128505706787,693.4786434173584,27.779616928100587,618.7128505706787,completed
551.877701,10,70.736472,1.0,True,10,0,0,506.5864152908325,691.5384483337402,24.923907852172853,506.5864152908325,completed
433.413666,10,70.74356,1.0,True,10,0,0,495.25612926483154,660.7205572128296,32.88200216293335,495.25612926483154,completed
950.05444,10,70.751475,1.0,True,10,0,0,433.7793221473694,555.4755067825317,14.682745456695557,433.7793221473694,completed
208.511408,10,70.759108,1.0,True,10,0,0,618.0756530761719,759.5030250549316,35.00949363708496,618.0756530761719,completed
373.670588,10,70.766391,1.0,True,10,0,0,523.2442760467529,664.6981563568115,33.560743713378905,523.2442760467529,completed
1599.219226,10,70.774044,1.0,True,10,0,0,329.16587233543396,402.98295545578003,0.0,329.16587233543396,completed
230.522431,10,70.781883,1.0,True,10,0,0,632.1192238330841,785.0823769569397,33.33077101707458,632.1192238330841,completed
245.281455,10,70.789943,1.0,True,10,0,0,594.0911965370178,754.5895619392395,32.91076545715332,594.0911965370178,completed
911.924833,10,70.7975,1.0,True,10,0,0,460.03460454940796,543.532977104187,18.958406448364258,460.03460454940796,completed
841.526372,10,70.804655,1.0,True,10,0,0,490.3405694961548,555.1438407897949,17.18055305480957,490.3405694961548,completed
547.546959,10,70.811932,1.0,True,10,0,0,496.50646209716797,711.5960540771484,24.33967523574829,496.50646209716797,completed
-550.399929,10,70.819591,1.0,True,10,0,0,544.9931182861328,907.3291893005371,63.26709747314453,544.9931182861328,completed
1259.400834,10,70.827076,1.0,True,10,0,0,325.2205367088318,332.5427465438843,14.733491134643554,325.2205367088318,completed
15.411423,10,70.834509,1.0,True,10,0,0,576.2563638687134,859.3982448577881,39.174834442138675,576.2563638687134,completed
347.539779,10,70.842046,1.0,True,10,0,0,560.2333481311798,740.2235054969788,30.853717803955078,560.2333481311798,completed
416.810256,10,70.849371,1.0,True,10,0,0,512.3232593536377,716.4717903137207,30.13384094238281,512.3232593536377,completed
548.899933,10,70.856646,1.0,True,10,0,0,528.9263105392456,655.145941734314,25.15418725013733,528.9263105392456,completed
307.543961,10,70.864503,1.0,True,10,0,0,572.5581283569336,689.1883163452148,34.04070072174072,572.5581283569336,completed
45.827724,10,70.871601,1.0,True,10,0,0,553.0789089202881,817.8499069213867,41.88450164794922,553.0789089202881,completed
734.121428,10,70.879049,1.0,True,10,0,0,435.99023056030273,560.3460884094238,23.895186805725096,435.99023056030273,completed
794.476924,10,70.886702,1.0,True,10,0,0,477.7074327468872,585.1161365509033,22.013543319702148,477.7074327468872,completed
76.229212,10,70.89401,1.0,True,10,0,0,673.9827823638916,771.6668910980225,39.27737693786621,673.9827823638916,completed
838.677504,10,70.90149,1.0,True,10,0,0,456.17830085754395,541.6551094055176,21.589744758605956,456.17830085754395,completed
-75.689129,10,70.908771,1.0,True,10,0,0,558.2908706665039,782.0358619689941,47.27375793457031,558.2908706665039,completed
822.485589,10,70.916284,1.0,True,10,0,0,456.30970001220703,566.9859828948975,19.752200508117674,456.30970001220703,completed
825.594188,10,70.923398,1.0,True,10,0,0,485.98937702178955,589.4810543060303,19.969151306152344,485.98937702178955,completed
211.281842,10,70.931382,1.0,True,10,0,0,553.3378601074219,827.5908622741699,30.568274688720702,553.3378601074219,completed
595.772799,10,70.939366,1.0,True,10,0,0,507.30167388916016,688.2151985168457,25.390473937988283,507.30167388916016,completed
451.976527,10,70.946984,1.0,True,10,0,0,566.7172317504883,811.5891647338867,21.512252616882325,566.7172317504883,completed
869.105165,10,70.954717,1.0,True,10,0,0,445.26831340789795,563.4049282073975,17.949421310424803,445.26831340789795,completed
561.307034,10,70.962515,1.0,True,10,0,0,503.681058883667,702.0917415618896,22.709170722961424,503.681058883667,completed
-57.261705,10,70.96961,1.0,True,10,0,0,716.8874912261963,889.6670036315918,35.67477531433106,716.8874912261963,completed
1004.633856,10,70.977536,1.0,True,10,0,0,383.1663227081299,572.3225364685059,13.795578002929688,383.1663227081299,completed
1053.292763,10,70.985552,1.0,True,10,0,0,328.6417655944824,471.97190284729004,18.51765422821045,328.6417655944824,completed
408.205309,10,70.993178,1.0,True,10,0,0,563.3769474029541,894.9340324401855,20.46705436706543,563.3769474029541,completed
816.645675,10,71.000841,1.0,True,10,0,0,487.4705390930176,611.869930267334,15.390753936767577,487.4705390930176,completed
859.769818,10,71.008291,1.0,True,10,0,0,393.5823173522949,575.6320991516113,20.544274139404298,393.5823173522949,completed
518.041133,10,71.016104,1.0,True,10,0,0,575.7287750244141,747.7050743103027,22.702301025390625,575.7287750244141,completed
527.588079,10,71.023932,1.0,True,10,0,0,572.1875309944153,667.5375185012817,26.740406608581544,572.1875309944153,completed
568.61682,10,71.031426,1.0,True,10,0,0,532.8775191307068,629.5521879196167,25.45746307373047,532.8775191307068,completed
802.032339,10,71.039447,1.0,True,10,0,0,485.47323989868164,652.9630432128906,16.421218490600587,485.47323989868164,completed
777.343916,10,71.046928,1.0,True,10,0,0,416.18470764160156,664.519889831543,20.348669052124023,416.18470764160156,completed
782.300582,10,71.100835,1.0,True,10,0,0,506.50383138656616,556.0677804946899,19.606128025054932,506.50383138656616,completed
77.642057,10,71.109199,1.0,True,10,0,0,636.1015901565552,761.9483737945557,40.87768888473511,636.1015901565552,completed
782.542805,10,71.117305,1.0,True,10,0,0,541.6464004516602,691.6015014648438,13.585385131835938,541.6464004516602,completed
306.352615,10,71.124709,1.0,True,10,0,0,534.7799549102783,862.7456398010254,25.68796043395996,534.7799549102783,completed
774.511361,10,71.132127,1.0,True,10,0,0,410.1656246185303,519.5695266723633,26.143139266967772,410.1656246185303,completed
1152.031934,10,71.139641,1.0,True,10,0,0,375.85183668136597,437.0308904647827,14.086149215698242,375.85183668136597,completed
438.992408,10,71.147051,1.0,True,10,0,0,558.5772228240967,687.6148147583008,26.724248123168945,558.5772228240967,completed
265.036954,10,71.15429,1.0,True,10,0,0,629.7672672271729,747.0737609863281,31.2660774230957,629.7672672271729,completed
698.040826,10,71.161405,1.0,True,10,0,0,432.4801287651062,624.3102579116821,26.036490631103515,432.4801287651062,completed
312.579526,10,71.168973,1.0,True,10,0,0,564.0309886932373,750.0489807128906,31.947400093078613,564.0309886932373,completed
327.74871,10,71.176673,1.0,True,10,0,0,557.6934223175049,645.7387037277222,37.11613311767578,557.6934223175049,completed
594.48704,10,71.184305,1.0,True,10,0,0,483.9125633239746,764.6109962463379,20.704666328430175,483.9125633239746,completed
1248.00591,10,71.191982,1.0,True,10,0,0,351.2434729337692,400.65923285484314,13.276142525672913,351.2434729337692,completed
643.312959,10,71.19945,1.0,True,10,0,0,440.31242752075195,560.2198619842529,29.562886810302736,440.31242752075195,completed
612.821393,10,71.206742,1.0,True,10,0,0,513.8324060440063,636.809419631958,23.419440078735352,513.8324060440063,completed
243.951653,10,71.214441,1.0,True,10,0,0,499.10979652404785,756.0859985351562,35.744393539428714,499.10979652404785,completed
302.152629,10,71.222302,1.0,True,10,0,0,554.4571075439453,724.1039924621582,34.18293571472168,554.4571075439453,completed
155.114417,10,71.229566,1.0,True,10,0,0,619.2321424484253,802.9101209640503,34.0072582244873,619.2321424484253,completed
447.231991,10,71.237005,1.0,True,10,0,0,524.0582799911499,652.4202060699463,30.533540725708008,524.0582799911499,completed
553.233537,10,71.244991,1.0,True,10,0,0,504.82139110565186,676.4032382965088,24.49150333404541,504.82139110565186,completed
787.694622,10,71.252151,1.0,True,10,0,0,522.7289323806763,606.9351930618286,18.55196533203125,522.7289323806763,completed
-92.389713,10,71.259257,1.0,True,10,0,0,603.696849822998,953.8922004699707,41.04450912475586,603.696849822998,completed
265.538741,10,71.267262,1.0,True,10,0,0,625.5860004425049,974.2841148376465,21.36985664367676,625.5860004425049,completed
105.655068,10,71.275179,1.0,True,10,0,0,644.5129680633545,731.3351211547852,39.658425903320314,644.5129680633545,completed
141.555719,10,71.283426,1.0,True,10,0,0,591.6016426086426,815.831241607666,34.80344648361206,591.6016426086426,completed
249.570276,10,71.292269,1.0,True,10,0,0,574.9247703552246,712.0776443481445,34.35947265625,574.9247703552246,completed
467.226495,10,71.30017,1.0,True,10,0,0,636.6774315834045,775.3149366378784,20.646030807495116,636.6774315834045,completed
533.60588,10,71.308022,1.0,True,10,0,0,617.6973171234131,687.1164283752441,21.49738292694092,617.6973171234131,completed
-321.562397,10,71.315353,1.0,True,10,0,0,562.5241928100586,837.6276931762695,56.38287096023559,562.5241928100586,completed
478.892501,10,71.322891,1.0,True,10,0,0,520.2987899780273,632.3374443054199,30.167851829528807,520.2987899780273,completed
896.054155,10,71.330151,1.0,True,10,0,0,414.52936935424805,615.018253326416,14.685407257080078,414.52936935424805,completed
448.39716,10,71.337463,1.0,True,10,0,0,544.5010738372803,712.4099216461182,29.062564086914062,544.5010738372803,completed
979.191467,10,71.345031,1.0,True,10,0,0,431.79146671295166,628.7408504486084,11.755935859680175,431.79146671295166,completed
521.38063,10,71.352179,1.0,True,10,0,0,406.9849452972412,576.1731071472168,33.28189926147461,406.9849452972412,completed
92.175634,10,71.359843,1.0,True,10,0,0,611.3164176940918,803.339038848877,36.11807861328125,611.3164176940918,completed
1157.603379,10,71.36729,1.0,True,10,0,0,444.90314865112305,444.90314865112305,12.55306339263916,444.90314865112305,completed
932.544882,10,71.374757,1.0,True,10,0,0,443.86765718460083,580.1201791763306,16.4001163482666,443.86765718460083,completed
612.742985,10,71.382007,1.0,True,10,0,0,497.5348205566406,679.6068229675293,22.808430862426757,497.5348205566406,completed
776.892595,10,71.389069,1.0,True,10,0,0,448.6402645111084,514.963415145874,26.373174476623536,448.6402645111084,completed
1632.714944,10,71.396885,1.0,True,10,0,0,303.1659860610962,325.0991687774658,2.13881893157959,303.1659860610962,completed
1268.252887,10,71.404417,1.0,True,10,0,0,275.2025055885315,381.5131025314331,14.348059844970702,275.2025055885315,completed
300.905402,10,71.411678,1.0,True,10,0,0,683.5106315612793,732.8105049133301,28.644833183288576,683.5106315612793,completed
583.499891,10,71.418941,1.0,True,10,0,0,495.69181632995605,676.8177528381348,25.729274559020997,495.69181632995605,completed
1056.905537,10,71.426646,1.0,True,10,0,0,394.09860610961914,475.50090408325195,14.929215240478516,394.09860610961914,completed
903.390768,10,71.43453,1.0,True,10,0,0,426.68579483032227,535.6615028381348,20.818505096435548,426.68579483032227,completed
609.520337,10,71.441835,1.0,True,10,0,0,477.14572620391846,690.0406551361084,25.50737533569336,477.14572620391846,completed
373.85484,10,71.449239,1.0,True,10,0,0,542.9898672103882,693.4536304473877,33.8776123046875,542.9898672103882,completed
123.111077,10,71.457279,1.0,True,10,0,0,540.1187171936035,770.0510444641113,38.538077163696286,540.1187171936035,completed
1004.096218,10,71.464962,1.0,True,10,0,0,423.2385082244873,553.3824844360352,13.661997222900391,423.2385082244873,completed
1004.764972,10,71.472209,1.0,True,10,0,0,481.6874141693115,617.0512104034424,9.623312377929688,481.6874141693115,completed
360.320238,10,71.47968,1.0,True,10,0,0,582.735954284668,803.9447479248047,24.784948348999023,582.735954284668,completed
817.634161,10,71.486885,1.0,True,10,0,0,453.9503860473633,655.602876663208,13.941622161865235,453.9503860473633,completed
315.838671,10,71.495221,1.0,True,10,0,0,508.95642852783203,871.0909614562988,28.02937068939209,508.95642852783203,completed
1401.0396,10,71.502867,1.0,True,10,0,0,318.2007236480713,341.0630397796631,9.893531107902527,318.2007236480713,completed
1491.613202,10,71.510625,1.0,True,10,0,0,321.23610031604767,333.83611130714417,6.921270751953125,321.23610031604767,completed
809.460808,10,71.518232,1.0,True,10,0,0,493.2311725616455,563.2502002716064,22.001263427734376,493.2311725616455,completed
51.484427,10,71.525576,1.0,True,10,0,0,608.1161727905273,807.7400512695312,36.75659065246582,608.1161727905273,completed
302.023528,10,71.53324,1.0,True,10,0,0,600.1365280151367,776.5126113891602,29.936534118652343,600.1365280151367,completed
705.571881,10,71.540315,1.0,True,10,0,0,428.44834756851196,649.9441270828247,21.87102851867676,428.44834756851196,completed
860.274501,10,71.547892,1.0,True,10,0,0,428.7097682952881,582.7663116455078,20.322834777832032,428.7097682952881,completed
549.085859,10,71.555158,1.0,True,10,0,0,590.3759994506836,714.2815780639648,20.04894027709961,590.3759994506836,completed
284.259827,10,71.562438,1.0,True,10,0,0,490.74726486206055,659.7673492431641,40.52738647460937,490.74726486206055,completed
1154.189921,10,71.570077,1.0,True,10,0,0,413.6269989013672,503.7705707550049,11.674312591552734,413.6269989013672,completed
588.174472,10,71.577396,1.0,True,10,0,0,518.3263902664185,645.0464191436768,26.56393165588379,518.3263902664185,completed
736.977882,10,71.584431,1.0,True,10,0,0,493.1843852996826,629.7986030578613,21.966651153564452,493.1843852996826,completed
644.107106,10,71.592629,1.0,True,10,0,0,439.5853042602539,609.0879020690918,28.1072509765625,439.5853042602539,completed
596.629965,10,71.599757,1.0,True,10,0,0,490.4900646209717,625.8094367980957,26.78428077697754,490.4900646209717,completed
138.436168,10,71.607035,1.0,True,10,0,0,591.1041069030762,764.1381282806396,37.81747131347656,591.1041069030762,completed
954.915171,10,71.614641,1.0,True,10,0,0,446.43406105041504,604.5602111816406,12.61040802001953,446.43406105041504,completed
349.831554,10,71.622515,1.0,True,10,0,0,524.1496448516846,763.4653415679932,31.79333915710449,524.1496448516846,completed
466.608718,10,71.629792,1.0,True,10,0,0,484.5784111022949,638.1099510192871,30.286164474487304,484.5784111022949,completed
602.176344,10,71.637609,1.0,True,10,0,0,478.08012771606445,586.3191890716553,27.80122356414795,478.08012771606445,completed
1102.857039,10,71.645378,1.0,True,10,0,0,385.0419101715088,427.3420352935791,14.302078819274902,385.0419101715088,completed
-81.959759,10,71.652809,1.0,True,10,0,0,628.4774646759033,902.587818145752,38.85133399963379,628.4774646759033,completed
-575.84447,10,71.660627,1.0,True,10,0,0,737.9274792671204,912.556694984436,60.963780879974365,737.9274792671204,completed
1120.4786,10,71.668396,1.0,True,10,0,0,398.05703830718994,433.5829906463623,15.187294387817383,398.05703830718994,completed
552.675428,10,71.675891,1.0,True,10,0,0,502.29954719543457,770.8465270996094,21.900683212280274,502.29954719543457,completed
543.511079,10,71.6839,1.0,True,10,0,0,502.3187599182129,581.7664489746094,29.007728576660156,502.3187599182129,completed
178.014295,10,71.691933,1.0,True,10,0,0,647.1858825683594,904.0560188293457,26.46062774658203,647.1858825683594,completed
1367.712894,10,71.699169,1.0,True,10,0,0,393.4592981338501,428.98525047302246,6.966387557983398,393.4592981338501,completed
1350.739572,10,71.706733,1.0,True,10,0,0,459.37951850891113,459.37951850891113,4.165762329101563,459.37951850891113,completed
853.858985,10,71.714091,1.0,True,10,0,0,371.8997745513916,536.7753963470459,21.127410697937012,371.8997745513916,completed
-60.419061,10,71.721709,1.0,True,10,0,0,586.8455390930176,772.4593772888184,47.43032112121582,586.8455390930176,completed
140.836925,10,71.728888,1.0,True,10,0,0,666.2582874298096,770.5795001983643,33.83853263854981,666.2582874298096,completed
166.603213,10,71.736314,1.0,True,10,0,0,589.4146099090576,849.8223552703857,32.99717149734497,589.4146099090576,completed
319.694856,10,71.743891,1.0,True,10,0,0,517.1325235366821,741.18385887146,32.236169242858885,517.1325235366821,completed
414.918672,10,71.751211,1.0,True,10,0,0,582.0748424530029,663.9891662597656,29.772416973114012,582.0748424530029,completed
343.247392,10,71.758764,1.0,True,10,0,0,460.95511054992676,865.6462783813477,27.1484317779541,460.95511054992676,completed
302.288976,10,71.766211,1.0,True,10,0,0,545.0206756591797,686.0644073486328,35.301388549804685,545.0206756591797,completed
450.050782,10,71.773919,1.0,True,10,0,0,583.219633102417,763.7534446716309,22.49443244934082,583.219633102417,completed
1035.304096,10,71.781316,1.0,True,10,0,0,368.8723449707031,498.19900131225586,16.76767978668213,368.8723449707031,completed
393.38914,10,71.788861,1.0,True,10,0,0,494.245849609375,687.2690753936768,34.70336837768555,494.245849609375,completed
736.967641,10,71.796263,1.0,True,10,0,0,537.0588111877441,696.0741968154907,14.50577278137207,537.0588111877441,completed
417.416737,10,71.803771,1.0,True,10,0,0,534.2044153213501,678.4633340835571,31.537547302246093,534.2044153213501,completed
926.574396,10,71.811384,1.0,True,10,0,0,444.1550416946411,699.4206447601318,11.378493499755859,444.1550416946411,completed
419.419279,10,71.818677,1.0,True,10,0,0,448.7846851348877,588.0709037780762,36.471595764160156,448.7846851348877,completed
822.943207,10,71.825956,1.0,True,10,0,0,366.9128360748291,554.1410961151123,24.367694282531737,366.9128360748291,completed
320.955661,10,71.833391,1.0,True,10,0,0,542.7906913757324,818.8779182434082,27.13021068572998,542.7906913757324,completed
861.572046,10,71.840878,1.0,True,10,0,0,416.4805979728699,585.1542196273804,19.24349765777588,416.4805979728699,completed
556.016954,10,71.847887,1.0,True,10,0,0,554.8798942565918,649.0628623962402,24.35429801940918,554.8798942565918,completed
437.00648,10,71.855429,1.0,True,10,0,0,616.963357925415,733.7388191223145,22.535140228271484,616.963357925415,completed
225.440916,10,71.863233,1.0,True,10,0,0,579.4228353500366,1010.8715496063232,21.497333908081053,579.4228353500366,completed
630.256483,10,71.870858,1.0,True,10,0,0,475.6960515975952,580.7715015411377,25.523861694335938,475.6960515975952,completed
737.48711,10,71.878585,1.0,True,10,0,0,527.2331008911133,656.715763092041,19.43928451538086,527.2331008911133,completed
73.352554,10,71.886172,1.0,True,10,0,0,524.8483352661133,802.1193313598633,40.97035903930664,524.8483352661133,completed
597.633132,10,71.893531,1.0,True,10,0,0,481.30951285362244,632.2890772819519,26.653158760070802,481.30951285362244,completed
849.129206,10,71.900846,1.0,True,10,0,0,414.2012529373169,510.26648902893066,22.802845191955566,414.2012529373169,completed
166.526501,10,71.90824,1.0,True,10,0,0,603.7752895355225,756.4677753448486,36.45468864440918,603.7752895355225,completed
1215.912352,10,71.915416,1.0,True,10,0,0,337.2654685974121,413.04027557373047,14.619203186035156,337.2654685974121,completed
311.868969,10,71.922669,1.0,True,10,0,0,587.6970710754395,726.3726921081543,33.82514133453369,587.6970710754395,completed
729.042507,10,71.930034,1.0,True,10,0,0,561.9123344421387,597.4340782165527,20.831630325317384,561.9123344421387,completed
993.691143,10,71.937103,1.0,True,10,0,0,465.11069107055664,620.140453338623,10.504397201538087,465.11069107055664,completed
832.421905,10,71.944345,1.0,True,10,0,0,502.33557987213135,553.3910965919495,18.622327041625976,502.33557987213135,completed
1089.113207,10,71.952324,1.0,True,10,0,0,430.10167121887207,518.2004547119141,11.140264511108398,430.10167121887207,completed
865.7753,10,71.959952,1.0,True,10,0,0,545.5364747047424,576.1937384605408,15.654485130310059,545.5364747047424,completed
-172.229508,10,71.968281,1.0,True,10,0,0,599.1104965209961,995.293041229248,41.647043228149414,599.1104965209961,completed
720.74837,10,71.975568,1.0,True,10,0,0,550.093095779419,651.3608360290527,16.134942626953126,550.093095779419,completed
967.972932,10,71.983036,1.0,True,10,0,0,364.8970470428467,531.5232601165771,18.420662689208985,364.8970470428467,completed
930.95894,10,71.990513,1.0,True,10,0,0,394.68037152290344,622.0546822547913,15.648634338378907,394.68037152290344,completed
633.003771,10,71.997975,1.0,True,10,0,0,498.72185134887695,658.4220399856567,22.924943733215333,498.72185134887695,completed
