#{"t_start": 1781050279.129332, "env_id": "None"}
r,l,t,completion_rate,feasible,served_customers,unserved_customers,invalid_actions,makespan,total_distance,average_regret,penalized_makespan,terminal_status
318.728506,10,1.965176,1.0,True,10,0,0,435.31348419189453,723.8050727844238,35.694891166687015,435.31348419189453,completed
90.118773,10,1.976444,1.0,True,10,0,0,729.324954032898,917.3814601898193,27.658332443237306,729.324954032898,completed
431.83862,10,1.985083,1.0,True,10,0,0,456.67942571640015,689.1044149398804,32.55694341659546,456.67942571640015,completed
319.027092,10,1.996487,1.0,True,10,0,0,518.8311138153076,795.0102157592773,29.258150100708008,518.8311138153076,completed
-404.29814,10,2.004273,1.0,True,10,0,0,733.0691986083984,889.7995910644531,51.28385353088379,733.0691986083984,completed
1367.336307,10,2.012166,1.0,True,10,0,0,336.3395109176636,349.88893127441406,10.549108123779297,336.3395109176636,completed
721.171874,10,2.019978,1.0,True,10,0,0,382.6044502258301,529.6970806121826,27.82993335723877,382.6044502258301,completed
1207.008821,10,2.027805,1.0,True,10,0,0,429.39835357666016,437.8771781921387,10.934363555908202,429.39835357666016,completed
-63.709605,10,2.035669,1.0,True,10,0,0,555.1433906555176,752.6468734741211,48.38560047149658,555.1433906555176,completed
807.665657,10,2.043808,1.0,True,10,0,0,453.5725440979004,624.2342185974121,19.926658821105956,453.5725440979004,completed
839.800871,10,2.052837,1.0,True,10,0,0,608.1905498504639,701.1953125,8.198497772216797,608.1905498504639,completed
812.430288,10,2.060969,1.0,True,10,0,0,483.15439796447754,575.9087219238281,21.45887393951416,483.15439796447754,completed
839.955444,10,2.06818,1.0,True,10,0,0,386.133638381958,529.8183345794678,20.528210258483888,386.133638381958,completed
98.02617,10,2.075811,1.0,True,10,0,0,607.9088668823242,702.8561973571777,42.70433464050293,607.9088668823242,completed
998.567771,10,2.083907,1.0,True,10,0,0,446.07116508483887,543.8605728149414,13.77714500427246,446.07116508483887,completed
798.620663,10,2.091236,1.0,True,10,0,0,467.7173652648926,636.0386810302734,18.055318450927736,467.7173652648926,completed
342.840881,10,2.099063,1.0,True,10,0,0,594.3061847686768,758.3398532867432,30.320078468322755,594.3061847686768,completed
1209.319064,10,2.106539,1.0,True,10,0,0,431.3873872756958,444.3281421661377,11.654377365112305,431.3873872756958,completed
-388.571587,10,2.114024,1.0,True,10,0,0,617.0743293762207,879.4722099304199,53.29537792205811,617.0743293762207,completed
747.168303,10,2.121786,1.0,True,10,0,0,496.862587928772,607.9317770004272,20.04945945739746,496.862587928772,completed
963.966413,10,2.129434,1.0,True,10,0,0,420.1554799079895,581.4308786392212,15.468316650390625,420.1554799079895,completed
766.914474,10,2.137721,1.0,True,10,0,0,497.10219955444336,656.162899017334,17.652250862121583,497.10219955444336,completed
608.942632,10,2.144938,1.0,True,10,0,0,621.5775699615479,635.475025177002,22.954414939880373,621.5775699615479,completed
107.769478,10,2.152559,1.0,True,10,0,0,541.9185800552368,773.8810291290283,42.79051208496094,541.9185800552368,completed
136.599246,10,2.159987,1.0,True,10,0,0,729.7062835693359,828.5784492492676,31.457034492492674,729.7062835693359,completed
825.517842,10,2.167273,1.0,True,10,0,0,517.6395349502563,612.3231706619263,16.51714744567871,517.6395349502563,completed
689.204352,10,2.174755,1.0,True,10,0,0,440.0117645263672,645.2572422027588,22.600281143188475,440.0117645263672,completed
646.086833,10,2.182172,1.0,True,10,0,0,493.8847665786743,600.4942140579224,24.351933574676515,493.8847665786743,completed
45.189494,10,2.189604,1.0,True,10,0,0,589.1883148252964,883.2554443478584,37.235826414823535,589.1883148252964,completed
1087.795201,10,2.197066,1.0,True,10,0,0,396.5785255432129,504.47718620300293,14.216638946533203,396.5785255432129,completed
383.491869,10,2.204374,1.0,True,10,0,0,537.1785545349121,783.8538932800293,28.598085784912108,537.1785545349121,completed
-212.67937,10,2.211818,1.0,True,10,0,0,618.7111320495605,786.238639831543,50.8295093536377,618.7111320495605,completed
409.130501,10,2.219829,1.0,True,10,0,0,495.023962020874,685.2919387817383,31.501699447631836,495.023962020874,completed
634.440542,10,2.226807,1.0,True,10,0,0,565.0942344665527,685.079008102417,19.395800399780274,565.0942344665527,completed
309.061618,10,2.234443,1.0,True,10,0,0,579.202558517456,728.8583927154541,31.583630752563476,579.202558517456,completed
-85.581582,10,2.241824,1.0,True,10,0,0,681.3814849853516,778.1870460510254,45.53734703063965,681.3814849853516,completed
-212.277621,10,2.250468,1.0,True,10,0,0,727.8823833465576,949.2245140075684,41.07006130218506,727.8823833465576,completed
413.307681,10,2.259686,1.0,True,10,0,0,623.8555946350098,631.2938995361328,31.64778366088867,623.8555946350098,completed
350.626036,10,2.267089,1.0,True,10,0,0,508.53764629364014,891.5000419616699,23.93006649017334,508.53764629364014,completed
839.401871,10,2.274902,1.0,True,10,0,0,486.63241481781006,565.9149074554443,19.30561408996582,486.63241481781006,completed
690.157558,10,2.283331,1.0,True,10,0,0,458.45725440979004,622.4167289733887,23.25548439025879,458.45725440979004,completed
694.383303,10,2.291828,1.0,True,10,0,0,489.02799224853516,610.5001411437988,25.282487297058104,489.02799224853516,completed
1174.184398,10,2.300484,1.0,True,10,0,0,308.7961266040802,450.2861924171448,16.761155700683595,308.7961266040802,completed
819.069468,10,2.308626,1.0,True,10,0,0,429.3928098678589,593.8075084686279,21.75532932281494,429.3928098678589,completed
246.086897,10,2.317319,1.0,True,10,0,0,514.2973928451538,714.4216403961182,37.47354316711426,514.2973928451538,completed
417.617023,10,2.324373,1.0,True,10,0,0,707.3283863067627,752.619176864624,22.255242538452148,707.3283863067627,completed
1126.816665,10,2.331566,1.0,True,10,0,0,433.92635917663574,541.0078582763672,7.885943794250489,433.92635917663574,completed
848.928607,10,2.339197,1.0,True,10,0,0,468.5071678161621,501.30998611450195,20.4263053894043,468.5071678161621,completed
573.021349,10,2.346376,1.0,True,10,0,0,534.5548362731934,664.868724822998,25.744507598876954,534.5548362731934,completed
-282.399641,10,2.35395,1.0,True,10,0,0,716.4464702606201,904.0674324035645,44.90287914276123,716.4464702606201,completed
602.376347,10,2.361018,1.0,True,10,0,0,390.65752124786377,601.5126476287842,30.828261375427246,390.65752124786377,completed
734.709941,10,2.368175,1.0,True,10,0,0,430.68489837646484,529.0747699737549,25.744843673706054,430.68489837646484,completed
582.452582,10,2.375186,1.0,True,10,0,0,499.3448734283447,739.7079391479492,20.963088035583496,499.3448734283447,completed
179.551007,10,2.382781,1.0,True,10,0,0,649.2285957336426,798.4399356842041,32.13139533996582,649.2285957336426,completed
658.115287,10,2.39004,1.0,True,10,0,0,449.85040283203125,557.2230796813965,27.451454162597656,449.85040283203125,completed
441.761541,10,2.397926,1.0,True,10,0,0,530.1281290054321,747.9208431243896,29.122432708740234,530.1281290054321,completed
293.308212,10,2.405108,1.0,True,10,0,0,612.396418094635,736.924355506897,30.931857299804687,612.396418094635,completed
158.596276,10,2.412683,1.0,True,10,0,0,639.342444896698,736.1225004196167,35.653175354003906,639.342444896698,completed
678.184668,10,2.420104,1.0,True,10,0,0,460.6244387626648,562.2691526412964,27.097230052948,460.6244387626648,completed
1031.444887,10,2.427468,1.0,True,10,0,0,421.9387536048889,458.55692768096924,16.298962020874022,421.9387536048889,completed
1031.458886,10,2.43488,1.0,True,10,0,0,495.6989622116089,561.6782398223877,12.163783645629882,495.6989622116089,completed
-155.908,10,2.441917,1.0,True,10,0,0,685.8696670532227,866.6034889221191,42.80611810684204,685.8696670532227,completed
1075.36019,10,2.449631,1.0,True,10,0,0,384.692081451416,503.4762077331543,15.25003662109375,384.692081451416,completed
798.418646,10,2.457073,1.0,True,10,0,0,485.12390422821045,534.9399356842041,21.85365409851074,485.12390422821045,completed
432.429574,10,2.464266,1.0,True,10,0,0,529.2014636993408,673.2636909484863,31.222974395751955,529.2014636993408,completed
514.44735,10,2.471521,1.0,True,10,0,0,434.6746578216553,699.6421394348145,27.257075119018555,434.6746578216553,completed
-350.485394,10,2.478867,1.0,True,10,0,0,616.332878112793,877.9632587432861,53.9963041305542,616.332878112793,completed
1097.518469,10,2.486293,1.0,True,10,0,0,331.216513633728,417.8812322616577,19.204113388061522,331.216513633728,completed
-1110.800935,10,2.494017,1.0,True,10,0,0,895.8838882446289,1114.205581665039,69.38222312927246,895.8838882446289,completed
-289.909457,10,2.501519,1.0,True,10,0,0,736.8427810668945,937.793212890625,46.56156272888184,736.8427810668945,completed
507.643716,10,2.509117,1.0,True,10,0,0,520.3266716003418,681.6761627197266,28.515825080871583,520.3266716003418,completed
92.748031,10,2.516573,1.0,True,10,0,0,667.7679119110107,948.105920791626,27.68373546600342,667.7679119110107,completed
589.940888,10,2.523587,1.0,True,10,0,0,578.1759405136108,818.6280288696289,15.133135795593262,578.1759405136108,completed
795.705944,10,2.531129,1.0,True,10,0,0,481.9957695007324,613.685001373291,17.752154636383057,481.9957695007324,completed
239.040879,10,2.538698,1.0,True,10,0,0,464.3421516418457,683.5986099243164,38.519767951965335,464.3421516418457,completed
903.215466,10,2.546672,1.0,True,10,0,0,450.5913190841675,712.1305065155029,9.154309272766113,450.5913190841675,completed
963.245479,10,2.554121,1.0,True,10,0,0,418.34910678863525,479.8728084564209,18.644248390197752,418.34910678863525,completed
602.431365,10,2.561656,1.0,True,10,0,0,476.8501605987549,624.4276866912842,25.729404163360595,476.8501605987549,completed
965.788502,10,2.570019,1.0,True,10,0,0,405.5410957336426,506.6735076904297,17.427299118041994,405.5410957336426,completed
-280.055602,10,2.577232,1.0,True,10,0,0,665.3918724060059,905.1469192504883,47.507943344116214,665.3918724060059,completed
-129.197382,10,2.584607,1.0,True,10,0,0,642.0369834899902,822.5610656738281,43.95790100097656,642.0369834899902,completed
394.821073,10,2.591805,1.0,True,10,0,0,546.7971019744873,680.6759052276611,29.667858505249022,546.7971019744873,completed
1106.385215,10,2.599125,1.0,True,10,0,0,381.69141483306885,418.70740604400635,17.201089477539064,381.69141483306885,completed
417.156681,10,2.606173,1.0,True,10,0,0,671.1971492767334,742.2194728851318,25.184180450439452,671.1971492767334,completed
167.982954,10,2.613196,1.0,True,10,0,0,602.8522186279297,687.5018081665039,36.45268630981445,602.8522186279297,completed
574.079886,10,2.620587,1.0,True,10,0,0,494.4524517059326,689.0486640930176,24.314755630493163,494.4524517059326,completed
1008.876388,10,2.628089,1.0,True,10,0,0,515.314022064209,620.1094875335693,8.240738105773925,515.314022064209,completed
606.932016,10,2.635187,1.0,True,10,0,0,589.4489631652832,748.664981842041,17.793356323242186,589.4489631652832,completed
-31.471079,10,2.64279,1.0,True,10,0,0,691.5847816467285,1171.0525131225586,20.91812229156494,691.5847816467285,completed
309.88369,10,2.649963,1.0,True,10,0,0,539.2706451416016,803.8450050354004,29.86622085571289,539.2706451416016,completed
260.877867,10,2.657337,1.0,True,10,0,0,490.6595232486725,775.1839852333069,36.60120177268982,490.6595232486725,completed
1066.23295,10,2.665056,1.0,True,10,0,0,382.0775737762451,475.05689239501953,17.34789619445801,382.0775737762451,completed
968.620163,10,2.673476,1.0,True,10,0,0,382.8205165863037,547.328821182251,19.481291198730467,382.8205165863037,completed
1308.894489,10,2.680982,1.0,True,10,0,0,377.71441078186035,377.71441078186035,10.69955062866211,377.71441078186035,completed
-86.468043,10,2.688704,1.0,True,10,0,0,531.1039447784424,823.0423011779785,46.37295722961426,531.1039447784424,completed
744.769041,10,2.696876,1.0,True,10,0,0,418.33938360214233,609.0241270065308,23.715039443969726,418.33938360214233,completed
612.438976,10,2.704998,1.0,True,10,0,0,495.29970836639404,633.0091791152954,26.7035551071167,495.29970836639404,completed
531.422392,10,2.712859,1.0,True,10,0,0,425.24757194519043,603.2843532562256,33.24081382751465,425.24757194519043,completed
54.498543,10,2.720392,1.0,True,10,0,0,789.7032985687256,844.9762516021729,31.61028003692627,789.7032985687256,completed
576.573038,10,2.727611,1.0,True,10,0,0,491.389235496521,643.9018726348877,28.01506805419922,491.389235496521,completed
-71.392801,10,2.735617,1.0,True,10,0,0,613.305362701416,992.8581581115723,35.063280487060545,613.305362701416,completed
693.307571,10,2.743151,1.0,True,10,0,0,480.5674858093262,634.7468299865723,23.006521224975586,480.5674858093262,completed
173.880724,10,2.75048,1.0,True,10,0,0,670.8229141235352,766.9688110351562,34.747991752624515,670.8229141235352,completed
1023.219014,10,2.75781,1.0,True,10,0,0,419.2295894622803,626.926643371582,8.781196212768554,419.2295894622803,completed
544.714635,10,2.765644,1.0,True,10,0,0,563.7010536193848,799.2860145568848,17.642505836486816,563.7010536193848,completed
776.636498,10,2.773409,1.0,True,10,0,0,521.5104675292969,698.9142189025879,14.082579040527344,521.5104675292969,completed
-87.846353,10,2.781332,1.0,True,10,0,0,701.6145210266113,955.6715812683105,36.531945037841794,701.6145210266113,completed
1150.756222,10,2.788622,1.0,True,10,0,0,332.69732904434204,413.2531852722168,16.75234384536743,332.69732904434204,completed
264.390911,10,2.796273,1.0,True,10,0,0,655.9265213012695,888.5137519836426,22.734402465820313,655.9265213012695,completed
1019.007581,10,2.80383,1.0,True,10,0,0,473.8312110900879,636.2635707855225,8.090188217163085,473.8312110900879,completed
560.695173,10,2.811823,1.0,True,10,0,0,505.3707046508789,680.2541656494141,26.390141105651857,505.3707046508789,completed
618.704673,10,2.819223,1.0,True,10,0,0,471.08210945129395,664.157642364502,25.403632736206056,471.08210945129395,completed
411.501454,10,2.826384,1.0,True,10,0,0,579.0855388641357,647.384973526001,30.946187591552736,579.0855388641357,completed
199.520987,10,2.833899,1.0,True,10,0,0,464.73110580444336,716.2374801635742,39.938956069946286,464.73110580444336,completed
572.362205,10,2.841673,1.0,True,10,0,0,475.26881217956543,665.5438327789307,26.26891460418701,475.26881217956543,completed
124.70246,10,2.849121,1.0,True,10,0,0,719.2124137878418,811.9316825866699,32.03226203918457,719.2124137878418,completed
1357.361791,10,2.857307,1.0,True,10,0,0,389.8800950050354,456.5005569458008,3.5779769897460936,389.8800950050354,completed
-51.45802,10,2.864304,1.0,True,10,0,0,686.3671073913574,848.9185981750488,39.79136486053467,686.3671073913574,completed
855.493866,10,2.872586,1.0,True,10,0,0,410.84558486938477,533.4057235717773,21.312624359130858,410.84558486938477,completed
269.955382,10,2.880463,1.0,True,10,0,0,615.2974109649658,822.003755569458,27.33310203552246,615.2974109649658,completed
849.853373,10,2.88848,1.0,True,10,0,0,532.7798571586609,622.558856010437,15.53319854736328,532.7798571586609,completed
855.190562,10,2.896183,1.0,True,10,0,0,490.71820163726807,541.3224267959595,18.496192359924315,490.71820163726807,completed
330.900323,10,2.903956,1.0,True,10,0,0,589.5272798538208,750.1188945770264,30.262626266479494,589.5272798538208,completed
-60.720233,10,2.911503,1.0,True,10,0,0,616.546630859375,834.7817115783691,43.12661857604981,616.546630859375,completed
472.982117,10,2.920596,1.0,True,10,0,0,468.89229011535645,631.5691223144531,32.04782371520996,468.89229011535645,completed
643.629828,10,2.929424,1.0,True,10,0,0,555.2035636901855,676.9893455505371,19.67798767089844,555.2035636901855,completed
753.326811,10,2.93664,1.0,True,10,0,0,522.0293684005737,541.0233392715454,23.91649475097656,522.0293684005737,completed
940.530779,10,2.944164,1.0,True,10,0,0,397.92680168151855,544.1299209594727,16.85851135253906,397.92680168151855,completed
484.111354,10,2.951299,1.0,True,10,0,0,606.4338750839233,765.9553537368774,21.223871612548827,606.4338750839233,completed
377.538865,10,2.958327,1.0,True,10,0,0,592.8884372711182,758.1136493682861,27.39015293121338,592.8884372711182,completed
-413.788553,10,2.965608,1.0,True,10,0,0,663.3667945861816,966.7569885253906,50.86678943634033,663.3667945861816,completed
429.498906,10,2.973069,1.0,True,10,0,0,545.0989398956299,684.072380065918,30.29810562133789,545.0989398956299,completed
518.632739,10,2.980081,1.0,True,10,0,0,501.80297470092773,664.7264022827148,26.954321670532227,501.80297470092773,completed
765.637329,10,2.987273,1.0,True,10,0,0,515.6055603027344,709.1299915313721,14.247817230224609,515.6055603027344,completed
296.831218,10,2.994233,1.0,True,10,0,0,550.616551399231,720.5595188140869,36.009169006347655,550.616551399231,completed
368.943103,10,3.001773,1.0,True,10,0,0,608.9588279724121,878.5857925415039,21.961861419677735,608.9588279724121,completed
1067.243199,10,3.009475,1.0,True,10,0,0,422.08134746551514,512.9145193099976,11.515101051330566,422.08134746551514,completed
770.934748,10,3.017181,1.0,True,10,0,0,450.90747261047363,557.9601173400879,24.238231945037843,450.90747261047363,completed
602.152027,10,3.024576,1.0,True,10,0,0,462.5327892303467,601.3871440887451,28.690122032165526,462.5327892303467,completed
586.675698,10,3.032096,1.0,True,10,0,0,525.0733337402344,750.318639755249,19.396489906311036,525.0733337402344,completed
525.622752,10,3.040069,1.0,True,10,0,0,497.8194351196289,660.0809631347656,28.229826354980467,497.8194351196289,completed
724.784936,10,3.047281,1.0,True,10,0,0,495.2367115020752,597.9323310852051,20.517373657226564,495.2367115020752,completed
556.743438,10,3.054851,1.0,True,10,0,0,451.16034603118896,672.590482711792,26.1355411529541,451.16034603118896,completed
338.08637,10,3.062884,1.0,True,10,0,0,543.2720375061035,812.2158107757568,29.125650787353514,543.2720375061035,completed
1073.727219,10,3.071871,1.0,True,10,0,0,426.8543300628662,471.9534091949463,13.300571632385253,426.8543300628662,completed
756.392826,10,3.081323,1.0,True,10,0,0,384.63031339645386,591.6009855270386,23.853395080566408,384.63031339645386,completed
776.757305,10,3.090141,1.0,True,10,0,0,485.9262046813965,646.472843170166,18.028342247009277,485.9262046813965,completed
884.856639,10,3.099119,1.0,True,10,0,0,450.81765365600586,558.4880981445312,17.26579303741455,450.81765365600586,completed
312.673691,10,3.108436,1.0,True,10,0,0,537.1299982070923,807.4059228897095,28.345089721679688,537.1299982070923,completed
-258.490536,10,3.117387,1.0,True,10,0,0,601.8179779052734,1028.9178771972656,41.529504203796385,601.8179779052734,completed
911.301323,10,3.125608,1.0,True,10,0,0,476.2956886291504,516.4720420837402,17.490100860595703,476.2956886291504,completed
1049.715704,10,3.134729,1.0,True,10,0,0,427.28905296325684,478.39422607421875,12.883860778808593,427.28905296325684,completed
258.953003,10,3.144075,1.0,True,10,0,0,614.6420783996582,728.139965057373,35.565389442443845,614.6420783996582,completed
544.982736,10,3.155509,1.0,True,10,0,0,566.30823802948,709.5832052230835,21.234539794921876,566.30823802948,completed
1104.689504,10,3.1642,1.0,True,10,0,0,401.3457221984863,410.5037651062012,17.147446060180663,401.3457221984863,completed
788.012548,10,3.173255,1.0,True,10,0,0,510.1839904785156,565.7386169433594,19.92822895050049,510.1839904785156,completed
1206.315609,10,3.182017,1.0,True,10,0,0,384.5164461135864,478.14367294311523,10.100824165344239,384.5164461135864,completed
322.423045,10,3.19072,1.0,True,10,0,0,442.10258197784424,690.50710105896,37.13787975311279,442.10258197784424,completed
265.361223,10,3.198798,1.0,True,10,0,0,515.0213460922241,770.3270969390869,33.41330814361572,515.0213460922241,completed
-338.848852,10,3.206548,1.0,True,10,0,0,646.9965572357178,1019.8396377563477,47.191365814208986,646.9965572357178,completed
781.972984,10,3.2155,1.0,True,10,0,0,480.0586566925049,610.4098167419434,19.927051162719728,480.0586566925049,completed
474.537395,10,3.225017,1.0,True,10,0,0,443.2427673339844,760.9102840423584,26.875781631469728,443.2427673339844,completed
842.62156,10,3.232845,1.0,True,10,0,0,459.35736083984375,634.2586002349854,17.45397815704346,459.35736083984375,completed
781.912112,10,3.241836,1.0,True,10,0,0,394.46708703041077,521.3928151130676,24.89377694129944,394.46708703041077,completed
168.310817,10,3.249287,1.0,True,10,0,0,685.1833820343018,804.5814781188965,32.52697639465332,685.1833820343018,completed
217.476847,10,3.257377,1.0,True,10,0,0,688.559907913208,761.6911468505859,31.07634735107422,688.559907913208,completed
176.880458,10,3.266045,1.0,True,10,0,0,543.0399055480957,751.1736068725586,40.550231552124025,543.0399055480957,completed
-86.980356,10,3.273854,1.0,True,10,0,0,588.8969841003418,817.8754768371582,46.19895706176758,588.8969841003418,completed
682.912115,10,3.281778,1.0,True,10,0,0,549.0130043029785,549.0130043029785,22.43828887939453,549.0130043029785,completed
306.925772,10,3.289956,1.0,True,10,0,0,432.35518646240234,697.4043121337891,36.575818634033205,432.35518646240234,completed
-17.724945,10,3.298644,1.0,True,10,0,0,544.524974822998,830.5328063964844,44.621193647384644,544.524974822998,completed
1199.965221,10,3.307609,1.0,True,10,0,0,404.08880519866943,448.87981605529785,10.19068489074707,404.08880519866943,completed
495.401708,10,3.315992,1.0,True,10,0,0,573.8235578536987,599.418438911438,29.547193717956542,573.8235578536987,completed
598.509256,10,3.32551,1.0,True,10,0,0,515.0981327295303,557.1489803791046,28.4783992767334,515.0981327295303,completed
799.137987,10,3.334702,1.0,True,10,0,0,520.5862979888916,650.7687854766846,15.633228492736816,520.5862979888916,completed
847.702498,10,3.34341,1.0,True,10,0,0,354.0709457397461,508.3617534637451,24.78285026550293,354.0709457397461,completed
1034.760848,10,3.351132,1.0,True,10,0,0,447.2303891181946,590.7786073684692,11.852222537994384,447.2303891181946,completed
747.551836,10,3.359685,1.0,True,10,0,0,491.2092800140381,608.955005645752,18.893604469299316,491.2092800140381,completed
-65.980938,10,3.367301,1.0,True,10,0,0,672.8000507354736,796.8402690887451,42.53883056640625,672.8000507354736,completed
829.758239,10,3.375464,1.0,True,10,0,0,445.33839988708496,526.2447166442871,23.208476638793947,445.33839988708496,completed
859.026068,10,3.385102,1.0,True,10,0,0,380.5070824623108,507.0527868270874,24.745580863952636,380.5070824623108,completed
619.916913,10,3.393672,1.0,True,10,0,0,420.6086678504944,627.2668704986572,30.13621644973755,420.6086678504944,completed
613.479592,10,3.400976,1.0,True,10,0,0,564.822093963623,600.7558860778809,23.83978385925293,564.822093963623,completed
184.885154,10,3.40861,1.0,True,10,0,0,643.9108371734619,821.2148895263672,29.521598243713377,643.9108371734619,completed
1229.202365,10,3.41656,1.0,True,10,0,0,374.42855167388916,507.723819732666,7.632215118408203,374.42855167388916,completed
639.229751,10,3.425409,1.0,True,10,0,0,445.58911895751953,574.6468276977539,27.56526336669922,445.58911895751953,completed
600.144537,10,3.433851,1.0,True,10,0,0,475.40029525756836,640.3758850097656,26.260090637207032,475.40029525756836,completed
344.354734,10,3.441437,1.0,True,10,0,0,519.9777631759644,808.1356716156006,27.235468482971193,519.9777631759644,completed
1548.977992,10,3.449035,1.0,True,10,0,0,302.2387456893921,359.7284107208252,3.1988754272460938,302.2387456893921,completed
970.552255,10,3.456521,1.0,True,10,0,0,423.448281288147,612.4248085021973,12.085574340820312,423.448281288147,completed
1304.701429,10,3.464944,1.0,True,10,0,0,395.9645519256592,395.9645519256592,8.107941627502441,395.9645519256592,completed
736.693011,10,3.472944,1.0,True,10,0,0,526.4760465621948,610.0051851272583,19.57078285217285,526.4760465621948,completed
600.046736,10,3.481234,1.0,True,10,0,0,492.0793972015381,623.5596828460693,25.439498710632325,492.0793972015381,completed
862.578591,10,3.489325,1.0,True,10,0,0,461.5110740661621,586.8499565124512,16.498990631103517,461.5110740661621,completed
265.986706,10,3.496653,1.0,True,10,0,0,635.6120681762695,761.0822257995605,30.272780227661134,635.6120681762695,completed
-100.163183,10,3.503698,1.0,True,10,0,0,585.4475231170654,817.3051719665527,46.99294900894165,585.4475231170654,completed
235.873179,10,3.510969,1.0,True,10,0,0,526.7786865234375,767.7594242095947,37.17621212005615,526.7786865234375,completed
443.041922,10,3.518318,1.0,True,10,0,0,473.25646018981934,624.1160984039307,32.57382469177246,473.25646018981934,completed
1203.631135,10,3.525789,1.0,True,10,0,0,399.6357674598694,626.4261507987976,2.8759319305419924,399.6357674598694,completed
1306.048014,10,3.53354,1.0,True,10,0,0,367.27242374420166,500.28124046325684,5.663958358764648,367.27242374420166,completed
1105.126151,10,3.541274,1.0,True,10,0,0,448.9049758911133,448.9049758911133,13.586769485473633,448.9049758911133,completed
-66.218378,10,3.549047,1.0,True,10,0,0,568.9978103637695,881.6042861938477,41.00274887084961,568.9978103637695,completed
176.083941,10,3.556574,1.0,True,10,0,0,714.279598236084,984.3895683288574,22.62598876953125,714.279598236084,completed
457.99131,10,3.563655,1.0,True,10,0,0,472.19418239593506,654.0644245147705,33.961065673828124,472.19418239593506,completed
-91.304641,10,4.882551,1.0,True,10,0,0,591.1274223327637,809.7541999816895,46.79492835998535,591.1274223327637,completed
516.19055,10,4.892247,1.0,True,10,0,0,480.43091344833374,674.4884405136108,28.43068084716797,480.43091344833374,completed
1081.484946,10,4.900136,1.0,True,10,0,0,392.4670162200928,462.92399406433105,14.44092254638672,392.4670162200928,completed
274.659109,10,4.907804,1.0,True,10,0,0,512.714786529541,877.0513515472412,27.14777660369873,512.714786529541,completed
349.493844,10,4.915458,1.0,True,10,0,0,566.8705463409424,810.9799690246582,26.66529312133789,566.8705463409424,completed
336.028797,10,4.922887,1.0,True,10,0,0,671.1547393798828,868.6040344238281,22.290696096420287,671.1547393798828,completed
979.970116,10,4.930406,1.0,True,10,0,0,420.63601303100586,459.1852626800537,16.377224349975585,420.63601303100586,completed
1325.302324,10,4.937765,1.0,True,10,0,0,303.63206911087036,363.84580993652344,11.614402198791504,303.63206911087036,completed
193.054306,10,4.945178,1.0,True,10,0,0,660.6346397399902,934.872241973877,22.360272216796876,660.6346397399902,completed
1079.256552,10,4.952913,1.0,True,10,0,0,370.6510581970215,457.89523696899414,15.483402633666993,370.6510581970215,completed
54.445688,10,4.960191,1.0,True,10,0,0,493.60024642944336,779.4751110076904,42.84857711791992,493.60024642944336,completed
1258.842948,10,4.967737,1.0,True,10,0,0,343.84102964401245,478.634539604187,7.4177220344543455,343.84102964401245,completed
920.418726,10,4.975318,1.0,True,10,0,0,426.53980827331543,626.0782089233398,14.998567962646485,426.53980827331543,completed
183.6283,10,4.982519,1.0,True,10,0,0,517.8138275146484,734.0019302368164,39.41406402587891,517.8138275146484,completed
776.867471,10,4.990421,1.0,True,10,0,0,385.04459524154663,608.3806104660034,24.394355010986327,385.04459524154663,completed
609.1445,10,4.99821,1.0,True,10,0,0,505.6800308227539,664.8431625366211,24.8060001373291,505.6800308227539,completed
1533.273138,10,5.005633,1.0,True,10,0,0,298.3793897628784,319.18021965026855,5.080049324035644,298.3793897628784,completed
910.984876,10,5.01339,1.0,True,10,0,0,544.8641369342804,586.0922455787659,12.869758605957031,544.8641369342804,completed
668.96063,10,5.022806,1.0,True,10,0,0,407.2794990539551,603.392900466919,28.14697399139404,407.2794990539551,completed
681.44989,10,5.031816,1.0,True,10,0,0,453.84522342681885,650.7706003189087,22.269765758514403,453.84522342681885,completed
938.707973,10,5.041148,1.0,True,10,0,0,452.45454835891724,508.34624576568604,18.53192138671875,452.45454835891724,completed
217.382848,10,5.05126,1.0,True,10,0,0,661.7793474197388,726.8749885559082,32.54935278892517,661.7793474197388,completed
623.034888,10,5.065023,1.0,True,10,0,0,436.0991401672363,627.0917739868164,27.025233840942384,436.0991401672363,completed
-721.492809,10,5.083831,1.0,True,10,0,0,733.3842277526855,1037.148323059082,60.27995586395264,733.3842277526855,completed
495.223864,10,5.098225,1.0,True,10,0,0,442.7404975891113,550.0654907226562,33.70298986434936,442.7404975891113,completed
741.444117,10,5.122541,1.0,True,10,0,0,427.08294105529785,606.7254104614258,21.2454083442688,427.08294105529785,completed
319.072646,10,5.140387,1.0,True,10,0,0,480.6111011505127,765.6633567810059,33.266550064086914,480.6111011505127,completed
775.840631,10,5.15394,1.0,True,10,0,0,435.2798099517822,549.4265689849854,22.431112861633302,435.2798099517822,completed
368.51526,10,5.171021,1.0,True,10,0,0,589.80788397789,738.2272839546204,30.277499866485595,589.80788397789,completed
61.584257,10,5.180025,1.0,True,10,0,0,621.129207611084,890.8313598632812,33.79118614196777,621.129207611084,completed
722.678096,10,5.191451,1.0,True,10,0,0,502.94013595581055,568.1261711120605,20.780951690673827,502.94013595581055,completed
-217.410067,10,5.205139,1.0,True,10,0,0,660.6739463806152,940.5649909973145,45.06921043395996,660.6739463806152,completed
1026.159431,10,5.218542,1.0,True,10,0,0,404.6360470056534,445.6945278644562,17.789748001098634,404.6360470056534,completed
1506.277831,10,5.228222,1.0,True,10,0,0,333.5071141719818,418.29630613327026,2.4245981693267824,333.5071141719818,completed
1452.177996,10,5.240486,1.0,True,10,0,0,342.25768756866455,419.9317264556885,2.27712459564209,342.25768756866455,completed
778.989306,10,5.254086,1.0,True,10,0,0,459.1112976074219,576.3414077758789,20.078418350219728,459.1112976074219,completed
618.744101,10,5.266567,1.0,True,10,0,0,524.1899223327637,627.9187278747559,23.30156726837158,524.1899223327637,completed
565.005138,10,5.276946,1.0,True,10,0,0,546.2290306091309,755.1616744995117,19.57898006439209,546.2290306091309,completed
1217.224653,10,5.287623,1.0,True,10,0,0,329.2976493835449,479.24231338500977,9.901510620117188,329.2976493835449,completed
426.330277,10,5.29862,1.0,True,10,0,0,556.8434257507324,669.6903991699219,28.39521141052246,556.8434257507324,completed
776.310615,10,5.308214,1.0,True,10,0,0,466.9098777770996,668.7798805236816,18.64427947998047,466.9098777770996,completed
1087.447586,10,5.319209,1.0,True,10,0,0,413.04839515686035,511.7988166809082,12.087233924865723,413.04839515686035,completed
941.408879,10,5.331901,1.0,True,10,0,0,473.7113313674927,611.3472118377686,12.094119453430176,473.7113313674927,completed
1203.417276,10,5.342567,1.0,True,10,0,0,308.30448484420776,433.6977491378784,13.726625442504883,308.30448484420776,completed
1309.496827,10,5.350639,1.0,True,10,0,0,400.10888957977295,492.0007495880127,6.21185073852539,400.10888957977295,completed
634.958811,10,5.358198,1.0,True,10,0,0,531.9499144554138,706.995379447937,21.658816146850587,531.9499144554138,completed
317.647176,10,5.366332,1.0,True,10,0,0,620.5408391952515,840.7172260284424,27.5119686126709,620.5408391952515,completed
1110.225423,10,5.373703,1.0,True,10,0,0,390.17668294906616,508.8338918685913,13.0475643157959,390.17668294906616,completed
-576.963251,10,5.381416,1.0,True,10,0,0,644.8771438598633,1065.4647903442383,54.151284790039064,644.8771438598633,completed
641.194212,10,5.389,1.0,True,10,0,0,493.0082402229309,614.2010679244995,26.368983459472656,493.0082402229309,completed
992.741236,10,5.396807,1.0,True,10,0,0,462.0484733581543,544.2432975769043,13.568102645874024,462.0484733581543,completed
1601.758126,10,5.408019,1.0,True,10,0,0,307.9298243522644,315.3335237503052,4.080855178833008,307.9298243522644,completed
305.298619,10,5.418776,1.0,True,10,0,0,560.7807397842407,929.9891490936279,23.76224365234375,560.7807397842407,completed
1411.337805,10,5.42642,1.0,True,10,0,0,358.94613456726074,358.94613456726074,8.422688293457032,358.94613456726074,completed
399.676435,10,5.43447,1.0,True,10,0,0,552.4705142974854,787.0562057495117,25.903971481323243,552.4705142974854,completed
573.331193,10,5.443573,1.0,True,10,0,0,403.07116508483887,734.4041900634766,24.599074935913087,403.07116508483887,completed
-534.093433,10,5.45189,1.0,True,10,0,0,805.6229858398438,939.2037887573242,52.879773712158205,805.6229858398438,completed
-327.842222,10,5.459536,1.0,True,10,0,0,531.8525123596191,903.8876495361328,52.72271499633789,531.8525123596191,completed
-288.733384,10,5.467569,1.0,True,10,0,0,742.8590450286865,1015.6684226989746,40.78913459777832,742.8590450286865,completed
462.234637,10,5.475265,1.0,True,10,0,0,587.7383480072021,664.8819351196289,27.187611293792724,587.7383480072021,completed
915.495191,10,5.483422,1.0,True,10,0,0,457.918438911438,540.2534103393555,17.77374973297119,457.918438911438,completed
628.253077,10,5.491067,1.0,True,10,0,0,521.0410804748535,644.3343963623047,20.767721939086915,521.0410804748535,completed
282.380626,10,5.498738,1.0,True,10,0,0,589.0634803771973,750.1963768005371,28.948263549804686,589.0634803771973,completed
1175.490392,10,5.509746,1.0,True,10,0,0,319.9990348815918,462.54659271240234,13.185446739196777,319.9990348815918,completed
509.483618,10,5.517351,1.0,True,10,0,0,535.2273969650269,789.444257736206,20.799563026428224,535.2273969650269,completed
783.898596,10,5.524746,1.0,True,10,0,0,481.1249485015869,572.4554424285889,20.636272430419922,481.1249485015869,completed
1164.855758,10,5.532987,1.0,True,10,0,0,459.13336277008057,501.2811918258667,8.662745666503906,459.13336277008057,completed
774.707211,10,5.540714,1.0,True,10,0,0,464.1759042739868,622.9760189056396,17.575681304931642,464.1759042739868,completed
226.540355,10,5.548453,1.0,True,10,0,0,582.5303649902344,748.5980262756348,34.52417984008789,582.5303649902344,completed
1056.85585,10,5.557053,1.0,True,10,0,0,394.0858688354492,485.7708930969238,15.617232322692871,394.0858688354492,completed
615.066242,10,5.565781,1.0,True,10,0,0,552.3559317588806,688.159848690033,21.82721824645996,552.3559317588806,completed
256.407477,10,5.573573,1.0,True,10,0,0,455.26517486572266,679.7887382507324,41.88329029083252,455.26517486572266,completed
431.726957,10,5.581662,1.0,True,10,0,0,627.724666595459,1054.8975410461426,9.812547397613525,627.724666595459,completed
734.402291,10,5.588975,1.0,True,10,0,0,496.9976444244385,641.4704360961914,18.839082145690917,496.9976444244385,completed
1165.825346,10,5.596446,1.0,True,10,0,0,404.7810106277466,503.5942373275757,10.11761932373047,404.7810106277466,completed
675.782364,10,5.60483,1.0,True,10,0,0,463.5921277999878,592.5202083587646,26.714506530761717,463.5921277999878,completed
488.774846,10,5.613033,1.0,True,10,0,0,467.14817237854004,672.653886795044,30.300848770141602,467.14817237854004,completed
1025.447137,10,5.621165,1.0,True,10,0,0,401.76581859588623,484.1700687408447,14.54531478881836,401.76581859588623,completed
934.126501,10,5.628864,1.0,True,10,0,0,423.41040802001953,447.88523864746094,20.45767459869385,423.41040802001953,completed
1034.077929,10,5.63625,1.0,True,10,0,0,437.0039415359497,588.9787731170654,11.042152786254883,437.0039415359497,completed
1163.811973,10,5.643737,1.0,True,10,0,0,369.0430555343628,435.7708406448364,11.270713424682617,369.0430555343628,completed
357.438592,10,5.651322,1.0,True,10,0,0,578.4427299499512,733.7524108886719,30.16840591430664,578.4427299499512,completed
556.737336,10,5.658949,1.0,True,10,0,0,538.7825803756714,720.0394487380981,22.14748611450195,538.7825803756714,completed
520.964905,10,5.666886,1.0,True,10,0,0,621.6060137748718,722.7837362289429,21.300468826293944,621.6060137748718,completed
768.890181,10,5.674389,1.0,True,10,0,0,484.0405879020691,572.928219795227,21.27322120666504,484.0405879020691,completed
812.623115,10,5.681858,1.0,True,10,0,0,457.72937965393066,700.2417163848877,14.123668479919434,457.72937965393066,completed
628.98096,10,5.689334,1.0,True,10,0,0,544.8271484375,681.2817878723145,17.98563919067383,544.8271484375,completed
984.845448,10,5.696913,1.0,True,10,0,0,376.1730155944824,524.2360916137695,17.639552116394043,376.1730155944824,completed
505.382451,10,5.704118,1.0,True,10,0,0,483.01023864746094,645.1019744873047,30.509961700439455,483.01023864746094,completed
405.273215,10,5.711955,1.0,True,10,0,0,554.6945762634277,745.421875,27.84729881286621,554.6945762634277,completed
-158.130965,10,5.71976,1.0,True,10,0,0,635.1690311431885,818.5986309051514,48.328552627563475,635.1690311431885,completed
800.430473,10,5.727435,1.0,True,10,0,0,485.9262933731079,594.5840549468994,19.698564529418945,485.9262933731079,completed
183.796421,10,5.735393,1.0,True,10,0,0,637.4286241531372,794.7981901168823,31.223419761657716,637.4286241531372,completed
-454.356523,10,5.743606,1.0,True,10,0,0,676.9757843017578,894.4114646911621,57.71592206954956,676.9757843017578,completed
513.935097,10,5.752423,1.0,True,10,0,0,417.9728775024414,623.2667255401611,34.48438892364502,417.9728775024414,completed
917.147084,10,5.760681,1.0,True,10,0,0,475.12600803375244,597.8130474090576,15.259147930145264,475.12600803375244,completed
472.97863,10,5.769507,1.0,True,10,0,0,546.883134841919,609.3001365661621,30.93306694030762,546.883134841919,completed
911.439545,10,5.777682,1.0,True,10,0,0,452.4030683040619,602.9570908546448,17.19329071044922,452.4030683040619,completed
938.026196,10,5.785683,1.0,True,10,0,0,432.452543258667,669.3462409973145,11.56107063293457,432.452543258667,completed
858.955226,10,5.794254,1.0,True,10,0,0,510.53485012054443,637.4833526611328,14.92460880279541,510.53485012054443,completed
741.79893,10,5.802585,1.0,True,10,0,0,420.4773139953613,673.1051025390625,20.27495346069336,420.4773139953613,completed
-79.496725,10,5.811637,1.0,True,10,0,0,624.9729270935059,883.9741439819336,41.10707054138184,624.9729270935059,completed
1108.180319,10,5.819958,1.0,True,10,0,0,457.8335609436035,570.1907825469971,8.995484161376954,457.8335609436035,completed
481.283728,10,5.828688,1.0,True,10,0,0,492.0102005004883,896.1784400939941,18.885693359375,492.0102005004883,completed
583.878409,10,5.837403,1.0,True,10,0,0,488.4494733810425,632.8206882476807,24.597457504272462,488.4494733810425,completed
160.937195,10,5.845686,1.0,True,10,0,0,593.6327152252197,813.6765747070312,32.641947174072264,593.6327152252197,completed
32.245356,10,5.85378,1.0,True,10,0,0,630.6948547363281,829.0189609527588,38.370843696594235,630.6948547363281,completed
1429.984735,10,5.86252,1.0,True,10,0,0,333.2071657180786,422.2772388458252,4.779300117492676,333.2071657180786,completed
639.773356,10,5.871948,1.0,True,10,0,0,562.9625263214111,685.6815223693848,20.409972667694092,562.9625263214111,completed
831.930137,10,5.881933,1.0,True,10,0,0,506.1001434326172,506.1001434326172,19.884980964660645,506.1001434326172,completed
1029.563464,10,5.891763,1.0,True,10,0,0,481.76933097839355,564.0054893493652,10.048444938659667,481.76933097839355,completed
488.075424,10,5.900604,1.0,True,10,0,0,548.2333145141602,613.474250793457,31.158145570755003,548.2333145141602,completed
473.375503,10,5.910274,1.0,True,10,0,0,447.1454153060913,761.9029808044434,25.512198448181152,447.1454153060913,completed
678.878913,10,5.917971,1.0,True,10,0,0,451.76317024230957,571.3934383392334,24.32652015686035,451.76317024230957,completed
701.785303,10,5.926234,1.0,True,10,0,0,452.0819482803345,577.384162902832,25.342147445678712,452.0819482803345,completed
-325.458058,10,5.934124,1.0,True,10,0,0,722.6428756713867,850.7950134277344,51.0498908996582,722.6428756713867,completed
211.580536,10,5.942266,1.0,True,10,0,0,468.3131904602051,789.4678573608398,36.450845336914064,468.3131904602051,completed
-333.007829,10,5.950976,1.0,True,10,0,0,772.9495468139648,985.2635459899902,45.022410011291505,772.9495468139648,completed
621.603516,10,5.958599,1.0,True,10,0,0,524.2129096984863,712.7681541442871,19.74118843078613,524.2129096984863,completed
459.57212,10,5.966534,1.0,True,10,0,0,521.4026718139648,679.3062438964844,29.76747045516968,521.4026718139648,completed
476.424539,10,5.974408,1.0,True,10,0,0,415.19693088531494,581.4093732833862,34.99534959793091,415.19693088531494,completed
698.802225,10,5.982016,1.0,True,10,0,0,554.9076461791992,847.9343643188477,10.026269340515137,554.9076461791992,completed
76.436611,10,5.989693,1.0,True,10,0,0,584.4832019805908,911.0786800384521,33.03434600830078,584.4832019805908,completed
531.884091,10,5.99724,1.0,True,10,0,0,431.8427314758301,633.608024597168,31.352072143554686,431.8427314758301,completed
451.027753,10,6.005129,1.0,True,10,0,0,548.6260313987732,778.5859098434448,26.417606353759766,548.6260313987732,completed
-404.141308,10,6.01266,1.0,True,10,0,0,780.2038078308105,868.202579498291,53.549809312820436,780.2038078308105,completed
913.118737,10,6.020262,1.0,True,10,0,0,432.73207092285156,495.9424247741699,18.585267639160158,432.73207092285156,completed
1091.202511,10,6.028003,1.0,True,10,0,0,392.30725049972534,458.00079250335693,14.230613327026367,392.30725049972534,completed
256.358304,10,6.03654,1.0,True,10,0,0,568.8966217041016,745.2885894775391,31.124313735961913,568.8966217041016,completed
68.585631,10,6.044255,1.0,True,10,0,0,588.2847442626953,874.3036193847656,35.33547706604004,588.2847442626953,completed
479.008505,10,6.052014,1.0,True,10,0,0,502.5293073654175,765.7014856338501,27.11011381149292,502.5293073654175,completed
1318.628813,10,6.060248,1.0,True,10,0,0,384.0391581058502,570.1200585365295,1.9407814025878907,384.0391581058502,completed
84.651383,10,6.068597,1.0,True,10,0,0,569.4322810173035,813.5488348007202,39.6892765045166,569.4322810173035,completed
286.436506,10,6.07588,1.0,True,10,0,0,477.8514804840088,677.1739406585693,37.34806356430054,477.8514804840088,completed
798.042753,10,6.084188,1.0,True,10,0,0,480.3575620651245,549.2984352111816,21.225721549987792,480.3575620651245,completed
621.631492,10,6.091762,1.0,True,10,0,0,476.5041790008545,678.9384956359863,23.031682777404786,476.5041790008545,completed
625.038295,10,6.099289,1.0,True,10,0,0,452.817195892334,713.1137313842773,21.69231414794922,452.817195892334,completed
730.671881,10,6.106627,1.0,True,10,0,0,366.3466033935547,588.1289253234863,24.628916931152343,366.3466033935547,completed
939.304439,10,6.113864,1.0,True,10,0,0,451.1076145172119,579.9357414245605,13.355083847045899,451.1076145172119,completed
397.485884,10,6.121222,1.0,True,10,0,0,494.866943359375,667.6897621154785,34.306760597229,494.866943359375,completed
994.626802,10,6.12915,1.0,True,10,0,0,398.57080841064453,477.2683296203613,17.81177749633789,398.57080841064453,completed
987.196254,10,6.136793,1.0,True,10,0,0,419.4274368286133,555.7018127441406,13.243764495849609,419.4274368286133,completed
251.352449,10,6.144199,1.0,True,10,0,0,540.3472232818604,747.8884887695312,33.33809394836426,540.3472232818604,completed
750.176181,10,6.151804,1.0,True,10,0,0,439.1096477508545,637.5175876617432,22.504434204101564,439.1096477508545,completed
152.278567,10,6.159269,1.0,True,10,0,0,614.2202987670898,787.616756439209,32.640541076660156,614.2202987670898,completed
953.821467,10,6.167181,1.0,True,10,0,0,391.03540229797363,505.7535648345947,18.511418533325195,391.03540229797363,completed
676.440889,10,6.174793,1.0,True,10,0,0,575.1323490142822,732.5268173217773,16.885010147094725,575.1323490142822,completed
850.59082,10,6.183195,1.0,True,10,0,0,431.42960834503174,551.3745031356812,19.951973056793214,431.42960834503174,completed
553.83283,10,6.192143,1.0,True,10,0,0,411.3581008911133,685.4896469116211,28.01568489074707,411.3581008911133,completed
772.237313,10,6.200981,1.0,True,10,0,0,531.7902269363403,622.2540607452393,18.210454177856445,531.7902269363403,completed
497.22965,10,6.208971,1.0,True,10,0,0,594.9301853179932,777.0612525939941,20.302243041992188,594.9301853179932,completed
494.382659,10,6.217242,1.0,True,10,0,0,485.6582736968994,620.4114627838135,29.838488388061524,485.6582736968994,completed
-110.102457,10,6.225021,1.0,True,10,0,0,691.3537139892578,860.2325668334961,41.951720237731934,691.3537139892578,completed
87.889359,10,6.232899,1.0,True,10,0,0,632.4005117416382,866.444598197937,34.72906379699707,632.4005117416382,completed
555.77598,10,6.241971,1.0,True,10,0,0,488.84382343292236,605.0498943328857,28.76814212799072,488.84382343292236,completed
400.566592,10,6.249801,1.0,True,10,0,0,516.6040983200073,641.9063129425049,33.668700218200684,516.6040983200073,completed
78.083527,10,6.257164,1.0,True,10,0,0,660.137903213501,890.2110614776611,33.08007817268371,660.137903213501,completed
284.738242,10,6.264893,1.0,True,10,0,0,573.6264266967773,793.9132232666016,28.13906784057617,573.6264266967773,completed
571.035664,10,6.27276,1.0,True,10,0,0,490.4024848937988,619.1691513061523,27.181838941574096,490.4024848937988,completed
624.456963,10,6.280169,1.0,True,10,0,0,377.46450996398926,629.3537693023682,29.838759231567384,377.46450996398926,completed
490.948993,10,6.288165,1.0,True,10,0,0,614.0079851150513,726.1649446487427,22.843238830566406,614.0079851150513,completed
526.720661,10,6.295263,1.0,True,10,0,0,622.9046058654785,758.4784736633301,20.26051273345947,622.9046058654785,completed
713.748437,10,6.302752,1.0,True,10,0,0,495.1310119628906,623.8088760375977,20.899159622192382,495.1310119628906,completed
503.059811,10,6.310333,1.0,True,10,0,0,636.8446922302246,665.8138198852539,26.121908569335936,636.8446922302246,completed
1008.20369,10,6.318117,1.0,True,10,0,0,483.27467823028564,591.0502643585205,10.833810615539551,483.27467823028564,completed
557.207225,10,6.325896,1.0,True,10,0,0,580.7235670089722,705.5048332214355,22.915165901184082,580.7235670089722,completed
-1.52923,10,6.333724,1.0,True,10,0,0,635.4497890472412,843.8228492736816,36.60271110534668,635.4497890472412,completed
-108.960283,10,6.341482,1.0,True,10,0,0,645.6813583374023,847.0453300476074,41.49008026123047,645.6813583374023,completed
532.865,10,6.348692,1.0,True,10,0,0,486.2534942626953,719.3435764312744,26.20524845123291,486.2534942626953,completed
458.034818,10,6.355912,1.0,True,10,0,0,501.3777084350586,683.3899393081665,31.470481204986573,501.3777084350586,completed
456.309563,10,6.363488,1.0,True,10,0,0,654.0327205657959,682.6393013000488,25.76837863922119,654.0327205657959,completed
613.655366,10,6.371635,1.0,True,10,0,0,512.1648831367493,740.7944211959839,20.208592033386232,512.1648831367493,completed
-129.044103,10,6.379973,1.0,True,10,0,0,768.2787246704102,845.120719909668,40.172203826904294,768.2787246704102,completed
775.982323,10,6.387981,1.0,True,10,0,0,459.18406867980957,601.3254089355469,21.352464294433595,459.18406867980957,completed
948.163987,10,6.39558,1.0,True,10,0,0,461.5330924987793,461.5330924987793,19.111487770080565,461.5330924987793,completed
-183.622272,10,6.403141,1.0,True,10,0,0,586.9260272979736,1006.3486614227295,39.47415637969971,586.9260272979736,completed
233.387188,10,6.410782,1.0,True,10,0,0,592.3300437927246,717.8067283630371,34.33136920928955,592.3300437927246,completed
183.569573,10,6.418432,1.0,True,10,0,0,571.6100273132324,796.2692070007324,34.378414154052734,571.6100273132324,completed
-44.215366,10,6.426963,1.0,True,10,0,0,638.4004859924316,750.251932144165,42.5448974609375,638.4004859924316,completed
109.263004,10,6.436282,1.0,True,10,0,0,670.5672569274902,992.3829803466797,26.838768196105956,670.5672569274902,completed
573.085502,10,6.447677,1.0,True,10,0,0,565.668664932251,670.1926155090332,22.01507110595703,565.668664932251,completed
129.154342,10,6.457842,1.0,True,10,0,0,578.741584777832,896.6728897094727,32.61302642822265,578.741584777832,completed
-94.073172,10,6.465885,1.0,True,10,0,0,657.4935989379883,1067.8894805908203,30.744929218292235,657.4935989379883,completed
716.202589,10,6.474231,1.0,True,10,0,0,487.8300266265869,682.7619514465332,17.753062438964843,487.8300266265869,completed
553.889772,10,6.482084,1.0,True,10,0,0,472.00162506103516,583.7424926757812,30.539625549316405,472.00162506103516,completed
742.506175,10,6.493666,1.0,True,10,0,0,466.2314510345459,642.5262756347656,19.29880256652832,466.2314510345459,completed
1032.028931,10,6.50998,1.0,True,10,0,0,377.4447898864746,498.85260009765625,16.63831672668457,377.4447898864746,completed
904.560063,10,6.52009,1.0,True,10,0,0,449.94214820861816,483.8020191192627,20.414621353149414,449.94214820861816,completed
146.423779,10,6.528896,1.0,True,10,0,0,562.5240316390991,780.7271823883057,38.613095092773435,562.5240316390991,completed
730.45218,10,6.537264,1.0,True,10,0,0,506.93584394454956,626.3886256217957,20.81794128417969,506.93584394454956,completed
135.808384,10,6.545474,1.0,True,10,0,0,576.695634841919,811.7271099090576,37.013720703125,576.695634841919,completed
377.945359,10,6.553772,1.0,True,10,0,0,574.9686322212219,815.4045300483704,24.756423950195312,574.9686322212219,completed
431.267266,10,6.561402,1.0,True,10,0,0,585.3493251800537,718.2650127410889,25.871581268310546,585.3493251800537,completed
1150.044509,10,6.5696,1.0,True,10,0,0,434.1937246322632,563.4183864593506,7.983951568603516,434.1937246322632,completed
361.857577,10,6.577036,1.0,True,10,0,0,482.6350917816162,618.9203548431396,36.63744888305664,482.6350917816162,completed
1019.480821,10,6.584751,1.0,True,10,0,0,434.68090438842773,530.9216480255127,12.534841156005859,434.68090438842773,completed
1126.391192,10,6.592618,1.0,True,10,0,0,401.1606979370117,542.0506057739258,7.582836151123047,401.1606979370117,completed
91.98407,10,6.600124,1.0,True,10,0,0,578.3134117126465,829.4352836608887,38.1824535369873,578.3134117126465,completed
490.880518,10,6.607624,1.0,True,10,0,0,504.2664489746094,695.891845703125,25.303929138183594,504.2664489746094,completed
503.647895,10,6.615695,1.0,True,10,0,0,454.73930740356445,608.5730590820312,33.4539077758789,454.73930740356445,completed
526.331369,10,6.623007,1.0,True,10,0,0,488.5735206604004,644.824878692627,26.810857582092286,488.5735206604004,completed
502.524906,10,6.631589,1.0,True,10,0,0,581.9748783111572,615.3595790863037,28.069731521606446,581.9748783111572,completed
557.520142,10,6.639009,1.0,True,10,0,0,470.60631370544434,607.1280326843262,29.113761711120606,470.60631370544434,completed
1026.261296,10,6.646549,1.0,True,10,0,0,443.2483310699463,559.586446762085,11.612230682373047,443.2483310699463,completed
534.707655,10,6.654396,1.0,True,10,0,0,501.4973077774048,633.7366046905518,27.864184761047362,501.4973077774048,completed
1155.267307,10,7.858595,1.0,True,10,0,0,340.59721660614014,473.2830982208252,15.488147735595703,340.59721660614014,completed
689.569998,10,7.866645,1.0,True,10,0,0,402.51689624786377,679.4585418701172,21.825773429870605,402.51689624786377,completed
1067.33105,10,7.874241,1.0,True,10,0,0,416.0272521972656,549.7750587463379,8.415001678466798,416.0272521972656,completed
630.732154,10,7.881546,1.0,True,10,0,0,448.8332118988037,617.9802150726318,26.759484100341798,448.8332118988037,completed
1377.905181,10,7.889171,1.0,True,10,0,0,350.50939750671387,350.50939750671387,7.061442184448242,350.50939750671387,completed
697.628583,10,7.896611,1.0,True,10,0,0,478.2053151130676,646.4781060218811,22.21611557006836,478.2053151130676,completed
954.117171,10,7.904304,1.0,True,10,0,0,481.8004207611084,507.30699920654297,16.938243865966797,481.8004207611084,completed
810.276631,10,7.912255,1.0,True,10,0,0,498.1254768371582,666.4683876037598,16.136642837524413,498.1254768371582,completed
672.067973,10,7.921834,1.0,True,10,0,0,589.4707412719727,671.2453231811523,18.793986320495605,589.4707412719727,completed
466.376201,10,7.930133,1.0,True,10,0,0,567.1025943756104,586.860221862793,31.890799903869627,567.1025943756104,completed
-466.29187,10,7.938648,1.0,True,10,0,0,704.7579460144043,999.458568572998,49.201633834838866,704.7579460144043,completed
261.09996,10,7.946789,1.0,True,10,0,0,614.2468757629395,886.796314239502,24.243798446655273,614.2468757629395,completed
659.614597,10,7.954669,1.0,True,10,0,0,577.5035667419434,641.0323333740234,21.437384796142577,577.5035667419434,completed
742.676876,10,7.964088,1.0,True,10,0,0,419.20308017730713,535.2146482467651,25.35325813293457,419.20308017730713,completed
654.04484,10,7.971364,1.0,True,10,0,0,554.1705379486084,674.5303783416748,19.323471069335938,554.1705379486084,completed
85.618881,10,7.978924,1.0,True,10,0,0,581.4474334716797,720.6996726989746,40.6371509552002,581.4474334716797,completed
802.608532,10,7.986312,1.0,True,10,0,0,461.0012950897217,709.7226715087891,14.004787635803222,461.0012950897217,completed
-62.749891,10,7.99397,1.0,True,10,0,0,627.9155979156494,870.6816635131836,39.66253509521484,627.9155979156494,completed
1139.314937,10,8.001704,1.0,True,10,0,0,423.44458293914795,626.8823766708374,5.352384948730469,423.44458293914795,completed
1145.221422,10,8.009332,1.0,True,10,0,0,452.2433280944824,534.4381523132324,9.277530670166016,452.2433280944824,completed
464.708374,10,8.01711,1.0,True,10,0,0,557.0663146972656,722.3724708557129,26.072105979919435,557.0663146972656,completed
932.21847,10,8.024512,1.0,True,10,0,0,439.9628105163574,613.2593078613281,12.210930252075196,439.9628105163574,completed
306.768769,10,8.031962,1.0,True,10,0,0,620.8371448516846,844.468391418457,25.340685653686524,620.8371448516846,completed
-401.094073,10,8.039663,1.0,True,10,0,0,754.0166625976562,943.1875,48.80889129638672,754.0166625976562,completed
472.217836,10,8.047014,1.0,True,10,0,0,533.3304691314697,711.7035293579102,28.245499992370604,533.3304691314697,completed
512.094605,10,8.054781,1.0,True,10,0,0,528.6368713378906,632.0506629943848,28.27337713241577,528.6368713378906,completed
600.354299,10,8.062682,1.0,True,10,0,0,432.4765911102295,627.7491817474365,28.231782341003417,432.4765911102295,completed
534.118187,10,8.070539,1.0,True,10,0,0,555.1769199371338,672.9316844940186,25.377540397644044,555.1769199371338,completed
544.09818,10,8.078358,1.0,True,10,0,0,499.5512275695801,750.2715835571289,22.293617057800294,499.5512275695801,completed
260.702727,10,8.086482,1.0,True,10,0,0,643.2770309448242,907.5677490234375,23.500326538085936,643.2770309448242,completed
309.082693,10,8.094304,1.0,True,10,0,0,568.9293403625488,777.2126884460449,30.481287288665772,568.9293403625488,completed
708.425201,10,8.101839,1.0,True,10,0,0,506.7934055328369,607.1757431030273,20.480271911621095,506.7934055328369,completed
610.147802,10,8.109055,1.0,True,10,0,0,471.0586814880371,672.0346565246582,26.64894332885742,471.0586814880371,completed
714.528587,10,8.116647,1.0,True,10,0,0,448.9685115814209,565.2119941711426,24.217855644226074,448.9685115814209,completed
1023.289746,10,8.124567,1.0,True,10,0,0,342.5055913925171,509.48840522766113,17.538482666015625,342.5055913925171,completed
774.476792,10,8.132129,1.0,True,10,0,0,433.71824312210083,503.3273301124573,25.081609964370728,433.71824312210083,completed
515.819647,10,8.140715,1.0,True,10,0,0,461.3507742881775,606.6314420700073,31.503765106201172,461.3507742881775,completed
397.493769,10,8.151217,1.0,True,10,0,0,488.0887622833252,674.9032039642334,34.11297245025635,488.0887622833252,completed
1258.637052,10,8.161503,1.0,True,10,0,0,327.99862003326416,450.16124534606934,10.719320297241211,327.99862003326416,completed
995.378067,10,8.171044,1.0,True,10,0,0,341.10580483078957,505.72085267305374,17.933275604248045,341.10580483078957,completed
291.196621,10,8.180948,1.0,True,10,0,0,600.4062128067017,791.5995655059814,29.640006446838377,600.4062128067017,completed
331.594853,10,8.189033,1.0,True,10,0,0,541.9342803955078,712.5016498565674,33.72463817596436,541.9342803955078,completed
224.732168,10,8.196602,1.0,True,10,0,0,558.7076568603516,744.0826644897461,34.327615356445314,558.7076568603516,completed
1014.186353,10,8.204143,1.0,True,10,0,0,461.6847562789917,528.482744216919,13.373588752746581,461.6847562789917,completed
614.05971,10,8.211919,1.0,True,10,0,0,495.539288520813,593.201753616333,27.55473937988281,495.539288520813,completed
1155.190749,10,8.220232,1.0,True,10,0,0,318.35582637786865,430.91327476501465,15.989557647705078,318.35582637786865,completed
799.461092,10,8.227455,1.0,True,10,0,0,472.3511848449707,563.6039047241211,23.108195114135743,472.3511848449707,completed
828.399252,10,8.235422,1.0,True,10,0,0,447.9898977279663,540.4552574157715,22.41530132293701,447.9898977279663,completed
1080.879771,10,8.242934,1.0,True,10,0,0,355.4284858703613,451.0362949371338,17.486160659790038,355.4284858703613,completed
610.999017,10,8.252905,1.0,True,10,0,0,602.5656218528748,630.4665560722351,23.697419929504395,602.5656218528748,completed
843.091851,10,8.272596,1.0,True,10,0,0,437.11179542541504,522.0567569732666,23.01893196105957,437.11179542541504,completed
1437.577352,10,8.282053,1.0,True,10,0,0,258.4276866912842,330.4251766204834,9.194917106628418,258.4276866912842,completed
948.585944,10,8.289286,1.0,True,10,0,0,515.378086566925,630.4700970649719,11.933504867553712,515.378086566925,completed
1174.597877,10,8.297076,1.0,True,10,0,0,435.54405879974365,480.1134738922119,10.047543334960938,435.54405879974365,completed
639.998452,10,8.304466,1.0,True,10,0,0,513.7009048461914,775.689151763916,16.92614688873291,513.7009048461914,completed
912.581466,10,8.312643,1.0,True,10,0,0,521.6077170372009,611.1077795028687,13.361767292022705,521.6077170372009,completed
158.989177,10,8.323854,1.0,True,10,0,0,518.8109130859375,750.9749526977539,38.432591342926024,518.8109130859375,completed
331.874165,10,8.334046,1.0,True,10,0,0,553.5907592773438,720.0498142242432,32.945829200744626,553.5907592773438,completed
597.559045,10,8.342104,1.0,True,10,0,0,466.93928718566895,583.1908550262451,29.788372111320495,466.93928718566895,completed
376.265813,10,8.350248,1.0,True,10,0,0,545.8669471740723,745.684196472168,28.29807014465332,545.8669471740723,completed
1507.025175,10,8.357924,1.0,True,10,0,0,260.0706696510315,372.18976497650146,4.62618408203125,260.0706696510315,completed
909.671534,10,8.366266,1.0,True,10,0,0,492.6573791503906,612.3580322265625,13.057010173797607,492.6573791503906,completed
234.600996,10,8.373917,1.0,True,10,0,0,550.4750108718872,700.0657510757446,36.50208358764648,550.4750108718872,completed
590.123444,10,8.38182,1.0,True,10,0,0,508.31148529052734,731.5365753173828,19.509971618652344,508.31148529052734,completed
236.594359,10,8.389488,1.0,True,10,0,0,527.4677562713623,717.1712245941162,38.651832008361815,527.4677562713623,completed
553.725244,10,8.397261,1.0,True,10,0,0,485.2009744644165,682.7303314208984,27.2075403213501,485.2009744644165,completed
956.066891,10,8.404775,1.0,True,10,0,0,463.5371685028076,489.0437469482422,18.393134307861327,463.5371685028076,completed
-24.751339,10,8.412356,1.0,True,10,0,0,533.1846046447754,809.9772644042969,43.94327926635742,533.1846046447754,completed
240.969586,10,8.419994,1.0,True,10,0,0,543.8374843597412,696.1536159515381,37.84794731140137,543.8374843597412,completed
806.100916,10,8.427578,1.0,True,10,0,0,428.9444990158081,532.8569355010986,23.26948776245117,428.9444990158081,completed
618.050995,10,8.436129,1.0,True,10,0,0,369.1605701446533,575.926929473877,32.096652030944824,369.1605701446533,completed
786.923259,10,8.443692,1.0,True,10,0,0,479.04705905914307,548.2414798736572,23.129143905639648,479.04705905914307,completed
413.93013,10,8.451499,1.0,True,10,0,0,624.5725612640381,696.1680335998535,25.527074813842773,624.5725612640381,completed
503.032024,10,8.458771,1.0,True,10,0,0,518.4051742553711,607.2197189331055,31.649159049987794,518.4051742553711,completed
222.43667,10,8.466273,1.0,True,10,0,0,551.4490814208984,749.9576187133789,35.587025022506715,551.4490814208984,completed
976.270975,10,8.474131,1.0,True,10,0,0,473.06842041015625,473.06842041015625,16.725635528564453,473.06842041015625,completed
1132.288428,10,8.481681,1.0,True,10,0,0,415.2198371887207,606.8217430114746,8.30378761291504,415.2198371887207,completed
978.484065,10,8.489179,1.0,True,10,0,0,338.68993186950684,522.4775390625,17.92883415222168,338.68993186950684,completed
738.072196,10,8.497585,1.0,True,10,0,0,429.20019936561584,565.0415806770325,24.893097257614137,429.20019936561584,completed
591.16338,10,8.505048,1.0,True,10,0,0,441.83417654037476,548.8518176078796,30.24995574951172,441.83417654037476,completed
291.179883,10,8.522789,1.0,True,10,0,0,631.5916519165039,760.6886901855469,29.155378341674805,631.5916519165039,completed
916.329398,10,8.533537,1.0,True,10,0,0,408.65915527939796,568.2355735898018,17.67079887390137,408.65915527939796,completed
753.302082,10,8.541867,1.0,True,10,0,0,408.7163004875183,589.4068574905396,23.40602970123291,408.7163004875183,completed
483.359956,10,8.549933,1.0,True,10,0,0,620.2209968566895,788.7007064819336,20.846833419799804,620.2209968566895,completed
419.704469,10,8.557997,1.0,True,10,0,0,545.4115524291992,732.9202690124512,26.841815185546874,545.4115524291992,completed
546.06421,10,8.566496,1.0,True,10,0,0,406.06082344055176,566.6028060913086,35.101810455322266,406.06082344055176,completed
421.429791,10,8.574522,1.0,True,10,0,0,637.5780620574951,666.184642791748,28.911013221740724,637.5780620574951,completed
1001.678022,10,8.582172,1.0,True,10,0,0,472.86303877830505,573.7121214866638,11.17604103088379,472.86303877830505,completed
49.414481,10,8.589518,1.0,True,10,0,0,532.3100500106812,771.4038600921631,44.8827621459961,532.3100500106812,completed
655.201678,10,8.597166,1.0,True,10,0,0,411.2651844024658,558.069902420044,29.95811595916748,411.2651844024658,completed
526.698661,10,8.604938,1.0,True,10,0,0,522.463077545166,678.9530448913574,26.39875717163086,522.463077545166,completed
746.211734,10,8.612223,1.0,True,10,0,0,401.9134998321533,557.0676651000977,25.74328670501709,401.9134998321533,completed
186.890099,10,8.619987,1.0,True,10,0,0,614.7514543533325,831.7577524185181,33.46627502441406,614.7514543533325,completed
1237.194137,10,8.627987,1.0,True,10,0,0,373.1648998260498,373.1648998260498,14.671276664733886,373.1648998260498,completed
336.404415,10,8.635412,1.0,True,10,0,0,548.8740272521973,723.2144622802734,32.686763000488284,548.8740272521973,completed
1060.358862,10,8.642932,1.0,True,10,0,0,438.16917419433594,593.0128860473633,9.471272945404053,438.16917419433594,completed
429.775939,10,8.650534,1.0,True,10,0,0,669.6701583862305,762.718448638916,22.221583604812622,669.6701583862305,completed
1184.204221,10,8.657958,1.0,True,10,0,0,448.9803981781006,458.5752182006836,10.348740005493164,448.9803981781006,completed
690.797842,10,8.665421,1.0,True,10,0,0,516.0020523071289,548.8728485107422,24.292039680480958,516.0020523071289,completed
388.038595,10,8.673467,1.0,True,10,0,0,586.7466678619385,678.7097492218018,31.416633987426756,586.7466678619385,completed
1002.934955,10,8.681306,1.0,True,10,0,0,391.63919258117676,510.40442848205566,18.281832885742187,391.63919258117676,completed
1370.553415,10,8.688815,1.0,True,10,0,0,265.26852464675903,361.5367794036865,11.879750633239746,265.26852464675903,completed
481.330414,10,8.69612,1.0,True,10,0,0,546.8715438842773,733.2285919189453,24.94976043701172,546.8715438842773,completed
484.607301,10,8.704243,1.0,True,10,0,0,504.433744430542,649.3636875152588,30.67161979675293,504.433744430542,completed
947.580643,10,8.713315,1.0,True,10,0,0,450.3357524871826,589.6683521270752,12.42913589477539,450.3357524871826,completed
605.469879,10,8.721377,1.0,True,10,0,0,546.1821660995483,628.7589626312256,24.5092981338501,546.1821660995483,completed
450.205228,10,8.729168,1.0,True,10,0,0,540.5214080810547,720.5637130737305,27.393092155456543,540.5214080810547,completed
613.848768,10,8.736351,1.0,True,10,0,0,421.9052925109863,690.5801773071289,25.66849308013916,421.9052925109863,completed
72.862184,10,8.744037,1.0,True,10,0,0,555.060604095459,739.1451835632324,44.80208759307861,555.060604095459,completed
228.749084,10,8.752538,1.0,True,10,0,0,499.19146060943604,757.7289485931396,37.661709785461426,499.19146060943604,completed
277.827114,10,8.760224,1.0,True,10,0,0,511.78736686706543,748.2966079711914,32.84870986938476,511.78736686706543,completed
1249.529486,10,8.76913,1.0,True,10,0,0,342.55149841308594,464.29379653930664,9.960821914672852,342.55149841308594,completed
859.367967,10,8.78251,1.0,True,10,0,0,493.4272584915161,607.450029373169,14.569032287597656,493.4272584915161,completed
182.547151,10,8.791821,1.0,True,10,0,0,682.4242668151855,745.0074920654297,33.9245023727417,682.4242668151855,completed
772.747401,10,8.800021,1.0,True,10,0,0,486.9439764022827,585.5590724945068,21.548561668395998,486.9439764022827,completed
578.851398,10,8.807877,1.0,True,10,0,0,443.3927059173584,689.3347396850586,25.592238235473634,443.3927059173584,completed
262.984121,10,8.815604,1.0,True,10,0,0,662.9214372634888,675.8621921539307,34.29073028564453,662.9214372634888,completed
691.732172,10,8.822985,1.0,True,10,0,0,444.65649604797363,535.3445014953613,27.129748916625978,444.65649604797363,completed
673.267133,10,8.830723,1.0,True,10,0,0,385.88396167755127,629.7079162597656,25.876189088821413,385.88396167755127,completed
1129.84517,10,8.838311,1.0,True,10,0,0,387.90343856811523,491.6233367919922,10.581354808807372,387.90343856811523,completed
-253.125064,10,8.845714,1.0,True,10,0,0,707.9291677474976,835.9196453094482,47.44279766082764,707.9291677474976,completed
1239.60611,10,8.854788,1.0,True,10,0,0,347.53351163864136,503.0293970108032,9.427072334289551,347.53351163864136,completed
297.347717,10,8.864178,1.0,True,10,0,0,558.6912612915039,759.1634883880615,31.11788444519043,558.6912612915039,completed
701.178273,10,8.873721,1.0,True,10,0,0,450.1647834777832,606.8689956665039,25.058348083496092,450.1647834777832,completed
-89.709616,10,8.884295,1.0,True,10,0,0,510.4737892150879,831.4125442504883,46.693577194213866,510.4737892150879,completed
864.495773,10,8.893305,1.0,True,10,0,0,418.6038980484009,625.1560382843018,16.83351230621338,418.6038980484009,completed
658.257718,10,8.902942,1.0,True,10,0,0,530.6272373199463,663.9421081542969,21.651481056213377,530.6272373199463,completed
471.678189,10,8.911363,1.0,True,10,0,0,506.5367851257324,646.1227531433105,30.183235549926756,506.5367851257324,completed
866.481971,10,8.919618,1.0,True,10,0,0,513.429256439209,688.2382717132568,10.419918823242188,513.429256439209,completed
692.039907,10,8.927467,1.0,True,10,0,0,441.4181842803955,640.3917465209961,22.683913040161134,441.4181842803955,completed
1123.812334,10,8.935432,1.0,True,10,0,0,384.73202419281006,536.730806350708,12.247228240966797,384.73202419281006,completed
790.339609,10,8.942924,1.0,True,10,0,0,562.5284852981567,847.0899448394775,6.517218017578125,562.5284852981567,completed
634.990631,10,8.951021,1.0,True,10,0,0,519.8666491508484,634.2458791732788,24.770945644378664,519.8666491508484,completed
702.374999,10,8.958483,1.0,True,10,0,0,366.23533821105957,654.4178504943848,23.651208114624023,366.23533821105957,completed
553.928897,10,8.966329,1.0,True,10,0,0,428.8178901672363,632.6808128356934,30.39157371520996,428.8178901672363,completed
1269.156622,10,8.973664,1.0,True,10,0,0,459.1738529205322,541.0147724151611,2.511140823364258,459.1738529205322,completed
30.844533,10,8.980987,1.0,True,10,0,0,660.6678819656372,953.0501108169556,33.219980812072755,660.6678819656372,completed
885.632954,10,8.988354,1.0,True,10,0,0,499.10908699035645,573.8252201080322,13.684692573547363,499.10908699035645,completed
229.323376,10,8.995946,1.0,True,10,0,0,532.5188941955566,658.1612854003906,40.8593936920166,532.5188941955566,completed
-57.57291,10,9.003474,1.0,True,10,0,0,497.6776514053345,728.2384967803955,52.39519863128662,497.6776514053345,completed
451.651967,10,9.011455,1.0,True,10,0,0,620.4227192401886,727.5353379249573,24.54027647972107,620.4227192401886,completed
264.229313,10,9.022877,1.0,True,10,0,0,502.4046239852905,680.7324924468994,38.77610855102539,502.4046239852905,completed
1068.838924,10,9.030189,1.0,True,10,0,0,446.9290270805359,633.5952596664429,7.8024436950683596,446.9290270805359,completed
87.431192,10,9.039248,1.0,True,10,0,0,504.19193172454834,691.6370973587036,44.46264209747314,504.19193172454834,completed
390.914632,10,9.047128,1.0,True,10,0,0,524.8000526428223,661.6822700500488,32.81774196624756,524.8000526428223,completed
-116.475276,10,9.054595,1.0,True,10,0,0,572.0284233093262,835.508243560791,45.959957695007326,572.0284233093262,completed
679.831958,10,9.062079,1.0,True,10,0,0,524.663028717041,616.3854637145996,23.36731071472168,524.663028717041,completed
635.978426,10,9.069663,1.0,True,10,0,0,525.736759185791,718.149730682373,21.180740737915038,525.736759185791,completed
1157.41354,10,9.07708,1.0,True,10,0,0,413.548547744751,442.636173248291,12.377877044677735,413.548547744751,completed
230.412374,10,9.084653,1.0,True,10,0,0,529.2464113235474,867.5430393218994,29.387121772766115,529.2464113235474,completed
427.776604,10,9.092331,1.0,True,10,0,0,521.4571022987366,736.8921365737915,28.188389205932616,521.4571022987366,completed
-204.555482,10,9.099765,1.0,True,10,0,0,612.1961917877197,942.7584953308105,44.51017112731934,612.1961917877197,completed
616.26585,10,9.107413,1.0,True,10,0,0,505.4089584350586,636.4763832092285,23.518237686157228,505.4089584350586,completed
-91.946315,10,9.11491,1.0,True,10,0,0,549.7839832305908,794.9107265472412,50.13370628356934,549.7839832305908,completed
835.145207,10,9.122566,1.0,True,10,0,0,334.53076934814453,588.8665752410889,22.819154930114745,334.53076934814453,completed
9.898174,10,9.129949,1.0,True,10,0,0,538.3398685455322,887.6276054382324,39.035376930236815,538.3398685455322,completed
477.8028,10,9.137574,1.0,True,10,0,0,469.8105945587158,569.6506805419922,33.93475475311279,469.8105945587158,completed
822.753156,10,9.145522,1.0,True,10,0,0,412.2754096984863,566.9055824279785,22.3142728805542,412.2754096984863,completed
1268.051292,10,9.153424,1.0,True,10,0,0,377.4128017425537,431.8554801940918,8.522999954223632,377.4128017425537,completed
574.563457,10,9.160608,1.0,True,10,0,0,488.18358993530273,883.4563369750977,15.036220932006836,488.18358993530273,completed
429.01654,10,9.168115,1.0,True,10,0,0,565.1442484855652,849.4091863632202,21.87734031677246,565.1442484855652,completed
468.807847,10,9.17515,1.0,True,10,0,0,581.7953510284424,677.3557682037354,30.10117988586426,581.7953510284424,completed
707.534835,10,9.182749,1.0,True,10,0,0,415.2388324737549,588.5540390014648,24.29562110900879,415.2388324737549,completed
-160.959573,10,9.189814,1.0,True,10,0,0,616.4228210449219,821.8819007873535,46.351789474487305,616.4228210449219,completed
1252.158073,10,9.19747,1.0,True,10,0,0,350.9055233001709,454.85661125183105,8.847817039489746,350.9055233001709,completed
345.10193,10,9.204488,1.0,True,10,0,0,500.0678176879883,682.8176021575928,34.68790082931518,500.0678176879883,completed
1015.574765,10,9.212066,1.0,True,10,0,0,383.0831718444824,481.2147397994995,18.26195592880249,383.0831718444824,completed
813.437112,10,9.219968,1.0,True,10,0,0,487.6257162094116,622.0163593292236,18.73847312927246,487.6257162094116,completed
670.127518,10,9.227363,1.0,True,10,0,0,459.4911117553711,569.0802459716797,27.15947723388672,459.4911117553711,completed
-46.741148,10,9.235767,1.0,True,10,0,0,557.3876762390137,864.996395111084,42.540625381469724,557.3876762390137,completed
723.517472,10,9.243648,1.0,True,10,0,0,509.38377141952515,711.2665891647339,16.42295083999634,509.38377141952515,completed
1083.390255,10,9.252097,1.0,True,10,0,0,372.6040506362915,437.0791873931885,16.36301040649414,372.6040506362915,completed
768.001488,10,9.26376,1.0,True,10,0,0,506.5497589111328,587.6296920776367,19.833799743652342,506.5497589111328,completed
343.543081,10,9.289976,1.0,True,10,0,0,458.00809478759766,859.7522468566895,28.796229553222656,458.00809478759766,completed
-27.041677,10,9.29829,1.0,True,10,0,0,619.7447638511658,866.7314581871033,42.08951072692871,619.7447638511658,completed
785.50567,10,9.30735,1.0,True,10,0,0,423.0897026062012,604.7761306762695,20.51933822631836,423.0897026062012,completed
499.348796,10,9.317034,1.0,True,10,0,0,601.2134695053101,747.577320098877,21.629403495788573,601.2134695053101,completed
673.696342,10,9.325782,1.0,True,10,0,0,409.35086250305176,593.4302196502686,27.14599494934082,409.35086250305176,completed
-300.749618,10,9.334291,1.0,True,10,0,0,583.2931461334229,923.9342803955078,51.22230110168457,583.2931461334229,completed
-304.378951,10,9.342708,1.0,True,10,0,0,637.8721084594727,1016.8116073608398,43.408145904541016,637.8721084594727,completed
572.687875,10,9.350305,1.0,True,10,0,0,609.0483703613281,648.8300704956055,24.40850124359131,609.0483703613281,completed
912.091204,10,9.358085,1.0,True,10,0,0,469.7014579772949,469.7014579772949,18.9708158493042,469.7014579772949,completed
947.877618,10,9.365839,1.0,True,10,0,0,377.8169813156128,511.5787296295166,18.88477954864502,377.8169813156128,completed
-36.402399,10,9.37342,1.0,True,10,0,0,677.3508377075195,1075.9723587036133,26.82111511230469,677.3508377075195,completed
931.803697,10,9.381393,1.0,True,10,0,0,506.64993715286255,594.0099439620972,13.789770126342773,506.64993715286255,completed
831.964969,10,9.389932,1.0,True,10,0,0,355.38130408525467,522.461247086525,26.00494384765625,355.38130408525467,completed
426.051366,10,9.398044,1.0,True,10,0,0,515.650806427002,766.404577255249,25.57565574645996,515.650806427002,completed
-16.544702,10,9.407966,1.0,True,10,0,0,604.790885925293,869.0448417663574,39.38604221343994,604.790885925293,completed
921.512907,10,9.418997,1.0,True,10,0,0,481.93214225769043,604.0391082763672,13.24423942565918,481.93214225769043,completed
763.912097,10,9.428092,1.0,True,10,0,0,527.2872428894043,629.866548538208,18.343117713928223,527.2872428894043,completed
558.961905,10,9.436146,1.0,True,10,0,0,467.22048568725586,615.5152931213379,28.681949043273924,467.22048568725586,completed
-236.719806,10,9.443837,1.0,True,10,0,0,636.2357597351074,930.0515213012695,46.09608383178711,636.2357597351074,completed
-493.76675,10,9.451826,1.0,True,10,0,0,716.1465187072754,949.5875549316406,52.9766263961792,716.1465187072754,completed
745.630099,10,9.459486,1.0,True,10,0,0,479.8261902332306,570.1067433357239,22.717838478088378,479.8261902332306,completed
1360.484076,10,9.467713,1.0,True,10,0,0,331.10529041290283,421.01325035095215,5.886908721923828,331.10529041290283,completed
122.498796,10,9.475419,1.0,True,10,0,0,621.1586112976074,749.2646675109863,38.530745124816896,621.1586112976074,completed
572.820744,10,9.483604,1.0,True,10,0,0,538.2125234603882,779.5242052078247,20.588755798339843,538.2125234603882,completed
663.715809,10,9.491988,1.0,True,10,0,0,482.2444133758545,637.9117908477783,24.26172866821289,482.2444133758545,completed
350.505172,10,9.499588,1.0,True,10,0,0,516.1436157226562,705.560718536377,31.434593391418456,516.1436157226562,completed
858.038218,10,9.507036,1.0,True,10,0,0,462.99769020080566,534.6187782287598,19.554125595092774,462.99769020080566,completed
875.05426,10,9.51627,1.0,True,10,0,0,472.09729290008545,623.3918323516846,14.79781745672226,472.09729290008545,completed
190.688921,10,9.530865,1.0,True,10,0,0,501.6880340576172,825.4426803588867,37.01556549072266,501.6880340576172,completed
276.278216,10,9.540742,1.0,True,10,0,0,478.9467372894287,728.5920829772949,36.24512252807617,478.9467372894287,completed
1209.492724,10,9.548023,1.0,True,10,0,0,392.359867811203,519.1744151115417,8.699974918365479,392.359867811203,completed
574.086884,10,9.556275,1.0,True,10,0,0,558.0193281173706,692.0263767242432,23.493625259399415,558.0193281173706,completed
632.977329,10,10.72228,1.0,True,10,0,0,448.57943630218506,598.4715843200684,26.4778133392334,448.57943630218506,completed
1086.362858,10,10.731279,1.0,True,10,0,0,501.6539649963379,553.5865325927734,9.684978866577149,501.6539649963379,completed
184.535572,10,10.738796,1.0,True,10,0,0,573.8376808166504,798.5276794433594,34.139068603515625,573.8376808166504,completed
506.823521,10,10.746036,1.0,True,10,0,0,555.9471783638,623.1537218093872,29.456953907012938,555.9471783638,completed
699.091884,10,10.753299,1.0,True,10,0,0,514.1716232299805,587.2231273651123,23.072985076904295,514.1716232299805,completed
-518.806863,10,10.762978,1.0,True,10,0,0,708.1179733276367,961.8646469116211,56.29424839019775,708.1179733276367,completed
78.40651,10,10.778452,1.0,True,10,0,0,719.8463077545166,911.4532871246338,30.104354476928712,719.8463077545166,completed
544.347665,10,10.786227,1.0,True,10,0,0,517.1036591529846,722.4866428375244,24.532741641998292,517.1036591529846,completed
892.872229,10,10.794177,1.0,True,10,0,0,430.01867294311523,483.63908767700195,22.85567855834961,430.01867294311523,completed
990.020231,10,10.801496,1.0,True,10,0,0,458.75937843322754,566.2690677642822,12.591408348083496,458.75937843322754,completed
1292.184412,10,10.8086,1.0,True,10,0,0,389.5199773311615,427.5107455253601,8.442089080810547,389.5199773311615,completed
1101.940294,10,10.816187,1.0,True,10,0,0,363.5230407714844,546.1153869628906,12.210947799682618,363.5230407714844,completed
735.312105,10,10.823835,1.0,True,10,0,0,370.13346099853516,554.5508785247803,27.38009262084961,370.13346099853516,completed
872.736158,10,10.830894,1.0,True,10,0,0,477.41642475128174,574.5939426422119,18.68803253173828,477.41642475128174,completed
415.778349,10,10.838094,1.0,True,10,0,0,479.8002691268921,637.8374586105347,34.23601427078247,479.8002691268921,completed
887.263507,10,10.845292,1.0,True,10,0,0,464.87543964385986,526.1425919532776,17.252718925476074,464.87543964385986,completed
-148.867705,10,10.852439,1.0,True,10,0,0,577.3921203613281,991.0841217041016,41.361994934082034,577.3921203613281,completed
661.896202,10,10.859514,1.0,True,10,0,0,477.95973777770996,613.3215179443359,24.583714294433594,477.95973777770996,completed
885.835421,10,10.866636,1.0,True,10,0,0,457.3446578979492,578.4712409973145,15.92197093963623,457.3446578979492,completed
855.313027,10,10.873832,1.0,True,10,0,0,449.76433849334717,543.4462604522705,18.351874160766602,449.76433849334717,completed
1169.845475,10,10.880923,1.0,True,10,0,0,435.3774211406708,478.8486850261688,10.359725952148438,435.3774211406708,completed
558.287666,10,10.888039,1.0,True,10,0,0,518.7686634063721,730.4606437683105,22.09722137451172,518.7686634063721,completed
182.277121,10,10.895175,1.0,True,10,0,0,608.1963500976562,797.1791076660156,33.29540252685547,608.1963500976562,completed
-95.518449,10,10.902133,1.0,True,10,0,0,622.3277978897095,762.0114183425903,48.69546051025391,622.3277978897095,completed
986.334719,10,10.909173,1.0,True,10,0,0,492.1589012145996,607.0178413391113,8.282515716552734,492.1589012145996,completed
-55.966241,10,10.916177,1.0,True,10,0,0,566.7570724487305,871.8716869354248,42.3426570892334,566.7570724487305,completed
618.622087,10,10.923147,1.0,True,10,0,0,576.5215797424316,898.7562065124512,10.59165687561035,576.5215797424316,completed
1141.541932,10,10.930157,1.0,True,10,0,0,388.0875434875488,546.8763389587402,8.202078437805175,388.0875434875488,completed
306.179076,10,10.937198,1.0,True,10,0,0,523.5485105514526,745.0285053253174,32.50802307128906,523.5485105514526,completed
737.279023,10,10.944158,1.0,True,10,0,0,455.9042797088623,598.1720695495605,24.809456634521485,455.9042797088623,completed
158.288101,10,10.951136,1.0,True,10,0,0,593.8679256439209,1009.0395698547363,27.022380828857422,593.8679256439209,completed
1566.886147,10,10.958107,1.0,True,10,0,0,368.33932185173035,384.4654986858368,0.20991058349609376,368.33932185173035,completed
944.104419,10,10.965104,1.0,True,10,0,0,474.9202666282654,585.2165403366089,14.610261344909668,474.9202666282654,completed
-424.91035,10,10.972108,1.0,True,10,0,0,732.2132225036621,904.9199638366699,54.00852279663086,732.2132225036621,completed
288.326414,10,10.979123,1.0,True,10,0,0,569.4396781921387,727.1397933959961,34.25780029296875,569.4396781921387,completed
527.789474,10,10.986091,1.0,True,10,0,0,530.4002056121826,688.9849987030029,26.804345226287843,530.4002056121826,completed
785.882471,10,10.993112,1.0,True,10,0,0,433.56612968444824,557.9359359741211,21.512416076660156,433.56612968444824,completed
-198.884416,10,11.000072,1.0,True,10,0,0,789.9353141784668,871.3389015197754,40.32252178192139,789.9353141784668,completed
166.508451,10,11.007086,1.0,True,10,0,0,512.5321321487427,793.2444019317627,38.42017135620117,512.5321321487427,completed
541.993021,10,11.014204,1.0,True,10,0,0,531.9381904602051,701.1855506896973,24.12699794769287,531.9381904602051,completed
756.837691,10,11.021733,1.0,True,10,0,0,448.40806579589844,577.6459846496582,20.185344314575197,448.40806579589844,completed
870.82191,10,11.028728,1.0,True,10,0,0,349.67478942871094,563.175615310669,21.994001960754396,349.67478942871094,completed
1114.300299,10,11.035762,1.0,True,10,0,0,392.5727787017822,511.429780960083,11.37916374206543,392.5727787017822,completed
737.39731,10,11.0428,1.0,True,10,0,0,459.78587007522583,556.4875974655151,24.47974052429199,459.78587007522583,completed
284.512708,10,11.050782,1.0,True,10,0,0,592.5356769561768,812.3858165740967,29.067074394226076,592.5356769561768,completed
777.677272,10,11.060138,1.0,True,10,0,0,499.8887367248535,580.1265068054199,21.212516403198244,499.8887367248535,completed
894.277596,10,11.103581,1.0,True,10,0,0,337.17110538482666,487.2127513885498,22.87428569793701,337.17110538482666,completed
437.855087,10,11.170876,1.0,True,10,0,0,447.0539712905884,611.0621166229248,35.58721008300781,447.0539712905884,completed
962.967865,10,11.190015,1.0,True,10,0,0,349.6068239212036,493.9219226837158,21.19769630432129,349.6068239212036,completed
-35.466173,10,11.211085,1.0,True,10,0,0,686.4849529266357,784.6604976654053,41.27243270874023,686.4849529266357,completed
736.333218,10,11.219578,1.0,True,10,0,0,500.40240383148193,605.7435512542725,20.60537166595459,500.40240383148193,completed
899.475862,10,11.22851,1.0,True,10,0,0,404.4613399505615,599.5337104797363,16.918012619018555,404.4613399505615,completed
-208.183002,10,11.237547,1.0,True,10,0,0,586.6593017578125,900.9120712280273,47.75920715332031,586.6593017578125,completed
720.895849,10,11.245138,1.0,True,10,0,0,539.2470273971558,672.0470600128174,17.815208435058594,539.2470273971558,completed
670.040821,10,11.25287,1.0,True,10,0,0,452.5645010471344,549.5924038887024,29.693441724777223,452.5645010471344,completed
427.942686,10,11.260167,1.0,True,10,0,0,564.939603805542,665.2120609283447,28.318014240264894,564.939603805542,completed
1206.376962,10,11.267349,1.0,True,10,0,0,409.7552185058594,550.3512935638428,6.619174194335938,409.7552185058594,completed
445.882282,10,11.277532,1.0,True,10,0,0,587.7973384857178,749.3748741149902,24.60634765625,587.7973384857178,completed
-25.137206,10,11.284844,1.0,True,10,0,0,535.124626159668,815.8334407806396,46.08228225708008,535.124626159668,completed
-159.793148,10,11.291952,1.0,True,10,0,0,546.6400947570801,905.2589912414551,45.05121002197266,546.6400947570801,completed
1295.122202,10,11.299092,1.0,True,10,0,0,396.92452239990234,517.7331066131592,3.1108333587646486,396.92452239990234,completed
1393.737244,10,11.307311,1.0,True,10,0,0,307.3129982948303,355.42759370803833,8.545230197906495,307.3129982948303,completed
787.650331,10,11.314597,1.0,True,10,0,0,485.5060758590698,611.5494213104248,20.66708297729492,485.5060758590698,completed
-154.567425,10,11.321992,1.0,True,10,0,0,636.5777816772461,875.8621616363525,44.95861892700195,636.5777816772461,completed
1252.062015,10,11.329501,1.0,True,10,0,0,398.82536268234253,513.6022882461548,7.934012508392334,398.82536268234253,completed
600.055523,10,11.336936,1.0,True,10,0,0,504.1120910644531,560.5107498168945,29.795769882202148,504.1120910644531,completed
951.790045,10,11.344021,1.0,True,10,0,0,447.4712314605713,610.5401592254639,14.906652069091797,447.4712314605713,completed
770.463632,10,11.351446,1.0,True,10,0,0,414.8993320465088,625.6028270721436,24.121682929992676,414.8993320465088,completed
155.307503,10,11.358627,1.0,True,10,0,0,577.7370319366455,830.7480621337891,32.46137046813965,577.7370319366455,completed
1554.667157,10,11.365758,1.0,True,10,0,0,306.6190948486328,383.34363174438477,2.734169578552246,306.6190948486328,completed
851.218611,10,11.373001,1.0,True,10,0,0,420.70303535461426,559.2570724487305,18.558839416503908,420.70303535461426,completed
120.153385,10,11.381896,1.0,True,10,0,0,457.4213835000992,714.7580349445343,46.70799732208252,457.4213835000992,completed
879.452237,10,11.390339,1.0,True,10,0,0,361.26415252685547,493.36329650878906,25.05448226928711,361.26415252685547,completed
741.895594,10,11.398993,1.0,True,10,0,0,433.0263423919678,572.617166519165,24.17048587799072,433.0263423919678,completed
218.899262,10,11.406326,1.0,True,10,0,0,690.8132820129395,752.9899444580078,32.666191482543944,690.8132820129395,completed
484.254073,10,11.413474,1.0,True,10,0,0,440.40526819229126,689.2382020950317,31.667037200927734,440.40526819229126,completed
939.835142,10,11.420736,1.0,True,10,0,0,445.98213386535645,524.3651103973389,15.288697814941406,445.98213386535645,completed
-321.280413,10,11.427839,1.0,True,10,0,0,624.6654996871948,813.5602779388428,53.328240394592285,624.6654996871948,completed
837.581728,10,11.435372,1.0,True,10,0,0,519.4391098022461,600.9241828918457,16.486910247802733,519.4391098022461,completed
833.005876,10,11.442484,1.0,True,10,0,0,455.40166091918945,642.3813171386719,15.106683921813964,455.40166091918945,completed
700.293297,10,11.449558,1.0,True,10,0,0,504.424015045166,547.8893508911133,22.968700408935547,504.424015045166,completed
-108.462129,10,11.457505,1.0,True,10,0,0,567.6859931945801,765.8985786437988,49.51810483932495,567.6859931945801,completed
971.849551,10,11.465215,1.0,True,10,0,0,462.95757961273193,722.9872074127197,6.004498672485352,462.95757961273193,completed
374.095033,10,11.472463,1.0,True,10,0,0,407.3138952255249,691.1907901763916,35.56033802032471,407.3138952255249,completed
460.806117,10,11.47982,1.0,True,10,0,0,649.2985200881958,699.3658151626587,24.76561870574951,649.2985200881958,completed
-183.703711,10,11.487426,1.0,True,10,0,0,486.5092854499817,806.2310719490051,53.497198009490965,486.5092854499817,completed
1093.214527,10,11.494748,1.0,True,10,0,0,419.47827911376953,476.3441352844238,12.305997848510742,419.47827911376953,completed
1055.287914,10,11.503129,1.0,True,10,0,0,456.5941572189331,470.2613925933838,15.923402976989745,456.5941572189331,completed
910.797788,10,11.510535,1.0,True,10,0,0,416.1617817878723,577.9051041603088,17.190476417541504,416.1617817878723,completed
1403.503517,10,11.518279,1.0,True,10,0,0,377.99197483062744,476.0842514038086,3.0504310607910154,377.99197483062744,completed
230.888106,10,11.528667,1.0,True,10,0,0,619.1430377960205,817.5458126068115,30.666283893585206,619.1430377960205,completed
858.820822,10,11.536489,1.0,True,10,0,0,502.9030132293701,662.0558166503906,13.808798599243165,502.9030132293701,completed
105.708738,10,11.54366,1.0,True,10,0,0,563.2711505889893,997.8041667938232,29.93719940185547,563.2711505889893,completed
963.983165,10,11.551242,1.0,True,10,0,0,426.67781257629395,475.84044075012207,19.829283142089842,426.67781257629395,completed
1313.105034,10,11.559597,1.0,True,10,0,0,360.84310150146484,467.70727157592773,6.045555305480957,360.84310150146484,completed
960.955421,10,11.568552,1.0,True,10,0,0,386.4349613189697,556.1713485717773,16.769755935668947,386.4349613189697,completed
203.518094,10,11.579164,1.0,True,10,0,0,506.50317335128784,768.9421529769897,36.837181663513185,506.50317335128784,completed
512.044078,10,11.589435,1.0,True,10,0,0,554.752685546875,671.1408348083496,24.09246959686279,554.752685546875,completed
711.293625,10,11.598689,1.0,True,10,0,0,520.8177518844604,588.9040050506592,22.171065902709962,520.8177518844604,completed
840.511444,10,11.607125,1.0,True,10,0,0,356.7063293457031,565.0606136322021,20.694904184341432,356.7063293457031,completed
816.334176,10,11.614708,1.0,True,10,0,0,454.68362283706665,603.3451776504517,19.35879774093628,454.68362283706665,completed
888.605908,10,11.622307,1.0,True,10,0,0,441.05574560165405,491.56393337249756,22.30201587677002,441.05574560165405,completed
-326.736348,10,11.629451,1.0,True,10,0,0,712.5247039794922,885.2308502197266,48.273379516601565,712.5247039794922,completed
765.976403,10,11.637107,1.0,True,10,0,0,469.6180305480957,654.5948009490967,16.10992488861084,469.6180305480957,completed
1000.70087,10,11.644396,1.0,True,10,0,0,366.7347345352173,528.0389719009399,15.670771026611328,366.7347345352173,completed
480.439783,10,11.65195,1.0,True,10,0,0,574.2195072174072,648.9251651763916,28.810541534423827,574.2195072174072,completed
423.325591,10,11.659242,1.0,True,10,0,0,501.0911331176758,701.0118389129639,29.74533529281616,501.0911331176758,completed
501.720323,10,11.666457,1.0,True,10,0,0,582.0790681838989,768.035966873169,20.95963363647461,582.0790681838989,completed
1040.49796,10,11.674213,1.0,True,10,0,0,469.3334641456604,682.7981042861938,5.841202354431152,469.3334641456604,completed
576.593725,10,11.681541,1.0,True,10,0,0,599.4934482574463,826.4969367980957,14.728178787231446,599.4934482574463,completed
275.198644,10,11.68949,1.0,True,10,0,0,509.6826915740967,788.7272605895996,30.81958770751953,509.6826915740967,completed
548.236792,10,11.69695,1.0,True,10,0,0,510.72780990600586,794.2277793884277,20.583798217773438,510.72780990600586,completed
1047.85289,10,11.70432,1.0,True,10,0,0,396.7086753845215,565.0075969696045,12.880677413940429,396.7086753845215,completed
698.028275,10,11.711451,1.0,True,10,0,0,566.117696762085,686.8326892852783,18.589257431030273,566.117696762085,completed
321.084046,10,11.718558,1.0,True,10,0,0,562.7352313995361,713.8939914703369,34.79957122802735,562.7352313995361,completed
336.034694,10,11.725587,1.0,True,10,0,0,535.7163414955139,717.2584638595581,33.427559566497806,535.7163414955139,completed
851.56563,10,11.732667,1.0,True,10,0,0,477.4530076980591,609.7398128509521,16.562438583374025,477.4530076980591,completed
914.279435,10,11.739628,1.0,True,10,0,0,436.45460510253906,524.4033336639404,18.100206756591795,436.45460510253906,completed
975.267495,10,11.746706,1.0,True,10,0,0,489.6889362335205,645.0344429016113,9.319062805175781,489.6889362335205,completed
-19.071117,10,11.753865,1.0,True,10,0,0,584.833526134491,975.1587781906128,36.774817276000974,584.833526134491,completed
1047.768608,10,11.760895,1.0,True,10,0,0,429.1579976081848,619.7238702774048,10.152016830444335,429.1579976081848,completed
482.006616,10,11.767892,1.0,True,10,0,0,594.4433841705322,723.8900451660156,25.2524151802063,594.4433841705322,completed
831.506364,10,11.774984,1.0,True,10,0,0,438.1012382507324,504.3106880187988,23.29455680847168,438.1012382507324,completed
1262.9877,10,11.782059,1.0,True,10,0,0,434.6596984863281,534.5323638916016,5.1615440368652346,434.6596984863281,completed
164.818898,10,11.789334,1.0,True,10,0,0,576.3197631835938,841.7478523254395,31.423330307006836,576.3197631835938,completed
1172.05027,10,11.796449,1.0,True,10,0,0,401.7676010131836,437.31029319763184,13.542392349243164,401.7676010131836,completed
774.53413,10,11.803393,1.0,True,10,0,0,465.7941436767578,537.4722328186035,23.488496398925783,465.7941436767578,completed
-230.560996,10,11.8106,1.0,True,10,0,0,642.0173969268799,775.4090003967285,51.62003288269043,642.0173969268799,completed
806.142717,10,11.818274,1.0,True,10,0,0,479.5259246826172,588.9494438171387,18.66486701965332,479.5259246826172,completed
624.200085,10,11.82554,1.0,True,10,0,0,538.7375650405884,598.0251092910767,21.736487770080565,538.7375650405884,completed
1239.664264,10,11.832518,1.0,True,10,0,0,434.31713581085205,526.7824954986572,5.514235496520996,434.31713581085205,completed
704.010276,10,11.839555,1.0,True,10,0,0,564.5927314758301,651.7291603088379,17.76660041809082,564.5927314758301,completed
676.98881,10,11.847267,1.0,True,10,0,0,476.6670169830322,705.0142612457275,18.82476463317871,476.6670169830322,completed
1335.630642,10,11.854813,1.0,True,10,0,0,374.9037971496582,396.59173583984375,8.408808517456055,374.9037971496582,completed
824.353997,10,11.861866,1.0,True,10,0,0,474.8727855682373,641.1395568847656,15.023440933227539,474.8727855682373,completed
-453.83401,10,11.868917,1.0,True,10,0,0,672.6291198730469,931.3742065429688,54.53724555969238,672.6291198730469,completed
545.153139,10,11.875942,1.0,True,10,0,0,612.677622795105,907.3216104507446,12.709325790405273,612.677622795105,completed
299.125828,10,11.882977,1.0,True,10,0,0,687.7769985198975,687.7769985198975,32.33266372680664,687.7769985198975,completed
913.156926,10,11.89007,1.0,True,10,0,0,416.7563247680664,509.08770751953125,19.589640045166014,416.7563247680664,completed
146.06104,10,11.897021,1.0,True,10,0,0,638.2785348892212,757.1907176971436,37.653102493286134,638.2785348892212,completed
-374.270352,10,11.90404,1.0,True,10,0,0,822.8627319335938,1031.2503204345703,43.0588680267334,822.8627319335938,completed
632.519202,10,11.9111,1.0,True,10,0,0,459.5780487060547,614.4256019592285,26.54329032897949,459.5780487060547,completed
219.197653,10,11.918169,1.0,True,10,0,0,602.3240795135498,691.6221389770508,37.43117733001709,602.3240795135498,completed
791.698226,10,11.925231,1.0,True,10,0,0,379.04638481140137,513.7576189041138,26.537028121948243,379.04638481140137,completed
932.581972,10,11.932277,1.0,True,10,0,0,459.1110010147095,543.8222055435181,16.68735008239746,459.1110010147095,completed
1289.372135,10,11.939306,1.0,True,10,0,0,403.58249855041504,473.0813102722168,6.904446220397949,403.58249855041504,completed
392.035018,10,11.946304,1.0,True,10,0,0,493.06792640686035,735.9880924224854,29.626866245269774,493.06792640686035,completed
309.860486,10,11.95335,1.0,True,10,0,0,584.176775932312,655.9542560577393,35.404188346862796,584.176775932312,completed
416.566607,10,11.960356,1.0,True,10,0,0,525.310791015625,766.895565032959,25.73308982849121,525.310791015625,completed
386.581958,10,11.967305,1.0,True,10,0,0,506.91244316101074,678.4361267089844,31.3995418548584,506.91244316101074,completed
813.411677,10,11.974314,1.0,True,10,0,0,441.56194972991943,549.9482860565186,22.835401916503905,441.56194972991943,completed
654.460144,10,11.981432,1.0,True,10,0,0,553.67506980896,655.320629119873,20.37410612106323,553.67506980896,completed
1201.440357,10,11.988404,1.0,True,10,0,0,367.5623970031738,425.7143363952637,11.236821746826172,367.5623970031738,completed
758.650326,10,11.995327,1.0,True,10,0,0,478.5062370300293,671.2722969055176,16.542320251464844,478.5062370300293,completed
802.29358,10,12.00237,1.0,True,10,0,0,428.5741081237793,641.4397296905518,16.248912620544434,428.5741081237793,completed
867.651037,10,12.009385,1.0,True,10,0,0,443.82473373413086,566.0173587799072,19.171751403808592,443.82473373413086,completed
893.529074,10,12.016477,1.0,True,10,0,0,386.8854236602783,561.7190895080566,19.82243366241455,386.8854236602783,completed
766.309026,10,12.023487,1.0,True,10,0,0,409.74678230285645,592.4921569824219,23.805076599121094,409.74678230285645,completed
392.978508,10,12.030481,1.0,True,10,0,0,475.5243968963623,832.9708633422852,29.771945190429687,475.5243968963623,completed
401.245533,10,12.037515,1.0,True,10,0,0,497.3015956878662,701.6786861419678,30.926347732543945,497.3015956878662,completed
479.727167,10,12.044526,1.0,True,10,0,0,553.7841873168945,672.5724182128906,28.158633041381837,553.7841873168945,completed
737.510353,10,12.051489,1.0,True,10,0,0,500.9641990661621,716.2073745727539,15.704150772094726,500.9641990661621,completed
1263.599292,10,12.058528,1.0,True,10,0,0,370.1485118865967,406.7733840942383,9.093043899536132,370.1485118865967,completed
452.045554,10,12.065497,1.0,True,10,0,0,513.0881328582764,622.304615020752,33.52832450866699,513.0881328582764,completed
568.25322,10,12.0725,1.0,True,10,0,0,519.1694488525391,735.7313270568848,22.54703254699707,519.1694488525391,completed
1032.559762,10,12.079519,1.0,True,10,0,0,437.5241889953613,542.8909378051758,13.637284660339356,437.5241889953613,completed
895.439794,10,12.086505,1.0,True,10,0,0,487.125524520874,634.8234367370605,12.698955535888672,487.125524520874,completed
595.495842,10,12.093567,1.0,True,10,0,0,552.622386932373,710.8049430847168,21.552264404296874,552.622386932373,completed
551.687379,10,12.100577,1.0,True,10,0,0,519.690372467041,580.4550170898438,30.649893951416015,519.690372467041,completed
906.409678,10,12.107546,1.0,True,10,0,0,511.5145969390869,605.9174137115479,13.008620452880859,511.5145969390869,completed
904.281516,10,12.114539,1.0,True,10,0,0,500.9299774169922,625.2818145751953,11.117525100708008,500.9299774169922,completed
1005.383119,10,12.121542,1.0,True,10,0,0,326.7305860519409,489.2823724746704,18.76839599609375,326.7305860519409,completed
1149.836973,10,12.128487,1.0,True,10,0,0,343.5574550628662,448.0381259918213,14.55933074951172,343.5574550628662,completed
41.747556,10,12.135462,1.0,True,10,0,0,565.7769756317139,823.4593238830566,41.39905014038086,565.7769756317139,completed
96.725024,10,12.142478,1.0,True,10,0,0,665.9192085266113,926.9973907470703,29.95131607055664,665.9192085266113,completed
904.824454,10,12.15032,1.0,True,10,0,0,377.2612018585205,509.1361789703369,21.18845138549805,377.2612018585205,completed
626.791248,10,12.15864,1.0,True,10,0,0,621.724199295044,765.683780670166,14.896103668212891,621.724199295044,completed
940.328144,10,12.167168,1.0,True,10,0,0,468.93253803253174,494.83359718322754,17.449768829345704,468.93253803253174,completed
9.074121,10,12.174249,1.0,True,10,0,0,656.3647689819336,794.0844497680664,41.930706119537355,656.3647689819336,completed
694.406541,10,12.181385,1.0,True,10,0,0,473.00014877319336,637.6025772094727,21.771526718139647,473.00014877319336,completed
984.651381,10,12.188495,1.0,True,10,0,0,411.34183406829834,515.8705644607544,18.304294872283936,411.34183406829834,completed
682.115362,10,12.19556,1.0,True,10,0,0,584.4671802520752,584.4671802520752,21.964521598815917,584.4671802520752,completed
811.926207,10,12.202549,1.0,True,10,0,0,412.21217346191406,506.35012435913086,24.938067626953124,412.21217346191406,completed
1181.562819,10,12.209562,1.0,True,10,0,0,301.8904962539673,373.466588973999,17.074481773376466,301.8904962539673,completed
-199.811187,10,12.216576,1.0,True,10,0,0,697.222330570221,925.1651468276978,41.439806365966795,697.222330570221,completed
541.833076,10,12.223694,1.0,True,10,0,0,424.06724739074707,585.8539218902588,31.21436309814453,424.06724739074707,completed
656.577902,10,12.230791,1.0,True,10,0,0,395.25953245162964,596.0107908248901,28.282725429534914,395.25953245162964,completed
217.506639,10,12.237787,1.0,True,10,0,0,515.6037731170654,736.060791015625,37.673211336135864,515.6037731170654,completed
436.125283,10,12.244757,1.0,True,10,0,0,427.9747381210327,682.8403606414795,34.7982738494873,427.9747381210327,completed
804.296977,10,12.252105,1.0,True,10,0,0,489.95279693603516,624.6485538482666,16.480896759033204,489.95279693603516,completed
759.621159,10,12.259141,1.0,True,10,0,0,478.68933868408203,748.4303283691406,13.494593811035156,478.68933868408203,completed
116.44942,10,12.266455,1.0,True,10,0,0,536.4544067382812,753.4718475341797,42.39294519424438,536.4544067382812,completed
842.82647,10,12.273404,1.0,True,10,0,0,444.6697826385498,589.5929183959961,17.8409725189209,444.6697826385498,completed
671.895975,10,12.289134,1.0,True,10,0,0,442.94840812683105,631.1598453521729,22.90295753479004,442.94840812683105,completed
123.215134,10,12.297188,1.0,True,10,0,0,568.7170295715332,761.605712890625,38.13941822052002,568.7170295715332,completed
670.300691,10,12.305949,1.0,True,10,0,0,450.1012167930603,580.3045988082886,26.815176010131836,450.1012167930603,completed
328.914689,10,12.313282,1.0,True,10,0,0,578.352502822876,746.6851902008057,32.1360050201416,578.352502822876,completed
560.838916,10,12.32062,1.0,True,10,0,0,473.6993103027344,734.6612129211426,23.09070816040039,473.6993103027344,completed
978.8971,10,12.328287,1.0,True,10,0,0,444.47810077667236,603.8912315368652,12.756784248352051,444.47810077667236,completed
812.835756,10,12.335404,1.0,True,10,0,0,447.84505891799927,546.0597767829895,21.63957271575928,447.84505891799927,completed
572.328313,10,12.342623,1.0,True,10,0,0,427.4308452606201,590.0504055023193,28.107886695861815,427.4308452606201,completed
1020.56795,10,12.350095,1.0,True,10,0,0,418.9230217933655,574.7450661659241,13.042933225631714,418.9230217933655,completed
783.156274,10,12.357645,1.0,True,10,0,0,493.4410057067871,633.9000778198242,18.17445182800293,493.4410057067871,completed
418.314317,10,12.365214,1.0,True,10,0,0,606.1995277404785,640.2291564941406,30.185694694519043,606.1995277404785,completed
389.888995,10,12.372418,1.0,True,10,0,0,546.9746952056885,680.1324157714844,32.439026546478274,546.9746952056885,completed
875.605476,10,13.674603,1.0,True,10,0,0,412.3798942565918,482.54307556152344,20.558460235595703,412.3798942565918,completed
-217.731179,10,13.682611,1.0,True,10,0,0,659.9235572814941,895.096004486084,45.108572006225586,659.9235572814941,completed
786.20684,10,13.69227,1.0,True,10,0,0,516.2600708007812,566.1403560638428,19.81413631439209,516.2600708007812,completed
903.434314,10,13.70179,1.0,True,10,0,0,445.3054962158203,524.554178237915,18.368639612197875,445.3054962158203,completed
1012.134424,10,13.709955,1.0,True,10,0,0,475.196138381958,666.5589752197266,6.726651000976562,475.196138381958,completed
643.368412,10,13.717583,1.0,True,10,0,0,584.7021427154541,727.0153732299805,17.30466957092285,584.7021427154541,completed
742.040293,10,13.724907,1.0,True,10,0,0,500.77674674987793,670.948881149292,16.722494506835936,500.77674674987793,completed
70.030659,10,13.732384,1.0,True,10,0,0,658.5875391960144,785.6575002670288,39.27967834472656,658.5875391960144,completed
1096.859111,10,13.741336,1.0,True,10,0,0,408.6364459991455,519.1544933319092,11.344453954696656,408.6364459991455,completed
661.098875,10,13.749673,1.0,True,10,0,0,517.8529224395752,645.967794418335,24.131239891052246,517.8529224395752,completed
-94.30867,10,13.757675,1.0,True,10,0,0,592.6853313446045,843.4104080200195,43.79730110168457,592.6853313446045,completed
78.546485,10,13.765297,1.0,True,10,0,0,725.0632820129395,725.0632820129395,37.69229679107666,725.0632820129395,completed
277.659301,10,13.773332,1.0,True,10,0,0,613.8174152374268,839.8130130767822,27.262796783447264,613.8174152374268,completed
769.691446,10,13.78143,1.0,True,10,0,0,454.265531539917,599.9340419769287,20.64108943939209,454.265531539917,completed
478.067509,10,13.793123,1.0,True,10,0,0,483.6196708679199,642.2462425231934,30.764491081237793,483.6196708679199,completed
760.541936,10,13.800811,1.0,True,10,0,0,453.1688241958618,537.2835845947266,23.327241325378417,453.1688241958618,completed
862.421275,10,13.808752,1.0,True,10,0,0,551.6049156188965,720.1789779663086,10.22094497680664,551.6049156188965,completed
898.364378,10,13.821844,1.0,True,10,0,0,451.20494747161865,585.4177808761597,16.347654724121092,451.20494747161865,completed
653.235024,10,13.831784,1.0,True,10,0,0,372.57144433259964,559.3748947381973,31.145486259460448,372.57144433259964,completed
178.525415,10,13.839686,1.0,True,10,0,0,627.1171760559082,817.9055976867676,34.27540607452393,627.1171760559082,completed
921.876282,10,13.847316,1.0,True,10,0,0,366.41184520721436,515.0702419281006,22.83496723175049,366.41184520721436,completed
-95.280494,10,13.854888,1.0,True,10,0,0,485.03875732421875,821.7023162841797,48.269234561920165,485.03875732421875,completed
393.752353,10,13.863905,1.0,True,10,0,0,496.422758102417,789.2646675109863,29.01014289855957,496.422758102417,completed
145.04922,10,13.873258,1.0,True,10,0,0,685.5736446380615,782.5506134033203,33.640045928955075,685.5736446380615,completed
413.356741,10,13.881647,1.0,True,10,0,0,577.3335876464844,687.010383605957,28.726584243774415,577.3335876464844,completed
1102.806736,10,13.890773,1.0,True,10,0,0,432.7642593383789,504.1023826599121,12.401104354858399,432.7642593383789,completed
1132.029067,10,13.900147,1.0,True,10,0,0,392.3447551727295,414.60232162475586,15.825076293945312,392.3447551727295,completed
667.52623,10,13.90997,1.0,True,10,0,0,566.773196220398,606.2371768951416,22.02744789123535,566.773196220398,completed
450.29139,10,13.918057,1.0,True,10,0,0,542.3779954910278,702.3136644363403,28.33683910369873,542.3779954910278,completed
421.603913,10,13.925703,1.0,True,10,0,0,485.5708198547363,781.9766998291016,28.343961238861084,485.5708198547363,completed
45.578336,10,13.933205,1.0,True,10,0,0,611.0624027252197,841.4237251281738,37.61090621948242,611.0624027252197,completed
698.474883,10,13.940492,1.0,True,10,0,0,460.751727104187,613.5004901885986,22.01117706298828,460.751727104187,completed
512.275545,10,13.948024,1.0,True,10,0,0,596.6584339141846,632.71457862854,26.187167930603028,596.6584339141846,completed
-406.034231,10,13.956581,1.0,True,10,0,0,684.8677043914795,984.2243881225586,50.123339080810545,684.8677043914795,completed
839.0048,10,13.963834,1.0,True,10,0,0,430.904354095459,611.6365642547607,19.73261833190918,430.904354095459,completed
829.642052,10,13.971406,1.0,True,10,0,0,437.14612865448,540.3306198120117,20.18532943725586,437.14612865448,completed
30.815935,10,13.978687,1.0,True,10,0,0,482.8527488708496,741.3254165649414,47.70072288513184,482.8527488708496,completed
677.080217,10,13.98654,1.0,True,10,0,0,523.6497917175293,638.8792629241943,23.54813594818115,523.6497917175293,completed
708.093331,10,13.994484,1.0,True,10,0,0,533.0272650718689,584.2732214927673,22.21948833465576,533.0272650718689,completed
885.884216,10,14.002014,1.0,True,10,0,0,508.5718688964844,752.0093040466309,8.58812141418457,508.5718688964844,completed
1021.701762,10,14.009548,1.0,True,10,0,0,456.66568422317505,594.7842607498169,12.001807022094727,456.66568422317505,completed
1273.469897,10,14.017214,1.0,True,10,0,0,364.58321952819824,472.95573902130127,8.876442909240723,364.58321952819824,completed
307.201781,10,14.025045,1.0,True,10,0,0,523.1642417907715,636.9134521484375,37.16474380493164,523.1642417907715,completed
1172.626302,10,14.033684,1.0,True,10,0,0,390.3999412059784,557.4795470237732,8.495311594009399,390.3999412059784,completed
326.649556,10,14.052237,1.0,True,10,0,0,513.7698049545288,829.8566150665283,28.362314224243164,513.7698049545288,completed
638.742858,10,14.061784,1.0,True,10,0,0,548.7553405761719,672.452018737793,19.115335845947264,548.7553405761719,completed
142.960986,10,14.069566,1.0,True,10,0,0,682.5323371887207,761.1005992889404,33.76544761657715,682.5323371887207,completed
861.803817,10,14.077071,1.0,True,10,0,0,310.2156358361244,475.7471400499344,28.437247359752654,310.2156358361244,completed
456.75885,10,14.085076,1.0,True,10,0,0,555.9118766784668,705.7442893981934,26.168765258789062,555.9118766784668,completed
651.96255,10,14.093399,1.0,True,10,0,0,490.16091537475586,633.4372940063477,23.60799388885498,490.16091537475586,completed
646.34966,10,14.101406,1.0,True,10,0,0,440.7567253112793,659.2831287384033,25.1992431640625,440.7567253112793,completed
360.961614,10,14.109252,1.0,True,10,0,0,520.9271318912506,744.6647210121155,31.117545700073244,520.9271318912506,completed
821.594616,10,14.118172,1.0,True,10,0,0,411.1314182281494,569.3307781219482,22.273133850097658,411.1314182281494,completed
1213.996422,10,14.125915,1.0,True,10,0,0,446.98661041259766,462.3573513031006,9.960926246643066,446.98661041259766,completed
910.839433,10,14.133297,1.0,True,10,0,0,503.25513458251953,586.3069019317627,12.863494682312012,503.25513458251953,completed
637.358762,10,14.140774,1.0,True,10,0,0,534.337610244751,656.0124855041504,20.521246910095215,534.337610244751,completed
-1268.118903,10,14.149939,1.0,True,10,0,0,840.2380571365356,1133.8323907852173,77.83802194595337,840.2380571365356,completed
432.106467,10,14.158387,1.0,True,10,0,0,609.5984926223755,670.0662364959717,27.753078842163085,609.5984926223755,completed
-90.725813,10,14.166314,1.0,True,10,0,0,668.7165122032166,939.5431318283081,38.54992303848267,668.7165122032166,completed
73.631134,10,14.173658,1.0,True,10,0,0,602.8647289276123,768.9010829925537,41.69294185638428,602.8647289276123,completed
-475.44527,10,14.181537,1.0,True,10,0,0,699.6814632415771,1005.3716049194336,50.73638134002685,699.6814632415771,completed
888.078583,10,14.189759,1.0,True,10,0,0,431.6462984085083,535.8773546218872,18.923427391052247,431.6462984085083,completed
331.378199,10,14.197011,1.0,True,10,0,0,604.2896385192871,691.5157051086426,31.769037103652956,604.2896385192871,completed
720.649099,10,14.204806,1.0,True,10,0,0,429.65439796447754,564.6240100860596,24.52359256744385,429.65439796447754,completed
712.820314,10,14.212057,1.0,True,10,0,0,528.4196429252625,622.2794909477234,20.031023025512695,528.4196429252625,completed
295.446069,10,14.219445,1.0,True,10,0,0,598.8094177246094,894.343994140625,22.57449436187744,598.8094177246094,completed
955.892597,10,14.22681,1.0,True,10,0,0,420.1566324234009,508.5491142272949,17.38046989440918,420.1566324234009,completed
574.53768,10,14.23434,1.0,True,10,0,0,512.27996301651,568.9537439346313,27.86226119995117,512.27996301651,completed
1047.098005,10,14.241374,1.0,True,10,0,0,434.1285152435303,528.9538516998291,13.77878246307373,434.1285152435303,completed
458.797459,10,14.248578,1.0,True,10,0,0,603.348076581955,696.6360716819763,25.144700813293458,603.348076581955,completed
493.117753,10,14.25632,1.0,True,10,0,0,523.4053249359131,747.9684810638428,24.253686141967773,523.4053249359131,completed
582.052238,10,14.263956,1.0,True,10,0,0,442.25175857543945,619.2846126556396,29.319181632995605,442.25175857543945,completed
-151.337669,10,14.271337,1.0,True,10,0,0,507.04722368717194,798.5949013233185,52.93274717330932,507.04722368717194,completed
797.833485,10,14.278692,1.0,True,10,0,0,509.50060749053955,572.2040157318115,17.8520866394043,509.50060749053955,completed
1080.481708,10,14.28601,1.0,True,10,0,0,464.66839027404785,544.725664138794,10.325951385498048,464.66839027404785,completed
609.281184,10,14.293351,1.0,True,10,0,0,562.3579807281494,648.1241779327393,24.01837158203125,562.3579807281494,completed
579.354461,10,14.300916,1.0,True,10,0,0,413.25723457336426,635.2512969970703,28.19573860168457,413.25723457336426,completed
1123.413614,10,14.309383,1.0,True,10,0,0,363.24490451812744,420.7813549041748,16.788997650146484,363.24490451812744,completed
584.84428,10,14.319554,1.0,True,10,0,0,479.3970127105713,692.8597011566162,25.268592071533202,479.3970127105713,completed
799.322428,10,14.328921,1.0,True,10,0,0,447.5115919113159,574.0499744415283,19.535782241821288,447.5115919113159,completed
253.719709,10,14.337441,1.0,True,10,0,0,668.0673713684082,754.3470344543457,31.532906532287598,668.0673713684082,completed
556.396232,10,14.345521,1.0,True,10,0,0,406.56059074401855,604.4741458892822,31.237292671203612,406.56059074401855,completed
1334.726684,10,14.352675,1.0,True,10,0,0,377.80814933776855,377.80814933776855,8.149973106384277,377.80814933776855,completed
827.679615,10,14.360665,1.0,True,10,0,0,475.15776538848877,558.9803333282471,20.617367935180663,475.15776538848877,completed
-202.327142,10,14.368869,1.0,True,10,0,0,711.6078758239746,953.1539611816406,40.84465293884277,711.6078758239746,completed
572.240922,10,14.376721,1.0,True,10,0,0,639.188362121582,653.0858173370361,19.542583084106447,639.188362121582,completed
134.399339,10,14.384196,1.0,True,10,0,0,600.6012916564941,857.5895919799805,33.84456672668457,600.6012916564941,completed
415.087269,10,14.391808,1.0,True,10,0,0,528.0629315376282,864.5535326004028,22.853304290771483,528.0629315376282,completed
651.539049,10,14.400485,1.0,True,10,0,0,380.56006240844727,563.5509395599365,30.760943984985353,380.56006240844727,completed
516.417537,10,14.410796,1.0,True,10,0,0,465.5231056213379,656.6414947509766,31.098147773742674,465.5231056213379,completed
-631.959519,10,14.418687,1.0,True,10,0,0,775.7293891906738,998.3291282653809,55.417992210388185,775.7293891906738,completed
498.66162,10,14.426491,1.0,True,10,0,0,689.6642017364502,760.1732730865479,18.317462921142578,689.6642017364502,completed
-205.651699,10,14.433796,1.0,True,10,0,0,627.7941665649414,771.8556594848633,50.996698665618894,627.7941665649414,completed
925.679509,10,14.441302,1.0,True,10,0,0,458.1185178756714,580.6565456390381,17.53635902404785,458.1185178756714,completed
339.711498,10,14.448555,1.0,True,10,0,0,542.5285778045654,737.9489936828613,29.40137310028076,542.5285778045654,completed
1061.022693,10,14.456086,1.0,True,10,0,0,484.93652534484863,555.1133823394775,8.86953353881836,484.93652534484863,completed
487.365593,10,14.463376,1.0,True,10,0,0,562.4001092910767,688.1203269958496,27.913099098205567,562.4001092910767,completed
940.067772,10,14.471153,1.0,True,10,0,0,422.52731704711914,604.0401954650879,14.098581123352051,422.52731704711914,completed
785.126567,10,14.478698,1.0,True,10,0,0,467.9912967681885,653.5449771881104,17.758959007263183,467.9912967681885,completed
30.909801,10,14.486393,1.0,True,10,0,0,635.6897220611572,807.4304447174072,39.47514381408691,635.6897220611572,completed
401.873328,10,14.497956,1.0,True,10,0,0,545.289252281189,685.8396329879761,30.326476192474367,545.289252281189,completed
1096.745401,10,14.507084,1.0,True,10,0,0,427.9098997116089,560.3190679550171,9.757884216308593,427.9098997116089,completed
948.94407,10,14.515253,1.0,True,10,0,0,489.71759557724,517.6185297966003,15.142249488830567,489.71759557724,completed
1103.363329,10,14.524144,1.0,True,10,0,0,428.45007705688477,465.36351013183594,12.133338165283202,428.45007705688477,completed
-69.809363,10,14.532008,1.0,True,10,0,0,502.4915828704834,867.1910285949707,45.22021408081055,502.4915828704834,completed
844.722569,10,14.543456,1.0,True,10,0,0,541.4781188964844,670.5211219787598,11.64086627960205,541.4781188964844,completed
301.519474,10,14.551649,1.0,True,10,0,0,564.7567825317383,750.9234962463379,29.930530548095703,564.7567825317383,completed
76.288554,10,14.56071,1.0,True,10,0,0,630.5645980834961,896.3789291381836,33.71779327392578,630.5645980834961,completed
743.162321,10,14.568937,1.0,True,10,0,0,553.9978294372559,738.7955169677734,13.838195610046387,553.9978294372559,completed
1157.597392,10,14.577198,1.0,True,10,0,0,387.9460988044739,540.7906274795532,11.488262939453126,387.9460988044739,completed
978.871929,10,14.58441,1.0,True,10,0,0,519.3299026489258,570.3740177154541,9.85593547821045,519.3299026489258,completed
256.119579,10,14.592814,1.0,True,10,0,0,475.19030380249023,723.9325256347656,38.872023010253905,475.19030380249023,completed
577.964689,10,14.60125,1.0,True,10,0,0,520.9328060150146,763.4019012451172,19.23667678833008,520.9328060150146,completed
385.513045,10,14.609087,1.0,True,10,0,0,628.3876419067383,976.1665077209473,16.43356056213379,628.3876419067383,completed
503.294589,10,14.616579,1.0,True,10,0,0,523.9927940368652,692.4802017211914,25.529075622558594,523.9927940368652,completed
1001.507903,10,14.624029,1.0,True,10,0,0,466.7226810455322,592.4639129638672,11.587409210205077,466.7226810455322,completed
953.306803,10,14.631674,1.0,True,10,0,0,383.3351502418518,467.5606508255005,22.118769550323485,383.3351502418518,completed
433.961713,10,14.639476,1.0,True,10,0,0,644.1320838928223,678.4740104675293,27.411881256103516,644.1320838928223,completed
627.092835,10,14.647278,1.0,True,10,0,0,415.6061716079712,751.5897274017334,20.58973808288574,415.6061716079712,completed
480.82209,10,14.655323,1.0,True,10,0,0,486.96048736572266,632.4320220947266,33.56631965637207,486.96048736572266,completed
1023.813513,10,14.663317,1.0,True,10,0,0,375.0792474746704,491.53790187835693,17.522362327575685,375.0792474746704,completed
-237.55765,10,14.671784,1.0,True,10,0,0,677.6784372329712,818.680814743042,49.77008457183838,677.6784372329712,completed
-23.211943,10,14.679812,1.0,True,10,0,0,786.0170106887817,889.7901630401611,33.141627883911134,786.0170106887817,completed
-147.356781,10,14.687597,1.0,True,10,0,0,657.8892765045166,853.9616985321045,45.16326732635498,657.8892765045166,completed
1215.430707,10,14.695344,1.0,True,10,0,0,313.9346799850464,413.45842361450195,14.070210933685303,313.9346799850464,completed
1041.478392,10,14.702753,1.0,True,10,0,0,379.1775646209717,509.5668182373047,15.524578475952149,379.1775646209717,completed
-248.942141,10,14.710761,1.0,True,10,0,0,772.933837890625,983.178783416748,39.68425884246826,772.933837890625,completed
722.945283,10,14.718417,1.0,True,10,0,0,486.34242582321167,674.7477769851685,19.151335334777833,486.34242582321167,completed
270.786387,10,14.725931,1.0,True,10,0,0,530.4505252838135,690.1694240570068,35.83784656524658,530.4505252838135,completed
-18.850893,10,14.733541,1.0,True,10,0,0,708.5831298828125,828.0359115600586,38.64307560920715,708.5831298828125,completed
781.773363,10,14.74173,1.0,True,10,0,0,474.91016578674316,563.2089176177979,21.437536430358886,474.91016578674316,completed
561.340031,10,14.749639,1.0,True,10,0,0,403.8892574310303,745.3828620910645,25.820263290405272,403.8892574310303,completed
115.367847,10,14.758731,1.0,True,10,0,0,640.2370948791504,841.6800384521484,33.232092666625974,640.2370948791504,completed
-41.872922,10,14.766145,1.0,True,10,0,0,703.3452701568604,934.7238807678223,32.83347454071045,703.3452701568604,completed
359.170485,10,14.773975,1.0,True,10,0,0,557.6265468597412,681.2641983032227,32.343148422241214,557.6265468597412,completed
954.311764,10,14.781285,1.0,True,10,0,0,437.1572332382202,495.88065910339355,16.396258544921874,437.1572332382202,completed
-220.614957,10,14.792697,1.0,True,10,0,0,776.9491958618164,917.6872787475586,40.49947166442871,776.9491958618164,completed
1018.6841,10,14.801588,1.0,True,10,0,0,404.09386587142944,480.92644214630127,18.74202470779419,404.09386587142944,completed
-3.756879,10,14.81317,1.0,True,10,0,0,508.6005210876465,746.6890487670898,47.1119306564331,508.6005210876465,completed
339.076157,10,14.82243,1.0,True,10,0,0,517.5650634765625,690.69287109375,35.28113231658936,517.5650634765625,completed
1054.642375,10,14.830884,1.0,True,10,0,0,488.9844493865967,562.003116607666,7.4381763458251955,488.9844493865967,completed
543.104591,10,14.839779,1.0,True,10,0,0,564.2038402557373,686.0012321472168,23.938587474823,564.2038402557373,completed
1354.060918,10,14.847885,1.0,True,10,0,0,389.54881858825684,470.2048816680908,5.4992210388183596,389.54881858825684,completed
812.871923,10,14.855557,1.0,True,10,0,0,444.3139362335205,645.0542831420898,17.54900016784668,444.3139362335205,completed
984.321228,10,14.862996,1.0,True,10,0,0,425.80238151550293,506.74241638183594,17.139034271240234,425.80238151550293,completed
-68.407904,10,14.870638,1.0,True,10,0,0,670.2305793762207,1003.0632667541504,33.894998168945314,670.2305793762207,completed
-382.109413,10,14.878354,1.0,True,10,0,0,649.1651210784912,928.2890911102295,51.82461700439453,649.1651210784912,completed
354.642305,10,14.885774,1.0,True,10,0,0,422.42068123817444,632.7928776741028,38.04165601730347,422.42068123817444,completed
202.568808,10,14.893593,1.0,True,10,0,0,598.4604296684265,738.0677371025085,37.07402114868164,598.4604296684265,completed
-520.477977,10,14.901042,1.0,True,10,0,0,771.2927303314209,994.8586616516113,51.417890548706055,771.2927303314209,completed
1014.731785,10,14.908492,1.0,True,10,0,0,439.41994857788086,477.0929822921753,15.5906982421875,439.41994857788086,completed
589.84633,10,14.916794,1.0,True,10,0,0,544.324912071228,678.2712306976318,22.62301845550537,544.324912071228,completed
565.450488,10,14.925122,1.0,True,10,0,0,486.0138511657715,604.5414295196533,27.147281455993653,486.0138511657715,completed
83.658207,10,14.932746,1.0,True,10,0,0,540.0468196868896,821.036657333374,40.208668899536136,540.0468196868896,completed
540.936862,10,14.940677,1.0,True,10,0,0,476.3817768096924,602.6001796722412,28.768693733215333,476.3817768096924,completed
792.468853,10,14.948156,1.0,True,10,0,0,526.8778285980225,526.8778285980225,21.341941928863527,526.8778285980225,completed
516.121714,10,14.956081,1.0,True,10,0,0,451.4918465614319,718.652485370636,28.123272228240968,451.4918465614319,completed
845.651894,10,14.963591,1.0,True,10,0,0,345.83993792533875,543.3278307914734,21.95917649269104,345.83993792533875,completed
501.839222,10,14.971398,1.0,True,10,0,0,560.2994289398193,772.471212387085,22.613139343261718,560.2994289398193,completed
661.774505,10,14.978868,1.0,True,10,0,0,470.69439125061035,625.7558155059814,24.123873138427733,470.69439125061035,completed
501.543151,10,14.986113,1.0,True,10,0,0,525.3777704238892,662.9127330780029,28.4513090133667,525.3777704238892,completed
617.092157,10,14.993254,1.0,True,10,0,0,571.7050714492798,657.5346927642822,20.329831886291505,571.7050714492798,completed
213.319396,10,15.000809,1.0,True,10,0,0,585.4824123382568,774.697301864624,33.66120624542236,585.4824123382568,completed
-654.579101,10,15.008526,1.0,True,10,0,0,673.3320178985596,958.9526844024658,63.036596870422365,673.3320178985596,completed
361.076337,10,15.01578,1.0,True,10,0,0,538.9667339324951,608.885814666748,35.53846130371094,538.9667339324951,completed
273.36621,10,15.02301,1.0,True,10,0,0,464.06382942199707,767.3001689910889,35.95826530456543,464.06382942199707,completed
1647.112927,10,15.030429,1.0,True,10,0,0,241.07370471954346,279.8131446838379,4.522419548034668,241.07370471954346,completed
28.452219,10,15.037853,1.0,True,10,0,0,652.3169937133789,867.965274810791,33.269789123535155,652.3169937133789,completed
-475.768268,10,15.045378,1.0,True,10,0,0,827.2076606750488,1121.651870727539,40.53133068084717,827.2076606750488,completed
65.260641,10,15.052879,1.0,True,10,0,0,717.8760604858398,769.8090133666992,36.11119041442871,717.8760604858398,completed
806.046952,10,15.060727,1.0,True,10,0,0,332.2809777855873,511.2945338487625,27.358023726940154,332.2809777855873,completed
535.775804,10,15.068118,1.0,True,10,0,0,620.2804851531982,620.2804851531982,24.9873685836792,620.2804851531982,completed
663.450719,10,15.075642,1.0,True,10,0,0,500.8680419921875,679.6432390213013,22.671044635772706,500.8680419921875,completed
1247.25554,10,15.083023,1.0,True,10,0,0,435.0862350463867,502.87430572509766,5.1765491485595705,435.0862350463867,completed
922.414151,10,15.090646,1.0,True,10,0,0,493.8080062866211,511.5704040527344,16.67868003845215,493.8080062866211,completed
1031.351838,10,15.099569,1.0,True,10,0,0,417.04801177978516,537.9354419708252,10.834518432617188,417.04801177978516,completed
-186.97409,10,15.107669,1.0,True,10,0,0,672.7154235839844,961.4338569641113,40.78837966918945,672.7154235839844,completed
455.18064,10,15.115917,1.0,True,10,0,0,571.0999889373779,751.0418663024902,25.800665664672852,571.0999889373779,completed
212.914014,10,15.124003,1.0,True,10,0,0,436.79033279418945,793.3857021331787,37.11437568664551,436.79033279418945,completed
248.231123,10,15.131416,1.0,True,10,0,0,464.50480711460114,782.1669723987579,36.38411617279053,464.50480711460114,completed
393.026687,10,15.138524,1.0,True,10,0,0,516.5102519989014,710.417179107666,30.280413246154787,516.5102519989014,completed
219.538955,10,15.201251,1.0,True,10,0,0,546.1237239837646,673.9550838470459,38.82181091308594,546.1237239837646,completed
737.463114,10,15.210265,1.0,True,10,0,0,503.1374292373657,572.3318500518799,23.554469680786134,503.1374292373657,completed
-268.060691,10,15.220882,1.0,True,10,0,0,614.5967674255371,830.3314170837402,52.54690361022949,614.5967674255371,completed
452.464624,10,15.231625,1.0,True,10,0,0,542.266092300415,693.7668647766113,28.70160846710205,542.266092300415,completed
125.47789,10,15.239195,1.0,True,10,0,0,476.00832748413086,755.7927627563477,42.377253723144534,476.00832748413086,completed
258.668824,10,15.246983,1.0,True,10,0,0,650.7067708969116,650.7067708969116,35.006483268737796,650.7067708969116,completed
1258.269232,10,15.254788,1.0,True,10,0,0,381.9597101211548,529.67942237854,5.995378875732422,381.9597101211548,completed
689.298685,10,15.262026,1.0,True,10,0,0,491.1442623138428,665.4835014343262,21.199145317077637,491.1442623138428,completed
284.181443,10,15.270635,1.0,True,10,0,0,415.7495365142822,762.0693969726562,34.654624938964844,415.7495365142822,completed
427.04193,10,15.278333,1.0,True,10,0,0,531.8404741287231,686.3459529876709,29.443661880493163,531.8404741287231,completed
987.129152,10,15.286063,1.0,True,10,0,0,503.6754570007324,573.8523139953613,12.221401405334472,503.6754570007324,completed
111.084079,10,15.29674,1.0,True,10,0,0,673.5116481781006,855.8981971740723,32.9160457611084,673.5116481781006,completed
413.077894,10,15.304394,1.0,True,10,0,0,536.9948558807373,789.2279777526855,25.57872085571289,536.9948558807373,completed
664.528275,10,15.311878,1.0,True,10,0,0,524.5491065979004,696.1333026885986,19.74978141784668,524.5491065979004,completed
364.881261,10,15.319593,1.0,True,10,0,0,668.2418537139893,837.8899116516113,21.37473621368408,668.2418537139893,completed
269.592618,10,15.327705,1.0,True,10,0,0,583.6714196205139,743.5611352920532,33.864364051818846,583.6714196205139,completed
190.120533,10,15.335299,1.0,True,10,0,0,527.4583854675293,696.298999786377,38.373776817321776,527.4583854675293,completed
-33.794739,10,15.343207,1.0,True,10,0,0,469.96244072914124,746.7284474372864,51.02079911231995,469.96244072914124,completed
1145.591139,10,15.35072,1.0,True,10,0,0,462.46716499328613,719.4808578491211,0.024980926513671876,462.46716499328613,completed
726.596733,10,15.35866,1.0,True,10,0,0,512.9850130081177,665.3401947021484,16.186902236938476,512.9850130081177,completed
937.820234,10,15.366167,1.0,True,10,0,0,494.4279565811157,552.1887941360474,14.905765914916993,494.4279565811157,completed
684.42474,10,15.37385,1.0,True,10,0,0,463.0333652496338,568.6750717163086,25.110633087158202,463.0333652496338,completed
406.919886,10,15.381769,1.0,True,10,0,0,582.4953174591064,670.4940891265869,31.05197129249573,582.4953174591064,completed
823.316208,10,15.391449,1.0,True,10,0,0,459.863028049469,586.9477281570435,21.00617370605469,459.863028049469,completed
726.777237,10,16.634857,1.0,True,10,0,0,499.6288194656372,645.8115739822388,22.652637004852295,499.6288194656372,completed
857.261025,10,16.64561,1.0,True,10,0,0,523.119708776474,538.8183734416962,17.558346939086913,523.119708776474,completed
408.792209,10,16.655266,1.0,True,10,0,0,566.6236534118652,729.223274230957,28.204399871826173,566.6236534118652,completed
591.983734,10,16.662867,1.0,True,10,0,0,546.1474313735962,746.2281513214111,19.973842048645018,546.1474313735962,completed
528.486194,10,16.670255,1.0,True,10,0,0,511.683048248291,639.0865135192871,30.07544059753418,511.683048248291,completed
953.871448,10,16.677765,1.0,True,10,0,0,462.70107650756836,571.3099689483643,15.253347015380859,462.70107650756836,completed
803.529183,10,16.685172,1.0,True,10,0,0,392.8441562652588,516.5332126617432,24.12888946533203,392.8441562652588,completed
893.62041,10,16.692765,1.0,True,10,0,0,416.667489528656,624.6083059310913,15.465497970581055,416.667489528656,completed
897.027218,10,16.700106,1.0,True,10,0,0,473.8403797149658,586.3920574188232,15.681864547729493,473.8403797149658,completed
819.998422,10,16.707605,1.0,True,10,0,0,419.5376319885254,578.4909152984619,21.596949577331543,419.5376319885254,completed
346.329173,10,16.714971,1.0,True,10,0,0,521.8452863693237,895.7164516448975,24.763777923583984,521.8452863693237,completed
333.454702,10,16.723078,1.0,True,10,0,0,585.418384552002,776.5764389038086,30.053009223937988,585.418384552002,completed
1103.383943,10,16.730464,1.0,True,10,0,0,389.06292057037354,486.31645011901855,13.411510467529297,389.06292057037354,completed
1044.555968,10,16.737893,1.0,True,10,0,0,358.68112802505493,556.4252023696899,14.65838165283203,358.68112802505493,completed
319.497254,10,16.745131,1.0,True,10,0,0,512.484037399292,775.1720867156982,31.766151428222656,512.484037399292,completed
347.423524,10,16.752396,1.0,True,10,0,0,564.1038045883179,829.5833835601807,25.828623580932618,564.1038045883179,completed
778.332589,10,16.759747,1.0,True,10,0,0,471.15827083587646,586.6558094024658,20.432552909851076,471.15827083587646,completed
827.325704,10,16.767063,1.0,True,10,0,0,491.44417572021484,608.2237434387207,16.18808364868164,491.44417572021484,completed
651.986469,10,16.774281,1.0,True,10,0,0,522.1355094909668,623.7810688018799,21.928652477264404,522.1355094909668,completed
340.028952,10,16.781571,1.0,True,10,0,0,562.2212038040161,778.8631277084351,27.794444274902343,562.2212038040161,completed
575.720826,10,16.788792,1.0,True,10,0,0,447.658447265625,715.9103050231934,22.909138488769532,447.658447265625,completed
399.738334,10,16.79599,1.0,True,10,0,0,484.4227600097656,635.9576835632324,33.75272789001465,484.4227600097656,completed
363.462261,10,16.803263,1.0,True,10,0,0,572.6060819625854,795.0215244293213,26.672520637512207,572.6060819625854,completed
-554.616597,10,16.810501,1.0,True,10,0,0,675.3013763427734,1053.9948234558105,52.75207328796387,675.3013763427734,completed
1053.576657,10,16.817771,1.0,True,10,0,0,455.8159828186035,729.4243545532227,4.278348159790039,455.8159828186035,completed
125.135679,10,16.82507,1.0,True,10,0,0,553.4712066650391,775.2949142456055,36.49785957336426,553.4712066650391,completed
922.618056,10,16.832156,1.0,True,10,0,0,443.93737983703613,524.8520317077637,16.184114074707033,443.93737983703613,completed
-535.941108,10,16.839449,1.0,True,10,0,0,716.6487579345703,925.8103065490723,57.62802581787109,716.6487579345703,completed
1043.816955,10,16.846654,1.0,True,10,0,0,419.2301778793335,533.6130962371826,12.883526611328126,419.2301778793335,completed
939.131776,10,16.853898,1.0,True,10,0,0,445.9507303237915,584.7990427017212,14.500941944122314,445.9507303237915,completed
449.994538,10,16.861069,1.0,True,10,0,0,463.7369899749756,779.7867031097412,25.19989471435547,463.7369899749756,completed
929.111035,10,16.868247,1.0,True,10,0,0,490.11156272888184,566.8998775482178,14.661608123779297,490.11156272888184,completed
827.49931,10,16.875367,1.0,True,10,0,0,390.40227127075195,573.1970672607422,22.387127685546876,390.40227127075195,completed
1062.725365,10,16.882513,1.0,True,10,0,0,349.31341457366943,560.8346920013428,13.788421249389648,349.31341457366943,completed
805.887706,10,16.889688,1.0,True,10,0,0,506.5484561920166,798.8469314575195,10.072579765319825,506.5484561920166,completed
235.868403,10,16.896957,1.0,True,10,0,0,636.0735130310059,825.3022499084473,26.982750701904298,636.0735130310059,completed
1104.478578,10,16.904111,1.0,True,10,0,0,450.39448738098145,600.6204051971436,7.73011417388916,450.39448738098145,completed
293.934322,10,16.911323,1.0,True,10,0,0,576.3696756362915,894.8270616531372,24.54670524597168,576.3696756362915,completed
844.67798,10,16.918362,1.0,True,10,0,0,494.303786277771,551.4871444702148,19.6051944732666,494.303786277771,completed
218.586348,10,16.925559,1.0,True,10,0,0,631.7560348510742,834.4586601257324,29.972775268554688,631.7560348510742,completed
251.644356,10,16.93285,1.0,True,10,0,0,504.0349636077881,682.3929214477539,38.01512260437012,504.0349636077881,completed
-28.907718,10,16.940025,1.0,True,10,0,0,674.3620204925537,867.8914165496826,39.23049736022949,674.3620204925537,completed
969.874348,10,16.947088,1.0,True,10,0,0,482.1379165649414,613.4387130737305,10.303015899658202,482.1379165649414,completed
620.33555,10,16.954338,1.0,True,10,0,0,499.17389011383057,781.809627532959,19.25847625732422,499.17389011383057,completed
598.032263,10,16.961954,1.0,True,10,0,0,517.6360168457031,633.2979679107666,24.237918090820312,517.6360168457031,completed
519.677196,10,16.969228,1.0,True,10,0,0,519.5714073181152,860.4887351989746,16.85211753845215,519.5714073181152,completed
-44.442111,10,16.976578,1.0,True,10,0,0,620.5522613525391,966.3472175598145,33.70644073486328,620.5522613525391,completed
-539.05791,10,16.983793,1.0,True,10,0,0,741.1759643554688,946.0931587219238,54.68249282836914,741.1759643554688,completed
522.483983,10,16.992698,1.0,True,10,0,0,527.6226501464844,752.570972442627,22.405717849731445,527.6226501464844,completed
961.554213,10,17.000711,1.0,True,10,0,0,346.123740196228,485.22332763671875,20.601294136047365,346.123740196228,completed
593.304774,10,17.008385,1.0,True,10,0,0,552.121561050415,818.4681587219238,17.005365753173827,552.121561050415,completed
551.685619,10,17.015865,1.0,True,10,0,0,508.62085342407227,598.8655548095703,27.469487953186036,508.62085342407227,completed
1290.578868,10,17.02396,1.0,True,10,0,0,277.4728755950928,367.81629180908203,12.66697425842285,277.4728755950928,completed
323.082575,10,17.031255,1.0,True,10,0,0,516.2967023849487,743.7232961654663,31.952188873291014,516.2967023849487,completed
213.780578,10,17.038436,1.0,True,10,0,0,497.82681035995483,775.0560598373413,37.49808349609375,497.82681035995483,completed
566.496848,10,17.045659,1.0,True,10,0,0,571.9668273925781,716.0147933959961,22.135339164733885,571.9668273925781,completed
67.103302,10,17.053572,1.0,True,10,0,0,684.0537872314453,1004.0517578125,26.650374603271484,684.0537872314453,completed
-24.542494,10,17.060971,1.0,True,10,0,0,588.1165180206299,837.9777793884277,40.74485130310059,588.1165180206299,completed
-340.15145,10,17.068448,1.0,True,10,0,0,562.0396699905396,859.334981918335,54.88295841217041,562.0396699905396,completed
1007.349409,10,17.075759,1.0,True,10,0,0,401.6904368400574,487.9222102165222,16.49609489440918,401.6904368400574,completed
452.738968,10,17.08296,1.0,True,10,0,0,491.9522953033447,714.7454471588135,30.293483161926268,491.9522953033447,completed
196.411132,10,17.090076,1.0,True,10,0,0,581.7405090332031,797.5067977905273,33.36435422897339,581.7405090332031,completed
637.452694,10,17.097339,1.0,True,10,0,0,540.476526260376,611.2983856201172,24.041658306121825,540.476526260376,completed
1125.630727,10,17.104528,1.0,True,10,0,0,337.89598274230957,406.58851623535156,18.21921577453613,337.89598274230957,completed
365.146506,10,17.111913,1.0,True,10,0,0,597.5475425720215,788.5295715332031,26.197122001647948,597.5475425720215,completed
606.937693,10,17.119145,1.0,True,10,0,0,503.1303882598877,721.1958065032959,20.64343433380127,503.1303882598877,completed
996.308884,10,17.12635,1.0,True,10,0,0,414.7338981628418,500.21070671081543,18.48094997406006,414.7338981628418,completed
716.919141,10,17.133428,1.0,True,10,0,0,475.82981872558594,716.7303485870361,17.458979225158693,475.82981872558594,completed
565.161637,10,17.140623,1.0,True,10,0,0,535.1042394638062,597.5406246185303,27.32405662536621,535.1042394638062,completed
-206.030375,10,17.147757,1.0,True,10,0,0,665.7934465408325,821.4171190261841,49.64977378845215,665.7934465408325,completed
327.636429,10,17.155022,1.0,True,10,0,0,592.0639133453369,701.1530647277832,31.79284257888794,592.0639133453369,completed
802.107347,10,17.162168,1.0,True,10,0,0,525.4092350006104,597.229061126709,19.534757232666017,525.4092350006104,completed
-463.288306,10,17.169825,1.0,True,10,0,0,644.2373962402344,946.0136337280273,53.80654354095459,644.2373962402344,completed
873.406868,10,17.177004,1.0,True,10,0,0,440.636456489563,601.2677211761475,19.54083824157715,440.636456489563,completed
-77.856381,10,17.184154,1.0,True,10,0,0,665.1804656982422,904.3503723144531,38.69813461303711,665.1804656982422,completed
1400.666899,10,17.191319,1.0,True,10,0,0,360.2444248199463,412.2314510345459,4.736592483520508,360.2444248199463,completed
889.58371,10,17.198535,1.0,True,10,0,0,453.09489250183105,538.0398540496826,19.335775756835936,453.09489250183105,completed
759.241708,10,17.206346,1.0,True,10,0,0,427.945463180542,682.781810760498,19.89655113220215,427.945463180542,completed
1243.256184,10,17.213528,1.0,True,10,0,0,272.6892957687378,353.31111431121826,15.974400615692138,272.6892957687378,completed
605.35921,10,17.220954,1.0,True,10,0,0,578.1343860626221,703.9477291107178,20.670882797241212,578.1343860626221,completed
495.514375,10,17.22812,1.0,True,10,0,0,521.3358421325684,714.051836013794,27.31135501861572,521.3358421325684,completed
245.327699,10,17.235346,1.0,True,10,0,0,566.9346313476562,772.0124282836914,35.264892578125,566.9346313476562,completed
343.270266,10,17.242434,1.0,True,10,0,0,640.9321098327637,862.170337677002,23.189154815673827,640.9321098327637,completed
369.569588,10,17.24956,1.0,True,10,0,0,595.5547723770142,745.2691316604614,28.41507520675659,595.5547723770142,completed
477.590303,10,17.256604,1.0,True,10,0,0,597.913236618042,807.0185737609863,20.79706621170044,597.913236618042,completed
41.487924,10,17.263797,1.0,True,10,0,0,487.145703792572,736.5670118331909,47.3000470161438,487.145703792572,completed
378.545612,10,17.270963,1.0,True,10,0,0,602.4762382507324,724.7110557556152,28.889324188232422,602.4762382507324,completed
483.228176,10,17.278159,1.0,True,10,0,0,513.3133964538574,693.3872528076172,28.052890396118165,513.3133964538574,completed
52.551219,10,17.285301,1.0,True,10,0,0,629.1453628540039,896.3064994812012,33.701220703125,629.1453628540039,completed
398.195235,10,17.292511,1.0,True,10,0,0,551.6939792633057,691.7346134185791,28.74401512145996,551.6939792633057,completed
986.714091,10,17.300279,1.0,True,10,0,0,429.0610418319702,508.6506156921387,16.816680335998534,429.0610418319702,completed
-208.359984,10,17.307669,1.0,True,10,0,0,669.6729755401611,870.2704696655273,46.96293411254883,669.6729755401611,completed
1033.19623,10,17.315239,1.0,True,10,0,0,332.1020143032074,522.1440215110779,17.909206867218018,332.1020143032074,completed
981.225953,10,17.322423,1.0,True,10,0,0,484.6816349029541,510.5406265258789,16.568518829345702,484.6816349029541,completed
688.656383,10,17.329606,1.0,True,10,0,0,499.8474292755127,682.964319229126,20.00872039794922,499.8474292755127,completed
561.99128,10,17.337585,1.0,True,10,0,0,523.6975545883179,644.061487197876,24.016127586364746,523.6975545883179,completed
643.924608,10,17.344619,1.0,True,10,0,0,432.92115211486816,626.5450115203857,27.35615940093994,432.92115211486816,completed
321.639848,10,17.351801,1.0,True,10,0,0,525.9392404556274,656.5993881225586,37.77686405181885,525.9392404556274,completed
540.730507,10,17.359005,1.0,True,10,0,0,580.5581245422363,753.4915733337402,21.104694366455078,580.5581245422363,completed
-67.240885,10,17.366168,1.0,True,10,0,0,641.4462909698486,786.8087787628174,45.344172668457034,641.4462909698486,completed
1457.211944,10,17.373421,1.0,True,10,0,0,304.1369791030884,430.20775413513184,2.603866958618164,304.1369791030884,completed
1264.79352,10,17.380594,1.0,True,10,0,0,409.54751920700073,532.4491968154907,3.4391925811767576,409.54751920700073,completed
528.62956,10,17.387653,1.0,True,10,0,0,490.0252733230591,720.4639558792114,24.992246246337892,490.0252733230591,completed
1263.556327,10,17.394745,1.0,True,10,0,0,362.5111560821533,468.2835922241211,7.191251373291015,362.5111560821533,completed
101.815765,10,17.402016,1.0,True,10,0,0,600.4006910324097,1037.1012630462646,28.106621551513673,600.4006910324097,completed
-97.936512,10,17.409187,1.0,True,10,0,0,614.4524364471436,911.5008316040039,39.58070678710938,614.4524364471436,completed
573.791665,10,17.416301,1.0,True,10,0,0,418.8256015777588,600.0561828613281,30.242558670043945,418.8256015777588,completed
620.681744,10,17.423385,1.0,True,10,0,0,487.0953769683838,623.5138511657715,24.559789657592773,487.0953769683838,completed
301.54115,10,17.430631,1.0,True,10,0,0,504.2640857696533,744.7423038482666,33.33419322967529,504.2640857696533,completed
209.334575,10,17.437703,1.0,True,10,0,0,509.5658416748047,668.0838737487793,40.751682949066165,509.5658416748047,completed
616.333256,10,17.444827,1.0,True,10,0,0,456.5729751586914,624.026195526123,24.41470718383789,456.5729751586914,completed
146.247186,10,17.451985,1.0,True,10,0,0,622.3728561401367,935.8774871826172,29.54319324493408,622.3728561401367,completed
350.366044,10,17.459123,1.0,True,10,0,0,634.7569885253906,708.0870723724365,26.494199180603026,634.7569885253906,completed
269.867062,10,17.466407,1.0,True,10,0,0,468.4881820678711,769.6703033447266,35.87013473510742,468.4881820678711,completed
149.663778,10,17.47359,1.0,True,10,0,0,553.7271995544434,685.2164573669434,42.718089962005614,553.7271995544434,completed
735.762985,10,17.480769,1.0,True,10,0,0,512.1703519821167,606.6097860336304,20.23320198059082,512.1703519821167,completed
793.446207,10,17.487902,1.0,True,10,0,0,462.9057922363281,528.630558013916,21.865835189819336,462.9057922363281,completed
1061.459148,10,17.494933,1.0,True,10,0,0,493.21462893486023,543.649138212204,10.479901123046876,493.21462893486023,completed
527.000377,10,17.502045,1.0,True,10,0,0,555.9360618591309,737.4869728088379,22.160115814208986,555.9360618591309,completed
882.052876,10,17.509219,1.0,True,10,0,0,343.8990879058838,520.75368309021,22.688930988311768,343.8990879058838,completed
293.156387,10,17.516291,1.0,True,10,0,0,588.7434921264648,679.9294128417969,33.53375816345215,588.7434921264648,completed
403.100493,10,17.525322,1.0,True,10,0,0,551.033613204956,669.2850914001465,31.003286933898927,551.033613204956,completed
-368.57573,10,17.534176,1.0,True,10,0,0,623.4137544631958,958.5401849746704,51.506663703918456,623.4137544631958,completed
88.360585,10,17.542312,1.0,True,10,0,0,648.112470626831,763.7253189086914,41.13370409011841,648.112470626831,completed
179.952566,10,17.55243,1.0,True,10,0,0,539.5401992797852,755.7997341156006,37.74718036651611,539.5401992797852,completed
-13.544696,10,17.560639,1.0,True,10,0,0,622.8972434997559,771.7327461242676,44.04501647949219,622.8972434997559,completed
736.754684,10,17.568017,1.0,True,10,0,0,506.326003074646,642.2592334747314,19.648227882385253,506.326003074646,completed
753.79934,10,17.575903,1.0,True,10,0,0,495.579852104187,626.2880916595459,17.4967924118042,495.579852104187,completed
291.233069,10,17.583115,1.0,True,10,0,0,582.7599086761475,776.9245052337646,29.724701499938966,582.7599086761475,completed
587.582577,10,17.590459,1.0,True,10,0,0,449.46436500549316,628.9007740020752,28.29739761352539,449.46436500549316,completed
363.957698,10,17.597677,1.0,True,10,0,0,477.6918411254883,741.4063720703125,33.694009399414064,477.6918411254883,completed
607.719244,10,17.604905,1.0,True,10,0,0,457.3246841430664,711.2036590576172,22.528096008300782,457.3246841430664,completed
555.279603,10,17.612895,1.0,True,10,0,0,624.8332366943359,624.8332366943359,24.87519474029541,624.8332366943359,completed
774.903325,10,17.621999,1.0,True,10,0,0,443.7372703552246,575.2406482696533,23.30447998046875,443.7372703552246,completed
499.055446,10,17.630839,1.0,True,10,0,0,502.76392936706543,726.7985420227051,25.740390014648437,502.76392936706543,completed
916.007386,10,17.638598,1.0,True,10,0,0,452.24901390075684,587.5914154052734,15.314632415771484,452.24901390075684,completed
320.918475,10,17.646729,1.0,True,10,0,0,584.8719215393066,696.636287689209,31.34292278289795,584.8719215393066,completed
262.696537,10,17.65433,1.0,True,10,0,0,531.0078887939453,852.222053527832,29.812723541259764,531.0078887939453,completed
803.901412,10,17.662225,1.0,True,10,0,0,461.23963356018066,708.5019569396973,15.250132751464843,461.23963356018066,completed
867.486764,10,17.669464,1.0,True,10,0,0,446.5084228515625,603.7607898712158,18.273565673828124,446.5084228515625,completed
1241.136927,10,17.676784,1.0,True,10,0,0,403.971866607666,476.8678207397461,7.846267509460449,403.971866607666,completed
831.002571,10,17.683954,1.0,True,10,0,0,381.31160163879395,545.8032188415527,22.74134635925293,381.31160163879395,completed
498.582925,10,17.69128,1.0,True,10,0,0,508.10830307006836,626.2903137207031,31.131637382507325,508.10830307006836,completed
771.663049,10,17.698494,1.0,True,10,0,0,492.02978229522705,549.7055072784424,23.422151184082033,492.02978229522705,completed
571.206702,10,17.705815,1.0,True,10,0,0,504.90355455875397,587.1978027820587,29.74667911529541,504.90355455875397,completed
971.017401,10,17.714759,1.0,True,10,0,0,345.106885433197,472.9152479171753,23.335584735870363,345.106885433197,completed
19.87847,10,17.723544,1.0,True,10,0,0,635.4155197143555,919.7555847167969,35.10705375671387,635.4155197143555,completed
-100.952476,10,17.731565,1.0,True,10,0,0,621.7507419586182,909.8286819458008,40.85452404022217,621.7507419586182,completed
74.011008,10,17.739053,1.0,True,10,0,0,546.3657760620117,788.1249732971191,39.81160278320313,546.3657760620117,completed
448.894723,10,17.746385,1.0,True,10,0,0,493.12929034233093,700.8298869132996,29.9657413482666,493.12929034233093,completed
574.572414,10,17.753626,1.0,True,10,0,0,479.8386116027832,645.6338195800781,25.86636085510254,479.8386116027832,completed
387.9068,10,17.761495,1.0,True,10,0,0,558.3578128814697,847.5334339141846,25.489586734771727,558.3578128814697,completed
877.753354,10,17.768865,1.0,True,10,0,0,445.2032661437988,567.8089828491211,19.776740264892577,445.2032661437988,completed
579.947095,10,17.77616,1.0,True,10,0,0,443.410364151001,661.1797962188721,25.83544554710388,443.410364151001,completed
861.826735,10,17.783445,1.0,True,10,0,0,430.4222049713135,528.2635612487793,19.441501235961915,430.4222049713135,completed
505.785329,10,17.791014,1.0,True,10,0,0,519.6006984710693,828.3225612640381,19.314971733093262,519.6006984710693,completed
640.93324,10,17.798266,1.0,True,10,0,0,562.6634111404419,605.2292575836182,23.53582649230957,562.6634111404419,completed
332.194441,10,17.807194,1.0,True,10,0,0,640.2110824584961,781.6756134033203,26.94178671836853,640.2110824584961,completed
100.139119,10,17.814441,1.0,True,10,0,0,571.8103713989258,893.9725074768066,34.420244979858396,571.8103713989258,completed
991.3781,10,17.821651,1.0,True,10,0,0,470.02131843566895,568.9301795959473,12.03929557800293,470.02131843566895,completed
534.533022,10,17.831808,1.0,True,10,0,0,553.8541927337646,616.175708770752,26.018059158325194,553.8541927337646,completed
625.494691,10,17.840765,1.0,True,10,0,0,427.60486030578613,581.6614589691162,29.655739402770998,427.60486030578613,completed
252.863047,10,17.848298,1.0,True,10,0,0,523.0151786804199,843.1024055480957,31.04575996398926,523.0151786804199,completed
953.578509,10,17.855774,1.0,True,10,0,0,448.4562158584595,550.2661190032959,16.852751541137696,448.4562158584595,completed
679.674159,10,17.863086,1.0,True,10,0,0,492.69007873535156,620.2993583679199,21.619124984741212,492.69007873535156,completed
456.132563,10,17.870383,1.0,True,10,0,0,639.6118774414062,663.4252891540527,27.266624641418456,639.6118774414062,completed
-528.79903,10,17.878323,1.0,True,10,0,0,699.5082855224609,973.0060119628906,55.18937225341797,699.5082855224609,completed
99.039351,10,17.885585,1.0,True,10,0,0,606.0689778327942,858.9928402900696,36.621356916427615,606.0689778327942,completed
976.422614,10,17.892842,1.0,True,10,0,0,433.6753921508789,475.2119617462158,17.781949615478517,433.6753921508789,completed
814.725088,10,17.90006,1.0,True,10,0,0,536.1135063171387,643.4549407958984,13.54031867980957,536.1135063171387,completed
403.204887,10,17.907141,1.0,True,10,0,0,509.86924171447754,675.8612651824951,31.87130880355835,509.86924171447754,completed
277.981177,10,17.914407,1.0,True,10,0,0,524.2846746444702,666.068754196167,39.4886194229126,524.2846746444702,completed
875.515283,10,17.922049,1.0,True,10,0,0,498.6438789367676,679.8258457183838,10.874497985839843,498.6438789367676,completed
-64.346493,10,17.929419,1.0,True,10,0,0,668.3241119384766,966.0265159606934,33.286142921447755,668.3241119384766,completed
1081.703365,10,17.936665,1.0,True,10,0,0,393.86168575286865,460.6596736907959,15.762699127197266,393.86168575286865,completed
663.889209,10,17.945028,1.0,True,10,0,0,433.5074405670166,603.1819515228271,26.375308990478516,433.5074405670166,completed
852.467735,10,17.952379,1.0,True,10,0,0,368.39623832702637,466.4056911468506,23.922413063049316,368.39623832702637,completed
953.782361,10,17.959657,1.0,True,10,0,0,405.5496883392334,510.805269241333,20.300101470947265,405.5496883392334,completed
632.077576,10,17.967053,1.0,True,10,0,0,511.8951606750488,607.0122833251953,26.653590774536134,511.8951606750488,completed
724.53323,10,17.974648,1.0,True,10,0,0,422.31228160858154,685.5422782897949,20.39914474487305,422.31228160858154,completed
576.518935,10,17.982019,1.0,True,10,0,0,543.5781812667847,755.7939739227295,21.54803924560547,543.5781812667847,completed
764.681958,10,17.989118,1.0,True,10,0,0,477.14084243774414,599.0275688171387,20.255160522460937,477.14084243774414,completed
960.210265,10,17.996276,1.0,True,10,0,0,409.4942169189453,503.8032989501953,20.24547882080078,409.4942169189453,completed
686.430803,10,18.003428,1.0,True,10,0,0,509.33274269104004,559.08154296875,24.14899272918701,509.33274269104004,completed
848.581014,10,18.010637,1.0,True,10,0,0,490.78003692626953,622.5890884399414,13.105148315429688,490.78003692626953,completed
469.169584,10,18.017785,1.0,True,10,0,0,400.7484312057495,749.0541095733643,30.321091842651366,400.7484312057495,completed
436.717192,10,18.024873,1.0,True,10,0,0,545.9942054748535,657.8848037719727,31.350650024414062,545.9942054748535,completed
987.005096,10,18.03202,1.0,True,10,0,0,471.09781646728516,535.3702392578125,14.071447563171386,471.09781646728516,completed
696.551072,10,18.039198,1.0,True,10,0,0,407.67633414268494,584.8220286369324,26.52694478034973,407.67633414268494,completed
767.428429,10,18.046406,1.0,True,10,0,0,488.28567123413086,650.6235313415527,18.19571418762207,488.28567123413086,completed
866.373139,10,18.053642,1.0,True,10,0,0,467.7104434967041,487.4680709838867,21.589285850524902,467.7104434967041,completed
-72.475216,10,18.061279,1.0,True,10,0,0,567.5245189666748,829.0536861419678,44.25007247924805,567.5245189666748,completed
247.308905,10,18.068671,1.0,True,10,0,0,503.5045700073242,765.4954643249512,36.177167129516604,503.5045700073242,completed
708.927486,10,18.075921,1.0,True,10,0,0,448.3494203090668,628.8713068962097,24.765221214294435,448.3494203090668,completed
1165.409764,10,18.083148,1.0,True,10,0,0,327.53369331359863,429.62914657592773,16.52389793395996,327.53369331359863,completed
240.075892,10,18.090378,1.0,True,10,0,0,607.4032135009766,766.752758026123,29.602707290649413,607.4032135009766,completed
-45.586513,10,18.097566,1.0,True,10,0,0,558.4052658081055,855.1770324707031,41.74243087768555,558.4052658081055,completed
208.374078,10,18.104707,1.0,True,10,0,0,672.2617104053497,834.3609108924866,30.523594665527344,672.2617104053497,completed
1122.03231,10,18.111923,1.0,True,10,0,0,369.8876647949219,450.03238677978516,16.29997329711914,369.8876647949219,completed
786.133019,10,18.119067,1.0,True,10,0,0,494.3464365005493,589.3501996994019,19.19869499206543,494.3464365005493,completed
942.363308,10,18.126214,1.0,True,10,0,0,443.10296058654785,629.1917190551758,11.983201217651366,443.10296058654785,completed
354.859916,10,18.133335,1.0,True,10,0,0,586.913899898529,656.8146886825562,34.274779319763184,586.913899898529,completed
459.436995,10,18.140497,1.0,True,10,0,0,474.43920689821243,720.9750171899796,27.6413480758667,474.43920689821243,completed
1189.523445,10,18.147638,1.0,True,10,0,0,449.70346450805664,531.3230934143066,6.059953689575195,449.70346450805664,completed
682.367542,10,19.530972,1.0,True,10,0,0,505.85210132598877,591.2529239654541,22.687149047851562,505.85210132598877,completed
1113.89876,10,19.543192,1.0,True,10,0,0,406.9076042175293,531.2368679046631,11.12980613708496,406.9076042175293,completed
1076.345844,10,19.550817,1.0,True,10,0,0,343.7288475036621,498.58475494384766,12.948680877685547,343.7288475036621,completed
575.938616,10,19.558614,1.0,True,10,0,0,422.1691265106201,764.14328956604,22.260114479064942,422.1691265106201,completed
873.549413,10,19.568415,1.0,True,10,0,0,533.4826221466064,609.062650680542,12.569604873657227,533.4826221466064,completed
-144.62163,10,19.576248,1.0,True,10,0,0,736.2701530456543,941.226993560791,37.87549228668213,736.2701530456543,completed
1051.935561,10,19.584451,1.0,True,10,0,0,457.278528213501,528.1614570617676,12.885985946655273,457.278528213501,completed
323.160991,10,19.593522,1.0,True,10,0,0,429.66901564598083,657.7633547782898,40.52489547729492,429.66901564598083,completed
1041.231512,10,19.601387,1.0,True,10,0,0,449.74628829956055,564.3728218078613,10.405530548095703,449.74628829956055,completed
204.718269,10,19.609846,1.0,True,10,0,0,548.425726890564,707.7136487960815,37.63706407546997,548.425726890564,completed
914.905773,10,19.617825,1.0,True,10,0,0,418.8541831970215,673.9984149932861,11.619173049926758,418.8541831970215,completed
191.09042,10,19.625269,1.0,True,10,0,0,499.4778347015381,732.3921222686768,38.42957725524902,499.4778347015381,completed
891.099433,10,19.633098,1.0,True,10,0,0,387.18511390686035,551.7995071411133,19.23050203323364,387.18511390686035,completed
803.934675,10,19.641718,1.0,True,10,0,0,463.3331255912781,607.0647540092468,18.264710998535158,463.3331255912781,completed
443.224526,10,19.649832,1.0,True,10,0,0,666.8629856109619,783.0755786895752,19.263727283477785,666.8629856109619,completed
592.7829,10,19.657373,1.0,True,10,0,0,491.54283905029297,628.5768604278564,25.54284248352051,491.54283905029297,completed
-481.650021,10,19.665581,1.0,True,10,0,0,603.2238578796387,907.5166320800781,58.072370529174805,603.2238578796387,completed
-479.721654,10,19.673348,1.0,True,10,0,0,666.9215145111084,1000.2143135070801,50.96665000915527,666.9215145111084,completed
-547.579066,10,19.681352,1.0,True,10,0,0,850.315336227417,914.450252532959,54.824729347229,850.315336227417,completed
593.318572,10,19.68998,1.0,True,10,0,0,507.18682646751404,681.192147731781,24.652898502349853,507.18682646751404,completed
523.006882,10,19.698263,1.0,True,10,0,0,460.429048538208,639.7596406936646,29.350004196166992,460.429048538208,completed
638.59796,10,19.7057,1.0,True,10,0,0,507.59335708618164,752.4574890136719,18.45713939666748,507.59335708618164,completed
983.528643,10,19.713277,1.0,True,10,0,0,488.73769187927246,574.0973224639893,11.586084365844727,488.73769187927246,completed
691.063934,10,19.721228,1.0,True,10,0,0,501.00403785705566,675.5911827087402,20.259167098999022,501.00403785705566,completed
755.544137,10,19.729397,1.0,True,10,0,0,364.7254467010498,657.7127532958984,20.85682830810547,364.7254467010498,completed
184.338197,10,19.73723,1.0,True,10,0,0,566.0768222808838,802.4864482879639,36.66403083801269,566.0768222808838,completed
206.701004,10,19.744874,1.0,True,10,0,0,456.2075023651123,700.2741146087646,41.96364841461182,456.2075023651123,completed
309.095993,10,19.752955,1.0,True,10,0,0,503.85503005981445,894.6975784301758,27.22118263244629,503.85503005981445,completed
826.339643,10,19.760529,1.0,True,10,0,0,538.3033800125122,593.9542865753174,14.3664306640625,538.3033800125122,completed
-88.888662,10,19.768332,1.0,True,10,0,0,594.4160327911377,832.5662250518799,45.32080974578857,594.4160327911377,completed
1135.49922,10,19.775761,1.0,True,10,0,0,381.64781379699707,536.6439323425293,11.76018829345703,381.64781379699707,completed
1028.268,10,19.783538,1.0,True,10,0,0,404.3566589355469,536.9017105102539,13.92630615234375,404.3566589355469,completed
705.792033,10,19.792553,1.0,True,10,0,0,468.1371650695801,576.4587783813477,23.461050605773927,468.1371650695801,completed
553.565983,10,19.802429,1.0,True,10,0,0,406.5809154510498,587.0746631622314,32.335166931152344,406.5809154510498,completed
796.223248,10,19.82045,1.0,True,10,0,0,468.25349044799805,687.424243927002,15.332899475097657,468.25349044799805,completed
931.710354,10,19.828693,1.0,True,10,0,0,447.2720127105713,591.507791519165,14.463393402099609,447.2720127105713,completed
-55.892675,10,19.836754,1.0,True,10,0,0,625.8908977508545,880.6697196960449,40.08107223510742,625.8908977508545,completed
783.142633,10,19.84599,1.0,True,10,0,0,495.58924102783203,682.2017669677734,15.454093933105469,495.58924102783203,completed
617.609846,10,19.85398,1.0,True,10,0,0,524.9015884399414,680.5344085693359,21.69306755065918,524.9015884399414,completed
974.804227,10,19.861641,1.0,True,10,0,0,401.55405616760254,501.8806972503662,18.609728622436524,401.55405616760254,completed
1248.902597,10,19.870668,1.0,True,10,0,0,411.01434898376465,465.851167678833,6.602625465393066,411.01434898376465,completed
827.829698,10,19.881704,1.0,True,10,0,0,508.21092796325684,579.0535640716553,16.014241218566895,508.21092796325684,completed
-48.183881,10,19.889674,1.0,True,10,0,0,728.7378883361816,880.0432319641113,35.394679641723634,728.7378883361816,completed
611.302371,10,19.89732,1.0,True,10,0,0,430.97996520996094,574.7975788116455,30.641615676879884,430.97996520996094,completed
670.501029,10,19.904892,1.0,True,10,0,0,473.1924386024475,659.1907052993774,21.773686599731445,473.1924386024475,completed
-142.287275,10,19.91245,1.0,True,10,0,0,626.7640018463135,804.0903816223145,47.33647270202637,626.7640018463135,completed
456.904002,10,19.920159,1.0,True,10,0,0,519.4583110809326,677.8976078033447,30.03668212890625,519.4583110809326,completed
782.354564,10,19.929321,1.0,True,10,0,0,459.44394755363464,627.6318697929382,19.579200553894044,459.44394755363464,completed
161.149589,10,19.937281,1.0,True,10,0,0,599.6328382492065,832.9599437713623,35.14073848724365,599.6328382492065,completed
668.557008,10,19.945231,1.0,True,10,0,0,483.10598134994507,567.367217540741,26.623773193359376,483.10598134994507,completed
262.202311,10,19.9533,1.0,True,10,0,0,559.8644895553589,716.1075954437256,36.458032035827635,559.8644895553589,completed
361.475298,10,19.961417,1.0,True,10,0,0,618.6131362915039,870.2464942932129,21.254283809661864,618.6131362915039,completed
504.68541,10,19.969565,1.0,True,10,0,0,552.9623556137085,801.2462329864502,19.858316040039064,552.9623556137085,completed
-215.879851,10,19.97694,1.0,True,10,0,0,728.7619762420654,997.6842632293701,38.558498764038085,728.7619762420654,completed
185.419968,10,19.984486,1.0,True,10,0,0,685.1440029144287,794.3918266296387,32.23313102722168,685.1440029144287,completed
1009.015204,10,19.991988,1.0,True,10,0,0,526.0533423423767,597.535539150238,10.40318489074707,526.0533423423767,completed
257.054398,10,20.00008,1.0,True,10,0,0,653.1410045623779,838.1948661804199,25.952332305908204,653.1410045623779,completed
628.328588,10,20.007773,1.0,True,10,0,0,569.6508102416992,717.0341815948486,20.307166290283202,569.6508102416992,completed
374.551762,10,20.015322,1.0,True,10,0,0,398.6877336502075,744.9327144622803,34.09048061370849,398.6877336502075,completed
369.777051,10,20.023142,1.0,True,10,0,0,524.0230464935303,720.096658706665,31.935139846801757,524.0230464935303,completed
519.866798,10,20.031459,1.0,True,10,0,0,435.4523696899414,682.0317993164062,27.93134002685547,435.4523696899414,completed
949.697609,10,20.041211,1.0,True,10,0,0,453.9793095588684,735.8853101730347,7.922048187255859,453.9793095588684,completed
173.493067,10,20.049198,1.0,True,10,0,0,524.420919418335,744.6149406433105,39.1388973236084,524.420919418335,completed
832.377252,10,20.056678,1.0,True,10,0,0,402.08663845062256,570.5264167785645,20.689585304260255,402.08663845062256,completed
559.471735,10,20.064235,1.0,True,10,0,0,659.6801052093506,659.6801052093506,19.203604316711427,659.6801052093506,completed
838.393384,10,20.071612,1.0,True,10,0,0,440.5494194030762,553.8543128967285,20.151861000061036,440.5494194030762,completed
568.624196,10,20.079268,1.0,True,10,0,0,544.7436637878418,665.7269630432129,26.86149730682373,544.7436637878418,completed
1027.797971,10,20.087018,1.0,True,10,0,0,462.7871036529541,591.3852806091309,9.200297927856445,462.7871036529541,completed
828.254461,10,20.094657,1.0,True,10,0,0,418.7483100891113,553.3217430114746,22.59213180541992,418.7483100891113,completed
707.513815,10,20.102151,1.0,True,10,0,0,411.5309257507324,534.8786468505859,28.610055875778198,411.5309257507324,completed
500.126913,10,20.109476,1.0,True,10,0,0,597.9915885925293,696.8637542724609,24.47640018463135,597.9915885925293,completed
-322.25718,10,20.11674,1.0,True,10,0,0,615.2970314025879,850.0436706542969,52.90154619216919,615.2970314025879,completed
782.342338,10,20.124489,1.0,True,10,0,0,464.15049171447754,609.5998878479004,20.430374526977538,464.15049171447754,completed
821.523619,10,20.132236,1.0,True,10,0,0,466.5907406806946,554.9040307998657,21.406375122070312,466.5907406806946,completed
178.59993,10,20.140303,1.0,True,10,0,0,539.1233615875244,918.4293479919434,30.132688522338867,539.1233615875244,completed
541.938545,10,20.147738,1.0,True,10,0,0,515.6396827697754,718.446928024292,23.669301223754882,515.6396827697754,completed
254.845911,10,20.155203,1.0,True,10,0,0,601.8282146453857,838.5512065887451,27.58254165649414,601.8282146453857,completed
309.762415,10,20.163118,1.0,True,10,0,0,410.9265489578247,599.1718502044678,42.47963104248047,410.9265489578247,completed
381.685211,10,20.17112,1.0,True,10,0,0,450.97864294052124,702.7031736373901,35.737705612182616,450.97864294052124,completed
412.553423,10,20.179884,1.0,True,10,0,0,635.6009368896484,769.8407135009766,23.7130615234375,635.6009368896484,completed
477.055106,10,20.187984,1.0,True,10,0,0,630.8145904541016,744.6270065307617,20.76832160949707,630.8145904541016,completed
675.648466,10,20.195613,1.0,True,10,0,0,478.3035125732422,668.3320236206055,20.860210037231447,478.3035125732422,completed
724.328368,10,20.206201,1.0,True,10,0,0,548.581916809082,675.5531158447266,17.170702743530274,548.581916809082,completed
350.439729,10,20.215202,1.0,True,10,0,0,505.5906677246094,646.3793792724609,33.75942764282227,505.5906677246094,completed
174.246515,10,20.223047,1.0,True,10,0,0,415.73888206481934,779.0350112915039,40.46858215332031,415.73888206481934,completed
668.104544,10,20.231778,1.0,True,10,0,0,479.31240463256836,604.3987236022949,24.723470878601074,479.31240463256836,completed
622.838315,10,20.24018,1.0,True,10,0,0,582.6016941070557,635.0709800720215,19.701129531860353,582.6016941070557,completed
564.441173,10,20.247969,1.0,True,10,0,0,503.307071685791,669.2066459655762,25.622363662719728,503.307071685791,completed
444.67177,10,20.256109,1.0,True,10,0,0,509.9421491622925,665.1728076934814,29.133642578125,509.9421491622925,completed
-553.19354,10,20.264078,1.0,True,10,0,0,780.0041732788086,1016.2820587158203,51.61403856277466,780.0041732788086,completed
1144.16054,10,20.272256,1.0,True,10,0,0,399.6180429458618,541.7415790557861,9.257644844055175,399.6180429458618,completed
636.807462,10,20.280056,1.0,True,10,0,0,526.1334781646729,586.6224460601807,25.86138801574707,526.1334781646729,completed
750.764792,10,20.287311,1.0,True,10,0,0,522.2716329097748,740.749017238617,14.302415466308593,522.2716329097748,completed
875.846376,10,20.29545,1.0,True,10,0,0,406.0725841522217,629.8592433929443,16.383245277404786,406.0725841522217,completed
788.774108,10,20.303098,1.0,True,10,0,0,448.88377571105957,595.786979675293,20.07649745941162,448.88377571105957,completed
1218.658903,10,20.310695,1.0,True,10,0,0,412.62067127227783,506.77778244018555,8.315656661987305,412.62067127227783,completed
238.531644,10,20.318316,1.0,True,10,0,0,529.1760749816895,776.2941360473633,35.25195808410645,529.1760749816895,completed
603.492443,10,20.326153,1.0,True,10,0,0,450.8734302520752,611.1176376342773,29.687704849243165,450.8734302520752,completed
64.04859,10,20.333797,1.0,True,10,0,0,557.887900352478,748.4023494720459,43.39880428314209,557.887900352478,completed
883.195712,10,20.341756,1.0,True,10,0,0,399.0786247253418,565.4398040771484,19.768666458129882,399.0786247253418,completed
112.051067,10,20.349353,1.0,True,10,0,0,669.3227081298828,819.0782089233398,33.768463897705075,669.3227081298828,completed
84.598857,10,20.357835,1.0,True,10,0,0,542.6732664108276,828.9551982879639,37.14732322692871,542.6732664108276,completed
487.792965,10,20.365916,1.0,True,10,0,0,638.2796211242676,638.2796211242676,27.106583976745604,638.2796211242676,completed
-106.526134,10,20.374171,1.0,True,10,0,0,633.609920501709,909.0227661132812,40.82175693511963,633.609920501709,completed
-15.886469,10,20.382216,1.0,True,10,0,0,664.8869476318359,944.9777221679688,34.62394027709961,664.8869476318359,completed
843.31343,10,20.38986,1.0,True,10,0,0,427.24605321884155,539.8765459060669,22.32373685836792,427.24605321884155,completed
550.946834,10,20.39774,1.0,True,10,0,0,533.7876949310303,688.6972827911377,23.060676908493043,533.7876949310303,completed
678.444589,10,20.405322,1.0,True,10,0,0,505.1986789703369,563.4083843231201,26.934349060058594,505.1986789703369,completed
1186.947233,10,20.412582,1.0,True,10,0,0,441.7401885986328,450.7293891906738,9.610316276550293,441.7401885986328,completed
936.957933,10,20.420323,1.0,True,10,0,0,422.2335739135742,549.921070098877,17.239437294006347,422.2335739135742,completed
814.747254,10,20.427715,1.0,True,10,0,0,432.53569412231445,534.7610321044922,21.374709701538087,432.53569412231445,completed
278.857055,10,20.435431,1.0,True,10,0,0,648.6230621337891,719.8604125976562,30.256132698059083,648.6230621337891,completed
957.056009,10,20.442992,1.0,True,10,0,0,565.2628948688507,684.6722893714905,7.032336807250976,565.2628948688507,completed
213.668185,10,20.450689,1.0,True,10,0,0,573.2105579376221,753.9396743774414,35.15359191894531,573.2105579376221,completed
577.380963,10,20.458219,1.0,True,10,0,0,491.45441246032715,624.7017269134521,29.028724479675294,491.45441246032715,completed
818.477426,10,20.466239,1.0,True,10,0,0,497.725866317749,623.4377765655518,16.855275011062623,497.725866317749,completed
568.668198,10,20.474179,1.0,True,10,0,0,544.1317234039307,647.5955410003662,26.6248836517334,544.1317234039307,completed
790.292584,10,20.481904,1.0,True,10,0,0,502.1163635253906,614.2302551269531,18.639215850830077,502.1163635253906,completed
729.087123,10,20.48965,1.0,True,10,0,0,569.2563152313232,658.2697048187256,17.263120651245117,569.2563152313232,completed
1007.42447,10,20.497242,1.0,True,10,0,0,433.4917583465576,524.7001914978027,12.265513229370118,433.4917583465576,completed
582.730989,10,20.505047,1.0,True,10,0,0,539.1408348083496,611.0124855041504,26.833538818359376,539.1408348083496,completed
299.796723,10,20.512806,1.0,True,10,0,0,572.5512466430664,797.2229957580566,29.736361694335937,572.5512466430664,completed
1006.882541,10,20.522713,1.0,True,10,0,0,470.920352935791,582.0642929077148,9.264726257324218,470.920352935791,completed
436.612186,10,20.530041,1.0,True,10,0,0,532.6010932922363,751.8111572265625,27.841744232177735,532.6010932922363,completed
100.6583,10,20.537463,1.0,True,10,0,0,578.7384967803955,804.7692794799805,39.09261970520019,578.7384967803955,completed
1009.350965,10,20.546578,1.0,True,10,0,0,473.53587532043457,547.3273887634277,13.473369121551514,473.53587532043457,completed
389.663313,10,20.554922,1.0,True,10,0,0,505.4797821044922,710.0995540618896,32.04696540832519,505.4797821044922,completed
-102.052713,10,20.565174,1.0,True,10,0,0,715.3609600067139,896.1256694793701,38.85489501953125,715.3609600067139,completed
1012.642456,10,20.572823,1.0,True,10,0,0,384.0773711204529,617.3902764320374,12.139090871810913,384.0773711204529,completed
-22.624269,10,20.581189,1.0,True,10,0,0,585.3058624267578,786.8669281005859,41.04435653686524,585.3058624267578,completed
372.094528,10,20.588671,1.0,True,10,0,0,490.27661514282227,674.2808036804199,35.351530933380126,490.27661514282227,completed
744.189717,10,20.596637,1.0,True,10,0,0,483.28656578063965,685.8026599884033,17.572770881652833,483.28656578063965,completed
-419.142404,10,20.604727,1.0,True,10,0,0,702.5797004699707,939.9338569641113,53.93336706161499,702.5797004699707,completed
1356.698381,10,20.612895,1.0,True,10,0,0,359.53450107574463,431.70752906799316,5.8851318359375,359.53450107574463,completed
250.741354,10,20.620531,1.0,True,10,0,0,599.054801940918,716.8168716430664,34.566360282897946,599.054801940918,completed
178.458707,10,20.628478,1.0,True,10,0,0,609.9755926132202,819.362455368042,30.962861824035645,609.9755926132202,completed
626.807678,10,20.635835,1.0,True,10,0,0,526.2359733581543,703.8721923828125,21.15956630706787,526.2359733581543,completed
936.812418,10,20.64354,1.0,True,10,0,0,380.5998249053955,564.683141708374,17.683811569213866,380.5998249053955,completed
497.793513,10,20.651307,1.0,True,10,0,0,484.7609567642212,742.162163734436,25.498576641082764,484.7609567642212,completed
120.793943,10,20.658858,1.0,True,10,0,0,615.0933704376221,791.4539012908936,35.22753715515137,615.0933704376221,completed
522.847616,10,20.666522,1.0,True,10,0,0,477.7351245880127,607.9309310913086,29.33936424255371,477.7351245880127,completed
73.517016,10,20.674186,1.0,True,10,0,0,465.76215267181396,743.290714263916,44.7202953338623,465.76215267181396,completed
697.565271,10,20.682098,1.0,True,10,0,0,501.87918186187744,647.1465816497803,22.722299003601073,501.87918186187744,completed
840.137555,10,20.689507,1.0,True,10,0,0,447.22656631469727,550.2529983520508,18.812410354614258,447.22656631469727,completed
-389.925636,10,20.697091,1.0,True,10,0,0,599.7422218322754,1008.0787963867188,49.30968132019043,599.7422218322754,completed
-124.37835,10,20.705189,1.0,True,10,0,0,701.3538284301758,1002.827278137207,33.27280235290527,701.3538284301758,completed
803.915891,10,20.712909,1.0,True,10,0,0,448.17626190185547,525.4012680053711,23.211847877502443,448.17626190185547,completed
830.353525,10,20.720189,1.0,True,10,0,0,462.9250659942627,598.881893157959,19.906067657470704,462.9250659942627,completed
872.729655,10,20.728227,1.0,True,10,0,0,515.3770942687988,584.1573181152344,15.773551940917969,515.3770942687988,completed
1245.701263,10,20.736099,1.0,True,10,0,0,412.5674076080322,472.26399421691895,8.863394927978515,412.5674076080322,completed
897.316821,10,20.744105,1.0,True,10,0,0,458.31875801086426,518.8077259063721,19.850171279907226,458.31875801086426,completed
1333.899358,10,20.751716,1.0,True,10,0,0,320.81900572776794,471.6589846611023,5.989217758178711,320.81900572776794,completed
884.697216,10,20.759301,1.0,True,10,0,0,480.4700107574463,755.4865493774414,10.54927864074707,480.4700107574463,completed
335.991117,10,20.766894,1.0,True,10,0,0,509.5167899131775,736.9730863571167,34.38142070770264,509.5167899131775,completed
561.869259,10,20.774399,1.0,True,10,0,0,597.9280796051025,758.9046058654785,16.728941345214842,597.9280796051025,completed
152.925863,10,20.781621,1.0,True,10,0,0,614.1082487106323,796.4245777130127,34.62710762023926,614.1082487106323,completed
1226.005152,10,20.789248,1.0,True,10,0,0,369.561279296875,511.87882232666016,7.709568786621094,369.561279296875,completed
129.921503,10,20.796777,1.0,True,10,0,0,561.3245887756348,800.013801574707,37.163428115844724,561.3245887756348,completed
559.267485,10,20.804606,1.0,True,10,0,0,607.5998764038086,761.765682220459,18.91151695251465,607.5998764038086,completed
229.386106,10,20.812087,1.0,True,10,0,0,569.8976078033447,824.5868110656738,33.08149185180664,569.8976078033447,completed
451.65519,10,20.819695,1.0,True,10,0,0,592.3735694885254,687.6320152282715,28.826272583007814,592.3735694885254,completed
804.284805,10,20.827398,1.0,True,10,0,0,445.96714973449707,631.0263710021973,18.70029487609863,445.96714973449707,completed
-450.441586,10,20.83549,1.0,True,10,0,0,606.0138111114502,1009.0996704101562,53.34118309020996,606.0138111114502,completed
765.580858,10,20.843051,1.0,True,10,0,0,550.9362545013428,732.6723670959473,14.395889282226562,550.9362545013428,completed
380.999604,10,20.850576,1.0,True,10,0,0,509.069787979126,778.9088249206543,28.587940788269044,509.069787979126,completed
791.470065,10,20.858268,1.0,True,10,0,0,518.381275177002,621.6870765686035,16.432269287109374,518.381275177002,completed
215.804853,10,20.866211,1.0,True,10,0,0,499.562292098999,918.9296207427979,30.681759452819826,499.562292098999,completed
909.577775,10,20.874016,1.0,True,10,0,0,420.51320791244507,479.9403371810913,21.25899648666382,420.51320791244507,completed
916.86434,10,20.881774,1.0,True,10,0,0,446.9816417694092,525.7363662719727,17.581833600997925,446.9816417694092,completed
853.229357,10,20.889659,1.0,True,10,0,0,441.0508372783661,498.16854453086853,22.457737064361574,441.0508372783661,completed
790.239809,10,20.897196,1.0,True,10,0,0,530.758599281311,680.645544052124,15.379746627807616,530.758599281311,completed
58.838478,10,20.905128,1.0,True,10,0,0,642.3159742355347,858.7748012542725,36.305982780456546,642.3159742355347,completed
-528.774188,10,20.912884,1.0,True,10,0,0,639.3653316497803,996.6701698303223,58.19089012145996,639.3653316497803,completed
747.610973,10,20.920585,1.0,True,10,0,0,460.82234477996826,619.3267040252686,21.731812286376954,460.82234477996826,completed
248.251634,10,20.928758,1.0,True,10,0,0,506.22714042663574,738.0071716308594,37.56020965576172,506.22714042663574,completed
1042.38545,10,20.936504,1.0,True,10,0,0,425.49145126342773,473.72692108154297,16.061003303527833,425.49145126342773,completed
399.475634,10,20.94396,1.0,True,10,0,0,487.02842807769775,663.237871170044,33.43728256225586,487.02842807769775,completed
578.460794,10,20.951861,1.0,True,10,0,0,408.80113220214844,568.2555294036865,32.05887222290039,408.80113220214844,completed
1302.604023,10,20.959322,1.0,True,10,0,0,335.95502948760986,427.36920738220215,9.53584156036377,335.95502948760986,completed
-40.242678,10,20.966588,1.0,True,10,0,0,491.54736328125,839.0946731567383,44.36550598144531,491.54736328125,completed
684.09971,10,20.974146,1.0,True,10,0,0,420.73608207702637,605.7672462463379,26.855733489990236,420.73608207702637,completed
126.093562,10,20.981825,1.0,True,10,0,0,574.5709991455078,701.2550811767578,41.13916244506836,574.5709991455078,completed
1024.184899,10,20.989513,1.0,True,10,0,0,496.575795173645,643.687198638916,9.240685272216798,496.575795173645,completed
553.628849,10,20.996962,1.0,True,10,0,0,590.138162612915,765.7229537963867,19.49965019226074,590.138162612915,completed
555.186457,10,21.004548,1.0,True,10,0,0,464.7070083618164,607.1208019256592,30.657822799682616,464.7070083618164,completed
257.594712,10,21.01246,1.0,True,10,0,0,587.2503070831299,750.7401733398438,32.712045669555664,587.2503070831299,completed
876.624941,10,21.01965,1.0,True,10,0,0,455.7979221343994,545.484317779541,16.993177795410155,455.7979221343994,completed
495.995167,10,21.027246,1.0,True,10,0,0,548.9604587554932,655.8790817260742,29.658078384399413,548.9604587554932,completed
982.457291,10,21.035055,1.0,True,10,0,0,455.28818130493164,567.9784183502197,14.22967700958252,455.28818130493164,completed
212.549485,10,21.042299,1.0,True,10,0,0,566.7839126586914,754.3978691101074,36.6271255493164,566.7839126586914,completed
537.539348,10,21.050544,1.0,True,10,0,0,549.991870880127,627.9053421020508,27.838482666015626,549.991870880127,completed
706.275459,10,21.058793,1.0,True,10,0,0,483.6530818939209,810.547061920166,12.596546173095703,483.6530818939209,completed
552.919678,10,21.066393,1.0,True,10,0,0,580.2992115020752,694.2260913848877,22.51260471343994,580.2992115020752,completed
15.697271,10,21.074346,1.0,True,10,0,0,590.3608026504517,784.0982618331909,40.37890796661377,590.3608026504517,completed
259.69429,10,21.083204,1.0,True,10,0,0,575.4117527008057,791.0489482879639,31.995240783691408,575.4117527008057,completed
176.548186,10,21.091088,1.0,True,10,0,0,601.099199295044,724.7643737792969,36.527574157714845,601.099199295044,completed
683.673462,10,21.099265,1.0,True,10,0,0,507.46088218688965,567.2479724884033,25.143861961364745,507.46088218688965,completed
945.618605,10,21.109464,1.0,True,10,0,0,459.4063549041748,554.096321105957,15.461581420898437,459.4063549041748,completed
655.792986,10,21.121754,1.0,True,10,0,0,447.73168182373047,650.7458877563477,24.987376403808593,447.73168182373047,completed
371.994233,10,21.132059,1.0,True,10,0,0,619.8757610321045,710.9176425933838,29.45354518890381,619.8757610321045,completed
730.481071,10,21.140587,1.0,True,10,0,0,486.0280818939209,629.2095909118652,18.788576507568358,486.0280818939209,completed
-127.09641,10,21.148073,1.0,True,10,0,0,680.694878578186,855.4193887710571,43.38590774536133,680.694878578186,completed
181.511468,10,21.155911,1.0,True,10,0,0,536.9109344482422,834.9543685913086,34.64460830688476,536.9109344482422,completed
1069.751815,10,21.163375,1.0,True,10,0,0,404.78804111480713,567.510950088501,7.65566577911377,404.78804111480713,completed
1078.198084,10,21.171032,1.0,True,10,0,0,435.9425480365753,525.5448899269104,11.10685043334961,435.9425480365753,completed
438.18521,10,22.432106,1.0,True,10,0,0,588.2020907402039,662.6882586479187,30.996822547912597,588.2020907402039,completed
623.358791,10,22.44057,1.0,True,10,0,0,536.177369594574,692.9870009422302,21.632454299926756,536.177369594574,completed
981.774266,10,22.44892,1.0,True,10,0,0,382.3055953979492,596.0983686447144,13.656708574295044,382.3055953979492,completed
789.450416,10,22.458215,1.0,True,10,0,0,456.89703369140625,539.3527450561523,20.406167221069335,456.89703369140625,completed
-472.897733,10,22.466286,1.0,True,10,0,0,631.5290460586548,901.0206232070923,59.64288101196289,631.5290460586548,completed
741.09376,10,22.474169,1.0,True,10,0,0,498.0892791748047,548.2458457946777,24.849112129211427,498.0892791748047,completed
1339.514178,10,22.486867,1.0,True,10,0,0,417.6490716934204,491.9475841522217,2.9377017974853517,417.6490716934204,completed
811.584364,10,22.497038,1.0,True,10,0,0,462.0013732910156,534.7096939086914,23.151707458496094,462.0013732910156,completed
565.403387,10,22.505787,1.0,True,10,0,0,455.7809410095215,671.6032791137695,26.868222045898438,455.7809410095215,completed
-202.338366,10,22.514484,1.0,True,10,0,0,650.3195533752441,820.0264015197754,47.50587959289551,650.3195533752441,completed
604.540848,10,22.522279,1.0,True,10,0,0,542.6270961761475,619.9107723236084,23.899052238464357,542.6270961761475,completed
763.645998,10,22.530562,1.0,True,10,0,0,429.4233560562134,619.4895792007446,21.86307258605957,429.4233560562134,completed
287.706308,10,22.538511,1.0,True,10,0,0,599.7191791534424,765.3071784973145,30.031214427947997,599.7191791534424,completed
246.966066,10,22.546499,1.0,True,10,0,0,551.0118160247803,923.3695526123047,23.586016845703124,551.0118160247803,completed
1130.315889,10,22.554989,1.0,True,10,0,0,407.5965185165405,455.85649585723877,13.184202718734742,407.5965185165405,completed
372.241413,10,22.56368,1.0,True,10,0,0,552.7455253601074,768.0876617431641,27.0607421875,552.7455253601074,completed
986.990158,10,22.575254,1.0,True,10,0,0,426.0725793838501,498.3656063079834,17.458206367492675,426.0725793838501,completed
662.365512,10,22.584141,1.0,True,10,0,0,475.9651622772217,592.5766696929932,23.261052703857423,475.9651622772217,completed
614.662677,10,22.592023,1.0,True,10,0,0,524.0796346664429,611.2105512619019,26.927896785736085,524.0796346664429,completed
684.12092,10,22.600087,1.0,True,10,0,0,601.6962928771973,663.509895324707,18.25002098083496,601.6962928771973,completed
-2.144221,10,22.607907,1.0,True,10,0,0,647.893551826477,787.59934425354,41.85244054794312,647.893551826477,completed
657.444018,10,22.615886,1.0,True,10,0,0,509.66860580444336,666.932300567627,22.15646438598633,509.66860580444336,completed
571.462352,10,22.623612,1.0,True,10,0,0,537.1495480537415,756.9348230361938,19.430980682373047,537.1495480537415,completed
953.263302,10,22.631797,1.0,True,10,0,0,401.4850926399231,535.1330842971802,16.609962463378906,401.4850926399231,completed
1085.663657,10,22.639816,1.0,True,10,0,0,408.91222190856934,473.6360206604004,14.399469375610352,408.91222190856934,completed
1254.608397,10,22.647644,1.0,True,10,0,0,391.9926347732544,490.59059143066406,8.027318572998047,391.9926347732544,completed
597.89353,10,22.655481,1.0,True,10,0,0,553.375789642334,667.0086555480957,22.56857376098633,553.375789642334,completed
523.837403,10,22.663479,1.0,True,10,0,0,567.1777248382568,659.2654724121094,23.783197116851806,567.1777248382568,completed
593.058624,10,22.671438,1.0,True,10,0,0,429.49013328552246,646.0290794372559,26.430765438079835,429.49013328552246,completed
1268.272884,10,22.679265,1.0,True,10,0,0,420.64636039733887,420.64636039733887,9.081415176391602,420.64636039733887,completed
891.681108,10,22.687314,1.0,True,10,0,0,474.74995040893555,689.0802192687988,10.274034023284912,474.74995040893555,completed
797.53862,10,22.695476,1.0,True,10,0,0,465.15809631347656,562.8833618164062,20.9597412109375,465.15809631347656,completed
927.479565,10,22.703435,1.0,True,10,0,0,483.96537590026855,617.2096366882324,13.410530471801758,483.96537590026855,completed
-169.357933,10,22.711231,1.0,True,10,0,0,648.2901706695557,1013.8152275085449,39.00935401916504,648.2901706695557,completed
400.163879,10,22.718739,1.0,True,10,0,0,490.9663028717041,739.1196708679199,29.111235046386717,490.9663028717041,completed
-369.037914,10,22.726857,1.0,True,10,0,0,623.1501312255859,971.5362968444824,49.57289543151855,623.1501312255859,completed
514.819995,10,22.734684,1.0,True,10,0,0,523.9286956787109,725.7871255874634,24.372847461700438,523.9286956787109,completed
838.165508,10,22.742591,1.0,True,10,0,0,600.4978408813477,600.4978408813477,15.299408149719238,600.4978408813477,completed
809.391496,10,22.750167,1.0,True,10,0,0,431.679141998291,571.8285312652588,20.879481697082518,431.679141998291,completed
397.436573,10,22.758181,1.0,True,10,0,0,412.77226066589355,635.3488349914551,38.55081758499146,412.77226066589355,completed
-45.869249,10,22.766103,1.0,True,10,0,0,577.0595626831055,772.749340057373,45.73046188354492,577.0595626831055,completed
688.47917,10,22.773921,1.0,True,10,0,0,476.3736047744751,582.6075611114502,24.991417503356935,476.3736047744751,completed
587.980718,10,22.781605,1.0,True,10,0,0,472.40109300613403,569.8271646499634,29.588437271118163,472.40109300613403,completed
-388.212404,10,22.789467,1.0,True,10,0,0,686.2463684082031,854.7033195495605,53.81454658508301,686.2463684082031,completed
761.125689,10,22.797069,1.0,True,10,0,0,456.18587493896484,562.4223651885986,23.074909210205078,456.18587493896484,completed
466.699611,10,22.805972,1.0,True,10,0,0,584.1069355010986,622.0060043334961,30.681481170654298,584.1069355010986,completed
585.62458,10,22.815839,1.0,True,10,0,0,572.8440494537354,806.3562355041504,16.183856582641603,572.8440494537354,completed
759.039221,10,22.824281,1.0,True,10,0,0,363.2687449455261,536.3418035507202,28.651177406311035,363.2687449455261,completed
92.730949,10,22.832502,1.0,True,10,0,0,590.9979286193848,756.6703643798828,39.266644668579104,590.9979286193848,completed
147.617044,10,22.840591,1.0,True,10,0,0,562.3778076171875,729.8000984191895,38.85880813598633,562.3778076171875,completed
285.672955,10,22.848658,1.0,True,10,0,0,586.5903596878052,777.4905948638916,29.856658744812012,586.5903596878052,completed
-179.339872,10,22.856513,1.0,True,10,0,0,693.9702110290527,895.2902126312256,43.40692558288574,693.9702110290527,completed
283.990891,10,22.864545,1.0,True,10,0,0,588.3325614929199,761.4861755371094,30.76873893737793,588.3325614929199,completed
691.829535,10,22.872573,1.0,True,10,0,0,523.7145652770996,571.9798583984375,23.988194084167482,523.7145652770996,completed
-12.160773,10,22.880302,1.0,True,10,0,0,557.7645416259766,923.0820846557617,35.105587768554685,557.7645416259766,completed
671.909866,10,22.888389,1.0,True,10,0,0,551.502103805542,705.7161979675293,18.04505271911621,551.502103805542,completed
458.239737,10,22.895891,1.0,True,10,0,0,570.7325782775879,680.6400604248047,24.530832481384277,570.7325782775879,completed
175.974814,10,22.903837,1.0,True,10,0,0,506.98870849609375,732.2412300109863,38.96833038330078,506.98870849609375,completed
203.935415,10,22.911662,1.0,True,10,0,0,649.5766668319702,737.2470760345459,34.267340087890624,649.5766668319702,completed
13.355228,10,22.919838,1.0,True,10,0,0,575.4129962921143,776.2924003601074,43.87376670837402,575.4129962921143,completed
446.248098,10,22.928978,1.0,True,10,0,0,467.12117290496826,691.857011795044,31.371824264526367,467.12117290496826,completed
964.410615,10,22.937737,1.0,True,10,0,0,409.1195955276489,535.9007797241211,17.031338500976563,409.1195955276489,completed
-141.109181,10,22.946023,1.0,True,10,0,0,497.9915771484375,835.4270057678223,51.91722640991211,497.9915771484375,completed
159.91695,10,22.95438,1.0,True,10,0,0,545.7414472103119,764.926766872406,36.81093692779541,545.7414472103119,completed
683.766392,10,22.962094,1.0,True,10,0,0,453.72532653808594,606.3343734741211,25.851530075073242,453.72532653808594,completed
168.951037,10,22.9698,1.0,True,10,0,0,665.9682540893555,761.5286712646484,36.689323616027835,665.9682540893555,completed
883.233832,10,22.977742,1.0,True,10,0,0,419.3445072174072,558.7159538269043,19.52859573364258,419.3445072174072,completed
651.467985,10,22.985453,1.0,True,10,0,0,519.4556121826172,653.602840423584,22.894776153564454,519.4556121826172,completed
419.605663,10,22.993237,1.0,True,10,0,0,531.2421379089355,736.8904933929443,29.55347557067871,531.2421379089355,completed
546.41059,10,23.001657,1.0,True,10,0,0,526.7918395996094,725.9812660217285,23.946745681762696,526.7918395996094,completed
220.844062,10,23.009617,1.0,True,10,0,0,532.4096593856812,692.6299047470093,39.39086236953735,532.4096593856812,completed
675.841052,10,23.017375,1.0,True,10,0,0,442.8435740470886,661.7432026863098,24.776764011383058,442.8435740470886,completed
481.628413,10,23.025679,1.0,True,10,0,0,495.65231132507324,666.5952129364014,28.886273288726805,495.65231132507324,completed
502.058077,10,23.034299,1.0,True,10,0,0,479.0570402145386,655.1260566711426,30.243451833724976,479.0570402145386,completed
482.978668,10,23.043218,1.0,True,10,0,0,606.7879943847656,614.2262992858887,28.36498031616211,606.7879943847656,completed
-101.88148,10,23.056097,1.0,True,10,0,0,644.1564979553223,835.1490783691406,44.33617973327637,644.1564979553223,completed
309.09527,10,23.072079,1.0,True,10,0,0,635.2455787658691,726.9680137634277,31.254628372192382,635.2455787658691,completed
809.159898,10,23.08387,1.0,True,10,0,0,522.1922073364258,634.0176544189453,16.005267906188966,522.1922073364258,completed
681.19867,10,23.092759,1.0,True,10,0,0,482.16004252433777,609.874993801117,22.43214054107666,482.16004252433777,completed
983.80452,10,23.1016,1.0,True,10,0,0,386.1986198425293,523.2326412200928,17.446020126342773,386.1986198425293,completed
187.134448,10,23.109655,1.0,True,10,0,0,611.7769088745117,816.6914978027344,31.871937942504882,611.7769088745117,completed
968.921798,10,23.118768,1.0,True,10,0,0,411.2878246307373,578.002758026123,15.675123691558838,411.2878246307373,completed
1458.475277,10,23.129951,1.0,True,10,0,0,404.94892024993896,447.8974332809448,1.0434097290039062,404.94892024993896,completed
510.377801,10,23.141568,1.0,True,10,0,0,569.7294230461121,746.2598257064819,22.094936847686768,569.7294230461121,completed
356.041682,10,23.149955,1.0,True,10,0,0,507.1016483306885,739.7561874389648,33.29827613830567,507.1016483306885,completed
934.00857,10,23.15804,1.0,True,10,0,0,549.836799621582,742.5742225646973,4.2128852844238285,549.836799621582,completed
885.215825,10,23.166366,1.0,True,10,0,0,451.3716402053833,550.0658082962036,17.69444007873535,451.3716402053833,completed
582.328042,10,23.174095,1.0,True,10,0,0,512.2134284973145,717.8303375244141,20.536526489257813,512.2134284973145,completed
798.373945,10,23.182092,1.0,True,10,0,0,386.0165481567383,617.674783706665,22.778693199157715,386.0165481567383,completed
489.99008,10,23.191309,1.0,True,10,0,0,523.3848342895508,665.0859451293945,26.469223976135254,523.3848342895508,completed
525.190643,10,23.198955,1.0,True,10,0,0,483.94581937789917,648.0132412910461,29.331365013122557,483.94581937789917,completed
580.800549,10,23.206955,1.0,True,10,0,0,462.21993255615234,743.4241409301758,20.70504684448242,462.21993255615234,completed
204.339853,10,23.215586,1.0,True,10,0,0,622.8143920898438,817.4427070617676,31.889226722717286,622.8143920898438,completed
1419.367951,10,23.223562,1.0,True,10,0,0,328.19665908813477,356.8720588684082,6.557739424705505,328.19665908813477,completed
288.842083,10,23.232505,1.0,True,10,0,0,499.0044240951538,663.7532825469971,36.0813325881958,499.0044240951538,completed
1069.320545,10,23.242466,1.0,True,10,0,0,377.1224193572998,518.6963787078857,12.441999340057373,377.1224193572998,completed
883.93228,10,23.25482,1.0,True,10,0,0,417.14482498168945,594.1245079040527,17.612193298339843,417.14482498168945,completed
443.020847,10,23.265321,1.0,True,10,0,0,460.74621391296387,729.1832313537598,29.671493530273438,460.74621391296387,completed
-44.553972,10,23.27379,1.0,True,10,0,0,612.3780288696289,814.4469375610352,46.06177616119385,612.3780288696289,completed
1100.838124,10,23.282431,1.0,True,10,0,0,376.8369541168213,482.09618949890137,15.38769474029541,376.8369541168213,completed
481.077228,10,23.290975,1.0,True,10,0,0,594.573652267456,731.4606189727783,23.628594970703126,594.573652267456,completed
1112.550819,10,23.299126,1.0,True,10,0,0,430.2571668624878,430.2571668624878,14.80059986114502,430.2571668624878,completed
987.595031,10,23.30714,1.0,True,10,0,0,390.53328704833984,475.6012878417969,19.746179008483885,390.53328704833984,completed
730.227483,10,23.315128,1.0,True,10,0,0,505.6010322570801,546.1249771118164,21.53372116088867,505.6010322570801,completed
616.701985,10,23.331659,1.0,True,10,0,0,517.3374433517456,644.0166568756104,23.973861312866212,517.3374433517456,completed
331.630836,10,23.340193,1.0,True,10,0,0,515.5318856239319,727.8908319473267,33.668505859375,515.5318856239319,completed
187.536115,10,23.34901,1.0,True,10,0,0,611.0504608154297,793.0392646789551,33.174520874023436,611.0504608154297,completed
1319.755472,10,23.357035,1.0,True,10,0,0,283.84955739974976,375.3506050109863,11.852456378936768,283.84955739974976,completed
424.234618,10,23.365109,1.0,True,10,0,0,466.7591857910156,694.3411331176758,33.596731185913086,466.7591857910156,completed
983.599925,10,23.374689,1.0,True,10,0,0,484.59178924560547,615.2679901123047,10.692510604858398,484.59178924560547,completed
1123.14085,10,23.386916,1.0,True,10,0,0,341.56042313575745,412.27246713638306,17.92115912437439,341.56042313575745,completed
934.610528,10,23.395843,1.0,True,10,0,0,420.8449001312256,500.3816967010498,18.873133277893068,420.8449001312256,completed
393.991862,10,23.404696,1.0,True,10,0,0,536.2197399139404,675.0837459564209,32.83420867919922,536.2197399139404,completed
906.207277,10,23.413053,1.0,True,10,0,0,460.75409269332886,661.2453908920288,12.748516845703126,460.75409269332886,completed
625.158939,10,23.42101,1.0,True,10,0,0,519.9586200714111,681.164608001709,20.17924098968506,519.9586200714111,completed
224.697801,10,23.429452,1.0,True,10,0,0,539.7498798370361,808.9475564956665,35.080497932434085,539.7498798370361,completed
557.840015,10,23.43805,1.0,True,10,0,0,583.6701107025146,632.1585731506348,25.579174423217772,583.6701107025146,completed
821.8601,10,23.446656,1.0,True,10,0,0,457.91137886047363,541.9334812164307,22.36331214904785,457.91137886047363,completed
745.962244,10,23.454615,1.0,True,10,0,0,544.2523555755615,782.3448276519775,11.595351600646973,544.2523555755615,completed
1132.495808,10,23.463038,1.0,True,10,0,0,415.74774742126465,577.4605369567871,7.392447662353516,415.74774742126465,completed
1099.684653,10,23.470939,1.0,True,10,0,0,364.21381521224976,566.7643270492554,11.167314910888672,364.21381521224976,completed
548.736504,10,23.479277,1.0,True,10,0,0,587.3933506011963,607.6395072937012,26.021201372146606,587.3933506011963,completed
-435.88555,10,23.487485,1.0,True,10,0,0,687.5738983154297,972.0003662109375,49.70704040527344,687.5738983154297,completed
513.137022,10,23.49609,1.0,True,10,0,0,521.1894783973694,670.5275678634644,27.57844829559326,521.1894783973694,completed
311.65042,10,23.50366,1.0,True,10,0,0,587.8998622894287,730.7854957580566,32.33728084564209,587.8998622894287,completed
972.806245,10,23.511223,1.0,True,10,0,0,500.40557956695557,579.0238590240479,12.751208114624024,500.40557956695557,completed
276.192712,10,23.519303,1.0,True,10,0,0,597.6715049743652,792.2564010620117,29.18611717224121,597.6715049743652,completed
895.088111,10,23.527025,1.0,True,10,0,0,430.68254375457764,576.1056499481201,17.63930740356445,430.68254375457764,completed
551.215469,10,23.535664,1.0,True,10,0,0,579.590389251709,646.4256019592285,25.24810676574707,579.590389251709,completed
553.308533,10,23.543356,1.0,True,10,0,0,508.65514755249023,658.1586799621582,25.376191520690917,508.65514755249023,completed
-98.386652,10,23.551305,1.0,True,10,0,0,566.1141090393066,791.5084991455078,48.90294189453125,566.1141090393066,completed
169.697108,10,23.559236,1.0,True,10,0,0,624.0778541564941,884.0998916625977,29.91731491088867,624.0778541564941,completed
536.943383,10,23.576694,1.0,True,10,0,0,562.5345973968506,647.9977111816406,25.136918830871583,562.5345973968506,completed
332.260777,10,23.588849,1.0,True,10,0,0,554.500186920166,776.1541213989258,29.813478851318358,554.500186920166,completed
77.04025,10,23.597985,1.0,True,10,0,0,691.4519653320312,856.1282081604004,34.0673770904541,691.4519653320312,completed
1176.144735,10,23.607433,1.0,True,10,0,0,378.1887650489807,425.4528398513794,14.69719409942627,378.1887650489807,completed
124.249837,10,23.617055,1.0,True,10,0,0,680.9753513336182,894.2820014953613,28.672737503051756,680.9753513336182,completed
74.229074,10,23.627227,1.0,True,10,0,0,552.4218425750732,722.8160953521729,43.211005783081056,552.4218425750732,completed
982.205068,10,23.637255,1.0,True,10,0,0,491.2280559539795,491.2280559539795,17.385361862182616,491.2280559539795,completed
955.573088,10,23.646385,1.0,True,10,0,0,434.2613031864166,530.2503705024719,14.529736137390136,434.2613031864166,completed
497.10588,10,23.655058,1.0,True,10,0,0,579.6648063659668,780.388744354248,23.083380889892577,579.6648063659668,completed
780.870901,10,23.663811,1.0,True,10,0,0,432.611177444458,727.4302177429199,16.219457626342773,432.611177444458,completed
988.169304,10,23.672625,1.0,True,10,0,0,462.30852699279785,552.9754981994629,13.3086266040802,462.30852699279785,completed
639.346698,10,23.681068,1.0,True,10,0,0,554.9348545074463,691.8660793304443,21.581985092163087,554.9348545074463,completed
159.584551,10,23.68971,1.0,True,10,0,0,659.311637878418,748.3649044036865,35.58135356903076,659.311637878418,completed
-128.699486,10,23.698464,1.0,True,10,0,0,700.8204507827759,817.0330438613892,43.723543357849124,700.8204507827759,completed
910.869023,10,23.707481,1.0,True,10,0,0,427.55182552337646,539.6655597686768,18.948388290405273,427.55182552337646,completed
887.340662,10,23.718149,1.0,True,10,0,0,525.5491976737976,635.4663577079773,9.41584129333496,525.5491976737976,completed
528.448668,10,23.733698,1.0,True,10,0,0,421.54127168655396,668.9389238357544,29.889687633514406,421.54127168655396,completed
101.607244,10,23.74821,1.0,True,10,0,0,443.3821005821228,757.0772771835327,44.47892456054687,443.3821005821228,completed
134.14693,10,23.756654,1.0,True,10,0,0,672.8775405883789,870.3810234069824,28.485371017456053,672.8775405883789,completed
225.257993,10,23.765107,1.0,True,10,0,0,575.8835296630859,779.4258651733398,31.84217185974121,575.8835296630859,completed
458.864415,10,23.7735,1.0,True,10,0,0,581.0292491912842,743.3900203704834,23.239450645446777,581.0292491912842,completed
612.464727,10,23.781936,1.0,True,10,0,0,511.75577545166016,591.3769550323486,27.24835786819458,511.75577545166016,completed
532.626776,10,23.790257,1.0,True,10,0,0,667.8682270050049,667.8682270050049,23.599861907958985,667.8682270050049,completed
97.466785,10,23.798192,1.0,True,10,0,0,592.3441829681396,744.5466651916504,40.9062686920166,592.3441829681396,completed
1120.499489,10,23.806347,1.0,True,10,0,0,378.0842094421387,547.2200698852539,10.785395431518555,378.0842094421387,completed
541.12028,10,23.815049,1.0,True,10,0,0,474.3824920654297,635.6649188995361,29.5009407043457,474.3824920654297,completed
390.200267,10,23.827451,1.0,True,10,0,0,552.8642082214355,752.138542175293,29.536440563201904,552.8642082214355,completed
-18.55636,10,23.838924,1.0,True,10,0,0,650.560079574585,725.7603645324707,43.494195556640626,650.560079574585,completed
882.996079,10,23.850243,1.0,True,10,0,0,471.25546073913574,539.1328601837158,17.81022491455078,471.25546073913574,completed
1028.999238,10,23.861305,1.0,True,10,0,0,349.4332733154297,460.39970779418945,17.245055961608887,349.4332733154297,completed
857.678674,10,23.871524,1.0,True,10,0,0,448.2143976688385,690.2937340736389,12.70347900390625,448.2143976688385,completed
-319.920667,10,23.883829,1.0,True,10,0,0,705.1280822753906,856.8982582092285,52.21278667449951,705.1280822753906,completed
755.698605,10,23.895924,1.0,True,10,0,0,536.9838523864746,593.8497085571289,17.943820190429687,536.9838523864746,completed
1159.861695,10,23.904709,1.0,True,10,0,0,335.28053855895996,507.7261562347412,11.023560523986816,335.28053855895996,completed
486.610694,10,23.914495,1.0,True,10,0,0,546.137656211853,672.0905666351318,28.070354461669922,546.137656211853,completed
448.582128,10,23.92613,1.0,True,10,0,0,611.9820938110352,793.6032943725586,21.313249588012695,611.9820938110352,completed
594.324202,10,23.936279,1.0,True,10,0,0,650.7769193649292,694.9652709960938,20.78739242553711,650.7769193649292,completed
687.622671,10,23.944568,1.0,True,10,0,0,443.33678245544434,629.641918182373,23.438457489013672,443.33678245544434,completed
-498.269505,10,23.952266,1.0,True,10,0,0,707.7084579467773,925.6426811218262,54.771874046325685,707.7084579467773,completed
867.321352,10,23.960589,1.0,True,10,0,0,504.99069595336914,625.3677711486816,12.838984107971191,504.99069595336914,completed
985.373619,10,23.969036,1.0,True,10,0,0,436.7373638153076,552.0533142089844,13.016265869140625,436.7373638153076,completed
817.33487,10,23.976769,1.0,True,10,0,0,452.86125469207764,561.7633380889893,21.65043525695801,452.86125469207764,completed
507.77976,10,23.984857,1.0,True,10,0,0,393.5821931362152,591.5432963371277,34.76866493225098,393.5821931362152,completed
579.65098,10,23.992753,1.0,True,10,0,0,409.7871437072754,646.6525974273682,27.65794382095337,409.7871437072754,completed
635.760712,10,24.00085,1.0,True,10,0,0,492.9900197982788,623.6725559234619,24.870273208618165,492.9900197982788,completed
985.029339,10,24.008615,1.0,True,10,0,0,430.4613628387451,430.4613628387451,21.159317207336425,430.4613628387451,completed
484.502993,10,24.017069,1.0,True,10,0,0,604.4936370849609,662.7238578796387,24.44022903442383,604.4936370849609,completed
673.125461,10,24.024873,1.0,True,10,0,0,541.227222442627,709.1092948913574,16.855899047851562,541.227222442627,completed
603.980503,10,24.032763,1.0,True,10,0,0,434.41601371765137,649.0583114624023,25.57028732299805,434.41601371765137,completed
1064.761725,10,24.040786,1.0,True,10,0,0,369.75583839416504,492.98704528808594,15.554951095581055,369.75583839416504,completed
812.569572,10,24.048999,1.0,True,10,0,0,459.3560905456543,503.7908248901367,22.382343292236328,459.3560905456543,completed
-454.371669,10,24.058302,1.0,True,10,0,0,758.0220737457275,974.1158561706543,52.15154914855957,758.0220737457275,completed
597.150894,10,24.066743,1.0,True,10,0,0,599.6787314414978,627.5796656608582,23.385211753845216,599.6787314414978,completed
365.032057,10,24.079531,1.0,True,10,0,0,569.2137076854706,803.6055846214294,26.22367877960205,569.2137076854706,completed
751.982324,10,24.088234,1.0,True,10,0,0,464.9741106033325,605.3115901947021,22.159523010253906,464.9741106033325,completed
65.424344,10,24.096004,1.0,True,10,0,0,554.3068561553955,733.8086032867432,41.74010391235352,554.3068561553955,completed
-281.086308,10,24.104242,1.0,True,10,0,0,564.9102735519409,900.6773710250854,53.319751787185666,564.9102735519409,completed
-96.753083,10,24.11225,1.0,True,10,0,0,691.5801429748535,893.1649894714355,38.21617546081543,691.5801429748535,completed
144.20123,10,24.119899,1.0,True,10,0,0,617.3202495574951,814.4720458984375,33.974368476867674,617.3202495574951,completed
660.556762,10,24.12755,1.0,True,10,0,0,584.468542098999,631.9326324462891,20.43181085586548,584.468542098999,completed
-396.035562,10,24.135419,1.0,True,10,0,0,778.2589282989502,972.7823581695557,48.70098056793213,778.2589282989502,completed
980.807986,10,24.143032,1.0,True,10,0,0,529.1112895011902,605.8592066764832,10.014005661010742,529.1112895011902,completed
298.438928,10,24.150818,1.0,True,10,0,0,577.7795677185059,773.8979530334473,29.680279159545897,577.7795677185059,completed
419.54133,10,24.158483,1.0,True,10,0,0,630.3176381587982,646.0163028240204,29.082507705688478,630.3176381587982,completed
458.994766,10,24.166542,1.0,True,10,0,0,496.4729633331299,841.5845108032227,20.368924713134767,496.4729633331299,completed
800.316812,10,24.174727,1.0,True,10,0,0,392.77321434020996,558.4856929779053,24.484249877929688,392.77321434020996,completed
34.839341,10,24.182865,1.0,True,10,0,0,495.42051887512207,825.0238380432129,40.01910629272461,495.42051887512207,completed
44.907266,10,24.190849,1.0,True,10,0,0,617.1843585968018,816.0523719787598,38.85622549057007,617.1843585968018,completed
828.476345,10,24.198677,1.0,True,10,0,0,426.3443021774292,567.9438762664795,19.048940467834473,426.3443021774292,completed
939.978008,10,24.206388,1.0,True,10,0,0,407.0711040496826,572.9294261932373,17.527848052978516,407.0711040496826,completed
789.13269,10,24.214251,1.0,True,10,0,0,456.53814029693604,685.7165307998657,16.132812118530275,456.53814029693604,completed
1301.583842,10,24.221715,1.0,True,10,0,0,433.06876945495605,458.5753479003906,4.957100677490234,433.06876945495605,completed
929.696861,10,24.229634,1.0,True,10,0,0,420.7805128097534,476.46808338165283,19.185996961593627,420.7805128097534,completed
580.084986,10,25.421719,1.0,True,10,0,0,508.30162239074707,634.7583389282227,24.084993362426758,508.30162239074707,completed
62.374679,10,25.429566,1.0,True,10,0,0,677.2592468261719,833.6500663757324,33.96273498535156,677.2592468261719,completed
10.416486,10,25.439588,1.0,True,10,0,0,731.6833229064941,998.8363761901855,27.092675304412843,731.6833229064941,completed
274.174002,10,25.449225,1.0,True,10,0,0,568.5639839172363,706.5893039703369,34.87196865081787,568.5639839172363,completed
636.192875,10,25.456765,1.0,True,10,0,0,410.7529525756836,578.5973701477051,28.544912338256836,410.7529525756836,completed
673.56003,10,25.464501,1.0,True,10,0,0,429.73445177078247,612.4863176345825,25.49321746826172,429.73445177078247,completed
608.767457,10,25.471991,1.0,True,10,0,0,568.9843444824219,637.8343658447266,21.911206674575805,568.9843444824219,completed
743.809518,10,25.479433,1.0,True,10,0,0,490.0328378677368,636.4127864837646,20.105835723876954,490.0328378677368,completed
1339.883004,10,25.48694,1.0,True,10,0,0,354.8352270126343,482.4267177581787,6.577323532104492,354.8352270126343,completed
1356.061603,10,25.494552,1.0,True,10,0,0,354.82047176361084,354.82047176361084,9.037179756164551,354.82047176361084,completed
931.942882,10,25.501915,1.0,True,10,0,0,450.4688014984131,514.5020141601562,17.341181087493897,450.4688014984131,completed
929.996023,10,25.509328,1.0,True,10,0,0,434.7972745895386,541.9710350036621,17.64787368774414,434.7972745895386,completed
707.231217,10,25.516785,1.0,True,10,0,0,443.7650365829468,620.376485824585,22.954781341552735,443.7650365829468,completed
715.134137,10,25.523894,1.0,True,10,0,0,443.52918815612793,560.251823425293,24.623567199707033,443.52918815612793,completed
856.431884,10,25.531283,1.0,True,10,0,0,459.2636036872864,615.8115015029907,16.530865097045897,459.2636036872864,completed
561.497773,10,25.539292,1.0,True,10,0,0,552.6446485519409,755.7562551498413,20.779177856445312,552.6446485519409,completed
758.940764,10,25.54726,1.0,True,10,0,0,508.1770534515381,628.9857311248779,17.963434982299805,508.1770534515381,completed
900.189584,10,25.554841,1.0,True,10,0,0,445.889422416687,561.6340274810791,17.723966598510742,445.889422416687,completed
703.499017,10,25.562199,1.0,True,10,0,0,443.52352142333984,696.8513565063477,20.19251890182495,443.52352142333984,completed
1083.037586,10,25.570145,1.0,True,10,0,0,398.53882217407227,439.10818099975586,16.741006088256835,398.53882217407227,completed
107.033178,10,25.580707,1.0,True,10,0,0,470.2235908508301,817.315975189209,38.839254760742186,470.2235908508301,completed
701.167861,10,25.589603,1.0,True,10,0,0,497.61029624938965,572.2072677612305,23.041898345947267,497.61029624938965,completed
985.856113,10,25.597898,1.0,True,10,0,0,451.96310114860535,585.2600493431091,14.458998584747315,451.96310114860535,completed
630.661244,10,25.604987,1.0,True,10,0,0,434.8448600769043,572.4259510040283,27.188164710998535,434.8448600769043,completed
936.833779,10,25.612588,1.0,True,10,0,0,446.9165267944336,588.4692115783691,15.635008621215821,446.9165267944336,completed
465.944287,10,25.620247,1.0,True,10,0,0,544.5830726623535,723.3582038879395,26.330592250823976,544.5830726623535,completed
488.449769,10,25.627522,1.0,True,10,0,0,618.2496385574341,703.5606479644775,24.08418674468994,618.2496385574341,completed
586.375732,10,25.635396,1.0,True,10,0,0,452.9687099456787,569.7989387512207,30.25321044921875,452.9687099456787,completed
1431.625063,10,25.643223,1.0,True,10,0,0,289.2967767715454,309.94575119018555,9.692827224731445,289.2967767715454,completed
1270.132391,10,25.650589,1.0,True,10,0,0,374.1727514266968,430.985258102417,8.564008712768555,374.1727514266968,completed
-111.898346,10,25.65831,1.0,True,10,0,0,703.3159027099609,800.5767288208008,43.71372013092041,703.3159027099609,completed
439.583127,10,25.666195,1.0,True,10,0,0,475.7646312713623,659.0143222808838,32.002116966247556,475.7646312713623,completed
1069.47709,10,25.673473,1.0,True,10,0,0,447.3876953125,598.9126853942871,8.414316940307618,447.3876953125,completed
538.319568,10,25.680896,1.0,True,10,0,0,521.5270709991455,688.7785396575928,26.5553897857666,521.5270709991455,completed
706.298906,10,25.688275,1.0,True,10,0,0,526.7859153747559,678.5531349182129,17.31105480194092,526.7859153747559,completed
-68.186349,10,25.695506,1.0,True,10,0,0,605.112829208374,813.6287364959717,46.25635204315186,605.112829208374,completed
309.198035,10,25.702904,1.0,True,10,0,0,437.3133125305176,708.8094253540039,35.68618049621582,437.3133125305176,completed
718.177968,10,25.710507,1.0,True,10,0,0,503.21291732788086,579.4634094238281,22.874226570129395,503.21291732788086,completed
-286.356833,10,25.718622,1.0,True,10,0,0,660.9456882476807,965.1720275878906,43.40500946044922,660.9456882476807,completed
768.484178,10,25.726934,1.0,True,10,0,0,454.2278423309326,584.7670593261719,21.536767578125,454.2278423309326,completed
1092.447997,10,25.734301,1.0,True,10,0,0,327.59545516967773,382.6350803375244,17.75480709075928,327.59545516967773,completed
652.945808,10,25.741705,1.0,True,10,0,0,480.7110080718994,676.9658946990967,23.948255157470705,480.7110080718994,completed
423.760088,10,25.748754,1.0,True,10,0,0,481.04136657714844,690.714599609375,30.89145164489746,481.04136657714844,completed
1271.454605,10,25.756026,1.0,True,10,0,0,400.5479965209961,476.43579864501953,6.45686092376709,400.5479965209961,completed
382.960443,10,25.763802,1.0,True,10,0,0,573.8089637756348,704.7672805786133,29.375508499145507,573.8089637756348,completed
729.429205,10,25.770769,1.0,True,10,0,0,470.61137771606445,599.8500518798828,22.168445587158203,470.61137771606445,completed
1423.797249,10,25.778289,1.0,True,10,0,0,290.75963592529297,398.1664333343506,7.688194656372071,290.75963592529297,completed
681.881417,10,25.785499,1.0,True,10,0,0,477.12261390686035,611.5637435913086,23.70624485015869,477.12261390686035,completed
618.712046,10,25.792897,1.0,True,10,0,0,547.6545219421387,758.1734580993652,17.935221862792968,547.6545219421387,completed
412.916568,10,25.799906,1.0,True,10,0,0,599.8471012115479,780.8097915649414,24.16422004699707,599.8471012115479,completed
626.628364,10,25.807173,1.0,True,10,0,0,464.60765743255615,670.6167230606079,23.596432304382326,464.60765743255615,completed
986.795649,10,25.814562,1.0,True,10,0,0,391.56246185302734,572.7823963165283,14.410311889648437,391.56246185302734,completed
296.302201,10,25.822152,1.0,True,10,0,0,577.8503894805908,754.9106960296631,30.829290008544923,577.8503894805908,completed
755.074857,10,25.829841,1.0,True,10,0,0,535.6411514282227,583.2695541381836,19.847197151184083,535.6411514282227,completed
875.70223,10,25.837021,1.0,True,10,0,0,375.2573194503784,482.7944917678833,24.153471851348876,375.2573194503784,completed
950.163074,10,25.844605,1.0,True,10,0,0,482.20361852645874,692.61439037323,9.431946277618408,482.20361852645874,completed
887.1746,10,25.852309,1.0,True,10,0,0,482.1267557144165,603.7062835693359,14.97362174987793,482.1267557144165,completed
892.099816,10,25.859703,1.0,True,10,0,0,386.203088760376,598.078052520752,17.914623641967772,386.203088760376,completed
233.460825,10,25.866677,1.0,True,10,0,0,539.2938346862793,877.6447944641113,29.627680015563964,539.2938346862793,completed
907.475241,10,25.874442,1.0,True,10,0,0,407.43887519836426,532.4920997619629,20.11600618362427,407.43887519836426,completed
445.439318,10,25.88199,1.0,True,10,0,0,497.54888916015625,751.6015129089355,25.96348419189453,497.54888916015625,completed
1176.980534,10,25.889388,1.0,True,10,0,0,395.08675384521484,464.13882064819336,12.020735549926759,395.08675384521484,completed
468.273642,10,25.896578,1.0,True,10,0,0,503.5515594482422,728.7050361633301,27.150994110107423,503.5515594482422,completed
890.381419,10,25.903943,1.0,True,10,0,0,479.6472358703613,540.5492477416992,18.361303329467773,479.6472358703613,completed
822.428433,10,25.91149,1.0,True,10,0,0,528.3797340393066,612.4018363952637,15.095085334777831,528.3797340393066,completed
530.834881,10,25.918852,1.0,True,10,0,0,494.22872829437256,652.9309101104736,27.2201940536499,494.22872829437256,completed
329.012179,10,25.925889,1.0,True,10,0,0,582.5139617919922,784.8325119018555,29.908184051513672,582.5139617919922,completed
635.452372,10,25.933244,1.0,True,10,0,0,535.9661407470703,679.8692588806152,20.50558795928955,535.9661407470703,completed
478.55797,10,25.940454,1.0,True,10,0,0,546.906322479248,717.6087112426758,24.696432685852052,546.906322479248,completed
-12.770346,10,25.947662,1.0,True,10,0,0,642.4208908081055,951.6209564208984,36.026737976074216,642.4208908081055,completed
1092.751142,10,25.955071,1.0,True,10,0,0,306.0752487182617,486.5752468109131,18.918546867370605,306.0752487182617,completed
1295.289642,10,25.962597,1.0,True,10,0,0,347.64788913726807,402.80184745788574,8.401979637145995,347.64788913726807,completed
172.794046,10,25.970324,1.0,True,10,0,0,629.6908054351807,804.3631973266602,32.729597663879396,629.6908054351807,completed
1072.990278,10,25.977699,1.0,True,10,0,0,452.04208278656006,520.1283359527588,13.682165145874023,452.04208278656006,completed
868.789097,10,25.984628,1.0,True,10,0,0,437.3604784011841,584.6119022369385,17.036076164245607,437.3604784011841,completed
698.641125,10,25.991812,1.0,True,10,0,0,502.48608016967773,655.3950576782227,19.69663314819336,502.48608016967773,completed
653.091436,10,25.99897,1.0,True,10,0,0,508.20700454711914,668.1806297302246,23.59928340911865,508.20700454711914,completed
-227.549355,10,26.006128,1.0,True,10,0,0,590.5018692016602,855.6880111694336,49.84957103729248,590.5018692016602,completed
671.692114,10,26.013116,1.0,True,10,0,0,450.46432971954346,619.3940887451172,25.834789514541626,450.46432971954346,completed
940.14768,10,26.020636,1.0,True,10,0,0,450.8057918548584,525.5526733398438,17.56304521560669,450.8057918548584,completed
981.176373,10,26.02764,1.0,True,10,0,0,429.703204870224,562.9704518318176,14.086710357666016,429.703204870224,completed
507.687536,10,26.035162,1.0,True,10,0,0,470.0053548812866,772.183464050293,25.045372009277344,470.0053548812866,completed
1084.250983,10,26.042442,1.0,True,10,0,0,408.8253355026245,552.3892946243286,10.141279602050782,408.8253355026245,completed
743.449441,10,26.05018,1.0,True,10,0,0,367.2439866065979,563.159649848938,26.5864275932312,367.2439866065979,completed
1069.066422,10,26.057532,1.0,True,10,0,0,390.8593204021454,553.5307631492615,11.376707315444946,390.8593204021454,completed
210.685022,10,26.065269,1.0,True,10,0,0,532.8674502372742,743.8911619186401,39.5657114982605,532.8674502372742,completed
531.880923,10,26.072647,1.0,True,10,0,0,475.41096687316895,698.229455947876,27.741004753112794,475.41096687316895,completed
760.772731,10,26.080035,1.0,True,10,0,0,531.0559577941895,673.1577835083008,17.25600662231445,531.0559577941895,completed
765.724702,10,26.087377,1.0,True,10,0,0,372.89216232299805,551.7742156982422,27.17941818237305,372.89216232299805,completed
945.92427,10,26.09513,1.0,True,10,0,0,456.4501667022705,521.820930480957,16.060130310058593,456.4501667022705,completed
927.507906,10,26.102533,1.0,True,10,0,0,468.6450595855713,532.9971981048584,16.000407028198243,468.6450595855713,completed
484.899152,10,26.110082,1.0,True,10,0,0,571.871696472168,663.5749130249023,29.102271270751952,571.871696472168,completed
395.341939,10,26.117662,1.0,True,10,0,0,465.70690536499023,661.0646648406982,34.40313930511475,465.70690536499023,completed
749.079898,10,26.125027,1.0,True,10,0,0,554.9295282363892,657.3859596252441,16.74189147949219,554.9295282363892,completed
189.052178,10,26.13279,1.0,True,10,0,0,665.7533111572266,860.9451370239258,28.97280921936035,665.7533111572266,completed
1165.128119,10,26.14032,1.0,True,10,0,0,387.40177059173584,480.4228506088257,11.948284149169922,387.40177059173584,completed
841.648081,10,26.147808,1.0,True,10,0,0,508.4071521759033,690.9848327636719,11.661215591430665,508.4071521759033,completed
822.335772,10,26.154957,1.0,True,10,0,0,406.52852296829224,646.7443585395813,18.116415977478027,406.52852296829224,completed
223.013415,10,26.162682,1.0,True,10,0,0,652.4889373779297,909.6254501342773,26.24526138305664,652.4889373779297,completed
427.08567,10,26.17046,1.0,True,10,0,0,441.4033794403076,618.6917552947998,35.875568580627444,441.4033794403076,completed
-117.196985,10,26.177457,1.0,True,10,0,0,643.5757541656494,838.9084587097168,46.162611389160155,643.5757541656494,completed
914.991636,10,26.1854,1.0,True,10,0,0,499.31080436706543,618.7710494995117,14.73868637084961,499.31080436706543,completed
793.665705,10,26.193159,1.0,True,10,0,0,490.504638671875,559.3164253234863,20.589172172546387,490.504638671875,completed
458.254947,10,26.200325,1.0,True,10,0,0,440.72972106933594,668.2684879302979,34.11059417724609,440.72972106933594,completed
701.746133,10,26.207907,1.0,True,10,0,0,414.7329397201538,520.6718883514404,27.08375129699707,414.7329397201538,completed
235.124695,10,26.21579,1.0,True,10,0,0,562.0614190101624,844.614471912384,31.928126716613768,562.0614190101624,completed
-184.235135,10,26.223189,1.0,True,10,0,0,661.6553382873535,984.7124443054199,39.702912139892575,661.6553382873535,completed
173.133708,10,26.230699,1.0,True,10,0,0,662.1811866760254,760.9040565490723,32.878155899047854,662.1811866760254,completed
346.838543,10,26.238432,1.0,True,10,0,0,592.0004034042358,952.1809520721436,18.278108406066895,592.0004034042358,completed
163.265463,10,26.245554,1.0,True,10,0,0,667.5047855377197,862.5915451049805,27.61904830932617,667.5047855377197,completed
559.756967,10,26.253204,1.0,True,10,0,0,466.28120136260986,713.0767135620117,23.304496383666994,466.28120136260986,completed
509.91593,10,26.260849,1.0,True,10,0,0,442.35256576538086,627.1127624511719,32.49242458343506,442.35256576538086,completed
1154.168017,10,26.268375,1.0,True,10,0,0,394.4029359817505,480.13488578796387,9.802092361450196,394.4029359817505,completed
247.637624,10,26.275929,1.0,True,10,0,0,587.660587310791,768.216194152832,32.236410522460936,587.660587310791,completed
639.402737,10,26.282896,1.0,True,10,0,0,480.8207206726074,673.4789505004883,22.31389923095703,480.8207206726074,completed
828.480326,10,26.290105,1.0,True,10,0,0,451.96650409698486,629.8888568878174,17.373101425170898,451.96650409698486,completed
1007.843947,10,26.297832,1.0,True,10,0,0,334.5534973144531,495.0758399963379,19.34202651977539,334.5534973144531,completed
713.310475,10,26.305378,1.0,True,10,0,0,343.01410579681396,560.4529609680176,28.969140243530273,343.01410579681396,completed
756.157965,10,26.312555,1.0,True,10,0,0,460.9205684661865,611.2324714660645,22.996698760986327,460.9205684661865,completed
484.072345,10,26.320235,1.0,True,10,0,0,451.41963386535645,653.0966186523438,29.58347969055176,451.41963386535645,completed
92.866867,10,26.327979,1.0,True,10,0,0,662.7071185112,801.7654910087585,37.128341102600096,662.7071185112,completed
677.709508,10,26.339592,1.0,True,10,0,0,459.9357223510742,545.7181434631348,25.551955032348634,459.9357223510742,completed
643.956508,10,26.34753,1.0,True,10,0,0,576.2814493179321,647.3262424468994,23.160787773132324,576.2814493179321,completed
649.188059,10,26.35501,1.0,True,10,0,0,457.84589672088623,608.6852073669434,26.077533721923828,457.84589672088623,completed
969.416723,10,26.362429,1.0,True,10,0,0,393.064640045166,449.42835807800293,19.518664932250978,393.064640045166,completed
984.519924,10,26.370007,1.0,True,10,0,0,477.5577802658081,661.4672508239746,8.316571617126465,477.5577802658081,completed
1556.602138,10,26.378674,1.0,True,10,0,0,335.79713344573975,362.704137802124,2.897251510620117,335.79713344573975,completed
1457.430961,10,26.387693,1.0,True,10,0,0,314.148574590683,356.16316294670105,6.365020751953125,314.148574590683,completed
557.058565,10,26.395281,1.0,True,10,0,0,524.9590492248535,767.299259185791,19.94684100151062,524.9590492248535,completed
826.404438,10,26.403301,1.0,True,10,0,0,493.2884531021118,560.9688014984131,18.777840423583985,493.2884531021118,completed
796.047975,10,26.410876,1.0,True,10,0,0,406.2905464172363,554.0408401489258,23.28663864135742,406.2905464172363,completed
1255.402988,10,26.418755,1.0,True,10,0,0,455.20906257629395,464.19826316833496,7.542674255371094,455.20906257629395,completed
144.322581,10,26.426007,1.0,True,10,0,0,503.5031089782715,740.6773300170898,38.941524505615234,503.5031089782715,completed
755.776926,10,26.43366,1.0,True,10,0,0,481.2275114059448,640.0306167602539,18.322644424438476,481.2275114059448,completed
752.057389,10,26.441713,1.0,True,10,0,0,541.5304698944092,743.1817684173584,11.026219177246094,541.5304698944092,completed
575.170751,10,26.449832,1.0,True,10,0,0,571.1492671966553,637.4724178314209,23.546001434326172,571.1492671966553,completed
741.538329,10,26.464657,1.0,True,10,0,0,468.0628924369812,600.8194990158081,20.336124324798583,468.0628924369812,completed
790.323928,10,26.477057,1.0,True,10,0,0,455.06315517425537,567.377363204956,20.12615394592285,455.06315517425537,completed
66.398549,10,26.486127,1.0,True,10,0,0,650.5177936553955,825.681619644165,36.25204963684082,650.5177936553955,completed
825.638193,10,26.494335,1.0,True,10,0,0,460.41115856170654,558.5034351348877,21.188066673278808,460.41115856170654,completed
492.223939,10,26.501837,1.0,True,10,0,0,531.3130874633789,709.3305931091309,22.436227798461914,531.3130874633789,completed
1100.204158,10,26.509559,1.0,True,10,0,0,449.0339231491089,463.45201110839844,14.2789137840271,449.0339231491089,completed
1078.070938,10,26.517631,1.0,True,10,0,0,379.63487815856934,510.02413177490234,13.656079483032226,379.63487815856934,completed
586.799217,10,26.525786,1.0,True,10,0,0,478.9261088371277,658.5217924118042,27.07355728149414,478.9261088371277,completed
314.040229,10,26.533353,1.0,True,10,0,0,554.7173652648926,781.9153137207031,30.401125335693358,554.7173652648926,completed
991.24688,10,26.541106,1.0,True,10,0,0,491.7423610687256,570.2297077178955,10.072751235961913,491.7423610687256,completed
1224.881711,10,26.548751,1.0,True,10,0,0,361.18729734420776,534.553708076477,8.019841575622559,361.18729734420776,completed
1127.214375,10,26.55668,1.0,True,10,0,0,379.26845264434814,516.3708438873291,10.860831260681152,379.26845264434814,completed
764.410584,10,26.564421,1.0,True,10,0,0,454.3286933898926,644.2619438171387,19.715203094482423,454.3286933898926,completed
464.037785,10,26.572338,1.0,True,10,0,0,518.2290735244751,683.030439376831,29.43456439971924,518.2290735244751,completed
639.516077,10,26.588448,1.0,True,10,0,0,473.2178592681885,703.7837066650391,17.119556522369386,473.2178592681885,completed
-196.023181,10,26.598288,1.0,True,10,0,0,554.3180084228516,772.0169372558594,53.960687255859376,554.3180084228516,completed
614.77782,10,26.605754,1.0,True,10,0,0,533.7637491226196,658.0199451446533,22.807099533081054,533.7637491226196,completed
1033.469842,10,26.613575,1.0,True,10,0,0,401.76114654541016,592.3620338439941,11.94376163482666,401.76114654541016,completed
-123.088894,10,26.621849,1.0,True,10,0,0,569.6430892944336,906.0691909790039,43.73134651184082,569.6430892944336,completed
404.957433,10,26.629402,1.0,True,10,0,0,471.286283493042,699.2840156555176,31.652919006347656,471.286283493042,completed
829.661937,10,26.638831,1.0,True,10,0,0,418.76544857025146,557.009313583374,19.81842746734619,418.76544857025146,completed
821.457147,10,26.64685,1.0,True,10,0,0,364.61660957336426,548.2662124633789,24.834002685546874,364.61660957336426,completed
629.206091,10,26.654478,1.0,True,10,0,0,546.5165519714355,580.8584785461426,25.94698257446289,546.5165519714355,completed
447.236582,10,26.661989,1.0,True,10,0,0,605.4824161529541,677.6259021759033,26.704273796081544,605.4824161529541,completed
579.883134,10,26.669504,1.0,True,10,0,0,558.1021819114685,692.6062903404236,21.91943187713623,558.1021819114685,completed
624.868742,10,26.676813,1.0,True,10,0,0,445.520583152771,631.9886493682861,26.38156967163086,445.520583152771,completed
1144.449648,10,26.684419,1.0,True,10,0,0,380.24996280670166,493.0547094345093,13.752009677886964,380.24996280670166,completed
129.49805,10,26.691549,1.0,True,10,0,0,541.658561706543,899.2523193359375,32.31646308898926,541.658561706543,completed
576.597861,10,26.699196,1.0,True,10,0,0,471.0177116394043,682.5329666137695,25.250262451171874,471.0177116394043,completed
389.541894,10,26.707177,1.0,True,10,0,0,534.9207248687744,640.4661445617676,32.49964561462402,534.9207248687744,completed
447.509633,10,26.714629,1.0,True,10,0,0,542.7304668426514,719.315128326416,28.78027229309082,542.7304668426514,completed
588.481203,10,26.722327,1.0,True,10,0,0,576.3124103546143,757.3094673156738,18.634546852111818,576.3124103546143,completed
-173.035029,10,26.730402,1.0,True,10,0,0,693.617618560791,903.4283599853516,41.4046630859375,693.617618560791,completed
934.009699,10,26.737851,1.0,True,10,0,0,379.0788617134094,454.4497232437134,21.43241443634033,379.0788617134094,completed
543.682856,10,26.745409,1.0,True,10,0,0,588.7348079681396,695.9749774932861,23.875189208984374,588.7348079681396,completed
661.050603,10,26.753336,1.0,True,10,0,0,484.91089820861816,593.5116691589355,23.0070011138916,484.91089820861816,completed
16.950781,10,26.760727,1.0,True,10,0,0,588.9707012176514,879.4307746887207,36.36464729309082,588.9707012176514,completed
752.882993,10,26.768036,1.0,True,10,0,0,436.74196434020996,626.2911968231201,21.807575607299803,436.74196434020996,completed
4.337996,10,26.775768,1.0,True,10,0,0,528.8081078529358,733.1432819366455,46.84597644805908,528.8081078529358,completed
621.174737,10,26.78332,1.0,True,10,0,0,520.6380701065063,596.7343349456787,25.001732635498048,520.6380701065063,completed
844.803048,10,26.79097,1.0,True,10,0,0,393.68203926086426,668.9500885009766,17.407131576538085,393.68203926086426,completed
623.221343,10,26.798531,1.0,True,10,0,0,589.0030908584595,766.5566825866699,16.008222579956055,589.0030908584595,completed
781.132885,10,26.805834,1.0,True,10,0,0,472.24452018737793,524.9650974273682,22.402939796447754,472.24452018737793,completed
1066.268333,10,26.813263,1.0,True,10,0,0,418.84065103530884,546.266640663147,11.076698589324952,418.84065103530884,completed
532.356039,10,26.82122,1.0,True,10,0,0,383.2539882659912,676.6766166687012,29.167364501953124,383.2539882659912,completed
566.042518,10,26.828995,1.0,True,10,0,0,558.4021968841553,648.5424213409424,23.775975036621094,558.4021968841553,completed
733.175406,10,26.842017,1.0,True,10,0,0,474.61496353149414,554.7596855163574,24.340998077392577,474.61496353149414,completed
556.797909,10,26.850929,1.0,True,10,0,0,439.9114360809326,643.1708068847656,28.088367080688478,439.9114360809326,completed
45.576326,10,26.860164,1.0,True,10,0,0,688.4476661682129,807.8096313476562,38.3882239818573,688.4476661682129,completed
462.793942,10,26.869508,1.0,True,10,0,0,517.4098844528198,579.8363752365112,32.69700574874878,517.4098844528198,completed
1447.995084,10,26.879476,1.0,True,10,0,0,332.8199644088745,391.598783493042,5.5777137756347654,332.8199644088745,completed
1078.491604,10,26.887385,1.0,True,10,0,0,336.8530578613281,515.8618793487549,15.847424697875976,336.8530578613281,completed
263.63002,10,26.894829,1.0,True,10,0,0,574.3612098693848,745.3788890838623,34.34182381629944,574.3612098693848,completed
303.288562,10,26.902491,1.0,True,10,0,0,603.3362846374512,801.1004638671875,29.674957847595216,603.3362846374512,completed
803.840571,10,26.909876,1.0,True,10,0,0,478.3976984024048,616.4756412506104,19.79988021850586,478.3976984024048,completed
210.920584,10,26.917281,1.0,True,10,0,0,685.6135940551758,815.7848052978516,28.51739869117737,685.6135940551758,completed
97.520174,10,26.925701,1.0,True,10,0,0,504.96364307403564,772.3004741668701,41.998555946350095,504.96364307403564,completed
483.349974,10,26.934943,1.0,True,10,0,0,501.2413845062256,811.2196006774902,21.928181743621828,501.2413845062256,completed
-292.104804,10,26.942997,1.0,True,10,0,0,739.8465232849121,868.7303581237793,45.37967481613159,739.8465232849121,completed
672.895892,10,26.950562,1.0,True,10,0,0,493.3412113189697,592.4413414001465,24.720695304870606,493.3412113189697,completed
10.081906,10,26.95804,1.0,True,10,0,0,489.1781635284424,796.0704021453857,44.28668766021728,489.1781635284424,completed
780.363067,10,26.965529,1.0,True,10,0,0,399.6089811325073,534.1515855789185,22.865240001678465,399.6089811325073,completed
133.878232,10,26.972844,1.0,True,10,0,0,543.6843547821045,850.8072719573975,34.70115780830383,543.6843547821045,completed
-217.778419,10,26.98026,1.0,True,10,0,0,671.1813306808472,941.9681949615479,43.44523029327392,671.1813306808472,completed
1099.34677,10,26.98859,1.0,True,10,0,0,328.23212295770645,491.08009827136993,13.926292419433594,328.23212295770645,completed
468.041271,10,26.996979,1.0,True,10,0,0,470.09823417663574,761.0380973815918,28.887894058227538,470.09823417663574,completed
567.87653,10,27.005134,1.0,True,10,0,0,588.5984272956848,774.8732380867004,15.830192565917969,588.5984272956848,completed
236.786875,10,27.013812,1.0,True,10,0,0,562.4295787811279,732.3097534179688,35.51073246002197,562.4295787811279,completed
859.62202,10,27.0214,1.0,True,10,0,0,400.7052936553955,605.8266448974609,18.677274703979492,400.7052936553955,completed
529.844714,10,28.385764,1.0,True,10,0,0,547.5533237457275,916.4525680541992,13.676273345947266,547.5533237457275,completed
873.153725,10,28.394617,1.0,True,10,0,0,468.31489992141724,592.5288677215576,15.453779029846192,468.31489992141724,completed
401.473447,10,28.403242,1.0,True,10,0,0,476.9706974029541,640.8535099029541,34.870263671875,476.9706974029541,completed
52.710611,10,28.411663,1.0,True,10,0,0,601.0414381027222,989.9658260345459,29.385105895996094,601.0414381027222,completed
520.318876,10,28.421363,1.0,True,10,0,0,573.6440143585205,646.0954723358154,25.739484786987305,573.6440143585205,completed
1036.239778,10,28.430013,1.0,True,10,0,0,412.4698085784912,459.9472370147705,16.266818809509278,412.4698085784912,completed
810.313555,10,28.43852,1.0,True,10,0,0,499.3581943511963,623.4024829864502,17.216439867019652,499.3581943511963,completed
-269.186325,10,28.448161,1.0,True,10,0,0,534.2919521331787,816.3695297241211,55.78023357391358,534.2919521331787,completed
-118.221302,10,28.457448,1.0,True,10,0,0,637.397497177124,829.0555515289307,45.69108486175537,637.397497177124,completed
1081.292467,10,28.465977,1.0,True,10,0,0,326.7777347564697,480.10470962524414,15.476285552978515,326.7777347564697,completed
445.772135,10,28.474632,1.0,True,10,0,0,556.1459655761719,664.1205291748047,27.750385189056395,556.1459655761719,completed
925.029019,10,28.482941,1.0,True,10,0,0,539.4256038665771,762.0965003967285,5.150473403930664,539.4256038665771,completed
11.056379,10,28.491045,1.0,True,10,0,0,707.0846481323242,777.3964614868164,38.727836227416994,707.0846481323242,completed
526.893057,10,28.499392,1.0,True,10,0,0,402.04687881469727,583.6340408325195,35.24406852722168,402.04687881469727,completed
1146.203916,10,28.507816,1.0,True,10,0,0,426.4110288619995,529.9556970596313,8.999909973144531,426.4110288619995,completed
138.133625,10,28.51612,1.0,True,10,0,0,643.5878524780273,804.0241851806641,35.31435298919678,643.5878524780273,completed
951.227869,10,28.524303,1.0,True,10,0,0,400.61546897888184,633.3814125061035,13.834164810180663,400.61546897888184,completed
1038.299698,10,28.532545,1.0,True,10,0,0,354.7975673675537,454.03739166259766,18.219031524658202,354.7975673675537,completed
471.717475,10,28.540466,1.0,True,10,0,0,499.96324348449707,630.8564834594727,32.46812233924866,499.96324348449707,completed
99.539737,10,28.548696,1.0,True,10,0,0,556.307746887207,755.4868812561035,41.28200225830078,556.307746887207,completed
4.199571,10,28.556903,1.0,True,10,0,0,663.6423492431641,879.7370414733887,35.99521369934082,663.6423492431641,completed
955.525395,10,28.564855,1.0,True,10,0,0,486.87323570251465,548.9694156646729,15.674215316772461,486.87323570251465,completed
225.577846,10,28.573375,1.0,True,10,0,0,446.03824043273926,718.9673652648926,40.296755409240724,446.03824043273926,completed
644.063193,10,28.581798,1.0,True,10,0,0,556.3089561462402,843.2663497924805,12.977922439575195,556.3089561462402,completed
365.324508,10,28.590169,1.0,True,10,0,0,520.555965423584,748.8602256774902,30.679783248901366,520.555965423584,completed
349.484014,10,28.598569,1.0,True,10,0,0,516.5118198394775,708.4015483856201,32.568359565734866,516.5118198394775,completed
819.571765,10,28.606707,1.0,True,10,0,0,447.5822525024414,508.50889587402344,22.12595491409302,447.5822525024414,completed
336.693895,10,28.616081,1.0,True,10,0,0,592.7538228034973,709.3574686050415,30.86802978515625,592.7538228034973,completed
348.081973,10,28.625853,1.0,True,10,0,0,611.069995880127,650.0569763183594,30.51066780090332,611.069995880127,completed
-109.051186,10,28.636284,1.0,True,10,0,0,713.7488813400269,921.4203901290894,36.611971378326416,713.7488813400269,completed
438.001396,10,28.646429,1.0,True,10,0,0,618.2546129226685,727.6533355712891,24.031358337402345,618.2546129226685,completed
400.620854,10,28.659926,1.0,True,10,0,0,497.15441703796387,826.4815883636475,24.097837448120117,497.15441703796387,completed
1258.306124,10,28.670788,1.0,True,10,0,0,343.0166187286377,496.55682373046875,6.48356990814209,343.0166187286377,completed
942.102994,10,28.682912,1.0,True,10,0,0,349.4056930541992,516.4988918304443,22.255240440368652,349.4056930541992,completed
1111.958948,10,28.69294,1.0,True,10,0,0,388.6534261703491,476.352876663208,14.793041610717774,388.6534261703491,completed
695.927903,10,28.704214,1.0,True,10,0,0,406.0098352432251,565.8479862213135,25.15167055130005,406.0098352432251,completed
243.109436,10,28.713957,1.0,True,10,0,0,648.7025032043457,747.9668998718262,32.99527359008789,648.7025032043457,completed
265.010409,10,28.723218,1.0,True,10,0,0,631.7274131774902,720.5149593353271,31.419334411621094,631.7274131774902,completed
-98.927908,10,28.732902,1.0,True,10,0,0,618.2918338775635,855.8555488586426,41.325585174560544,618.2918338775635,completed
240.129467,10,28.742527,1.0,True,10,0,0,669.3594999313354,807.0955448150635,30.522486686706543,669.3594999313354,completed
371.972158,10,28.752038,1.0,True,10,0,0,550.295238494873,679.8935127258301,29.498391723632814,550.295238494873,completed
-84.788994,10,28.760947,1.0,True,10,0,0,665.7421054840088,781.3838405609131,45.79107532501221,665.7421054840088,completed
743.390094,10,28.769683,1.0,True,10,0,0,452.412109375,563.4018688201904,22.771029233932495,452.412109375,completed
1240.818307,10,28.777993,1.0,True,10,0,0,396.19231605529785,421.6988945007324,8.629875946044923,396.19231605529785,completed
420.337189,10,28.787169,1.0,True,10,0,0,528.6498546600342,674.5131320953369,31.775422668457033,528.6498546600342,completed
991.896309,10,28.795907,1.0,True,10,0,0,424.341778755188,528.4362144470215,15.610939407348633,424.341778755188,completed
542.975166,10,28.804912,1.0,True,10,0,0,479.10472297668457,697.4904251098633,24.61612663269043,479.10472297668457,completed
913.359533,10,28.81487,1.0,True,10,0,0,425.8217258453369,665.0816879272461,10.727878761291503,425.8217258453369,completed
521.791354,10,28.824761,1.0,True,10,0,0,559.368260383606,664.053186416626,25.10645923614502,559.368260383606,completed
706.427062,10,28.834335,1.0,True,10,0,0,521.1213874816895,645.4269485473633,21.796523094177246,521.1213874816895,completed
614.963683,10,28.848009,1.0,True,10,0,0,565.8193817138672,732.9317779541016,16.46598663330078,565.8193817138672,completed
1194.109305,10,28.857294,1.0,True,10,0,0,381.1801290512085,460.93149757385254,11.75789852142334,381.1801290512085,completed
990.614703,10,28.866124,1.0,True,10,0,0,406.2828392982483,649.1860966682434,10.825544357299805,406.2828392982483,completed
305.960756,10,28.87619,1.0,True,10,0,0,577.9580955505371,746.1321239471436,29.575952529907227,577.9580955505371,completed
-39.142151,10,28.887031,1.0,True,10,0,0,478.7126941680908,806.1567058563232,49.00710792541504,478.7126941680908,completed
28.755169,10,28.896415,1.0,True,10,0,0,588.0078268051147,734.6904125213623,42.51403408050537,588.0078268051147,completed
687.16469,10,28.907898,1.0,True,10,0,0,478.8916835784912,588.1568546295166,25.926387977600097,478.8916835784912,completed
563.255776,10,28.917754,1.0,True,10,0,0,557.2009592056274,692.7608795166016,22.769334030151366,557.2009592056274,completed
680.588614,10,28.927029,1.0,True,10,0,0,451.8742094039917,707.8230314254761,20.484076309204102,451.8742094039917,completed
751.930945,10,28.936003,1.0,True,10,0,0,531.4111375808716,730.6585712432861,14.524897193908691,531.4111375808716,completed
642.104963,10,28.944339,1.0,True,10,0,0,497.38848972320557,605.5050191879272,25.42032108306885,497.38848972320557,completed
471.015269,10,28.953377,1.0,True,10,0,0,511.00610160827637,730.787281036377,25.425753021240233,511.00610160827637,completed
823.652873,10,28.962299,1.0,True,10,0,0,539.4783916473389,559.9878177642822,17.58367462158203,539.4783916473389,completed
574.858265,10,28.971107,1.0,True,10,0,0,513.5077209472656,740.3256721496582,23.383943176269533,513.5077209472656,completed
994.42584,10,28.979647,1.0,True,10,0,0,356.06578826904297,462.6660051345825,19.90010404586792,356.06578826904297,completed
735.682933,10,28.988449,1.0,True,10,0,0,441.75153255462646,704.2769412994385,18.22807559967041,441.75153255462646,completed
530.020438,10,28.996393,1.0,True,10,0,0,580.7451686859131,650.9879283905029,24.77228698730469,580.7451686859131,completed
860.24495,10,29.005315,1.0,True,10,0,0,441.0723285675049,557.6982498168945,20.08217887878418,441.0723285675049,completed
994.167477,10,29.013791,1.0,True,10,0,0,459.7631721496582,459.7631721496582,16.96175651550293,459.7631721496582,completed
518.804419,10,29.022628,1.0,True,10,0,0,505.89123249053955,754.0367527008057,24.41102066040039,505.89123249053955,completed
635.452518,10,29.032031,1.0,True,10,0,0,558.4547986984253,715.4641246795654,17.87320327758789,558.4547986984253,completed
747.972858,10,29.044884,1.0,True,10,0,0,462.5779209136963,572.2435417175293,21.750624656677246,462.5779209136963,completed
236.099907,10,29.055041,1.0,True,10,0,0,625.4038524627686,803.8161449432373,29.723001098632814,625.4038524627686,completed
1038.070499,10,29.063975,1.0,True,10,0,0,458.32608222961426,564.5059814453125,10.29886360168457,458.32608222961426,completed
809.997738,10,29.073153,1.0,True,10,0,0,493.48673248291016,573.4433517456055,18.90612678527832,493.48673248291016,completed
-237.318179,10,29.081702,1.0,True,10,0,0,642.305721282959,928.7979583740234,43.51284961700439,642.305721282959,completed
615.947558,10,29.090164,1.0,True,10,0,0,352.0878601074219,641.7800674438477,29.092082595825197,352.0878601074219,completed
561.021419,10,29.102311,1.0,True,10,0,0,513.3876075744629,765.1568412780762,21.463674545288086,513.3876075744629,completed
732.733711,10,29.110883,1.0,True,10,0,0,536.1085815429688,764.6765823364258,12.222844982147217,536.1085815429688,completed
479.277515,10,29.119569,1.0,True,10,0,0,526.8710765838623,709.4314546585083,26.96126194000244,526.8710765838623,completed
622.029169,10,29.128456,1.0,True,10,0,0,529.8754596710205,644.9742298126221,23.278695106506348,529.8754596710205,completed
719.743997,10,29.137133,1.0,True,10,0,0,506.3737621307373,641.2997283935547,21.80010223388672,506.3737621307373,completed
370.052563,10,29.145447,1.0,True,10,0,0,566.6246318817139,788.7458400726318,25.617611694335938,566.6246318817139,completed
389.398785,10,29.153611,1.0,True,10,0,0,475.84423446655273,750.7784214019775,33.21192054748535,475.84423446655273,completed
-137.049294,10,29.161862,1.0,True,10,0,0,633.9988045692444,910.3896417617798,43.511070251464844,633.9988045692444,completed
772.904938,10,29.170119,1.0,True,10,0,0,430.3163843154907,505.3774404525757,23.899502325057984,430.3163843154907,completed
1184.767146,10,29.179432,1.0,True,10,0,0,415.6530475616455,415.6530475616455,13.681133651733399,415.6530475616455,completed
502.635686,10,29.189841,1.0,True,10,0,0,454.128454208374,700.5315265655518,28.46512813568115,454.128454208374,completed
417.766049,10,29.199415,1.0,True,10,0,0,558.4839420318604,727.6535110473633,28.086236190795898,558.4839420318604,completed
897.545861,10,29.208565,1.0,True,10,0,0,447.58710956573486,589.1579809188843,16.291404724121094,447.58710956573486,completed
-673.315934,10,29.218281,1.0,True,10,0,0,869.5731601715088,1081.7396278381348,52.58292236328125,869.5731601715088,completed
886.987807,10,29.22795,1.0,True,10,0,0,539.370059967041,579.366081237793,15.854373359680176,539.370059967041,completed
971.213389,10,29.238493,1.0,True,10,0,0,487.7326955795288,647.7953386306763,8.178606033325195,487.7326955795288,completed
625.196619,10,29.247612,1.0,True,10,0,0,518.1276712417603,565.6308031082153,26.58664474487305,518.1276712417603,completed
555.237289,10,29.25647,1.0,True,10,0,0,514.2169170379639,696.9015064239502,24.23204517364502,514.2169170379639,completed
893.892158,10,29.265659,1.0,True,10,0,0,445.92234230041504,493.48609352111816,21.785986709594727,445.92234230041504,completed
291.85543,10,29.27502,1.0,True,10,0,0,571.2475757598877,978.7950325012207,21.436074447631835,571.2475757598877,completed
626.822271,10,29.283463,1.0,True,10,0,0,505.7088975906372,699.9330816268921,20.74130001068115,505.7088975906372,completed
1089.631458,10,29.291928,1.0,True,10,0,0,448.9130668640137,595.4237117767334,7.552730941772461,448.9130668640137,completed
1275.920752,10,29.300796,1.0,True,10,0,0,409.3443121910095,477.2548785209656,7.174614715576172,409.3443121910095,completed
963.912816,10,29.308977,1.0,True,10,0,0,469.42587089538574,521.452823638916,14.791677761077882,469.42587089538574,completed
363.623657,10,29.318013,1.0,True,10,0,0,607.633207321167,684.7767944335938,29.177097225189208,607.633207321167,completed
414.721236,10,29.328003,1.0,True,10,0,0,632.4162712097168,658.5851058959961,28.569269227981568,632.4162712097168,completed
1139.858942,10,29.336447,1.0,True,10,0,0,406.4773941040039,464.30290031433105,12.276071548461914,406.4773941040039,completed
331.564026,10,29.351692,1.0,True,10,0,0,603.3142261505127,811.3856201171875,28.94616279602051,603.3142261505127,completed
24.2475,10,29.361302,1.0,True,10,0,0,580.529294013977,815.2110652923584,39.78513758182525,580.529294013977,completed
657.253835,10,29.370439,1.0,True,10,0,0,577.7017488479614,659.8436260223389,21.764856338500977,577.7017488479614,completed
764.611989,10,29.379046,1.0,True,10,0,0,413.332480430603,621.2114887237549,22.20279426574707,413.332480430603,completed
149.543298,10,29.387291,1.0,True,10,0,0,634.4692049026489,944.8444423675537,26.022314643859865,634.4692049026489,completed
338.946332,10,29.395897,1.0,True,10,0,0,487.7568778991699,677.1639938354492,38.17595739364624,487.7568778991699,completed
607.405198,10,29.405177,1.0,True,10,0,0,552.1932134628296,644.8771152496338,25.845702362060546,552.1932134628296,completed
589.191992,10,29.413725,1.0,True,10,0,0,539.0298805236816,567.7052803039551,27.64571359157562,539.0298805236816,completed
643.131115,10,29.424117,1.0,True,10,0,0,530.9624643325806,716.8209819793701,18.239416313171386,530.9624643325806,completed
65.986093,10,29.43342,1.0,True,10,0,0,472.0873165130615,712.7291564941406,45.337972259521486,472.0873165130615,completed
1356.477208,10,29.442921,1.0,True,10,0,0,381.9371347427368,412.17492485046387,8.798404693603516,381.9371347427368,completed
284.574694,10,29.451859,1.0,True,10,0,0,396.0159378051758,703.4067611694336,39.70341529846191,396.0159378051758,completed
-385.730681,10,29.46059,1.0,True,10,0,0,707.7523555755615,1036.5476760864258,44.29384119510651,707.7523555755615,completed
977.95508,10,29.47026,1.0,True,10,0,0,347.722620010376,513.8119316101074,19.41091117858887,347.722620010376,completed
669.524834,10,29.479874,1.0,True,10,0,0,414.8995189666748,615.8217277526855,25.956577682495116,414.8995189666748,completed
207.47016,10,29.489941,1.0,True,10,0,0,607.0564308166504,764.5206413269043,33.86616382598877,607.0564308166504,completed
519.551208,10,29.500451,1.0,True,10,0,0,478.35447120666504,568.9520244598389,34.12944412231445,478.35447120666504,completed
1091.729838,10,29.509325,1.0,True,10,0,0,459.11735343933105,613.9764614105225,7.37128210067749,459.11735343933105,completed
854.21987,10,29.519057,1.0,True,10,0,0,465.85004234313965,618.2925109863281,17.557417106628417,465.85004234313965,completed
650.884927,10,29.529424,1.0,True,10,0,0,516.789966583252,643.8541297912598,23.540077495574952,516.789966583252,completed
690.477433,10,29.539284,1.0,True,10,0,0,510.2295227050781,701.9035720825195,18.564546203613283,510.2295227050781,completed
1097.639605,10,29.548572,1.0,True,10,0,0,412.8467345237732,443.6195192337036,15.333544158935547,412.8467345237732,completed
853.827251,10,29.557096,1.0,True,10,0,0,490.34831619262695,622.7802333831787,15.345275115966796,490.34831619262695,completed
924.653193,10,29.56528,1.0,True,10,0,0,438.46791076660156,544.5451641082764,17.66331901550293,438.46791076660156,completed
1034.574086,10,29.574443,1.0,True,10,0,0,458.79048919677734,563.5180625915527,11.764087581634522,458.79048919677734,completed
995.620648,10,29.583213,1.0,True,10,0,0,537.0632128715515,622.0846400260925,8.142416000366211,537.0632128715515,completed
751.746655,10,29.592099,1.0,True,10,0,0,488.62151527404785,628.85302734375,17.667105293273927,488.62151527404785,completed
673.62631,10,29.603821,1.0,True,10,0,0,628.0277061462402,743.1246604919434,14.855996990203858,628.0277061462402,completed
817.449644,10,29.612536,1.0,True,10,0,0,436.610595703125,541.8661766052246,23.226560211181642,436.610595703125,completed
208.738569,10,29.621666,1.0,True,10,0,0,538.1549911499023,795.5395107269287,35.4137487411499,538.1549911499023,completed
732.771051,10,29.63068,1.0,True,10,0,0,447.6741256713867,591.8378448486328,23.130142211914062,447.6741256713867,completed
798.980791,10,29.639995,1.0,True,10,0,0,468.61654472351074,596.5759010314941,20.18078956604004,468.61654472351074,completed
564.050871,10,29.650131,1.0,True,10,0,0,501.0718445777893,591.2082109451294,31.24884948730469,501.0718445777893,completed
931.230052,10,29.659693,1.0,True,10,0,0,428.25597953796387,619.0158424377441,14.794946670532227,428.25597953796387,completed
1169.952948,10,29.668899,1.0,True,10,0,0,344.6190986633301,517.1403121948242,10.971062469482423,344.6190986633301,completed
768.080428,10,29.677928,1.0,True,10,0,0,482.61689376831055,598.6850738525391,21.189792728424074,482.61689376831055,completed
386.310495,10,29.687872,1.0,True,10,0,0,612.7500972747803,824.1233291625977,23.975189208984375,612.7500972747803,completed
-44.243722,10,29.69772,1.0,True,10,0,0,604.0473728179932,857.7348051071167,43.91535062789917,604.0473728179932,completed
679.054644,10,29.70732,1.0,True,10,0,0,544.9001064300537,705.1448211669922,16.667299461364745,544.9001064300537,completed
919.349613,10,29.716564,1.0,True,10,0,0,422.85595321655273,535.1441764831543,17.663911056518554,422.85595321655273,completed
179.333406,10,29.726133,1.0,True,10,0,0,550.0343787670135,747.8398699760437,36.65110549926758,550.0343787670135,completed
372.934679,10,29.735883,1.0,True,10,0,0,418.7496871948242,624.4034118652344,37.698587799072264,418.7496871948242,completed
1228.937304,10,29.745855,1.0,True,10,0,0,379.86125802993774,448.6471128463745,10.731705856323241,379.86125802993774,completed
614.286106,10,29.755472,1.0,True,10,0,0,501.5124282836914,682.7162818908691,22.440926361083985,501.5124282836914,completed
706.017662,10,29.764166,1.0,True,10,0,0,467.6795094013214,563.85493516922,25.406710195541383,467.6795094013214,completed
347.591732,10,29.773573,1.0,True,10,0,0,497.8404779434204,709.7654361724854,34.39810009002686,497.8404779434204,completed
-700.734361,10,29.782042,1.0,True,10,0,0,741.2661762237549,960.7704334259033,63.206358909606934,741.2661762237549,completed
826.174192,10,29.792065,1.0,True,10,0,0,448.00852966308594,520.6444053649902,22.365592193603515,448.00852966308594,completed
873.417732,10,29.80095,1.0,True,10,0,0,508.51899814605713,574.7107334136963,15.214453125,508.51899814605713,completed
301.05475,10,29.809426,1.0,True,10,0,0,579.1766910552979,743.9769744873047,31.153228187561034,579.1766910552979,completed
563.998961,10,29.818112,1.0,True,10,0,0,557.936559677124,728.0072765350342,23.271554946899414,557.936559677124,completed
467.369347,10,29.828183,1.0,True,10,0,0,552.2959442138672,622.5029830932617,27.824990272521973,552.2959442138672,completed
1139.420588,10,29.83778,1.0,True,10,0,0,433.5318670272827,487.76108741760254,11.44615478515625,433.5318670272827,completed
927.570749,10,29.904249,1.0,True,10,0,0,477.0537738800049,687.2270164489746,9.76236343383789,477.0537738800049,completed
662.453549,10,29.915584,1.0,True,10,0,0,415.8822994232178,573.7683906555176,28.5935920715332,415.8822994232178,completed
939.72211,10,29.924406,1.0,True,10,0,0,440.11050033569336,488.86280059814453,19.92312545776367,440.11050033569336,completed
456.500719,10,29.936197,1.0,True,10,0,0,605.3154973983765,814.6174602508545,19.961538791656494,605.3154973983765,completed
795.362383,10,29.945153,1.0,True,10,0,0,422.13039207458496,662.6274757385254,18.12345790863037,422.13039207458496,completed
476.121851,10,29.954597,1.0,True,10,0,0,558.1082992553711,656.2838439941406,26.605047035217286,558.1082992553711,completed
41.468906,10,29.963813,1.0,True,10,0,0,619.4076404571533,913.6211814880371,32.345160484313965,619.4076404571533,completed
478.50122,10,29.972078,1.0,True,10,0,0,538.4465885162354,700.7997589111328,27.127554607391357,538.4465885162354,completed
547.480949,10,29.980775,1.0,True,10,0,0,506.54144954681396,681.127631187439,25.717689323425294,506.54144954681396,completed
565.545092,10,29.990275,1.0,True,10,0,0,381.07525062561035,638.7135009765625,29.661245346069336,381.07525062561035,completed
-29.146892,10,29.999195,1.0,True,10,0,0,740.1728706359863,862.1649360656738,37.583087015151975,740.1728706359863,completed
885.212569,10,30.009295,1.0,True,10,0,0,339.29844093322754,487.35718154907227,23.25577335357666,339.29844093322754,completed
1020.643605,10,30.018004,1.0,True,10,0,0,358.3976058959961,528.6591529846191,14.889638137817382,358.3976058959961,completed
340.049089,10,30.027285,1.0,True,10,0,0,652.2304458618164,680.1313800811768,29.273406267166138,652.2304458618164,completed
624.217299,10,30.036437,1.0,True,10,0,0,607.2847537994385,685.0834503173828,19.891002655029297,607.2847537994385,completed
389.632021,10,30.046003,1.0,True,10,0,0,669.9218807220459,831.3318901062012,22.947488594055176,669.9218807220459,completed
811.260873,10,30.056091,1.0,True,10,0,0,473.135262966156,602.8399381637573,19.0867018699646,473.135262966156,completed
303.916041,10,30.064647,1.0,True,10,0,0,571.3405270576477,732.1308488845825,34.39678544998169,571.3405270576477,completed
416.941409,10,30.07366,1.0,True,10,0,0,498.66150188446045,638.4445705413818,33.57863311767578,498.66150188446045,completed
1022.114217,10,30.082249,1.0,True,10,0,0,389.96215438842773,491.96984481811523,15.887083053588867,389.96215438842773,completed
930.168848,10,30.09117,1.0,True,10,0,0,392.0633661746979,507.59151124954224,20.812123489379882,392.0633661746979,completed
732.116445,10,30.103737,1.0,True,10,0,0,466.6150894165039,586.226921081543,21.653244400024413,466.6150894165039,completed
829.514051,10,30.112975,1.0,True,10,0,0,478.16385555267334,599.6079225540161,16.950946044921874,478.16385555267334,completed
641.22617,10,30.121595,1.0,True,10,0,0,407.1478695869446,602.4554624557495,27.08920497894287,407.1478695869446,completed
517.326724,10,30.130129,1.0,True,10,0,0,566.1996269226074,710.4517440795898,22.572829055786134,566.1996269226074,completed
449.502745,10,30.139377,1.0,True,10,0,0,516.3263816833496,727.6837005615234,29.012467765808104,516.3263816833496,completed
773.119617,10,30.147727,1.0,True,10,0,0,428.97837829589844,583.8289928436279,23.364073181152342,428.97837829589844,completed
-591.412811,10,30.157368,1.0,True,10,0,0,732.7336864471436,1071.1485233306885,53.17546119689941,732.7336864471436,completed
-235.062852,10,30.166019,1.0,True,10,0,0,682.0609006881714,882.6343145370483,47.24642829895019,682.0609006881714,completed
18.802763,10,30.174774,1.0,True,10,0,0,588.2117471694946,809.9914455413818,41.3639799118042,588.2117471694946,completed
416.05872,10,30.18541,1.0,True,10,0,0,542.9520149230957,724.0054702758789,30.088202667236327,542.9520149230957,completed
683.986073,10,30.193972,1.0,True,10,0,0,444.29638290405273,611.9333591461182,24.565470123291014,444.29638290405273,completed
642.28504,10,30.202749,1.0,True,10,0,0,442.8859267234802,695.7310743331909,23.33396110534668,442.8859267234802,completed
245.896314,10,30.213912,1.0,True,10,0,0,517.9992237091064,762.8081493377686,35.9607593536377,517.9992237091064,completed
1365.136523,10,30.223473,1.0,True,10,0,0,382.41370010375977,407.9375009536743,8.584200286865235,382.41370010375977,completed
0.39921,10,30.232124,1.0,True,10,0,0,559.4764499664307,824.9862213134766,43.57150382995606,559.4764499664307,completed
260.706902,10,30.241793,1.0,True,10,0,0,594.087290763855,808.9500570297241,30.399783039093016,594.087290763855,completed
176.467389,10,30.250363,1.0,True,10,0,0,520.1061592102051,876.5121994018555,33.115274810791014,520.1061592102051,completed
304.661925,10,30.259503,1.0,True,10,0,0,483.19068908691406,734.6323127746582,35.61640586853027,483.19068908691406,completed
794.177059,10,30.268467,1.0,True,10,0,0,442.9262924194336,561.7030715942383,20.60968933105469,442.9262924194336,completed
839.481484,10,30.276945,1.0,True,10,0,0,456.52202320098877,608.0749835968018,17.88614101409912,456.52202320098877,completed
1150.659004,10,30.285809,1.0,True,10,0,0,377.023206949234,507.3031029701233,11.504682922363282,377.023206949234,completed
543.924219,10,30.295591,1.0,True,10,0,0,504.52236461639404,640.2084941864014,25.706650924682616,504.52236461639404,completed
1170.498107,10,30.305441,1.0,True,10,0,0,407.4227066040039,635.4551124572754,5.052382278442383,407.4227066040039,completed
926.806532,10,30.315458,1.0,True,10,0,0,437.74152755737305,556.6377105712891,16.912353515625,437.74152755737305,completed
112.778006,10,30.326115,1.0,True,10,0,0,517.3378982543945,816.4973335266113,38.43360939025879,517.3378982543945,completed
553.959803,10,30.335401,1.0,True,10,0,0,519.9953594207764,633.0497512817383,27.63441276550293,519.9953594207764,completed
556.407843,10,30.343676,1.0,True,10,0,0,605.0685806274414,785.6692905426025,17.81573944091797,605.0685806274414,completed
-399.408251,10,31.792862,1.0,True,10,0,0,877.70530128479,1294.968849182129,28.165966796875,877.70530128479,completed
420.088578,10,31.800805,1.0,True,10,0,0,508.7198877334595,785.6199131011963,25.024879264831544,508.7198877334595,completed
812.328814,10,31.808771,1.0,True,10,0,0,466.2904739379883,608.517204284668,17.676398849487306,466.2904739379883,completed
285.962566,10,31.816534,1.0,True,10,0,0,565.4224243164062,728.2216835021973,31.937006378173827,565.4224243164062,completed
421.407708,10,31.826359,1.0,True,10,0,0,645.0710754394531,763.6110496520996,24.578874588012695,645.0710754394531,completed
192.742199,10,31.835015,1.0,True,10,0,0,586.865969657898,802.370210647583,34.37654937505722,586.865969657898,completed
921.001123,10,31.843775,1.0,True,10,0,0,445.2249507904053,550.6191177368164,17.309143829345704,445.2249507904053,completed
120.014924,10,31.856965,1.0,True,10,0,0,621.3261518478394,710.0191984176636,39.55841331481933,621.3261518478394,completed
656.848505,10,31.865284,1.0,True,10,0,0,491.860387802124,630.3378639221191,23.483180618286134,491.860387802124,completed
1407.470437,10,31.874253,1.0,True,10,0,0,344.01021552085876,383.78156995773315,5.1981853485107425,344.01021552085876,completed
709.744783,10,31.881997,1.0,True,10,0,0,547.3417701721191,707.3456153869629,14.938498878479004,547.3417701721191,completed
631.322832,10,31.891196,1.0,True,10,0,0,485.6545968055725,664.228081703186,25.58167600631714,485.6545968055725,completed
861.883121,10,31.898955,1.0,True,10,0,0,494.73385429382324,725.5450325012207,9.158851528167725,494.73385429382324,completed
8.059274,10,31.906769,1.0,True,10,0,0,574.2875347137451,819.9552211761475,41.770873069763184,574.2875347137451,completed
786.334774,10,31.914975,1.0,True,10,0,0,395.5707473754883,546.2564506530762,24.522034072875975,395.5707473754883,completed
603.052796,10,31.923199,1.0,True,10,0,0,492.67341232299805,619.8059997558594,26.72782783508301,492.67341232299805,completed
1408.870572,10,31.931681,1.0,True,10,0,0,359.12667179107666,477.1195058822632,2.041098403930664,359.12667179107666,completed
560.517713,10,31.940864,1.0,True,10,0,0,517.6555919647217,648.2284240722656,27.791883277893067,517.6555919647217,completed
954.129224,10,31.948779,1.0,True,10,0,0,373.80799102783203,440.7431697845459,21.338424730300904,373.80799102783203,completed
683.273893,10,31.957258,1.0,True,10,0,0,465.4350891113281,601.1750831604004,23.308623123168946,465.4350891113281,completed
201.770565,10,31.967808,1.0,True,10,0,0,637.246904373169,890.8281135559082,28.79851837158203,637.246904373169,completed
496.617045,10,31.97755,1.0,True,10,0,0,522.8075904846191,745.9477863311768,21.707791805267334,522.8075904846191,completed
620.572897,10,31.986018,1.0,True,10,0,0,549.9096851348877,685.9788608551025,20.495227241516112,549.9096851348877,completed
815.15526,10,31.995245,1.0,True,10,0,0,428.70822525024414,608.5321674346924,19.91172103881836,428.70822525024414,completed
756.426614,10,32.003365,1.0,True,10,0,0,440.3834562301636,610.190052986145,21.15671272277832,440.3834562301636,completed
299.749922,10,32.010973,1.0,True,10,0,0,627.7417850494385,698.0361652374268,32.288261246681216,627.7417850494385,completed
-322.01878,10,32.018887,1.0,True,10,0,0,662.3958826065063,927.0466089248657,50.99149904251099,662.3958826065063,completed
697.464634,10,32.026439,1.0,True,10,0,0,581.7562255859375,618.2421684265137,20.670762252807616,581.7562255859375,completed
855.616883,10,32.034117,1.0,True,10,0,0,407.4723300933838,505.8493003845215,24.173274421691893,407.4723300933838,completed
855.287031,10,32.043088,1.0,True,10,0,0,393.4723434448242,567.3651027679443,21.22639751434326,393.4723434448242,completed
977.822221,10,32.050844,1.0,True,10,0,0,389.8846664428711,600.6109619140625,14.628746032714844,389.8846664428711,completed
680.632403,10,32.059401,1.0,True,10,0,0,472.5254020690918,662.1051368713379,21.12683525085449,472.5254020690918,completed
-11.898994,10,32.069549,1.0,True,10,0,0,639.8745880126953,806.7632904052734,40.27673110961914,639.8745880126953,completed
229.527901,10,32.080095,1.0,True,10,0,0,611.6054954528809,780.7467384338379,30.484369468688964,611.6054954528809,completed
262.005535,10,32.089311,1.0,True,10,0,0,588.7590637207031,880.6246376037598,26.552596282958984,588.7590637207031,completed
496.841799,10,32.097231,1.0,True,10,0,0,544.9491844177246,885.2336883544922,17.121581649780275,544.9491844177246,completed
1165.369242,10,32.111387,1.0,True,10,0,0,457.39042472839355,522.7043018341064,7.511088562011719,457.39042472839355,completed
1445.469304,10,32.120441,1.0,True,10,0,0,304.33155059814453,348.85535621643066,7.659543681144714,304.33155059814453,completed
-306.800401,10,32.128448,1.0,True,10,0,0,674.0223140716553,897.7529773712158,50.24293689727783,674.0223140716553,completed
508.703966,10,32.136391,1.0,True,10,0,0,575.5063931941986,691.5432696342468,26.264730072021486,575.5063931941986,completed
459.546405,10,32.145131,1.0,True,10,0,0,584.507700920105,676.9119892120361,28.007289314270018,584.507700920105,completed
-275.935558,10,32.153306,1.0,True,10,0,0,605.0928268432617,1046.4855346679688,43.83728866577148,605.0928268432617,completed
800.864939,10,32.162304,1.0,True,10,0,0,523.6759243011475,651.3140335083008,15.424203491210937,523.6759243011475,completed
90.263156,10,32.170506,1.0,True,10,0,0,486.75543212890625,803.5318374633789,38.689928197860716,486.75543212890625,completed
-24.204679,10,32.178177,1.0,True,10,0,0,664.0254096984863,897.2247772216797,37.692108917236325,664.0254096984863,completed
995.177889,10,32.186959,1.0,True,10,0,0,402.13371419906616,409.45592403411865,20.1570182800293,402.13371419906616,completed
883.328808,10,32.195365,1.0,True,10,0,0,500.22763442993164,509.82245445251465,18.53649559020996,500.22763442993164,completed
662.707905,10,32.203871,1.0,True,10,0,0,580.6052293777466,682.2363300323486,20.17344970703125,580.6052293777466,completed
593.080694,10,32.21381,1.0,True,10,0,0,474.07395458221436,703.1817760467529,23.198748970031737,474.07395458221436,completed
-375.892562,10,32.222292,1.0,True,10,0,0,644.6253261566162,883.0728454589844,55.38686180114746,644.6253261566162,completed
920.438568,10,32.230023,1.0,True,10,0,0,413.54857540130615,492.7972574234009,18.967765188217165,413.54857540130615,completed
965.462742,10,32.238562,1.0,True,10,0,0,470.61279106140137,713.7774143218994,7.85072135925293,470.61279106140137,completed
678.646776,10,32.247258,1.0,True,10,0,0,623.2534189224243,707.7638864517212,15.443044853210449,623.2534189224243,completed
612.2524,10,32.256607,1.0,True,10,0,0,502.2103147506714,746.508339881897,20.263111877441407,502.2103147506714,completed
-25.181225,10,32.265002,1.0,True,10,0,0,718.2989435195923,815.9953899383545,40.580346488952635,718.2989435195923,completed
999.297447,10,32.273904,1.0,True,10,0,0,519.5953788757324,654.3661689758301,7.9571269989013675,519.5953788757324,completed
102.697437,10,32.281642,1.0,True,10,0,0,618.8321514129639,904.3092651367188,31.063154029846192,618.8321514129639,completed
955.431338,10,32.290047,1.0,True,10,0,0,389.2673816680908,534.3976707458496,18.15853977203369,389.2673816680908,completed
517.659255,10,32.298028,1.0,True,10,0,0,609.2337665557861,681.0535926818848,25.38207664489746,609.2337665557861,completed
931.135546,10,32.306408,1.0,True,10,0,0,378.0255002975464,563.7024908065796,18.098820686340332,378.0255002975464,completed
-634.331381,10,32.313903,1.0,True,10,0,0,687.9822826385498,942.1978969573975,61.2562162399292,687.9822826385498,completed
749.274566,10,32.322731,1.0,True,10,0,0,538.1945095062256,697.39208984375,15.033871459960938,538.1945095062256,completed
567.311116,10,32.330659,1.0,True,10,0,0,426.19819831848145,790.0007438659668,22.398457336425782,426.19819831848145,completed
663.4994,10,32.339551,1.0,True,10,0,0,549.1575050354004,605.0926666259766,22.820208168029787,549.1575050354004,completed
1193.571356,10,32.347176,1.0,True,10,0,0,402.6588912010193,530.2379293441772,7.328579330444336,402.6588912010193,completed
672.941736,10,32.356934,1.0,True,10,0,0,572.0912895202637,624.024242401123,20.61884117126465,572.0912895202637,completed
79.544387,10,32.366576,1.0,True,10,0,0,555.6930618286133,753.669132232666,41.15018653869629,555.6930618286133,completed
-375.954021,10,32.375738,1.0,True,10,0,0,616.8640823364258,934.8859958648682,54.62304878234863,616.8640823364258,completed
307.243676,10,32.384742,1.0,True,10,0,0,529.0551109313965,781.5965099334717,30.278354835510253,529.0551109313965,completed
748.691904,10,32.394118,1.0,True,10,0,0,426.03409481048584,530.9805450439453,26.33045196533203,426.03409481048584,completed
287.289629,10,32.406687,1.0,True,10,0,0,566.0917663574219,674.0290298461914,36.0811689376831,566.0917663574219,completed
509.787967,10,32.414464,1.0,True,10,0,0,630.3628234863281,753.1752014160156,21.175080871582033,630.3628234863281,completed
740.241767,10,32.422935,1.0,True,10,0,0,549.3517265319824,802.4532279968262,10.622432327270507,549.3517265319824,completed
959.613749,10,32.430666,1.0,True,10,0,0,435.90641689300537,495.6512327194214,17.43130226135254,435.90641689300537,completed
73.081828,10,32.438569,1.0,True,10,0,0,661.8986568450928,778.1062126159668,36.943107223510744,661.8986568450928,completed
1021.907921,10,32.446519,1.0,True,10,0,0,408.56032371520996,537.1154556274414,12.856444168090821,408.56032371520996,completed
663.498777,10,32.454519,1.0,True,10,0,0,595.7777919769287,668.7006988525391,19.173188972473145,595.7777919769287,completed
1026.45952,10,32.462261,1.0,True,10,0,0,461.17500495910645,583.3632354736328,9.756795883178711,461.17500495910645,completed
62.931791,10,32.470539,1.0,True,10,0,0,602.5708866119385,786.9239883422852,38.74546451568604,602.5708866119385,completed
824.172597,10,32.477791,1.0,True,10,0,0,432.446964263916,668.2232856750488,16.065680503845215,432.446964263916,completed
589.668932,10,32.485587,1.0,True,10,0,0,547.1777029037476,645.8392314910889,23.080064582824708,547.1777029037476,completed
952.405959,10,32.493336,1.0,True,10,0,0,490.5868225097656,582.6133346557617,13.868363952636718,490.5868225097656,completed
-348.115715,10,32.500985,1.0,True,10,0,0,698.4258937835693,897.05051612854,51.615230560302734,698.4258937835693,completed
33.639537,10,32.509316,1.0,True,10,0,0,691.0354099273682,892.6828117370605,34.239406204223634,691.0354099273682,completed
709.217435,10,32.516764,1.0,True,10,0,0,467.2176933288574,611.0197715759277,23.916510009765624,467.2176933288574,completed
549.805064,10,32.525581,1.0,True,10,0,0,542.8338413238525,653.708251953125,26.020777702331543,542.8338413238525,completed
983.249662,10,32.53312,1.0,True,10,0,0,409.5723514556885,525.6234664916992,16.64105567932129,409.5723514556885,completed
345.67132,10,32.541423,1.0,True,10,0,0,605.2844982147217,820.1187438964844,22.701368141174317,605.2844982147217,completed
237.158631,10,32.549127,1.0,True,10,0,0,619.4105167388916,814.7290782928467,29.249653625488282,619.4105167388916,completed
731.655559,10,32.55708,1.0,True,10,0,0,482.44260692596436,565.7330226898193,23.578627586364746,482.44260692596436,completed
1147.706767,10,32.564707,1.0,True,10,0,0,364.7091963291168,449.69116830825806,12.6903715133667,364.7091963291168,completed
474.185823,10,32.572244,1.0,True,10,0,0,439.93924951553345,679.383490562439,30.22643938064575,439.93924951553345,completed
832.523149,10,32.580405,1.0,True,10,0,0,480.1227226257324,588.2483568191528,18.616501235961913,480.1227226257324,completed
485.35663,10,32.589531,1.0,True,10,0,0,528.3891334533691,646.856273651123,30.05339946746826,528.3891334533691,completed
895.472228,10,32.599197,1.0,True,10,0,0,423.7954788208008,556.2414588928223,18.919244003295898,423.7954788208008,completed
411.330244,10,32.610991,1.0,True,10,0,0,574.2771816253662,810.2991065979004,24.638721466064453,574.2771816253662,completed
967.149945,10,32.619711,1.0,True,10,0,0,358.2173271179199,465.1654052734375,23.561885643005372,358.2173271179199,completed
999.675974,10,32.627609,1.0,True,10,0,0,420.36877632141113,469.68874168395996,18.572257232666015,420.36877632141113,completed
840.795888,10,32.635148,1.0,True,10,0,0,525.0110301971436,647.4209384918213,13.601723098754883,525.0110301971436,completed
980.177921,10,32.643119,1.0,True,10,0,0,448.54906845092773,609.6509857177734,12.253827667236328,448.54906845092773,completed
861.930516,10,32.651337,1.0,True,10,0,0,436.3765640258789,502.17639541625977,21.942475509643554,436.3765640258789,completed
768.21528,10,32.659202,1.0,True,10,0,0,466.3505668640137,703.3153457641602,17.166374969482423,466.3505668640137,completed
1207.448477,10,32.666626,1.0,True,10,0,0,415.83801651000977,519.7493667602539,6.816220474243164,415.83801651000977,completed
584.067042,10,32.675255,1.0,True,10,0,0,532.0353412628174,645.0064811706543,22.61023120880127,532.0353412628174,completed
1280.594801,10,32.683086,1.0,True,10,0,0,386.67541694641113,515.641788482666,5.509699058532715,386.67541694641113,completed
417.506442,10,32.691313,1.0,True,10,0,0,561.015417098999,686.358808517456,29.044480895996095,561.015417098999,completed
142.704392,10,32.699809,1.0,True,10,0,0,520.6736888885498,666.095624923706,43.85931034088135,520.6736888885498,completed
924.36371,10,32.708654,1.0,True,10,0,0,420.8748092651367,513.6249160766602,21.156199836730956,420.8748092651367,completed
452.506641,10,32.717411,1.0,True,10,0,0,625.4661777019501,641.5923545360565,27.823103141784667,625.4661777019501,completed
687.422007,10,32.7262,1.0,True,10,0,0,540.4604587554932,567.2404499053955,25.216861152648924,540.4604587554932,completed
737.119783,10,32.734616,1.0,True,10,0,0,554.9067392349243,712.2841510772705,14.32118034362793,554.9067392349243,completed
943.713598,10,32.743139,1.0,True,10,0,0,447.3972177505493,524.629415512085,17.537785720825195,447.3972177505493,completed
1156.473223,10,32.751461,1.0,True,10,0,0,407.13310194015503,446.9553894996643,12.379799365997314,407.13310194015503,completed
386.985163,10,32.759482,1.0,True,10,0,0,450.52256202697754,710.8249435424805,35.03969306945801,450.52256202697754,completed
776.296602,10,32.768075,1.0,True,10,0,0,412.78761863708496,554.963701248169,22.77853775024414,412.78761863708496,completed
1000.266528,10,32.776275,1.0,True,10,0,0,465.8344917297363,566.4094200134277,13.109120750427246,465.8344917297363,completed
427.727272,10,32.78464,1.0,True,10,0,0,517.9076080322266,602.9093551635742,33.16639361381531,517.9076080322266,completed
287.705341,10,32.793193,1.0,True,10,0,0,542.0355062484741,720.1511678695679,34.2453535079956,542.0355062484741,completed
503.455803,10,32.801741,1.0,True,10,0,0,496.5340299606323,797.5092144012451,24.31818218231201,496.5340299606323,completed
288.062286,10,32.809986,1.0,True,10,0,0,501.77466201782227,737.3803119659424,35.737728691101076,501.77466201782227,completed
531.669029,10,32.818433,1.0,True,10,0,0,542.1005229949951,614.0415935516357,27.88124523162842,542.1005229949951,completed
140.297983,10,32.826771,1.0,True,10,0,0,567.4660787582397,780.9279851913452,37.510079288482665,567.4660787582397,completed
362.723299,10,32.834993,1.0,True,10,0,0,684.0191230773926,887.3226165771484,18.29051742553711,684.0191230773926,completed
1121.088911,10,32.844443,1.0,True,10,0,0,445.3686714172363,445.3686714172363,14.339217376708984,445.3686714172363,completed
867.836957,10,32.85445,1.0,True,10,0,0,459.1978406906128,642.94704246521,14.470129585266113,459.1978406906128,completed
528.677188,10,32.873046,1.0,True,10,0,0,609.1545333862305,731.2024021148682,22.07537250518799,609.1545333862305,completed
1006.21434,10,32.88161,1.0,True,10,0,0,411.1625680923462,488.94822883605957,17.462253379821778,411.1625680923462,completed
1490.730251,10,32.889727,1.0,True,10,0,0,290.9394680261612,328.5475628376007,6.9151874542236325,290.9394680261612,completed
606.943329,10,32.89714,1.0,True,10,0,0,541.8799304962158,727.7466564178467,20.370369529724123,541.8799304962158,completed
1289.468323,10,32.905247,1.0,True,10,0,0,386.9327096939087,446.7426404953003,7.597757339477539,386.9327096939087,completed
761.772235,10,32.913002,1.0,True,10,0,0,452.5456008911133,572.1093673706055,22.619005012512208,452.5456008911133,completed
-50.063658,10,32.921116,1.0,True,10,0,0,659.0147294998169,828.3504390716553,41.67346687316895,659.0147294998169,completed
475.481031,10,32.929626,1.0,True,10,0,0,463.77225732803345,740.1433253288269,29.854897832870485,463.77225732803345,completed
586.657457,10,32.937425,1.0,True,10,0,0,503.33027839660645,601.567008972168,28.231033325195312,503.33027839660645,completed
579.362174,10,32.945176,1.0,True,10,0,0,566.5656886100769,635.2024416923523,23.59878635406494,566.5656886100769,completed
660.791444,10,32.953163,1.0,True,10,0,0,541.06862449646,653.794807434082,20.51965465545654,541.06862449646,completed
747.344964,10,32.961124,1.0,True,10,0,0,393.3726978302002,536.3534278869629,27.08213233947754,393.3726978302002,completed
235.683921,10,32.969414,1.0,True,10,0,0,541.9260559082031,825.3547248840332,32.3135124206543,541.9260559082031,completed
49.043547,10,32.978824,1.0,True,10,0,0,686.6342639923096,839.2406597137451,36.540558433532716,686.6342639923096,completed
756.664121,10,32.98671,1.0,True,10,0,0,469.0182228088379,585.0188579559326,20.420210075378417,469.0182228088379,completed
644.551329,10,32.994445,1.0,True,10,0,0,564.8036825656891,731.6685643196106,18.83655204772949,564.8036825656891,completed
981.59651,10,33.002199,1.0,True,10,0,0,429.183895111084,549.7319679260254,12.3093994140625,429.183895111084,completed
1046.19604,10,33.009629,1.0,True,10,0,0,373.34808349609375,459.7790298461914,18.20190887451172,373.34808349609375,completed
723.841363,10,33.017834,1.0,True,10,0,0,511.82375025749207,678.1731886863708,19.40369396209717,511.82375025749207,completed
907.279386,10,33.026284,1.0,True,10,0,0,507.33398628234863,539.0464096069336,15.518458604812622,507.33398628234863,completed
751.15523,10,33.034173,1.0,True,10,0,0,437.73601722717285,555.4262409210205,24.511714744567872,437.73601722717285,completed
281.427722,10,33.043176,1.0,True,10,0,0,494.7724018096924,658.8018550872803,38.10133981704712,494.7724018096924,completed
-382.512799,10,33.051268,1.0,True,10,0,0,703.4546661376953,927.6024513244629,51.50386514663696,703.4546661376953,completed
971.920824,10,33.059852,1.0,True,10,0,0,423.1391990184784,573.4198698997498,14.171689987182617,423.1391990184784,completed
559.266452,10,33.067337,1.0,True,10,0,0,539.4003410339355,670.8543510437012,24.707677841186523,539.4003410339355,completed
571.672996,10,33.076146,1.0,True,10,0,0,522.1187400817871,693.7993278503418,23.34382495880127,522.1187400817871,completed
833.272563,10,33.084244,1.0,True,10,0,0,448.04384994506836,621.9027709960938,17.690403938293457,448.04384994506836,completed
619.682618,10,33.09287,1.0,True,10,0,0,504.21233558654785,664.092264175415,23.11442451477051,504.21233558654785,completed
321.421131,10,33.100556,1.0,True,10,0,0,513.6411037445068,585.6051998138428,38.31142435073853,513.6411037445068,completed
430.278773,10,33.110911,1.0,True,10,0,0,564.9634561538696,725.946455001831,28.610102653503418,564.9634561538696,completed
-354.58676,10,33.120484,1.0,True,10,0,0,635.142951965332,884.1647033691406,52.045990753173825,635.142951965332,completed
90.858794,10,33.128234,1.0,True,10,0,0,701.2076148986816,869.5664939880371,31.09467468261719,701.2076148986816,completed
1154.104537,10,33.136262,1.0,True,10,0,0,411.772424697876,555.2431449890137,7.653227424621582,411.772424697876,completed
238.286884,10,33.144745,1.0,True,10,0,0,518.1984100341797,720.4398231506348,36.16551322937012,518.1984100341797,completed
1382.81734,10,33.152652,1.0,True,10,0,0,393.5186951160431,443.3024125099182,4.171939468383789,393.5186951160431,completed
246.290318,10,33.160191,1.0,True,10,0,0,606.3442535400391,764.512752532959,31.946955108642577,606.3442535400391,completed
905.344559,10,33.167563,1.0,True,10,0,0,460.39161491394043,522.7131309509277,16.671801376342774,460.39161491394043,completed
607.746145,10,33.175778,1.0,True,10,0,0,456.33531188964844,649.1673488616943,24.718429183959962,456.33531188964844,completed
881.908619,10,33.183004,1.0,True,10,0,0,431.8468418121338,542.6423358917236,21.35383529663086,431.8468418121338,completed
179.234266,10,33.190831,1.0,True,10,0,0,541.554386138916,862.5112113952637,33.103538513183594,541.554386138916,completed
732.655549,10,33.199213,1.0,True,10,0,0,582.5508618354797,607.9400110244751,18.203996086120604,582.5508618354797,completed
1028.485468,10,33.207026,1.0,True,10,0,0,353.30239248275757,428.9268980026245,20.13567543029785,353.30239248275757,completed
707.551344,10,33.214635,1.0,True,10,0,0,472.3327445983887,678.6503067016602,18.876683616638182,472.3327445983887,completed
548.150136,10,33.22222,1.0,True,10,0,0,557.7403039932251,619.1315364837646,28.808049583435057,557.7403039932251,completed
722.665879,10,33.229932,1.0,True,10,0,0,472.9784278869629,710.5648231506348,17.59628791809082,472.9784278869629,completed
768.48643,10,33.23779,1.0,True,10,0,0,523.451732635498,545.7660522460938,21.604993629455567,523.451732635498,completed
115.5026,10,33.246819,1.0,True,10,0,0,663.2378373146057,794.8102388381958,37.61317176818848,663.2378373146057,completed
638.764982,10,33.255211,1.0,True,10,0,0,493.5591013431549,583.1075329780579,25.684063529968263,493.5591013431549,completed
251.499529,10,33.262544,1.0,True,10,0,0,684.6813125610352,825.8095779418945,27.215057373046875,684.6813125610352,completed
1244.35895,10,33.270974,1.0,True,10,0,0,331.0618019104004,424.3594856262207,12.760426712036132,331.0618019104004,completed
1068.37867,10,33.279885,1.0,True,10,0,0,442.087233543396,521.9712982177734,10.360028076171876,442.087233543396,completed
-605.766841,10,33.28827,1.0,True,10,0,0,835.7652912139893,1135.2978057861328,47.274003982543945,835.7652912139893,completed
901.733472,10,33.296644,1.0,True,10,0,0,409.4767761230469,636.7459411621094,15.857996368408203,409.4767761230469,completed
61.373084,10,33.304369,1.0,True,10,0,0,611.2771663665771,874.6181392669678,36.23903312683105,611.2771663665771,completed
-558.520707,10,33.312191,1.0,True,10,0,0,729.0388431549072,935.1964435577393,57.86906566619873,729.0388431549072,completed
-71.159084,10,33.319757,1.0,True,10,0,0,737.12868309021,1027.1231842041016,29.452318572998045,737.12868309021,completed
1097.513316,10,33.328203,1.0,True,10,0,0,402.65705966949463,483.4921941757202,14.702551746368409,402.65705966949463,completed
1093.615419,10,33.33571,1.0,True,10,0,0,401.55757427215576,471.1246852874756,14.360644149780274,401.55757427215576,completed
420.243758,10,33.344244,1.0,True,10,0,0,544.955982208252,726.7724456787109,28.41664810180664,544.955982208252,completed
-25.415511,10,33.352412,1.0,True,10,0,0,686.1431322097778,911.641881942749,33.79617805480957,686.1431322097778,completed
981.192784,10,33.366463,1.0,True,10,0,0,438.2105827331543,494.9228763580322,15.073285102844238,438.2105827331543,completed
240.752009,10,33.375386,1.0,True,10,0,0,494.98313331604004,736.1857681274414,35.87268829345703,494.98313331604004,completed
702.648851,10,33.383893,1.0,True,10,0,0,456.70767402648926,578.5329532623291,25.097014808654784,456.70767402648926,completed
335.935197,10,33.393416,1.0,True,10,0,0,506.70367431640625,723.5095520019531,35.20910453796387,506.70367431640625,completed
448.688234,10,33.403328,1.0,True,10,0,0,482.88167572021484,606.5700988769531,34.21778259277344,482.88167572021484,completed
677.300535,10,33.412992,1.0,True,10,0,0,485.3796806335449,652.2122535705566,23.95190887451172,485.3796806335449,completed
678.821025,10,33.422339,1.0,True,10,0,0,520.1465244293213,656.8872947692871,20.075751781463623,520.1465244293213,completed
433.521888,10,33.431479,1.0,True,10,0,0,575.7063522338867,768.2713203430176,24.547792434692383,575.7063522338867,completed
1172.130125,10,33.440249,1.0,True,10,0,0,397.72168159484863,455.2321586608887,11.42407455444336,397.72168159484863,completed
812.267892,10,33.448708,1.0,True,10,0,0,520.8291581869125,549.0566146373749,21.813616847991945,520.8291581869125,completed
676.204136,10,33.45787,1.0,True,10,0,0,494.02896881103516,600.8588790893555,21.571685791015625,494.02896881103516,completed
791.858599,10,33.466302,1.0,True,10,0,0,511.7131576538086,620.3616676330566,16.68578357696533,511.7131576538086,completed
665.475171,10,33.474973,1.0,True,10,0,0,489.31142687797546,549.098021030426,26.346507501602172,489.31142687797546,completed
634.618422,10,33.483539,1.0,True,10,0,0,539.2500400543213,676.2926759719849,19.39548053741455,539.2500400543213,completed
97.526663,10,33.492029,1.0,True,10,0,0,550.3760089874268,780.3194198608398,38.9448184967041,550.3760089874268,completed
762.690795,10,33.500217,1.0,True,10,0,0,421.202730178833,635.9190406799316,21.253831100463866,421.202730178833,completed
779.504774,10,33.508889,1.0,True,10,0,0,501.6539068222046,695.9886846542358,14.69576644897461,501.6539068222046,completed
995.041246,10,33.517655,1.0,True,10,0,0,426.9562005996704,528.1416873931885,15.391458892822266,426.9562005996704,completed
681.688115,10,33.526399,1.0,True,10,0,0,439.33116388320923,615.5613503456116,25.87978506088257,439.33116388320923,completed
391.928641,10,34.774356,1.0,True,10,0,0,518.7640209197998,740.3384990692139,28.622029876708986,518.7640209197998,completed
495.319129,10,34.783397,1.0,True,10,0,0,620.755334854126,661.7134037017822,25.96714630126953,620.755334854126,completed
-46.926727,10,34.791539,1.0,True,10,0,0,617.6241645812988,770.1515007019043,45.9592788696289,617.6241645812988,completed
875.547254,10,34.799325,1.0,True,10,0,0,435.8411989212036,603.845293045044,15.68591022491455,435.8411989212036,completed
-239.219018,10,34.806977,1.0,True,10,0,0,680.7264862060547,936.2575578689575,44.544990634918214,680.7264862060547,completed
978.198726,10,34.814912,1.0,True,10,0,0,403.6478885412216,533.208687543869,16.65414924621582,403.6478885412216,completed
528.725367,10,34.822769,1.0,True,10,0,0,472.8440475463867,735.8943710327148,24.654219818115234,472.8440475463867,completed
-151.552663,10,34.831083,1.0,True,10,0,0,657.2222328186035,1102.8434829711914,31.704574584960938,657.2222328186035,completed
422.126207,10,34.839373,1.0,True,10,0,0,472.0090732574463,653.1113700866699,33.31229209899902,472.0090732574463,completed
-157.67785,10,34.84762,1.0,True,10,0,0,683.3477790355682,857.1810240745544,45.9885027885437,683.3477790355682,completed
498.88198,10,34.855858,1.0,True,10,0,0,500.1167731285095,696.9587049484253,26.21966905593872,500.1167731285095,completed
696.04805,10,34.866123,1.0,True,10,0,0,538.3835706710815,643.5379009246826,19.401505851745604,538.3835706710815,completed
813.804017,10,34.875873,1.0,True,10,0,0,504.56430864334106,554.9790124893188,19.399024200439452,504.56430864334106,completed
1124.942546,10,34.886407,1.0,True,10,0,0,350.52099084854126,500.1763048171997,13.977546215057373,350.52099084854126,completed
657.781779,10,34.89489,1.0,True,10,0,0,547.5614776611328,748.8526420593262,17.74717140197754,547.5614776611328,completed
1149.42096,10,34.902532,1.0,True,10,0,0,356.0760726928711,441.37448501586914,14.571073150634765,356.0760726928711,completed
679.222604,10,34.911117,1.0,True,10,0,0,585.1311416625977,656.613338470459,18.121201944351196,585.1311416625977,completed
751.008885,10,34.918821,1.0,True,10,0,0,538.8308200836182,635.7522964477539,18.31825485229492,538.8308200836182,completed
220.646568,10,34.92618,1.0,True,10,0,0,636.6487903594971,821.2603340148926,29.198889541625977,636.6487903594971,completed
420.855766,10,34.933763,1.0,True,10,0,0,576.824743270874,747.7162227630615,27.528077125549316,576.824743270874,completed
606.100386,10,34.941686,1.0,True,10,0,0,517.022970199585,644.6380920410156,23.229196548461914,517.022970199585,completed
11.900345,10,34.949196,1.0,True,10,0,0,590.5511093139648,827.2322082519531,41.94067802429199,590.5511093139648,completed
-140.976186,10,34.956795,1.0,True,10,0,0,576.9961624145508,843.2442932128906,46.61048831939697,576.9961624145508,completed
1306.55565,10,34.964311,1.0,True,10,0,0,338.06968688964844,385.9485511779785,11.552956581115723,338.06968688964844,completed
53.684846,10,34.971737,1.0,True,10,0,0,584.7606201171875,957.9202575683594,34.087324905395505,584.7606201171875,completed
1091.24636,10,34.979403,1.0,True,10,0,0,356.5522840023041,533.6979784965515,13.637724685668946,356.5522840023041,completed
675.148686,10,34.986913,1.0,True,10,0,0,441.24491691589355,561.6528434753418,25.36431179046631,441.24491691589355,completed
25.533003,10,34.994439,1.0,True,10,0,0,566.3350105285645,805.3899192810059,41.93685398101807,566.3350105285645,completed
534.462135,10,35.002814,1.0,True,10,0,0,466.27022552490234,546.50998878479,33.730737113952635,466.27022552490234,completed
255.0235,10,35.010324,1.0,True,10,0,0,628.9604873657227,837.3410511016846,29.32625255584717,628.9604873657227,completed
-924.414985,10,35.018245,1.0,True,10,0,0,718.8181295394897,1013.5831108093262,72.15913429260254,718.8181295394897,completed
289.644955,10,35.026294,1.0,True,10,0,0,618.549732208252,745.9570388793945,30.433623123168946,618.549732208252,completed
70.509214,10,35.033584,1.0,True,10,0,0,623.9688940048218,881.6697759628296,35.013634824752806,623.9688940048218,completed
-63.292394,10,35.041348,1.0,True,10,0,0,519.0185308456421,810.6773118972778,48.75681161880493,519.0185308456421,completed
1149.289175,10,35.049947,1.0,True,10,0,0,362.5440082550049,444.25993728637695,11.724924468994141,362.5440082550049,completed
937.663126,10,35.058073,1.0,True,10,0,0,477.1443977355957,588.849983215332,14.66576271057129,477.1443977355957,completed
-720.456739,10,35.065803,1.0,True,10,0,0,801.007682800293,1086.9132080078125,55.462380027771,801.007682800293,completed
424.006064,10,35.073607,1.0,True,10,0,0,525.1983451843262,756.3249359130859,24.695874977111817,525.1983451843262,completed
722.63546,10,35.081026,1.0,True,10,0,0,465.03734016418457,759.3379135131836,13.903521537780762,465.03734016418457,completed
1016.482589,10,35.088864,1.0,True,10,0,0,374.2167673110962,419.5880374908447,20.62202548980713,374.2167673110962,completed
495.974306,10,35.096285,1.0,True,10,0,0,607.7585506439209,750.4479637145996,22.693890190124513,607.7585506439209,completed
31.597176,10,35.104331,1.0,True,10,0,0,721.2682514190674,865.4932098388672,32.42996711730957,721.2682514190674,completed
187.567233,10,35.111829,1.0,True,10,0,0,606.2392730712891,784.8489780426025,35.01776638031006,606.2392730712891,completed
709.158151,10,35.119877,1.0,True,10,0,0,552.4127597808838,615.9609718322754,18.59185619354248,552.4127597808838,completed
-500.833334,10,35.127228,1.0,True,10,0,0,650.3840618133545,1047.041576385498,52.442858123779295,650.3840618133545,completed
987.78992,10,35.134673,1.0,True,10,0,0,483.98302268981934,555.9059867858887,11.266184043884277,483.98302268981934,completed
54.415476,10,35.142004,1.0,True,10,0,0,606.4924182891846,833.5850105285645,38.987278079986574,606.4924182891846,completed
281.637307,10,35.149549,1.0,True,10,0,0,657.6998443603516,707.8564109802246,30.505036735534667,657.6998443603516,completed
388.046956,10,35.157572,1.0,True,10,0,0,499.5895748138428,643.7207202911377,34.705325317382815,499.5895748138428,completed
784.385946,10,35.165202,1.0,True,10,0,0,517.3336124420166,600.4565086364746,16.7355863571167,517.3336124420166,completed
718.107296,10,35.172948,1.0,True,10,0,0,530.8940830230713,639.6803283691406,19.9853946685791,530.8940830230713,completed
315.474407,10,35.181177,1.0,True,10,0,0,628.6939144134521,702.7472286224365,32.46436462402344,628.6939144134521,completed
251.588863,10,35.188486,1.0,True,10,0,0,557.8390464782715,707.799861907959,35.00639305114746,557.8390464782715,completed
196.289651,10,35.196218,1.0,True,10,0,0,547.2865200042725,852.12841796875,32.64985885620117,547.2865200042725,completed
1032.311942,10,35.203437,1.0,True,10,0,0,453.2646894454956,467.68277740478516,16.063909435272215,453.2646894454956,completed
607.0418,10,35.211274,1.0,True,10,0,0,550.4866619110107,742.9600143432617,19.270509338378908,550.4866619110107,completed
348.938033,10,35.218737,1.0,True,10,0,0,555.607099533081,704.3120918273926,31.647720336914062,555.607099533081,completed
715.485034,10,35.226257,1.0,True,10,0,0,403.05140590667725,645.8272361755371,22.363708114624025,403.05140590667725,completed
449.295432,10,35.233757,1.0,True,10,0,0,635.2797393798828,635.2797393798828,28.036450576782226,635.2797393798828,completed
920.022488,10,35.241626,1.0,True,10,0,0,437.8223934173584,556.9280757904053,15.983159637451172,437.8223934173584,completed
-612.087239,10,35.249311,1.0,True,10,0,0,736.175724029541,1128.545654296875,49.69907922744751,736.175724029541,completed
-96.880088,10,35.257182,1.0,True,10,0,0,706.3921966552734,940.704963684082,36.41346549987793,706.3921966552734,completed
-64.780644,10,35.264624,1.0,True,10,0,0,596.0289688110352,800.2127227783203,45.84646339416504,596.0289688110352,completed
648.096413,10,35.272039,1.0,True,10,0,0,587.6515884399414,675.6907482147217,21.052640533447267,587.6515884399414,completed
123.385233,10,35.279783,1.0,True,10,0,0,582.9173040390015,793.395112991333,35.956488037109374,582.9173040390015,completed
1082.587378,10,35.287162,1.0,True,10,0,0,426.7502689361572,560.8288879394531,10.4725341796875,426.7502689361572,completed
557.601265,10,35.294639,1.0,True,10,0,0,477.1601905822754,584.3591842651367,31.415375900268554,477.1601905822754,completed
1346.750972,10,35.301967,1.0,True,10,0,0,415.52574825286865,500.0553340911865,2.1936355590820313,415.52574825286865,completed
474.362365,10,35.309507,1.0,True,10,0,0,633.070255279541,694.897777557373,26.07039632797241,633.070255279541,completed
76.456257,10,35.316886,1.0,True,10,0,0,537.3936605453491,882.3403224945068,38.52665958404541,537.3936605453491,completed
412.726684,10,35.324211,1.0,True,10,0,0,595.318172454834,705.4742774963379,27.203035354614258,595.318172454834,completed
787.297674,10,35.331415,1.0,True,10,0,0,450.8194122314453,562.2664165496826,20.685881042480467,450.8194122314453,completed
866.840656,10,35.338654,1.0,True,10,0,0,436.3595142364502,535.109935760498,19.886135292053222,436.3595142364502,completed
541.681989,10,35.346018,1.0,True,10,0,0,625.5831189155579,642.2390794754028,24.575257587432862,625.5831189155579,completed
376.469186,10,35.353676,1.0,True,10,0,0,554.0492496490479,664.0984306335449,33.779649543762204,554.0492496490479,completed
721.023429,10,35.361424,1.0,True,10,0,0,505.455677986145,706.9459400177002,16.90313148498535,505.455677986145,completed
98.719419,10,35.368608,1.0,True,10,0,0,621.4103813171387,822.2183952331543,36.94970588684082,621.4103813171387,completed
599.499788,10,35.376307,1.0,True,10,0,0,467.6611099243164,652.1691589355469,25.875873565673828,467.6611099243164,completed
839.422198,10,35.383852,1.0,True,10,0,0,471.6035575866699,568.1608667373657,15.881935691833496,471.6035575866699,completed
602.442673,10,35.391489,1.0,True,10,0,0,560.2447299957275,668.9701747894287,23.27716484069824,560.2447299957275,completed
668.140919,10,35.399086,1.0,True,10,0,0,533.2789916992188,646.4360046386719,22.040604019165038,533.2789916992188,completed
288.335023,10,35.406266,1.0,True,10,0,0,556.9366207122803,751.127986907959,32.06311092376709,556.9366207122803,completed
125.899804,10,35.413523,1.0,True,10,0,0,661.0728607177734,716.5145301818848,37.714524841308595,661.0728607177734,completed
877.238689,10,35.421221,1.0,True,10,0,0,439.83540439605713,564.4045524597168,20.150753021240234,439.83540439605713,completed
398.592471,10,35.429064,1.0,True,10,0,0,569.4852066040039,693.8203201293945,30.575702667236328,569.4852066040039,completed
117.146664,10,35.436336,1.0,True,10,0,0,631.0601463317871,677.5165252685547,39.94745349884033,631.0601463317871,completed
407.717507,10,35.44371,1.0,True,10,0,0,566.4785289764404,817.6867027282715,24.647000122070313,566.4785289764404,completed
252.95631,10,35.45122,1.0,True,10,0,0,612.7654075622559,794.4049110412598,28.526952171325682,612.7654075622559,completed
653.745883,10,35.458469,1.0,True,10,0,0,495.49203753471375,594.2920558452606,28.011881637573243,495.49203753471375,completed
1152.567279,10,35.465934,1.0,True,10,0,0,423.5813522338867,460.0672950744629,12.610494232177734,423.5813522338867,completed
597.883089,10,35.473323,1.0,True,10,0,0,483.6089828014374,644.3612761497498,25.907705879211427,483.6089828014374,completed
667.653097,10,35.480808,1.0,True,10,0,0,472.7877655029297,545.755012512207,25.667186498641968,472.7877655029297,completed
440.479959,10,35.488168,1.0,True,10,0,0,598.153386592865,743.1660284996033,26.157268905639647,598.153386592865,completed
1026.559292,10,35.495302,1.0,True,10,0,0,435.3170680999756,509.62848472595215,13.332956695556641,435.3170680999756,completed
1369.208589,10,35.50253,1.0,True,10,0,0,399.7088623046875,477.0624256134033,2.809871292114258,399.7088623046875,completed
512.226419,10,35.51004,1.0,True,10,0,0,543.9720993041992,806.9342613220215,20.688131713867186,543.9720993041992,completed
1008.03783,10,35.517367,1.0,True,10,0,0,419.38845348358154,527.5044631958008,16.253709411621095,419.38845348358154,completed
1294.419549,10,35.524884,1.0,True,10,0,0,341.4805164337158,463.33381843566895,6.551247024536133,341.4805164337158,completed
818.54825,10,35.532467,1.0,True,10,0,0,449.1226906776428,551.5370759963989,23.51436758041382,449.1226906776428,completed
1189.900069,10,35.539876,1.0,True,10,0,0,386.5174551010132,488.0021152496338,10.319356536865234,386.5174551010132,completed
341.81512,10,35.547342,1.0,True,10,0,0,560.614312171936,743.9118795394897,30.925661277770995,560.614312171936,completed
751.301468,10,35.554687,1.0,True,10,0,0,416.9090657234192,679.6108660697937,20.799057006835938,416.9090657234192,completed
470.393481,10,35.562242,1.0,True,10,0,0,486.77483558654785,617.9009342193604,32.39252948760986,486.77483558654785,completed
443.898874,10,35.57017,1.0,True,10,0,0,602.6455993652344,602.6455993652344,29.830180358886718,602.6455993652344,completed
796.061611,10,35.577523,1.0,True,10,0,0,545.076681137085,608.3670082092285,16.134433555603028,545.076681137085,completed
806.191056,10,35.584801,1.0,True,10,0,0,499.26331520080566,648.0782814025879,16.068242263793945,499.26331520080566,completed
338.173807,10,35.592404,1.0,True,10,0,0,498.7658519744873,681.5537719726562,35.142876625061035,498.7658519744873,completed
212.275555,10,35.599772,1.0,True,10,0,0,559.6485939025879,781.644832611084,34.10629863739014,559.6485939025879,completed
578.175192,10,35.607595,1.0,True,10,0,0,359.7730989456177,593.970947265625,33.379645347595215,359.7730989456177,completed
660.793108,10,35.615528,1.0,True,10,0,0,429.43424797058105,796.472843170166,18.521310806274414,429.43424797058105,completed
1297.357964,10,35.623088,1.0,True,10,0,0,346.9874048233032,515.9086055755615,4.597506332397461,346.9874048233032,completed
552.304058,10,35.630657,1.0,True,10,0,0,489.5703353881836,692.9129219055176,25.337476348876955,489.5703353881836,completed
238.113013,10,35.638569,1.0,True,10,0,0,599.7353477478027,808.0839557647705,30.15767135620117,599.7353477478027,completed
-598.117587,10,35.646103,1.0,True,10,0,0,763.868293762207,1018.6219253540039,55.46562461853027,763.868293762207,completed
114.814795,10,35.653672,1.0,True,10,0,0,659.5890579223633,742.2501335144043,35.64783115386963,659.5890579223633,completed
526.971945,10,35.662076,1.0,True,10,0,0,505.4382152557373,755.6193828582764,23.929190254211427,505.4382152557373,completed
702.033433,10,35.669667,1.0,True,10,0,0,509.4800977706909,598.6625719070435,23.687483978271484,509.4800977706909,completed
572.731142,10,35.677589,1.0,True,10,0,0,602.7805452346802,726.66725730896,20.313327407836915,602.7805452346802,completed
1143.6475,10,35.685723,1.0,True,10,0,0,416.0581245422363,481.54559898376465,12.100873327255249,416.0581245422363,completed
1013.184333,10,35.693559,1.0,True,10,0,0,430.81527030467987,539.5814836025238,13.739343667030335,430.81527030467987,completed
897.693591,10,35.701273,1.0,True,10,0,0,409.6916971206665,516.0580348968506,21.441377639770508,409.6916971206665,completed
629.401999,10,35.708811,1.0,True,10,0,0,409.04707956314087,628.9292192459106,28.667380619049073,409.04707956314087,completed
471.476659,10,35.716692,1.0,True,10,0,0,438.44787406921387,630.8814029693604,35.57425365447998,438.44787406921387,completed
1150.716408,10,35.723977,1.0,True,10,0,0,365.7008943557739,456.06576347351074,13.409535789489746,365.7008943557739,completed
121.464376,10,35.731383,1.0,True,10,0,0,512.4886837005615,800.8672561645508,40.254421615600585,512.4886837005615,completed
708.198278,10,35.73874,1.0,True,10,0,0,479.03195428848267,711.5721368789673,19.332659947872163,479.03195428848267,completed
-532.529803,10,35.746146,1.0,True,10,0,0,757.8974323272705,1038.70481300354,52.5108024597168,757.8974323272705,completed
743.724886,10,35.753665,1.0,True,10,0,0,389.19930267333984,532.3859176635742,28.85655117034912,389.19930267333984,completed
847.991251,10,35.761378,1.0,True,10,0,0,457.7531051635742,522.7570877075195,19.616204452514648,457.7531051635742,completed
721.699368,10,35.768658,1.0,True,10,0,0,460.6635408401489,577.8157634735107,24.065258407592772,460.6635408401489,completed
-284.422535,10,35.776483,1.0,True,10,0,0,611.3333854675293,860.7904319763184,51.787651443481444,611.3333854675293,completed
216.158183,10,35.784401,1.0,True,10,0,0,624.6185836791992,770.2195587158203,31.34145760536194,624.6185836791992,completed
771.927419,10,35.792531,1.0,True,10,0,0,454.7966306209564,539.3432250022888,22.595852756500243,454.7966306209564,completed
364.128268,10,35.800048,1.0,True,10,0,0,516.1904621124268,713.0154466629028,34.09202318191528,516.1904621124268,completed
604.7455,10,35.807303,1.0,True,10,0,0,447.3866319656372,600.1568393707275,29.08249988555908,447.3866319656372,completed
565.891396,10,35.814709,1.0,True,10,0,0,536.1531171798706,717.5722064971924,23.15436534881592,536.1531171798706,completed
1087.527163,10,35.822479,1.0,True,10,0,0,388.24969816207886,536.3088994026184,12.72916145324707,388.24969816207886,completed
-317.020486,10,35.830084,1.0,True,10,0,0,599.5619297027588,848.8665657043457,54.42650527954102,599.5619297027588,completed
290.692032,10,35.837662,1.0,True,10,0,0,600.1828384399414,738.3938941955566,31.34824905395508,600.1828384399414,completed
948.930647,10,35.845203,1.0,True,10,0,0,422.89510345458984,501.5136966705322,19.28336124420166,422.89510345458984,completed
724.703288,10,35.852602,1.0,True,10,0,0,463.5115623474121,661.0534019470215,20.501551628112793,463.5115623474121,completed
930.221888,10,35.860104,1.0,True,10,0,0,435.5508232116699,507.02519607543945,18.285995101928712,435.5508232116699,completed
938.708827,10,35.86769,1.0,True,10,0,0,488.90526962280273,647.8349838256836,8.516476440429688,488.90526962280273,completed
649.847867,10,35.875096,1.0,True,10,0,0,567.7120146751404,853.3635358810425,11.791251754760742,567.7120146751404,completed
1240.060138,10,35.883202,1.0,True,10,0,0,460.1997604370117,498.1238441467285,7.5441888809204105,460.1997604370117,completed
2.484635,10,35.890877,1.0,True,10,0,0,552.1159076690674,780.6240005493164,43.6279709815979,552.1159076690674,completed
834.139901,10,35.898548,1.0,True,10,0,0,528.9972858428955,622.2066116333008,15.201722717285156,528.9972858428955,completed
978.757482,10,35.906182,1.0,True,10,0,0,364.7553868293762,560.6635599136353,15.032968521118164,364.7553868293762,completed
680.41642,10,35.913349,1.0,True,10,0,0,555.5150833129883,619.6043510437012,19.735487174987792,555.5150833129883,completed
283.789767,10,35.92084,1.0,True,10,0,0,617.9695167541504,718.3441467285156,33.51249809265137,617.9695167541504,completed
261.404258,10,35.928023,1.0,True,10,0,0,592.7736701965332,1006.8932609558105,19.517447662353515,592.7736701965332,completed
864.513671,10,35.93544,1.0,True,10,0,0,450.09163665771484,562.7176666259766,19.322095680236817,450.09163665771484,completed
415.311209,10,35.943183,1.0,True,10,0,0,514.6987018585205,661.2620906829834,29.42406349182129,514.6987018585205,completed
938.855843,10,35.950855,1.0,True,10,0,0,457.4381580352783,745.1691398620605,5.349760437011719,457.4381580352783,completed
328.741615,10,35.958631,1.0,True,10,0,0,495.3390922546387,752.0111618041992,31.842132568359375,495.3390922546387,completed
873.325362,10,35.965753,1.0,True,10,0,0,478.8165225982666,656.6590576171875,15.352988052368165,478.8165225982666,completed
-79.930718,10,35.973429,1.0,True,10,0,0,649.6878490447998,939.2217502593994,38.598704147338864,649.6878490447998,completed
1329.558723,10,35.980873,1.0,True,10,0,0,338.7528953552246,395.4507751464844,8.609684371948243,338.7528953552246,completed
23.296352,10,35.988629,1.0,True,10,0,0,584.8998336791992,731.7943496704102,45.53949813842773,584.8998336791992,completed
171.641714,10,35.995771,1.0,True,10,0,0,631.6900358200073,736.2187662124634,36.475181102752686,631.6900358200073,completed
500.33817,10,36.00344,1.0,True,10,0,0,457.47856521606445,633.0977115631104,33.438360404968265,457.47856521606445,completed
1151.361798,10,36.011186,1.0,True,10,0,0,386.6161222457886,444.0100955963135,14.662871170043946,386.6161222457886,completed
622.080991,10,36.019924,1.0,True,10,0,0,452.6487045288086,760.7331275939941,21.726167297363283,452.6487045288086,completed
580.845277,10,36.027268,1.0,True,10,0,0,597.6153483390808,637.8459997177124,24.947745704650877,597.6153483390808,completed
-67.196097,10,36.035055,1.0,True,10,0,0,618.9074153900146,924.8556041717529,39.675524139404295,618.9074153900146,completed
544.00709,10,36.042345,1.0,True,10,0,0,533.7022132873535,705.2276039123535,23.75106086730957,533.7022132873535,completed
919.061944,10,36.050243,1.0,True,10,0,0,410.0314016342163,488.18469524383545,19.39580249786377,410.0314016342163,completed
950.983726,10,36.057655,1.0,True,10,0,0,453.9570074081421,564.563455581665,14.781113433837891,453.9570074081421,completed
1210.365667,10,36.065983,1.0,True,10,0,0,451.4136734008789,522.6021957397461,4.196185684204101,451.4136734008789,completed
1118.733247,10,36.073817,1.0,True,10,0,0,380.4169158935547,477.4822463989258,12.139306640625,380.4169158935547,completed
1201.028507,10,36.082402,1.0,True,10,0,0,372.187255859375,460.18198013305664,10.47294807434082,372.187255859375,completed
923.011787,10,36.09077,1.0,True,10,0,0,428.1317939758301,523.2946548461914,16.72425079345703,428.1317939758301,completed
609.5283,10,36.100225,1.0,True,10,0,0,539.9202919006348,592.4910469055176,23.988968658447266,539.9202919006348,completed
565.281394,10,36.107821,1.0,True,10,0,0,538.3181591033936,812.3855209350586,16.655181884765625,538.3181591033936,completed
401.039906,10,36.116123,1.0,True,10,0,0,456.4013328552246,765.980770111084,29.877022361755373,456.4013328552246,completed
1577.713827,10,36.123981,1.0,True,10,0,0,333.51881885528564,388.66808891296387,0.48199920654296874,333.51881885528564,completed
733.383978,10,36.131782,1.0,True,10,0,0,517.5529708862305,641.0896263122559,19.544282531738283,517.5529708862305,completed
590.294905,10,36.139123,1.0,True,10,0,0,507.7240524291992,685.5141487121582,23.300255012512206,507.7240524291992,completed
-43.711081,10,36.146995,1.0,True,10,0,0,619.0986785888672,807.6616554260254,43.69120264053345,619.0986785888672,completed
-81.048104,10,36.154398,1.0,True,10,0,0,571.2053050994873,939.4826583862305,39.74469985961914,571.2053050994873,completed
885.081829,10,36.161788,1.0,True,10,0,0,519.7274050712585,587.140410900116,14.861363792419434,519.7274050712585,completed
453.776588,10,36.169889,1.0,True,10,0,0,586.6335296630859,640.2819480895996,28.99665756225586,586.6335296630859,completed
1058.535246,10,36.177484,1.0,True,10,0,0,424.7296314239502,487.5302047729492,14.5171875,424.7296314239502,completed
238.701287,10,36.185022,1.0,True,10,0,0,615.1560392379761,833.4935970306396,29.51810665130615,615.1560392379761,completed
76.728071,10,36.193182,1.0,True,10,0,0,583.969181060791,778.364501953125,40.33447341918945,583.969181060791,completed
920.224495,10,36.20081,1.0,True,10,0,0,470.3294048309326,587.6969947814941,14.555558395385741,470.3294048309326,completed
170.425961,10,36.208534,1.0,True,10,0,0,607.7241439819336,835.7157382965088,33.032612037658694,607.7241439819336,completed
309.656957,10,36.227294,1.0,True,10,0,0,561.1075401306152,759.2067985534668,30.427552032470704,561.1075401306152,completed
785.930513,10,36.240105,1.0,True,10,0,0,466.0867977142334,582.5052471160889,21.683081817626952,466.0867977142334,completed
1571.392446,10,36.251443,1.0,True,10,0,0,238.1665301322937,313.53739166259766,6.540825271606446,238.1665301322937,completed
686.948283,10,36.26108,1.0,True,10,0,0,590.7306709289551,676.4293937683105,17.72704906463623,590.7306709289551,completed
1032.047488,10,36.270272,1.0,True,10,0,0,422.8674068450928,568.2385292053223,13.958484268188476,422.8674068450928,completed
376.407051,10,36.279707,1.0,True,10,0,0,481.7908935546875,688.176929473877,34.62618951797485,481.7908935546875,completed
120.091605,10,36.288385,1.0,True,10,0,0,515.2010459899902,732.8127479553223,43.98468723297119,515.2010459899902,completed
851.216286,10,36.295953,1.0,True,10,0,0,465.62388038635254,560.975133895874,19.616836929321288,465.62388038635254,completed
-98.191071,10,36.303755,1.0,True,10,0,0,660.549656867981,826.9683513641357,44.10980453491211,660.549656867981,completed
783.080605,10,36.311733,1.0,True,10,0,0,393.05087184906006,517.9583749771118,26.316732978820802,393.05087184906006,completed
-167.318179,10,36.319163,1.0,True,10,0,0,684.5417907238007,842.2886519432068,46.003779363632205,684.5417907238007,completed
175.748269,10,36.326628,1.0,True,10,0,0,635.3076095581055,731.8958473205566,35.14908666610718,635.3076095581055,completed
98.518549,10,36.334046,1.0,True,10,0,0,723.7457275390625,917.7039947509766,26.137981033325197,723.7457275390625,completed
709.475911,10,36.341876,1.0,True,10,0,0,395.3897361755371,573.0222549438477,26.898288345336915,395.3897361755371,completed
866.654601,10,36.349632,1.0,True,10,0,0,531.3524198532104,600.8463249206543,14.680149459838868,531.3524198532104,completed
1236.916388,10,36.357266,1.0,True,10,0,0,345.78486251831055,536.7489738464355,6.509441184997558,345.78486251831055,completed
491.208184,10,36.364657,1.0,True,10,0,0,469.10608196258545,676.3312358856201,29.91819038391113,469.10608196258545,completed
1033.283438,10,36.372259,1.0,True,10,0,0,433.68716049194336,489.8514528274536,15.3833833694458,433.68716049194336,completed
1048.60719,10,37.495192,1.0,True,10,0,0,465.17781257629395,597.9782562255859,10.225502014160156,465.17781257629395,completed
777.346268,10,37.503225,1.0,True,10,0,0,494.69491958618164,644.5045852661133,19.094086837768554,494.69491958618164,completed
977.2013,10,37.51073,1.0,True,10,0,0,376.8596668243408,464.167142868042,20.054952144622803,376.8596668243408,completed
638.901263,10,37.51878,1.0,True,10,0,0,426.14201164245605,633.8208503723145,27.410529708862306,426.14201164245605,completed
928.578136,10,37.526239,1.0,True,10,0,0,440.80164527893066,576.3286285400391,15.648969268798828,440.80164527893066,completed
-4.434742,10,37.53377,1.0,True,10,0,0,506.71013736724854,747.4859504699707,50.908705711364746,506.71013736724854,completed
325.225827,10,37.541212,1.0,True,10,0,0,655.8795738220215,820.0902900695801,23.457355499267578,655.8795738220215,completed
573.592188,10,37.548746,1.0,True,10,0,0,522.5331611633301,667.8650932312012,24.661815643310547,522.5331611633301,completed
611.823233,10,37.556499,1.0,True,10,0,0,499.79568457603455,622.4563136100769,25.929870557785033,499.79568457603455,completed
593.36603,10,37.56393,1.0,True,10,0,0,465.5381956100464,626.0285205841064,28.933983993530273,465.5381956100464,completed
-146.296733,10,37.571421,1.0,True,10,0,0,597.6485710144043,850.9864511489868,48.33112468719482,597.6485710144043,completed
655.821794,10,37.579044,1.0,True,10,0,0,390.018590927124,642.245044708252,25.934875106811525,390.018590927124,completed
453.113135,10,37.586757,1.0,True,10,0,0,535.5191383361816,616.0781326293945,31.89447181224823,535.5191383361816,completed
644.789357,10,37.594333,1.0,True,10,0,0,527.5014537572861,708.1668441295624,18.736312103271484,527.5014537572861,completed
1030.424191,10,37.601807,1.0,True,10,0,0,454.26581954956055,537.2355842590332,14.80285873413086,454.26581954956055,completed
1274.387825,10,37.609692,1.0,True,10,0,0,334.26522421836853,526.4704413414001,6.796777772903442,334.26522421836853,completed
257.303165,10,37.61713,1.0,True,10,0,0,579.9280223846436,699.6484642028809,35.75633554458618,579.9280223846436,completed
767.763063,10,37.624551,1.0,True,10,0,0,470.0389099121094,601.7688045501709,20.16339530944824,470.0389099121094,completed
274.216323,10,37.632384,1.0,True,10,0,0,553.2940006256104,685.5838451385498,35.233252334594724,553.2940006256104,completed
155.87984,10,37.640677,1.0,True,10,0,0,602.5079822540283,727.8070888519287,38.6013786315918,602.5079822540283,completed
245.049308,10,37.648246,1.0,True,10,0,0,500.18589973449707,721.7778301239014,38.794176959991454,500.18589973449707,completed
442.613533,10,37.656043,1.0,True,10,0,0,565.3275165557861,683.4734001159668,26.568460845947264,565.3275165557861,completed
551.606319,10,37.663654,1.0,True,10,0,0,447.19519233703613,608.4847164154053,31.287168884277342,447.19519233703613,completed
549.894397,10,37.671031,1.0,True,10,0,0,537.6950559616089,615.4297485351562,29.52579231262207,537.6950559616089,completed
686.711207,10,37.67863,1.0,True,10,0,0,474.3736457824707,604.6056518554688,21.42991943359375,474.3736457824707,completed
619.169101,10,37.685987,1.0,True,10,0,0,547.4807205200195,655.3911399841309,21.07061061859131,547.4807205200195,completed
-395.703986,10,37.693716,1.0,True,10,0,0,627.623140335083,894.2821063995361,55.02098922729492,627.623140335083,completed
895.322079,10,37.70191,1.0,True,10,0,0,445.3373908996582,498.65468406677246,20.19776668548584,445.3373908996582,completed
885.101197,10,37.709901,1.0,True,10,0,0,565.5757522583008,648.6677265167236,12.600942611694336,565.5757522583008,completed
822.378952,10,37.717754,1.0,True,10,0,0,406.13281059265137,644.4160957336426,18.254182815551758,406.13281059265137,completed
649.163779,10,37.725612,1.0,True,10,0,0,455.5175495147705,577.8544158935547,27.84429168701172,455.5175495147705,completed
1271.755494,10,37.732874,1.0,True,10,0,0,364.3342914581299,421.247127532959,10.563604545593261,364.3342914581299,completed
420.123825,10,37.74063,1.0,True,10,0,0,514.7909708023071,715.408784866333,28.70259647369385,514.7909708023071,completed
844.6319,10,37.748216,1.0,True,10,0,0,486.76630210876465,524.6653709411621,20.058820533752442,486.76630210876465,completed
806.642399,10,37.755842,1.0,True,10,0,0,462.6337513923645,753.1941938400269,13.863186836242676,462.6337513923645,completed
-530.25285,10,37.763073,1.0,True,10,0,0,655.844841003418,904.8158721923828,60.32242431640625,655.844841003418,completed
681.945607,10,37.771061,1.0,True,10,0,0,503.9109859466553,687.1159286499023,18.74401397705078,503.9109859466553,completed
931.575593,10,37.778663,1.0,True,10,0,0,348.20165634155273,477.8809623718262,23.69171772003174,348.20165634155273,completed
283.595351,10,37.785954,1.0,True,10,0,0,512.6429958343506,710.8014259338379,37.09686412811279,512.6429958343506,completed
1044.396701,10,37.793722,1.0,True,10,0,0,421.81092262268066,527.0665035247803,15.637179565429687,421.81092262268066,completed
928.771623,10,37.80143,1.0,True,10,0,0,438.3699607849121,629.4229564666748,14.042057418823243,438.3699607849121,completed
252.10928,10,37.809149,1.0,True,10,0,0,605.9414558410645,827.4712047576904,26.955376052856444,605.9414558410645,completed
955.685949,10,37.816657,1.0,True,10,0,0,477.85730743408203,560.7831535339355,12.786909866333009,477.85730743408203,completed
641.712498,10,37.824171,1.0,True,10,0,0,436.3445234298706,606.6666812896729,29.70737190246582,436.3445234298706,completed
467.30112,10,37.831492,1.0,True,10,0,0,554.1154861450195,697.8733100891113,27.378447341918946,554.1154861450195,completed
98.392774,10,37.838834,1.0,True,10,0,0,606.8256921768188,790.6954851150513,39.13733882904053,606.8256921768188,completed
902.540933,10,37.846835,1.0,True,10,0,0,475.8421974182129,549.5304851531982,17.3735107421875,475.8421974182129,completed
646.78102,10,37.854338,1.0,True,10,0,0,466.54497146606445,693.9127044677734,23.749401092529297,466.54497146606445,completed
576.993829,10,37.861867,1.0,True,10,0,0,413.10693740844727,756.7841987609863,22.883969497680663,413.10693740844727,completed
381.048438,10,37.869424,1.0,True,10,0,0,567.9293489456177,771.3557558059692,25.985131072998048,567.9293489456177,completed
826.756562,10,37.876619,1.0,True,10,0,0,445.95643615722656,572.399824142456,20.80148849487305,445.95643615722656,completed
672.846936,10,37.884092,1.0,True,10,0,0,447.8831100463867,609.7254829406738,23.88625831604004,447.8831100463867,completed
690.062811,10,37.891524,1.0,True,10,0,0,528.1767954826355,564.7193484306335,24.341991424560547,528.1767954826355,completed
810.705154,10,37.89927,1.0,True,10,0,0,533.7735824584961,682.9560470581055,14.138952255249023,533.7735824584961,completed
963.642034,10,37.906649,1.0,True,10,0,0,499.54895210266113,613.1918067932129,8.85588035583496,499.54895210266113,completed
489.715759,10,37.914313,1.0,True,10,0,0,496.37734031677246,658.2977409362793,30.16651611328125,496.37734031677246,completed
541.677615,10,37.921848,1.0,True,10,0,0,539.5013732910156,798.442626953125,19.81673355102539,539.5013732910156,completed
451.769302,10,37.929136,1.0,True,10,0,0,641.420488357544,772.7675304412842,18.916706085205078,641.420488357544,completed
-102.120729,10,37.936683,1.0,True,10,0,0,552.7160606384277,813.9501152038574,48.25729827880859,552.7160606384277,completed
485.345678,10,37.94425,1.0,True,10,0,0,543.1474666595459,817.3310394287109,22.73508491516113,543.1474666595459,completed
494.203646,10,37.951413,1.0,True,10,0,0,540.8150444030762,690.5362739562988,25.585871315002443,540.8150444030762,completed
77.005189,10,37.958988,1.0,True,10,0,0,664.9806137084961,786.2267837524414,36.20784902572632,664.9806137084961,completed
-186.135652,10,37.96635,1.0,True,10,0,0,607.4402990341187,841.4651384353638,49.302991008758546,607.4402990341187,completed
317.22588,10,37.973674,1.0,True,10,0,0,568.8654232025146,712.3415184020996,32.39395980834961,568.8654232025146,completed
498.753963,10,37.981533,1.0,True,10,0,0,502.63780403137207,621.1254482269287,30.32126808166504,502.63780403137207,completed
201.535449,10,37.989035,1.0,True,10,0,0,487.56982231140137,707.874059677124,39.61305961608887,487.56982231140137,completed
1076.447893,10,37.996725,1.0,True,10,0,0,435.89677810668945,566.7183494567871,8.931192779541016,435.89677810668945,completed
-324.027571,10,38.004158,1.0,True,10,0,0,626.6807155609131,947.4065742492676,48.543595504760745,626.6807155609131,completed
1335.446273,10,38.011494,1.0,True,10,0,0,356.07330417633057,464.4469242095947,5.250906372070313,356.07330417633057,completed
654.403652,10,38.019147,1.0,True,10,0,0,476.2882881164551,595.5342407226562,24.73678550720215,476.2882881164551,completed
36.471869,10,38.030129,1.0,True,10,0,0,634.9833660125732,864.5077056884766,37.32898178100586,634.9833660125732,completed
-536.258565,10,38.037687,1.0,True,10,0,0,757.8588161468506,1001.0393886566162,53.51999740600586,757.8588161468506,completed
710.865862,10,38.045184,1.0,True,10,0,0,463.9800624847412,588.6521492004395,26.41143684387207,463.9800624847412,completed
1252.13385,10,38.052663,1.0,True,10,0,0,361.7831666469574,474.84841108322144,9.923149871826173,361.7831666469574,completed
623.691867,10,38.060577,1.0,True,10,0,0,453.06335639953613,564.0360221862793,27.45152473449707,453.06335639953613,completed
229.357032,10,38.068187,1.0,True,10,0,0,623.0994110107422,844.6138038635254,27.88540687561035,623.0994110107422,completed
848.981952,10,38.075905,1.0,True,10,0,0,536.1327838897705,536.1327838897705,17.729615783691408,536.1327838897705,completed
993.840697,10,38.083762,1.0,True,10,0,0,406.5436155796051,603.4485440254211,13.171986770629882,406.5436155796051,completed
1060.464723,10,38.09086,1.0,True,10,0,0,417.54425716400146,646.1990756988525,8.409486961364745,417.54425716400146,completed
829.380591,10,38.098489,1.0,True,10,0,0,427.74903869628906,487.4517822265625,24.638651275634764,427.74903869628906,completed
478.657913,10,38.106213,1.0,True,10,0,0,503.71590852737427,649.2291841506958,29.74802198410034,503.71590852737427,completed
645.527164,10,38.113863,1.0,True,10,0,0,493.1022744178772,713.1576943397522,19.456900358200073,493.1022744178772,completed
418.803649,10,38.12132,1.0,True,10,0,0,602.5658302307129,726.7662467956543,28.0106990814209,602.5658302307129,completed
229.23131,10,38.12901,1.0,True,10,0,0,607.7646217346191,801.7694091796875,33.20817832946777,607.7646217346191,completed
1011.708831,10,38.136826,1.0,True,10,0,0,465.87765312194824,535.664794921875,14.226665115356445,465.87765312194824,completed
102.726915,10,38.143919,1.0,True,10,0,0,646.7681217193604,868.4732437133789,32.1945821762085,646.7681217193604,completed
120.297203,10,38.151604,1.0,True,10,0,0,607.88844871521,794.9903430938721,39.02401752471924,607.88844871521,completed
-43.231191,10,38.159163,1.0,True,10,0,0,704.4389777183533,771.0234899520874,41.87209825515747,704.4389777183533,completed
565.033152,10,38.166268,1.0,True,10,0,0,508.45295238494873,683.9830913543701,24.625683784484863,508.45295238494873,completed
892.29783,10,38.17363,1.0,True,10,0,0,484.64739179611206,509.50543546676636,19.822887802124022,484.64739179611206,completed
44.578352,10,38.181068,1.0,True,10,0,0,620.5456285476685,809.9824542999268,39.10567855834961,620.5456285476685,completed
1153.001746,10,38.188367,1.0,True,10,0,0,339.31121826171875,477.7567596435547,12.893954372406006,339.31121826171875,completed
247.519407,10,38.196563,1.0,True,10,0,0,595.1659679412842,739.8479480743408,33.57741346359253,595.1659679412842,completed
255.561033,10,38.204135,1.0,True,10,0,0,536.629810333252,800.0357666015625,32.87108688354492,536.629810333252,completed
617.986923,10,38.212138,1.0,True,10,0,0,503.0120487213135,732.7559795379639,20.70871353149414,503.0120487213135,completed
-284.910907,10,38.219995,1.0,True,10,0,0,648.9278411865234,875.7559928894043,49.86113052368164,648.9278411865234,completed
720.807457,10,38.227529,1.0,True,10,0,0,511.25282287597656,569.9535961151123,24.274594688415526,511.25282287597656,completed
959.413184,10,38.235116,1.0,True,10,0,0,464.3438491821289,593.3743629455566,11.21343536376953,464.3438491821289,completed
605.427711,10,38.242956,1.0,True,10,0,0,593.9147186279297,725.3138008117676,17.76891384124756,593.9147186279297,completed
720.11735,10,38.250716,1.0,True,10,0,0,458.2519073486328,584.4133224487305,23.853842544555665,458.2519073486328,completed
569.380923,10,38.258137,1.0,True,10,0,0,597.0142669677734,717.7392730712891,19.894865798950196,597.0142669677734,completed
455.574981,10,38.265716,1.0,True,10,0,0,485.41235542297363,625.9728736877441,31.48037223815918,485.41235542297363,completed
1258.011402,10,38.273061,1.0,True,10,0,0,306.7477197647095,462.40880584716797,11.964513969421386,306.7477197647095,completed
452.804089,10,38.280753,1.0,True,10,0,0,456.0910110473633,701.5037040710449,30.84436149597168,456.0910110473633,completed
549.672395,10,38.288721,1.0,True,10,0,0,558.1703643798828,777.0890197753906,18.78137321472168,558.1703643798828,completed
514.730702,10,38.296424,1.0,True,10,0,0,457.5533275604248,688.2329597473145,28.43405227661133,457.5533275604248,completed
283.55609,10,38.303839,1.0,True,10,0,0,568.2527904510498,738.2295455932617,32.671986770629886,568.2527904510498,completed
831.00481,10,38.311278,1.0,True,10,0,0,473.72873640060425,570.1213426589966,21.131223583221434,473.72873640060425,completed
291.019646,10,38.319118,1.0,True,10,0,0,617.5342330932617,754.6777153015137,31.16571636199951,617.5342330932617,completed
955.887397,10,38.326489,1.0,True,10,0,0,451.9957218170166,563.0104141235352,14.680185699462891,451.9957218170166,completed
1058.551236,10,38.33396,1.0,True,10,0,0,467.8528079986572,563.5193939208984,10.29328727722168,467.8528079986572,completed
651.409795,10,38.342057,1.0,True,10,0,0,447.43263053894043,672.576602935791,25.26481819152832,447.43263053894043,completed
821.202723,10,38.349767,1.0,True,10,0,0,443.5710144042969,484.14037322998047,22.255012893676756,443.5710144042969,completed
389.024971,10,38.357665,1.0,True,10,0,0,570.6106777191162,679.4791641235352,30.559077072143555,570.6106777191162,completed
391.159118,10,38.365324,1.0,True,10,0,0,517.3950042724609,772.0865097045898,25.705435943603515,517.3950042724609,completed
112.420456,10,38.373301,1.0,True,10,0,0,641.9682579040527,846.1119346618652,34.33377304077148,641.9682579040527,completed
22.483124,10,38.381278,1.0,True,10,0,0,583.917896270752,788.1457557678223,42.51029033660889,583.917896270752,completed
548.388782,10,38.388917,1.0,True,10,0,0,440.32206535339355,676.8772392272949,27.89265079498291,440.32206535339355,completed
-281.578746,10,38.39611,1.0,True,10,0,0,644.9476280212402,933.7035789489746,47.87681159973145,644.9476280212402,completed
491.333889,10,38.404224,1.0,True,10,0,0,554.6165008544922,869.2577095031738,17.985636520385743,554.6165008544922,completed
148.057413,10,38.411763,1.0,True,10,0,0,475.8133487701416,678.3000831604004,44.26622428894043,475.8133487701416,completed
1037.331221,10,38.419496,1.0,True,10,0,0,409.8183526992798,459.2245903015137,16.33153591156006,409.8183526992798,completed
579.521835,10,38.427054,1.0,True,10,0,0,509.5282096862793,678.7366638183594,25.407545471191405,509.5282096862793,completed
597.334891,10,38.434394,1.0,True,10,0,0,534.4317092895508,681.9403209686279,24.84358654022217,534.4317092895508,completed
484.023509,10,38.442908,1.0,True,10,0,0,571.2870903015137,753.4811172485352,24.218750381469725,571.2870903015137,completed
251.879674,10,38.450365,1.0,True,10,0,0,638.9572525024414,695.5501441955566,35.73204078674316,638.9572525024414,completed
937.542411,10,38.457863,1.0,True,10,0,0,451.39598655700684,575.6723041534424,16.16902313232422,451.39598655700684,completed
717.645676,10,38.465377,1.0,True,10,0,0,592.891116142273,652.1647491455078,18.71192150115967,592.891116142273,completed
1159.948099,10,38.472714,1.0,True,10,0,0,447.99608421325684,560.9565849304199,5.960100364685059,447.99608421325684,completed
620.647128,10,38.480369,1.0,True,10,0,0,473.9275207519531,577.2119541168213,26.25316047668457,473.9275207519531,completed
879.843571,10,38.487925,1.0,True,10,0,0,382.3770546913147,601.3745274543762,18.46091079711914,382.3770546913147,completed
270.761403,10,38.495614,1.0,True,10,0,0,539.8638229370117,686.3112487792969,35.768896484375,539.8638229370117,completed
1060.142142,10,38.502901,1.0,True,10,0,0,394.0959310531616,485.30128479003906,14.228444290161132,394.0959310531616,completed
1133.038091,10,38.510262,1.0,True,10,0,0,355.92493438720703,621.8011093139648,7.971286392211914,355.92493438720703,completed
850.729295,10,38.517583,1.0,True,10,0,0,454.47814750671387,633.9750328063965,14.710564041137696,454.47814750671387,completed
724.559702,10,38.524822,1.0,True,10,0,0,522.7428607940674,574.2791881561279,23.5043737411499,522.7428607940674,completed
308.382421,10,38.532178,1.0,True,10,0,0,630.8791742324829,821.2095108032227,26.23798065185547,630.8791742324829,completed
24.771531,10,38.539758,1.0,True,10,0,0,642.3073997497559,776.0509910583496,40.05939693450928,642.3073997497559,completed
226.359199,10,38.547169,1.0,True,10,0,0,567.1565570831299,760.1770401000977,34.35760612487793,567.1565570831299,completed
-169.571898,10,38.554532,1.0,True,10,0,0,683.0476188659668,977.1996879577637,38.74118347167969,683.0476188659668,completed
331.150345,10,38.562301,1.0,True,10,0,0,699.7564735412598,720.2658996582031,28.585164070129395,699.7564735412598,completed
861.495377,10,38.569968,1.0,True,10,0,0,414.67538261413574,640.1858253479004,16.274749279022217,414.67538261413574,completed
1002.08178,10,38.577498,1.0,True,10,0,0,351.6090850830078,412.53572845458984,23.65817337036133,351.6090850830078,completed
-80.132594,10,38.584996,1.0,True,10,0,0,612.665849685669,854.9568729400635,44.354026222229,612.665849685669,completed
960.452809,10,38.592519,1.0,True,10,0,0,467.57438230514526,699.7567319869995,7.713507843017578,467.57438230514526,completed
-476.912497,10,38.599856,1.0,True,10,0,0,694.7809708118439,991.6231408119202,52.962923002243045,694.7809708118439,completed
205.202827,10,38.60734,1.0,True,10,0,0,416.18177032470703,670.0046806335449,43.65414810180664,416.18177032470703,completed
550.244107,10,38.61493,1.0,True,10,0,0,495.1614532470703,644.834228515625,27.917068481445312,495.1614532470703,completed
861.039489,10,38.622458,1.0,True,10,0,0,475.96347427368164,679.8770027160645,13.525886154174804,475.96347427368164,completed
757.899098,10,38.629967,1.0,True,10,0,0,411.78510093688965,609.5663204193115,23.225344467163087,411.78510093688965,completed
14.659914,10,38.637847,1.0,True,10,0,0,698.5748281478882,830.105634689331,35.90394954681396,698.5748281478882,completed
-599.723802,10,38.645559,1.0,True,10,0,0,630.9034214019775,975.5052757263184,59.406297302246095,630.9034214019775,completed
362.237796,10,38.652871,1.0,True,10,0,0,529.7100510597229,772.5576944351196,28.0061354637146,529.7100510597229,completed
-4.683119,10,38.660554,1.0,True,10,0,0,609.0689544677734,812.3989810943604,43.030143356323244,609.0689544677734,completed
419.308201,10,38.667782,1.0,True,10,0,0,545.5825023651123,751.50950050354,28.334092330932616,545.5825023651123,completed
806.79527,10,38.675199,1.0,True,10,0,0,442.62402987480164,534.2996582984924,23.995034408569335,442.62402987480164,completed
1207.517908,10,38.682767,1.0,True,10,0,0,373.79170751571655,428.8238573074341,14.325041198730469,373.79170751571655,completed
126.073703,10,38.690509,1.0,True,10,0,0,648.773775100708,777.1363945007324,35.990599918365476,648.773775100708,completed
668.901176,10,38.698073,1.0,True,10,0,0,466.6355094909668,681.4310684204102,22.077167129516603,466.6355094909668,completed
-85.619299,10,38.705559,1.0,True,10,0,0,664.6316452026367,1117.6623077392578,28.62058868408203,664.6316452026367,completed
1028.211412,10,38.713578,1.0,True,10,0,0,405.61989402770996,605.7863159179688,12.602585220336914,405.61989402770996,completed
291.228652,10,38.721591,1.0,True,10,0,0,632.0132703781128,809.3400983810425,27.714463901519775,632.0132703781128,completed
753.66592,10,38.729316,1.0,True,10,0,0,411.02893257141113,703.6438751220703,17.03542289733887,411.02893257141113,completed
352.43557,10,38.737103,1.0,True,10,0,0,565.4870719909668,692.6372947692871,31.818558120727538,565.4870719909668,completed
847.054867,10,38.745321,1.0,True,10,0,0,444.54609394073486,657.2723255157471,15.160895919799804,444.54609394073486,completed
526.715435,10,38.752924,1.0,True,10,0,0,453.7520866394043,694.8251438140869,26.33628273010254,453.7520866394043,completed
374.168758,10,38.760665,1.0,True,10,0,0,472.03749084472656,701.7670021057129,31.783252239227295,472.03749084472656,completed
-182.460028,10,38.769647,1.0,True,10,0,0,647.1589393615723,827.7346000671387,48.682830238342284,647.1589393615723,completed
224.16031,10,38.77718,1.0,True,10,0,0,475.3447017669678,688.347864151001,39.92251091003418,475.3447017669678,completed
-433.682459,10,38.784879,1.0,True,10,0,0,692.0176935195923,951.8498010635376,53.07185306549072,692.0176935195923,completed
1086.44178,10,38.792543,1.0,True,10,0,0,406.91419792175293,482.7402629852295,15.169770622253418,406.91419792175293,completed
590.484426,10,38.800122,1.0,True,10,0,0,412.90642738342285,584.9756870269775,32.914923095703124,412.90642738342285,completed
801.863793,10,38.807853,1.0,True,10,0,0,504.5851263999939,538.3006277084351,19.662722015380858,504.5851263999939,completed
1216.712601,10,38.815064,1.0,True,10,0,0,399.78002071380615,525.9757289886475,7.7423042297363285,399.78002071380615,completed
529.465344,10,38.822267,1.0,True,10,0,0,596.4932169914246,653.7013731002808,25.428360748291016,596.4932169914246,completed
-300.154501,10,38.829676,1.0,True,10,0,0,684.262544631958,890.7111988067627,47.490732765197755,684.262544631958,completed
1397.253421,10,38.836908,1.0,True,10,0,0,318.89877223968506,353.5554027557373,6.874818611145019,318.89877223968506,completed
57.217832,10,38.844233,1.0,True,10,0,0,614.8219375610352,769.4449234008789,39.6249794960022,614.8219375610352,completed
264.897503,10,38.851732,1.0,True,10,0,0,406.5911979675293,715.0422706604004,38.48006401062012,406.5911979675293,completed
849.711205,10,38.859737,1.0,True,10,0,0,417.8800165653229,618.0503792762756,17.98526840209961,417.8800165653229,completed
390.070824,10,38.867699,1.0,True,10,0,0,477.16908836364746,732.084156036377,34.166757583618164,477.16908836364746,completed
251.736588,10,38.87538,1.0,True,10,0,0,659.5052070617676,828.1034851074219,27.832322692871095,659.5052070617676,completed
352.861355,10,38.884185,1.0,True,10,0,0,584.4666614532471,784.137149810791,28.695389175415038,584.4666614532471,completed
543.19552,10,38.89298,1.0,True,10,0,0,485.0581645965576,638.6632919311523,27.661997985839843,485.0581645965576,completed
540.293842,10,38.901248,1.0,True,10,0,0,561.7594614028931,649.2916240692139,26.171484756469727,561.7594614028931,completed
1050.457809,10,38.915042,1.0,True,10,0,0,416.1648464202881,595.2245407104492,8.004814434051514,416.1648464202881,completed
591.9546,10,38.924455,1.0,True,10,0,0,457.8825626373291,637.2160873413086,27.368908309936522,457.8825626373291,completed
812.207044,10,38.933277,1.0,True,10,0,0,461.0014591217041,543.7750291824341,20.151977443695067,461.0014591217041,completed
1031.289983,10,38.94198,1.0,True,10,0,0,431.19874143600464,491.6103811264038,14.210967636108398,431.19874143600464,completed
1010.013837,10,38.950611,1.0,True,10,0,0,396.5444555282593,524.57936668396,17.001109313964843,396.5444555282593,completed
1016.68746,10,38.958266,1.0,True,10,0,0,409.36564004421234,515.021281003952,15.55848731994629,409.36564004421234,completed
1334.667734,10,38.974072,1.0,True,10,0,0,357.63645029067993,448.60658740997314,6.114157485961914,357.63645029067993,completed
167.225779,10,38.983264,1.0,True,10,0,0,593.3478746414185,924.8318767547607,31.222521591186524,593.3478746414185,completed
1261.255449,10,38.990913,1.0,True,10,0,0,318.66881465911865,411.89939308166504,12.972696495056152,318.66881465911865,completed
1293.029828,10,38.998394,1.0,True,10,0,0,378.82996940612793,550.2269906997681,4.4711250305175785,378.82996940612793,completed
456.033947,10,39.005854,1.0,True,10,0,0,537.3910140991211,691.9008255004883,27.522026824951173,537.3910140991211,completed
1020.379685,10,39.013304,1.0,True,10,0,0,477.5458927154541,587.3626918792725,11.849690914154053,477.5458927154541,completed
553.771876,10,39.020873,1.0,True,10,0,0,484.40167713165283,650.3171586990356,29.011912155151368,484.40167713165283,completed
529.838877,10,39.028144,1.0,True,10,0,0,573.9124507904053,829.0865535736084,18.94092216491699,573.9124507904053,completed
592.463263,10,39.035824,1.0,True,10,0,0,456.1878356933594,700.7746887207031,26.39859390258789,456.1878356933594,completed
770.514972,10,39.043566,1.0,True,10,0,0,463.22106981277466,544.9850778579712,22.10343999862671,463.22106981277466,completed
789.219667,10,39.051777,1.0,True,10,0,0,469.82604789733887,594.902437210083,21.974601173400877,469.82604789733887,completed
716.089608,10,39.05966,1.0,True,10,0,0,441.40927600860596,687.7961168289185,18.87445487976074,441.40927600860596,completed
748.577776,10,39.067254,1.0,True,10,0,0,456.6454830169678,637.0870189666748,20.831960678100586,456.6454830169678,completed
814.408787,10,39.074938,1.0,True,10,0,0,476.1584072113037,597.8798580169678,16.611416244506835,476.1584072113037,completed
664.161935,10,40.279933,1.0,True,10,0,0,468.9382667541504,686.5061912536621,21.965914726257324,468.9382667541504,completed
55.047134,10,40.288281,1.0,True,10,0,0,650.9902725219727,867.4357452392578,34.508969116210935,650.9902725219727,completed
656.541027,10,40.296504,1.0,True,10,0,0,537.7823112010956,619.7880110740662,21.45113868713379,537.7823112010956,completed
996.554692,10,40.304375,1.0,True,10,0,0,464.58316135406494,533.5625143051147,15.138832283020019,464.58316135406494,completed
263.711919,10,40.312062,1.0,True,10,0,0,516.4212985038757,786.9056348800659,36.291955184936526,516.4212985038757,completed
450.972373,10,40.320109,1.0,True,10,0,0,532.3035526275635,682.6695175170898,27.185451316833497,532.3035526275635,completed
442.708324,10,40.327505,1.0,True,10,0,0,569.1269130706787,663.902774810791,27.526123809814454,569.1269130706787,completed
222.916119,10,40.334933,1.0,True,10,0,0,621.2633323669434,815.8277702331543,32.34576673507691,621.2633323669434,completed
-209.723364,10,40.342691,1.0,True,10,0,0,684.5480585098267,868.6573696136475,47.92357110977173,684.5480585098267,completed
629.081854,10,40.35023,1.0,True,10,0,0,406.8216133117676,609.1465148925781,31.088200569152832,406.8216133117676,completed
1067.821165,10,40.357727,1.0,True,10,0,0,454.541467666626,516.6376476287842,14.057627105712891,454.541467666626,completed
1014.549158,10,40.365069,1.0,True,10,0,0,378.52759313583374,488.092661857605,18.071617889404298,378.52759313583374,completed
740.364837,10,40.372644,1.0,True,10,0,0,494.56055450439453,580.1642017364502,21.985910415649414,494.56055450439453,completed
965.203957,10,40.379945,1.0,True,10,0,0,426.3449983596802,534.1241588592529,17.822623443603515,426.3449983596802,completed
506.757632,10,40.387203,1.0,True,10,0,0,624.7495651245117,680.022518157959,23.018392944335936,624.7495651245117,completed
-266.060559,10,40.394937,1.0,True,10,0,0,578.9305725097656,865.760669708252,54.06827392578125,578.9305725097656,completed
72.404425,10,40.40248,1.0,True,10,0,0,704.270435333252,844.5549049377441,29.551145935058592,704.270435333252,completed
351.246132,10,40.410161,1.0,True,10,0,0,591.9904346466064,736.3677101135254,28.677756309509277,591.9904346466064,completed
244.506559,10,40.417853,1.0,True,10,0,0,596.7954349517822,823.2033233642578,31.594626235961915,596.7954349517822,completed
1106.342217,10,40.425331,1.0,True,10,0,0,405.3567008972168,541.6469421386719,8.48160629272461,405.3567008972168,completed
754.104054,10,40.432756,1.0,True,10,0,0,521.9440250396729,638.8139801025391,17.25170764923096,521.9440250396729,completed
898.465507,10,40.440291,1.0,True,10,0,0,482.4578170776367,584.3038368225098,14.216279125213623,482.4578170776367,completed
260.96782,10,40.447843,1.0,True,10,0,0,489.582950592041,922.9019584655762,27.254512786865234,489.582950592041,completed
649.667751,10,40.455913,1.0,True,10,0,0,503.53847217559814,606.659990310669,24.794158840179442,503.53847217559814,completed
54.881059,10,40.463237,1.0,True,10,0,0,598.8172702789307,851.377025604248,36.9656925201416,598.8172702789307,completed
172.229502,10,40.470904,1.0,True,10,0,0,467.43836975097656,806.3399124145508,38.76667861938476,467.43836975097656,completed
680.07999,10,40.478905,1.0,True,10,0,0,558.1036586761475,649.3797779083252,20.537002944946288,558.1036586761475,completed
182.972482,10,40.486115,1.0,True,10,0,0,460.91571044921875,689.1586647033691,43.620178031921384,460.91571044921875,completed
92.662143,10,40.493852,1.0,True,10,0,0,561.5928268432617,832.3166770935059,35.99169082641602,561.5928268432617,completed
981.493302,10,40.501456,1.0,True,10,0,0,405.17644000053406,497.7833914756775,18.391955184936524,405.17644000053406,completed
425.339518,10,40.509096,1.0,True,10,0,0,528.0819234848022,733.5385570526123,28.295945739746095,528.0819234848022,completed
747.883488,10,40.516728,1.0,True,10,0,0,516.6686706542969,590.1658096313477,21.646645927429198,516.6686706542969,completed
-13.988907,10,40.524501,1.0,True,10,0,0,566.4780654907227,853.2699184417725,41.27525787353515,566.4780654907227,completed
794.352491,10,40.53228,1.0,True,10,0,0,460.5314784049988,577.1037855148315,21.725722885131837,460.5314784049988,completed
554.998024,10,40.54028,1.0,True,10,0,0,482.97058725357056,662.0040426254272,29.600758838653565,482.97058725357056,completed
118.786364,10,40.547694,1.0,True,10,0,0,670.2784538269043,765.8388710021973,37.581190299987796,670.2784538269043,completed
-661.049615,10,40.555167,1.0,True,10,0,0,746.5466613769531,913.5421905517578,64.91126041412353,746.5466613769531,completed
29.208403,10,40.562906,1.0,True,10,0,0,658.5932388305664,835.7008666992188,37.31823501586914,658.5932388305664,completed
145.472754,10,40.57014,1.0,True,10,0,0,543.5942554473877,752.3949909210205,38.286810111999515,543.5942554473877,completed
147.787329,10,40.577569,1.0,True,10,0,0,597.4628610610962,777.9091644287109,35.151743698120114,597.4628610610962,completed
109.987794,10,40.585648,1.0,True,10,0,0,399.0410327911377,710.240104675293,47.966173553466795,399.0410327911377,completed
1205.33284,10,40.593073,1.0,True,10,0,0,331.4572649002075,397.5929889678955,13.672025680541992,331.4572649002075,completed
406.955165,10,40.600559,1.0,True,10,0,0,590.5879640579224,740.839075088501,26.938453674316406,590.5879640579224,completed
882.21619,10,40.608047,1.0,True,10,0,0,451.8086862564087,713.553388595581,11.339493560791016,451.8086862564087,completed
165.489535,10,40.615829,1.0,True,10,0,0,604.6225652694702,838.7272634506226,31.95684680938721,604.6225652694702,completed
633.103885,10,40.62387,1.0,True,10,0,0,440.00486946105957,658.5831146240234,24.672588348388672,440.00486946105957,completed
1002.804,10,40.631101,1.0,True,10,0,0,375.2681350708008,541.3159885406494,14.579376602172852,375.2681350708008,completed
796.340159,10,40.638891,1.0,True,10,0,0,426.3421404361725,533.0492444038391,26.32501940727234,426.3421404361725,completed
1028.738548,10,40.646759,1.0,True,10,0,0,347.12153816223145,487.2218360900879,20.852225494384765,347.12153816223145,completed
1037.368856,10,40.654513,1.0,True,10,0,0,357.29894733428955,506.2413034439087,17.81931710243225,357.29894733428955,completed
1146.502218,10,40.661866,1.0,True,10,0,0,494.293888092041,575.3709907531738,5.700667953491211,494.293888092041,completed
415.887543,10,40.669773,1.0,True,10,0,0,593.2749691009521,841.6646842956543,22.115816116333008,593.2749691009521,completed
936.232993,10,40.67735,1.0,True,10,0,0,398.1192321777344,635.682315826416,14.532246017456055,398.1192321777344,completed
1096.917926,10,40.684528,1.0,True,10,0,0,416.8273983001709,556.6128692626953,10.285573959350586,416.8273983001709,completed
1194.358933,10,40.692246,1.0,True,10,0,0,388.9480953216553,451.16247749328613,12.049674224853515,388.9480953216553,completed
853.397104,10,40.701387,1.0,True,10,0,0,480.88946056365967,628.9781169891357,12.809664535522462,480.88946056365967,completed
777.118076,10,40.711846,1.0,True,10,0,0,430.19897842407227,521.4308700561523,24.05942897796631,430.19897842407227,completed
842.030825,10,40.719323,1.0,True,10,0,0,473.71000480651855,513.7352809906006,19.931718158721925,473.71000480651855,completed
860.427641,10,40.727678,1.0,True,10,0,0,551.0811233520508,708.140510559082,10.9984561920166,551.0811233520508,completed
-396.012968,10,40.736665,1.0,True,10,0,0,748.3052501678467,858.9194717407227,53.36091995239258,748.3052501678467,completed
-388.692983,10,40.744076,1.0,True,10,0,0,680.6084003448486,926.276086807251,50.07121238708496,680.6084003448486,completed
355.209372,10,40.751406,1.0,True,10,0,0,517.2911472320557,787.2653198242188,26.671204376220704,517.2911472320557,completed
81.314771,10,40.75935,1.0,True,10,0,0,614.5996570587158,815.3675117492676,37.15105857849121,614.5996570587158,completed
251.196677,10,40.766859,1.0,True,10,0,0,666.4659938812256,762.6101875305176,30.002626037597658,666.4659938812256,completed
-594.625595,10,40.774692,1.0,True,10,0,0,725.3845024108887,1013.3111610412598,55.48763084411621,725.3845024108887,completed
482.498644,10,40.782201,1.0,True,10,0,0,588.7420291900635,699.4480972290039,25.493161582946776,588.7420291900635,completed
1278.973781,10,40.789573,1.0,True,10,0,0,390.84064769744873,492.9890470504761,6.711693954467774,390.84064769744873,completed
1174.829283,10,40.797347,1.0,True,10,0,0,451.35222244262695,509.47665214538574,7.946753311157226,451.35222244262695,completed
812.501797,10,40.804793,1.0,True,10,0,0,449.21189308166504,557.3914070129395,19.742025947570802,449.21189308166504,completed
-293.141383,10,40.812379,1.0,True,10,0,0,678.8261241912842,855.8090705871582,50.47278652191162,678.8261241912842,completed
692.044688,10,40.820026,1.0,True,10,0,0,472.9928283691406,681.0075454711914,20.752565765380858,472.9928283691406,completed
816.391875,10,40.827691,1.0,True,10,0,0,426.92166233062744,555.7982044219971,22.80385513305664,426.92166233062744,completed
733.702816,10,40.835214,1.0,True,10,0,0,461.2842617034912,607.220293045044,20.579215240478515,461.2842617034912,completed
-894.035755,10,40.843015,1.0,True,10,0,0,901.5910930633545,1122.1416873931885,59.186262130737305,901.5910930633545,completed
56.489667,10,40.850686,1.0,True,10,0,0,631.7825794219971,886.1610660552979,33.983180618286134,631.7825794219971,completed
585.155434,10,40.858088,1.0,True,10,0,0,511.1849184036255,788.9413814544678,19.01490478515625,511.1849184036255,completed
1046.641956,10,40.865632,1.0,True,10,0,0,380.95393466949463,503.28727436065674,14.308484077453613,380.95393466949463,completed
772.479946,10,40.87302,1.0,True,10,0,0,524.664472579956,576.8208484649658,19.66092185974121,524.664472579956,completed
691.717897,10,40.881003,1.0,True,10,0,0,369.6779384613037,550.2952346801758,29.807529067993165,369.6779384613037,completed
555.524392,10,40.889169,1.0,True,10,0,0,466.8552417755127,647.76828956604,28.340867233276366,466.8552417755127,completed
558.212417,10,40.897122,1.0,True,10,0,0,508.6246852874756,716.592248916626,23.168064880371094,508.6246852874756,completed
1262.304507,10,40.906708,1.0,True,10,0,0,374.21934044361115,410.36841797828674,11.337931442260743,374.21934044361115,completed
665.567283,10,40.915217,1.0,True,10,0,0,412.40489959716797,618.772762298584,26.06698694229126,412.40489959716797,completed
1322.352552,10,40.922754,1.0,True,10,0,0,318.1931834220886,460.58308124542236,7.254507446289063,318.1931834220886,completed
-286.266006,10,40.930507,1.0,True,10,0,0,664.1025772094727,973.415958404541,45.3523452758789,664.1025772094727,completed
280.774799,10,40.937934,1.0,True,10,0,0,533.0722045898438,774.4041481018066,33.126865768432616,533.0722045898438,completed
-178.795162,10,40.945459,1.0,True,10,0,0,634.373987197876,808.013219833374,48.71781139373779,634.373987197876,completed
-143.078689,10,40.952831,1.0,True,10,0,0,621.9686641693115,864.804048538208,44.18065185546875,621.9686641693115,completed
996.669924,10,40.960346,1.0,True,10,0,0,462.48389434814453,528.54345703125,12.972096824645996,462.48389434814453,completed
-77.669279,10,40.967862,1.0,True,10,0,0,660.7848930358887,781.7002258300781,44.31640472412109,660.7848930358887,completed
887.724243,10,40.975834,1.0,True,10,0,0,392.5874285697937,505.6664834022522,21.77450838088989,392.5874285697937,completed
-130.102837,10,40.983668,1.0,True,10,0,0,689.1168098449707,902.2614974975586,40.70725517272949,689.1168098449707,completed
1219.919122,10,40.991085,1.0,True,10,0,0,356.9594211578369,415.16869735717773,12.460982918739319,356.9594211578369,completed
763.686049,10,40.998356,1.0,True,10,0,0,398.55683040618896,554.7752323150635,25.09635486602783,398.55683040618896,completed
1096.447804,10,41.006079,1.0,True,10,0,0,391.3908863067627,509.87773990631104,12.392607498168946,391.3908863067627,completed
674.041297,10,41.013907,1.0,True,10,0,0,539.5098962783813,589.8747386932373,23.4195276260376,539.5098962783813,completed
85.574751,10,41.021619,1.0,True,10,0,0,536.6794700622559,943.6720161437988,32.21891746520996,536.6794700622559,completed
1028.125446,10,41.029692,1.0,True,10,0,0,345.7964687347412,428.84011459350586,20.383627343177796,345.7964687347412,completed
1126.015467,10,41.037246,1.0,True,10,0,0,355.3648896217346,407.4844675064087,17.626634263992308,355.3648896217346,completed
1063.359451,10,41.044959,1.0,True,10,0,0,438.39733505249023,591.729700088501,8.134973907470703,438.39733505249023,completed
118.877036,10,41.052806,1.0,True,10,0,0,492.3084316253662,728.5491714477539,42.46669082641601,492.3084316253662,completed
435.362919,10,41.060379,1.0,True,10,0,0,576.4796524047852,760.9302444458008,22.336301040649413,576.4796524047852,completed
764.907945,10,41.067622,1.0,True,10,0,0,393.1426591873169,595.3465900421143,24.216260528564455,393.1426591873169,completed
567.440651,10,41.075412,1.0,True,10,0,0,557.845068693161,641.5193393230438,25.35905170440674,557.845068693161,completed
835.822128,10,41.083293,1.0,True,10,0,0,489.22070693969727,507.3474655151367,20.128161811828612,489.22070693969727,completed
382.152803,10,41.091313,1.0,True,10,0,0,589.9891738891602,707.0706100463867,27.5538010597229,589.9891738891602,completed
368.164177,10,41.098766,1.0,True,10,0,0,579.4427261352539,703.3351135253906,30.025078105926514,579.4427261352539,completed
186.766497,10,41.106247,1.0,True,10,0,0,644.05859375,841.5730934143066,29.553397178649902,644.05859375,completed
899.751088,10,41.113415,1.0,True,10,0,0,424.7675828933716,545.0940933227539,18.03924298286438,424.7675828933716,completed
677.992197,10,41.121182,1.0,True,10,0,0,474.2024989128113,653.9134931564331,21.659073066711425,474.2024989128113,completed
889.971585,10,41.128494,1.0,True,10,0,0,447.86323642730713,503.3631830215454,21.380548572540285,447.86323642730713,completed
651.827287,10,41.135992,1.0,True,10,0,0,498.2662134170532,693.2622623443604,18.831224822998045,498.2662134170532,completed
1335.210898,10,41.14341,1.0,True,10,0,0,340.7692973613739,400.55589151382446,9.235802125930785,340.7692973613739,completed
839.089236,10,41.150717,1.0,True,10,0,0,518.9552488327026,575.7568683624268,17.810252952575684,518.9552488327026,completed
552.935396,10,41.158535,1.0,True,10,0,0,580.7681007385254,816.2742538452148,17.035103225708006,580.7681007385254,completed
-0.033986,10,41.166001,1.0,True,10,0,0,606.120044708252,855.1057205200195,39.28728332519531,606.120044708252,completed
-458.655988,10,41.173968,1.0,True,10,0,0,780.665153503418,1013.6990242004395,45.759398460388184,780.665153503418,completed
917.873346,10,41.181311,1.0,True,10,0,0,388.81922340393066,599.5722427368164,15.21528263092041,388.81922340393066,completed
485.872904,10,41.188751,1.0,True,10,0,0,509.3069381713867,710.2036933898926,28.36594352722168,509.3069381713867,completed
343.273029,10,41.195974,1.0,True,10,0,0,513.473952293396,649.0561008453369,33.73404445648193,513.473952293396,completed
538.859706,10,41.203435,1.0,True,10,0,0,425.9360089302063,572.8173265457153,33.27398147583008,425.9360089302063,completed
657.682645,10,41.211179,1.0,True,10,0,0,406.7571392059326,590.3345403671265,29.44475383758545,406.7571392059326,completed
633.476557,10,41.218924,1.0,True,10,0,0,393.40986824035645,631.2817821502686,27.553378105163574,393.40986824035645,completed
1031.352243,10,41.226138,1.0,True,10,0,0,430.9685106277466,508.4394283294678,13.289163970947266,430.9685106277466,completed
1031.227613,10,41.233475,1.0,True,10,0,0,453.6228971481323,509.21812629699707,13.822935485839844,453.6228971481323,completed
1588.147334,10,41.242141,1.0,True,10,0,0,289.42490673065186,312.7857475280762,4.2066699981689455,289.42490673065186,completed
806.643254,10,41.249646,1.0,True,10,0,0,486.8114891052246,573.1517143249512,16.79014835357666,486.8114891052246,completed
490.009352,10,41.257193,1.0,True,10,0,0,500.2251901626587,611.924970626831,28.836903285980224,500.2251901626587,completed
311.710437,10,41.264596,1.0,True,10,0,0,574.5873031616211,726.8873138427734,31.698056793212892,574.5873031616211,completed
246.540531,10,41.272671,1.0,True,10,0,0,480.08522605895996,667.3219375610352,39.81771011352539,480.08522605895996,completed
-221.713117,10,41.279896,1.0,True,10,0,0,785.4596214294434,785.4596214294434,46.32158803939819,785.4596214294434,completed
913.157569,10,41.288154,1.0,True,10,0,0,480.04966926574707,555.4021797180176,16.3935115814209,480.04966926574707,completed
1191.901691,10,41.295275,1.0,True,10,0,0,398.4941577911377,443.90663719177246,11.035225677490235,398.4941577911377,completed
650.863164,10,41.303231,1.0,True,10,0,0,508.7746772766113,613.0897789001465,26.723663663864137,508.7746772766113,completed
1054.475618,10,41.311171,1.0,True,10,0,0,444.3469316959381,682.5588097572327,4.655076599121093,444.3469316959381,completed
895.440382,10,41.318447,1.0,True,10,0,0,453.2878894805908,505.51235580444336,19.576164627075194,453.2878894805908,completed
460.557563,10,41.326673,1.0,True,10,0,0,424.62691497802734,633.4956130981445,33.89105567932129,424.62691497802734,completed
698.30206,10,41.334167,1.0,True,10,0,0,431.485228061676,596.3041429519653,26.343612289428712,431.485228061676,completed
1092.670106,10,41.342154,1.0,True,10,0,0,450.14098739624023,576.9685649871826,8.37899398803711,450.14098739624023,completed
663.532582,10,41.349571,1.0,True,10,0,0,524.10205078125,643.7308368682861,21.445113372802734,524.10205078125,completed
1025.891469,10,41.357521,1.0,True,10,0,0,404.29633808135986,483.05659008026123,15.758423948287964,404.29633808135986,completed
-244.089906,10,41.364744,1.0,True,10,0,0,633.482967376709,882.8173789978027,49.14505043029785,633.482967376709,completed
732.636303,10,41.372136,1.0,True,10,0,0,468.2405261993408,698.3812103271484,16.660002517700196,468.2405261993408,completed
807.733248,10,41.38001,1.0,True,10,0,0,390.7944793701172,560.8593769073486,25.29223747253418,390.7944793701172,completed
1156.40432,10,41.387325,1.0,True,10,0,0,434.78258895874023,434.78258895874023,12.223263931274413,434.78258895874023,completed
286.647037,10,41.394816,1.0,True,10,0,0,522.537522315979,881.3749256134033,28.515901565551758,522.537522315979,completed
217.001802,10,41.402666,1.0,True,10,0,0,529.6513290405273,742.6246013641357,38.16601696014404,529.6513290405273,completed
339.004944,10,41.410363,1.0,True,10,0,0,560.7468185424805,671.8610572814941,33.77499008178711,560.7468185424805,completed
549.907762,10,41.418309,1.0,True,10,0,0,451.4565715789795,597.644552230835,31.840464401245118,451.4565715789795,completed
1414.106386,10,41.426055,1.0,True,10,0,0,363.3149604797363,440.06393241882324,3.691715621948242,363.3149604797363,completed
196.135722,10,41.433614,1.0,True,10,0,0,644.45241355896,774.5418968200684,32.75983715057373,644.45241355896,completed
461.87017,10,41.441372,1.0,True,10,0,0,546.5801277160645,632.737979888916,30.208498764038087,546.5801277160645,completed
1012.077289,10,41.448639,1.0,True,10,0,0,483.3622612953186,582.6389627456665,11.100124740600586,483.3622612953186,completed
694.454277,10,41.456554,1.0,True,10,0,0,387.08775806427,555.7873783111572,26.346347618103028,387.08775806427,completed
-257.073357,10,41.463613,1.0,True,10,0,0,712.3574333190918,890.3158760070801,45.765571689605714,712.3574333190918,completed
70.381265,10,41.471641,1.0,True,10,0,0,600.8296091556549,743.2615513801575,42.076663160324095,600.8296091556549,completed
973.428803,10,41.479688,1.0,True,10,0,0,441.38034439086914,482.4292964935303,17.303538227081297,441.38034439086914,completed
274.650671,10,41.48718,1.0,True,10,0,0,686.3733997344971,915.4526863098145,22.326366710662843,686.3733997344971,completed
1049.507362,10,41.494639,1.0,True,10,0,0,399.01180362701416,438.71785068511963,17.17479600906372,399.01180362701416,completed
753.58346,10,41.502261,1.0,True,10,0,0,438.40710639953613,553.2293567657471,24.49099917411804,438.40710639953613,completed
405.809404,10,41.509846,1.0,True,10,0,0,532.2409629821777,708.181022644043,29.292344665527345,532.2409629821777,completed
496.214649,10,41.517583,1.0,True,10,0,0,570.0995121002197,673.5171413421631,28.042839431762694,570.0995121002197,completed
850.264613,10,41.524937,1.0,True,10,0,0,526.6596446037292,552.8284792900085,15.781413650512695,526.6596446037292,completed
838.930691,10,41.533152,1.0,True,10,0,0,461.9137268066406,580.7273368835449,16.75605010986328,461.9137268066406,completed
975.113491,10,41.541186,1.0,True,10,0,0,460.62443470954895,578.165445804596,12.626492881774903,460.62443470954895,completed
253.030159,10,41.549746,1.0,True,10,0,0,504.25332832336426,722.8229293823242,38.215631103515626,504.25332832336426,completed
606.024702,10,41.557869,1.0,True,10,0,0,428.2508735656738,554.1170845031738,29.624799060821534,428.2508735656738,completed
374.51427,10,41.56708,1.0,True,10,0,0,533.0214138031006,766.6220855712891,28.86942939758301,533.0214138031006,completed
879.269619,10,41.575284,1.0,True,10,0,0,454.388973236084,536.7582740783691,18.633144760131835,454.388973236084,completed
408.240625,10,41.5837,1.0,True,10,0,0,567.3351669311523,753.5273971557617,28.123906898498536,567.3351669311523,completed
388.738453,10,41.592305,1.0,True,10,0,0,414.6000859737396,661.8941111564636,38.720898675918576,414.6000859737396,completed
903.227745,10,41.600465,1.0,True,10,0,0,448.1940231323242,623.1199283599854,16.621195983886718,448.1940231323242,completed
260.516092,10,41.608505,1.0,True,10,0,0,558.5355930328369,666.1832008361816,36.82805156707764,558.5355930328369,completed
1042.473558,10,41.616021,1.0,True,10,0,0,416.4814224243164,456.4954948425293,14.774627208709717,416.4814224243164,completed
-308.140726,10,41.623835,1.0,True,10,0,0,701.4724864959717,918.5050010681152,47.095086669921876,701.4724864959717,completed
555.673876,10,41.632462,1.0,True,10,0,0,545.3008332252502,597.3305253982544,26.254102325439455,545.3008332252502,completed
398.291991,10,41.640962,1.0,True,10,0,0,592.2290954589844,972.8572082519531,18.311381149291993,592.2290954589844,completed
677.390424,10,41.648456,1.0,True,10,0,0,535.653284072876,741.9009399414062,15.006328582763672,535.653284072876,completed
1132.750907,10,41.656316,1.0,True,10,0,0,379.55949783325195,535.9392576217651,11.999010562896729,379.55949783325195,completed
635.223779,10,41.664611,1.0,True,10,0,0,459.05812883377075,649.9272470474243,25.721068572998046,459.05812883377075,completed
961.08709,10,41.673449,1.0,True,10,0,0,403.04565238952637,534.5114002227783,17.45614891052246,403.04565238952637,completed
888.93618,10,41.681622,1.0,True,10,0,0,489.81397247314453,611.1102867126465,12.997706031799316,489.81397247314453,completed
999.814763,10,41.689756,1.0,True,10,0,0,365.52240467071533,517.0943403244019,17.60340099334717,365.52240467071533,completed
681.166756,10,41.696997,1.0,True,10,0,0,500.09921646118164,702.8930053710938,18.029570388793946,500.09921646118164,completed
1370.709501,10,41.704672,1.0,True,10,0,0,298.22694301605225,336.276086807251,12.272531890869141,298.22694301605225,completed
25.363445,10,41.712311,1.0,True,10,0,0,579.9880905151367,821.194694519043,39.416476821899415,579.9880905151367,completed
692.398129,10,41.71999,1.0,True,10,0,0,546.1555595397949,732.2422790527344,16.972101402282714,546.1555595397949,completed
212.11856,10,41.727294,1.0,True,10,0,0,512.3696193695068,734.3767490386963,38.132262229919434,512.3696193695068,completed
178.086745,10,41.735098,1.0,True,10,0,0,605.5619468688965,815.0015525817871,32.60371894836426,605.5619468688965,completed
212.016095,10,41.742663,1.0,True,10,0,0,535.7107448577881,815.0295333862305,33.00124855041504,535.7107448577881,completed
1009.023565,10,41.749954,1.0,True,10,0,0,385.6761827468872,502.0949115753174,17.363316154479982,385.6761827468872,completed
575.087266,10,41.757742,1.0,True,10,0,0,566.9047021865845,689.6996726989746,23.30501365661621,566.9047021865845,completed
765.145064,10,41.765166,1.0,True,10,0,0,493.1269779205322,528.3366851806641,21.14041976928711,493.1269779205322,completed
367.492097,10,41.77298,1.0,True,10,0,0,575.8470916748047,691.6956214904785,30.806723213195802,575.8470916748047,completed
754.597251,10,41.780278,1.0,True,10,0,0,430.28281021118164,587.375322341919,22.806010437011718,430.28281021118164,completed
337.452308,10,41.788139,1.0,True,10,0,0,558.2152004241943,927.5409622192383,21.116175651550293,558.2152004241943,completed
296.833204,10,41.795706,1.0,True,10,0,0,458.9573984146118,669.1528720855713,37.83620986938477,458.9573984146118,completed
797.310941,10,41.803732,1.0,True,10,0,0,423.7785224914551,548.8810329437256,21.73264045715332,423.7785224914551,completed
797.26385,10,41.811799,1.0,True,10,0,0,455.68811416625977,594.50341796875,19.51847610473633,455.68811416625977,completed
1136.317155,10,41.818979,1.0,True,10,0,0,360.1620969772339,491.72804069519043,13.584237098693848,360.1620969772339,completed
537.692604,10,41.827035,1.0,True,10,0,0,473.5084571838379,615.3486747741699,30.81593894958496,473.5084571838379,completed
1081.86224,10,41.834493,1.0,True,10,0,0,365.605016708374,451.55666732788086,18.353120803833008,365.605016708374,completed
842.158471,10,41.841965,1.0,True,10,0,0,498.10286712646484,533.6246109008789,20.599636840820313,498.10286712646484,completed
577.301292,10,41.849489,1.0,True,10,0,0,535.9434680938721,765.8648681640625,21.184063625335693,535.9434680938721,completed
988.793247,10,41.856975,1.0,True,10,0,0,398.88586616516113,464.3763427734375,16.30306282043457,398.88586616516113,completed
-488.053194,10,43.050315,1.0,True,10,0,0,710.6809463500977,1040.316505432129,49.114823532104495,710.6809463500977,completed
278.870914,10,43.058338,1.0,True,10,0,0,606.808219909668,793.8490524291992,29.940509796142578,606.808219909668,completed
768.188534,10,43.065871,1.0,True,10,0,0,569.3194007873535,654.4929428100586,16.763879442214964,569.3194007873535,completed
1185.996941,10,43.073177,1.0,True,10,0,0,442.46680450439453,596.3252639770508,4.12825927734375,442.46680450439453,completed
466.298434,10,43.080941,1.0,True,10,0,0,450.2721691131592,631.4950103759766,30.44468765258789,450.2721691131592,completed
310.2502,10,43.088183,1.0,True,10,0,0,600.7957906723022,751.7041454315186,29.619888305664062,600.7957906723022,completed
271.600082,10,43.095885,1.0,True,10,0,0,537.4711151123047,816.8135185241699,28.62111892700195,537.4711151123047,completed
676.298225,10,43.103337,1.0,True,10,0,0,482.8213768005371,651.2919654846191,20.379389333724976,482.8213768005371,completed
946.582669,10,43.11075,1.0,True,10,0,0,503.7289924621582,662.5126266479492,6.870802307128907,503.7289924621582,completed
562.156883,10,43.118197,1.0,True,10,0,0,502.4278030395508,620.9729423522949,25.915809917449952,502.4278030395508,completed
32.191575,10,43.126062,1.0,True,10,0,0,644.6164417266846,919.038516998291,35.5048095703125,644.6164417266846,completed
304.865702,10,43.133295,1.0,True,10,0,0,656.2563571929932,714.997522354126,30.244160461425782,656.2563571929932,completed
866.811478,10,43.140972,1.0,True,10,0,0,373.93259143829346,624.4281826019287,15.597898292541505,373.93259143829346,completed
124.277276,10,43.148429,1.0,True,10,0,0,552.7016754150391,875.7442855834961,33.53915023803711,552.7016754150391,completed
548.742558,10,43.155872,1.0,True,10,0,0,505.62290477752686,714.0553350448608,23.871141529083253,505.62290477752686,completed
891.083464,10,43.162851,1.0,True,10,0,0,455.79316234588623,568.8361892700195,17.486041498184203,455.79316234588623,completed
446.286425,10,43.170419,1.0,True,10,0,0,520.808445930481,803.9091205596924,23.596423721313478,520.808445930481,completed
125.130556,10,43.17785,1.0,True,10,0,0,455.0437841415405,830.4649524688721,38.916586303710936,455.0437841415405,completed
700.534483,10,43.185097,1.0,True,10,0,0,519.1811590194702,625.4144878387451,19.50004425048828,519.1811590194702,completed
-558.808717,10,43.192837,1.0,True,10,0,0,820.7945461273193,987.4841270446777,51.00497245788574,820.7945461273193,completed
810.585031,10,43.200451,1.0,True,10,0,0,485.700439453125,767.9551696777344,9.662200927734375,485.700439453125,completed
602.531082,10,43.208326,1.0,True,10,0,0,357.5625972747803,652.7295417785645,28.99644317626953,357.5625972747803,completed
1055.883679,10,43.21606,1.0,True,10,0,0,289.03650695085526,427.6955190896988,20.76146730184555,289.03650695085526,completed
-67.851133,10,43.223421,1.0,True,10,0,0,665.798713684082,976.8082313537598,36.694142532348636,665.798713684082,completed
534.042146,10,43.23097,1.0,True,10,0,0,524.7905578613281,697.0800437927246,26.21477355957031,524.7905578613281,completed
957.899591,10,43.238452,1.0,True,10,0,0,455.6263904571533,530.3885459899902,17.514858722686768,455.6263904571533,completed
165.652353,10,43.246219,1.0,True,10,0,0,590.8717403411865,762.4901504516602,35.30427188873291,590.8717403411865,completed
1063.342884,10,43.253547,1.0,True,10,0,0,498.5170187950134,568.4398436546326,7.6131538391113285,498.5170187950134,completed
1084.556559,10,43.26089,1.0,True,10,0,0,462.0602722167969,510.28320503234863,10.84478759765625,462.0602722167969,completed
705.811125,10,43.268807,1.0,True,10,0,0,440.26263904571533,581.4994430541992,25.26909523010254,440.26263904571533,completed
443.71201,10,43.276737,1.0,True,10,0,0,555.109245300293,748.1601419448853,24.512314319610596,555.109245300293,completed
-230.739764,10,43.284378,1.0,True,10,0,0,642.4455099105835,1081.9630680084229,37.25565414428711,642.4455099105835,completed
860.008686,10,43.29219,1.0,True,10,0,0,564.3592147827148,601.3942222595215,12.742107009887695,564.3592147827148,completed
988.881606,10,43.299351,1.0,True,10,0,0,427.75836277008057,552.8765964508057,14.314955997467042,427.75836277008057,completed
922.755928,10,43.306869,1.0,True,10,0,0,436.9192018508911,684.7862720489502,11.341382598876953,436.9192018508911,completed
507.194424,10,43.314453,1.0,True,10,0,0,360.5521245598793,557.3550044298172,36.419189834594725,360.5521245598793,completed
705.399008,10,43.321929,1.0,True,10,0,0,556.0614547729492,678.1472778320312,19.00010566711426,556.0614547729492,completed
852.241661,10,43.329504,1.0,True,10,0,0,524.8167591094971,611.8228855133057,16.243155479431152,524.8167591094971,completed
763.746273,10,43.336768,1.0,True,10,0,0,464.6900453567505,571.2790012359619,20.951639938354493,464.6900453567505,completed
-234.064545,10,43.344473,1.0,True,10,0,0,796.0937738418579,868.4647350311279,42.05485363006592,796.0937738418579,completed
406.402671,10,43.352263,1.0,True,10,0,0,561.0999202728271,686.1910514831543,29.60636100769043,561.0999202728271,completed
505.298255,10,43.359665,1.0,True,10,0,0,519.5900535583496,699.7007236480713,27.663845825195313,519.5900535583496,completed
880.335719,10,43.367047,1.0,True,10,0,0,453.7249526977539,524.1271572113037,19.29447183609009,453.7249526977539,completed
704.002462,10,43.374827,1.0,True,10,0,0,621.2810745239258,723.6095008850098,13.362922096252442,621.2810745239258,completed
359.072883,10,43.382315,1.0,True,10,0,0,419.12238597869873,785.8020191192627,32.00357322692871,419.12238597869873,completed
805.133629,10,43.389696,1.0,True,10,0,0,515.8184928894043,634.432445526123,17.624979257583618,515.8184928894043,completed
86.045342,10,43.397092,1.0,True,10,0,0,497.68749713897705,789.2091236114502,40.61060619354248,497.68749713897705,completed
249.178398,10,43.404438,1.0,True,10,0,0,503.50152492523193,760.4045963287354,35.11378154754639,503.50152492523193,completed
353.672111,10,43.412005,1.0,True,10,0,0,446.4095902442932,709.9054284095764,34.37930817604065,446.4095902442932,completed
836.161926,10,43.419652,1.0,True,10,0,0,515.5712261199951,711.8115577697754,13.075131225585938,515.5712261199951,completed
246.646847,10,43.427326,1.0,True,10,0,0,528.187716960907,804.7421293258667,32.06120901107788,528.187716960907,completed
528.876401,10,43.435178,1.0,True,10,0,0,477.242525100708,647.3823547363281,28.13287467956543,477.242525100708,completed
1096.328178,10,43.442668,1.0,True,10,0,0,391.69840955734253,472.282301902771,14.457112216949463,391.69840955734253,completed
1149.784101,10,43.450281,1.0,True,10,0,0,424.94846630096436,439.3665542602539,15.097180461883545,424.94846630096436,completed
793.371214,10,43.457557,1.0,True,10,0,0,476.30319118499756,643.7668895721436,17.635164642333983,476.30319118499756,completed
-83.780743,10,43.464681,1.0,True,10,0,0,587.3208084106445,828.1761360168457,44.26972541809082,587.3208084106445,completed
411.901213,10,43.471808,1.0,True,10,0,0,485.13817977905273,693.8404903411865,29.939566993713377,485.13817977905273,completed
114.13642,10,43.479482,1.0,True,10,0,0,591.0416679382324,795.2067642211914,38.575556945800784,591.0416679382324,completed
100.127527,10,43.486686,1.0,True,10,0,0,581.7627658843994,890.2574138641357,34.32658290863037,581.7627658843994,completed
882.23152,10,43.493881,1.0,True,10,0,0,546.6275186538696,618.4941930770874,12.472417831420898,546.6275186538696,completed
351.994929,10,43.501403,1.0,True,10,0,0,648.3296375274658,714.3859920501709,28.15913486480713,648.3296375274658,completed
-651.223435,10,43.509108,1.0,True,10,0,0,599.0816383361816,995.2353248596191,64.3507797241211,599.0816383361816,completed
1292.232599,10,43.5162,1.0,True,10,0,0,325.97940826416016,386.9060516357422,12.579154968261719,325.97940826416016,completed
881.095203,10,43.523841,1.0,True,10,0,0,462.91541290283203,647.0901947021484,12.217816734313965,462.91541290283203,completed
846.311152,10,43.531396,1.0,True,10,0,0,363.2542253136635,571.24656021595,22.36825485229492,363.2542253136635,completed
942.142512,10,43.538826,1.0,True,10,0,0,403.18457317352295,522.4889278411865,19.060446166992186,403.18457317352295,completed
388.417379,10,43.546426,1.0,True,10,0,0,494.4325866699219,716.9045429229736,32.06640357971192,494.4325866699219,completed
915.714848,10,43.553875,1.0,True,10,0,0,430.2373638153076,584.6150741577148,14.903307628631591,430.2373638153076,completed
1033.923452,10,43.56104,1.0,True,10,0,0,443.61619091033936,503.040415763855,15.578118824958802,443.61619091033936,completed
686.643716,10,43.568374,1.0,True,10,0,0,529.2937526702881,645.2051296234131,20.052719497680663,529.2937526702881,completed
694.41168,10,43.57612,1.0,True,10,0,0,491.1751284599304,635.4395742416382,20.094985580444337,491.1751284599304,completed
253.587164,10,43.583832,1.0,True,10,0,0,600.5570769309998,835.0320081710815,29.127169036865233,600.5570769309998,completed
-55.087794,10,43.5914,1.0,True,10,0,0,589.6210880279541,825.0492458343506,44.1880485534668,589.6210880279541,completed
68.906062,10,43.59861,1.0,True,10,0,0,590.0684852600098,764.1482315063477,38.82448959350586,590.0684852600098,completed
668.899222,10,43.605957,1.0,True,10,0,0,446.9643898010254,670.596794128418,23.26328353881836,446.9643898010254,completed
1264.989714,10,43.613366,1.0,True,10,0,0,380.18739128112793,532.1869049072266,4.324612808227539,380.18739128112793,completed
212.677938,10,43.621037,1.0,True,10,0,0,412.92513275146484,735.8015060424805,43.50926628112793,412.92513275146484,completed
1089.393996,10,43.628913,1.0,True,10,0,0,422.0401306152344,525.5913391113281,10.961572647094727,422.0401306152344,completed
669.594258,10,43.636203,1.0,True,10,0,0,473.63912773132324,818.5401210784912,14.291406631469727,473.63912773132324,completed
1401.348218,10,43.643749,1.0,True,10,0,0,317.1110191345215,429.3720874786377,5.053793716430664,317.1110191345215,completed
168.070977,10,43.6512,1.0,True,10,0,0,584.0678544044495,785.1156396865845,36.64305534362793,584.0678544044495,completed
816.836424,10,43.658881,1.0,True,10,0,0,470.05944633483887,633.4352226257324,12.217458152770996,470.05944633483887,completed
874.218692,10,43.666429,1.0,True,10,0,0,425.3011112213135,549.8396453857422,19.03885154724121,425.3011112213135,completed
788.001317,10,43.674166,1.0,True,10,0,0,493.5862922668457,554.3995552062988,22.300369834899904,493.5862922668457,completed
1008.661152,10,43.682331,1.0,True,10,0,0,440.53278160095215,473.7029666900635,14.797295761108398,440.53278160095215,completed
656.687673,10,43.690027,1.0,True,10,0,0,505.2601566314697,576.1027927398682,23.57215805053711,505.2601566314697,completed
1125.194032,10,43.697395,1.0,True,10,0,0,382.5182991027832,534.3984756469727,9.872833251953125,382.5182991027832,completed
750.39607,10,43.705209,1.0,True,10,0,0,555.4627170562744,689.2800369262695,14.905912971496582,555.4627170562744,completed
222.980498,10,43.7133,1.0,True,10,0,0,630.5787982940674,874.7605590820312,26.321780395507812,630.5787982940674,completed
911.665348,10,43.720463,1.0,True,10,0,0,373.835964679718,466.51977729797363,23.29306592941284,373.835964679718,completed
623.186955,10,43.728006,1.0,True,10,0,0,412.54862785339355,571.6405372619629,29.52396388053894,412.54862785339355,completed
288.782605,10,43.735411,1.0,True,10,0,0,654.9713268280029,729.2374534606934,30.303670024871828,654.9713268280029,completed
967.534491,10,43.742782,1.0,True,10,0,0,379.1033864021301,498.70667552948,19.821306705474854,379.1033864021301,completed
1059.69471,10,43.750721,1.0,True,10,0,0,434.2053451538086,482.6100444793701,13.195551681518555,434.2053451538086,completed
-108.207793,10,43.75836,1.0,True,10,0,0,669.0925750732422,931.7500076293945,41.09136199951172,669.0925750732422,completed
1118.001342,10,43.765572,1.0,True,10,0,0,430.9191436767578,528.3638305664062,10.362347888946534,430.9191436767578,completed
-751.172624,10,43.773384,1.0,True,10,0,0,719.9556617736816,1113.8523178100586,57.94808387756348,719.9556617736816,completed
149.795438,10,43.78054,1.0,True,10,0,0,538.9312705993652,737.1039371490479,39.05157341957092,538.9312705993652,completed
680.266298,10,43.788264,1.0,True,10,0,0,515.3150663375854,706.2031307220459,18.686060905456543,515.3150663375854,completed
851.968402,10,43.795816,1.0,True,10,0,0,385.93161392211914,606.046028137207,16.99109992980957,385.93161392211914,completed
879.67504,10,43.803371,1.0,True,10,0,0,447.6893105506897,529.0589151382446,20.487328338623048,447.6893105506897,completed
981.588015,10,43.810726,1.0,True,10,0,0,382.9098081588745,495.205717086792,17.94699058532715,382.9098081588745,completed
280.978286,10,43.818097,1.0,True,10,0,0,506.7586600780487,846.2112593650818,29.956706619262697,506.7586600780487,completed
695.327675,10,43.825888,1.0,True,10,0,0,436.34711027145386,580.2989802360535,25.976759004592896,436.34711027145386,completed
-463.032467,10,43.833102,1.0,True,10,0,0,671.0734786987305,1011.2488899230957,53.15073003768921,671.0734786987305,completed
1243.489198,10,43.840697,1.0,True,10,0,0,372.964084148407,398.1706018447876,11.737234497070313,372.964084148407,completed
628.147592,10,43.84829,1.0,True,10,0,0,610.759693145752,708.6177940368652,17.045850944519042,610.759693145752,completed
-433.192283,10,43.856115,1.0,True,10,0,0,741.2810096740723,956.1437759399414,50.083276176452635,741.2810096740723,completed
1191.039115,10,43.863672,1.0,True,10,0,0,355.1715908050537,407.35444259643555,13.138402199745178,355.1715908050537,completed
1432.08835,10,43.871248,1.0,True,10,0,0,288.8232650756836,338.2925796508789,9.374792671203613,288.8232650756836,completed
317.076618,10,43.879425,1.0,True,10,0,0,496.5089225769043,766.486629486084,30.344136810302736,496.5089225769043,completed
208.238128,10,43.887408,1.0,True,10,0,0,637.9847373962402,860.034122467041,28.896674728393556,637.9847373962402,completed
377.65172,10,43.896298,1.0,True,10,0,0,568.9678173065186,708.005558013916,29.608073806762697,568.9678173065186,completed
1097.977314,10,43.904614,1.0,True,10,0,0,368.7927722930908,460.04293060302734,11.98498992919922,368.7927722930908,completed
853.689196,10,43.913117,1.0,True,10,0,0,521.7507343292236,597.9182662963867,13.27751350402832,521.7507343292236,completed
893.670407,10,43.921701,1.0,True,10,0,0,364.0328993797302,548.3155431747437,22.488137817382814,364.0328993797302,completed
945.423787,10,43.93052,1.0,True,10,0,0,499.5689973831177,574.8454961776733,13.125238418579102,499.5689973831177,completed
582.976222,10,43.939266,1.0,True,10,0,0,489.5707302093506,603.8146209716797,28.704262828826906,489.5707302093506,completed
-601.200994,10,43.947806,1.0,True,10,0,0,688.425178527832,966.7038154602051,58.23858451843262,688.425178527832,completed
709.658931,10,43.95522,1.0,True,10,0,0,506.43825340270996,614.3924179077148,21.282322883605957,506.43825340270996,completed
360.316457,10,43.962715,1.0,True,10,0,0,597.7534828186035,712.6043395996094,30.60833396911621,597.7534828186035,completed
869.053845,10,43.969883,1.0,True,10,0,0,500.3038272857666,705.2424201965332,9.749859809875488,500.3038272857666,completed
183.639607,10,43.977374,1.0,True,10,0,0,529.3486404418945,725.5795631408691,39.53068447113037,529.3486404418945,completed
745.040986,10,43.985033,1.0,True,10,0,0,506.4001579284668,709.7902812957764,16.76748046875,506.4001579284668,completed
576.424566,10,43.992701,1.0,True,10,0,0,520.7350463867188,673.4916610717773,24.264678955078125,520.7350463867188,completed
880.890797,10,44.000733,1.0,True,10,0,0,528.299102306366,544.9550628662109,17.133958625793458,528.299102306366,completed
-448.344148,10,44.008254,1.0,True,10,0,0,705.1796607971191,1023.8306884765625,49.45112972259521,705.1796607971191,completed
281.515239,10,44.015988,1.0,True,10,0,0,626.4840888977051,728.0884399414062,31.58485116958618,626.4840888977051,completed
793.510301,10,44.031481,1.0,True,10,0,0,484.3234586715698,585.2154140472412,19.35793342590332,484.3234586715698,completed
478.038147,10,44.042037,1.0,True,10,0,0,566.8055477142334,665.0470905303955,27.016336250305176,566.8055477142334,completed
340.485643,10,44.050569,1.0,True,10,0,0,586.8104476928711,819.1049461364746,27.32063236236572,586.8104476928711,completed
443.478199,10,44.05852,1.0,True,10,0,0,536.5971260070801,669.8283920288086,29.387614727020264,536.5971260070801,completed
1181.232418,10,44.06853,1.0,True,10,0,0,438.4357576370239,494.18028450012207,8.855390739440917,438.4357576370239,completed
703.933991,10,44.127842,1.0,True,10,0,0,478.94903087615967,618.7214727401733,23.40514850616455,478.94903087615967,completed
857.223067,10,44.137054,1.0,True,10,0,0,498.55305576324463,740.9461040496826,9.680219268798828,498.55305576324463,completed
952.2137,10,44.145112,1.0,True,10,0,0,458.18714904785156,618.3343982696533,11.635308647155762,458.18714904785156,completed
-196.547059,10,44.154517,1.0,True,10,0,0,483.73892879486084,820.3193340301514,52.197621726989745,483.73892879486084,completed
446.630268,10,44.163277,1.0,True,10,0,0,587.3062896728516,889.3535232543945,16.884854125976563,587.3062896728516,completed
508.266166,10,44.173045,1.0,True,10,0,0,536.1855907440186,763.7245559692383,22.24627342224121,536.1855907440186,completed
592.869169,10,44.180638,1.0,True,10,0,0,573.0847492218018,663.1947326660156,22.4382887840271,573.0847492218018,completed
808.294313,10,44.188684,1.0,True,10,0,0,505.7000789642334,505.7000789642334,19.850777626037598,505.7000789642334,completed
929.422532,10,44.196367,1.0,True,10,0,0,485.2611675262451,494.8559875488281,18.753959083557127,485.2611675262451,completed
1246.135287,10,44.205385,1.0,True,10,0,0,406.5576915740967,476.7345485687256,6.276104736328125,406.5576915740967,completed
1128.124402,10,44.214313,1.0,True,10,0,0,471.85917568206787,508.62282371520996,7.2137493133544925,471.85917568206787,completed
-45.451955,10,44.224011,1.0,True,10,0,0,729.7089004516602,804.4746932983398,39.385222625732425,729.7089004516602,completed
389.110419,10,44.233494,1.0,True,10,0,0,481.18805503845215,704.2315444946289,31.876102447509766,481.18805503845215,completed
244.462146,10,44.24145,1.0,True,10,0,0,560.2048282623291,734.8986282348633,36.301323318481444,560.2048282623291,completed
674.598422,10,44.249599,1.0,True,10,0,0,431.9483985900879,688.307466506958,19.954716300964357,431.9483985900879,completed
908.371911,10,44.258353,1.0,True,10,0,0,481.2419729232788,481.2419729232788,21.925836753845214,481.2419729232788,completed
722.636194,10,44.268068,1.0,True,10,0,0,348.1121406555176,489.91462230682373,30.97952184677124,348.1121406555176,completed
462.556154,10,44.277439,1.0,True,10,0,0,632.1278266906738,671.6024932861328,25.470220375061036,632.1278266906738,completed
352.149848,10,44.284957,1.0,True,10,0,0,462.7565097808838,713.3721294403076,35.02434520721435,462.7565097808838,completed
378.66852,10,44.293935,1.0,True,10,0,0,446.1895351409912,734.7819786071777,33.01787910461426,446.1895351409912,completed
1121.036296,10,44.303239,1.0,True,10,0,0,488.7150754928589,574.5732479095459,5.935204315185547,488.7150754928589,completed
340.081771,10,44.312418,1.0,True,10,0,0,670.200074672699,698.2503347396851,30.23614082336426,670.200074672699,completed
627.893876,10,44.321607,1.0,True,10,0,0,475.5387134552002,687.1515426635742,21.045809936523437,475.5387134552002,completed
226.427618,10,44.329213,1.0,True,10,0,0,613.6200160980225,812.278980255127,31.34467468261719,613.6200160980225,completed
723.696691,10,44.336644,1.0,True,10,0,0,487.8826103210449,705.5660362243652,17.37255516052246,487.8826103210449,completed
836.588972,10,44.343719,1.0,True,10,0,0,500.02902603149414,598.3642406463623,19.759647369384766,500.02902603149414,completed
775.039499,10,44.351703,1.0,True,10,0,0,554.222996711731,797.7376680374146,7.7457633972167965,554.222996711731,completed
266.664345,10,44.358693,1.0,True,10,0,0,586.611047744751,808.4201984405518,30.35534038543701,586.611047744751,completed
641.076565,10,44.367669,1.0,True,10,0,0,413.560396194458,684.2245864868164,24.90700759887695,413.560396194458,completed
837.896296,10,44.377272,1.0,True,10,0,0,464.82319259643555,567.4951705932617,19.94825506210327,464.82319259643555,completed
701.412554,10,44.386886,1.0,True,10,0,0,407.2178840637207,618.0182590484619,24.47183151245117,407.2178840637207,completed
1027.91828,10,44.39627,1.0,True,10,0,0,455.50533294677734,622.1947975158691,10.218212127685547,455.50533294677734,completed
609.98331,10,44.404049,1.0,True,10,0,0,643.5714855194092,818.2541694641113,12.18971061706543,643.5714855194092,completed
877.578597,10,44.411493,1.0,True,10,0,0,551.8867645263672,578.0555992126465,17.271409273147583,551.8867645263672,completed
727.000983,10,44.423294,1.0,True,10,0,0,463.21559143066406,590.8189544677734,23.008440589904787,463.21559143066406,completed
1273.179856,10,44.432204,1.0,True,10,0,0,391.64387226104736,421.8816623687744,9.638199615478516,391.64387226104736,completed
635.758952,10,44.441003,1.0,True,10,0,0,585.0064849853516,618.0919342041016,22.41680145263672,585.0064849853516,completed
161.778287,10,44.45029,1.0,True,10,0,0,587.4005508422852,769.9323539733887,36.44278964996338,587.4005508422852,completed
430.937993,10,44.45994,1.0,True,10,0,0,569.9741177558899,735.259030342102,27.914630126953124,569.9741177558899,completed
357.594681,10,44.46908,1.0,True,10,0,0,601.125506401062,883.1584482192993,21.26278610229492,601.125506401062,completed
408.448408,10,44.476546,1.0,True,10,0,0,479.83095932006836,763.6431865692139,28.932275581359864,479.83095932006836,completed
315.832195,10,44.484229,1.0,True,10,0,0,582.2977600097656,725.9754085540771,31.310809993743895,582.2977600097656,completed
513.832433,10,44.491909,1.0,True,10,0,0,420.71532249450684,583.26731300354,34.10721645355225,420.71532249450684,completed
1553.162925,10,44.498911,1.0,True,10,0,0,340.39173221588135,387.1947412490845,1.5843910217285155,340.39173221588135,completed
550.443373,10,44.506533,1.0,True,10,0,0,506.9913024902344,659.7161331176758,26.73370494842529,506.9913024902344,completed
1180.478234,10,44.514096,1.0,True,10,0,0,333.56389009952545,493.040335893631,12.101953125,333.56389009952545,completed
-91.573996,10,44.521516,1.0,True,10,0,0,575.6194686889648,718.7294654846191,49.779995155334475,575.6194686889648,completed
884.563792,10,44.52911,1.0,True,10,0,0,440.29749298095703,737.1658039093018,7.768766403198242,440.29749298095703,completed
483.873949,10,44.536383,1.0,True,10,0,0,508.1053080558777,591.618842124939,32.52410697937012,508.1053080558777,completed
368.364493,10,44.543576,1.0,True,10,0,0,551.9720115661621,711.9336624145508,31.616263580322265,551.9720115661621,completed
687.921306,10,44.551318,1.0,True,10,0,0,480.0159664154053,675.1916980743408,19.817912292480468,480.0159664154053,completed
-281.741194,10,44.558555,1.0,True,10,0,0,690.4728031158447,902.0974178314209,48.257517623901364,690.4728031158447,completed
224.439123,10,44.565933,1.0,True,10,0,0,555.4640183448792,781.136420249939,36.15162019729614,555.4640183448792,completed
592.302657,10,44.573342,1.0,True,10,0,0,519.9263505935669,729.9911861419678,21.637561416625978,519.9263505935669,completed
522.796978,10,44.580953,1.0,True,10,0,0,567.2831420898438,689.4161911010742,25.923766326904296,567.2831420898438,completed
555.038084,10,44.588092,1.0,True,10,0,0,438.0727677345276,553.9873151779175,31.886610412597655,438.0727677345276,completed
153.931492,10,44.595282,1.0,True,10,0,0,629.6602478027344,973.7213287353516,24.3589448928833,629.6602478027344,completed
570.235082,10,44.602601,1.0,True,10,0,0,579.2264170646667,661.8429594039917,24.71009063720703,579.2264170646667,completed
843.025648,10,44.61011,1.0,True,10,0,0,431.2344856262207,628.2289733886719,18.60908946990967,431.2344856262207,completed
1016.240885,10,44.618574,1.0,True,10,0,0,384.79320907592773,587.1612854003906,11.100288772583008,384.79320907592773,completed
207.866357,10,44.62725,1.0,True,10,0,0,527.6182518005371,751.4559326171875,38.1980583190918,527.6182518005371,completed
688.275392,10,44.635542,1.0,True,10,0,0,435.15484619140625,542.1215972900391,27.21489715576172,435.15484619140625,completed
1163.352945,10,44.643686,1.0,True,10,0,0,401.9561719894409,631.8144588470459,5.773872375488281,401.9561719894409,completed
630.109064,10,44.651023,1.0,True,10,0,0,578.7980213165283,723.0638065338135,18.362096786499023,578.7980213165283,completed
966.954808,10,44.658075,1.0,True,10,0,0,375.7659397125244,499.53052520751953,19.9051025390625,375.7659397125244,completed
523.278695,10,44.66604,1.0,True,10,0,0,471.1464605331421,627.7651739120483,29.674586868286134,471.1464605331421,completed
1357.258385,10,44.673916,1.0,True,10,0,0,397.57326221466064,529.1767978668213,1.8551589965820312,397.57326221466064,completed
864.905726,10,44.681105,1.0,True,10,0,0,429.03513622283936,533.4880390167236,21.541817474365235,429.03513622283936,completed
-62.451159,10,44.688925,1.0,True,10,0,0,686.7052345275879,787.5111408233643,42.45828819274902,686.7052345275879,completed
798.174327,10,44.69626,1.0,True,10,0,0,435.8535270690918,606.661792755127,19.39927921295166,435.8535270690918,completed
607.411121,10,44.703437,1.0,True,10,0,0,487.9323606491089,608.3857364654541,27.280257606506346,487.9323606491089,completed
354.106332,10,44.71095,1.0,True,10,0,0,465.8790912628174,669.8903541564941,38.474341201782224,465.8790912628174,completed
903.852715,10,45.976094,1.0,True,10,0,0,502.3876190185547,502.3876190185547,19.10441665649414,502.3876190185547,completed
808.948462,10,45.98385,1.0,True,10,0,0,432.52148151397705,478.0380344390869,26.03484058380127,432.52148151397705,completed
1058.659537,10,45.992093,1.0,True,10,0,0,364.5343179702759,422.5044240951538,18.643250274658204,364.5343179702759,completed
1031.274513,10,46.000211,1.0,True,10,0,0,442.8524580001831,557.8436946868896,11.469297409057617,442.8524580001831,completed
1082.529312,10,46.008432,1.0,True,10,0,0,454.697717666626,527.8867721557617,11.44883041381836,454.697717666626,completed
180.076903,10,46.016271,1.0,True,10,0,0,609.9159116744995,850.5195560455322,32.920101928710935,609.9159116744995,completed
83.648408,10,46.024349,1.0,True,10,0,0,666.4158706665039,897.1255340576172,30.98319911956787,666.4158706665039,completed
544.490826,10,46.03149,1.0,True,10,0,0,408.6058053970337,624.2984142303467,33.18087177276611,408.6058053970337,completed
632.339361,10,46.039577,1.0,True,10,0,0,605.6976611614227,621.8238379955292,23.011791038513184,605.6976611614227,completed
552.796896,10,46.048738,1.0,True,10,0,0,649.3866214752197,658.3758220672607,22.417886352539064,649.3866214752197,completed
596.635078,10,46.05706,1.0,True,10,0,0,446.0458221435547,722.2505416870117,25.313091659545897,446.0458221435547,completed
169.627554,10,46.065599,1.0,True,10,0,0,651.5740299224854,739.5728015899658,37.04489731788635,651.5740299224854,completed
1366.789918,10,46.073247,1.0,True,10,0,0,325.23865127563477,325.23865127563477,9.765218734741211,325.23865127563477,completed
939.65752,10,46.080712,1.0,True,10,0,0,437.10436630249023,491.3345432281494,19.88059310913086,437.10436630249023,completed
948.540045,10,46.088305,1.0,True,10,0,0,402.9224967956543,567.1518898010254,17.54196891784668,402.9224967956543,completed
1165.160416,10,46.095707,1.0,True,10,0,0,340.4486241340637,400.6623649597168,15.24209041595459,340.4486241340637,completed
1266.309347,10,46.103221,1.0,True,10,0,0,375.8341579437256,486.7745170593262,8.136909484863281,375.8341579437256,completed
297.331601,10,46.110838,1.0,True,10,0,0,622.3073062896729,727.1027717590332,30.973548316955565,622.3073062896729,completed
986.147849,10,46.118454,1.0,True,10,0,0,428.7343566417694,532.6453528404236,16.78508243560791,428.7343566417694,completed
1332.084111,10,46.126369,1.0,True,10,0,0,328.65122985839844,439.59741401672363,7.608399772644043,328.65122985839844,completed
965.911589,10,46.134008,1.0,True,10,0,0,468.3346815109253,704.8495082855225,7.137657165527344,468.3346815109253,completed
919.181297,10,46.141426,1.0,True,10,0,0,496.8926193714142,619.9888634681702,13.284769058227539,496.8926193714142,completed
936.56942,10,46.148671,1.0,True,10,0,0,508.13476181030273,599.9832725524902,11.928406143188477,508.13476181030273,completed
1336.783238,10,46.156247,1.0,True,10,0,0,397.4592571258545,514.9454536437988,2.4150604248046874,397.4592571258545,completed
256.261788,10,46.164205,1.0,True,10,0,0,639.6131343841553,788.7473316192627,30.367413330078126,639.6131343841553,completed
150.410367,10,46.172085,1.0,True,10,0,0,617.9298915863037,786.0417404174805,36.459289169311525,617.9298915863037,completed
446.202075,10,46.179441,1.0,True,10,0,0,522.4060535430908,658.4096622467041,30.30518321990967,522.4060535430908,completed
403.24199,10,46.186902,1.0,True,10,0,0,460.88256645202637,675.2520618438721,34.62256011962891,460.88256645202637,completed
754.93487,10,46.194041,1.0,True,10,0,0,380.69120740890503,543.3123044967651,24.200343513488768,380.69120740890503,completed
598.915612,10,46.201527,1.0,True,10,0,0,508.85975456237793,632.1836853027344,24.518324089050292,508.85975456237793,completed
886.418336,10,46.209746,1.0,True,10,0,0,462.68150329589844,552.4367446899414,19.664617156982423,462.68150329589844,completed
755.01428,10,46.217979,1.0,True,10,0,0,477.5428810119629,602.835072517395,21.76707057952881,477.5428810119629,completed
725.11372,10,46.2251,1.0,True,10,0,0,495.82935333251953,707.2025852203369,18.223291206359864,495.82935333251953,completed
1146.541173,10,46.232956,1.0,True,10,0,0,418.43276500701904,483.86809062957764,11.757213401794434,418.43276500701904,completed
438.317711,10,46.241033,1.0,True,10,0,0,498.7885551452637,795.9391078948975,26.34380683898926,498.7885551452637,completed
35.130241,10,46.249049,1.0,True,10,0,0,604.4025802612305,980.7898025512695,31.917971420288087,604.4025802612305,completed
-207.699837,10,46.256621,1.0,True,10,0,0,634.7748165130615,925.9366416931152,47.41523208618164,634.7748165130615,completed
652.813107,10,46.264077,1.0,True,10,0,0,548.7469081878662,627.2342548370361,20.899053382873536,548.7469081878662,completed
294.89469,10,46.271707,1.0,True,10,0,0,619.7133483886719,877.4424705505371,25.404529190063478,619.7133483886719,completed
1089.696959,10,46.279931,1.0,True,10,0,0,447.4647378921509,562.4244985580444,10.65786247253418,447.4647378921509,completed
-164.850659,10,46.287577,1.0,True,10,0,0,733.6350479125977,792.4315071105957,45.89974861145019,733.6350479125977,completed
1137.913169,10,46.295631,1.0,True,10,0,0,357.5468168258667,463.1958408355713,15.152165794372559,357.5468168258667,completed
1472.497258,10,46.303301,1.0,True,10,0,0,339.71229457855225,369.7108907699585,5.34966926574707,339.71229457855225,completed
289.123003,10,46.310742,1.0,True,10,0,0,616.932430267334,711.8719444274902,32.38291997909546,616.932430267334,completed
475.148438,10,46.318494,1.0,True,10,0,0,506.1793875694275,750.1744985580444,26.797599029541015,506.1793875694275,completed
695.696734,10,46.326028,1.0,True,10,0,0,409.91049671173096,672.9990978240967,22.902898025512695,409.91049671173096,completed
-380.192426,10,46.333434,1.0,True,10,0,0,624.110237121582,1006.0868797302246,48.20153579711914,624.110237121582,completed
357.82944,10,46.340776,1.0,True,10,0,0,529.3788795471191,756.5356616973877,31.6177001953125,529.3788795471191,completed
581.915825,10,46.34804,1.0,True,10,0,0,409.0618839263916,679.9751243591309,25.73372039794922,409.0618839263916,completed
300.475441,10,46.355311,1.0,True,10,0,0,480.7944526672363,726.9818305969238,38.81839370727539,480.7944526672363,completed
531.075497,10,46.362688,1.0,True,10,0,0,528.3930206298828,709.8535842895508,25.55248737335205,528.3930206298828,completed
1270.182497,10,46.370413,1.0,True,10,0,0,336.50289726257324,399.34109115600586,11.432028198242188,336.50289726257324,completed
1103.535311,10,46.377918,1.0,True,10,0,0,363.89369678497314,463.39824962615967,14.169519805908203,363.89369678497314,completed
1414.620938,10,46.385687,1.0,True,10,0,0,282.18564462661743,365.5732612609863,10.196854400634766,282.18564462661743,completed
292.082016,10,46.393042,1.0,True,10,0,0,624.9581241607666,736.9101867675781,30.61709518432617,624.9581241607666,completed
925.936798,10,46.40065,1.0,True,10,0,0,431.74097633361816,517.9998264312744,18.01094036102295,431.74097633361816,completed
244.360559,10,46.409044,1.0,True,10,0,0,568.4710721969604,817.5766706466675,31.51112298965454,568.4710721969604,completed
153.113586,10,46.416955,1.0,True,10,0,0,554.9501972198486,746.3997459411621,40.393828773498534,554.9501972198486,completed
896.797695,10,46.424537,1.0,True,10,0,0,481.6100158691406,519.2830495834351,17.901247024536133,481.6100158691406,completed
988.812161,10,46.432285,1.0,True,10,0,0,402.92068576812744,500.0334138870239,16.719933605194093,402.92068576812744,completed
-898.838327,10,46.440507,1.0,True,10,0,0,746.900182723999,962.0934085845947,71.61977338790894,746.900182723999,completed
944.012692,10,46.448103,1.0,True,10,0,0,388.1417531967163,433.51302337646484,24.311896514892577,388.1417531967163,completed
357.225984,10,46.45541,1.0,True,10,0,0,570.659592628479,775.3044347763062,26.877169132232666,570.659592628479,completed
517.85301,10,46.463626,1.0,True,10,0,0,494.0566167831421,617.0890560150146,29.845752906799316,494.0566167831421,completed
473.801834,10,46.470886,1.0,True,10,0,0,521.1116828918457,639.1638202667236,31.272547721862793,521.1116828918457,completed
386.255647,10,46.478672,1.0,True,10,0,0,545.3544578552246,753.4669361114502,28.635902404785156,545.3544578552246,completed
385.257132,10,46.485705,1.0,True,10,0,0,510.9696979522705,650.5085620880127,36.63008155822754,510.9696979522705,completed
399.179234,10,46.493336,1.0,True,10,0,0,480.0117998123169,756.037618637085,27.308615303039552,480.0117998123169,completed
502.145419,10,46.500952,1.0,True,10,0,0,459.80058193206787,867.158411026001,21.654998970031738,459.80058193206787,completed
898.170474,10,46.508359,1.0,True,10,0,0,474.1018114089966,641.9432420730591,12.561543655395507,474.1018114089966,completed
928.447848,10,46.515972,1.0,True,10,0,0,458.8159122467041,564.4706039428711,17.017247009277344,458.8159122467041,completed
1163.774096,10,46.523076,1.0,True,10,0,0,454.5519256591797,730.4497718811035,0.0,454.5519256591797,completed
687.715734,10,46.530511,1.0,True,10,0,0,545.4499645233154,598.2854747772217,22.095013236999513,545.4499645233154,completed
467.649866,10,46.537751,1.0,True,10,0,0,581.6230640411377,680.5481948852539,28.738664054870604,581.6230640411377,completed
-378.991174,10,46.545552,1.0,True,10,0,0,850.804967880249,1031.8445091247559,41.1739616394043,850.804967880249,completed
-90.824578,10,46.552762,1.0,True,10,0,0,610.1346263885498,797.5412483215332,44.372421455383304,610.1346263885498,completed
572.767729,10,46.560997,1.0,True,10,0,0,529.2411994934082,721.8766326904297,22.781162786483765,529.2411994934082,completed
676.170737,10,46.569049,1.0,True,10,0,0,490.571382522583,719.2618370056152,20.164920616149903,490.571382522583,completed
635.518171,10,46.57683,1.0,True,10,0,0,412.1858444213867,673.5458335876465,24.563495254516603,412.1858444213867,completed
1372.733096,10,46.584972,1.0,True,10,0,0,325.87892150878906,387.47643852233887,8.525773429870606,325.87892150878906,completed
552.73412,10,46.592857,1.0,True,10,0,0,570.2691993713379,710.2586688995361,21.9409912109375,570.2691993713379,completed
-140.899809,10,46.600071,1.0,True,10,0,0,686.4466400146484,883.68723487854,43.59879331588745,686.4466400146484,completed
331.530109,10,46.608039,1.0,True,10,0,0,492.7925548553467,741.7781562805176,31.091919326782225,492.7925548553467,completed
602.184573,10,46.615673,1.0,True,10,0,0,543.5880107879639,723.0252628326416,22.06674156188965,543.5880107879639,completed
553.062889,10,46.623379,1.0,True,10,0,0,471.4698066711426,708.8273391723633,26.217257690429687,471.4698066711426,completed
638.570476,10,46.631094,1.0,True,10,0,0,508.6098823547363,599.5744247436523,24.33658638000488,508.6098823547363,completed
-235.854124,10,46.638342,1.0,True,10,0,0,603.5720520019531,995.0956192016602,42.20528559684753,603.5720520019531,completed
373.38877,10,46.64566,1.0,True,10,0,0,467.3782615661621,633.4959487915039,35.71693649291992,467.3782615661621,completed
620.220028,10,46.653093,1.0,True,10,0,0,539.1468868255615,739.9152584075928,17.86925277709961,539.1468868255615,completed
1326.688911,10,46.660379,1.0,True,10,0,0,369.90412855148315,418.176100730896,7.818745040893555,369.90412855148315,completed
1276.115276,10,46.66857,1.0,True,10,0,0,299.559476852417,366.91541862487793,14.027103877067566,299.559476852417,completed
468.469861,10,46.675674,1.0,True,10,0,0,439.8175859451294,627.3927516937256,33.37537803649902,439.8175859451294,completed
1213.625134,10,46.683319,1.0,True,10,0,0,401.52455711364746,401.52455711364746,10.939155960083008,401.52455711364746,completed
1288.445501,10,46.690791,1.0,True,10,0,0,420.07426595687866,500.8639578819275,3.677979278564453,420.07426595687866,completed
205.765668,10,46.698239,1.0,True,10,0,0,525.294753074646,775.3515872955322,34.55853672027588,525.294753074646,completed
634.697251,10,46.706112,1.0,True,10,0,0,416.5984630584717,674.1146411895752,24.440878295898436,416.5984630584717,completed
732.231005,10,46.713369,1.0,True,10,0,0,410.8298215866089,552.3010587692261,26.43699688911438,410.8298215866089,completed
94.318382,10,46.721203,1.0,True,10,0,0,453.3418998718262,691.9859752655029,48.12459526062012,453.3418998718262,completed
811.202108,10,46.728516,1.0,True,10,0,0,417.1487593650818,613.6999578475952,18.921934127807617,417.1487593650818,completed
305.740539,10,46.736388,1.0,True,10,0,0,534.5531568527222,727.636682510376,34.40636081695557,534.5531568527222,completed
622.631696,10,46.74427,1.0,True,10,0,0,583.0184650421143,657.495433807373,19.715612411499023,583.0184650421143,completed
973.048808,10,46.751728,1.0,True,10,0,0,435.53512382507324,570.4770088195801,12.655270385742188,435.53512382507324,completed
553.839959,10,46.759413,1.0,True,10,0,0,419.40202045440674,758.6090774536133,25.002442169189454,419.40202045440674,completed
359.641828,10,46.766627,1.0,True,10,0,0,569.7974996566772,704.0103330612183,28.203415298461913,569.7974996566772,completed
491.002121,10,46.773885,1.0,True,10,0,0,597.3946108818054,729.9049868583679,24.383281326293947,597.3946108818054,completed
401.818648,10,46.781542,1.0,True,10,0,0,406.96541357040405,663.1663613319397,38.22595534324646,406.96541357040405,completed
-28.989374,10,46.78933,1.0,True,10,0,0,694.6187210083008,870.6630859375,37.22443733215332,694.6187210083008,completed
247.9944,10,46.79777,1.0,True,10,0,0,501.0266046524048,681.6840953826904,39.57685661315918,501.0266046524048,completed
952.09058,10,46.805083,1.0,True,10,0,0,393.69134616851807,554.3001499176025,18.34822235107422,393.69134616851807,completed
-179.592196,10,46.812603,1.0,True,10,0,0,493.0767707824707,868.075611114502,52.19314804077148,493.0767707824707,completed
704.811015,10,46.820182,1.0,True,10,0,0,471.2609453201294,560.8167142868042,23.026701593399046,471.2609453201294,completed
1049.201783,10,46.827684,1.0,True,10,0,0,413.10636138916016,641.0486793518066,8.13904266357422,413.10636138916016,completed
435.053005,10,46.835207,1.0,True,10,0,0,527.0894412994385,677.7482166290283,30.90851459503174,527.0894412994385,completed
570.437732,10,46.842896,1.0,True,10,0,0,532.1250989437103,714.7171559333801,24.454916858673094,532.1250989437103,completed
414.205187,10,46.850023,1.0,True,10,0,0,583.834189414978,767.3039264678955,27.822999000549316,583.834189414978,completed
33.029752,10,46.857558,1.0,True,10,0,0,561.1751899719238,891.4129753112793,38.23554306030273,561.1751899719238,completed
893.872391,10,46.864972,1.0,True,10,0,0,431.7609119415283,544.769437789917,18.14123401641846,431.7609119415283,completed
-502.645982,10,46.872391,1.0,True,10,0,0,627.7404441833496,945.3341178894043,57.55670928955078,627.7404441833496,completed
966.786232,10,46.879843,1.0,True,10,0,0,417.6834182739258,534.4049034118652,15.487916183471679,417.6834182739258,completed
179.80025,10,46.887232,1.0,True,10,0,0,660.9871253967285,782.6960124969482,32.632093048095705,660.9871253967285,completed
98.440729,10,46.89478,1.0,True,10,0,0,446.24580907821655,707.7725071907043,46.01310138702392,446.24580907821655,completed
1051.111465,10,46.902439,1.0,True,10,0,0,386.9136645793915,509.6344504356384,14.807122039794923,386.9136645793915,completed
777.583765,10,46.91016,1.0,True,10,0,0,479.48729133605957,596.1592330932617,19.697435188293458,479.48729133605957,completed
675.270946,10,46.91755,1.0,True,10,0,0,442.6407165527344,565.7741146087646,27.58965492248535,442.6407165527344,completed
813.350427,10,46.925339,1.0,True,10,0,0,371.2192077636719,624.0244255065918,20.874559020996095,371.2192077636719,completed
174.666267,10,46.932951,1.0,True,10,0,0,642.1967344284058,788.5366840362549,34.38126697540283,642.1967344284058,completed
236.875438,10,46.940769,1.0,True,10,0,0,611.2995529174805,728.2764511108398,34.26203670501709,611.2995529174805,completed
278.280729,10,46.94938,1.0,True,10,0,0,574.8761463165283,824.7500820159912,30.478424644470216,574.8761463165283,completed
739.323597,10,46.956904,1.0,True,10,0,0,608.6461343765259,693.1566019058228,14.900823020935059,608.6461343765259,completed
98.569687,10,46.964617,1.0,True,10,0,0,621.9406409263611,778.1660795211792,39.364162063598634,621.9406409263611,completed
575.503465,10,46.971966,1.0,True,10,0,0,518.6504201889038,607.8988513946533,26.730877304077147,518.6504201889038,completed
302.222349,10,46.979793,1.0,True,10,0,0,504.3434066772461,675.4447059631348,35.8591215133667,504.3434066772461,completed
-81.814065,10,46.987676,1.0,True,10,0,0,656.6961975097656,874.9748001098633,42.01620330810547,656.6961975097656,completed
861.859155,10,46.995193,1.0,True,10,0,0,394.9187202453613,500.78880310058594,23.26609649658203,394.9187202453613,completed
509.769461,10,47.002904,1.0,True,10,0,0,502.0169897079468,691.18674659729,27.18574619293213,502.0169897079468,completed
784.231047,10,47.010131,1.0,True,10,0,0,502.09343910217285,535.9533100128174,21.99821243286133,502.09343910217285,completed
314.249398,10,47.017364,1.0,True,10,0,0,555.9366760253906,732.2292518615723,33.08682098388672,555.9366760253906,completed
1171.80036,10,47.024949,1.0,True,10,0,0,361.55109882354736,450.4762258529663,14.037256622314453,361.55109882354736,completed
418.596712,10,47.032362,1.0,True,10,0,0,532.7302513122559,720.649341583252,30.45254306793213,532.7302513122559,completed
503.210689,10,47.039813,1.0,True,10,0,0,460.6667537689209,614.1566009521484,31.740849876403807,460.6667537689209,completed
436.070459,10,47.047163,1.0,True,10,0,0,570.5686554908752,780.5034265518188,25.151728916168214,570.5686554908752,completed
869.77657,10,47.054821,1.0,True,10,0,0,412.96585035324097,589.16077709198,18.718353271484375,412.96585035324097,completed
1513.741008,10,47.062262,1.0,True,10,0,0,305.89799308776855,493.38199615478516,0.0,305.89799308776855,completed
533.281681,10,47.069952,1.0,True,10,0,0,531.1210765838623,595.0804901123047,26.672856712341307,531.1210765838623,completed
581.477143,10,47.077052,1.0,True,10,0,0,488.55190086364746,713.6005268096924,22.771556854248047,488.55190086364746,completed
386.696878,10,47.084526,1.0,True,10,0,0,600.4087257385254,655.8503952026367,29.831122589111327,600.4087257385254,completed
871.436974,10,47.09183,1.0,True,10,0,0,512.5465984344482,663.037971496582,14.084664916992187,512.5465984344482,completed
86.505863,10,47.099502,1.0,True,10,0,0,584.3132009506226,814.1469821929932,39.11722679138184,584.3132009506226,completed
737.558489,10,47.106684,1.0,True,10,0,0,511.5244560241699,603.9905853271484,21.556859683990478,511.5244560241699,completed
693.394752,10,47.114315,1.0,True,10,0,0,475.8675727844238,616.8030090332031,22.880069732666016,475.8675727844238,completed
1186.513895,10,47.122343,1.0,True,10,0,0,374.7457275390625,420.53190422058105,12.052678680419922,374.7457275390625,completed
-271.187073,10,47.129972,1.0,True,10,0,0,722.9934463500977,906.1329917907715,45.28223571777344,722.9934463500977,completed
1277.149356,10,47.137247,1.0,True,10,0,0,329.92176151275635,445.81140327453613,8.725252151489258,329.92176151275635,completed
819.431304,10,47.144481,1.0,True,10,0,0,448.3867702484131,573.9709243774414,19.758430862426756,448.3867702484131,completed
658.903698,10,47.15241,1.0,True,10,0,0,456.62867164611816,707.8399467468262,18.924757862091063,456.62867164611816,completed
738.033727,10,47.159685,1.0,True,10,0,0,373.731258392334,617.7820148468018,26.158365058898926,373.731258392334,completed
447.579346,10,47.167106,1.0,True,10,0,0,590.308032989502,765.4611949920654,23.561425971984864,590.308032989502,completed
961.029661,10,47.174272,1.0,True,10,0,0,466.64654541015625,573.5460987091064,13.404085159301758,466.64654541015625,completed
860.246873,10,47.181564,1.0,True,10,0,0,505.6653652191162,551.0358142852783,18.510725593566896,505.6653652191162,completed
-151.429628,10,47.1892,1.0,True,10,0,0,714.583553314209,817.7415809631348,44.40818786621094,714.583553314209,completed
345.431011,10,47.197191,1.0,True,10,0,0,615.9563102722168,775.0615711212158,27.3713737487793,615.9563102722168,completed
257.188967,10,47.204595,1.0,True,10,0,0,519.768123626709,754.1075534820557,35.82159252166748,519.768123626709,completed
837.234872,10,47.212036,1.0,True,10,0,0,368.99341583251953,538.8745765686035,23.180352210998535,368.99341583251953,completed
1265.692919,10,47.219112,1.0,True,10,0,0,373.8788022994995,501.8206424713135,7.3988546371459964,373.8788022994995,completed
702.854972,10,47.226674,1.0,True,10,0,0,492.3602247238159,616.1736812591553,23.196892166137694,492.3602247238159,completed
571.012163,10,47.234048,1.0,True,10,0,0,484.4101390838623,708.0146808624268,24.976280212402344,484.4101390838623,completed
1069.16897,10,47.241298,1.0,True,10,0,0,422.9491653442383,477.7207489013672,13.328435325622559,422.9491653442383,completed
867.950763,10,47.248531,1.0,True,10,0,0,505.67844009399414,505.67844009399414,20.61979446411133,505.67844009399414,completed
726.173814,10,47.256102,1.0,True,10,0,0,513.8493499755859,638.7137298583984,18.896573638916017,513.8493499755859,completed
820.63462,10,47.263635,1.0,True,10,0,0,417.9920902252197,550.3004493713379,23.1619815826416,417.9920902252197,completed
542.756186,10,47.271279,1.0,True,10,0,0,656.0846729278564,693.1196804046631,22.058068084716798,656.0846729278564,completed
-777.611487,10,47.278361,1.0,True,10,0,0,655.5772933959961,1108.226634979248,61.51079063415527,655.5772933959961,completed
336.273032,10,47.286334,1.0,True,10,0,0,432.35518646240234,697.4043121337891,36.358455657958984,432.35518646240234,completed
1211.495928,10,47.293905,1.0,True,10,0,0,313.5311155319214,448.120023727417,13.622668838500976,313.5311155319214,completed
601.207364,10,47.301745,1.0,True,10,0,0,544.2928295135498,805.8205451965332,16.290716934204102,544.2928295135498,completed
755.122355,10,47.309552,1.0,True,10,0,0,393.1661605834961,579.649486541748,24.31817569732666,393.1661605834961,completed
1015.251484,10,47.316905,1.0,True,10,0,0,483.32360458374023,511.93018531799316,13.581557464599609,483.32360458374023,completed
272.171731,10,47.324197,1.0,True,10,0,0,588.1385774612427,716.2691745758057,33.85245151519776,588.1385774612427,completed
1030.319205,10,47.332097,1.0,True,10,0,0,403.48144149780273,463.2709674835205,17.899693298339844,403.48144149780273,completed
1063.838685,10,47.33986,1.0,True,10,0,0,367.1702117919922,425.23265838623047,19.405163192749022,367.1702117919922,completed
784.568531,10,47.347236,1.0,True,10,0,0,429.12506675720215,673.0860900878906,17.878086471557616,429.12506675720215,completed
346.251105,10,47.354832,1.0,True,10,0,0,500.75274085998535,665.8537654876709,35.54290542602539,500.75274085998535,completed
355.526023,10,47.362334,1.0,True,10,0,0,443.2267417907715,754.065637588501,33.2032865524292,443.2267417907715,completed
316.466884,10,47.370024,1.0,True,10,0,0,605.1406707763672,699.8488464355469,32.03074913024902,605.1406707763672,completed
661.1371,10,47.377418,1.0,True,10,0,0,492.20961236953735,680.7370538711548,21.73631868362427,492.20961236953735,completed
751.784756,10,47.384827,1.0,True,10,0,0,448.89429473876953,629.3776397705078,22.578163146972656,448.89429473876953,completed
133.117361,10,47.392441,1.0,True,10,0,0,495.9911117553711,758.8103675842285,41.22982835769653,495.9911117553711,completed
1022.14733,10,47.400042,1.0,True,10,0,0,460.09511280059814,541.1897563934326,11.074343490600587,460.09511280059814,completed
721.629338,10,47.407236,1.0,True,10,0,0,402.2865152359009,581.0348377227783,23.14302158355713,402.2865152359009,completed
861.769431,10,47.414857,1.0,True,10,0,0,479.3632106781006,548.8973445892334,18.091278171539308,479.3632106781006,completed
590.326793,10,47.42216,1.0,True,10,0,0,449.10929012298584,595.5186519622803,28.756855773925782,449.10929012298584,completed
903.965047,10,47.42921,1.0,True,10,0,0,389.6428737640381,546.3851852416992,20.061276245117188,389.6428737640381,completed
231.272702,10,47.437013,1.0,True,10,0,0,503.7075309753418,729.9120140075684,38.92997817993164,503.7075309753418,completed
621.062357,10,47.444959,1.0,True,10,0,0,566.0089435577393,587.4358940124512,26.657639694213866,566.0089435577393,completed
843.352129,10,47.452388,1.0,True,10,0,0,467.5918254852295,636.4963550567627,14.547339248657227,467.5918254852295,completed
-224.363021,10,47.459797,1.0,True,10,0,0,678.5033073425293,864.7145385742188,45.3037522315979,678.5033073425293,completed
764.135812,10,47.467569,1.0,True,10,0,0,385.45265769958496,479.6001567840576,28.351621055603026,385.45265769958496,completed
1063.832449,10,47.475084,1.0,True,10,0,0,549.6648654937744,558.6540660858154,7.842457962036133,549.6648654937744,completed
44.665321,10,47.482486,1.0,True,10,0,0,581.8301839828491,726.4952325820923,43.60459065437317,581.8301839828491,completed
628.017021,10,47.490174,1.0,True,10,0,0,538.4400672912598,690.4774341583252,21.46968803405762,538.4400672912598,completed
993.825385,10,47.497831,1.0,True,10,0,0,431.30902671813965,501.04977798461914,18.061722183227538,431.30902671813965,completed
629.259494,10,47.505269,1.0,True,10,0,0,504.77163887023926,716.2132587432861,21.002146911621093,504.77163887023926,completed
785.003731,10,47.51248,1.0,True,10,0,0,591.3540115356445,722.5809421539307,11.517241287231446,591.3540115356445,completed
862.374824,10,47.520088,1.0,True,10,0,0,392.5776424407959,537.989086151123,20.01452980041504,392.5776424407959,completed
428.773927,10,48.646024,1.0,True,10,0,0,516.4389095306396,656.5911827087402,30.205621337890626,516.4389095306396,completed
764.817188,10,48.654,1.0,True,10,0,0,384.4468550682068,538.4063959121704,25.113383197784422,384.4468550682068,completed
980.372879,10,48.661483,1.0,True,10,0,0,443.0300235748291,524.8930721282959,14.571336364746093,443.0300235748291,completed
863.790002,10,48.669152,1.0,True,10,0,0,431.7300729751587,532.5371227264404,20.3190559387207,431.7300729751587,completed
664.031021,10,48.676569,1.0,True,10,0,0,441.4056053161621,580.8143730163574,27.36149024963379,441.4056053161621,completed
653.269646,10,48.684179,1.0,True,10,0,0,444.46863746643066,672.3991222381592,24.020506858825684,444.46863746643066,completed
62.896951,10,48.691513,1.0,True,10,0,0,529.6456775665283,891.4418296813965,35.18648147583008,529.6456775665283,completed
673.47363,10,48.699122,1.0,True,10,0,0,447.6978988647461,614.3235569000244,26.107585906982422,447.6978988647461,completed
578.600977,10,48.707074,1.0,True,10,0,0,450.30516624450684,651.3190841674805,28.738246536254884,450.30516624450684,completed
695.769588,10,48.715296,1.0,True,10,0,0,567.1789321899414,613.9844779968262,20.177006340026857,567.1789321899414,completed
56.755401,10,48.722856,1.0,True,10,0,0,514.7058601379395,764.2503471374512,44.18728504180908,514.7058601379395,completed
684.026775,10,48.730294,1.0,True,10,0,0,511.01459312438965,642.5241394042969,20.879395771026612,511.01459312438965,completed
1049.42791,10,48.737971,1.0,True,10,0,0,473.6069145202637,517.9210014343262,11.834741973876953,473.6069145202637,completed
583.985304,10,48.745457,1.0,True,10,0,0,572.7954616546631,621.2839241027832,23.946255111694335,572.7954616546631,completed
806.35206,10,48.753066,1.0,True,10,0,0,383.54206347465515,533.1475281715393,25.85302104949951,383.54206347465515,completed
290.486417,10,48.760726,1.0,True,10,0,0,576.7555885314941,741.028881072998,33.16642303466797,576.7555885314941,completed
37.611556,10,48.76817,1.0,True,10,0,0,561.9506416320801,834.7564239501953,41.099299621582034,561.9506416320801,completed
47.902137,10,48.775726,1.0,True,10,0,0,655.5902633666992,905.7398910522461,33.871491241455075,655.5902633666992,completed
259.798328,10,48.783639,1.0,True,10,0,0,543.110996723175,714.4065809249878,38.424391746520996,543.110996723175,completed
1180.732732,10,48.791595,1.0,True,10,0,0,305.3680491447449,434.93281269073486,16.131017208099365,305.3680491447449,completed
-313.396952,10,48.799107,1.0,True,10,0,0,563.2080383300781,1003.2848701477051,46.842938613891604,563.2080383300781,completed
771.92839,10,48.806384,1.0,True,10,0,0,495.97337341308594,641.1884994506836,17.009011840820314,495.97337341308594,completed
475.823769,10,48.813599,1.0,True,10,0,0,499.4227752685547,685.8449783325195,28.004654502868654,499.4227752685547,completed
178.35816,10,48.821391,1.0,True,10,0,0,541.1100168228149,772.8336668014526,36.8429398059845,541.1100168228149,completed
506.869062,10,48.828806,1.0,True,10,0,0,638.3180294036865,662.8520526885986,23.550143098831178,638.3180294036865,completed
871.865743,10,48.83663,1.0,True,10,0,0,395.5339584350586,643.605583190918,17.392387008666994,395.5339584350586,completed
207.573773,10,48.844123,1.0,True,10,0,0,444.9849433898926,655.0759925842285,43.492583465576175,444.9849433898926,completed
978.739478,10,48.85132,1.0,True,10,0,0,348.1185779571533,446.17688751220703,21.8297399520874,348.1185779571533,completed
844.064138,10,48.859178,1.0,True,10,0,0,509.2770347595215,678.844934463501,12.182010650634766,509.2770347595215,completed
389.08913,10,48.866664,1.0,True,10,0,0,448.58874702453613,650.2657318115234,34.573265838623044,448.58874702453613,completed
300.507894,10,48.874281,1.0,True,10,0,0,518.2665061950684,712.2474174499512,33.50300216674805,518.2665061950684,completed
525.302481,10,48.881714,1.0,True,10,0,0,549.3272228240967,704.2113399505615,24.273435592651367,549.3272228240967,completed
842.747793,10,48.890086,1.0,True,10,0,0,586.7726345062256,610.5860462188721,13.677198791503907,586.7726345062256,completed
564.814969,10,48.899716,1.0,True,10,0,0,412.27783393859863,613.8773498535156,31.37766227722168,412.27783393859863,completed
940.927551,10,48.908262,1.0,True,10,0,0,519.5607376098633,563.8748245239258,12.103684997558593,519.5607376098633,completed
599.875781,10,48.917051,1.0,True,10,0,0,531.6726713180542,670.8845462799072,21.657380771636962,531.6726713180542,completed
377.019265,10,48.925605,1.0,True,10,0,0,529.3182392120361,716.7072315216064,31.60059185028076,529.3182392120361,completed
1058.26112,10,48.934277,1.0,True,10,0,0,435.22993326187134,507.9659466743469,14.3419189453125,435.22993326187134,completed
880.813336,10,48.942428,1.0,True,10,0,0,472.82348918914795,567.0904350280762,16.33465461730957,472.82348918914795,completed
619.978216,10,48.950456,1.0,True,10,0,0,464.17476511001587,614.8402223587036,27.009634017944336,464.17476511001587,completed
990.241973,10,48.958386,1.0,True,10,0,0,400.14362382888794,496.31175899505615,16.936445903778075,400.14362382888794,completed
122.59867,10,48.966783,1.0,True,10,0,0,477.5759811401367,729.9065170288086,42.647928619384764,477.5759811401367,completed
877.257303,10,48.974242,1.0,True,10,0,0,481.6221590042114,575.3270893096924,17.045480155944823,481.6221590042114,completed
1264.44182,10,48.98148,1.0,True,10,0,0,402.22745990753174,451.5616760253906,6.875193023681641,402.22745990753174,completed
868.543749,10,48.988848,1.0,True,10,0,0,440.6123847961426,555.329065322876,19.811342430114745,440.6123847961426,completed
761.799913,10,48.996606,1.0,True,10,0,0,563.6026105880737,605.3228721618652,17.45916805267334,563.6026105880737,completed
-18.266847,10,49.004275,1.0,True,10,0,0,661.4149775505066,757.8048086166382,41.39162855148315,661.4149775505066,completed
172.563204,10,49.011998,1.0,True,10,0,0,456.9750542640686,740.4892740249634,41.43567810058594,456.9750542640686,completed
503.815387,10,49.019224,1.0,True,10,0,0,577.4734010696411,695.091347694397,26.255004501342775,577.4734010696411,completed
236.846258,10,49.026893,1.0,True,10,0,0,512.6134176254272,972.7840824127197,26.276160049438477,512.6134176254272,completed
911.004678,10,49.03505,1.0,True,10,0,0,399.44966316223145,514.0412425994873,21.194007873535156,399.44966316223145,completed
695.66532,10,49.042417,1.0,True,10,0,0,487.8027296066284,710.3435659408569,17.263755989074706,487.8027296066284,completed
500.742908,10,49.049938,1.0,True,10,0,0,565.8029613494873,586.363109588623,28.98879470825195,565.8029613494873,completed
797.800472,10,49.057556,1.0,True,10,0,0,446.98327255249023,671.7362117767334,18.004986572265626,446.98327255249023,completed
-48.751464,10,49.06518,1.0,True,10,0,0,788.5268268585205,917.8118228912354,32.802118110656735,788.5268268585205,completed
436.659056,10,49.07255,1.0,True,10,0,0,475.0386519432068,725.1309118270874,31.0336874961853,475.0386519432068,completed
1028.142868,10,49.080255,1.0,True,10,0,0,354.57605361938477,447.21256256103516,19.108884048461913,354.57605361938477,completed
408.396329,10,49.087453,1.0,True,10,0,0,675.1631059646606,813.7877178192139,21.566965866088868,675.1631059646606,completed
711.962264,10,49.095329,1.0,True,10,0,0,339.27451515197754,532.2626953125,30.699203109741212,339.27451515197754,completed
930.595036,10,49.102843,1.0,True,10,0,0,465.7144818305969,587.4893674850464,14.186898517608643,465.7144818305969,completed
452.433802,10,49.110351,1.0,True,10,0,0,593.4991874694824,699.2973594665527,25.611979484558105,593.4991874694824,completed
951.72584,10,49.117808,1.0,True,10,0,0,460.1125297546387,560.0065994262695,14.80996913909912,460.1125297546387,completed
799.29951,10,49.12569,1.0,True,10,0,0,416.98043632507324,557.4838104248047,25.114001846313478,416.98043632507324,completed
690.398308,10,49.133459,1.0,True,10,0,0,440.71251583099365,734.6031360626221,20.105536651611327,440.71251583099365,completed
520.250785,10,49.14203,1.0,True,10,0,0,489.53495502471924,619.4851732254028,32.229727554321286,489.53495502471924,completed
318.114919,10,49.149498,1.0,True,10,0,0,652.4502773284912,784.172306060791,27.141268920898437,652.4502773284912,completed
381.331559,10,49.156853,1.0,True,10,0,0,555.1780700683594,593.7089462280273,34.87408790588379,555.1780700683594,completed
642.75328,10,49.164269,1.0,True,10,0,0,518.5957880020142,740.2907342910767,18.588471984863283,518.5957880020142,completed
330.107514,10,49.172015,1.0,True,10,0,0,514.4975218772888,670.0524969100952,36.956811332702635,514.4975218772888,completed
-246.239406,10,49.179727,1.0,True,10,0,0,706.8024559020996,878.5020866394043,47.29028186798096,706.8024559020996,completed
480.736084,10,49.187131,1.0,True,10,0,0,445.92479133605957,570.0111904144287,34.48483657836914,445.92479133605957,completed
729.589553,10,49.194658,1.0,True,10,0,0,451.69330406188965,681.1562747955322,19.506128120422364,451.69330406188965,completed
1053.295109,10,49.202451,1.0,True,10,0,0,440.5087924003601,456.9521589279175,14.737612056732178,440.5087924003601,completed
740.188848,10,49.209955,1.0,True,10,0,0,468.81818199157715,593.7787990570068,22.018178176879882,468.81818199157715,completed
674.064221,10,49.217424,1.0,True,10,0,0,485.2867126464844,655.9566040039062,22.66057434082031,485.2867126464844,completed
-63.869876,10,49.224729,1.0,True,10,0,0,642.9225482940674,801.4464015960693,45.576265239715575,642.9225482940674,completed
1453.589865,10,49.23219,1.0,True,10,0,0,247.24936723709106,346.54715633392334,7.84293212890625,247.24936723709106,completed
-805.095714,10,49.239818,1.0,True,10,0,0,796.6676177978516,1026.0997123718262,61.91927299499512,796.6676177978516,completed
726.546329,10,49.247262,1.0,True,10,0,0,424.3522033691406,571.8265762329102,25.24165573120117,424.3522033691406,completed
829.035949,10,49.254553,1.0,True,10,0,0,439.50306606292725,549.4396800994873,18.393928146362306,439.50306606292725,completed
671.760255,10,49.262158,1.0,True,10,0,0,538.2796669006348,679.75634765625,19.876998138427734,538.2796669006348,completed
492.634604,10,49.269345,1.0,True,10,0,0,522.6724491119385,855.2247428894043,18.400735473632814,522.6724491119385,completed
680.777956,10,49.277036,1.0,True,10,0,0,485.5670871734619,625.0555152893066,24.016036224365234,485.5670871734619,completed
-282.36107,10,49.28422,1.0,True,10,0,0,743.3025379180908,915.0128593444824,45.99327011108399,743.3025379180908,completed
798.561936,10,49.291816,1.0,True,10,0,0,481.88204193115234,588.9812755584717,18.971471786499023,481.88204193115234,completed
687.026018,10,49.29943,1.0,True,10,0,0,487.3789482116699,643.713737487793,22.623075103759767,487.3789482116699,completed
596.534152,10,49.306472,1.0,True,10,0,0,573.1989498138428,819.2063484191895,16.170974731445312,573.1989498138428,completed
503.93748,10,49.314137,1.0,True,10,0,0,546.7439765930176,751.383617401123,24.074707746505737,546.7439765930176,completed
288.795548,10,49.321585,1.0,True,10,0,0,639.3538780212402,721.9089431762695,29.92461438179016,639.3538780212402,completed
1226.901969,10,49.328793,1.0,True,10,0,0,376.25594425201416,467.48278617858887,9.905669975280762,376.25594425201416,completed
539.378566,10,49.336383,1.0,True,10,0,0,476.1033630371094,628.6658592224121,28.671348571777344,476.1033630371094,completed
588.832562,10,49.343784,1.0,True,10,0,0,631.3068313598633,858.8228988647461,12.633907508850097,631.3068313598633,completed
130.82545,10,49.350951,1.0,True,10,0,0,679.2185010910034,853.7370662689209,30.626633834838866,679.2185010910034,completed
853.521811,10,49.35828,1.0,True,10,0,0,381.80378341674805,511.4548625946045,23.489778518676758,381.80378341674805,completed
887.039994,10,49.3658,1.0,True,10,0,0,502.47265338897705,643.6709842681885,13.421916580200195,502.47265338897705,completed
1323.103723,10,49.373011,1.0,True,10,0,0,396.39909744262695,479.20145416259766,5.096760940551758,396.39909744262695,completed
960.377795,10,49.381085,1.0,True,10,0,0,489.1380157470703,630.8348522186279,12.111052894592286,489.1380157470703,completed
448.002814,10,49.388259,1.0,True,10,0,0,606.7083315849304,670.7516894340515,27.007266426086424,606.7083315849304,completed
627.917975,10,49.395771,1.0,True,10,0,0,387.33126640319824,656.2485427856445,27.890493392944336,387.33126640319824,completed
1019.651099,10,49.403194,1.0,True,10,0,0,344.2778968811035,491.8007011413574,17.390069580078126,344.2778968811035,completed
355.143763,10,49.410491,1.0,True,10,0,0,589.2415657043457,700.8822593688965,33.01704063415527,589.2415657043457,completed
325.683268,10,49.417945,1.0,True,10,0,0,607.5711059570312,839.0987930297852,25.088269805908205,607.5711059570312,completed
937.509699,10,49.425695,1.0,True,10,0,0,505.441855430603,505.441855430603,17.161957359313966,505.441855430603,completed
607.65028,10,49.43306,1.0,True,10,0,0,539.7848281860352,657.1479606628418,21.780803298950197,539.7848281860352,completed
923.956438,10,49.440339,1.0,True,10,0,0,448.1242437362671,533.3959560394287,18.02167320251465,448.1242437362671,completed
-202.620054,10,49.447558,1.0,True,10,0,0,687.2295150756836,878.8466644287109,44.42755069732666,687.2295150756836,completed
413.904049,10,49.455469,1.0,True,10,0,0,568.4658851623535,785.1562232971191,24.817228698730467,568.4658851623535,completed
719.069933,10,49.462835,1.0,True,10,0,0,455.2851905822754,651.7872161865234,20.28965072631836,455.2851905822754,completed
498.853218,10,49.470055,1.0,True,10,0,0,544.4823188781738,655.9169330596924,27.14743824005127,544.4823188781738,completed
557.531906,10,49.477741,1.0,True,10,0,0,446.5186653137207,616.3373966217041,29.329287910461424,446.5186653137207,completed
414.645588,10,49.48552,1.0,True,10,0,0,551.3470325469971,839.929084777832,23.53120994567871,551.3470325469971,completed
332.582626,10,49.492728,1.0,True,10,0,0,633.8861427307129,669.8199348449707,32.01418800354004,633.8861427307129,completed
1019.481267,10,49.500378,1.0,True,10,0,0,412.544686794281,540.2845907211304,13.933943557739259,412.544686794281,completed
637.084282,10,49.507701,1.0,True,10,0,0,441.1862144470215,764.2944984436035,21.124002075195314,441.1862144470215,completed
692.125271,10,49.515352,1.0,True,10,0,0,506.16259384155273,628.9175300598145,21.368394470214845,506.16259384155273,completed
851.645799,10,49.522824,1.0,True,10,0,0,405.8565044403076,606.7990531921387,17.61806697845459,405.8565044403076,completed
462.475623,10,49.530079,1.0,True,10,0,0,585.9795722961426,799.4691848754883,22.32602653503418,585.9795722961426,completed
421.070415,10,49.537352,1.0,True,10,0,0,440.59387588500977,647.5408954620361,35.86391372680664,440.59387588500977,completed
1125.639024,10,49.544439,1.0,True,10,0,0,413.5061721801758,520.4177112579346,10.939889526367187,413.5061721801758,completed
-11.04379,10,49.552138,1.0,True,10,0,0,677.6899404525757,784.9664907455444,42.79833431243897,677.6899404525757,completed
298.26397,10,49.559974,1.0,True,10,0,0,563.5755696296692,797.3132863044739,30.077303647994995,563.5755696296692,completed
-170.514234,10,49.567534,1.0,True,10,0,0,723.7621116638184,1016.6925773620605,37.894756603240964,723.7621116638184,completed
143.259442,10,49.57518,1.0,True,10,0,0,606.390926361084,719.9949264526367,38.29557914733887,606.390926361084,completed
1220.175871,10,49.58243,1.0,True,10,0,0,419.56860542297363,491.303804397583,6.382439041137696,419.56860542297363,completed
-222.351347,10,49.59033,1.0,True,10,0,0,732.9335918426514,853.9515323638916,45.412225294113156,732.9335918426514,completed
21.315387,10,49.597562,1.0,True,10,0,0,569.9846057891846,809.7218132019043,39.2999927520752,569.9846057891846,completed
509.244528,10,49.605167,1.0,True,10,0,0,565.0943260192871,704.7401885986328,23.32423343658447,565.0943260192871,completed
886.250425,10,49.612444,1.0,True,10,0,0,453.2727851867676,600.6681098937988,14.802549171447755,453.2727851867676,completed
299.051295,10,49.620224,1.0,True,10,0,0,518.5758771896362,869.3245086669922,27.427310943603516,518.5758771896362,completed
835.155126,10,49.627647,1.0,True,10,0,0,543.0582237243652,706.532793045044,10.091193389892577,543.0582237243652,completed
918.569095,10,49.635266,1.0,True,10,0,0,407.44222259521484,477.7161464691162,22.573890495300294,407.44222259521484,completed
435.726334,10,49.642682,1.0,True,10,0,0,632.5894012451172,665.9485702514648,25.85882987976074,632.5894012451172,completed
-106.703789,10,49.650015,1.0,True,10,0,0,712.8690643310547,818.7210922241211,39.66945743560791,712.8690643310547,completed
753.658993,10,49.657339,1.0,True,10,0,0,449.5124797821045,791.5171508789062,13.548232650756836,449.5124797821045,completed
779.128278,10,49.66498,1.0,True,10,0,0,573.1323108673096,660.443675994873,10.775214576721192,573.1323108673096,completed
407.483186,10,49.672573,1.0,True,10,0,0,486.553373336792,636.2766380310059,35.78402442932129,486.553373336792,completed
268.981409,10,49.681038,1.0,True,10,0,0,634.687593460083,849.9120426177979,25.265139389038087,634.687593460083,completed
809.272598,10,49.689015,1.0,True,10,0,0,518.9890632629395,701.9026794433594,11.112050819396973,518.9890632629395,completed
1161.360404,10,49.697021,1.0,True,10,0,0,457.3227801322937,483.491614818573,9.870257568359374,457.3227801322937,completed
81.636595,10,49.704557,1.0,True,10,0,0,558.5342826843262,788.2540817260742,36.5581672668457,558.5342826843262,completed
1135.195321,10,49.711879,1.0,True,10,0,0,451.7202501296997,505.7451763153076,10.12264175415039,451.7202501296997,completed
422.357822,10,49.720255,1.0,True,10,0,0,639.0338516235352,750.6977157592773,25.42271900177002,639.0338516235352,completed
489.205809,10,49.72786,1.0,True,10,0,0,504.36114382743835,669.4032797813416,28.091694831848145,504.36114382743835,completed
89.095704,10,49.735293,1.0,True,10,0,0,727.7949104309082,822.8860168457031,34.202636575698854,727.7949104309082,completed
1175.845262,10,49.742487,1.0,True,10,0,0,455.5661430358887,545.4902820587158,5.788787078857422,455.5661430358887,completed
210.353579,10,49.749875,1.0,True,10,0,0,587.6748952865601,754.5037517547607,34.85436782836914,587.6748952865601,completed
195.532571,10,49.757336,1.0,True,10,0,0,530.107816696167,754.2202816009521,36.088021469116214,530.107816696167,completed
286.556728,10,49.764824,1.0,True,10,0,0,513.1476058959961,834.7228775024414,31.367977142333984,513.1476058959961,completed
587.216349,10,49.772153,1.0,True,10,0,0,541.3004474639893,697.3920497894287,21.79360637664795,541.3004474639893,completed
786.284138,10,49.779688,1.0,True,10,0,0,506.9689826965332,506.9689826965332,22.093429565429688,506.9689826965332,completed
331.958403,10,49.789548,1.0,True,10,0,0,510.14201164245605,747.0636749267578,31.50931739807129,510.14201164245605,completed
765.599031,10,49.797274,1.0,True,10,0,0,440.8412609100342,556.9234771728516,24.8640193939209,440.8412609100342,completed
550.663019,10,49.804684,1.0,True,10,0,0,392.2669258117676,694.7024917602539,28.2402042388916,392.2669258117676,completed
729.246498,10,49.812404,1.0,True,10,0,0,598.7198657989502,631.5115966796875,19.092941284179688,598.7198657989502,completed
1057.795506,10,49.819394,1.0,True,10,0,0,453.7294282913208,542.9382381439209,11.886738777160645,453.7294282913208,completed
467.416571,10,49.827013,1.0,True,10,0,0,547.935772895813,658.2311916351318,29.738382720947264,547.935772895813,completed
781.940546,10,49.83425,1.0,True,10,0,0,564.6095266342163,605.7534255981445,16.39824848175049,564.6095266342163,completed
722.860624,10,49.842316,1.0,True,10,0,0,535.3019227981567,622.4174423217773,20.564951801300047,535.3019227981567,completed
870.303934,10,49.84961,1.0,True,10,0,0,409.75836753845215,494.9653797149658,22.71895637512207,409.75836753845215,completed
521.874237,10,49.856853,1.0,True,10,0,0,541.6720790863037,623.304105758667,30.374399948120118,541.6720790863037,completed
268.525778,10,49.864246,1.0,True,10,0,0,552.3527116775513,664.195122718811,37.97239799499512,552.3527116775513,completed
963.888441,10,49.871438,1.0,True,10,0,0,436.3479824066162,599.2132682800293,12.758408737182616,436.3479824066162,completed
719.239177,10,49.879256,1.0,True,10,0,0,431.8108558654785,509.65069580078125,27.552927207946777,431.8108558654785,completed
535.54587,10,49.886344,1.0,True,10,0,0,499.2556552886963,790.6661109924316,21.75840072631836,499.2556552886963,completed
318.016921,10,49.893772,1.0,True,10,0,0,615.3321113586426,748.3838500976562,30.228078842163086,615.3321113586426,completed
175.045131,10,49.901821,1.0,True,10,0,0,446.24101638793945,658.8351726531982,46.12457847595215,446.24101638793945,completed
643.942278,10,49.909643,1.0,True,10,0,0,339.6937937736511,551.9766888618469,34.25335440635681,339.6937937736511,completed
1187.842194,10,49.917241,1.0,True,10,0,0,453.5983009338379,604.7941799163818,3.2362613677978516,453.5983009338379,completed
1056.507141,10,49.924374,1.0,True,10,0,0,373.63450622558594,486.43826484680176,14.961503219604491,373.63450622558594,completed
163.165127,10,49.932191,1.0,True,10,0,0,608.9987316131592,783.7604484558105,33.714957046508786,608.9987316131592,completed
1163.872781,10,49.93989,1.0,True,10,0,0,418.9429702758789,581.143424987793,5.525183486938476,418.9429702758789,completed
695.978921,10,49.947486,1.0,True,10,0,0,490.8744773864746,695.1760635375977,20.49013614654541,490.8744773864746,completed
908.636087,10,49.954994,1.0,True,10,0,0,406.52013397216797,519.5797004699707,22.045708084106444,406.52013397216797,completed
371.962343,10,49.96228,1.0,True,10,0,0,630.8669853210449,760.2644195556641,25.161330223083496,630.8669853210449,completed
427.445901,10,49.970111,1.0,True,10,0,0,530.4553804397583,744.292028427124,27.52798194885254,530.4553804397583,completed
460.803892,10,49.9777,1.0,True,10,0,0,445.441733956337,720.0952198505402,30.991316294670106,445.441733956337,completed
422.819436,10,49.985428,1.0,True,10,0,0,623.7898921966553,752.229133605957,24.522729110717773,623.7898921966553,completed
1373.192475,10,49.992851,1.0,True,10,0,0,363.7254009246826,390.50539207458496,7.200817680358886,363.7254009246826,completed
554.37098,10,50.000441,1.0,True,10,0,0,535.7712917327881,835.8001022338867,13.489306640625,535.7712917327881,completed
555.799129,10,50.007708,1.0,True,10,0,0,426.579044342041,796.8941459655762,22.583494186401367,426.579044342041,completed
-5.300239,10,50.014777,1.0,True,10,0,0,432.2145137786865,730.7808647155762,51.605628967285156,432.2145137786865,completed
359.689752,10,50.022488,1.0,True,10,0,0,550.0763664245605,648.5528297424316,33.09281578063965,550.0763664245605,completed
1110.514447,10,50.029948,1.0,True,10,0,0,407.5745372772217,432.4788703918457,15.460703659057618,407.5745372772217,completed
240.75719,10,50.03747,1.0,True,10,0,0,559.6948862075806,887.569917678833,29.354948425292967,559.6948862075806,completed
1447.110666,10,50.044916,1.0,True,10,0,0,363.1542673110962,401.266695022583,4.1801704406738285,363.1542673110962,completed
966.740665,10,50.052338,1.0,True,10,0,0,439.98549938201904,558.149073600769,17.265202713012695,439.98549938201904,completed
309.770438,10,50.060509,1.0,True,10,0,0,588.6032791137695,776.6042346954346,29.890146827697755,588.6032791137695,completed
955.831338,10,50.068525,1.0,True,10,0,0,500.8912649154663,553.55029296875,12.486429023742676,500.8912649154663,completed
496.437315,10,50.075809,1.0,True,10,0,0,469.31937408447266,791.8168525695801,23.298626136779784,469.31937408447266,completed
118.916097,10,50.083519,1.0,True,10,0,0,627.6083064079285,1054.7127828598022,21.71674289703369,627.6083064079285,completed
-339.409088,10,50.091021,1.0,True,10,0,0,650.7113094329834,893.5200004577637,50.305515098571775,650.7113094329834,completed
-354.76718,10,50.098281,1.0,True,10,0,0,749.9461708068848,916.6996841430664,48.07149124145508,749.9461708068848,completed
-130.297426,10,50.105487,1.0,True,10,0,0,602.6352081298828,790.1019668579102,50.73020687103271,602.6352081298828,completed
721.078563,10,50.112689,1.0,True,10,0,0,524.0196809768677,538.4377689361572,23.111404132843017,524.0196809768677,completed
927.305439,10,50.120184,1.0,True,10,0,0,398.86791610717773,575.4818115234375,18.26719093322754,398.86791610717773,completed
701.166441,10,50.127568,1.0,True,10,0,0,523.0464859008789,712.4814319610596,18.313804626464844,523.0464859008789,completed
824.800925,10,50.13479,1.0,True,10,0,0,567.9780616760254,611.5169048309326,15.087182140350341,567.9780616760254,completed
643.584243,10,50.142226,1.0,True,10,0,0,528.718590259552,811.2654962539673,14.339627838134765,528.718590259552,completed
1321.561363,10,50.150474,1.0,True,10,0,0,341.17116498947144,458.8114709854126,6.702165985107422,341.17116498947144,completed
806.566368,10,50.157866,1.0,True,10,0,0,399.57654571533203,543.2691802978516,23.554580307006837,399.57654571533203,completed
757.389173,10,50.165078,1.0,True,10,0,0,479.6195487976074,591.0498199462891,20.984214782714844,479.6195487976074,completed
-115.100919,10,50.172448,1.0,True,10,0,0,604.4055595397949,848.109001159668,44.226884078979495,604.4055595397949,completed
1344.011293,10,50.180285,1.0,True,10,0,0,298.54735976457596,446.7172247171402,8.773567199707031,298.54735976457596,completed
1176.053308,10,50.188098,1.0,True,10,0,0,435.5912752151489,528.6224021911621,6.0553642272949215,435.5912752151489,completed
725.646029,10,50.195528,1.0,True,10,0,0,525.4832754135132,581.8158731460571,20.45332727432251,525.4832754135132,completed
821.751854,10,51.32925,1.0,True,10,0,0,408.306604385376,646.2240676879883,18.1208854675293,408.306604385376,completed
389.099815,10,51.337288,1.0,True,10,0,0,543.8598976135254,791.2841682434082,26.458583068847656,543.8598976135254,completed
346.292641,10,51.345371,1.0,True,10,0,0,501.81585597991943,793.227575302124,29.753375625610353,501.81585597991943,completed
-15.413589,10,51.352904,1.0,True,10,0,0,627.9668560028076,857.4194393157959,39.27360458374024,627.9668560028076,completed
-564.987261,10,51.360503,1.0,True,10,0,0,831.1595554351807,1000.1524600982666,52.80619106292725,831.1595554351807,completed
678.617076,10,51.367968,1.0,True,10,0,0,458.17322063446045,615.2479305267334,22.985313415527344,458.17322063446045,completed
812.031126,10,51.375763,1.0,True,10,0,0,441.83402824401855,634.9501342773438,19.471165466308594,441.83402824401855,completed
1418.586432,10,51.383284,1.0,True,10,0,0,274.9979667663574,304.3106117248535,9.833655738830567,274.9979667663574,completed
518.692473,10,51.390725,1.0,True,10,0,0,588.2379302978516,655.1486892700195,26.13506054878235,588.2379302978516,completed
834.985984,10,51.398817,1.0,True,10,0,0,433.19397354125977,550.5654411315918,23.223782348632813,433.19397354125977,completed
983.733537,10,51.407061,1.0,True,10,0,0,453.87799882888794,529.7864122390747,15.058730506896973,453.87799882888794,completed
715.183674,10,51.41476,1.0,True,10,0,0,497.67337799072266,639.4025039672852,19.89347724914551,497.67337799072266,completed
1130.847116,10,51.422103,1.0,True,10,0,0,453.76367950439453,502.2482166290283,10.471081924438476,453.76367950439453,completed
882.264518,10,51.429688,1.0,True,10,0,0,433.7617721557617,513.4603004455566,20.383604431152342,433.7617721557617,completed
1026.203435,10,51.437755,1.0,True,10,0,0,440.86975383758545,523.4024524688721,14.926600742340089,440.86975383758545,completed
1265.494653,10,51.449321,1.0,True,10,0,0,365.1961860656738,450.0033721923828,9.269196319580079,365.1961860656738,completed
737.457277,10,51.458043,1.0,True,10,0,0,424.4870719909668,558.6137886047363,25.41876564025879,424.4870719909668,completed
632.545228,10,51.46625,1.0,True,10,0,0,560.0080413818359,742.7496109008789,17.721268749237062,560.0080413818359,completed
323.012576,10,51.474534,1.0,True,10,0,0,484.2656879425049,916.088623046875,25.93652629852295,484.2656879425049,completed
958.1379,10,51.482455,1.0,True,10,0,0,436.34366512298584,527.4507942199707,16.99300136566162,436.34366512298584,completed
1333.752556,10,51.489999,1.0,True,10,0,0,293.50492763519287,349.4006280899048,11.040189838409423,293.50492763519287,completed
951.113925,10,51.497717,1.0,True,10,0,0,405.92663383483887,507.25939750671387,19.367237854003907,405.92663383483887,completed
732.25464,10,51.505168,1.0,True,10,0,0,567.349235534668,595.2501697540283,20.62803158760071,567.349235534668,completed
961.026794,10,51.513052,1.0,True,10,0,0,438.3696451187134,573.2576150894165,13.018402099609375,438.3696451187134,completed
1307.830519,10,51.520802,1.0,True,10,0,0,426.15724658966064,427.33824729919434,6.570153045654297,426.15724658966064,completed
143.721423,10,51.528546,1.0,True,10,0,0,570.8892831802368,741.3782625198364,39.41144590377807,570.8892831802368,completed
544.941182,10,51.536537,1.0,True,10,0,0,466.2667236328125,657.9086875915527,30.829961395263673,466.2667236328125,completed
221.942802,10,51.544124,1.0,True,10,0,0,523.5041027069092,918.2700710296631,28.442882919311522,523.5041027069092,completed
26.076938,10,51.551791,1.0,True,10,0,0,545.2966499328613,920.0377311706543,37.48517837524414,545.2966499328613,completed
56.050621,10,51.559756,1.0,True,10,0,0,667.0673027038574,788.0589447021484,38.34220790863037,667.0673027038574,completed
349.566987,10,51.567525,1.0,True,10,0,0,477.0002021789551,731.7700824737549,33.71429004669189,477.0002021789551,completed
787.102702,10,51.575101,1.0,True,10,0,0,450.2425036430359,584.4028100967407,21.99543523788452,450.2425036430359,completed
-36.835786,10,51.582864,1.0,True,10,0,0,566.1148681640625,1019.2172546386719,34.55139427185058,566.1148681640625,completed
159.838949,10,51.590571,1.0,True,10,0,0,636.6571884155273,869.7684364318848,27.071072912216188,636.6571884155273,completed
942.308598,10,51.597756,1.0,True,10,0,0,397.0847511291504,547.794075012207,16.593353462219238,397.0847511291504,completed
285.924257,10,51.60589,1.0,True,10,0,0,516.4103646278381,739.3100633621216,34.04942274093628,516.4103646278381,completed
690.814686,10,51.613883,1.0,True,10,0,0,471.3693904876709,648.6109523773193,23.894581604003907,471.3693904876709,completed
574.994912,10,51.621409,1.0,True,10,0,0,476.8798942565918,650.9710693359375,26.890448760986327,476.8798942565918,completed
299.138243,10,51.629307,1.0,True,10,0,0,721.4964332580566,813.2188682556152,24.42115707397461,721.4964332580566,completed
1172.280337,10,51.637024,1.0,True,10,0,0,442.0900630950928,515.2486381530762,8.034606170654296,442.0900630950928,completed
449.615869,10,51.644581,1.0,True,10,0,0,587.0034065246582,738.156322479248,25.06050662994385,587.0034065246582,completed
681.177783,10,51.651761,1.0,True,10,0,0,526.3285121917725,618.0317287445068,24.40951042175293,526.3285121917725,completed
-132.987218,10,51.659218,1.0,True,10,0,0,709.4716491699219,783.1617584228516,45.541314697265626,709.4716491699219,completed
485.715611,10,51.667089,1.0,True,10,0,0,564.6117630004883,782.8095779418945,22.721339797973634,564.6117630004883,completed
35.211655,10,51.674973,1.0,True,10,0,0,665.9323024749756,779.7945899963379,39.87274570465088,665.9323024749756,completed
1205.502957,10,51.682423,1.0,True,10,0,0,373.5956802368164,413.3704490661621,12.781607055664063,373.5956802368164,completed
1011.619026,10,51.692163,1.0,True,10,0,0,495.2762260437012,564.0564498901367,11.787657165527344,495.2762260437012,completed
106.342854,10,51.700225,1.0,True,10,0,0,584.8039741516113,792.8886871337891,39.27986030578613,584.8039741516113,completed
756.0835,10,51.707912,1.0,True,10,0,0,440.3023290634155,578.0347957611084,21.694841384887695,440.3023290634155,completed
407.634233,10,51.715562,1.0,True,10,0,0,557.0927958488464,839.1871328353882,25.0002121925354,557.0927958488464,completed
245.378704,10,51.722951,1.0,True,10,0,0,622.0258884429932,784.6009387969971,31.667236518859863,622.0258884429932,completed
606.78539,10,51.730413,1.0,True,10,0,0,563.0674991607666,820.0499229431152,13.415959739685059,563.0674991607666,completed
1146.64861,10,51.73773,1.0,True,10,0,0,416.36715602874756,545.6281204223633,9.667008209228516,416.36715602874756,completed
-608.739643,10,51.745436,1.0,True,10,0,0,702.3571548461914,889.8148956298828,63.67644824981689,702.3571548461914,completed
855.020033,10,51.752828,1.0,True,10,0,0,444.45246505737305,548.3162002563477,20.75803337097168,444.45246505737305,completed
1023.704856,10,51.760397,1.0,True,10,0,0,445.47832441329956,527.985034942627,15.911230564117432,445.47832441329956,completed
471.750388,10,51.768194,1.0,True,10,0,0,555.4736824035645,659.1178321838379,27.996789360046385,555.4736824035645,completed
444.503422,10,51.775598,1.0,True,10,0,0,542.0051956176758,753.1025848388672,24.59403085708618,542.0051956176758,completed
347.868406,10,51.783205,1.0,True,10,0,0,526.8174800872803,784.4430084228516,29.40768985748291,526.8174800872803,completed
44.27472,10,51.790906,1.0,True,10,0,0,587.3384962081909,852.3777914047241,36.535330581665036,587.3384962081909,completed
693.438199,10,51.798356,1.0,True,10,0,0,483.3041458129883,676.659912109375,19.362670516967775,483.3041458129883,completed
583.284007,10,51.805983,1.0,True,10,0,0,475.08541917800903,634.0282788276672,29.961681747436522,475.08541917800903,completed
496.196771,10,51.813412,1.0,True,10,0,0,498.0047798156738,661.7369937896729,28.35448341369629,498.0047798156738,completed
1012.535609,10,51.820616,1.0,True,10,0,0,402.27271842956543,483.1790351867676,17.73019106388092,402.27271842956543,completed
465.139519,10,51.82819,1.0,True,10,0,0,641.1867866516113,848.7760543823242,17.824737453460692,641.1867866516113,completed
209.15645,10,51.836179,1.0,True,10,0,0,564.0350208282471,804.2586154937744,34.13690299987793,564.0350208282471,completed
359.542073,10,51.84363,1.0,True,10,0,0,504.8745632171631,739.9972686767578,30.67680969238281,504.8745632171631,completed
-97.481202,10,51.851026,1.0,True,10,0,0,611.9294166564941,776.9915504455566,45.78164234161377,611.9294166564941,completed
651.746988,10,51.85867,1.0,True,10,0,0,491.1763553619385,669.6773643493652,22.845104885101318,491.1763553619385,completed
898.646006,10,51.8661,1.0,True,10,0,0,476.82426166534424,628.4170455932617,14.45003433227539,476.82426166534424,completed
417.174696,10,51.874134,1.0,True,10,0,0,507.2879285812378,698.0527439117432,31.279726409912108,507.2879285812378,completed
424.035988,10,51.881884,1.0,True,10,0,0,534.1720361709595,652.6738576889038,31.375977325439454,534.1720361709595,completed
-597.687467,10,51.890024,1.0,True,10,0,0,672.9104614257812,919.697624206543,61.11369018554687,672.9104614257812,completed
62.130835,10,51.897623,1.0,True,10,0,0,531.4971632957458,817.3669538497925,40.493360900878905,531.4971632957458,completed
636.84756,10,51.905392,1.0,True,10,0,0,500.94116401672363,620.0619258880615,22.275981140136718,500.94116401672363,completed
310.591103,10,51.913271,1.0,True,10,0,0,494.35798835754395,709.3003482818604,36.37818603515625,494.35798835754395,completed
506.863083,10,51.920821,1.0,True,10,0,0,465.0007152557373,617.0405807495117,30.019592475891113,465.0007152557373,completed
964.374283,10,51.928267,1.0,True,10,0,0,390.972900390625,501.7382640838623,18.206494331359863,390.972900390625,completed
153.429557,10,51.93642,1.0,True,10,0,0,559.2473368644714,802.2962598800659,37.174807739257815,559.2473368644714,completed
1471.283209,10,51.944421,1.0,True,10,0,0,317.3104000091553,428.3308162689209,4.108332633972168,317.3104000091553,completed
728.134895,10,51.951727,1.0,True,10,0,0,451.59917640686035,631.9794826507568,19.78640842437744,451.59917640686035,completed
696.850893,10,51.95934,1.0,True,10,0,0,570.2940855026245,589.5260410308838,21.37470054626465,570.2940855026245,completed
932.548529,10,51.966922,1.0,True,10,0,0,501.9733600616455,676.7551689147949,10.591838455200195,501.9733600616455,completed
683.504375,10,51.974176,1.0,True,10,0,0,535.0583009719849,637.5147323608398,20.459721946716307,535.0583009719849,completed
298.168849,10,51.981793,1.0,True,10,0,0,587.1903533935547,835.0488433837891,27.298160552978516,587.1903533935547,completed
932.932747,10,51.989608,1.0,True,10,0,0,346.25018882751465,514.3773803710938,20.42510108947754,346.25018882751465,completed
370.644193,10,51.997385,1.0,True,10,0,0,535.5701570510864,832.548189163208,26.61053524017334,535.5701570510864,completed
558.066301,10,52.004933,1.0,True,10,0,0,512.2373390197754,738.8755111694336,21.841411685943605,512.2373390197754,completed
794.239515,10,52.012324,1.0,True,10,0,0,462.4815011024475,519.1603860855103,23.60975799560547,462.4815011024475,completed
427.245102,10,52.020043,1.0,True,10,0,0,638.6758584976196,722.9188175201416,25.466934204101562,638.6758584976196,completed
-49.408389,10,52.027471,1.0,True,10,0,0,708.2947025299072,935.209114074707,34.28507709503174,708.2947025299072,completed
969.090354,10,52.034828,1.0,True,10,0,0,379.57641983032227,508.1784152984619,19.20837688446045,379.57641983032227,completed
672.256784,10,52.042787,1.0,True,10,0,0,526.8000068664551,781.8035926818848,14.583963012695312,526.8000068664551,completed
1432.932719,10,52.050667,1.0,True,10,0,0,303.0670962333679,363.4787359237671,7.52002067565918,303.0670962333679,completed
1046.283608,10,52.057983,1.0,True,10,0,0,457.55575942993164,561.8104400634766,11.30957260131836,457.55575942993164,completed
756.502232,10,52.065724,1.0,True,10,0,0,515.0448803901672,612.1761226654053,18.803855228424073,515.0448803901672,completed
868.835089,10,52.073279,1.0,True,10,0,0,578.0810718536377,606.6876525878906,14.097992515563964,578.0810718536377,completed
1053.586263,10,52.080833,1.0,True,10,0,0,384.34120321273804,509.16971492767334,13.536116409301759,384.34120321273804,completed
517.178846,10,52.088578,1.0,True,10,0,0,507.4877223968506,740.2114791870117,26.454794692993165,507.4877223968506,completed
414.907572,10,52.09609,1.0,True,10,0,0,569.1673460006714,706.179853439331,29.089709091186524,569.1673460006714,completed
475.131553,10,52.103772,1.0,True,10,0,0,551.7930946350098,666.1665229797363,28.800470733642577,551.7930946350098,completed
544.905504,10,52.111417,1.0,True,10,0,0,608.6981625556946,625.3541231155396,27.099303150177,608.6981625556946,completed
756.534421,10,52.119105,1.0,True,10,0,0,490.7187080383301,718.2639236450195,14.947201919555663,490.7187080383301,completed
488.661433,10,52.126532,1.0,True,10,0,0,505.5977554321289,686.3862075805664,28.397754287719728,505.5977554321289,completed
1132.220148,10,52.134113,1.0,True,10,0,0,357.76514053344727,441.10147857666016,15.395457077026368,357.76514053344727,completed
616.582787,10,52.141384,1.0,True,10,0,0,528.2764358520508,622.6496505737305,23.576836776733398,528.2764358520508,completed
467.573825,10,52.148764,1.0,True,10,0,0,566.5076599121094,706.0060844421387,25.295744323730467,566.5076599121094,completed
1318.948195,10,52.156636,1.0,True,10,0,0,411.36828422546387,456.45789337158203,3.6063575744628906,411.36828422546387,completed
625.785746,10,52.164035,1.0,True,10,0,0,547.3616991043091,652.7913570404053,20.886337089538575,547.3616991043091,completed
975.738797,10,52.171426,1.0,True,10,0,0,485.5053234100342,505.8308525085449,14.577203559875489,485.5053234100342,completed
202.420059,10,52.178755,1.0,True,10,0,0,520.5019798278809,794.1090927124023,35.08793754577637,520.5019798278809,completed
631.106034,10,52.186676,1.0,True,10,0,0,493.512433052063,755.2050113677979,19.103049659729002,493.512433052063,completed
163.698072,10,52.194773,1.0,True,10,0,0,535.3647356033325,889.7137470245361,33.819898223876955,535.3647356033325,completed
855.265891,10,52.202339,1.0,True,10,0,0,392.68677139282227,587.102705001831,20.16545352935791,392.68677139282227,completed
673.952271,10,52.210535,1.0,True,10,0,0,524.953067779541,732.6538009643555,17.257835388183594,524.953067779541,completed
580.472717,10,52.218197,1.0,True,10,0,0,526.2853507995605,732.4804992675781,20.651376152038573,526.2853507995605,completed
701.07965,10,52.225714,1.0,True,10,0,0,442.0094795227051,607.5034284591675,24.023044538497924,442.0094795227051,completed
395.054901,10,52.233384,1.0,True,10,0,0,638.5083141326904,838.9018001556396,20.70240650177002,638.5083141326904,completed
819.473721,10,52.240676,1.0,True,10,0,0,538.94821870327,585.0627982616425,18.929413509368896,538.94821870327,completed
272.858446,10,52.247879,1.0,True,10,0,0,569.3950710296631,769.6550846099854,32.694195938110354,569.3950710296631,completed
-120.342088,10,52.255484,1.0,True,10,0,0,666.0636978149414,791.5403823852539,47.000472450256346,666.0636978149414,completed
291.538749,10,52.263264,1.0,True,10,0,0,567.2974338531494,748.088264465332,31.75928497314453,567.2974338531494,completed
382.771588,10,52.271379,1.0,True,10,0,0,506.7138977050781,629.9076118469238,35.51508502960205,506.7138977050781,completed
-88.047408,10,52.279134,1.0,True,10,0,0,696.4684801101685,836.5974206924438,40.74545783996582,696.4684801101685,completed
509.975769,10,52.286737,1.0,True,10,0,0,509.2813653945923,771.1007328033447,21.31223030090332,509.2813653945923,completed
516.498066,10,52.294094,1.0,True,10,0,0,487.4410037994385,694.310546875,25.864786529541014,487.4410037994385,completed
289.071002,10,52.301528,1.0,True,10,0,0,564.8764877319336,707.984504699707,36.661007499694826,564.8764877319336,completed
821.342303,10,52.309169,1.0,True,10,0,0,405.98363876342773,616.3833312988281,18.602292442321776,405.98363876342773,completed
504.001474,10,52.316801,1.0,True,10,0,0,503.40080213546753,637.6665468215942,30.37624216079712,503.40080213546753,completed
507.659029,10,52.32413,1.0,True,10,0,0,551.7218017578125,760.2334232330322,20.752556228637694,551.7218017578125,completed
-44.890188,10,52.33178,1.0,True,10,0,0,695.6195487976074,1026.4888305664062,30.6690372467041,695.6195487976074,completed
578.655678,10,52.339896,1.0,True,10,0,0,493.59557914733887,698.4854755401611,23.592647552490234,493.59557914733887,completed
1012.576667,10,52.347355,1.0,True,10,0,0,315.26270484924316,454.01092624664307,21.94268455505371,315.26270484924316,completed
-245.307158,10,52.354767,1.0,True,10,0,0,624.7104721069336,820.8777351379395,51.6257682800293,624.7104721069336,completed
711.915127,10,52.362517,1.0,True,10,0,0,449.9557523727417,571.5594882965088,23.96979923248291,449.9557523727417,completed
603.855061,10,52.370015,1.0,True,10,0,0,545.4503364562988,686.5186729431152,20.185209846496583,545.4503364562988,completed
-566.421196,10,52.377598,1.0,True,10,0,0,699.280707359314,1074.4375400543213,51.49857387542725,699.280707359314,completed
874.167911,10,52.385157,1.0,True,10,0,0,427.4064893722534,553.4413986206055,20.030132865905763,427.4064893722534,completed
764.10036,10,52.393264,1.0,True,10,0,0,446.63768577575684,689.0093765258789,18.750335693359375,446.63768577575684,completed
181.152829,10,52.401414,1.0,True,10,0,0,430.0430164337158,782.2057304382324,39.51975288391113,430.0430164337158,completed
533.488015,10,52.409152,1.0,True,10,0,0,435.11714935302734,690.4840431213379,29.29546241760254,435.11714935302734,completed
-97.118996,10,52.416838,1.0,True,10,0,0,708.3166465759277,815.0319976806641,42.02969055175781,708.3166465759277,completed
388.066402,10,52.424494,1.0,True,10,0,0,665.1923456192017,709.3806972503662,27.374971199035645,665.1923456192017,completed
614.826256,10,52.431852,1.0,True,10,0,0,512.3165769577026,804.8174352645874,17.87423095703125,512.3165769577026,completed
822.969215,10,52.442049,1.0,True,10,0,0,553.3096399307251,638.1452655792236,15.404260444641114,553.3096399307251,completed
351.442255,10,52.454165,1.0,True,10,0,0,620.8675289154053,796.7265281677246,24.48190231323242,620.8675289154053,completed
94.43625,10,52.461363,1.0,True,10,0,0,647.7715644836426,745.6570892333984,39.33390064239502,647.7715644836426,completed
671.306426,10,52.469338,1.0,True,10,0,0,495.81700229644775,626.6990690231323,24.091719818115234,495.81700229644775,completed
-288.765032,10,52.476786,1.0,True,10,0,0,674.8481740951538,907.1724653244019,50.04832077026367,674.8481740951538,completed
735.766903,10,52.48455,1.0,True,10,0,0,516.9026641845703,618.0515937805176,20.71173725128174,516.9026641845703,completed
832.094962,10,52.492183,1.0,True,10,0,0,466.680850982666,562.212230682373,19.22315368652344,466.680850982666,completed
613.490442,10,52.499817,1.0,True,10,0,0,413.94408416748047,623.6923313140869,29.6040771484375,413.94408416748047,completed
790.630799,10,52.507545,1.0,True,10,0,0,487.3929500579834,760.3110618591309,12.27956314086914,487.3929500579834,completed
719.196916,10,52.515595,1.0,True,10,0,0,410.57004737854004,599.1949424743652,25.767330932617188,410.57004737854004,completed
145.720826,10,52.523423,1.0,True,10,0,0,604.9454307556152,849.3859825134277,32.34936676025391,604.9454307556152,completed
363.527875,10,52.531318,1.0,True,10,0,0,466.3034315109253,718.6077003479004,32.811079788208005,466.3034315109253,completed
122.577453,10,52.539156,1.0,True,10,0,0,673.6058235168457,1003.5876159667969,25.46563377380371,673.6058235168457,completed
282.292743,10,52.546678,1.0,True,10,0,0,531.1158180236816,721.1278610229492,34.78985595703125,531.1158180236816,completed
497.019026,10,52.554723,1.0,True,10,0,0,502.76501083374023,604.3009490966797,32.57954616546631,502.76501083374023,completed
643.713625,10,52.56262,1.0,True,10,0,0,510.1826972961426,598.022216796875,26.61761589050293,510.1826972961426,completed
-75.39147,10,52.570298,1.0,True,10,0,0,672.751220703125,935.9278030395508,37.86100769042969,672.751220703125,completed
-60.955794,10,52.580189,1.0,True,10,0,0,601.9654445648193,892.0135078430176,41.678083419799805,601.9654445648193,completed
1293.732842,10,52.58944,1.0,True,10,0,0,341.5677261352539,377.3780403137207,12.560533905029297,341.5677261352539,completed
459.760769,10,52.597315,1.0,True,10,0,0,570.6307315826416,725.489839553833,24.491098403930664,570.6307315826416,completed
631.586679,10,52.604671,1.0,True,10,0,0,477.83512783050537,628.3755893707275,25.274954795837402,477.83512783050537,completed
750.801003,10,52.612052,1.0,True,10,0,0,409.32912158966064,624.5583515167236,21.579366874694824,409.32912158966064,completed
809.087775,10,52.620202,1.0,True,10,0,0,476.69121170043945,691.5014953613281,15.462292671203613,476.69121170043945,completed
419.088867,10,52.627569,1.0,True,10,0,0,444.9111042022705,636.0085926055908,36.46775093078613,444.9111042022705,completed
40.724974,10,52.635182,1.0,True,10,0,0,734.8109049797058,1133.4104452133179,21.831849670410158,734.8109049797058,completed
555.303578,10,52.643044,1.0,True,10,0,0,509.77624797821045,625.4242916107178,25.793197631835938,509.77624797821045,completed
719.544395,10,52.651099,1.0,True,10,0,0,562.2646160125732,723.4824886322021,14.363304901123048,562.2646160125732,completed
1047.992105,10,52.658709,1.0,True,10,0,0,411.998929977417,536.9002227783203,12.710914611816406,411.998929977417,completed
414.588609,10,52.66626,1.0,True,10,0,0,472.1054630279541,682.3300132751465,33.329254913330075,472.1054630279541,completed
581.702164,10,52.674344,1.0,True,10,0,0,534.5727920532227,781.4038772583008,17.65049476623535,534.5727920532227,completed
-259.160997,10,52.682093,1.0,True,10,0,0,706.4110145568848,840.0681266784668,47.56197242736816,706.4110145568848,completed
133.802013,10,52.689702,1.0,True,10,0,0,572.6166038513184,772.9372034072876,38.11985502243042,572.6166038513184,completed
-150.847252,10,52.697435,1.0,True,10,0,0,656.3752670288086,900.2305297851562,41.58842544555664,656.3752670288086,completed
-261.725034,10,52.705192,1.0,True,10,0,0,694.8212184906006,810.7580223083496,49.64992389678955,694.8212184906006,completed
541.885628,10,52.712937,1.0,True,10,0,0,498.628023147583,699.7038383483887,25.213166809082033,498.628023147583,completed
-162.592224,10,52.720713,1.0,True,10,0,0,701.5760364532471,888.7567863464355,42.70070686340332,701.5760364532471,completed
755.320856,10,52.728548,1.0,True,10,0,0,477.909481048584,564.6537704467773,22.590715408325195,477.909481048584,completed
54.408067,10,52.736263,1.0,True,10,0,0,611.7581939697266,753.668586730957,41.97507858276367,611.7581939697266,completed
1338.94495,10,52.743944,1.0,True,10,0,0,374.2767724990845,482.58381843566895,6.032339286804199,374.2767724990845,completed
433.898074,10,52.751565,1.0,True,10,0,0,550.2417945861816,697.5587615966797,27.932110595703126,550.2417945861816,completed
619.765822,10,52.759478,1.0,True,10,0,0,620.3014469146729,677.4743232727051,21.39157772064209,620.3014469146729,completed
846.7822,10,52.767072,1.0,True,10,0,0,515.0312824249268,601.0641498565674,17.401423263549805,515.0312824249268,completed
178.132946,10,52.774645,1.0,True,10,0,0,556.5365962982178,760.7734031677246,38.3047176361084,556.5365962982178,completed
297.668679,10,52.782155,1.0,True,10,0,0,550.1794719696045,683.1418895721436,35.538377952575686,550.1794719696045,completed
668.910732,10,52.790483,1.0,True,10,0,0,370.7881717681885,515.9296779632568,31.554685974121092,370.7881717681885,completed
228.966941,10,52.798211,1.0,True,10,0,0,542.9552974700928,865.3130340576172,31.670777130126954,542.9552974700928,completed
968.752516,10,52.806027,1.0,True,10,0,0,503.4997959136963,525.814115524292,14.537603950500488,503.4997959136963,completed
-326.849821,10,52.813272,1.0,True,10,0,0,647.6473941802979,910.3764915466309,50.09236221313476,647.6473941802979,completed
930.127092,10,52.820521,1.0,True,10,0,0,491.54045009613037,586.6924419403076,13.479347610473633,491.54045009613037,completed
456.384081,10,52.828061,1.0,True,10,0,0,530.8193511962891,595.9031620025635,31.731541514396667,530.8193511962891,completed
-130.326416,10,52.835563,1.0,True,10,0,0,618.1133003234863,833.4762992858887,44.1317253112793,618.1133003234863,completed
514.633329,10,52.843732,1.0,True,10,0,0,575.494384765625,682.523136138916,26.464729499816894,575.494384765625,completed
473.882314,10,52.851309,1.0,True,10,0,0,483.2727470397949,666.9143676757812,29.62741165161133,483.2727470397949,completed
424.250749,10,52.859089,1.0,True,10,0,0,520.7654418945312,709.4427146911621,29.895149993896485,520.7654418945312,completed
903.833187,10,52.866574,1.0,True,10,0,0,451.15197563171387,647.4060363769531,11.416449356079102,451.15197563171387,completed
914.044606,10,52.87431,1.0,True,10,0,0,453.2871570587158,578.7854270935059,14.615956497192382,453.2871570587158,completed
1090.477254,10,52.882192,1.0,True,10,0,0,396.60330963134766,586.7201995849609,10.808427047729491,396.60330963134766,completed
-186.254907,10,52.889561,1.0,True,10,0,0,661.0356884002686,773.6331653594971,48.931850624084475,661.0356884002686,completed
1430.516085,10,52.89761,1.0,True,10,0,0,254.84434509277344,300.88538360595703,12.53016929626465,254.84434509277344,completed
477.116999,10,52.905493,1.0,True,10,0,0,613.2254447937012,675.9538192749023,26.31992664337158,613.2254447937012,completed
694.854179,10,52.912922,1.0,True,10,0,0,458.52314376831055,546.4858093261719,27.194877243041994,458.52314376831055,completed
604.213797,10,54.057027,1.0,True,10,0,0,510.16326904296875,593.2922515869141,26.35333824157715,510.16326904296875,completed
841.300009,10,54.065403,1.0,True,10,0,0,548.8720717430115,618.7948966026306,15.685118103027344,548.8720717430115,completed
939.750226,10,54.073199,1.0,True,10,0,0,483.7671139240265,564.9831147193909,15.67540397644043,483.7671139240265,completed
1023.845863,10,54.080886,1.0,True,10,0,0,473.3936080932617,671.7526302337646,7.159503936767578,473.3936080932617,completed
504.515485,10,54.088475,1.0,True,10,0,0,549.7285270690918,742.8346557617188,24.426463890075684,549.7285270690918,completed
744.095592,10,54.096219,1.0,True,10,0,0,522.5540685653687,596.3136463165283,18.821347808837892,522.5540685653687,completed
-358.814991,10,54.103967,1.0,True,10,0,0,747.6215591430664,883.0941925048828,47.691922187805176,747.6215591430664,completed
1067.132166,10,54.111659,1.0,True,10,0,0,422.8565626144409,541.6333665847778,13.667859649658203,422.8565626144409,completed
827.850721,10,54.119422,1.0,True,10,0,0,480.41434478759766,575.0186462402344,18.31900806427002,480.41434478759766,completed
481.454734,10,54.126672,1.0,True,10,0,0,525.7363262176514,653.088207244873,28.735322093963624,525.7363262176514,completed
250.124053,10,54.134165,1.0,True,10,0,0,603.4907646179199,765.0253105163574,30.562682342529296,603.4907646179199,completed
-238.193018,10,54.141867,1.0,True,10,0,0,547.2458763122559,872.2030944824219,54.521104431152345,547.2458763122559,completed
930.306392,10,54.149353,1.0,True,10,0,0,475.41264724731445,606.0678291320801,12.888570404052734,475.41264724731445,completed
678.823844,10,54.157127,1.0,True,10,0,0,471.6598834991455,649.5710029602051,21.93260612487793,471.6598834991455,completed
1106.557826,10,54.164567,1.0,True,10,0,0,474.386381149292,494.89580726623535,11.47124786376953,474.386381149292,completed
16.209795,10,54.172737,1.0,True,10,0,0,601.9076175689697,851.2503681182861,40.06351146697998,601.9076175689697,completed
754.282974,10,54.180184,1.0,True,10,0,0,537.4282417297363,581.8389015197754,18.661864471435546,537.4282417297363,completed
834.28131,10,54.187783,1.0,True,10,0,0,498.5289034843445,570.6515073776245,18.944234466552736,498.5289034843445,completed
-414.961311,10,54.195626,1.0,True,10,0,0,670.5062956809998,1000.5375165939331,48.853313255310056,670.5062956809998,completed
127.396009,10,54.203477,1.0,True,10,0,0,650.955904006958,945.8319435119629,29.080765533447266,650.955904006958,completed
592.379419,10,54.211352,1.0,True,10,0,0,579.0577096939087,720.7438449859619,20.368386268615723,579.0577096939087,completed
612.368689,10,54.218849,1.0,True,10,0,0,514.2198572158813,665.7788372039795,24.3371337890625,514.2198572158813,completed
-82.665814,10,54.226449,1.0,True,10,0,0,611.8053798675537,806.3288097381592,47.18104476928711,611.8053798675537,completed
1104.681557,10,54.233887,1.0,True,10,0,0,377.6129970550537,448.8083896636963,15.753070831298828,377.6129970550537,completed
622.685113,10,54.24194,1.0,True,10,0,0,427.76861476898193,628.9307136535645,27.191496658325196,427.76861476898193,completed
907.938457,10,54.249728,1.0,True,10,0,0,511.77457904815674,682.9425373077393,8.688000202178955,511.77457904815674,completed
562.223068,10,54.25739,1.0,True,10,0,0,443.28901863098145,658.1682834625244,29.390920448303223,443.28901863098145,completed
539.450721,10,54.264678,1.0,True,10,0,0,479.91973304748535,590.3631973266602,29.409896087646484,479.91973304748535,completed
28.319634,10,54.272349,1.0,True,10,0,0,462.7282028198242,731.3565120697021,50.22756404876709,462.7282028198242,completed
613.99376,10,54.279984,1.0,True,10,0,0,557.5356073379517,753.7208461761475,18.119597244262696,557.5356073379517,completed
1167.123096,10,54.287681,1.0,True,10,0,0,312.7049951553345,470.58924293518066,13.380286979675294,312.7049951553345,completed
395.649873,10,54.294838,1.0,True,10,0,0,479.9929542541504,640.4412002563477,33.84345169067383,479.9929542541504,completed
488.352235,10,54.302585,1.0,True,10,0,0,512.7428941726685,631.9853448867798,32.44090747833252,512.7428941726685,completed
1324.671481,10,54.310375,1.0,True,10,0,0,361.5897750854492,438.74749755859375,8.287620353698731,361.5897750854492,completed
465.58669,10,54.317521,1.0,True,10,0,0,450.0977487564087,650.5074663162231,31.939822387695312,450.0977487564087,completed
390.641958,10,54.32477,1.0,True,10,0,0,451.7531862258911,646.7698078155518,35.84296708106994,451.7531862258911,completed
522.067661,10,54.332206,1.0,True,10,0,0,597.7572994232178,660.227617263794,25.401379013061522,597.7572994232178,completed
-399.557568,10,54.340547,1.0,True,10,0,0,726.2357406616211,1049.0942153930664,46.24062433242798,726.2357406616211,completed
-482.452035,10,54.348186,1.0,True,10,0,0,815.4870834350586,971.2338905334473,50.740125274658205,815.4870834350586,completed
1226.187563,10,54.355955,1.0,True,10,0,0,438.2025566101074,584.2680740356445,1.6598011016845704,438.2025566101074,completed
879.04239,10,54.363456,1.0,True,10,0,0,466.18414878845215,530.5650997161865,19.88127555847168,466.18414878845215,completed
864.19589,10,54.371241,1.0,True,10,0,0,407.08299446105957,468.4960174560547,23.31043472290039,407.08299446105957,completed
1175.961704,10,54.378615,1.0,True,10,0,0,433.64655685424805,433.64655685424805,12.591957473754883,433.64655685424805,completed
579.783128,10,54.386277,1.0,True,10,0,0,640.4528198242188,684.8634796142578,22.379767608642577,640.4528198242188,completed
476.349202,10,54.394156,1.0,True,10,0,0,607.133472442627,607.133472442627,29.076194763183594,607.133472442627,completed
23.873672,10,54.401755,1.0,True,10,0,0,748.8988180160522,871.4882068634033,32.907500457763675,748.8988180160522,completed
1186.87116,10,54.409871,1.0,True,10,0,0,402.56902027130127,447.2969913482666,10.978036880493164,402.56902027130127,completed
438.516712,10,54.417306,1.0,True,10,0,0,539.2084922790527,814.3416175842285,24.109120655059815,539.2084922790527,completed
101.482955,10,54.424916,1.0,True,10,0,0,484.0476608276367,759.6164779663086,41.87551612854004,484.0476608276367,completed
540.667873,10,54.432689,1.0,True,10,0,0,532.446017742157,653.0104818344116,26.827649307250976,532.446017742157,completed
503.587895,10,54.440398,1.0,True,10,0,0,620.4475021362305,759.6760101318359,20.174999618530272,620.4475021362305,completed
938.048075,10,54.447677,1.0,True,10,0,0,460.30037689208984,588.0162544250488,15.197690963745117,460.30037689208984,completed
276.76047,10,54.455297,1.0,True,10,0,0,527.5252265930176,683.7923488616943,38.477640533447264,527.5252265930176,completed
835.150391,10,54.462926,1.0,True,10,0,0,484.93458557128906,605.9178848266602,17.36895923614502,484.93458557128906,completed
252.952569,10,54.470638,1.0,True,10,0,0,598.3863315582275,789.8688220977783,31.707996368408203,598.3863315582275,completed
568.941375,10,54.478099,1.0,True,10,0,0,541.304783821106,613.6574878692627,26.062625885009766,541.304783821106,completed
726.007509,10,54.485485,1.0,True,10,0,0,570.3430418968201,644.232668876648,18.156536483764647,570.3430418968201,completed
372.713252,10,54.493202,1.0,True,10,0,0,495.5634956359863,713.294563293457,31.766231536865234,495.5634956359863,completed
661.769914,10,54.500787,1.0,True,10,0,0,488.172483921051,677.3290567398071,22.013231658935545,488.172483921051,completed
454.917889,10,54.508243,1.0,True,10,0,0,516.380256652832,620.7882766723633,32.11934261322021,516.380256652832,completed
539.404613,10,54.515831,1.0,True,10,0,0,502.7836174964905,633.5024766921997,27.603624629974366,502.7836174964905,completed
722.416325,10,54.523516,1.0,True,10,0,0,465.3269691467285,691.4231910705566,17.641099166870116,465.3269691467285,completed
552.760197,10,54.531378,1.0,True,10,0,0,395.88227558135986,600.8258228302002,31.940101623535156,395.88227558135986,completed
343.047409,10,54.538947,1.0,True,10,0,0,593.0996627807617,680.1057891845703,33.39882125854492,593.0996627807617,completed
4.764816,10,54.546745,1.0,True,10,0,0,528.2217044830322,804.070384979248,42.941236877441405,528.2217044830322,completed
914.646458,10,54.554448,1.0,True,10,0,0,525.7010202407837,654.6776371002197,11.989376449584961,525.7010202407837,completed
482.596444,10,54.562468,1.0,True,10,0,0,443.507869720459,659.241283416748,32.056671142578125,443.507869720459,completed
-264.237095,10,54.569744,1.0,True,10,0,0,681.1315269470215,896.2094230651855,47.98639068603516,681.1315269470215,completed
1032.027221,10,54.577488,1.0,True,10,0,0,487.78632140159607,586.006829738617,11.034673690795898,487.78632140159607,completed
565.932393,10,54.585163,1.0,True,10,0,0,453.7667999267578,851.2696571350098,18.270545196533202,453.7667999267578,completed
243.333503,10,54.592991,1.0,True,10,0,0,575.083399772644,750.5806713104248,31.298885917663576,575.083399772644,completed
746.20459,10,54.600523,1.0,True,10,0,0,440.98213958740234,589.6315441131592,21.530571365356444,440.98213958740234,completed
546.944217,10,54.608144,1.0,True,10,0,0,491.8103861808777,641.468150138855,28.367729282379152,491.8103861808777,completed
458.346093,10,54.615712,1.0,True,10,0,0,477.56968688964844,763.1017475128174,26.53500862121582,477.56968688964844,completed
692.045464,10,54.623426,1.0,True,10,0,0,559.292929649353,625.7933959960938,19.950302124023438,559.292929649353,completed
840.733115,10,54.630987,1.0,True,10,0,0,499.5799741744995,767.3400936126709,7.772239875793457,499.5799741744995,completed
728.17168,10,54.63962,1.0,True,10,0,0,538.6742658615112,664.9188060760498,17.860653686523438,538.6742658615112,completed
371.41097,10,54.64744,1.0,True,10,0,0,601.7220001220703,753.4238586425781,27.689479255676268,601.7220001220703,completed
1007.410808,10,54.655277,1.0,True,10,0,0,438.399733543396,528.5343132019043,15.65808038711548,438.399733543396,completed
705.629496,10,54.66482,1.0,True,10,0,0,586.8303642272949,668.2339515686035,17.360746955871583,586.8303642272949,completed
-117.071132,10,54.679242,1.0,True,10,0,0,630.0188293457031,878.845947265625,43.116464614868164,630.0188293457031,completed
1168.210731,10,54.686811,1.0,True,10,0,0,441.43227672576904,586.6718101501465,6.829545593261718,441.43227672576904,completed
619.095481,10,54.694301,1.0,True,10,0,0,524.7229962348938,617.922131061554,23.81781883239746,524.7229962348938,completed
1035.056726,10,54.702355,1.0,True,10,0,0,383.3160648345947,571.0481872558594,13.59003143310547,383.3160648345947,completed
568.770701,10,54.70987,1.0,True,10,0,0,441.42423248291016,600.7492828369141,31.02752742767334,441.42423248291016,completed
449.466039,10,54.717696,1.0,True,10,0,0,522.322509765625,733.1850357055664,27.281845808029175,522.322509765625,completed
183.115145,10,54.725424,1.0,True,10,0,0,613.7896308898926,808.1671142578125,33.73136253356934,613.7896308898926,completed
705.230035,10,54.732972,1.0,True,10,0,0,419.187908411026,620.6661629676819,25.026222038269044,419.187908411026,completed
729.109679,10,54.741145,1.0,True,10,0,0,492.44046783447266,708.0189056396484,16.830262184143066,492.44046783447266,completed
262.746136,10,54.749292,1.0,True,10,0,0,589.0439605712891,859.9022979736328,27.646747970581053,589.0439605712891,completed
620.598456,10,54.756924,1.0,True,10,0,0,500.5219449996948,626.3922100067139,25.252847290039064,500.5219449996948,completed
1204.180186,10,54.764772,1.0,True,10,0,0,410.5512270927429,426.9945936203003,10.989751243591309,410.5512270927429,completed
161.180116,10,54.772952,1.0,True,10,0,0,616.0533084869385,760.444091796875,36.13496990203858,616.0533084869385,completed
717.700616,10,54.780599,1.0,True,10,0,0,438.6681122779846,613.4948472976685,21.71270923614502,438.6681122779846,completed
406.006514,10,54.788234,1.0,True,10,0,0,584.5278024673462,723.1922931671143,28.138264083862303,584.5278024673462,completed
470.055545,10,54.795621,1.0,True,10,0,0,497.1471824645996,639.799259185791,30.893848037719728,497.1471824645996,completed
555.447703,10,54.803213,1.0,True,10,0,0,460.8070869445801,654.1764259338379,26.923698806762694,460.8070869445801,completed
837.245455,10,54.810553,1.0,True,10,0,0,467.2406644821167,623.773003578186,15.562992095947266,467.2406644821167,completed
344.939539,10,54.818616,1.0,True,10,0,0,568.7971153259277,700.347972869873,32.91997108459473,568.7971153259277,completed
174.162899,10,54.825934,1.0,True,10,0,0,461.96842765808105,805.8589248657227,37.61056137084961,461.96842765808105,completed
-430.449594,10,54.833452,1.0,True,10,0,0,764.4421310424805,894.1036682128906,52.66351404190063,764.4421310424805,completed
1286.613918,10,54.840936,1.0,True,10,0,0,340.37219619750977,449.84700202941895,11.466553115844727,340.37219619750977,completed
-90.96612,10,54.84861,1.0,True,10,0,0,557.0059185028076,822.4151744842529,45.85529384613037,557.0059185028076,completed
698.717618,10,54.856225,1.0,True,10,0,0,486.2024459838867,740.5850372314453,15.495868682861328,486.2024459838867,completed
569.122104,10,54.863529,1.0,True,10,0,0,510.7324523925781,656.8196640014648,23.346839714050294,510.7324523925781,completed
698.622688,10,54.87116,1.0,True,10,0,0,550.8832511901855,596.2957305908203,21.49610290527344,550.8832511901855,completed
682.435205,10,54.878973,1.0,True,10,0,0,394.4587278366089,602.9716606140137,24.13103656768799,394.4587278366089,completed
553.325925,10,54.886231,1.0,True,10,0,0,514.2134523391724,637.4070701599121,28.849911308288576,514.2134523391724,completed
607.583604,10,54.893912,1.0,True,10,0,0,566.8020896911621,680.179386138916,20.956890869140626,566.8020896911621,completed
-33.72356,10,54.901391,1.0,True,10,0,0,682.4206943511963,814.5499362945557,39.66331067085266,682.4206943511963,completed
-11.301284,10,54.908591,1.0,True,10,0,0,689.409236907959,759.5860939025879,42.60555191040039,689.409236907959,completed
886.999633,10,54.915959,1.0,True,10,0,0,484.02479553222656,484.02479553222656,20.25791072845459,484.02479553222656,completed
1175.257462,10,54.923031,1.0,True,10,0,0,340.0657057762146,519.1943578720093,11.97946605682373,340.0657057762146,completed
1040.364437,10,54.930248,1.0,True,10,0,0,356.96447563171387,577.7549877166748,13.746319580078126,356.96447563171387,completed
952.090524,10,54.937841,1.0,True,10,0,0,497.39348316192627,552.7715692520142,15.321232986450195,497.39348316192627,completed
1069.65181,10,54.944957,1.0,True,10,0,0,397.8958740234375,468.1589660644531,15.831790161132812,397.8958740234375,completed
233.632314,10,54.952423,1.0,True,10,0,0,597.3194026947021,850.991003036499,30.594297027587892,597.3194026947021,completed
578.038926,10,54.960056,1.0,True,10,0,0,515.6201364994049,596.7568821907043,27.30782108306885,515.6201364994049,completed
386.162763,10,54.96723,1.0,True,10,0,0,519.0696001052856,697.883581161499,33.73617687225342,519.0696001052856,completed
823.582061,10,54.974707,1.0,True,10,0,0,391.79221534729004,559.4200172424316,22.049029541015624,391.79221534729004,completed
664.963058,10,54.981981,1.0,True,10,0,0,484.90304374694824,637.6864585876465,22.882000541687013,484.90304374694824,completed
766.622007,10,54.989256,1.0,True,10,0,0,548.3651885986328,647.6305809020996,16.59826202392578,548.3651885986328,completed
616.861784,10,54.996839,1.0,True,10,0,0,503.72166633605957,578.713701248169,29.216007232666016,503.72166633605957,completed
1263.123637,10,55.004211,1.0,True,10,0,0,333.34282672405243,369.4074742794037,12.276122283935546,333.34282672405243,completed
857.904039,10,55.012226,1.0,True,10,0,0,439.26161527633667,545.9981031417847,18.397053909301757,439.26161527633667,completed
321.743341,10,55.019804,1.0,True,10,0,0,532.3515281677246,872.1823959350586,25.722255325317384,532.3515281677246,completed
919.874456,10,55.027301,1.0,True,10,0,0,483.2243709564209,529.396074295044,16.142761993408204,483.2243709564209,completed
1141.617331,10,55.034874,1.0,True,10,0,0,417.225435256958,554.1286182403564,8.175296401977539,417.225435256958,completed
1299.292401,10,55.04221,1.0,True,10,0,0,327.03744983673096,446.16356468200684,10.185260391235351,327.03744983673096,completed
509.621526,10,55.04963,1.0,True,10,0,0,547.2371978759766,736.4197540283203,23.348721313476563,547.2371978759766,completed
251.587593,10,55.05726,1.0,True,10,0,0,590.1703872680664,776.9327564239502,31.484207153320312,590.1703872680664,completed
1100.021851,10,55.064774,1.0,True,10,0,0,303.8116693496704,430.240984916687,19.221303176879882,303.8116693496704,completed
678.654427,10,55.072666,1.0,True,10,0,0,401.9600467681885,741.5244407653809,20.224633026123048,401.9600467681885,completed
808.651126,10,55.080303,1.0,True,10,0,0,451.357364654541,579.4770355224609,18.655485820770263,451.357364654541,completed
460.708397,10,55.087782,1.0,True,10,0,0,425.8875274658203,642.3506889343262,34.60866641998291,425.8875274658203,completed
488.554128,10,55.095054,1.0,True,10,0,0,546.7530841827393,754.222677230835,23.437453842163087,546.7530841827393,completed
1096.226057,10,55.102382,1.0,True,10,0,0,414.185977935791,487.4314708709717,12.954386901855468,414.185977935791,completed
488.758409,10,55.109769,1.0,True,10,0,0,526.7622566223145,924.7863788604736,15.895960998535156,526.7622566223145,completed
357.017783,10,55.117774,1.0,True,10,0,0,419.0321569442749,636.195315361023,39.087403774261475,419.0321569442749,completed
350.463856,10,55.125399,1.0,True,10,0,0,560.2807149887085,738.1898164749146,30.817945861816405,560.2807149887085,completed
782.815299,10,55.132634,1.0,True,10,0,0,536.1693077087402,580.6286430358887,18.58958044052124,536.1693077087402,completed
1062.649077,10,55.139699,1.0,True,10,0,0,443.0491409301758,532.9878368377686,12.51174087524414,443.0491409301758,completed
676.168489,10,55.14729,1.0,True,10,0,0,498.8688163757324,626.5142250061035,22.51722869873047,498.8688163757324,completed
100.479209,10,55.156168,1.0,True,10,0,0,622.2003688812256,816.2527103424072,33.416129398345944,622.2003688812256,completed
599.931455,10,55.163728,1.0,True,10,0,0,619.6745491027832,671.830924987793,21.462489891052247,619.6745491027832,completed
846.929785,10,55.171296,1.0,True,10,0,0,388.1702289581299,498.73996925354004,23.077705574035644,388.1702289581299,completed
816.599191,10,55.178403,1.0,True,10,0,0,427.4641819000244,549.694149017334,21.862936782836915,427.4641819000244,completed
-336.836596,10,55.185796,1.0,True,10,0,0,619.3631439208984,960.7127876281738,48.671732139587405,619.3631439208984,completed
104.662661,10,55.193396,1.0,True,10,0,0,567.0176162719727,774.8581657409668,39.639139366149905,567.0176162719727,completed
765.777125,10,55.200565,1.0,True,10,0,0,443.26169204711914,569.804859161377,22.82402572631836,443.26169204711914,completed
604.481699,10,55.207906,1.0,True,10,0,0,488.1375198364258,573.15869140625,29.358061408996583,488.1375198364258,completed
1020.028953,10,55.215423,1.0,True,10,0,0,427.88966274261475,487.89976501464844,16.327375411987305,427.88966274261475,completed
1148.55169,10,55.222695,1.0,True,10,0,0,463.5234146118164,659.8169384002686,3.126781463623047,463.5234146118164,completed
660.40505,10,55.230128,1.0,True,10,0,0,438.81014823913574,662.1207504272461,21.898801803588867,438.81014823913574,completed
707.824635,10,55.237253,1.0,True,10,0,0,436.8414249420166,589.2421989440918,26.095204544067382,436.8414249420166,completed
962.711108,10,55.24434,1.0,True,10,0,0,429.66932678222656,503.1380729675293,18.301770782470705,429.66932678222656,completed
681.855794,10,55.251801,1.0,True,10,0,0,601.5294313430786,669.521484375,18.037645721435545,601.5294313430786,completed
1449.434298,10,55.259168,1.0,True,10,0,0,321.639093875885,405.65682220458984,3.817987060546875,321.639093875885,completed
-426.175564,10,55.266788,1.0,True,10,0,0,695.1380195617676,884.5414161682129,56.304859733581544,695.1380195617676,completed
1170.587536,10,55.274012,1.0,True,10,0,0,436.8373031616211,587.1017150878906,6.824909782409668,436.8373031616211,completed
1.816866,10,55.281222,1.0,True,10,0,0,512.6209754943848,719.0249671936035,48.23415422439575,512.6209754943848,completed
579.469952,10,55.2887,1.0,True,10,0,0,558.0363874435425,693.8865604400635,23.121649932861327,558.0363874435425,completed
405.820974,10,55.29628,1.0,True,10,0,0,580.2019309997559,753.9687194824219,27.834613800048828,580.2019309997559,completed
606.188674,10,55.303705,1.0,True,10,0,0,435.56058740615845,668.0603837966919,24.38042755126953,435.56058740615845,completed
-68.684047,10,55.310953,1.0,True,10,0,0,637.8264322280884,761.7149477005005,45.655087280273435,637.8264322280884,completed
398.465925,10,55.318407,1.0,True,10,0,0,554.1835594177246,823.0667304992676,23.932526779174804,554.1835594177246,completed
535.942973,10,55.325761,1.0,True,10,0,0,401.3888998031616,684.3638095855713,29.271174812316893,401.3888998031616,completed
485.726913,10,55.333281,1.0,True,10,0,0,594.4787349700928,717.9225578308105,24.143551635742188,594.4787349700928,completed
461.72952,10,55.340825,1.0,True,10,0,0,441.67270278930664,671.8635330200195,33.71084861755371,441.67270278930664,completed
604.193206,10,55.348692,1.0,True,10,0,0,453.50198554992676,850.7400283813477,16.394578552246095,453.50198554992676,completed
624.167621,10,55.35601,1.0,True,10,0,0,506.8948726654053,648.037675857544,23.692700576782226,506.8948726654053,completed
148.018522,10,55.363414,1.0,True,10,0,0,665.4070081710815,845.4375896453857,29.387796211242676,665.4070081710815,completed
-477.30142,10,55.370401,1.0,True,10,0,0,651.563383102417,901.6220111846924,59.22895889282226,651.563383102417,completed
731.58401,10,55.377703,1.0,True,10,0,0,493.6617851257324,658.3554229736328,18.151397705078125,493.6617851257324,completed
1407.881726,10,55.385298,1.0,True,10,0,0,364.55259227752686,413.7611598968506,5.412472152709961,364.55259227752686,completed
955.144585,10,55.392493,1.0,True,10,0,0,474.29574394226074,539.9795055389404,15.31502561569214,474.29574394226074,completed
876.754823,10,55.399887,1.0,True,10,0,0,475.16222190856934,536.3645153045654,18.157343864440918,475.16222190856934,completed
236.450732,10,55.407213,1.0,True,10,0,0,575.7892875671387,816.2278060913086,30.51125545501709,575.7892875671387,completed
-728.609494,10,55.414797,1.0,True,10,0,0,684.3624715805054,1001.6279058456421,64.06006574630737,684.3624715805054,completed
-108.608021,10,55.422459,1.0,True,10,0,0,615.6312160491943,812.6084423065186,48.01800022125244,615.6312160491943,completed
743.182044,10,55.429637,1.0,True,10,0,0,519.2069473266602,641.9634895324707,18.956697463989258,519.2069473266602,completed
688.860344,10,55.436929,1.0,True,10,0,0,575.8137760162354,675.8952369689941,19.35833148956299,575.8137760162354,completed
1297.30736,10,55.444532,1.0,True,10,0,0,294.7288398742676,331.9609184265137,12.534916305541993,294.7288398742676,completed
136.61058,10,55.451872,1.0,True,10,0,0,568.3532772064209,775.7424831390381,37.95303611755371,568.3532772064209,completed
615.332292,10,55.459705,1.0,True,10,0,0,382.62417697906494,616.8963088989258,28.32536311149597,382.62417697906494,completed
-132.906938,10,55.466861,1.0,True,10,0,0,749.028938293457,1053.8882484436035,34.460625076293944,749.028938293457,completed
894.774426,10,55.474732,1.0,True,10,0,0,521.6595993041992,599.3020439147949,14.899878311157227,521.6595993041992,completed
1015.193918,10,55.48221,1.0,True,10,0,0,344.3778381347656,496.38122940063477,18.60800132751465,344.3778381347656,completed
1001.658279,10,55.49025,1.0,True,10,0,0,453.3034973144531,571.4431896209717,13.138605690002441,453.3034973144531,completed
276.742155,10,55.49755,1.0,True,10,0,0,494.55179023742676,752.7533512115479,35.67490425109863,494.55179023742676,completed
1311.327699,10,55.506495,1.0,True,10,0,0,352.4761734008789,352.4761734008789,11.473140335083007,352.4761734008789,completed
602.542817,10,55.514144,1.0,True,10,0,0,538.3286399841309,630.9496650695801,21.02076835632324,538.3286399841309,completed
136.130975,10,55.522123,1.0,True,10,0,0,692.5827188491821,905.4235668182373,27.117673492431642,692.5827188491821,completed
349.902813,10,55.529985,1.0,True,10,0,0,618.4125537872314,794.319673538208,24.76490068435669,618.4125537872314,completed
1114.394022,10,55.537272,1.0,True,10,0,0,378.7439012527466,571.5420074462891,7.233171463012695,378.7439012527466,completed
640.332055,10,55.544536,1.0,True,10,0,0,492.81885719299316,929.3737716674805,9.08327407836914,492.81885719299316,completed
-133.621834,10,55.552118,1.0,True,10,0,0,611.5698642730713,872.0459041595459,44.87147102355957,611.5698642730713,completed
6.417839,10,55.559425,1.0,True,10,0,0,578.0342664718628,814.6332035064697,40.783253860473636,578.0342664718628,completed
844.995298,10,55.567165,1.0,True,10,0,0,454.3540096282959,546.9379081726074,21.038029861450195,454.3540096282959,completed
815.846283,10,55.574614,1.0,True,10,0,0,491.12511444091797,650.0173835754395,14.472976303100586,491.12511444091797,completed
1029.631227,10,55.582292,1.0,True,10,0,0,488.23733139038086,530.3920860290527,12.949753952026366,488.23733139038086,completed
1106.504782,10,55.58974,1.0,True,10,0,0,439.88849210739136,509.5188875198364,10.454567337036133,439.88849210739136,completed
-79.625304,10,55.597193,1.0,True,10,0,0,712.2408485412598,922.6321640014648,36.369270706176756,712.2408485412598,completed
330.665107,10,55.604469,1.0,True,10,0,0,431.08728218078613,792.7448883056641,31.43315734863281,431.08728218078613,completed
81.849422,10,55.611829,1.0,True,10,0,0,518.5402545928955,767.6287879943848,40.131737899780276,518.5402545928955,completed
1213.932944,10,56.762967,1.0,True,10,0,0,448.0147113800049,520.9376182556152,6.711342430114746,448.0147113800049,completed
793.237834,10,56.770759,1.0,True,10,0,0,479.297025680542,616.9766530990601,19.025481605529784,479.297025680542,completed
718.864188,10,56.778482,1.0,True,10,0,0,459.23598289489746,624.6010093688965,22.926655578613282,459.23598289489746,completed
-261.527282,10,56.786309,1.0,True,10,0,0,620.620626449585,895.243558883667,48.46934957504273,620.620626449585,completed
385.168217,10,56.794084,1.0,True,10,0,0,503.45699763298035,714.3849673271179,32.096706008911134,503.45699763298035,completed
1016.011997,10,56.801866,1.0,True,10,0,0,457.3616313934326,547.7750034332275,13.60092601776123,457.3616313934326,completed
1289.999586,10,56.809132,1.0,True,10,0,0,337.06415367126465,422.08862686157227,10.423221588134766,337.06415367126465,completed
29.848927,10,56.816814,1.0,True,10,0,0,708.9658727645874,822.5205821990967,37.7499454498291,708.9658727645874,completed
189.756607,10,56.824844,1.0,True,10,0,0,634.194902420044,792.4087905883789,31.153839111328125,634.194902420044,completed
-131.682728,10,56.832581,1.0,True,10,0,0,578.5035209655762,817.5071678161621,47.51613655090332,578.5035209655762,completed
840.438425,10,56.840472,1.0,True,10,0,0,367.9257516860962,455.61662006378174,26.381392097473146,367.9257516860962,completed
139.379918,10,56.848355,1.0,True,10,0,0,648.4663372039795,725.2546520233154,36.93800811767578,648.4663372039795,completed
479.444974,10,56.856177,1.0,True,10,0,0,574.8874893188477,812.6393928527832,21.08596000671387,574.8874893188477,completed
331.680564,10,56.864061,1.0,True,10,0,0,660.2688522338867,660.2688522338867,33.04311933517456,660.2688522338867,completed
441.220728,10,56.871952,1.0,True,10,0,0,524.4308280944824,698.9923515319824,30.76145944595337,524.4308280944824,completed
145.237437,10,56.879685,1.0,True,10,0,0,511.16589736938477,730.7865676879883,39.20988998413086,511.16589736938477,completed
-23.895896,10,56.887437,1.0,True,10,0,0,692.8469219207764,903.2277317047119,35.2318618774414,692.8469219207764,completed
454.954482,10,56.89532,1.0,True,10,0,0,603.1357879638672,727.9178771972656,26.12271900177002,603.1357879638672,completed
887.342323,10,56.902976,1.0,True,10,0,0,417.56585121154785,596.4646797180176,17.300350952148438,417.56585121154785,completed
359.10475,10,56.910859,1.0,True,10,0,0,510.9025421142578,679.7047729492188,33.833923721313475,510.9025421142578,completed
30.512804,10,56.918975,1.0,True,10,0,0,707.2450861930847,757.4026865959167,40.09985947608948,707.2450861930847,completed
800.565742,10,56.926761,1.0,True,10,0,0,476.1945056915283,664.9707889556885,16.11248435974121,476.1945056915283,completed
401.988802,10,56.93517,1.0,True,10,0,0,488.68569469451904,722.5576572418213,31.249317932128907,488.68569469451904,completed
521.30337,10,56.944349,1.0,True,10,0,0,510.6588363647461,753.3167457580566,20.432645416259767,510.6588363647461,completed
774.615874,10,56.956856,1.0,True,10,0,0,482.54681968688965,592.6609115600586,18.696451568603514,482.54681968688965,completed
730.468948,10,56.964524,1.0,True,10,0,0,507.8220500946045,643.1850852966309,18.61671142578125,507.8220500946045,completed
326.585532,10,56.972247,1.0,True,10,0,0,589.300910949707,736.4642868041992,31.236160278320312,589.300910949707,completed
50.502933,10,56.979563,1.0,True,10,0,0,584.8920249938965,837.7922134399414,39.59952087402344,584.8920249938965,completed
469.010822,10,56.986766,1.0,True,10,0,0,503.3969089984894,670.4565567970276,31.572441005706786,503.3969089984894,completed
691.5016,10,56.994186,1.0,True,10,0,0,411.0039858818054,637.2888569831848,23.793913269042967,411.0039858818054,completed
959.363666,10,57.00168,1.0,True,10,0,0,361.7518558502197,561.4039058685303,18.55204620361328,361.7518558502197,completed
349.301568,10,57.009201,1.0,True,10,0,0,537.8666477203369,722.6039505004883,32.40570487976074,537.8666477203369,completed
1265.739496,10,57.016807,1.0,True,10,0,0,319.02392864227295,362.06385612487793,11.72879524230957,319.02392864227295,completed
380.517374,10,57.024978,1.0,True,10,0,0,511.08315563201904,665.472734451294,33.540636253356936,511.08315563201904,completed
81.525504,10,57.032395,1.0,True,10,0,0,499.36762619018555,730.0548210144043,42.789680862426756,499.36762619018555,completed
-46.912655,10,57.040515,1.0,True,10,0,0,611.805477142334,765.5822582244873,45.13444423675537,611.805477142334,completed
597.194065,10,57.048134,1.0,True,10,0,0,558.5945599079132,690.882315158844,22.383932638168336,558.5945599079132,completed
641.055407,10,57.05527,1.0,True,10,0,0,561.0652303695679,643.5979290008545,22.717386627197264,561.0652303695679,completed
385.563108,10,57.062835,1.0,True,10,0,0,509.145751953125,653.4830207824707,35.25590591430664,509.145751953125,completed
259.916188,10,57.071174,1.0,True,10,0,0,530.10910987854,720.9003353118896,37.201398849487305,530.10910987854,completed
621.39833,10,57.078966,1.0,True,10,0,0,402.08834075927734,685.7626914978027,27.400485229492187,402.08834075927734,completed
399.031533,10,57.08658,1.0,True,10,0,0,436.493444442749,693.3632774353027,33.31863975524902,436.493444442749,completed
496.348046,10,57.094131,1.0,True,10,0,0,537.4843215942383,802.1620712280273,23.189154148101807,537.4843215942383,completed
992.566275,10,57.101723,1.0,True,10,0,0,416.6165761947632,633.540937423706,11.278437423706055,416.6165761947632,completed
882.215147,10,57.109253,1.0,True,10,0,0,513.155689239502,777.2317695617676,5.996824645996094,513.155689239502,completed
409.771591,10,57.116756,1.0,True,10,0,0,523.1008014678955,696.9866256713867,31.23413200378418,523.1008014678955,completed
592.990289,10,57.124416,1.0,True,10,0,0,512.2410945892334,704.3583717346191,19.493542289733888,512.2410945892334,completed
409.975099,10,57.132468,1.0,True,10,0,0,648.2301712036133,747.337100982666,22.20079936981201,648.2301712036133,completed
760.990616,10,57.140315,1.0,True,10,0,0,497.56599712371826,556.0521297454834,19.69062213897705,497.56599712371826,completed
1147.580737,10,57.147536,1.0,True,10,0,0,410.7350330352783,475.0550727844238,11.170883178710938,410.7350330352783,completed
338.488351,10,57.154843,1.0,True,10,0,0,569.9842300415039,701.5560989379883,31.890470123291017,569.9842300415039,completed
182.720469,10,57.162418,1.0,True,10,0,0,593.2366676330566,748.9735298156738,33.87333240509033,593.2366676330566,completed
918.771642,10,57.169814,1.0,True,10,0,0,487.4477891921997,517.446385383606,19.228433036804198,487.4477891921997,completed
1018.670791,10,57.179033,1.0,True,10,0,0,437.1493139266968,520.9892282485962,15.547573471069336,437.1493139266968,completed
516.390214,10,57.186704,1.0,True,10,0,0,608.8423366546631,639.3856964111328,25.24900588989258,608.8423366546631,completed
164.78022,10,57.194478,1.0,True,10,0,0,552.8857269287109,760.5120811462402,37.84625272750854,552.8857269287109,completed
970.37208,10,57.202061,1.0,True,10,0,0,540.1929121017456,611.2340717315674,9.907734680175782,540.1929121017456,completed
-574.040735,10,57.20952,1.0,True,10,0,0,763.2274894714355,924.3814163208008,56.96423416137695,763.2274894714355,completed
587.323429,10,57.216822,1.0,True,10,0,0,461.2764301300049,636.0962257385254,27.560243225097658,461.2764301300049,completed
957.542764,10,57.224422,1.0,True,10,0,0,507.7370376586914,663.3715229034424,11.155316925048828,507.7370376586914,completed
592.18818,10,57.231928,1.0,True,10,0,0,503.3242988586426,704.4787139892578,22.294532775878906,503.3242988586426,completed
101.589842,10,57.239469,1.0,True,10,0,0,541.4461212158203,903.2686309814453,33.49734954833984,541.4461212158203,completed
695.805758,10,57.246892,1.0,True,10,0,0,460.2511558532715,544.3086757659912,27.215200233459473,460.2511558532715,completed
902.222971,10,57.254325,1.0,True,10,0,0,403.66004276275635,499.2258710861206,21.0716272354126,403.66004276275635,completed
277.381442,10,57.261982,1.0,True,10,0,0,545.9603290557861,729.9883499145508,35.3527587890625,545.9603290557861,completed
991.144624,10,57.269588,1.0,True,10,0,0,448.43375396728516,603.2602863311768,12.06044044494629,448.43375396728516,completed
581.287163,10,57.277287,1.0,True,10,0,0,445.42861557006836,677.1959495544434,26.077006149291993,445.42861557006836,completed
303.825193,10,57.284777,1.0,True,10,0,0,514.3101234436035,670.0540504455566,37.02646389007568,514.3101234436035,completed
335.615215,10,57.292012,1.0,True,10,0,0,504.7140998840332,716.856014251709,33.150735473632814,504.7140998840332,completed
1118.492827,10,57.300005,1.0,True,10,0,0,438.7957534790039,599.204381942749,7.455245018005371,438.7957534790039,completed
829.875398,10,57.307254,1.0,True,10,0,0,486.6172294616699,566.2544651031494,19.763717651367188,486.6172294616699,completed
714.968576,10,57.314688,1.0,True,10,0,0,535.6263790130615,610.3854293823242,20.361581230163573,535.6263790130615,completed
221.55377,10,57.322263,1.0,True,10,0,0,484.57830476760864,763.9152989387512,38.119620895385744,484.57830476760864,completed
742.412284,10,57.329732,1.0,True,10,0,0,388.3351802825928,507.69757652282715,29.055963706970214,388.3351802825928,completed
639.236743,10,57.337483,1.0,True,10,0,0,470.78897762298584,688.1947631835938,23.063781547546387,470.78897762298584,completed
454.257972,10,57.345143,1.0,True,10,0,0,512.1220254898071,637.5272026062012,31.35944447517395,512.1220254898071,completed
-164.251973,10,57.352714,1.0,True,10,0,0,761.3442916870117,1127.870677947998,29.089382588863373,761.3442916870117,completed
716.323768,10,57.36048,1.0,True,10,0,0,434.4553484916687,624.546600818634,25.050088119506835,434.4553484916687,completed
699.08156,10,57.367702,1.0,True,10,0,0,466.3228316307068,705.9292325973511,20.48012924194336,466.3228316307068,completed
890.555667,10,57.375203,1.0,True,10,0,0,525.7508220672607,611.1327781677246,14.337389183044433,525.7508220672607,completed
873.179659,10,57.383119,1.0,True,10,0,0,461.1796398162842,621.1366558074951,16.59311180114746,461.1796398162842,completed
398.673504,10,57.390936,1.0,True,10,0,0,537.7861709594727,891.0256271362305,20.676330184936525,537.7861709594727,completed
262.921162,10,57.398564,1.0,True,10,0,0,584.4916915893555,810.7841415405273,27.976063346862794,584.4916915893555,completed
92.965014,10,57.40649,1.0,True,10,0,0,666.9595775604248,798.5104351043701,38.42488803863525,666.9595775604248,completed
-41.961703,10,57.414261,1.0,True,10,0,0,627.8396377563477,814.8245735168457,41.697544479370116,627.8396377563477,completed
1146.840781,10,57.421714,1.0,True,10,0,0,410.9480895996094,506.4850158691406,10.722842407226562,410.9480895996094,completed
813.148021,10,57.429471,1.0,True,10,0,0,459.4740867614746,588.5989112854004,18.935436248779297,459.4740867614746,completed
1044.198586,10,57.437093,1.0,True,10,0,0,443.9894828796387,645.0461139678955,7.242849922180175,443.9894828796387,completed
393.543032,10,57.444552,1.0,True,10,0,0,628.9850387573242,651.2993583679199,31.38183250427246,628.9850387573242,completed
195.967519,10,57.452203,1.0,True,10,0,0,512.1286478042603,802.9079341888428,33.92782821655273,512.1286478042603,completed
390.759995,10,57.459806,1.0,True,10,0,0,512.1957018375397,711.7332673072815,31.70079951286316,512.1957018375397,completed
697.204618,10,57.467483,1.0,True,10,0,0,516.6411476135254,631.8460578918457,21.88900146484375,516.6411476135254,completed
1099.689558,10,57.475053,1.0,True,10,0,0,368.6475474834442,517.8996443748474,13.721615219116211,368.6475474834442,completed
1165.306171,10,57.482955,1.0,True,10,0,0,420.0949411392212,448.4712886810303,11.465922355651855,420.0949411392212,completed
21.239443,10,57.49071,1.0,True,10,0,0,459.5732810497284,751.8405013084412,49.5496018409729,459.5732810497284,completed
485.566512,10,57.498109,1.0,True,10,0,0,550.3096656799316,788.9659118652344,22.819259262084962,550.3096656799316,completed
369.426359,10,57.50567,1.0,True,10,0,0,527.3802814483643,643.4746952056885,33.566165351867674,527.3802814483643,completed
864.801706,10,57.513031,1.0,True,10,0,0,429.1369047164917,543.002363204956,19.77067756652832,429.1369047164917,completed
-74.469146,10,57.520662,1.0,True,10,0,0,556.6533889770508,806.9033126831055,47.14417343139648,556.6533889770508,completed
233.51954,10,57.528551,1.0,True,10,0,0,589.7984275817871,824.8628387451172,32.26261405944824,589.7984275817871,completed
520.804919,10,57.536227,1.0,True,10,0,0,486.78307819366455,678.4449710845947,26.54178829193115,486.78307819366455,completed
341.243723,10,57.544316,1.0,True,10,0,0,505.50446033477783,707.8907337188721,34.588689708709715,505.50446033477783,completed
355.723584,10,57.551972,1.0,True,10,0,0,499.5684713423252,704.015757381916,33.00590000152588,499.5684713423252,completed
948.886175,10,57.559578,1.0,True,10,0,0,512.201621055603,567.2716159820557,14.239703750610351,512.201621055603,completed
793.648181,10,57.567195,1.0,True,10,0,0,491.40024185180664,598.266318321228,19.67093620300293,491.40024185180664,completed
45.804204,10,57.574649,1.0,True,10,0,0,684.5796508789062,827.8623962402344,36.13996849060059,684.5796508789062,completed
655.17724,10,57.58264,1.0,True,10,0,0,513.4931707382202,604.0222320556641,24.365120124816894,513.4931707382202,completed
524.729103,10,57.590325,1.0,True,10,0,0,451.0415325164795,650.5418224334717,31.452498626708984,451.0415325164795,completed
517.359331,10,57.597923,1.0,True,10,0,0,551.5594654083252,766.7618865966797,21.163345718383788,551.5594654083252,completed
1367.593501,10,57.652658,1.0,True,10,0,0,324.12323570251465,388.3607769012451,8.786785125732422,324.12323570251465,completed
-140.437926,10,57.662269,1.0,True,10,0,0,649.3303565979004,867.5654373168945,41.82588653564453,649.3303565979004,completed
-1086.37939,10,57.670524,1.0,True,10,0,0,691.833869934082,1191.2207412719727,71.2968126296997,691.833869934082,completed
1135.30843,10,57.678275,1.0,True,10,0,0,428.8058195114136,474.96465969085693,12.497347640991212,428.8058195114136,completed
457.079422,10,57.685543,1.0,True,10,0,0,489.6932611465454,665.90989112854,30.330187034606933,489.6932611465454,completed
526.993118,10,57.693044,1.0,True,10,0,0,510.85558891296387,805.4529075622559,19.774766540527345,510.85558891296387,completed
963.540593,10,57.700368,1.0,True,10,0,0,495.3260598182678,593.8623876571655,12.550757217407227,495.3260598182678,completed
463.14347,10,57.708115,1.0,True,10,0,0,552.0920085906982,766.5316619873047,25.120824813842773,552.0920085906982,completed
498.026142,10,57.715916,1.0,True,10,0,0,507.83109283447266,640.2672462463379,30.399061584472655,507.83109283447266,completed
432.956275,10,57.723536,1.0,True,10,0,0,556.0695724487305,859.4151344299316,22.652266693115234,556.0695724487305,completed
-377.420349,10,57.730816,1.0,True,10,0,0,576.7064895629883,1016.8470153808594,51.39323692321777,576.7064895629883,completed
671.420419,10,57.738828,1.0,True,10,0,0,460.91394805908203,649.1842651367188,23.896426010131837,460.91394805908203,completed
561.010686,10,57.746734,1.0,True,10,0,0,567.6549968719482,689.9735145568848,22.721272468566895,567.6549968719482,completed
-146.095635,10,57.754417,1.0,True,10,0,0,616.4151363372803,883.3566608428955,44.727711296081544,616.4151363372803,completed
605.792961,10,57.762234,1.0,True,10,0,0,598.133243560791,663.3741798400879,21.030774736404418,598.133243560791,completed
982.824246,10,57.769454,1.0,True,10,0,0,389.9046115875244,492.8733730316162,19.05361385345459,389.9046115875244,completed
1089.913624,10,57.777142,1.0,True,10,0,0,422.52742767333984,422.52742767333984,15.339487457275391,422.52742767333984,completed
567.422807,10,57.785336,1.0,True,10,0,0,463.208797454834,674.8967590332031,26.363274002075194,463.208797454834,completed
321.197489,10,57.792787,1.0,True,10,0,0,579.9554786682129,769.447021484375,28.721875,579.9554786682129,completed
395.656356,10,57.8004,1.0,True,10,0,0,435.0520324707031,732.8775100708008,31.357358169555663,435.0520324707031,completed
1016.628885,10,57.808091,1.0,True,10,0,0,435.77434253692627,552.1329984664917,10.228010559082032,435.77434253692627,completed
580.792005,10,57.815914,1.0,True,10,0,0,538.0970916748047,653.4925537109375,23.375396537780762,538.0970916748047,completed
453.517433,10,57.823523,1.0,True,10,0,0,526.7052745819092,641.0242691040039,33.2666353225708,526.7052745819092,completed
75.827832,10,57.831266,1.0,True,10,0,0,522.0611619949341,823.0416316986084,39.779483795166016,522.0611619949341,completed
299.989849,10,57.838869,1.0,True,10,0,0,571.9659910202026,715.8674354553223,31.718818855285644,571.9659910202026,completed
671.335137,10,57.846642,1.0,True,10,0,0,411.23909759521484,549.7286128997803,28.360996532440186,411.23909759521484,completed
781.378065,10,57.854501,1.0,True,10,0,0,470.1000156402588,590.1373062133789,20.12054443359375,470.1000156402588,completed
1010.254449,10,57.86241,1.0,True,10,0,0,430.86819219589233,526.965886592865,14.578108024597167,430.86819219589233,completed
56.187617,10,57.870215,1.0,True,10,0,0,647.7628593444824,833.7400093078613,36.40203285217285,647.7628593444824,completed
1063.336221,10,57.87829,1.0,True,10,0,0,512.2682476043701,544.853443145752,8.498202133178712,512.2682476043701,completed
849.971583,10,57.885958,1.0,True,10,0,0,477.6654796600342,545.5428791046143,17.66659812927246,477.6654796600342,completed
304.483791,10,57.893651,1.0,True,10,0,0,627.5078468322754,703.9833793640137,30.481489181518555,627.5078468322754,completed
801.8465,10,57.901279,1.0,True,10,0,0,463.62852478027344,639.5053291320801,15.326026153564452,463.62852478027344,completed
576.978404,10,57.908743,1.0,True,10,0,0,446.0655107498169,631.6092329025269,28.78060665130615,446.0655107498169,completed
513.00359,10,57.916393,1.0,True,10,0,0,509.6402072906494,727.1077709197998,24.819686889648438,509.6402072906494,completed
-144.254139,10,57.924033,1.0,True,10,0,0,622.8006839752197,901.1926116943359,43.46309280395508,622.8006839752197,completed
360.694163,10,57.931403,1.0,True,10,0,0,487.335147857666,750.3807983398438,31.824293518066405,487.335147857666,completed
994.185696,10,57.938931,1.0,True,10,0,0,447.6782474517822,577.694164276123,12.087188720703125,447.6782474517822,completed
360.231794,10,57.946535,1.0,True,10,0,0,589.2907524108887,622.161548614502,34.59080257415771,589.2907524108887,completed
268.205577,10,57.953951,1.0,True,10,0,0,579.6362981796265,770.625168800354,32.56624794006348,579.6362981796265,completed
478.227466,10,57.961813,1.0,True,10,0,0,588.0910806655884,661.7431802749634,25.300019359588624,588.0910806655884,completed
490.10446,10,57.96935,1.0,True,10,0,0,583.9038677215576,677.859504699707,26.44538822174072,583.9038677215576,completed
37.173676,10,57.977417,1.0,True,10,0,0,565.7030487060547,723.8692398071289,44.60741653442383,565.7030487060547,completed
-255.141602,10,57.986806,1.0,True,10,0,0,600.7215251922607,980.8454895019531,47.788932418823244,600.7215251922607,completed
301.466017,10,57.994592,1.0,True,10,0,0,592.7549819946289,906.425106048584,23.040668869018553,592.7549819946289,completed
267.144175,10,58.003084,1.0,True,10,0,0,595.3841190338135,685.1393604278564,34.348602867126466,595.3841190338135,completed
364.861556,10,58.011345,1.0,True,10,0,0,649.9506435394287,835.9643325805664,23.28036460876465,649.9506435394287,completed
333.096404,10,58.019369,1.0,True,10,0,0,693.7631311416626,761.3364963531494,25.158778572082518,693.7631311416626,completed
52.776268,10,58.02654,1.0,True,10,0,0,561.341926574707,958.9837341308594,34.77682342529297,561.341926574707,completed
312.302736,10,58.034166,1.0,True,10,0,0,484.87901306152344,731.620189666748,32.849382400512695,484.87901306152344,completed
676.708551,10,58.041635,1.0,True,10,0,0,513.6035823822021,669.0100898742676,20.960910034179687,513.6035823822021,completed
632.628487,10,58.048865,1.0,True,10,0,0,554.9065570831299,606.9335098266602,22.840035915374756,554.9065570831299,completed
357.284619,10,58.056493,1.0,True,10,0,0,599.1382007598877,689.5300369262695,31.98747100830078,599.1382007598877,completed
334.635349,10,58.06407,1.0,True,10,0,0,548.4558601379395,687.8407402038574,32.233316040039064,548.4558601379395,completed
375.375243,10,58.071371,1.0,True,10,0,0,544.6818504333496,751.1084671020508,26.829816627502442,544.6818504333496,completed
459.279094,10,58.079084,1.0,True,10,0,0,523.1478996276855,683.6805877685547,29.48917598724365,523.1478996276855,completed
918.951262,10,58.086499,1.0,True,10,0,0,538.0274171829224,635.2858619689941,11.220891952514648,538.0274171829224,completed
669.906758,10,58.094052,1.0,True,10,0,0,536.4740180969238,756.6436901092529,15.795038604736328,536.4740180969238,completed
510.945212,10,58.101599,1.0,True,10,0,0,535.4140853881836,619.3035697937012,28.82862048149109,535.4140853881836,completed
946.132352,10,58.109015,1.0,True,10,0,0,512.8774137496948,608.0294055938721,13.365442657470703,512.8774137496948,completed
496.286934,10,58.116311,1.0,True,10,0,0,475.42358779907227,658.8336486816406,30.437094974517823,475.42358779907227,completed
-47.459266,10,58.124089,1.0,True,10,0,0,694.5793399810791,793.379358291626,42.39971840381622,694.5793399810791,completed
30.320502,10,58.131665,1.0,True,10,0,0,577.7552623748779,830.2886543273926,38.735441017150876,577.7552623748779,completed
293.657158,10,58.139302,1.0,True,10,0,0,561.9902610778809,690.1777877807617,36.24765596389771,561.9902610778809,completed
449.371369,10,58.147213,1.0,True,10,0,0,484.43825912475586,912.6125755310059,19.80459213256836,484.43825912475586,completed
14.906548,10,58.155023,1.0,True,10,0,0,505.4787902832031,819.3852462768555,44.77412033081055,505.4787902832031,completed
1145.00687,10,58.162676,1.0,True,10,0,0,379.19572591781616,434.2278757095337,14.491251564025879,379.19572591781616,completed
685.779927,10,58.170394,1.0,True,10,0,0,483.9457960128784,663.0215015411377,22.976447200775148,483.9457960128784,completed
1015.470309,10,58.177818,1.0,True,10,0,0,455.98265647888184,555.4674873352051,13.246293067932129,455.98265647888184,completed
122.935538,10,58.185541,1.0,True,10,0,0,562.7619171142578,996.9870071411133,29.136080169677733,562.7619171142578,completed
1238.544179,10,58.193277,1.0,True,10,0,0,409.5403137207031,596.850305557251,2.4598148345947264,409.5403137207031,completed
340.61366,10,58.200507,1.0,True,10,0,0,514.1076440811157,839.325849533081,27.13316593170166,514.1076440811157,completed
469.694081,10,58.208145,1.0,True,10,0,0,468.983678817749,714.2617321014404,28.91139030456543,468.983678817749,completed
-232.876853,10,58.216204,1.0,True,10,0,0,642.8003768920898,814.9291839599609,53.288726234436034,642.8003768920898,completed
507.901721,10,58.223835,1.0,True,10,0,0,521.8968448638916,574.7632369995117,31.836030578613283,521.8968448638916,completed
965.379269,10,58.231245,1.0,True,10,0,0,456.1215991973877,465.7164192199707,18.182985496520995,456.1215991973877,completed
12.503318,10,58.238456,1.0,True,10,0,0,608.1444702148438,787.3935661315918,41.07385387420654,608.1444702148438,completed
922.103259,10,58.246122,1.0,True,10,0,0,446.17881870269775,490.3173313140869,19.292019271850585,446.17881870269775,completed
964.982464,10,58.253413,1.0,True,10,0,0,388.88644218444824,436.8265132904053,19.308825302124024,388.88644218444824,completed
130.083008,10,58.260982,1.0,True,10,0,0,646.8741099834442,734.8728816509247,39.421617817878726,646.8741099834442,completed
1079.857687,10,58.26883,1.0,True,10,0,0,383.14990234375,441.9982452392578,15.952715110778808,383.14990234375,completed
1031.228666,10,58.276591,1.0,True,10,0,0,358.30878162384033,546.9856014251709,14.605095171928406,358.30878162384033,completed
1083.642066,10,58.28392,1.0,True,10,0,0,459.5531325340271,465.6477270126343,12.170677757263183,459.5531325340271,completed
491.195517,10,58.291385,1.0,True,10,0,0,603.7051582336426,734.5326766967773,22.679772186279298,603.7051582336426,completed
772.53012,10,58.298791,1.0,True,10,0,0,462.2201404571533,587.9379596710205,20.92030200958252,462.2201404571533,completed
75.050621,10,58.306396,1.0,True,10,0,0,644.0398254394531,800.1417655944824,36.168477058410645,644.0398254394531,completed
115.005655,10,58.313899,1.0,True,10,0,0,585.7521286010742,820.8751335144043,36.02902107238769,585.7521286010742,completed
597.548891,10,58.321291,1.0,True,10,0,0,517.2029838562012,620.5386238098145,24.97684164047241,517.2029838562012,completed
811.626794,10,58.32863,1.0,True,10,0,0,426.79920196533203,691.0569267272949,16.856553268432616,426.79920196533203,completed
397.264234,10,58.3361,1.0,True,10,0,0,560.1262531280518,647.4665374755859,30.97234115600586,560.1262531280518,completed
200.34455,10,58.343928,1.0,True,10,0,0,500.40455627441406,761.9927673339844,38.81103363037109,500.40455627441406,completed
643.450388,10,58.35173,1.0,True,10,0,0,505.0333728790283,706.6846961975098,20.80882110595703,505.0333728790283,completed
687.043974,10,58.35944,1.0,True,10,0,0,502.28797340393066,686.9094066619873,17.299144744873047,502.28797340393066,completed
749.60154,10,58.36686,1.0,True,10,0,0,533.5552787780762,750.2816390991211,13.497774505615235,533.5552787780762,completed
604.12315,10,58.374292,1.0,True,10,0,0,613.1924819946289,653.7614440917969,19.941188621520997,613.1924819946289,completed
-148.568549,10,58.382063,1.0,True,10,0,0,751.7518177032471,902.9517707824707,38.46352553367615,751.7518177032471,completed
834.407222,10,59.558963,1.0,True,10,0,0,548.0630970001221,703.5981597900391,11.38984718322754,548.0630970001221,completed
-159.52438,10,59.567346,1.0,True,10,0,0,628.5228366851807,968.9897499084473,40.326097679138186,628.5228366851807,completed
1241.825351,10,59.575985,1.0,True,10,0,0,384.9756727218628,455.8775658607483,9.53619613647461,384.9756727218628,completed
1077.513188,10,59.584595,1.0,True,10,0,0,401.8559970855713,440.96794033050537,15.565423965454102,401.8559970855713,completed
999.37445,10,59.592841,1.0,True,10,0,0,381.2873032093048,454.4448914527893,20.59818935394287,381.2873032093048,completed
696.888576,10,59.601169,1.0,True,10,0,0,493.9869918823242,730.2059783935547,17.17463264465332,493.9869918823242,completed
676.575969,10,59.609437,1.0,True,10,0,0,488.10824966430664,583.6686668395996,25.176177406311034,488.10824966430664,completed
467.668824,10,59.617627,1.0,True,10,0,0,549.0201873779297,666.8802261352539,27.967540740966797,549.0201873779297,completed
443.010298,10,59.626094,1.0,True,10,0,0,507.40463638305664,596.0240669250488,34.34602234363556,507.40463638305664,completed
151.650647,10,59.634732,1.0,True,10,0,0,562.0810108184814,871.4179992675781,33.37704734802246,562.0810108184814,completed
641.457326,10,59.643103,1.0,True,10,0,0,567.1887226104736,674.2308235168457,20.82877674102783,567.1887226104736,completed
377.746926,10,59.651163,1.0,True,10,0,0,600.2056708335876,655.2378206253052,32.81840343475342,600.2056708335876,completed
604.738091,10,59.659519,1.0,True,10,0,0,455.1375341415405,735.5569896697998,21.40333499908447,455.1375341415405,completed
490.762875,10,59.667736,1.0,True,10,0,0,486.994651556015,659.2760462760925,32.84183416366577,486.994651556015,completed
650.13475,10,59.676694,1.0,True,10,0,0,393.62354850769043,581.4270477294922,29.456068420410155,393.62354850769043,completed
288.500254,10,59.686068,1.0,True,10,0,0,473.75053215026855,829.4231338500977,32.74419898986817,473.75053215026855,completed
133.987308,10,59.69487,1.0,True,10,0,0,581.0867042541504,733.0499382019043,40.050286865234376,581.0867042541504,completed
582.392797,10,59.703471,1.0,True,10,0,0,502.9607334136963,779.854793548584,19.89952449798584,502.9607334136963,completed
918.784294,10,59.711485,1.0,True,10,0,0,474.4724006652832,508.8127212524414,17.591913604736327,474.4724006652832,completed
509.686696,10,59.719639,1.0,True,10,0,0,541.0315282344818,732.5300145149231,24.995568561553956,541.0315282344818,completed
1200.374606,10,59.728348,1.0,True,10,0,0,409.262601852417,499.1597261428833,9.749606704711914,409.262601852417,completed
734.350427,10,59.736681,1.0,True,10,0,0,440.8971538543701,574.380033493042,24.214662170410158,440.8971538543701,completed
661.319574,10,59.745075,1.0,True,10,0,0,473.54888343811035,636.2606792449951,23.483217430114745,473.54888343811035,completed
566.612036,10,59.753379,1.0,True,10,0,0,471.4208183288574,593.0439796447754,30.659354782104494,471.4208183288574,completed
746.943892,10,59.762178,1.0,True,10,0,0,481.26728868484497,583.2248311042786,21.8874210357666,481.26728868484497,completed
660.741752,10,59.770324,1.0,True,10,0,0,486.77614307403564,640.9675045013428,24.106415367126466,486.77614307403564,completed
158.751798,10,59.778687,1.0,True,10,0,0,640.0764122009277,916.8758945465088,26.931943511962892,640.0764122009277,completed
606.474145,10,59.786682,1.0,True,10,0,0,479.6373767852783,645.7597751617432,26.770383834838867,479.6373767852783,completed
101.240395,10,59.794745,1.0,True,10,0,0,569.5819368362427,797.4474611282349,38.49091176986694,569.5819368362427,completed
702.84436,10,59.803152,1.0,True,10,0,0,545.2088642120361,586.171459197998,23.262085819244383,545.2088642120361,completed
1225.154464,10,59.811338,1.0,True,10,0,0,411.1082420349121,566.8513793945312,3.4822036743164064,411.1082420349121,completed
665.753299,10,59.819291,1.0,True,10,0,0,530.0784301757812,599.9922046661377,21.06041088104248,530.0784301757812,completed
859.470443,10,59.827217,1.0,True,10,0,0,458.2899684906006,642.8269577026367,14.922296142578125,458.2899684906006,completed
183.203627,10,59.835155,1.0,True,10,0,0,563.5757274627686,810.793062210083,35.088928413391116,563.5757274627686,completed
731.90894,10,59.843468,1.0,True,10,0,0,536.5440196990967,536.5440196990967,22.29831132888794,536.5440196990967,completed
628.002503,10,59.851762,1.0,True,10,0,0,391.0393958091736,621.8516163825989,28.416854095458984,391.0393958091736,completed
1475.88857,10,59.860154,1.0,True,10,0,0,371.79210233688354,395.11013174057007,4.070751190185547,371.79210233688354,completed
178.739951,10,59.86864,1.0,True,10,0,0,641.0327949523926,754.0565376281738,34.858909034729,641.0327949523926,completed
286.113763,10,59.877333,1.0,True,10,0,0,554.3878307342529,738.0200080871582,31.721576499938966,554.3878307342529,completed
660.061442,10,59.885593,1.0,True,10,0,0,513.4598970413208,627.3364658355713,24.089625358581543,513.4598970413208,completed
779.851171,10,59.893806,1.0,True,10,0,0,419.065288066864,567.920111656189,24.199876689910887,419.065288066864,completed
-118.018902,10,59.902453,1.0,True,10,0,0,624.3810176849365,834.5315608978271,45.770278739929196,624.3810176849365,completed
609.240142,10,59.910665,1.0,True,10,0,0,588.6153235435486,646.3918619155884,23.32798080444336,588.6153235435486,completed
659.923589,10,59.919177,1.0,True,10,0,0,505.85720443725586,568.9206695556641,26.287467575073244,505.85720443725586,completed
677.540551,10,59.927152,1.0,True,10,0,0,427.56282901763916,620.4918384552002,26.16903648376465,427.56282901763916,completed
804.225234,10,59.935437,1.0,True,10,0,0,514.197832107544,659.7709770202637,15.075399589538574,514.197832107544,completed
1191.058699,10,59.943795,1.0,True,10,0,0,366.25678968429565,431.95033168792725,11.452093124389648,366.25678968429565,completed
642.986072,10,59.952698,1.0,True,10,0,0,510.61513328552246,632.2743263244629,23.50715446472168,510.61513328552246,completed
602.931556,10,59.961275,1.0,True,10,0,0,569.5556945800781,718.1999912261963,20.265751838684082,569.5556945800781,completed
515.047012,10,59.97064,1.0,True,10,0,0,522.5445833206177,798.7082042694092,20.39236068725586,522.5445833206177,completed
985.204471,10,59.979847,1.0,True,10,0,0,373.32034397125244,501.77229499816895,18.942689895629883,373.32034397125244,completed
596.954027,10,59.988048,1.0,True,10,0,0,548.7504062652588,667.2473373413086,21.4911828994751,548.7504062652588,completed
162.332703,10,59.996196,1.0,True,10,0,0,644.193564414978,795.4813632965088,34.55608291625977,644.193564414978,completed
420.179944,10,60.00442,1.0,True,10,0,0,441.88720512390137,675.8630752563477,35.56191749572754,441.88720512390137,completed
1311.372138,10,60.012624,1.0,True,10,0,0,421.513955116272,500.8388786315918,4.989836120605469,421.513955116272,completed
429.779737,10,60.020817,1.0,True,10,0,0,519.9054546356201,750.0741558074951,28.659770965576172,519.9054546356201,completed
469.300882,10,60.029294,1.0,True,10,0,0,414.44068813323975,674.8241310119629,32.73640804290771,414.44068813323975,completed
597.627718,10,60.037351,1.0,True,10,0,0,523.6530742645264,747.0403900146484,19.071800422668456,523.6530742645264,completed
859.359955,10,60.045472,1.0,True,10,0,0,442.9538742303848,670.4082062244415,12.620934677124023,442.9538742303848,completed
1203.351004,10,60.053476,1.0,True,10,0,0,395.12424659729004,555.7314720153809,5.663491439819336,395.12424659729004,completed
-388.083232,10,60.061866,1.0,True,10,0,0,647.3557815551758,920.642333984375,51.34815979003906,647.3557815551758,completed
547.337304,10,60.070042,1.0,True,10,0,0,455.7416696548462,635.5323848724365,29.756603527069093,455.7416696548462,completed
857.564641,10,60.077856,1.0,True,10,0,0,376.7625503540039,524.7365770339966,21.458379697799682,376.7625503540039,completed
871.940595,10,60.085937,1.0,True,10,0,0,539.3734345436096,554.7671747207642,17.95957260131836,539.3734345436096,completed
728.60836,10,60.094623,1.0,True,10,0,0,569.1261711120605,595.9061622619629,20.720957946777343,569.1261711120605,completed
1063.080501,10,60.103,1.0,True,10,0,0,487.7985534667969,549.1740474700928,10.25744571685791,487.7985534667969,completed
732.679873,10,60.111138,1.0,True,10,0,0,450.11050033569336,691.2856330871582,17.591981506347658,450.11050033569336,completed
633.131269,10,60.118938,1.0,True,10,0,0,383.9659390449524,595.8585729598999,31.05223684310913,383.9659390449524,completed
346.634758,10,60.127267,1.0,True,10,0,0,552.6247329711914,825.7355766296387,26.424063396453857,552.6247329711914,completed
776.633262,10,60.135144,1.0,True,10,0,0,523.9624996185303,604.9531240463257,19.177040100097656,523.9624996185303,completed
551.729463,10,60.14346,1.0,True,10,0,0,450.17537117004395,683.8125896453857,27.048573303222657,450.17537117004395,completed
882.480065,10,60.151606,1.0,True,10,0,0,411.3932943344116,500.94444847106934,21.73225326538086,411.3932943344116,completed
742.735073,10,60.159878,1.0,True,10,0,0,444.08090686798096,577.1586570739746,23.547093009948732,444.08090686798096,completed
507.735058,10,60.167729,1.0,True,10,0,0,479.27347564697266,639.1974029541016,32.07918567657471,479.27347564697266,completed
880.450786,10,60.175828,1.0,True,10,0,0,388.4135513305664,530.3024635314941,22.158418655395508,388.4135513305664,completed
32.321404,10,60.183757,1.0,True,10,0,0,641.1958255767822,768.0234031677246,38.90676784515381,641.1958255767822,completed
729.434676,10,60.191792,1.0,True,10,0,0,513.2634735107422,537.7817306518555,23.05236682891846,513.2634735107422,completed
395.130267,10,60.2002,1.0,True,10,0,0,679.4947834014893,825.0929126739502,21.47853293418884,679.4947834014893,completed
908.294854,10,60.208319,1.0,True,10,0,0,427.6498394012451,615.3878650665283,17.4094295501709,427.6498394012451,completed
728.004457,10,60.216808,1.0,True,10,0,0,488.0544548034668,599.0713520050049,21.7592191696167,488.0544548034668,completed
1159.689147,10,60.224927,1.0,True,10,0,0,461.2175540924072,560.32448387146,6.86116943359375,461.2175540924072,completed
831.986086,10,60.233287,1.0,True,10,0,0,434.5268363952637,580.0550689697266,20.46186180114746,434.5268363952637,completed
971.782418,10,60.241456,1.0,True,10,0,0,473.270791053772,542.8507194519043,14.35596580505371,473.270791053772,completed
797.886098,10,60.249735,1.0,True,10,0,0,531.1482467651367,604.9342346191406,20.399864768981935,531.1482467651367,completed
1104.311274,10,60.257672,1.0,True,10,0,0,376.5336503982544,487.7242593765259,14.913592529296874,376.5336503982544,completed
977.799953,10,60.265834,1.0,True,10,0,0,404.23642587661743,526.4090623855591,15.78041114807129,404.23642587661743,completed
479.936987,10,60.27344,1.0,True,10,0,0,535.6209659576416,892.5878524780273,17.84218978881836,535.6209659576416,completed
667.760417,10,60.281763,1.0,True,10,0,0,531.2748489379883,687.9346008300781,19.837330627441407,531.2748489379883,completed
525.741561,10,60.289679,1.0,True,10,0,0,556.5033394098282,638.7975876331329,28.883954429626463,556.5033394098282,completed
809.647532,10,60.297723,1.0,True,10,0,0,446.1185030937195,687.5614233016968,15.318190002441407,446.1185030937195,completed
437.430902,10,60.306081,1.0,True,10,0,0,461.0061321258545,665.8833751678467,33.42468528747558,461.0061321258545,completed
205.644637,10,60.31478,1.0,True,10,0,0,523.9286041259766,706.7155952453613,39.63055229187012,523.9286041259766,completed
780.334045,10,60.323553,1.0,True,10,0,0,439.431453704834,577.0138540267944,23.064592170715333,439.431453704834,completed
1246.606019,10,60.331919,1.0,True,10,0,0,410.8727180957794,482.43746042251587,8.309457206726075,410.8727180957794,completed
720.744991,10,60.340599,1.0,True,10,0,0,546.4526138305664,652.5883712768555,17.426811599731444,546.4526138305664,completed
955.432198,10,60.348533,1.0,True,10,0,0,472.24794006347656,525.8683547973633,14.88819236755371,472.24794006347656,completed
710.280445,10,60.356768,1.0,True,10,0,0,520.8715734481812,682.9839096069336,19.545715522766113,520.8715734481812,completed
-243.592764,10,60.365209,1.0,True,10,0,0,752.3261070251465,893.0058479309082,43.74453334808349,752.3261070251465,completed
868.587051,10,60.373133,1.0,True,10,0,0,397.9442572593689,616.138258934021,18.99471549987793,397.9442572593689,completed
997.165407,10,60.381258,1.0,True,10,0,0,376.65538597106934,467.50384521484375,21.379356575012206,376.65538597106934,completed
1094.157368,10,60.389433,1.0,True,10,0,0,390.22644901275635,454.93779850006104,15.563759231567383,390.22644901275635,completed
510.920055,10,60.397656,1.0,True,10,0,0,538.312328338623,784.0956287384033,20.92936782836914,538.312328338623,completed
573.383028,10,60.405631,1.0,True,10,0,0,522.9630794525146,661.3118858337402,23.769802474975585,522.9630794525146,completed
247.363406,10,60.414108,1.0,True,10,0,0,520.0651779174805,730.1585655212402,37.62115325927734,520.0651779174805,completed
495.976066,10,60.421894,1.0,True,10,0,0,621.1790075302124,648.5793876647949,25.39396014213562,621.1790075302124,completed
644.237156,10,60.429854,1.0,True,10,0,0,486.746244430542,630.8945446014404,24.236554908752442,486.746244430542,completed
1016.456441,10,60.438297,1.0,True,10,0,0,506.64150738716125,547.8696160316467,9.59510383605957,506.64150738716125,completed
-442.690079,10,60.446585,1.0,True,10,0,0,725.3828048706055,1045.2751579284668,47.38288612365723,725.3828048706055,completed
586.605568,10,60.454442,1.0,True,10,0,0,481.5086507797241,576.4495143890381,29.01973876953125,481.5086507797241,completed
449.51164,10,60.462615,1.0,True,10,0,0,567.6559181213379,710.1613960266113,25.93586368560791,567.6559181213379,completed
116.660974,10,60.47059,1.0,True,10,0,0,616.8705177307129,824.8963203430176,36.04153814315796,616.8705177307129,completed
208.938367,10,60.479241,1.0,True,10,0,0,559.2915496826172,718.7637786865234,36.49232730865479,559.2915496826172,completed
568.008902,10,60.487553,1.0,True,10,0,0,475.72381496429443,702.6784725189209,23.18052444458008,475.72381496429443,completed
-45.916943,10,60.495708,1.0,True,10,0,0,619.3971309661865,766.6051979064941,44.80064735412598,619.3971309661865,completed
989.718756,10,60.504003,1.0,True,10,0,0,439.9057517051697,471.61817502975464,18.377890014648436,439.9057517051697,completed
595.590626,10,60.512357,1.0,True,10,0,0,475.6275110244751,649.7150974273682,27.21731300354004,475.6275110244751,completed
783.151733,10,60.520445,1.0,True,10,0,0,445.0615711212158,646.9447250366211,18.908606338500977,445.0615711212158,completed
365.466739,10,60.528576,1.0,True,10,0,0,494.8092460632324,708.7517166137695,32.40104124546051,494.8092460632324,completed
302.898255,10,60.536972,1.0,True,10,0,0,470.5692958831787,719.7761096954346,34.400322341918944,470.5692958831787,completed
-23.776208,10,60.545464,1.0,True,10,0,0,574.1208972930908,838.7739391326904,41.08261680603027,574.1208972930908,completed
693.91737,10,60.553757,1.0,True,10,0,0,505.9536533355713,676.4027862548828,18.673368644714355,505.9536533355713,completed
468.871203,10,60.561601,1.0,True,10,0,0,496.29416942596436,704.5324192047119,28.668331718444826,496.29416942596436,completed
238.167525,10,60.569689,1.0,True,10,0,0,615.4313430786133,811.4425582885742,30.749342727661134,615.4313430786133,completed
744.574526,10,60.577991,1.0,True,10,0,0,577.800407409668,644.4971790313721,16.989916610717774,577.800407409668,completed
894.756601,10,60.586109,1.0,True,10,0,0,492.08298110961914,623.9297523498535,14.433544158935547,492.08298110961914,completed
352.40683,10,60.594024,1.0,True,10,0,0,658.5073413848877,730.9993534088135,28.16947383880615,658.5073413848877,completed
679.59194,10,60.602163,1.0,True,10,0,0,484.5853805541992,613.0277404785156,22.266315841674803,484.5853805541992,completed
-245.193007,10,60.610291,1.0,True,10,0,0,691.6906700134277,868.4274215698242,45.74542207717896,691.6906700134277,completed
580.795929,10,60.618823,1.0,True,10,0,0,425.7541046142578,583.280590057373,30.60714797973633,425.7541046142578,completed
509.040276,10,60.627227,1.0,True,10,0,0,641.9751081466675,679.6481418609619,23.65808515548706,641.9751081466675,completed
-217.901114,10,60.635473,1.0,True,10,0,0,630.1935255527496,850.1251797676086,49.73236503601074,630.1935255527496,completed
523.669005,10,60.643192,1.0,True,10,0,0,650.5788764953613,650.5788764953613,25.517345237731934,650.5788764953613,completed
917.907885,10,60.651347,1.0,True,10,0,0,416.32617449760437,527.5295128822327,19.600697326660157,416.32617449760437,completed
795.195979,10,60.659649,1.0,True,10,0,0,443.8423080444336,560.7120456695557,21.835769271850587,443.8423080444336,completed
581.468318,10,60.66762,1.0,True,10,0,0,434.70518016815186,673.3916282653809,25.34888916015625,434.70518016815186,completed
808.108286,10,60.675869,1.0,True,10,0,0,578.7151536941528,631.23069190979,14.515443038940429,578.7151536941528,completed
1056.229814,10,60.683939,1.0,True,10,0,0,354.6766109466553,429.3413276672363,17.434437942504882,354.6766109466553,completed
689.949312,10,60.692534,1.0,True,10,0,0,444.72432136535645,659.1107301712036,24.15971460342407,444.72432136535645,completed
1321.466618,10,60.700584,1.0,True,10,0,0,348.08276557922363,378.8196830749512,9.649103546142578,348.08276557922363,completed
-877.402199,10,60.7089,1.0,True,10,0,0,567.0288338661194,920.6643471717834,78.22270584106445,567.0288338661194,completed
639.632724,10,60.716909,1.0,True,10,0,0,476.4088764190674,699.3162536621094,23.513703536987304,476.4088764190674,completed
827.776324,10,60.724714,1.0,True,10,0,0,481.0358257293701,638.271089553833,17.325199127197266,481.0358257293701,completed
643.49987,10,60.73305,1.0,True,10,0,0,506.77422046661377,719.2619228363037,18.812374114990234,506.77422046661377,completed
687.568666,10,60.741135,1.0,True,10,0,0,483.6811800003052,584.3653631210327,23.47103633880615,483.6811800003052,completed
360.565074,10,60.749611,1.0,True,10,0,0,538.6119718551636,817.6373414993286,27.843333339691164,538.6119718551636,completed
514.289362,10,60.757748,1.0,True,10,0,0,513.4988431930542,596.373197555542,30.580040740966798,513.4988431930542,completed
364.332454,10,60.765699,1.0,True,10,0,0,489.92455673217773,649.2055892944336,35.87933320999146,489.92455673217773,completed
888.059697,10,60.77384,1.0,True,10,0,0,472.53582191467285,575.7242393493652,14.256107330322266,472.53582191467285,completed
613.790775,10,60.782112,1.0,True,10,0,0,628.964994430542,628.964994430542,22.848436737060545,628.964994430542,completed
619.38469,10,60.790109,1.0,True,10,0,0,558.1525745391846,659.2954864501953,24.274936485290528,558.1525745391846,completed
970.664692,10,60.798093,1.0,True,10,0,0,426.1387586593628,501.46576499938965,15.601985549926757,426.1387586593628,completed
658.771917,10,60.806473,1.0,True,10,0,0,500.77421855926514,593.2395782470703,25.160000801086426,500.77421855926514,completed
908.672554,10,60.814377,1.0,True,10,0,0,373.647572517395,539.383810043335,21.940835571289064,373.647572517395,completed
703.52628,10,60.822695,1.0,True,10,0,0,505.62770080566406,652.9959678649902,19.490076732635497,505.62770080566406,completed
576.065771,10,60.83054,1.0,True,10,0,0,477.3589916229248,646.5002346038818,27.068428802490235,477.3589916229248,completed
351.978526,10,60.838684,1.0,True,10,0,0,523.4192442893982,899.1512117385864,22.995179748535158,523.4192442893982,completed
673.26827,10,60.846429,1.0,True,10,0,0,591.339403629303,606.7331438064575,20.976081466674806,591.339403629303,completed
40.782602,10,60.854705,1.0,True,10,0,0,440.20344734191895,802.5265922546387,43.86580390930176,440.20344734191895,completed
434.703,10,60.862781,1.0,True,10,0,0,581.1313095092773,638.1879253387451,28.980574798583984,581.1313095092773,completed
-96.093031,10,60.871045,1.0,True,10,0,0,631.1680088043213,891.7172508239746,42.57516250610352,631.1680088043213,completed
766.785809,10,60.879706,1.0,True,10,0,0,493.7816791534424,563.9585361480713,22.829539680480956,493.7816791534424,completed
638.74273,10,60.887894,1.0,True,10,0,0,393.26282501220703,586.6094341278076,27.251459884643555,393.26282501220703,completed
486.516116,10,60.895954,1.0,True,10,0,0,528.751163482666,628.6674194335938,28.484951210021972,528.751163482666,completed
276.503031,10,60.904687,1.0,True,10,0,0,646.5952739715576,937.8278160095215,22.196460342407228,646.5952739715576,completed
363.728409,10,60.912866,1.0,True,10,0,0,428.8929581642151,669.7647180557251,35.35973129272461,428.8929581642151,completed
431.453473,10,60.9213,1.0,True,10,0,0,569.6621990203857,799.5173034667969,24.364008712768555,569.6621990203857,completed
1434.67986,10,60.929466,1.0,True,10,0,0,355.5997667312622,416.00921535491943,4.217507171630859,355.5997667312622,completed
675.321551,10,60.937271,1.0,True,10,0,0,516.9655952453613,633.2773933410645,21.64469795227051,516.9655952453613,completed
1075.482142,10,60.945235,1.0,True,10,0,0,386.3476734161377,474.84077644348145,15.519219970703125,386.3476734161377,completed
-109.008557,10,60.952989,1.0,True,10,0,0,671.2336540222168,792.1375694274902,43.74585189819336,671.2336540222168,completed
540.535243,10,60.961577,1.0,True,10,0,0,489.06044006347656,656.1296367645264,27.964294624328613,489.06044006347656,completed
736.760126,10,60.970083,1.0,True,10,0,0,436.6863384246826,592.3369264602661,23.232872581481935,436.6863384246826,completed
354.205103,10,60.977521,1.0,True,10,0,0,648.111743927002,648.111743927002,31.700246620178223,648.111743927002,completed
-361.982854,10,60.985891,1.0,True,10,0,0,838.5205593109131,1154.5318641662598,35.19427337646484,838.5205593109131,completed
832.588981,10,60.994344,1.0,True,10,0,0,401.0660820007324,615.7477741241455,18.222440910339355,401.0660820007324,completed
902.662962,10,61.002648,1.0,True,10,0,0,503.6278066635132,557.857027053833,14.825881195068359,503.6278066635132,completed
-163.325771,10,61.010717,1.0,True,10,0,0,428.46637630462646,804.4899997711182,54.315347290039064,428.46637630462646,completed
1059.287921,10,61.019164,1.0,True,10,0,0,403.8979797363281,588.6697044372559,9.541830825805665,403.8979797363281,completed
353.630149,10,61.027205,1.0,True,10,0,0,511.85556411743164,708.7060241699219,31.23399429321289,511.85556411743164,completed
406.761802,10,61.035372,1.0,True,10,0,0,581.7111158370972,648.1583614349365,28.561866569519044,581.7111158370972,completed
550.68563,10,61.043839,1.0,True,10,0,0,498.87039375305176,619.8773708343506,29.1563512802124,498.87039375305176,completed
1343.976655,10,61.051767,1.0,True,10,0,0,356.3795909881592,391.48818588256836,7.577929306030273,356.3795909881592,completed
316.242522,10,61.060119,1.0,True,10,0,0,588.5510578155518,812.8006401062012,28.827306938171386,588.5510578155518,completed
408.861239,10,61.068316,1.0,True,10,0,0,523.2831592559814,652.553825378418,34.967982864379884,523.2831592559814,completed
1073.649637,10,61.076638,1.0,True,10,0,0,436.8756160736084,606.4353656768799,9.357304573059082,436.8756160736084,completed
-21.264619,10,61.085114,1.0,True,10,0,0,647.5514430999756,812.5352821350098,41.44724712371826,647.5514430999756,completed
242.989701,10,61.093036,1.0,True,10,0,0,621.3356037139893,794.7256317138672,30.000537109375,621.3356037139893,completed
115.093751,10,61.101322,1.0,True,10,0,0,680.0166549682617,680.0166549682617,39.693896770477295,680.0166549682617,completed
952.606161,10,61.10944,1.0,True,10,0,0,433.48028564453125,542.0996398925781,16.549803161621092,433.48028564453125,completed
-874.90613,10,61.117729,1.0,True,10,0,0,745.5492057800293,1040.273624420166,66.1637809753418,745.5492057800293,completed
165.768648,10,61.125705,1.0,True,10,0,0,678.4213981628418,908.0294246673584,27.16730728149414,678.4213981628418,completed
950.828974,10,61.134023,1.0,True,10,0,0,446.384991645813,574.4606266021729,14.471667098999024,446.384991645813,completed
944.059502,10,61.142326,1.0,True,10,0,0,501.3428544998169,538.106502532959,15.160881614685058,501.3428544998169,completed
-282.461161,10,61.150588,1.0,True,10,0,0,764.9691715240479,1054.8647708892822,38.90642051696777,764.9691715240479,completed
1345.918201,10,61.158833,1.0,True,10,0,0,437.5005741119385,458.9275245666504,3.838058853149414,437.5005741119385,completed
207.879387,10,61.166919,1.0,True,10,0,0,513.2525253295898,714.6894493103027,41.90053520202637,513.2525253295898,completed
636.716832,10,61.174848,1.0,True,10,0,0,428.8527641296387,557.6790733337402,29.1262264251709,428.8527641296387,completed
460.417421,10,61.182412,1.0,True,10,0,0,515.2529952526093,705.7191290855408,28.45698699951172,515.2529952526093,completed
378.62986,10,61.190362,1.0,True,10,0,0,620.3998374938965,727.6048793792725,26.93824348449707,620.3998374938965,completed
1439.607575,10,61.198257,1.0,True,10,0,0,397.30484771728516,406.2940483093262,3.2543031692504885,397.30484771728516,completed
477.033576,10,61.206638,1.0,True,10,0,0,544.7164754867554,646.4943447113037,29.99963798522949,544.7164754867554,completed
697.914381,10,61.2148,1.0,True,10,0,0,510.035587310791,618.675350189209,21.52606906890869,510.035587310791,completed
565.540345,10,61.223099,1.0,True,10,0,0,357.22747135162354,588.8796920776367,34.3677755355835,357.22747135162354,completed
304.462885,10,61.231235,1.0,True,10,0,0,520.9719142913818,701.1416301727295,36.334908676147464,520.9719142913818,completed
1077.977722,10,62.370541,1.0,True,10,0,0,428.893483877182,477.61810636520386,12.715313529968261,428.893483877182,completed
294.612057,10,62.378995,1.0,True,10,0,0,615.7272500991821,776.3512554168701,29.848260593414306,615.7272500991821,completed
-65.552549,10,62.386637,1.0,True,10,0,0,623.5572261810303,784.1071529388428,44.69501724243164,623.5572261810303,completed
276.973794,10,62.394171,1.0,True,10,0,0,550.1349811553955,812.0814685821533,31.982780075073244,550.1349811553955,completed
239.709501,10,62.401933,1.0,True,10,0,0,601.5859107971191,818.4413299560547,30.70267448425293,601.5859107971191,completed
546.945804,10,62.40903,1.0,True,10,0,0,520.6910076141357,636.6023845672607,27.768848419189453,520.6910076141357,completed
1046.098743,10,62.417525,1.0,True,10,0,0,479.8637800216675,572.2976570129395,11.3227783203125,479.8637800216675,completed
269.725226,10,62.425014,1.0,True,10,0,0,514.8622751235962,702.0647487640381,35.70430927276611,514.8622751235962,completed
-188.704519,10,62.432565,1.0,True,10,0,0,631.2410039901733,974.435266494751,42.65405616760254,631.2410039901733,completed
1137.853282,10,62.439699,1.0,True,10,0,0,420.45244574546814,466.2322471141815,13.100988960266113,420.45244574546814,completed
293.78487,10,62.447364,1.0,True,10,0,0,702.4812431335449,702.4812431335449,30.099850845336913,702.4812431335449,completed
1102.889203,10,62.454576,1.0,True,10,0,0,359.9331226348877,477.61950302124023,13.538473510742188,359.9331226348877,completed
984.284665,10,62.462029,1.0,True,10,0,0,391.2719535827637,536.7705612182617,16.5252272605896,391.2719535827637,completed
524.90095,10,62.470135,1.0,True,10,0,0,497.8614797592163,640.5564184188843,29.33850507736206,497.8614797592163,completed
697.409663,10,62.477537,1.0,True,10,0,0,500.3536605834961,686.438533782959,18.114787673950197,500.3536605834961,completed
-368.883371,10,62.4847,1.0,True,10,0,0,660.2148571014404,909.8442783355713,51.84628753662109,660.2148571014404,completed
803.380472,10,62.491809,1.0,True,10,0,0,480.2443447113037,648.6884841918945,16.74577941894531,480.2443447113037,completed
551.28784,10,62.498903,1.0,True,10,0,0,474.61490631103516,647.0746803283691,29.608053398132324,474.61490631103516,completed
110.575597,10,62.506098,1.0,True,10,0,0,506.5519542694092,700.0614700317383,46.521280670166014,506.5519542694092,completed
1204.908079,10,62.513237,1.0,True,10,0,0,461.8217964172363,656.4137020111084,0.5471885681152344,461.8217964172363,completed
949.216872,10,62.520389,1.0,True,10,0,0,416.89699363708496,493.68285751342773,21.129689407348632,416.89699363708496,completed
475.56792,10,62.527477,1.0,True,10,0,0,542.6446380615234,816.7756156921387,22.019606018066405,542.6446380615234,completed
300.267037,10,62.534584,1.0,True,10,0,0,598.8336715698242,761.9527244567871,28.36423816680908,598.8336715698242,completed
941.79606,10,62.541637,1.0,True,10,0,0,465.29235649108887,508.5572261810303,16.730778884887695,465.29235649108887,completed
854.185113,10,62.54878,1.0,True,10,0,0,424.25870513916016,589.734245300293,16.627599716186523,424.25870513916016,completed
480.861313,10,62.555925,1.0,True,10,0,0,561.2829132080078,644.2532806396484,28.184516525268556,561.2829132080078,completed
1096.259936,10,62.563048,1.0,True,10,0,0,400.69284439086914,459.4893035888672,14.894306182861328,400.69284439086914,completed
453.763672,10,62.570204,1.0,True,10,0,0,411.1917333602905,684.591329574585,33.073541259765626,411.1917333602905,completed
432.008153,10,62.577333,1.0,True,10,0,0,509.7579345703125,675.2592964172363,29.217593002319337,509.7579345703125,completed
409.412434,10,62.584421,1.0,True,10,0,0,623.9416637420654,754.7874374389648,27.547819328308105,623.9416637420654,completed
356.716168,10,62.591491,1.0,True,10,0,0,544.5287189483643,658.6754779815674,34.10117874145508,544.5287189483643,completed
812.830311,10,62.598572,1.0,True,10,0,0,501.08548641204834,575.3516130447388,19.681581115722658,501.08548641204834,completed
791.220075,10,62.605721,1.0,True,10,0,0,449.0652885437012,632.196252822876,19.196243667602538,449.0652885437012,completed
704.276963,10,62.612723,1.0,True,10,0,0,547.9017925262451,699.3623123168945,18.134170913696288,547.9017925262451,completed
662.186729,10,62.619859,1.0,True,10,0,0,511.4494948387146,740.8384923934937,17.801061630249023,511.4494948387146,completed
401.334573,10,62.626953,1.0,True,10,0,0,603.4284725189209,810.8476314544678,25.483797454833983,603.4284725189209,completed
916.335696,10,62.634068,1.0,True,10,0,0,430.7127523422241,597.1747074127197,16.667223739624024,430.7127523422241,completed
859.164902,10,62.641206,1.0,True,10,0,0,479.5323152542114,701.5701236724854,12.319428634643554,479.5323152542114,completed
799.735531,10,62.648293,1.0,True,10,0,0,538.2817935943604,720.0778007507324,11.260490608215331,538.2817935943604,completed
1152.448469,10,62.655393,1.0,True,10,0,0,485.19936180114746,551.6284446716309,5.73203125,485.19936180114746,completed
1020.211763,10,62.6625,1.0,True,10,0,0,403.2115845680237,585.9634504318237,12.91507453918457,403.2115845680237,completed
449.204336,10,62.6696,1.0,True,10,0,0,506.64427947998047,679.6141319274902,28.21167755126953,506.64427947998047,completed
-12.066047,10,62.676667,1.0,True,10,0,0,633.4898948669434,794.8762054443359,41.130414199829104,633.4898948669434,completed
698.370734,10,62.683741,1.0,True,10,0,0,475.64192962646484,624.6365127563477,22.207197189331055,475.64192962646484,completed
485.845394,10,62.690863,1.0,True,10,0,0,571.3399906158447,700.7877101898193,25.77420654296875,571.3399906158447,completed
617.056357,10,62.697922,1.0,True,10,0,0,547.8222169876099,722.5816135406494,19.970526885986327,547.8222169876099,completed
1195.080256,10,62.705054,1.0,True,10,0,0,382.2640027999878,460.66410636901855,10.441541290283203,382.2640027999878,completed
62.178659,10,62.71216,1.0,True,10,0,0,807.2520484924316,807.2520484924316,31.524642944335938,807.2520484924316,completed
572.622034,10,62.719127,1.0,True,10,0,0,557.0976600646973,693.2508850097656,22.27716979980469,557.0976600646973,completed
562.868123,10,62.726167,1.0,True,10,0,0,511.8054885864258,708.617956161499,22.028441619873046,511.8054885864258,completed
424.367494,10,62.733274,1.0,True,10,0,0,576.4025201797485,727.043909072876,27.252134704589842,576.4025201797485,completed
393.176978,10,62.740398,1.0,True,10,0,0,558.3405151367188,704.4434051513672,29.34654836654663,558.3405151367188,completed
951.175764,10,62.747464,1.0,True,10,0,0,443.0839719772339,558.3682727813721,16.68843765258789,443.0839719772339,completed
423.91033,10,62.754578,1.0,True,10,0,0,546.8036947250366,660.935754776001,31.798906135559083,546.8036947250366,completed
-149.757162,10,62.761636,1.0,True,10,0,0,599.8363394737244,843.1214876174927,48.87108612060547,599.8363394737244,completed
513.037928,10,62.769118,1.0,True,10,0,0,585.2492294311523,680.8052024841309,26.346340560913085,585.2492294311523,completed
1020.070404,10,62.776225,1.0,True,10,0,0,456.538104057312,549.407886505127,12.082902908325195,456.538104057312,completed
1209.493349,10,62.783324,1.0,True,10,0,0,322.6454792022705,526.8769683837891,7.867734909057617,322.6454792022705,completed
337.182414,10,62.790488,1.0,True,10,0,0,535.6742458343506,703.3882713317871,34.13429698944092,535.6742458343506,completed
-26.253699,10,62.79753,1.0,True,10,0,0,526.8998184204102,835.9416275024414,45.278900909423825,526.8998184204102,completed
529.519335,10,62.804589,1.0,True,10,0,0,533.0887451171875,581.4419898986816,28.802061462402342,533.0887451171875,completed
974.198363,10,62.812414,1.0,True,10,0,0,411.82262659072876,492.4065189361572,17.603044509887695,411.82262659072876,completed
261.716469,10,62.82019,1.0,True,10,0,0,580.0375728607178,843.46022605896,30.122736930847168,580.0375728607178,completed
119.177141,10,62.828355,1.0,True,10,0,0,544.6173477172852,925.5345764160156,30.048220825195312,544.6173477172852,completed
320.312056,10,62.835459,1.0,True,10,0,0,613.7531089782715,774.3573875427246,27.4821475982666,613.7531089782715,completed
649.125613,10,62.842529,1.0,True,10,0,0,434.5032711029053,625.6851749420166,27.095936584472657,434.5032711029053,completed
565.774229,10,62.849586,1.0,True,10,0,0,568.864200592041,705.9920272827148,22.815801048278807,568.864200592041,completed
855.318414,10,62.856634,1.0,True,10,0,0,519.158821105957,744.8596668243408,11.442033004760741,519.158821105957,completed
883.768943,10,62.863695,1.0,True,10,0,0,469.0113296508789,594.8131198883057,16.026491355895995,469.0113296508789,completed
371.437693,10,62.870808,1.0,True,10,0,0,553.935001373291,728.9536743164062,29.217613220214844,553.935001373291,completed
-564.70485,10,62.877914,1.0,True,10,0,0,700.2647933959961,1054.272071838379,53.74233474731445,700.2647933959961,completed
587.591511,10,62.885075,1.0,True,10,0,0,451.0555863380432,738.7315907478333,23.45851936340332,451.0555863380432,completed
-381.979344,10,62.892225,1.0,True,10,0,0,591.2094497680664,886.6532135009766,57.096756958961485,591.2094497680664,completed
-85.458246,10,62.899357,1.0,True,10,0,0,715.0436840057373,898.6942729949951,39.143416786193846,715.0436840057373,completed
661.241946,10,62.906383,1.0,True,10,0,0,525.9707698822021,646.8085594177246,22.58430881500244,525.9707698822021,completed
365.594317,10,62.91349,1.0,True,10,0,0,429.4973659515381,653.4061527252197,38.64802474975586,429.4973659515381,completed
481.282375,10,62.920715,1.0,True,10,0,0,538.6572773456573,657.1257195472717,29.384248352050783,538.6572773456573,completed
410.3208,10,62.927816,1.0,True,10,0,0,520.2971382141113,647.5803699493408,34.00812549591065,520.2971382141113,completed
849.103835,10,62.934986,1.0,True,10,0,0,468.70842933654785,638.7295627593994,15.353429412841797,468.70842933654785,completed
328.58615,10,62.942125,1.0,True,10,0,0,500.33388233184814,647.6662263870239,38.689033603668214,500.33388233184814,completed
827.55796,10,62.949106,1.0,True,10,0,0,427.9711127281189,658.0804510116577,16.588543796539305,427.9711127281189,completed
676.499098,10,62.956196,1.0,True,10,0,0,532.2255277633667,619.0055818557739,21.912972259521485,532.2255277633667,completed
990.315017,10,62.963199,1.0,True,10,0,0,463.0135130882263,494.7259364128113,13.883917236328125,463.0135130882263,completed
318.831435,10,62.970304,1.0,True,10,0,0,541.2782056331635,714.5330357551575,34.270765113830564,541.2782056331635,completed
-713.3606,10,62.977372,1.0,True,10,0,0,845.0173721313477,1040.2254371643066,55.105109786987306,845.0173721313477,completed
697.509701,10,62.984539,1.0,True,10,0,0,473.8351345062256,634.2201042175293,20.527355194091797,473.8351345062256,completed
994.267635,10,62.991707,1.0,True,10,0,0,398.4718837738037,487.4453010559082,16.02297019958496,398.4718837738037,completed
711.72697,10,62.998742,1.0,True,10,0,0,551.544825553894,594.8517370223999,20.900461196899414,551.544825553894,completed
658.642508,10,63.005883,1.0,True,10,0,0,437.32630348205566,591.5452766418457,25.9130952835083,437.32630348205566,completed
775.89213,10,63.012988,1.0,True,10,0,0,468.3589096069336,590.0803604125977,20.45020637512207,468.3589096069336,completed
657.835902,10,63.020074,1.0,True,10,0,0,435.7143964767456,632.0716600418091,25.02283172607422,435.7143964767456,completed
1357.050181,10,63.027172,1.0,True,10,0,0,328.1575450897217,369.9206485748291,7.70712890625,328.1575450897217,completed
782.627065,10,63.034257,1.0,True,10,0,0,481.9208073616028,574.6372423171997,21.805974197387695,481.9208073616028,completed
512.064493,10,63.04139,1.0,True,10,0,0,454.0994701385498,648.2183723449707,30.871780776977538,454.0994701385498,completed
1230.052657,10,63.048512,1.0,True,10,0,0,378.5617923736572,463.66301345825195,9.889047622680664,378.5617923736572,completed
198.625032,10,63.055688,1.0,True,10,0,0,612.4704122543335,869.5837383270264,29.61753044128418,612.4704122543335,completed
899.747925,10,63.06279,1.0,True,10,0,0,462.6995620727539,605.3636779785156,16.08661460876465,462.6995620727539,completed
344.73003,10,63.069884,1.0,True,10,0,0,513.9682397842407,740.4893283843994,33.61753826141357,513.9682397842407,completed
1165.251841,10,63.07696,1.0,True,10,0,0,458.49395179748535,504.0621681213379,7.259170150756836,458.49395179748535,completed
1081.452024,10,63.084003,1.0,True,10,0,0,413.6446228027344,523.6721458435059,12.966092109680176,413.6446228027344,completed
-265.273209,10,63.091131,1.0,True,10,0,0,508.9146385192871,838.6709060668945,53.86932144165039,508.9146385192871,completed
738.349346,10,63.098277,1.0,True,10,0,0,539.1409549713135,612.3521671295166,20.228934860229494,539.1409549713135,completed
298.957619,10,63.105413,1.0,True,10,0,0,435.2891721725464,818.135591506958,32.74598636627197,435.2891721725464,completed
961.572408,10,63.112473,1.0,True,10,0,0,357.41511821746826,536.7640323638916,17.426904296875,357.41511821746826,completed
558.859002,10,63.119497,1.0,True,10,0,0,561.2345237731934,802.1196403503418,19.353433990478514,561.2345237731934,completed
523.759893,10,63.126587,1.0,True,10,0,0,521.2291069030762,664.2957191467285,26.138867568969726,521.2291069030762,completed
321.116613,10,63.133649,1.0,True,10,0,0,494.6833686828613,687.2624015808105,34.554236221313474,494.6833686828613,completed
421.762544,10,63.140785,1.0,True,10,0,0,462.9801826477051,655.8776626586914,33.449195861816406,462.9801826477051,completed
-67.919471,10,63.147882,1.0,True,10,0,0,650.5064163208008,910.8539352416992,38.28381462097168,650.5064163208008,completed
843.843159,10,63.154996,1.0,True,10,0,0,453.5768013000488,558.5748424530029,19.228921699523926,453.5768013000488,completed
518.515269,10,63.162026,1.0,True,10,0,0,496.1857032775879,671.2629985809326,29.26920051574707,496.1857032775879,completed
-512.031423,10,63.169067,1.0,True,10,0,0,755.708330154419,1062.63228225708,47.73554573059082,755.708330154419,completed
691.043097,10,63.176263,1.0,True,10,0,0,429.87406730651855,657.8729591369629,23.368610382080078,429.87406730651855,completed
557.869376,10,63.183377,1.0,True,10,0,0,556.7533836364746,556.7533836364746,26.782493591308594,556.7533836364746,completed
868.582635,10,63.190512,1.0,True,10,0,0,391.66178131103516,584.5735244750977,20.919470977783202,391.66178131103516,completed
375.60253,10,63.197629,1.0,True,10,0,0,517.2574081420898,688.4528102874756,31.087246704101563,517.2574081420898,completed
-15.210347,10,63.204665,1.0,True,10,0,0,653.2384376525879,825.4292640686035,37.764754676818846,653.2384376525879,completed
225.498243,10,63.211755,1.0,True,10,0,0,600.2104377746582,749.0188102722168,34.02274017333984,600.2104377746582,completed
627.465067,10,63.218945,1.0,True,10,0,0,575.821252822876,727.8420314788818,18.32079734802246,575.821252822876,completed
378.440425,10,63.226026,1.0,True,10,0,0,584.5622615814209,676.5253429412842,32.08221702575683,584.5622615814209,completed
725.650517,10,63.233058,1.0,True,10,0,0,561.1508784294128,687.096926689148,16.092616844177247,561.1508784294128,completed
333.32516,10,63.240161,1.0,True,10,0,0,544.5940914154053,749.9046955108643,30.25116100311279,544.5940914154053,completed
1042.25299,10,63.247763,1.0,True,10,0,0,388.5344638824463,562.370491027832,12.300939559936523,388.5344638824463,completed
1300.140913,10,63.254758,1.0,True,10,0,0,396.7683095932007,498.5107469558716,3.92181396484375,396.7683095932007,completed
39.370007,10,63.261921,1.0,True,10,0,0,659.4014053344727,926.0263328552246,30.568009185791016,659.4014053344727,completed
974.686268,10,63.268943,1.0,True,10,0,0,411.68866539001465,578.773494720459,16.582484436035156,411.68866539001465,completed
852.20432,10,63.276104,1.0,True,10,0,0,408.7665538787842,572.2292537689209,19.404178428649903,408.7665538787842,completed
-138.875138,10,63.283127,1.0,True,10,0,0,550.1810774803162,853.1028389930725,49.26766843795777,550.1810774803162,completed
389.170828,10,63.290217,1.0,True,10,0,0,412.82108211517334,702.2051639556885,32.78554210662842,412.82108211517334,completed
992.392584,10,63.297286,1.0,True,10,0,0,426.60413360595703,511.8933525085449,15.178112411499024,426.60413360595703,completed
663.577636,10,63.304386,1.0,True,10,0,0,451.1188383102417,703.4162006378174,21.599662017822265,451.1188383102417,completed
613.076405,10,63.311504,1.0,True,10,0,0,541.6175117492676,667.4800224304199,20.88625316619873,541.6175117492676,completed
224.642169,10,63.318608,1.0,True,10,0,0,560.6352648735046,702.5385503768921,39.05921335220337,560.6352648735046,completed
929.645296,10,63.325718,1.0,True,10,0,0,396.16391372680664,526.3581008911133,19.68312225341797,396.16391372680664,completed
275.966982,10,63.332745,1.0,True,10,0,0,597.0995573997498,805.3830709457397,30.992595291137697,597.0995573997498,completed
277.419442,10,63.339798,1.0,True,10,0,0,647.358211517334,713.646671295166,33.20771465301514,647.358211517334,completed
582.362502,10,63.346904,1.0,True,10,0,0,556.6360878944397,775.6232309341431,19.773514556884766,556.6360878944397,completed
936.680423,10,63.354026,1.0,True,10,0,0,495.8297176361084,674.5785484313965,10.6892671585083,495.8297176361084,completed
-253.989456,10,63.361062,1.0,True,10,0,0,588.7218055725098,831.8765697479248,51.284607315063475,588.7218055725098,completed
179.094913,10,63.368199,1.0,True,10,0,0,545.3515243530273,667.7355461120605,42.45925359725952,545.3515243530273,completed
805.59141,10,63.375227,1.0,True,10,0,0,439.6091231107712,474.9860837459564,23.65792121887207,439.6091231107712,completed
1473.576263,10,63.382279,1.0,True,10,0,0,259.9701042175293,301.92013931274414,8.916476058959962,259.9701042175293,completed
157.955091,10,63.389431,1.0,True,10,0,0,635.8925514221191,838.2003593444824,32.67444915771485,635.8925514221191,completed
422.079416,10,63.396488,1.0,True,10,0,0,554.4247875213623,789.518684387207,23.339757919311523,554.4247875213623,completed
-428.810941,10,63.403557,1.0,True,10,0,0,723.5414609909058,874.8217067718506,54.869109344482425,723.5414609909058,completed
719.605193,10,63.410702,1.0,True,10,0,0,509.7689094543457,617.575309753418,19.260031032562257,509.7689094543457,completed
980.605412,10,63.417663,1.0,True,10,0,0,479.5732135772705,567.8172950744629,12.352581787109376,479.5732135772705,completed
972.886405,10,63.424778,1.0,True,10,0,0,391.5635414123535,517.9862022399902,19.36953239440918,391.5635414123535,completed
1129.748842,10,63.43185,1.0,True,10,0,0,469.57700538635254,579.7827453613281,8.287196731567382,469.57700538635254,completed
697.759588,10,63.438937,1.0,True,10,0,0,518.0385761260986,604.6350650787354,23.31593475341797,518.0385761260986,completed
717.643518,10,63.445969,1.0,True,10,0,0,485.5302963256836,740.730899810791,17.06171569824219,485.5302963256836,completed
667.23458,10,63.453086,1.0,True,10,0,0,476.9492378234863,538.9578342437744,27.1871129989624,476.9492378234863,completed
853.086907,10,63.460196,1.0,True,10,0,0,375.73952078819275,540.8007235527039,23.32942924499512,375.73952078819275,completed
342.296382,10,63.467197,1.0,True,10,0,0,422.06687784194946,655.8323945999146,39.902392864227295,422.06687784194946,completed
128.604686,10,63.474268,1.0,True,10,0,0,744.7081909179688,753.6973915100098,35.52516345977783,744.7081909179688,completed
440.178327,10,63.481324,1.0,True,10,0,0,462.34940338134766,706.3438568115234,29.771689414978027,462.34940338134766,completed
460.183253,10,63.488491,1.0,True,10,0,0,542.6729803085327,746.8894672393799,25.38172721862793,542.6729803085327,completed
509.175458,10,63.495594,1.0,True,10,0,0,465.1891746520996,643.9279251098633,29.669515991210936,465.1891746520996,completed
575.907144,10,63.50273,1.0,True,10,0,0,533.9369716644287,721.2332000732422,25.01870765686035,533.9369716644287,completed
1087.173512,10,63.509807,1.0,True,10,0,0,371.3428659439087,500.1758098602295,13.991368865966797,371.3428659439087,completed
661.164252,10,63.51693,1.0,True,10,0,0,497.622896194458,671.1219177246094,22.101395034790038,497.622896194458,completed
1085.110296,10,63.524007,1.0,True,10,0,0,402.56224060058594,529.567756652832,14.041391372680664,402.56224060058594,completed
333.505245,10,63.531122,1.0,True,10,0,0,604.8873405456543,784.5833930969238,29.026030921936034,604.8873405456543,completed
351.687988,10,63.538161,1.0,True,10,0,0,614.0404024124146,715.1417636871338,27.91159152984619,614.0404024124146,completed
1106.550836,10,63.545225,1.0,True,10,0,0,384.8740110397339,489.74283027648926,13.190382194519042,384.8740110397339,completed
547.211117,10,63.552255,1.0,True,10,0,0,565.1912326812744,689.9403476715088,22.236988067626953,565.1912326812744,completed
1141.663773,10,63.559359,1.0,True,10,0,0,396.9475860595703,481.968505859375,12.750115966796875,396.9475860595703,completed
192.930071,10,63.56637,1.0,True,10,0,0,465.8188943862915,721.8213291168213,41.17875652313232,465.8188943862915,completed
1062.13134,10,63.573469,1.0,True,10,0,0,376.85555839538574,472.2597427368164,17.863480377197266,376.85555839538574,completed
556.788236,10,63.580495,1.0,True,10,0,0,565.225688457489,734.4521780014038,21.80894775390625,565.225688457489,completed
493.41223,10,63.587617,1.0,True,10,0,0,554.5544471740723,695.6854209899902,27.430056953430174,554.5544471740723,completed
237.566441,10,63.594696,1.0,True,10,0,0,609.3388633728027,787.4985198974609,33.52909345626831,609.3388633728027,completed
1005.402543,10,63.601802,1.0,True,10,0,0,420.44844484329224,575.1914472579956,13.730889892578125,420.44844484329224,completed
410.277102,10,63.608848,1.0,True,10,0,0,527.5706949234009,758.482500076294,30.192486572265626,527.5706949234009,completed
560.608161,10,63.615879,1.0,True,10,0,0,484.90715503692627,644.7359828948975,27.711898231506346,484.90715503692627,completed
337.666768,10,63.623006,1.0,True,10,0,0,580.174078464508,861.6466608047485,25.32087287902832,580.174078464508,completed
121.934359,10,63.63001,1.0,True,10,0,0,734.496584892273,1035.382040977478,21.922372245788573,734.496584892273,completed
34.55832,10,63.637161,1.0,True,10,0,0,473.5257089138031,722.3341479301453,48.83793458938599,473.5257089138031,completed
973.637414,10,63.644183,1.0,True,10,0,0,490.113805770874,509.87143325805664,16.821786308288573,490.113805770874,completed
1386.969082,10,63.651191,1.0,True,10,0,0,316.7845516204834,373.48243141174316,7.6064756393432615,316.7845516204834,completed
385.309277,10,63.658235,1.0,True,10,0,0,586.4302015304565,884.8136615753174,21.47687873840332,586.4302015304565,completed
977.686946,10,63.66535,1.0,True,10,0,0,374.12626338005066,482.7072024345398,20.342968654632568,374.12626338005066,completed
-323.708542,10,63.672447,1.0,True,10,0,0,680.7612037658691,932.1503868103027,48.99431972503662,680.7612037658691,completed
733.536801,10,63.679515,1.0,True,10,0,0,425.5620355606079,542.4079627990723,27.723860931396484,425.5620355606079,completed
507.155503,10,63.686545,1.0,True,10,0,0,502.5082759857178,626.2797241210938,28.371591758728027,502.5082759857178,completed
776.068028,10,63.693622,1.0,True,10,0,0,406.821928024292,606.2109079360962,23.900340843200684,406.821928024292,completed
323.378024,10,63.700699,1.0,True,10,0,0,585.3113784790039,707.0473365783691,31.88415393829346,585.3113784790039,completed
679.039971,10,63.707726,1.0,True,10,0,0,551.1348762512207,687.2832221984863,19.963377952575684,551.1348762512207,completed
175.787548,10,63.714769,1.0,True,10,0,0,647.3468265533447,768.8965644836426,34.000906753540036,647.3468265533447,completed
520.28111,10,63.721841,1.0,True,10,0,0,514.2391719818115,652.4651184082031,29.673187828063966,514.2391719818115,completed
759.921493,10,63.728845,1.0,True,10,0,0,516.7846012115479,554.6836700439453,21.742785453796387,516.7846012115479,completed
-113.545549,10,63.735929,1.0,True,10,0,0,624.0711669921875,864.7390785217285,42.644493103027344,624.0711669921875,completed
966.979154,10,63.743038,1.0,True,10,0,0,347.92205715179443,472.15661430358887,22.244766807556154,347.92205715179443,completed
312.88911,10,63.750025,1.0,True,10,0,0,531.9782295227051,814.9466896057129,30.57412967681885,531.9782295227051,completed
701.749164,10,63.757106,1.0,True,10,0,0,487.8572406768799,713.9340801239014,18.010450172424317,487.8572406768799,completed
1109.29497,10,63.764141,1.0,True,10,0,0,412.2779960632324,498.0245018005371,10.525564002990723,412.2779960632324,completed
176.568108,10,63.771158,1.0,True,10,0,0,590.1704692840576,919.5306587219238,28.642294311523436,590.1704692840576,completed
-443.721557,10,63.778223,1.0,True,10,0,0,640.4040927886963,951.5724754333496,55.13746891021729,640.4040927886963,completed
102.419148,10,63.785308,1.0,True,10,0,0,557.0134267807007,765.0392293930054,43.091482162475586,557.0134267807007,completed
539.863855,10,63.79233,1.0,True,10,0,0,533.5323181152344,730.7817459106445,21.30784168243408,533.5323181152344,completed
820.137709,10,63.79944,1.0,True,10,0,0,473.82952880859375,651.0511283874512,15.970416641235351,473.82952880859375,completed
562.351671,10,63.806514,1.0,True,10,0,0,529.0294532775879,742.6157531738281,20.9176664352417,529.0294532775879,completed
-81.380233,10,63.813641,1.0,True,10,0,0,791.5827980041504,807.7089748382568,40.39753410816193,791.5827980041504,completed
429.354996,10,63.820709,1.0,True,10,0,0,483.7742691040039,797.8413619995117,24.63774719238281,483.7742691040039,completed
-644.649259,10,63.827691,1.0,True,10,0,0,764.8603553771973,1047.6663818359375,53.66500129699707,764.8603553771973,completed
118.661211,10,64.98181,1.0,True,10,0,0,731.6025466918945,823.5656280517578,30.072753524780275,731.6025466918945,completed
785.169745,10,64.989982,1.0,True,10,0,0,491.9254961013794,587.5588121414185,19.418013191223146,491.9254961013794,completed
538.679982,10,64.997546,1.0,True,10,0,0,542.179256439209,610.817699432373,28.955649757385252,542.179256439209,completed
1018.293881,10,65.005081,1.0,True,10,0,0,440.27728843688965,538.5797786712646,13.255099487304687,440.27728843688965,completed
1326.475924,10,65.01268,1.0,True,10,0,0,335.15120792388916,395.166353225708,11.387518119812011,335.15120792388916,completed
480.132735,10,65.02014,1.0,True,10,0,0,692.671989440918,692.671989440918,22.86624412536621,692.671989440918,completed
259.601592,10,65.027445,1.0,True,10,0,0,650.9382667541504,791.9007720947266,28.437229919433594,650.9382667541504,completed
768.10273,10,65.035488,1.0,True,10,0,0,576.1857089996338,616.7546710968018,17.387785339355467,576.1857089996338,completed
109.460098,10,65.043072,1.0,True,10,0,0,686.2395038604736,916.7927589416504,28.016208267211915,686.2395038604736,completed
1100.508402,10,65.050414,1.0,True,10,0,0,430.4735345840454,449.81029987335205,13.070807361602784,430.4735345840454,completed
494.384186,10,65.058207,1.0,True,10,0,0,500.57936096191406,727.8485260009766,27.231740951538086,500.57936096191406,completed
643.60039,10,65.065601,1.0,True,10,0,0,477.3360605239868,634.2769546508789,24.364666175842284,477.3360605239868,completed
213.542815,10,65.072996,1.0,True,10,0,0,643.6457099914551,754.0310897827148,33.041777992248534,643.6457099914551,completed
763.004992,10,65.080342,1.0,True,10,0,0,535.4058666229248,535.4058666229248,22.09025173187256,535.4058666229248,completed
-1.150748,10,65.08787,1.0,True,10,0,0,716.267463684082,927.3197898864746,33.316925048828125,716.267463684082,completed
1006.62898,10,65.095471,1.0,True,10,0,0,362.77690982818604,546.2106857299805,15.743655967712403,362.77690982818604,completed
-542.980095,10,65.103183,1.0,True,10,0,0,787.2444801330566,996.9501457214355,50.69941234588623,787.2444801330566,completed
1021.84104,10,65.110776,1.0,True,10,0,0,497.0941572189331,600.3000154495239,9.228622436523438,497.0941572189331,completed
659.828151,10,65.11822,1.0,True,10,0,0,375.39816665649414,579.58860206604,29.61927433013916,375.39816665649414,completed
541.94222,10,65.125918,1.0,True,10,0,0,521.006383895874,661.4016075134277,25.3956090927124,521.006383895874,completed
328.195521,10,65.133501,1.0,True,10,0,0,451.22465896606445,708.3494262695312,35.59426574707031,451.22465896606445,completed
397.98643,10,65.141042,1.0,True,10,0,0,501.1531722545624,733.2909216880798,29.235082626342773,501.1531722545624,completed
656.022921,10,65.148594,1.0,True,10,0,0,499.7353706359863,783.4291458129883,14.868189811706543,499.7353706359863,completed
24.465488,10,65.156312,1.0,True,10,0,0,584.7804594039917,780.8667821884155,42.7856388092041,584.7804594039917,completed
24.507065,10,65.163613,1.0,True,10,0,0,471.2260684967041,763.2260131835938,45.91043395996094,471.2260684967041,completed
748.816372,10,65.170994,1.0,True,10,0,0,494.8866386413574,688.1475524902344,16.864466857910156,494.8866386413574,completed
682.70209,10,65.178362,1.0,True,10,0,0,495.71935653686523,591.1892776489258,25.477904510498046,495.71935653686523,completed
406.652124,10,65.185746,1.0,True,10,0,0,507.1590633392334,573.7251815795898,34.89773693084717,507.1590633392334,completed
1320.69785,10,65.193093,1.0,True,10,0,0,304.73077487945557,424.10200691223145,8.497573852539062,304.73077487945557,completed
496.152733,10,65.200517,1.0,True,10,0,0,436.36724495887756,649.0288643836975,32.15475845336914,436.36724495887756,completed
535.37938,10,65.207885,1.0,True,10,0,0,533.3654136657715,628.2658424377441,27.175447273254395,533.3654136657715,completed
1187.89153,10,65.215147,1.0,True,10,0,0,448.0420083999634,528.3082656860352,7.607208633422852,448.0420083999634,completed
531.104966,10,65.222532,1.0,True,10,0,0,523.5827560424805,701.8334922790527,24.88642692565918,523.5827560424805,completed
452.922165,10,65.230035,1.0,True,10,0,0,519.2574491500854,676.8328275680542,30.30036277770996,519.2574491500854,completed
582.485216,10,65.237379,1.0,True,10,0,0,519.1599116325378,716.4760847091675,24.144757175445555,519.1599116325378,completed
-493.213042,10,65.244692,1.0,True,10,0,0,696.5631523132324,966.1549415588379,55.12523574829102,696.5631523132324,completed
828.601773,10,65.25198,1.0,True,10,0,0,387.3323440551758,592.3521938323975,21.370570373535156,387.3323440551758,completed
572.560739,10,65.259224,1.0,True,10,0,0,600.6122589111328,698.0595283508301,20.71032123565674,600.6122589111328,completed
691.289736,10,65.26655,1.0,True,10,0,0,499.8677463531494,524.7720794677734,26.07701644897461,499.8677463531494,completed
796.251204,10,65.273751,1.0,True,10,0,0,548.6919040679932,622.3440036773682,17.74776248931885,548.6919040679932,completed
644.251907,10,65.281049,1.0,True,10,0,0,387.59103751182556,607.8760142326355,28.476492738723756,387.59103751182556,completed
52.748591,10,65.288322,1.0,True,10,0,0,688.1466217041016,848.9206161499023,33.27753791809082,688.1466217041016,completed
799.422103,10,65.295615,1.0,True,10,0,0,487.8116555213928,679.1873531341553,16.289240741729735,487.8116555213928,completed
851.952368,10,65.302989,1.0,True,10,0,0,377.2358388900757,482.49016666412354,24.04834728240967,377.2358388900757,completed
1253.296301,10,65.310385,1.0,True,10,0,0,376.6450614929199,451.1759033203125,8.221158409118653,376.6450614929199,completed
875.821225,10,65.317738,1.0,True,10,0,0,454.7801790237427,498.2739658355713,20.910465240478516,454.7801790237427,completed
652.363763,10,65.325062,1.0,True,10,0,0,601.957893371582,715.5188636779785,16.96953754425049,601.957893371582,completed
53.354875,10,65.332491,1.0,True,10,0,0,543.7733955383301,788.4433288574219,40.90467128753662,543.7733955383301,completed
602.583924,10,65.339884,1.0,True,10,0,0,603.0593566894531,717.7217903137207,20.554324626922607,603.0593566894531,completed
349.510142,10,65.347318,1.0,True,10,0,0,530.8959766626358,718.0676491260529,30.35389289855957,530.8959766626358,completed
677.142746,10,65.354747,1.0,True,10,0,0,474.16673469543457,605.9191837310791,24.34230556488037,474.16673469543457,completed
1098.293369,10,65.362346,1.0,True,10,0,0,460.6343584060669,528.3840427398682,11.705178451538085,460.6343584060669,completed
824.189386,10,65.369731,1.0,True,10,0,0,471.3992123603821,632.86590051651,16.840929794311524,471.3992123603821,completed
490.956066,10,65.377029,1.0,True,10,0,0,610.6645450592041,677.0159568786621,25.64638271331787,610.6645450592041,completed
344.860014,10,65.384447,1.0,True,10,0,0,638.215500831604,651.1562557220459,32.29694023132324,638.215500831604,completed
952.631105,10,65.391769,1.0,True,10,0,0,401.455135345459,505.4568290710449,19.524665069580077,401.455135345459,completed
503.01434,10,65.399032,1.0,True,10,0,0,508.4801200926304,742.8111465573311,23.240266340970994,508.4801200926304,completed
770.051643,10,65.406636,1.0,True,10,0,0,485.1345272064209,586.1036643981934,21.70768051147461,485.1345272064209,completed
7.482963,10,65.41383,1.0,True,10,0,0,584.4021816253662,773.4691028594971,41.552985763549806,584.4021816253662,completed
830.591275,10,65.421105,1.0,True,10,0,0,450.03737354278564,661.4826221466064,16.837770843505858,450.03737354278564,completed
451.02634,10,65.428361,1.0,True,10,0,0,588.3915252685547,882.9441223144531,18.23501052856445,588.3915252685547,completed
562.97159,10,65.435661,1.0,True,10,0,0,487.87523460388184,752.4184837341309,22.832146835327148,487.87523460388184,completed
-178.636281,10,65.443022,1.0,True,10,0,0,662.2292613983154,805.2938346862793,48.023775291442874,662.2292613983154,completed
429.453014,10,65.450335,1.0,True,10,0,0,507.31148409843445,681.0698599815369,30.34916248321533,507.31148409843445,completed
800.204062,10,65.457752,1.0,True,10,0,0,412.0944404602051,574.9432563781738,20.505084609985353,412.0944404602051,completed
227.058805,10,65.465207,1.0,True,10,0,0,465.1428756713867,874.0218086242676,31.121574020385744,465.1428756713867,completed
-293.872186,10,65.472537,1.0,True,10,0,0,693.2991123199463,908.2001285552979,48.44362888336182,693.2991123199463,completed
-269.201546,10,65.479885,1.0,True,10,0,0,617.2411479949951,925.1823177337646,47.307815361022946,617.2411479949951,completed
950.728913,10,65.487267,1.0,True,10,0,0,415.4121780395508,621.4353866577148,14.072242736816406,415.4121780395508,completed
1025.615537,10,65.498971,1.0,True,10,0,0,427.81426334381104,567.09059715271,14.194812393188476,427.81426334381104,completed
1377.540343,10,65.506759,1.0,True,10,0,0,396.7377700805664,507.3161926269531,2.068459129333496,396.7377700805664,completed
544.698665,10,65.514266,1.0,True,10,0,0,524.4101696014404,703.6618194580078,22.83136157989502,524.4101696014404,completed
121.40774,10,65.522392,1.0,True,10,0,0,642.3315715789795,842.7016792297363,32.81107349395752,642.3315715789795,completed
433.803426,10,65.529767,1.0,True,10,0,0,435.26913833618164,573.7816476821899,38.19376392364502,435.26913833618164,completed
489.473043,10,65.536993,1.0,True,10,0,0,579.5219020843506,735.6669578552246,22.179008102416994,579.5219020843506,completed
-128.038421,10,65.544345,1.0,True,10,0,0,623.7873306274414,850.8276481628418,46.642780494689944,623.7873306274414,completed
615.582475,10,65.551478,1.0,True,10,0,0,467.9488172531128,610.023946762085,24.881094646453857,467.9488172531128,completed
808.44217,10,65.558839,1.0,True,10,0,0,466.8299808502197,574.1523971557617,20.994610214233397,466.8299808502197,completed
865.792053,10,65.56607,1.0,True,10,0,0,455.21814346313477,647.2906875610352,14.45286521911621,455.21814346313477,completed
1215.996629,10,65.573465,1.0,True,10,0,0,386.3204035758972,445.60129594802856,8.852485179901123,386.3204035758972,completed
971.826667,10,65.580831,1.0,True,10,0,0,465.5372290611267,485.9387044906616,17.715921020507814,465.5372290611267,completed
70.06727,10,65.588158,1.0,True,10,0,0,642.8990116119385,883.5044803619385,33.116919708251956,642.8990116119385,completed
1124.878166,10,65.595489,1.0,True,10,0,0,407.5455951690674,500.9465274810791,12.227664852142334,407.5455951690674,completed
1240.802708,10,65.602743,1.0,True,10,0,0,343.94713306427,455.5064067840576,12.088598251342773,343.94713306427,completed
1038.635448,10,65.610162,1.0,True,10,0,0,427.3185176849365,530.950517654419,15.546393585205077,427.3185176849365,completed
626.928712,10,65.617421,1.0,True,10,0,0,564.3834400177002,564.3834400177002,27.680972003936766,564.3834400177002,completed
789.407129,10,65.624765,1.0,True,10,0,0,510.0201358795166,591.5446281433105,17.194084930419923,510.0201358795166,completed
562.139581,10,65.632012,1.0,True,10,0,0,485.64626693725586,608.4247093200684,29.610273933410646,485.64626693725586,completed
115.606781,10,65.639311,1.0,True,10,0,0,607.272045135498,732.5711517333984,38.960086250305174,607.272045135498,completed
784.06897,10,65.646658,1.0,True,10,0,0,417.5573101043701,673.4513168334961,16.980009746551513,417.5573101043701,completed
223.54066,10,65.654096,1.0,True,10,0,0,523.2877979278564,743.0633068084717,38.00585117340088,523.2877979278564,completed
366.720567,10,65.661597,1.0,True,10,0,0,411.27667450904846,655.2472882270813,40.28707056045532,411.27667450904846,completed
1197.958996,10,65.668957,1.0,True,10,0,0,370.5799927711487,521.4197225570679,8.55656566619873,370.5799927711487,completed
396.751081,10,65.676746,1.0,True,10,0,0,551.3911380767822,752.1229190826416,28.003951263427734,551.3911380767822,completed
1462.806832,10,65.683984,1.0,True,10,0,0,383.36703658103943,392.1104941368103,2.042570114135742,383.36703658103943,completed
568.820529,10,65.691435,1.0,True,10,0,0,535.1022748947144,691.1145467758179,23.244605255126952,535.1022748947144,completed
-115.088939,10,65.698836,1.0,True,10,0,0,694.6538124084473,866.7548313140869,42.99331684112549,694.6538124084473,completed
718.353799,10,65.706127,1.0,True,10,0,0,477.3414011001587,619.2820262908936,21.451556587219237,477.3414011001587,completed
1000.667603,10,65.713437,1.0,True,10,0,0,376.72661781311035,540.9704399108887,15.911447143554687,376.72661781311035,completed
641.384238,10,65.72078,1.0,True,10,0,0,479.8683547973633,599.0367279052734,26.33771743774414,479.8683547973633,completed
-281.104855,10,65.728137,1.0,True,10,0,0,709.0354385375977,890.0650939941406,45.83059940338135,709.0354385375977,completed
1181.379267,10,65.735468,1.0,True,10,0,0,495.34006690979004,534.7907238006592,6.157344818115234,495.34006690979004,completed
1260.922556,10,65.742678,1.0,True,10,0,0,418.6426429748535,535.693811416626,3.1814332962036134,418.6426429748535,completed
530.978676,10,65.750079,1.0,True,10,0,0,494.8551998138428,725.6350326538086,24.4454833984375,494.8551998138428,completed
738.894159,10,65.757509,1.0,True,10,0,0,431.84160137176514,551.5147075653076,26.766735076904297,431.84160137176514,completed
-243.46501,10,65.764859,1.0,True,10,0,0,612.5500240325928,844.6119842529297,51.84309062957764,612.5500240325928,completed
796.505405,10,65.7723,1.0,True,10,0,0,490.3397579193115,711.5297966003418,14.580398178100586,490.3397579193115,completed
917.935517,10,65.779597,1.0,True,10,0,0,454.306458234787,568.7036080360413,16.195331954956053,454.306458234787,completed
-91.891887,10,65.787066,1.0,True,10,0,0,429.26406478881836,802.2641868591309,50.84214210510254,429.26406478881836,completed
89.809735,10,65.794345,1.0,True,10,0,0,532.3328742980957,769.5946445465088,41.71182155609131,532.3328742980957,completed
-60.031011,10,65.801715,1.0,True,10,0,0,529.0854187011719,940.0929069519043,41.17387809753418,529.0854187011719,completed
818.173313,10,65.809011,1.0,True,10,0,0,569.2433681488037,704.893684387207,12.744880676269531,569.2433681488037,completed
303.886654,10,65.816326,1.0,True,10,0,0,710.9884243011475,833.651689529419,24.625171661376953,710.9884243011475,completed
240.688898,10,65.823687,1.0,True,10,0,0,474.46991634368896,751.5574007034302,36.89580059051514,474.46991634368896,completed
376.339809,10,65.830874,1.0,True,10,0,0,585.7531719207764,708.276424407959,31.65521106719971,585.7531719207764,completed
569.961168,10,65.838204,1.0,True,10,0,0,490.6266040802002,604.6960525512695,29.27486057281494,490.6266040802002,completed
694.045168,10,65.845527,1.0,True,10,0,0,410.00993061065674,636.944616317749,22.465489768981932,410.00993061065674,completed
463.357721,10,65.852895,1.0,True,10,0,0,567.1101779937744,736.4632873535156,25.06332778930664,567.1101779937744,completed
889.736773,10,65.860174,1.0,True,10,0,0,396.407060444355,607.0461269617081,17.233412551879884,396.407060444355,completed
643.02206,10,65.867454,1.0,True,10,0,0,438.48361110687256,537.5002994537354,28.381872177124023,438.48361110687256,completed
1116.506613,10,65.874798,1.0,True,10,0,0,434.1891679763794,621.0613708496094,6.490618896484375,434.1891679763794,completed
926.158344,10,65.882135,1.0,True,10,0,0,517.2973480224609,517.2973480224609,16.721808242797852,517.2973480224609,completed
643.720702,10,65.889443,1.0,True,10,0,0,558.4674549102783,725.9924240112305,19.380357933044433,558.4674549102783,completed
-509.567652,10,65.89674,1.0,True,10,0,0,747.0138931274414,1022.6659622192383,48.821337890625,747.0138931274414,completed
-186.496464,10,65.904048,1.0,True,10,0,0,619.0881309509277,802.4931602478027,49.86505546569824,619.0881309509277,completed
667.107127,10,65.911365,1.0,True,10,0,0,423.32744216918945,718.1180572509766,21.448327255249023,423.32744216918945,completed
321.66252,10,65.918604,1.0,True,10,0,0,713.7755680084229,713.7755680084229,27.74595069885254,713.7755680084229,completed
759.776094,10,65.926545,1.0,True,10,0,0,410.7371892929077,542.1248683929443,24.372211837768553,410.7371892929077,completed
-119.13295,10,65.934403,1.0,True,10,0,0,738.6913805007935,910.1564235687256,38.23730278015137,738.6913805007935,completed
734.800752,10,65.941882,1.0,True,10,0,0,520.5456638336182,692.4274139404297,17.810084724426268,520.5456638336182,completed
341.997249,10,65.949468,1.0,True,10,0,0,584.3600769042969,852.6147613525391,24.225523376464842,584.3600769042969,completed
715.805477,10,65.95689,1.0,True,10,0,0,476.90460777282715,606.9759578704834,21.018910217285157,476.90460777282715,completed
607.016237,10,65.964191,1.0,True,10,0,0,535.4207134246826,621.738094329834,25.14097156524658,535.4207134246826,completed
408.526484,10,65.971523,1.0,True,10,0,0,523.6981463432312,636.1531782150269,33.37430658340454,523.6981463432312,completed
100.833001,10,65.978852,1.0,True,10,0,0,649.8101682662964,934.7266063690186,29.804081535339357,649.8101682662964,completed
467.69364,10,65.98613,1.0,True,10,0,0,545.1061315536499,675.3014373779297,27.620555019378664,545.1061315536499,completed
388.412971,10,65.993489,1.0,True,10,0,0,557.4543552398682,810.5094928741455,26.277698707580566,557.4543552398682,completed
908.547185,10,66.00149,1.0,True,10,0,0,439.696964263916,546.4492874145508,17.077021026611327,439.696964263916,completed
638.982456,10,66.008825,1.0,True,10,0,0,478.28124046325684,620.314905166626,26.58512020111084,478.28124046325684,completed
1150.163292,10,66.016209,1.0,True,10,0,0,432.2331075668335,481.1309108734131,11.312642097473145,432.2331075668335,completed
258.937562,10,66.023498,1.0,True,10,0,0,452.2951560020447,708.8045225143433,42.75001850128174,452.2951560020447,completed
154.325212,10,66.03075,1.0,True,10,0,0,587.0607166290283,814.9716186523438,35.59847888946533,587.0607166290283,completed
548.993101,10,66.038082,1.0,True,10,0,0,506.75500106811523,656.0391159057617,25.76554355621338,506.75500106811523,completed
278.530359,10,66.04543,1.0,True,10,0,0,612.3092727661133,815.8921241760254,27.330137062072755,612.3092727661133,completed
447.635783,10,66.052783,1.0,True,10,0,0,468.8108158111572,712.8770141601562,27.595650577545165,468.8108158111572,completed
322.225756,10,66.059919,1.0,True,10,0,0,658.397029876709,864.9626083374023,22.3138578414917,658.397029876709,completed
447.094625,10,66.067217,1.0,True,10,0,0,370.4683837890625,561.1291580200195,38.91911354064941,370.4683837890625,completed
708.753897,10,66.074542,1.0,True,10,0,0,518.4082412719727,783.4571228027344,14.169916152954102,518.4082412719727,completed
622.314077,10,66.081884,1.0,True,10,0,0,442.79823637008667,601.9386434555054,29.493723678588868,442.79823637008667,completed
133.534541,10,66.089198,1.0,True,10,0,0,539.2487554550171,830.2353801727295,35.98286437988281,539.2487554550171,completed
1331.645599,10,66.096483,1.0,True,10,0,0,391.16659784317017,410.3558073043823,8.613152694702148,391.16659784317017,completed
871.338303,10,66.103842,1.0,True,10,0,0,454.5649166107178,625.1012992858887,16.66556587219238,454.5649166107178,completed
1094.658497,10,66.111152,1.0,True,10,0,0,481.33907318115234,481.33907318115234,11.353253936767578,481.33907318115234,completed
-138.789126,10,66.118415,1.0,True,10,0,0,470.25355052948,888.0643482208252,48.48831062316894,470.25355052948,completed
106.919735,10,66.125644,1.0,True,10,0,0,559.7473754882812,814.0535507202148,37.588646697998044,559.7473754882812,completed
1373.960707,10,66.132839,1.0,True,10,0,0,367.5371923446655,478.3318691253662,3.4675960540771484,367.5371923446655,completed
964.272998,10,66.139999,1.0,True,10,0,0,480.3762984275818,700.4898023605347,8.348122024536133,480.3762984275818,completed
1257.21225,10,66.147379,1.0,True,10,0,0,318.55044746398926,472.3115882873535,9.85573673248291,318.55044746398926,completed
801.274855,10,66.155067,1.0,True,10,0,0,407.97150230407715,528.9562759399414,24.354516983032227,407.97150230407715,completed
745.84866,10,66.162432,1.0,True,10,0,0,498.4261283874512,693.4091339111328,19.117280769348145,498.4261283874512,completed
218.091063,10,66.169612,1.0,True,10,0,0,492.33689308166504,699.6393718719482,41.595174598693845,492.33689308166504,completed
1082.630384,10,66.176843,1.0,True,10,0,0,447.70285987854004,561.1074256896973,8.576486587524414,447.70285987854004,completed
926.436613,10,66.184134,1.0,True,10,0,0,526.4652843475342,654.8683204650879,8.866453170776367,526.4652843475342,completed
468.37278,10,66.191696,1.0,True,10,0,0,525.1013717651367,700.3007698059082,28.06177749633789,525.1013717651367,completed
964.046766,10,66.19902,1.0,True,10,0,0,447.60564041137695,543.2764320373535,16.73928871154785,447.60564041137695,completed
509.971268,10,66.206237,1.0,True,10,0,0,586.8952703475952,775.7218570709229,19.97987632751465,586.8952703475952,completed
164.825338,10,66.213433,1.0,True,10,0,0,599.8328094482422,669.030933380127,38.96704750061035,599.8328094482422,completed
861.469446,10,66.220752,1.0,True,10,0,0,473.9708557128906,644.9313802719116,14.236176109313964,473.9708557128906,completed
1234.12461,10,66.228081,1.0,True,10,0,0,361.35407876968384,480.7880458831787,10.509804630279541,361.35407876968384,completed
743.649672,10,66.235332,1.0,True,10,0,0,408.08527278900146,635.5943517684937,22.61726884841919,408.08527278900146,completed
928.738177,10,66.242656,1.0,True,10,0,0,457.63197326660156,592.2820587158203,14.25861873626709,457.63197326660156,completed
333.872039,10,66.249971,1.0,True,10,0,0,543.838840007782,662.7486486434937,35.04005718231201,543.838840007782,completed
1093.806465,10,66.257229,1.0,True,10,0,0,441.3830842971802,556.8142309188843,9.693401527404784,441.3830842971802,completed
243.920919,10,66.264539,1.0,True,10,0,0,593.164831161499,678.0190486907959,37.21796143054962,593.164831161499,completed
746.072766,10,66.271862,1.0,True,10,0,0,354.4028968811035,532.3655281066895,29.784170722961427,354.4028968811035,completed
285.574115,10,66.279084,1.0,True,10,0,0,568.0075950622559,751.1622772216797,30.61714115142822,568.0075950622559,completed
865.807438,10,66.286286,1.0,True,10,0,0,446.29274559020996,567.0339050292969,16.63398094177246,446.29274559020996,completed
895.2124,10,66.293564,1.0,True,10,0,0,482.73542881011963,545.2590274810791,16.51807060241699,482.73542881011963,completed
347.55884,10,66.300854,1.0,True,10,0,0,474.222047328949,606.4718618392944,38.28944416046143,474.222047328949,completed
872.534691,10,66.308073,1.0,True,10,0,0,527.2610111236572,810.1797885894775,5.49554672241211,527.2610111236572,completed
328.535647,10,66.315461,1.0,True,10,0,0,545.1148433685303,651.0405941009521,35.912539672851565,545.1148433685303,completed
452.482452,10,66.322761,1.0,True,10,0,0,520.0624016523361,671.6101357936859,29.33544788360596,520.0624016523361,completed
326.70737,10,66.329991,1.0,True,10,0,0,589.0738716125488,877.8819847106934,23.458906173706055,589.0738716125488,completed
666.715541,10,66.337166,1.0,True,10,0,0,572.0785045623779,716.4805641174316,17.095436811447144,572.0785045623779,completed
-750.911792,10,66.344447,1.0,True,10,0,0,743.1652717590332,954.1294860839844,66.02350969314575,743.1652717590332,completed
517.827288,10,66.351574,1.0,True,10,0,0,555.1801528930664,730.8027572631836,24.259079360961913,555.1801528930664,completed
1001.688037,10,66.358871,1.0,True,10,0,0,424.7707185745239,531.1759395599365,14.957799911499023,424.7707185745239,completed
588.513904,10,66.366029,1.0,True,10,0,0,589.1301410794258,773.2604919672012,17.371073532104493,589.1301410794258,completed
-222.469127,10,66.373288,1.0,True,10,0,0,718.1613349914551,952.0434494018555,44.21622657775879,718.1613349914551,completed
1002.873357,10,66.380568,1.0,True,10,0,0,312.55012941360474,466.78841495513916,21.806465435028077,312.55012941360474,completed
781.066285,10,66.387818,1.0,True,10,0,0,446.1104745864868,585.3047504425049,22.371610260009767,446.1104745864868,completed
884.866557,10,66.394972,1.0,True,10,0,0,499.72711181640625,653.4506225585938,13.075074577331543,499.72711181640625,completed
642.275656,10,66.402208,1.0,True,10,0,0,478.6704502105713,606.5932521820068,25.91347484588623,478.6704502105713,completed
7.005466,10,66.409295,1.0,True,10,0,0,749.9367275238037,914.8775253295898,31.333361005783082,749.9367275238037,completed
725.675532,10,66.416575,1.0,True,10,0,0,447.9851989746094,705.9064140319824,18.451814651489258,447.9851989746094,completed
1031.702121,10,66.423893,1.0,True,10,0,0,353.2827968597412,444.21113777160645,20.384797477722167,353.2827968597412,completed
552.329702,10,66.431069,1.0,True,10,0,0,383.5606002807617,582.1094741821289,34.61067581176758,383.5606002807617,completed
470.987375,10,66.438225,1.0,True,10,0,0,448.08056259155273,702.0612335205078,31.394846534729005,448.08056259155273,completed
844.851623,10,66.445535,1.0,True,10,0,0,374.7237033843994,592.8807964324951,20.907263946533202,374.7237033843994,completed
578.083044,10,66.452781,1.0,True,10,0,0,506.34134674072266,760.2828521728516,22.340050506591798,506.34134674072266,completed
588.004759,10,66.460094,1.0,True,10,0,0,445.9760208129883,573.0858879089355,28.950757598876955,445.9760208129883,completed
901.042562,10,66.467387,1.0,True,10,0,0,434.63591480255127,652.4879322052002,14.271958160400391,434.63591480255127,completed
495.63095,10,66.474735,1.0,True,10,0,0,452.8802089691162,675.7936668395996,30.213394546508788,452.8802089691162,completed
679.822697,10,66.481984,1.0,True,10,0,0,464.92046451568604,624.7329454421997,23.450939226150513,464.92046451568604,completed
422.90323,10,66.489311,1.0,True,10,0,0,506.54351902008057,634.7716007232666,34.49609489440918,506.54351902008057,completed
346.843599,10,67.705895,1.0,True,10,0,0,506.7311644554138,787.9486603736877,32.368708801269534,506.7311644554138,completed
790.158827,10,67.713682,1.0,True,10,0,0,491.3774585723877,637.8925704956055,17.66664352416992,491.3774585723877,completed
225.536611,10,67.721586,1.0,True,10,0,0,563.8617649078369,735.4032497406006,35.86013774871826,563.8617649078369,completed
292.765391,10,67.729126,1.0,True,10,0,0,541.1767024993896,743.7476902008057,33.970306396484375,541.1767024993896,completed
1108.436064,10,67.736456,1.0,True,10,0,0,433.61361026763916,527.7067556381226,9.545916938781739,433.61361026763916,completed
172.464145,10,67.743976,1.0,True,10,0,0,609.929744720459,804.8159141540527,34.5640251159668,609.929744720459,completed
808.242316,10,67.751905,1.0,True,10,0,0,427.33298683166504,721.4072456359863,15.340496063232422,427.33298683166504,completed
1305.414087,10,67.759446,1.0,True,10,0,0,402.262619972229,510.96888542175293,5.308128356933594,402.262619972229,completed
1072.763781,10,67.766784,1.0,True,10,0,0,501.8984909057617,585.2669410705566,6.11517448425293,501.8984909057617,completed
946.062826,10,67.774141,1.0,True,10,0,0,504.6964912414551,567.872859954834,13.322956657409668,504.6964912414551,completed
522.332666,10,67.781598,1.0,True,10,0,0,483.9172763824463,644.4590702056885,27.17059955596924,483.9172763824463,completed
664.262609,10,67.78931,1.0,True,10,0,0,533.6479644775391,655.6075477600098,22.969015502929686,533.6479644775391,completed
133.356161,10,67.796809,1.0,True,10,0,0,611.2976303100586,851.7768821716309,33.89553451538086,611.2976303100586,completed
128.161238,10,67.804731,1.0,True,10,0,0,603.3707332611084,807.9731121063232,35.552294921875,603.3707332611084,completed
511.12319,10,67.812273,1.0,True,10,0,0,485.6930265426636,613.1940832138062,30.647375106811523,485.6930265426636,completed
837.791691,10,67.819991,1.0,True,10,0,0,400.00091552734375,497.76870346069336,20.733109283447266,400.00091552734375,completed
477.978438,10,67.827848,1.0,True,10,0,0,516.2755432128906,609.7613792419434,31.575935935974123,516.2755432128906,completed
98.432479,10,67.83495,1.0,True,10,0,0,728.9984750747681,781.5140132904053,34.72515106201172,728.9984750747681,completed
589.706206,10,67.842697,1.0,True,10,0,0,428.48878288269043,633.4846229553223,28.568371963500976,428.48878288269043,completed
-33.956714,10,67.849689,1.0,True,10,0,0,526.8915085792542,737.1643738746643,49.84704990386963,526.8915085792542,completed
536.803239,10,67.857208,1.0,True,10,0,0,547.172112941742,698.2034163475037,26.593486785888672,547.172112941742,completed
982.307289,10,67.864234,1.0,True,10,0,0,362.19142055511475,497.7701168060303,19.641536521911622,362.19142055511475,completed
257.67338,10,67.871846,1.0,True,10,0,0,668.58518409729,707.7977714538574,31.379898071289062,668.58518409729,completed
260.601346,10,67.879857,1.0,True,10,0,0,578.3501853942871,741.9344024658203,34.563035011291504,578.3501853942871,completed
107.202589,10,67.887049,1.0,True,10,0,0,494.14322090148926,741.68798828125,42.272734546661376,494.14322090148926,completed
520.758799,10,67.894588,1.0,True,10,0,0,534.5661849975586,650.0331726074219,27.923250007629395,534.5661849975586,completed
668.873778,10,67.901822,1.0,True,10,0,0,539.4337291717529,610.5842208862305,22.541167068481446,539.4337291717529,completed
681.060963,10,67.909856,1.0,True,10,0,0,540.6266374588013,608.0036106109619,22.037954139709473,540.6266374588013,completed
93.170398,10,67.917287,1.0,True,10,0,0,529.3079032897949,694.1537666320801,44.533785820007324,529.3079032897949,completed
857.436748,10,67.925138,1.0,True,10,0,0,455.8115921020508,565.2981109619141,19.362418746948244,455.8115921020508,completed
984.180144,10,67.932234,1.0,True,10,0,0,357.94883918762207,540.0943927764893,18.59733600616455,357.94883918762207,completed
810.06076,10,67.939329,1.0,True,10,0,0,465.8789539337158,633.0996036529541,17.700115203857422,465.8789539337158,completed
722.597911,10,67.946816,1.0,True,10,0,0,544.8351655006409,632.1951723098755,19.754314994812013,544.8351655006409,completed
930.141405,10,67.954203,1.0,True,10,0,0,438.6022720336914,586.8218612670898,16.30965919494629,438.6022720336914,completed
179.993275,10,67.961661,1.0,True,10,0,0,568.249324798584,738.1587505340576,36.60412521362305,568.249324798584,completed
832.239572,10,67.969175,1.0,True,10,0,0,420.6918978691101,609.2043805122375,19.26102352142334,420.6918978691101,completed
1076.913168,10,67.976872,1.0,True,10,0,0,403.9107229709625,598.182758808136,9.386968183517457,403.9107229709625,completed
685.468486,10,67.98449,1.0,True,10,0,0,540.2156991958618,657.0297679901123,20.38346748352051,540.2156991958618,completed
647.33622,10,67.992329,1.0,True,10,0,0,525.1137180328369,611.8826503753662,22.72623167037964,525.1137180328369,completed
786.872862,10,68.000208,1.0,True,10,0,0,491.88267993927,628.3159656524658,19.59249839782715,491.88267993927,completed
775.272058,10,68.007921,1.0,True,10,0,0,458.97048902511597,769.5627565383911,12.141330814361572,458.97048902511597,completed
665.092016,10,68.015362,1.0,True,10,0,0,378.4943308830261,602.7813963890076,29.237592458724976,378.4943308830261,completed
801.205509,10,68.022897,1.0,True,10,0,0,457.932017326355,685.4486932754517,16.752085876464843,457.932017326355,completed
640.33441,10,68.030605,1.0,True,10,0,0,480.26458740234375,616.2536544799805,26.681390857696535,480.26458740234375,completed
636.809786,10,68.038267,1.0,True,10,0,0,568.7265410423279,597.6883478164673,22.72485535144806,568.7265410423279,completed
1025.828079,10,68.045744,1.0,True,10,0,0,378.184823513031,566.1774816513062,14.47328987121582,378.184823513031,completed
237.359687,10,68.053073,1.0,True,10,0,0,560.5852794647217,727.2243804931641,35.817116355896,560.5852794647217,completed
529.266776,10,68.061023,1.0,True,10,0,0,575.8546543121338,738.5106964111328,21.39293327331543,575.8546543121338,completed
709.919733,10,68.068342,1.0,True,10,0,0,534.5886669158936,673.8271217346191,17.15586166381836,534.5886669158936,completed
890.573593,10,68.07571,1.0,True,10,0,0,442.04671001434326,569.2375249862671,17.901855182647704,442.04671001434326,completed
794.55475,10,68.083005,1.0,True,10,0,0,412.96442794799805,569.7688484191895,23.54604301452637,412.96442794799805,completed
702.972347,10,68.090676,1.0,True,10,0,0,488.73474311828613,743.9964179992676,16.269537353515624,488.73474311828613,completed
774.852193,10,68.098199,1.0,True,10,0,0,458.06390953063965,687.3845653533936,17.959321975708008,458.06390953063965,completed
459.842474,10,68.105525,1.0,True,10,0,0,491.81191062927246,711.6673545837402,30.111814498901367,491.81191062927246,completed
713.507823,10,68.113456,1.0,True,10,0,0,559.2636308670044,614.6417169570923,20.741405487060547,559.2636308670044,completed
1518.419949,10,68.12115,1.0,True,10,0,0,368.655704498291,454.89693450927734,0.0,368.655704498291,completed
913.915418,10,68.128608,1.0,True,10,0,0,451.6998481750488,490.52437114715576,18.274393224716185,451.6998481750488,completed
890.165184,10,68.136446,1.0,True,10,0,0,373.25019931793213,574.4025135040283,20.95209655761719,373.25019931793213,completed
864.649375,10,68.144141,1.0,True,10,0,0,426.04702949523926,561.9112281799316,20.08100280761719,426.04702949523926,completed
553.400673,10,68.151433,1.0,True,10,0,0,537.6486473083496,684.3591995239258,24.31075096130371,537.6486473083496,completed
787.59901,10,68.158914,1.0,True,10,0,0,486.25922775268555,645.4174175262451,17.534314727783205,486.25922775268555,completed
236.399993,10,68.167321,1.0,True,10,0,0,596.1621398925781,742.8459568023682,32.68860855102539,596.1621398925781,completed
1363.045266,10,68.174772,1.0,True,10,0,0,367.16046047210693,465.49889183044434,3.480483818054199,367.16046047210693,completed
841.961493,10,68.18225,1.0,True,10,0,0,425.1455240249634,578.0578422546387,20.354378318786623,425.1455240249634,completed
908.30497,10,68.189545,1.0,True,10,0,0,442.2496061325073,562.6676578521729,16.120542144775392,442.2496061325073,completed
497.111163,10,68.196988,1.0,True,10,0,0,542.0617275238037,896.6550540924072,15.316562032699585,542.0617275238037,completed
150.655364,10,68.204426,1.0,True,10,0,0,608.7783393859863,754.6283264160156,37.199323654174805,608.7783393859863,completed
292.735221,10,68.211665,1.0,True,10,0,0,589.3320713043213,867.0175132751465,24.497313594818117,589.3320713043213,completed
1111.560154,10,68.219299,1.0,True,10,0,0,405.2446699142456,510.33273124694824,12.446352005004883,405.2446699142456,completed
1024.883596,10,68.226701,1.0,True,10,0,0,378.8572874069214,558.9778270721436,13.646321105957032,378.8572874069214,completed
1013.354469,10,68.233973,1.0,True,10,0,0,374.7942581176758,581.7389907836914,15.592804336547852,374.7942581176758,completed
-142.746736,10,68.241995,1.0,True,10,0,0,765.9109420776367,973.4579277038574,37.61982250213623,765.9109420776367,completed
-313.96215,10,68.249639,1.0,True,10,0,0,602.6729078292847,967.0963163375854,48.92762284278869,602.6729078292847,completed
1069.867065,10,68.257523,1.0,True,10,0,0,458.2664747238159,544.3798341751099,9.817761611938476,458.2664747238159,completed
887.079033,10,68.265147,1.0,True,10,0,0,526.3094248771667,658.171863079071,11.90731315612793,526.3094248771667,completed
1032.999479,10,68.272376,1.0,True,10,0,0,463.74236488342285,618.5080146789551,8.669814300537109,463.74236488342285,completed
565.023103,10,68.28001,1.0,True,10,0,0,512.0154876708984,645.6997299194336,25.374895095825195,512.0154876708984,completed
393.896486,10,68.287874,1.0,True,10,0,0,569.7800559997559,764.9492568969727,26.88956489562988,569.7800559997559,completed
383.374255,10,68.295568,1.0,True,10,0,0,492.3364267349243,721.9078731536865,32.1062614440918,492.3364267349243,completed
710.379089,10,68.302967,1.0,True,10,0,0,517.5678291320801,577.7332706451416,21.6786808013916,517.5678291320801,completed
793.550513,10,68.310428,1.0,True,10,0,0,398.4861898422241,620.4816226959229,22.491399383544923,398.4861898422241,completed
332.694196,10,68.318085,1.0,True,10,0,0,458.5425124168396,612.5020532608032,40.42140188217163,458.5425124168396,completed
668.147452,10,68.325385,1.0,True,10,0,0,432.49744415283203,601.9855995178223,27.50849609375,432.49744415283203,completed
794.799533,10,68.332807,1.0,True,10,0,0,384.68885040283203,598.424446105957,21.556013298034667,384.68885040283203,completed
684.826069,10,68.34045,1.0,True,10,0,0,466.8787670135498,602.8773651123047,24.34407844543457,466.8787670135498,completed
65.537778,10,68.348276,1.0,True,10,0,0,587.7089157104492,864.7269897460938,36.03185920715332,587.7089157104492,completed
503.013482,10,68.356137,1.0,True,10,0,0,443.5560665130615,684.9090385437012,29.622646808624268,443.5560665130615,completed
135.371699,10,68.363235,1.0,True,10,0,0,448.3116178512573,739.7832145690918,43.59398970603943,448.3116178512573,completed
469.582143,10,68.370831,1.0,True,10,0,0,552.9131875038147,693.7022500038147,27.5298734664917,552.9131875038147,completed
1190.800295,10,68.378095,1.0,True,10,0,0,386.7860326766968,442.9761600494385,10.242715454101562,386.7860326766968,completed
388.1509,10,68.385552,1.0,True,10,0,0,536.1838073730469,719.3876495361328,29.440620040893556,536.1838073730469,completed
911.281197,10,68.393553,1.0,True,10,0,0,450.0230312347412,491.182092666626,18.42023410797119,450.0230312347412,completed
881.484286,10,68.401363,1.0,True,10,0,0,384.37423515319824,697.0103302001953,11.808990478515625,384.37423515319824,completed
201.577134,10,68.408568,1.0,True,10,0,0,561.7697792053223,708.3534851074219,38.60860824584961,561.7697792053223,completed
84.39501,10,68.416579,1.0,True,10,0,0,623.8090801239014,884.5384368896484,34.166363048553464,623.8090801239014,completed
241.895912,10,68.42435,1.0,True,10,0,0,676.6892910003662,761.9138565063477,31.44926357269287,676.6892910003662,completed
958.663738,10,68.431565,1.0,True,10,0,0,441.64216327667236,550.5783710479736,16.785737800598145,441.64216327667236,completed
1394.201794,10,68.439242,1.0,True,10,0,0,334.63003158569336,444.5192642211914,5.302449798583984,334.63003158569336,completed
344.787754,10,68.446886,1.0,True,10,0,0,506.14020919799805,717.8621864318848,31.343985748291015,506.14020919799805,completed
241.741784,10,68.454235,1.0,True,10,0,0,613.2263011932373,792.1549377441406,29.197600173950196,613.2263011932373,completed
464.586375,10,68.461964,1.0,True,10,0,0,587.4715843200684,677.7115898132324,30.12239627838135,587.4715843200684,completed
646.866174,10,68.469487,1.0,True,10,0,0,409.36278533935547,522.8427047729492,31.119458961486817,409.36278533935547,completed
557.905389,10,68.477183,1.0,True,10,0,0,583.0855045318604,746.338701248169,20.563536834716796,583.0855045318604,completed
979.130142,10,68.484169,1.0,True,10,0,0,538.7093768119812,562.0274062156677,12.220704269409179,538.7093768119812,completed
971.939482,10,68.491524,1.0,True,10,0,0,407.5845756530762,587.6399574279785,15.105290985107422,407.5845756530762,completed
462.556611,10,68.498761,1.0,True,10,0,0,536.8984298706055,666.2671089172363,31.120525550842284,536.8984298706055,completed
251.415844,10,68.505841,1.0,True,10,0,0,666.0059013366699,845.9717712402344,25.42058334350586,666.0059013366699,completed
449.231002,10,68.512962,1.0,True,10,0,0,489.08971786499023,682.9986305236816,31.050833702087402,489.08971786499023,completed
972.931569,10,68.52005,1.0,True,10,0,0,489.1303176879883,723.8021507263184,5.120393753051758,489.1303176879883,completed
404.50522,10,68.527584,1.0,True,10,0,0,583.8024711608887,720.7558250427246,28.369094467163087,583.8024711608887,completed
978.489405,10,68.535137,1.0,True,10,0,0,478.8165693283081,523.6075801849365,13.662615776062012,478.8165693283081,completed
863.799259,10,68.543222,1.0,True,10,0,0,416.370906829834,503.11519622802734,22.397574043273927,416.370906829834,completed
-76.687915,10,68.550685,1.0,True,10,0,0,668.5660133361816,893.5748062133789,40.38080101013183,668.5660133361816,completed
858.288785,10,68.558082,1.0,True,10,0,0,433.3417797088623,548.5403175354004,20.915589904785158,433.3417797088623,completed
522.398199,10,68.565856,1.0,True,10,0,0,448.34172439575195,649.8965682983398,30.435527038574218,448.34172439575195,completed
1183.086179,10,68.57307,1.0,True,10,0,0,386.2294588088989,430.3679714202881,12.588568878173827,386.2294588088989,completed
724.5911,10,68.580083,1.0,True,10,0,0,462.6337032318115,582.8961734771729,23.582144355773927,462.6337032318115,completed
1011.998227,10,68.587325,1.0,True,10,0,0,450.08981227874756,572.3334865570068,12.669052505493164,450.08981227874756,completed
-212.970605,10,68.594537,1.0,True,10,0,0,631.8618259429932,889.6343975067139,46.0127836227417,631.8618259429932,completed
1241.514264,10,68.602446,1.0,True,10,0,0,424.55353355407715,455.2904510498047,8.396706008911133,424.55353355407715,completed
441.126876,10,68.609959,1.0,True,10,0,0,503.44042110443115,683.6524333953857,30.989559745788576,503.44042110443115,completed
967.727565,10,68.617628,1.0,True,10,0,0,405.26849937438965,553.3421077728271,16.021750831604002,405.26849937438965,completed
892.387273,10,68.625123,1.0,True,10,0,0,429.24051570892334,600.8886623382568,18.954544448852538,429.24051570892334,completed
-491.997663,10,68.632541,1.0,True,10,0,0,796.5405788421631,968.3286781311035,50.69558849334717,796.5405788421631,completed
1190.726251,10,68.64002,1.0,True,10,0,0,358.21581077575684,476.7982769012451,10.493307876586915,358.21581077575684,completed
1167.262994,10,68.647437,1.0,True,10,0,0,339.8114376068115,412.3266181945801,15.764543151855468,339.8114376068115,completed
-43.584063,10,68.654947,1.0,True,10,0,0,701.0255699157715,851.7468757629395,38.802357864379886,701.0255699157715,completed
894.079138,10,68.662383,1.0,True,10,0,0,408.66058111190796,485.412220954895,19.588553524017335,408.66058111190796,completed
312.571236,10,68.66964,1.0,True,10,0,0,457.32689237594604,766.2755632400513,34.2564754486084,457.32689237594604,completed
1435.975999,10,68.677432,1.0,True,10,0,0,399.80632400512695,425.3301248550415,3.563853454589844,399.80632400512695,completed
822.018303,10,68.684472,1.0,True,10,0,0,519.6562576293945,702.176929473877,12.939665985107421,519.6562576293945,completed
1054.45817,10,68.692198,1.0,True,10,0,0,405.5253105163574,523.5805244445801,9.564403343200684,405.5253105163574,completed
1312.807193,10,68.699726,1.0,True,10,0,0,405.4934329986572,484.0550193786621,3.821811294555664,405.4934329986572,completed
498.033402,10,68.706977,1.0,True,10,0,0,582.9318904876709,618.9880352020264,26.81603126525879,582.9318904876709,completed
292.122667,10,68.714958,1.0,True,10,0,0,663.4625511169434,822.4058265686035,26.0076696395874,663.4625511169434,completed
955.989547,10,68.722944,1.0,True,10,0,0,401.87878608703613,495.3365173339844,17.400650596618654,401.87878608703613,completed
838.047871,10,68.729925,1.0,True,10,0,0,522.1030750274658,522.1030750274658,19.468845081329345,522.1030750274658,completed
1064.084301,10,68.737383,1.0,True,10,0,0,429.2867946624756,576.7141704559326,10.447901725769043,429.2867946624756,completed
527.696443,10,68.744797,1.0,True,10,0,0,456.61514544487,651.5351004600525,29.83229293823242,456.61514544487,completed
569.656959,10,68.75294,1.0,True,10,0,0,491.1276717185974,593.4422063827515,28.64400053024292,491.1276717185974,completed
390.816496,10,68.760164,1.0,True,10,0,0,546.0645275115967,773.6152400970459,27.278401184082032,546.0645275115967,completed
756.43722,10,68.767824,1.0,True,10,0,0,426.81497383117676,604.6151657104492,21.869855690002442,426.81497383117676,completed
977.058058,10,68.775212,1.0,True,10,0,0,399.6450500488281,466.3190746307373,19.260196495056153,399.6450500488281,completed
908.520075,10,68.782431,1.0,True,10,0,0,478.705530166626,578.2236061096191,16.660531997680664,478.705530166626,completed
757.089875,10,68.789595,1.0,True,10,0,0,547.640546798706,813.1116542816162,9.245148849487304,547.640546798706,completed
1307.851361,10,68.796834,1.0,True,10,0,0,362.13693857192993,431.23750019073486,9.525261306762696,362.13693857192993,completed
1219.180396,10,68.804042,1.0,True,10,0,0,339.9026148915291,478.42163145542145,12.030712032318116,339.9026148915291,completed
-137.937294,10,68.811427,1.0,True,10,0,0,604.8834495544434,846.1358985900879,45.462886810302734,604.8834495544434,completed
463.531746,10,68.818869,1.0,True,10,0,0,574.4702653884888,685.9709529876709,26.360902309417725,574.4702653884888,completed
520.725856,10,68.826302,1.0,True,10,0,0,562.5048227310181,694.0655336380005,25.914958190917968,562.5048227310181,completed
542.996879,10,68.833556,1.0,True,10,0,0,507.85011100769043,686.3570232391357,26.8650164604187,507.85011100769043,completed
435.514605,10,68.841189,1.0,True,10,0,0,518.836748123169,629.74245262146,31.273332405090333,518.836748123169,completed
852.497301,10,68.849038,1.0,True,10,0,0,404.7856750488281,547.751787185669,22.105216407775877,404.7856750488281,completed
727.436868,10,68.856642,1.0,True,10,0,0,466.24875259399414,626.4569854736328,22.185559844970705,466.24875259399414,completed
492.997832,10,68.864133,1.0,True,10,0,0,479.03310203552246,739.4784622192383,27.307799911499025,479.03310203552246,completed
141.503133,10,68.871543,1.0,True,10,0,0,504.1673641204834,829.6384468078613,37.9197078704834,504.1673641204834,completed
651.663224,10,68.879026,1.0,True,10,0,0,357.64995193481445,539.6982898712158,31.5039342880249,357.64995193481445,completed
1291.391072,10,68.88662,1.0,True,10,0,0,360.6808605194092,360.6808605194092,11.772573280334473,360.6808605194092,completed
1114.796111,10,68.893858,1.0,True,10,0,0,379.4175992012024,508.1632089614868,13.178689956665039,379.4175992012024,completed
744.273911,10,68.901644,1.0,True,10,0,0,471.06375312805176,660.9132976531982,20.554160499572752,471.06375312805176,completed
913.830228,10,68.91092,1.0,True,10,0,0,472.2185306549072,472.2185306549072,19.919913482666015,472.2185306549072,completed
669.126213,10,68.920505,1.0,True,10,0,0,427.5763473510742,619.973316192627,26.61786651611328,427.5763473510742,completed
662.293089,10,68.928734,1.0,True,10,0,0,461.0666313171387,566.8411350250244,25.127084159851073,461.0666313171387,completed
1066.825335,10,68.937031,1.0,True,10,0,0,428.34046173095703,579.803092956543,10.16934928894043,428.34046173095703,completed
684.263665,10,68.946576,1.0,True,10,0,0,577.7607660293579,701.4536628723145,18.124042320251466,577.7607660293579,completed
450.593196,10,68.955435,1.0,True,10,0,0,597.2927799224854,681.8541793823242,26.54957695007324,597.2927799224854,completed
757.696118,10,68.96307,1.0,True,10,0,0,488.84528946876526,588.846182346344,20.813295364379883,488.84528946876526,completed
-695.101854,10,68.970577,1.0,True,10,0,0,684.3956718444824,975.0141181945801,65.09744606018066,684.3956718444824,completed
899.375795,10,68.978026,1.0,True,10,0,0,448.3518109321594,658.111496925354,14.884523582458495,448.3518109321594,completed
876.41213,10,68.985789,1.0,True,10,0,0,480.7261505126953,632.175178527832,12.737974166870117,480.7261505126953,completed
517.369861,10,68.993223,1.0,True,10,0,0,586.5269985198975,755.7988777160645,23.216758728027344,586.5269985198975,completed
486.954015,10,69.001171,1.0,True,10,0,0,580.6628379821777,617.036792755127,31.29539051055908,580.6628379821777,completed
526.87852,10,69.008812,1.0,True,10,0,0,482.9165458679199,615.7596836090088,31.05179500579834,482.9165458679199,completed
538.780455,10,69.016638,1.0,True,10,0,0,524.8870124816895,729.6838264465332,22.93175640106201,524.8870124816895,completed
711.142926,10,69.024439,1.0,True,10,0,0,409.2116689682007,622.8644924163818,24.90895652770996,409.2116689682007,completed
695.311174,10,69.032042,1.0,True,10,0,0,509.7770357131958,579.3451862335205,25.07714500427246,509.7770357131958,completed
748.736064,10,69.039829,1.0,True,10,0,0,493.06701469421387,596.1885328292847,21.98081703186035,493.06701469421387,completed
1003.45897,10,69.047249,1.0,True,10,0,0,467.87919187545776,621.0238924026489,11.13436164855957,467.87919187545776,completed
1021.458717,10,69.055052,1.0,True,10,0,0,390.9957842826843,538.362006187439,14.5872802734375,390.9957842826843,completed
193.228327,10,69.062443,1.0,True,10,0,0,535.8108434677124,761.6123676300049,36.87557811737061,535.8108434677124,completed
806.917658,10,69.070496,1.0,True,10,0,0,493.97488021850586,676.2963409423828,14.63857192993164,493.97488021850586,completed
422.416018,10,69.078135,1.0,True,10,0,0,608.7608261108398,698.4198188781738,26.70328426361084,608.7608261108398,completed
399.796657,10,69.085356,1.0,True,10,0,0,572.245080947876,706.5873699188232,27.23050937652588,572.245080947876,completed
748.827158,10,69.0928,1.0,True,10,0,0,427.7357521057129,556.5655899047852,22.36546211242676,427.7357521057129,completed
74.117124,10,69.100207,1.0,True,10,0,0,494.56639647483826,751.086642742157,44.64738655090332,494.56639647483826,completed
1270.882793,10,69.107366,1.0,True,10,0,0,355.6037940979004,416.88990020751953,9.858802032470702,355.6037940979004,completed
-482.437685,10,69.11476,1.0,True,10,0,0,513.0373020172119,847.4070510864258,66.62337737083435,513.0373020172119,completed
287.889687,10,69.122243,1.0,True,10,0,0,589.3843517303467,735.3656597137451,34.478873825073244,589.3843517303467,completed
255.518029,10,69.129895,1.0,True,10,0,0,552.4952964782715,706.0682563781738,35.06548557281494,552.4952964782715,completed
922.960009,10,69.137676,1.0,True,10,0,0,426.02433824539185,500.00364112854004,19.321069145202635,426.02433824539185,completed
317.263594,10,69.145273,1.0,True,10,0,0,561.756064414978,652.7785816192627,35.881316375732425,561.756064414978,completed
609.951636,10,69.152505,1.0,True,10,0,0,491.8300507068634,636.4278445243835,26.743985223770142,491.8300507068634,completed
1160.308645,10,69.160073,1.0,True,10,0,0,383.948637008667,569.9390163421631,6.119462728500366,383.948637008667,completed
239.685529,10,69.16757,1.0,True,10,0,0,513.5833549499512,719.7955169677734,37.5194694519043,513.5833549499512,completed
879.671514,10,69.175028,1.0,True,10,0,0,389.9472122192383,520.653434753418,21.43206901550293,389.9472122192383,completed
720.316506,10,69.182227,1.0,True,10,0,0,485.01643562316895,601.7209300994873,22.089030456542968,485.01643562316895,completed
335.672306,10,69.189734,1.0,True,10,0,0,547.2388677597046,704.6771020889282,32.54197807312012,547.2388677597046,completed
736.758233,10,69.197394,1.0,True,10,0,0,500.541072845459,610.7748317718506,20.303240394592287,500.541072845459,completed
703.61422,10,69.205226,1.0,True,10,0,0,532.3651089668274,704.073016166687,18.37431983947754,532.3651089668274,completed
609.482616,10,69.212603,1.0,True,10,0,0,489.39199352264404,789.8945484161377,18.399909210205077,489.39199352264404,completed
293.676472,10,69.220214,1.0,True,10,0,0,470.2811040878296,888.1194553375244,28.111173248291017,470.2811040878296,completed
1390.43366,10,69.227869,1.0,True,10,0,0,358.212513923645,381.72792530059814,6.986905670166015,358.212513923645,completed
1330.28131,10,69.235287,1.0,True,10,0,0,338.3864440917969,444.308536529541,7.147371673583985,338.3864440917969,completed
868.486667,10,69.242558,1.0,True,10,0,0,412.8946113586426,612.9011611938477,17.47926445007324,412.8946113586426,completed
772.525898,10,69.250543,1.0,True,10,0,0,400.6644129753113,521.6906805038452,25.160785293579103,400.6644129753113,completed
322.7745,10,70.430708,1.0,True,10,0,0,540.0757312774658,715.8232917785645,34.03872203826904,540.0757312774658,completed
929.940926,10,70.438229,1.0,True,10,0,0,468.18752241134644,493.39404010772705,19.320655822753906,468.18752241134644,completed
155.838551,10,70.445467,1.0,True,10,0,0,591.184986114502,833.7938232421875,34.36386260986328,591.184986114502,completed
531.918257,10,70.452853,1.0,True,10,0,0,574.8005065917969,710.0698490142822,24.10623025894165,574.8005065917969,completed
764.971119,10,70.460399,1.0,True,10,0,0,424.80112075805664,510.9589729309082,27.904666900634766,424.80112075805664,completed
378.532577,10,70.467928,1.0,True,10,0,0,580.2621593475342,778.3763751983643,27.854805755615235,580.2621593475342,completed
584.544131,10,70.475456,1.0,True,10,0,0,513.5687952041626,667.3310794830322,24.41252021789551,513.5687952041626,completed
939.231411,10,70.483115,1.0,True,10,0,0,446.6199264526367,587.9694766998291,15.551510429382324,446.6199264526367,completed
142.343929,10,70.490981,1.0,True,10,0,0,632.1113243103027,734.7094535827637,36.76044387817383,632.1113243103027,completed
310.28528,10,70.498659,1.0,True,10,0,0,627.0316467285156,956.4868583679199,18.81800937652588,627.0316467285156,completed
343.707999,10,70.505887,1.0,True,10,0,0,593.2903995513916,828.5138568878174,25.19762592315674,593.2903995513916,completed
1008.66649,10,70.513344,1.0,True,10,0,0,372.9837894439697,501.85656547546387,19.025050735473634,372.9837894439697,completed
820.306765,10,70.520625,1.0,True,10,0,0,429.8812210559845,543.3719830513,21.952766036987306,429.8812210559845,completed
928.413239,10,70.528375,1.0,True,10,0,0,360.4330005645752,529.3498668670654,20.6521053314209,360.4330005645752,completed
-215.669173,10,70.535848,1.0,True,10,0,0,662.1755142211914,918.430290222168,44.904527282714845,662.1755142211914,completed
315.219511,10,70.543257,1.0,True,10,0,0,577.2443580627441,715.9594917297363,33.293921661376956,577.2443580627441,completed
861.853161,10,70.550933,1.0,True,10,0,0,431.2717342376709,631.905345916748,14.964395904541016,431.2717342376709,completed
667.952338,10,70.558952,1.0,True,10,0,0,519.4084033966064,652.4108486175537,20.88753433227539,519.4084033966064,completed
1066.112209,10,70.566174,1.0,True,10,0,0,397.7945919036865,565.9453163146973,13.133559417724609,397.7945919036865,completed
687.715317,10,70.574346,1.0,True,10,0,0,522.8663988113403,602.6886692047119,23.7803653717041,522.8663988113403,completed
900.813485,10,70.58178,1.0,True,10,0,0,472.7177104949951,573.0860443115234,16.258061981201173,472.7177104949951,completed
696.066883,10,70.589085,1.0,True,10,0,0,485.3000555038452,549.2549705505371,23.678630828857422,485.3000555038452,completed
793.65627,10,70.597053,1.0,True,10,0,0,463.2672462463379,531.2074775695801,24.202757835388184,463.2672462463379,completed
464.485838,10,70.604453,1.0,True,10,0,0,491.3907594680786,658.6678829193115,32.80725173950195,491.3907594680786,completed
574.356941,10,70.612095,1.0,True,10,0,0,414.90147256851196,655.6593255996704,28.523845863342284,414.90147256851196,completed
880.210992,10,70.619187,1.0,True,10,0,0,436.0485134124756,525.175464630127,19.773344421386717,436.0485134124756,completed
428.946665,10,70.626488,1.0,True,10,0,0,601.7370047569275,676.2231726646423,29.058282089233398,601.7370047569275,completed
1035.935384,10,70.633602,1.0,True,10,0,0,409.5403137207031,596.850305557251,11.340254592895509,409.5403137207031,completed
441.113286,10,70.641301,1.0,True,10,0,0,457.45888090133667,723.3454313278198,30.18657054901123,457.45888090133667,completed
1128.446409,10,70.648741,1.0,True,10,0,0,425.71658420562744,467.8149399757385,12.076360321044922,425.71658420562744,completed
1180.516201,10,70.656147,1.0,True,10,0,0,422.4719696044922,523.5502967834473,6.504764556884766,422.4719696044922,completed
705.407689,10,70.663361,1.0,True,10,0,0,520.1246204376221,857.7471084594727,7.699785995483398,520.1246204376221,completed
275.223275,10,70.671303,1.0,True,10,0,0,545.7822875976562,896.005729675293,28.835052490234375,545.7822875976562,completed
406.404041,10,70.67857,1.0,True,10,0,0,546.9845275878906,753.5999813079834,28.822263145446776,546.9845275878906,completed
705.023944,10,70.686044,1.0,True,10,0,0,427.17295122146606,612.5986948013306,23.99068603515625,427.17295122146606,completed
288.404768,10,70.693891,1.0,True,10,0,0,463.3719291687012,674.9368629455566,40.30707626342773,463.3719291687012,completed
-108.433423,10,70.701397,1.0,True,10,0,0,645.6685314178467,1026.8566493988037,36.57449951171875,645.6685314178467,completed
1084.975714,10,70.709122,1.0,True,10,0,0,395.6495485305786,454.9677906036377,13.358499336242676,395.6495485305786,completed
455.428154,10,70.716581,1.0,True,10,0,0,553.9100761413574,738.4412040710449,25.74702377319336,553.9100761413574,completed
661.415628,10,70.724433,1.0,True,10,0,0,491.7949619293213,593.7204513549805,25.27074489593506,491.7949619293213,completed
664.895272,10,70.731554,1.0,True,10,0,0,493.0944404602051,640.8673629760742,21.214698219299315,493.0944404602051,completed
662.2672,10,70.739175,1.0,True,10,0,0,437.2540385723114,589.0793833732605,27.11965274810791,437.2540385723114,completed
644.157331,10,70.746799,1.0,True,10,0,0,474.3799924850464,634.3331174850464,25.672412204742432,474.3799924850464,completed
889.700135,10,70.754343,1.0,True,10,0,0,452.56583976745605,562.2625598907471,19.263577270507813,452.56583976745605,completed
859.159854,10,70.761423,1.0,True,10,0,0,416.38871216773987,513.4166150093079,23.312432098388673,416.38871216773987,completed
-53.447702,10,70.769342,1.0,True,10,0,0,646.2544765472412,930.4522857666016,37.85987510681152,646.2544765472412,completed
688.038432,10,70.776979,1.0,True,10,0,0,422.9238233566284,626.031928062439,25.478607654571533,422.9238233566284,completed
1134.872898,10,70.784261,1.0,True,10,0,0,389.96650791168213,518.6110858917236,11.28375015258789,389.96650791168213,completed
1042.845213,10,70.791914,1.0,True,10,0,0,434.2967767715454,489.7967233657837,13.640016269683837,434.2967767715454,completed
944.228998,10,70.799751,1.0,True,10,0,0,421.65458488464355,489.1328983306885,18.98660316467285,421.65458488464355,completed
-757.448243,10,70.807811,1.0,True,10,0,0,767.9285945892334,1067.9691181182861,60.596252822875975,767.9285945892334,completed
199.320522,10,70.815373,1.0,True,10,0,0,588.6041946411133,730.1181945800781,37.969347381591795,588.6041946411133,completed
764.398704,10,70.822525,1.0,True,10,0,0,347.99514228105545,545.6127897500992,28.3315071105957,347.99514228105545,completed
747.102128,10,70.829803,1.0,True,10,0,0,423.4120063781738,552.722225189209,25.292811012268068,423.4120063781738,completed
748.112176,10,70.83746,1.0,True,10,0,0,427.06554222106934,607.6697397232056,20.860589265823364,427.06554222106934,completed
660.242193,10,70.844949,1.0,True,10,0,0,550.5862312316895,645.2830619812012,23.22973499298096,550.5862312316895,completed
438.586197,10,70.852362,1.0,True,10,0,0,666.1602973937988,967.6565933227539,13.114768600463867,666.1602973937988,completed
-60.801286,10,70.859919,1.0,True,10,0,0,654.2346496582031,758.0904197692871,43.718051719665525,654.2346496582031,completed
-33.957877,10,70.867243,1.0,True,10,0,0,647.9274101257324,921.9820404052734,36.051059341430665,647.9274101257324,completed
-201.576584,10,70.874519,1.0,True,10,0,0,711.0540008544922,964.7976684570312,41.43333740234375,711.0540008544922,completed
462.409357,10,70.882378,1.0,True,10,0,0,494.98918628692627,701.9224529266357,29.17412166595459,494.98918628692627,completed
145.931311,10,70.889473,1.0,True,10,0,0,615.384090423584,749.3471946716309,35.02781600952149,615.384090423584,completed
1086.543491,10,70.896921,1.0,True,10,0,0,399.96928882598877,523.01243019104,11.90806312561035,399.96928882598877,completed
-150.119512,10,70.904566,1.0,True,10,0,0,558.2589492797852,824.5261344909668,46.15926971435547,558.2589492797852,completed
165.379569,10,70.911881,1.0,True,10,0,0,582.7230072021484,756.931978225708,35.868072509765625,582.7230072021484,completed
-61.669881,10,70.919358,1.0,True,10,0,0,581.6425151824951,834.4689140319824,44.23842830657959,581.6425151824951,completed
1006.569038,10,70.926642,1.0,True,10,0,0,507.86977767944336,673.7700309753418,5.6281030654907225,507.86977767944336,completed
794.63738,10,70.934153,1.0,True,10,0,0,421.74350595474243,526.459397315979,23.16055898666382,421.74350595474243,completed
135.881706,10,70.941267,1.0,True,10,0,0,680.3061790466309,753.517391204834,34.60327281951904,680.3061790466309,completed
982.929861,10,70.949255,1.0,True,10,0,0,446.3209400177002,582.7266960144043,12.413910484313964,446.3209400177002,completed
455.337547,10,70.957237,1.0,True,10,0,0,474.16957664489746,669.3250770568848,30.69515609741211,474.16957664489746,completed
809.089039,10,70.964846,1.0,True,10,0,0,483.94298553466797,600.6481704711914,17.7416090965271,483.94298553466797,completed
580.456158,10,70.972589,1.0,True,10,0,0,485.8152885437012,681.9984092712402,25.89282093048096,485.8152885437012,completed
639.013094,10,70.980384,1.0,True,10,0,0,477.0695080757141,622.4014348983765,26.505181121826173,477.0695080757141,completed
1041.923835,10,70.987482,1.0,True,10,0,0,453.79021692276,516.1601209640503,14.15129508972168,453.79021692276,completed
615.887609,10,70.995408,1.0,True,10,0,0,523.3428611755371,704.170955657959,18.02593116760254,523.3428611755371,completed
940.156191,10,71.003422,1.0,True,10,0,0,478.1854600906372,578.7272186279297,13.816629600524902,478.1854600906372,completed
656.409616,10,71.011044,1.0,True,10,0,0,514.6197475194931,658.6884658336639,21.26306116580963,514.6197475194931,completed
27.219418,10,71.018713,1.0,True,10,0,0,666.1178550720215,887.5174140930176,35.59203567504883,666.1178550720215,completed
990.299007,10,71.02616,1.0,True,10,0,0,439.578177690506,539.848379611969,17.106043434143068,439.578177690506,completed
950.033773,10,71.033974,1.0,True,10,0,0,391.08949160575867,512.9182963371277,19.555120325088502,391.08949160575867,completed
939.348355,10,71.041805,1.0,True,10,0,0,404.8671245574951,566.3819065093994,16.735563659667967,404.8671245574951,completed
966.159716,10,71.049298,1.0,True,10,0,0,405.03906440734863,507.9639091491699,19.852827262878417,405.03906440734863,completed
370.832989,10,71.057319,1.0,True,10,0,0,514.5618057250977,745.516429901123,30.768092727661134,514.5618057250977,completed
532.643066,10,71.064798,1.0,True,10,0,0,539.5807819366455,698.1258964538574,24.53349895477295,539.5807819366455,completed
98.856588,10,71.118692,1.0,True,10,0,0,488.10133171081543,762.9147872924805,42.95381736755371,488.10133171081543,completed
444.082788,10,71.127062,1.0,True,10,0,0,516.3615303039551,704.0487442016602,29.332333755493163,516.3615303039551,completed
920.725135,10,71.135171,1.0,True,10,0,0,490.26624596118927,526.7080252170563,17.286814498901368,490.26624596118927,completed
298.911307,10,71.142568,1.0,True,10,0,0,572.1979494094849,613.2188892364502,36.161457252502444,572.1979494094849,completed
704.333789,10,71.149958,1.0,True,10,0,0,495.2796039581299,608.014762878418,22.23411045074463,495.2796039581299,completed
-86.025958,10,71.157509,1.0,True,10,0,0,769.0485000610352,950.2549667358398,34.71581974029541,769.0485000610352,completed
656.512824,10,71.164922,1.0,True,10,0,0,450.7737350463867,740.7199802398682,19.9115478515625,450.7737350463867,completed
467.590927,10,71.17216,1.0,True,10,0,0,496.75213050842285,703.3371124267578,30.03434853553772,496.75213050842285,completed
23.914398,10,71.179275,1.0,True,10,0,0,666.6528391838074,757.9155693054199,40.36933860778809,666.6528391838074,completed
479.128337,10,71.186843,1.0,True,10,0,0,437.76334857940674,637.85280418396,32.328778457641604,437.76334857940674,completed
796.249148,10,71.194544,1.0,True,10,0,0,549.9924468994141,578.9615745544434,18.844882583618165,549.9924468994141,completed
109.756112,10,71.202177,1.0,True,10,0,0,661.5077285766602,868.6405220031738,32.64173383712769,661.5077285766602,completed
1303.658357,10,71.209855,1.0,True,10,0,0,418.07978439331055,495.8784809112549,4.501372146606445,418.07978439331055,completed
706.083159,10,71.21732,1.0,True,10,0,0,526.6474075317383,601.5466289520264,22.811355209350587,526.6474075317383,completed
1095.706789,10,71.224615,1.0,True,10,0,0,379.01358795166016,451.1540107727051,16.030782318115236,379.01358795166016,completed
248.708756,10,71.232312,1.0,True,10,0,0,485.43440532684326,764.0163135528564,37.98063278198242,485.43440532684326,completed
922.304819,10,71.240173,1.0,True,10,0,0,411.0149116516113,460.05416107177734,18.25133285522461,411.0149116516113,completed
379.085293,10,71.247437,1.0,True,10,0,0,569.1414527893066,735.8671455383301,29.248798751831053,569.1414527893066,completed
512.391192,10,71.254878,1.0,True,10,0,0,496.60186767578125,616.5695514678955,31.321059036254884,496.60186767578125,completed
801.16186,10,71.262861,1.0,True,10,0,0,461.5592517852783,585.1929149627686,22.159519147872924,461.5592517852783,completed
1434.708754,10,71.270023,1.0,True,10,0,0,326.18721294403076,394.39358043670654,6.287298965454101,326.18721294403076,completed
523.071841,10,71.277124,1.0,True,10,0,0,596.0926699638367,967.0276823043823,9.777105331420898,596.0926699638367,completed
801.521722,10,71.285131,1.0,True,10,0,0,534.7010812759399,710.0308971405029,14.331182098388672,534.7010812759399,completed
411.911866,10,71.29305,1.0,True,10,0,0,518.0923538208008,743.5685615539551,29.96536521911621,518.0923538208008,completed
426.369622,10,71.301217,1.0,True,10,0,0,525.6427688598633,764.3991851806641,25.37028064727783,525.6427688598633,completed
319.246744,10,71.310142,1.0,True,10,0,0,539.0497589111328,847.1621131896973,28.272253799438477,539.0497589111328,completed
87.620489,10,71.318041,1.0,True,10,0,0,458.41665840148926,735.8175926208496,43.39650821685791,458.41665840148926,completed
881.347626,10,71.325894,1.0,True,10,0,0,416.4506320953369,534.2032508850098,18.557920932769775,416.4506320953369,completed
825.83517,10,71.333223,1.0,True,10,0,0,513.2615089416504,637.7921752929688,13.9818265914917,513.2615089416504,completed
492.895475,10,71.340757,1.0,True,10,0,0,454.43848609924316,627.9827499389648,32.933020401000974,454.43848609924316,completed
926.751742,10,71.34802,1.0,True,10,0,0,510.790301322937,586.1355438232422,14.351248931884765,510.790301322937,completed
479.566313,10,71.355327,1.0,True,10,0,0,496.62647438049316,724.6143417358398,27.019101333618163,496.62647438049316,completed
581.52096,10,71.362903,1.0,True,10,0,0,463.7244758605957,719.7235698699951,23.177421379089356,463.7244758605957,completed
-42.133349,10,71.370051,1.0,True,10,0,0,578.070255279541,784.7347755432129,46.10414714813233,578.070255279541,completed
-241.483492,10,71.377714,1.0,True,10,0,0,728.5462608337402,945.4016799926758,43.970694351196286,728.5462608337402,completed
950.141504,10,71.385157,1.0,True,10,0,0,464.7042427062988,570.6926460266113,15.413702011108398,464.7042427062988,completed
578.617645,10,71.392626,1.0,True,10,0,0,518.6015930175781,681.7267875671387,25.01609663963318,518.6015930175781,completed
864.495696,10,71.399858,1.0,True,10,0,0,478.9485845565796,558.6999530792236,17.428260231018065,478.9485845565796,completed
341.554371,10,71.406941,1.0,True,10,0,0,528.3240582942963,684.2218737602234,36.44035663604736,528.3240582942963,completed
1152.787445,10,71.414753,1.0,True,10,0,0,448.6438102722168,511.52370834350586,9.017509460449219,448.6438102722168,completed
575.930141,10,71.422285,1.0,True,10,0,0,602.4873371124268,717.5997047424316,20.660889053344725,602.4873371124268,completed
1163.21759,10,71.429551,1.0,True,10,0,0,442.38877868652344,555.8726348876953,4.994462203979492,442.38877868652344,completed
853.145365,10,71.436813,1.0,True,10,0,0,411.80971336364746,546.0057697296143,21.958123016357423,411.80971336364746,completed
273.302279,10,71.444517,1.0,True,10,0,0,410.54555320739746,740.8961429595947,39.01923160552978,410.54555320739746,completed
984.072633,10,71.452395,1.0,True,10,0,0,474.30909156799316,541.9561462402344,13.75950756072998,474.30909156799316,completed
553.798513,10,71.45971,1.0,True,10,0,0,528.9523601531982,766.0860900878906,22.55676860809326,528.9523601531982,completed
535.000941,10,71.467108,1.0,True,10,0,0,615.920880317688,676.7932796478271,23.29869613647461,615.920880317688,completed
399.656111,10,71.475152,1.0,True,10,0,0,555.3342618942261,681.5745220184326,30.370567893981935,555.3342618942261,completed
525.186958,10,71.482833,1.0,True,10,0,0,554.4320068359375,719.8849029541016,19.514022254943846,554.4320068359375,completed
806.373067,10,71.490081,1.0,True,10,0,0,561.300537109375,721.1118316650391,10.181179809570313,561.300537109375,completed
1311.908241,10,71.497553,1.0,True,10,0,0,315.12948179244995,393.8840217590332,11.537082290649414,315.12948179244995,completed
1265.03794,10,71.504758,1.0,True,10,0,0,365.90522861480713,466.84143829345703,7.094667053222656,365.90522861480713,completed
409.421724,10,71.513095,1.0,True,10,0,0,516.2119770050049,794.7500610351562,26.081301116943358,516.2119770050049,completed
355.02876,10,71.520739,1.0,True,10,0,0,600.4705581665039,1022.287036895752,15.00865821838379,600.4705581665039,completed
1411.996465,10,71.528499,1.0,True,10,0,0,375.1072654724121,440.1112480163574,2.190840148925781,375.1072654724121,completed
1202.905491,10,71.536102,1.0,True,10,0,0,422.25755310058594,496.1028137207031,8.151344108581544,422.25755310058594,completed
713.309538,10,71.54345,1.0,True,10,0,0,409.63712882995605,629.0540771484375,24.447434997558595,409.63712882995605,completed
347.24456,10,71.551113,1.0,True,10,0,0,497.4445915222168,780.9118690490723,30.514281463623046,497.4445915222168,completed
175.078652,10,71.558188,1.0,True,10,0,0,604.0102968215942,717.1259784698486,36.93382968902588,604.0102968215942,completed
383.511934,10,71.565763,1.0,True,10,0,0,644.4655284881592,644.4655284881592,30.544833374023437,644.4655284881592,completed
171.77627,10,71.573029,1.0,True,10,0,0,465.8827266693115,696.8880348205566,42.35586280822754,465.8827266693115,completed
1152.863878,10,71.58031,1.0,True,10,0,0,379.19294929504395,530.5812129974365,10.049050903320312,379.19294929504395,completed
568.869738,10,71.587945,1.0,True,10,0,0,433.1522467136383,607.7873501777649,30.88364143371582,433.1522467136383,completed
935.475239,10,71.595269,1.0,True,10,0,0,492.64242935180664,608.9542274475098,13.204482650756836,492.64242935180664,completed
468.631224,10,71.602297,1.0,True,10,0,0,459.11794328689575,706.3956098556519,29.69314193725586,459.11794328689575,completed
635.644302,10,71.610501,1.0,True,10,0,0,551.0205850601196,716.9773616790771,19.253412437438964,551.0205850601196,completed
664.167589,10,71.617624,1.0,True,10,0,0,442.73947954177856,575.9682664871216,26.331181526184082,442.73947954177856,completed
336.075928,10,71.624907,1.0,True,10,0,0,473.40771651268005,660.7723116874695,35.9014949798584,473.40771651268005,completed
81.387923,10,71.632512,1.0,True,10,0,0,662.2217502593994,852.0163841247559,33.703050231933595,662.2217502593994,completed
586.820971,10,71.640383,1.0,True,10,0,0,524.9812889099121,746.7945671081543,19.585811614990234,524.9812889099121,completed
441.261914,10,71.64764,1.0,True,10,0,0,525.1694030761719,684.5938339233398,29.029161357879637,525.1694030761719,completed
303.642538,10,71.655482,1.0,True,10,0,0,641.5934371948242,781.0326156616211,28.363276100158693,641.5934371948242,completed
763.158353,10,71.663243,1.0,True,10,0,0,467.6220006942749,562.8332996368408,22.607590866088866,467.6220006942749,completed
197.116189,10,71.670681,1.0,True,10,0,0,610.1706771850586,716.0964012145996,35.70376815795898,610.1706771850586,completed
546.495574,10,71.678499,1.0,True,10,0,0,440.8935031890869,615.4555625915527,31.34836025238037,440.8935031890869,completed
79.657933,10,71.686269,1.0,True,10,0,0,557.7054386138916,885.6806602478027,35.07350387573242,557.7054386138916,completed
-397.077351,10,71.693763,1.0,True,10,0,0,549.7963886260986,926.4836616516113,56.90337448120117,549.7963886260986,completed
1088.682386,10,71.701772,1.0,True,10,0,0,422.01295506954193,447.52539229393005,15.291595458984375,422.01295506954193,completed
1064.628689,10,71.709801,1.0,True,10,0,0,487.9557628631592,641.5680961608887,5.093647384643555,487.9557628631592,completed
337.947061,10,71.717041,1.0,True,10,0,0,398.3596000671387,619.4435615539551,40.332463073730466,398.3596000671387,completed
797.573528,10,71.724607,1.0,True,10,0,0,464.52433013916016,600.6877670288086,20.147766494750975,464.52433013916016,completed
1036.193883,10,71.731962,1.0,True,10,0,0,360.6471223831177,476.8710641860962,19.392983627319335,360.6471223831177,completed
470.94067,10,71.739582,1.0,True,10,0,0,529.7181205749512,637.672285079956,28.73944721221924,529.7181205749512,completed
1012.177377,10,71.746762,1.0,True,10,0,0,452.47037506103516,452.47037506103516,15.431149291992188,452.47037506103516,completed
390.650905,10,71.754187,1.0,True,10,0,0,554.1156711578369,698.1845722198486,29.94383316040039,554.1156711578369,completed
1295.502495,10,71.761762,1.0,True,10,0,0,342.78953766822815,449.05593729019165,8.493112564086914,342.78953766822815,completed
-320.622588,10,71.769078,1.0,True,10,0,0,758.9940910339355,876.0895347595215,48.3263822555542,758.9940910339355,completed
-124.201683,10,71.776634,1.0,True,10,0,0,626.6450386047363,904.657772064209,43.40455551147461,626.6450386047363,completed
544.546453,10,71.784082,1.0,True,10,0,0,483.9057183265686,570.771653175354,32.61306486129761,483.9057183265686,completed
-154.872623,10,71.791792,1.0,True,10,0,0,598.5083541870117,861.0228881835938,46.932121658325194,598.5083541870117,completed
-763.491215,10,71.799188,1.0,True,10,0,0,802.128490447998,1022.2936592102051,59.88455476760864,802.128490447998,completed
137.885629,10,71.806732,1.0,True,10,0,0,726.5996398925781,897.0325126647949,28.970941162109376,726.5996398925781,completed
669.281293,10,71.814133,1.0,True,10,0,0,488.4014253616333,647.4685764312744,22.023120880126953,488.4014253616333,completed
329.996345,10,71.821644,1.0,True,10,0,0,479.2787208557129,700.6697101593018,35.08498706817627,479.2787208557129,completed
457.756088,10,71.829256,1.0,True,10,0,0,602.7649211883545,663.3771114349365,27.043506813049316,602.7649211883545,completed
456.218331,10,71.836548,1.0,True,10,0,0,605.9671649932861,724.7489681243896,24.89887523651123,605.9671649932861,completed
910.765652,10,71.843827,1.0,True,10,0,0,431.17892837524414,549.0321197509766,18.329582977294923,431.17892837524414,completed
793.590343,10,71.85126,1.0,True,10,0,0,401.8224620819092,511.740779876709,25.87006607055664,401.8224620819092,completed
1058.129583,10,71.858749,1.0,True,10,0,0,389.39475202560425,523.6510534286499,13.610870361328125,389.39475202560425,completed
619.600069,10,71.865756,1.0,True,10,0,0,492.72657585144043,604.5512847900391,25.487878608703614,492.72657585144043,completed
533.406241,10,71.873301,1.0,True,10,0,0,471.481897354126,728.2338771820068,27.38236780166626,471.481897354126,completed
346.522949,10,71.881101,1.0,True,10,0,0,607.4280986785889,686.6649475097656,31.184437465667724,607.4280986785889,completed
506.479159,10,71.88873,1.0,True,10,0,0,523.3493270874023,719.926326751709,26.3796142578125,523.3493270874023,completed
356.97876,10,71.896458,1.0,True,10,0,0,655.9044237136841,740.9262828826904,26.222983741760252,655.9044237136841,completed
1199.319342,10,71.904025,1.0,True,10,0,0,434.03205013275146,540.6488580703735,4.277384185791016,434.03205013275146,completed
757.027436,10,71.911404,1.0,True,10,0,0,469.96074962615967,556.4134159088135,23.19706783294678,469.96074962615967,completed
14.336243,10,71.918716,1.0,True,10,0,0,515.155969619751,752.3291015625,45.700408172607425,515.155969619751,completed
231.706647,10,71.926109,1.0,True,10,0,0,583.2300720214844,641.3450775146484,38.89378623962402,583.2300720214844,completed
398.374082,10,71.933288,1.0,True,10,0,0,544.5428619384766,743.6880989074707,27.342164611816408,544.5428619384766,completed
426.928967,10,71.940538,1.0,True,10,0,0,434.26894187927246,709.4555988311768,32.35542545318604,434.26894187927246,completed
877.620014,10,71.947904,1.0,True,10,0,0,504.3901376724243,631.3386402130127,13.263669967651367,504.3901376724243,completed
419.660506,10,71.95497,1.0,True,10,0,0,590.4522895812988,737.2678909301758,26.50367202758789,590.4522895812988,completed
901.803637,10,71.962211,1.0,True,10,0,0,436.8568172454834,584.306001663208,14.167283535003662,436.8568172454834,completed
471.177673,10,71.970199,1.0,True,10,0,0,524.1581764221191,614.4263305664062,31.422922897338868,524.1581764221191,completed
801.259483,10,71.977823,1.0,True,10,0,0,555.8218536376953,758.9309616088867,8.521167373657226,555.8218536376953,completed
859.521516,10,71.986154,1.0,True,10,0,0,444.0757656097412,525.1935482025146,23.066006088256835,444.0757656097412,completed
877.044706,10,71.993441,1.0,True,10,0,0,427.7723226547241,536.7922592163086,22.041020774841307,427.7723226547241,completed
651.298629,10,72.000908,1.0,True,10,0,0,492.3606095314026,544.3903017044067,28.472783660888673,492.3606095314026,completed
-285.106279,10,72.008386,1.0,True,10,0,0,790.8599815368652,998.9498519897461,40.08727264404297,790.8599815368652,completed
294.16855,10,72.015847,1.0,True,10,0,0,559.2272071838379,784.7612781524658,29.85288600921631,559.2272071838379,completed
