#{"t_start": 1780521147.1463559, "env_id": "None"}
r,l,t,completion_rate,feasible,served_customers,unserved_customers,invalid_actions,makespan,total_distance,average_regret,penalized_makespan,terminal_status
2501.203821,30,2.333887,1.0,True,30,0,0,808.4394526481628,992.1048631668091,9.040285968780518,808.4394526481628,completed
1296.176737,30,2.36796,1.0,True,30,0,0,998.4841356277466,1510.8802213668823,16.04607563018799,998.4841356277466,completed
2894.143716,30,2.401563,1.0,True,30,0,0,660.4810116291046,846.2131743431091,6.6455530802408855,660.4810116291046,completed
1850.66314,30,2.436707,1.0,True,30,0,0,957.8919364213943,1127.9846346378326,14.230309995015462,957.8919364213943,completed
1554.805978,30,2.472684,1.0,True,30,0,0,907.0542154312134,1233.4069633483887,16.070230547587077,907.0542154312134,completed
798.561508,30,2.506146,1.0,True,30,0,0,975.1328220367432,1538.9141292572021,23.225887616475422,975.1328220367432,completed
2280.560656,30,2.539801,1.0,True,30,0,0,812.7790784835815,1121.0133352279663,9.477620474497478,812.7790784835815,completed
1029.225349,30,2.57312,1.0,True,30,0,0,1101.8735222816467,1650.9230060577393,16.477253850301107,1101.8735222816467,completed
2476.800419,30,2.606519,1.0,True,30,0,0,810.3779349327087,1183.5950298309326,5.500304794311523,810.3779349327087,completed
2529.662284,30,2.64225,1.0,True,30,0,0,779.3307914733887,1023.9586277008057,8.273079172770183,779.3307914733887,completed
2436.513096,30,2.678685,1.0,True,30,0,0,783.5011769533157,993.0155231952667,9.517818705240886,783.5011769533157,completed
2024.903126,30,2.712667,1.0,True,30,0,0,845.7460238933563,1204.6962065696716,11.041390546162923,845.7460238933563,completed
2203.673246,30,2.746056,1.0,True,30,0,0,798.0967376232147,1007.0579199790955,12.578416665395102,798.0967376232147,completed
1676.442206,30,2.779772,1.0,True,30,0,0,944.2795691490173,1308.2852048873901,14.797938791910807,944.2795691490173,completed
2199.890079,30,2.813073,1.0,True,30,0,0,866.4233133792877,1000.9974579811096,12.485978825887043,866.4233133792877,completed
1160.78385,30,2.84821,1.0,True,30,0,0,932.6721668243408,1447.5757217407227,19.704659271240235,932.6721668243408,completed
369.003605,30,2.907666,1.0,True,30,0,0,1010.2666745185852,1583.5002546310425,28.383101844787596,1010.2666745185852,completed
2604.22465,30,2.941247,1.0,True,30,0,0,692.9878534078598,928.2167909145355,8.815736134847006,692.9878534078598,completed
1090.627439,30,2.974997,1.0,True,30,0,0,1001.2133227586746,1377.283635377884,21.060542805989584,1001.2133227586746,completed
2908.56053,30,3.008137,1.0,True,30,0,0,652.6907207965851,810.8421139717102,7.964978535970052,652.6907207965851,completed
2933.6326,30,3.041666,1.0,True,30,0,0,723.3123779296875,917.563759803772,4.884330622355143,723.3123779296875,completed
1880.266194,30,3.077191,1.0,True,30,0,0,883.312784910202,1188.6179175376892,13.787773768107096,883.312784910202,completed
1518.707308,30,3.111158,1.0,True,30,0,0,828.8462481498718,1244.4184942245483,18.918743324279784,828.8462481498718,completed
1435.797478,30,3.151249,1.0,True,30,0,0,882.9124474525452,1186.2121114730835,19.160362180074056,882.9124474525452,completed
2687.444444,30,3.188067,1.0,True,30,0,0,815.2921934127808,947.343692779541,5.8550362904866535,815.2921934127808,completed
2501.678345,30,3.221642,1.0,True,30,0,0,773.4181761741638,1045.3329892158508,7.990074348449707,773.4181761741638,completed
1967.888865,30,3.256326,1.0,True,30,0,0,858.1941568851471,1136.320426940918,13.120702854792277,858.1941568851471,completed
1721.680966,30,3.291309,1.0,True,30,0,0,937.6304416656494,1212.9421272277832,14.191740481058757,937.6304416656494,completed
1075.049493,30,3.325328,1.0,True,30,0,0,1104.9057750701904,1706.7460565567017,13.826439666748048,1104.9057750701904,completed
1558.726702,30,3.358834,1.0,True,30,0,0,906.4929141998291,1270.580906867981,16.162309201558433,906.4929141998291,completed
2456.44261,30,3.392019,1.0,True,30,0,0,787.6089520454407,1038.690052986145,8.307216008504232,787.6089520454407,completed
2776.804214,30,3.428793,1.0,True,30,0,0,735.7713080644608,895.6799919605255,6.108083502451579,735.7713080644608,completed
1222.71754,30,3.462055,1.0,True,30,0,0,926.5590453147888,1424.3471817970276,18.742752210299173,926.5590453147888,completed
1916.759187,30,3.495593,1.0,True,30,0,0,860.5865049362183,1213.2432136535645,11.705356248219807,860.5865049362183,completed
2316.204131,30,3.528877,1.0,True,30,0,0,841.7114226818085,1216.5745434761047,7.675616963704427,841.7114226818085,completed
1736.071702,30,3.562096,1.0,True,30,0,0,827.8932576179504,1210.0529327392578,15.935568618774415,827.8932576179504,completed
1296.703125,30,3.595727,1.0,True,30,0,0,992.9161248207092,1437.2436213493347,17.026320282618205,992.9161248207092,completed
2485.928353,30,3.629138,1.0,True,30,0,0,770.306481719017,917.7586586475372,9.372553888956705,770.306481719017,completed
843.837152,30,3.662679,1.0,True,30,0,0,869.1204581260681,1340.7543478012085,26.33101317087809,869.1204581260681,completed
1997.172621,30,3.696218,1.0,True,30,0,0,907.2905731201172,1115.3699350357056,12.525768438975016,907.2905731201172,completed
1081.173831,30,3.729654,1.0,True,30,0,0,938.9115571975708,1342.0936737060547,22.069603220621744,938.9115571975708,completed
2166.255675,30,3.762982,1.0,True,30,0,0,836.0574817657471,1131.9933414459229,9.698619333902995,836.0574817657471,completed
1201.193091,30,3.796558,1.0,True,30,0,0,932.6701581478119,1326.468346118927,19.58482721646627,932.6701581478119,completed
2117.137864,30,3.834012,1.0,True,30,0,0,838.1478412151337,1338.9202227592468,7.952686436971029,838.1478412151337,completed
1042.706174,30,3.867549,1.0,True,30,0,0,1021.6177232265472,1408.763558626175,19.82805461883545,1021.6177232265472,completed
1978.292438,30,3.900945,1.0,True,30,0,0,818.0884691476822,1196.4690296649933,13.07897580464681,818.0884691476822,completed
1913.654236,30,3.934319,1.0,True,30,0,0,839.4420189857483,1181.8547291755676,14.210672505696614,839.4420189857483,completed
2509.463663,30,3.967883,1.0,True,30,0,0,703.026556968689,888.8270282745361,10.183511193593343,703.026556968689,completed
2554.820979,30,4.00103,1.0,True,30,0,0,707.780107498169,939.4031352996826,9.286125119527181,707.780107498169,completed
3231.532824,30,4.034168,1.0,True,30,0,0,569.7619132995605,796.3189287185669,2.8443201065063475,569.7619132995605,completed
1837.144558,30,4.067464,1.0,True,30,0,0,933.0564432144165,1197.9292545318604,12.171656608581543,933.0564432144165,completed
1270.245289,30,4.100649,1.0,True,30,0,0,942.9845644235611,1259.0913183689117,20.816058699289957,942.9845644235611,completed
2307.146003,30,4.135013,1.0,True,30,0,0,817.1109175682068,1228.3152890205383,7.024010467529297,817.1109175682068,completed
2391.983946,30,4.168265,1.0,True,30,0,0,796.0335683822632,1032.3317513465881,8.997183100382488,796.0335683822632,completed
1336.823245,30,4.201701,1.0,True,30,0,0,943.7820358276367,1420.9932794570923,17.563582102457683,943.7820358276367,completed
2879.102104,30,4.235006,1.0,True,30,0,0,763.2749633789062,899.3899393081665,4.476733080546061,763.2749633789062,completed
1167.93356,30,4.268504,1.0,True,30,0,0,1067.6044459342957,1486.7654085159302,17.517697048187255,1067.6044459342957,completed
1873.377545,30,4.302024,1.0,True,30,0,0,829.9195055961609,1139.4357557296753,14.921523666381836,829.9195055961609,completed
1494.736787,30,4.335229,1.0,True,30,0,0,903.6863765716553,1265.0691528320312,18.191255315144858,903.6863765716553,completed
3516.43113,30,4.368504,1.0,True,30,0,0,657.9613852500916,735.2654895782471,0.0,657.9613852500916,completed
1230.19599,30,4.402136,1.0,True,30,0,0,955.1371386051178,1302.7246890068054,19.728742822011313,955.1371386051178,completed
2397.873151,30,4.435541,1.0,True,30,0,0,767.7071096897125,1158.5043301582336,7.285796991984049,767.7071096897125,completed
2906.390853,30,4.468518,1.0,True,30,0,0,677.074809551239,855.0056734085083,5.697633679707845,677.074809551239,completed
477.182882,30,4.501836,1.0,True,30,0,0,1108.4336824417114,1675.0827751159668,24.33609759012858,1108.4336824417114,completed
2399.587692,30,4.535679,1.0,True,30,0,0,830.1224632263184,1092.195954322815,7.43205467859904,830.1224632263184,completed
1638.884273,30,4.56953,1.0,True,30,0,0,867.6810884475708,1315.8739032745361,15.21742966969808,867.6810884475708,completed
2052.3572,30,4.602703,1.0,True,30,0,0,840.7398562431335,1132.9598751068115,11.94905039469401,840.7398562431335,completed
699.886121,30,4.63609,1.0,True,30,0,0,1098.6391768455505,1501.5368556976318,24.320663865407308,1098.6391768455505,completed
1125.001178,30,5.678933,1.0,True,30,0,0,988.257883310318,1440.7950534820557,20.28615887959798,988.257883310318,completed
1423.979055,30,5.71269,1.0,True,30,0,0,918.8837246894836,1256.9542989730835,18.95068302154541,918.8837246894836,completed
1899.809556,30,5.745912,1.0,True,30,0,0,914.5702242851257,1133.328800201416,14.579777145385743,914.5702242851257,completed
2618.89203,30,5.779168,1.0,True,30,0,0,812.5122623443604,990.9288444519043,6.642981402079264,812.5122623443604,completed
2082.117381,30,5.812786,1.0,True,30,0,0,826.2091324329376,1018.818609714508,13.274277814229329,826.2091324329376,completed
1460.074398,30,5.846513,1.0,True,30,0,0,999.7587161064148,1253.0852842330933,17.19460932413737,999.7587161064148,completed
1385.63738,30,5.879877,1.0,True,30,0,0,931.9321074485779,1366.4852032661438,16.6178271929423,931.9321074485779,completed
2457.163531,30,5.913508,1.0,True,30,0,0,684.9950468540192,959.7764601707458,9.518088912963867,684.9950468540192,completed
1768.922528,30,5.947612,1.0,True,30,0,0,848.8816635608673,1207.3536953926086,15.644323476155598,848.8816635608673,completed
2279.781311,30,5.982402,1.0,True,30,0,0,860.7794618606567,1018.941276550293,9.63192679087321,860.7794618606567,completed
1964.97443,30,6.016252,1.0,True,30,0,0,895.905116558075,1126.3941850662231,12.557481606801352,895.905116558075,completed
1427.104912,30,6.049611,1.0,True,30,0,0,919.9378547668457,1313.0417881011963,18.693106810251873,919.9378547668457,completed
2211.1986,30,6.083179,1.0,True,30,0,0,863.0113334655762,1176.29780960083,9.9511168162028,863.0113334655762,completed
2726.547264,30,6.116588,1.0,True,30,0,0,687.405595779419,957.718053817749,5.8753253300984705,687.405595779419,completed
1957.33768,30,6.14994,1.0,True,30,0,0,860.2203915119171,1111.4109616279602,13.732967122395833,860.2203915119171,completed
1967.599345,30,6.183156,1.0,True,30,0,0,1004.434928894043,1510.653302192688,6.050351079305013,1004.434928894043,completed
1227.831491,30,6.216251,1.0,True,30,0,0,889.1221914291382,1241.190299987793,21.139764404296876,889.1221914291382,completed
1768.576685,30,6.249759,1.0,True,30,0,0,885.2296576499939,1222.3141222000122,14.595666440327962,885.2296576499939,completed
1548.110181,30,6.283229,1.0,True,30,0,0,921.9674024581909,1399.7249431610107,15.483532333374024,921.9674024581909,completed
2102.078431,30,6.316594,1.0,True,30,0,0,826.2779312133789,1091.0566682815552,12.86654125849406,826.2779312133789,completed
1235.300756,30,6.350015,1.0,True,30,0,0,936.750736951828,1288.9912190437317,20.495974349975587,936.750736951828,completed
1592.665414,30,6.383175,1.0,True,30,0,0,1017.4157865047455,1198.4757952690125,15.809362324078878,1017.4157865047455,completed
2338.860346,30,6.416604,1.0,True,30,0,0,788.2481913566589,935.7700109481812,11.314062118530273,788.2481913566589,completed
2073.096088,30,6.449513,1.0,True,30,0,0,802.3528699874878,1089.0719661712646,13.208550453186035,802.3528699874878,completed
886.520842,30,6.48299,1.0,True,30,0,0,1009.5879728794098,1427.6972687244415,21.37098964055379,1009.5879728794098,completed
2365.899067,30,6.516036,1.0,True,30,0,0,817.4305119514465,1033.2548398971558,9.201038360595703,817.4305119514465,completed
1656.122736,30,6.549,1.0,True,30,0,0,927.0367794036865,1304.3011951446533,14.132064692179362,927.0367794036865,completed
1848.898472,30,6.582497,1.0,True,30,0,0,850.9885625839233,1232.7092933654785,14.658802795410157,850.9885625839233,completed
1986.454341,30,6.616014,1.0,True,30,0,0,826.0101668834686,1144.9633679389954,12.974664243062337,826.0101668834686,completed
1275.129312,30,6.649616,1.0,True,30,0,0,957.7758536338806,1422.3892545700073,18.842949930826823,957.7758536338806,completed
1796.672321,30,6.683699,1.0,True,30,0,0,828.0438232421875,1188.3264961242676,13.655703989664714,828.0438232421875,completed
2666.530594,30,6.720092,1.0,True,30,0,0,757.7059412002563,1012.4497580528259,6.835851796468099,757.7059412002563,completed
1361.568496,30,6.75349,1.0,True,30,0,0,917.5417895317078,1212.7817096710205,20.814109166463215,917.5417895317078,completed
2081.62508,30,6.787392,1.0,True,30,0,0,858.6579241752625,1250.4386320114136,9.544961166381835,858.6579241752625,completed
1626.285087,30,6.820952,1.0,True,30,0,0,946.2091383934021,1234.588041305542,16.132376416524252,946.2091383934021,completed
1614.844093,30,6.854437,1.0,True,30,0,0,911.1955375671387,1203.8091220855713,15.570809173583985,911.1955375671387,completed
1437.319434,30,6.887629,1.0,True,30,0,0,911.3968052864075,1322.4656286239624,16.768838183085123,911.3968052864075,completed
2024.816333,30,6.922592,1.0,True,30,0,0,797.9230446815491,1039.2057466506958,15.388391987482708,797.9230446815491,completed
2393.875066,30,6.956101,1.0,True,30,0,0,808.6834270954132,949.9047837257385,9.100326919555664,808.6834270954132,completed
2059.007116,30,6.989137,1.0,True,30,0,0,809.4105367660522,1047.7309160232544,13.29737590154012,809.4105367660522,completed
1578.018116,30,7.022128,1.0,True,30,0,0,1016.1549587249756,1316.425986289978,14.737005392710367,1016.1549587249756,completed
735.102901,30,7.055526,1.0,True,30,0,0,1065.1580369472504,1507.3017783164978,22.7128386815389,1065.1580369472504,completed
3439.795389,30,7.088597,1.0,True,30,0,0,633.9078960418701,744.0290651321411,0.5237983703613281,633.9078960418701,completed
1612.011234,30,7.122052,1.0,True,30,0,0,882.5031409263611,1344.6234583854675,15.40668462117513,882.5031409263611,completed
1124.168695,30,7.155152,1.0,True,30,0,0,1046.9013676643372,1403.4312467575073,19.565268548329673,1046.9013676643372,completed
2520.634298,30,7.188834,1.0,True,30,0,0,814.932620048523,1090.9564609527588,7.2559003829956055,814.932620048523,completed
1668.046161,30,7.222005,1.0,True,30,0,0,976.217716217041,1130.6288146972656,16.208858553568522,976.217716217041,completed
2160.231463,30,7.25523,1.0,True,30,0,0,830.0573062896729,1197.4877262115479,10.741627566019694,830.0573062896729,completed
2131.125702,30,7.288594,1.0,True,30,0,0,836.4621286392212,1192.0205235481262,10.429574076334635,836.4621286392212,completed
2594.699917,30,7.32198,1.0,True,30,0,0,801.0115265846252,1024.0933561325073,6.136507924397787,801.0115265846252,completed
3012.365516,30,7.355078,1.0,True,30,0,0,756.5375142097473,882.4635591506958,3.0500343322753904,756.5375142097473,completed
1919.744554,30,7.388263,1.0,True,30,0,0,812.5846400260925,1147.5438928604126,14.173439661661783,812.5846400260925,completed
2653.361264,30,7.421456,1.0,True,30,0,0,781.5273723602295,993.6819381713867,6.744536336263021,781.5273723602295,completed
2607.351608,30,7.455059,1.0,True,30,0,0,741.5426924228668,1048.4963335990906,6.489613501230876,741.5426924228668,completed
1100.074432,30,7.488202,1.0,True,30,0,0,1028.013957977295,1422.8551845550537,18.549608167012533,1028.013957977295,completed
1510.302746,30,7.521424,1.0,True,30,0,0,967.1575655937195,1318.9704103469849,15.05892105102539,967.1575655937195,completed
776.423706,30,7.555598,1.0,True,30,0,0,1137.2789688110352,1502.6131553649902,22.638907368977865,1137.2789688110352,completed
2812.468929,30,7.589666,1.0,True,30,0,0,713.912665605545,918.3416085243225,6.566795031229655,713.912665605545,completed
1124.137533,30,7.622956,1.0,True,30,0,0,897.6160230636597,1339.3344974517822,23.067081769307453,897.6160230636597,completed
-1041.550299,30,7.658458,1.0,True,30,0,0,1449.1430246829987,1983.0710775852203,37.67810497283936,1449.1430246829987,completed
2323.353157,30,7.694601,1.0,True,30,0,0,818.6800920963287,1126.2857298851013,7.77540807723999,818.6800920963287,completed
1217.999768,30,7.728338,1.0,True,30,0,0,931.5676283836365,1449.0090675354004,18.735828018188478,931.5676283836365,completed
2609.840225,30,7.761899,1.0,True,30,0,0,853.8778145313263,1096.1553139686584,5.284370676676432,853.8778145313263,completed
-224.412392,30,7.845788,1.0,True,30,0,0,1258.3216094970703,1738.9661483764648,33.35927772521973,1258.3216094970703,completed
3176.235795,30,7.881867,1.0,True,30,0,0,653.18758893013,777.361822605133,3.6958941141764323,653.18758893013,completed
1812.910105,30,7.918176,1.0,True,30,0,0,917.7577247619629,1134.0474710464478,15.149717362721761,917.7577247619629,completed
1601.643981,30,7.9525,1.0,True,30,0,0,937.3939743041992,1313.9429216384888,14.759707005818685,937.3939743041992,completed
2132.453508,30,7.986668,1.0,True,30,0,0,788.5111689567566,1001.5342416763306,13.545868746439616,788.5111689567566,completed
2011.190535,30,9.057981,1.0,True,30,0,0,924.4525721073151,1117.77610206604,11.659736824035644,924.4525721073151,completed
1412.024536,30,9.09342,1.0,True,30,0,0,855.7098450660706,1240.0189280509949,19.6754789352417,855.7098450660706,completed
1441.294756,30,9.127846,1.0,True,30,0,0,873.0878558158875,1295.9536180496216,18.821725845336914,873.0878558158875,completed
3001.655591,30,9.162235,1.0,True,30,0,0,796.9941718876362,970.065946161747,1.2179227511088053,796.9941718876362,completed
1856.575257,30,9.195811,1.0,True,30,0,0,885.6975593566895,1157.9444856643677,13.471121215820313,885.6975593566895,completed
1831.516945,30,9.229556,1.0,True,30,0,0,960.1718511581421,1192.7075128555298,14.173361333211263,960.1718511581421,completed
1218.021232,30,9.263354,1.0,True,30,0,0,997.5946214199066,1373.278106212616,19.463601303100585,997.5946214199066,completed
1399.745671,30,9.29779,1.0,True,30,0,0,914.5262422561646,1405.3542184829712,15.844149049123128,914.5262422561646,completed
2618.941332,30,9.332095,1.0,True,30,0,0,817.2160501480103,980.6115026473999,6.78427308400472,817.2160501480103,completed
1875.480392,30,9.366048,1.0,True,30,0,0,953.5730829238892,1311.7957744598389,10.490006764729818,953.5730829238892,completed
2303.966864,30,9.399824,1.0,True,30,0,0,816.5828409194946,1164.5975914001465,7.833768018086752,816.5828409194946,completed
2651.687416,30,9.434044,1.0,True,30,0,0,756.8034706115723,1044.303913116455,6.0916032791137695,756.8034706115723,completed
1775.761881,30,9.468367,1.0,True,30,0,0,908.1267457008362,1268.5323610305786,12.982941246032714,908.1267457008362,completed
1761.46393,30,9.502617,1.0,True,30,0,0,891.1074194908142,1151.0065650939941,15.129406611124674,891.1074194908142,completed
897.681297,30,9.537021,1.0,True,30,0,0,1083.3457835167646,1574.723093599081,19.001930491129556,1083.3457835167646,completed
2901.590439,30,9.571024,1.0,True,30,0,0,725.7928668260574,946.4156229496002,4.447944259643554,725.7928668260574,completed
2543.57373,30,9.604944,1.0,True,30,0,0,801.2816505432129,937.4558639526367,8.574263827006023,801.2816505432129,completed
493.2845,30,9.638436,1.0,True,30,0,0,995.8190598487854,1506.4959335327148,29.117975616455077,995.8190598487854,completed
1147.742813,30,9.675162,1.0,True,30,0,0,1046.902111530304,1442.8943004608154,18.865536499023438,1046.902111530304,completed
1547.734,30,9.70963,1.0,True,30,0,0,949.2048592567444,1268.6191682815552,15.954366652170817,949.2048592567444,completed
2414.241205,30,9.743452,1.0,True,30,0,0,903.0768567323685,1166.551807641983,5.928428204854329,903.0768567323685,completed
2028.735316,30,9.777394,1.0,True,30,0,0,872.8662910461426,1191.4599046707153,12.198983573913575,872.8662910461426,completed
1438.52508,30,9.811345,1.0,True,30,0,0,908.2719025611877,1321.8121461868286,17.20864028930664,908.2719025611877,completed
1848.629308,30,9.84503,1.0,True,30,0,0,880.5747685432434,1256.8243770599365,11.841983604431153,880.5747685432434,completed
1894.532913,30,9.878914,1.0,True,30,0,0,874.5744829177856,1218.1470489501953,13.096010716756185,874.5744829177856,completed
-883.551,30,9.912678,1.0,True,30,0,0,1330.0572191476822,2226.89665722847,33.43217242558797,1330.0572191476822,completed
2176.2115,30,9.946578,1.0,True,30,0,0,735.5584206581116,1086.8290691375732,11.782357851664225,735.5584206581116,completed
1742.325364,30,9.980114,1.0,True,30,0,0,879.6512553691864,1209.1469991207123,15.330369726816814,879.6512553691864,completed
2124.320346,30,10.013742,1.0,True,30,0,0,810.484719991684,1014.7689661979675,12.385715993245443,810.484719991684,completed
1874.580436,30,10.047799,1.0,True,30,0,0,925.4913382530212,1316.1741752624512,11.538886133829752,925.4913382530212,completed
886.903259,30,10.081407,1.0,True,30,0,0,1023.2090220451355,1428.1670846939087,21.636458905537925,1023.2090220451355,completed
1866.577591,30,10.114793,1.0,True,30,0,0,823.5811083316803,1260.6608834266663,14.12577953338623,823.5811083316803,completed
1892.412234,30,10.148262,1.0,True,30,0,0,930.6340174674988,1179.7693014144897,12.024352073669434,930.6340174674988,completed
835.948615,30,10.181381,1.0,True,30,0,0,994.0082235336304,1367.0516805648804,25.56482671101888,994.0082235336304,completed
3072.534297,30,10.214612,1.0,True,30,0,0,626.471172451973,771.2782766819,5.802948252360026,626.471172451973,completed
2176.442948,30,10.247854,1.0,True,30,0,0,845.0045719146729,1180.751057624817,10.21213575998942,845.0045719146729,completed
592.03454,30,10.281523,1.0,True,30,0,0,1189.384181022644,1619.2183113098145,23.053246815999348,1189.384181022644,completed
1784.038394,30,10.315383,1.0,True,30,0,0,852.5970520973206,1175.0403666496277,15.530982859929402,852.5970520973206,completed
2783.749826,30,10.34888,1.0,True,30,0,0,694.4186035394669,975.7136447429657,5.771900049845377,694.4186035394669,completed
2671.264008,30,10.382712,1.0,True,30,0,0,783.9293382167816,1025.1819968223572,5.427969868977865,783.9293382167816,completed
1761.533204,30,10.415698,1.0,True,30,0,0,926.8746826648712,1449.1294748783112,11.388326072692871,926.8746826648712,completed
845.492873,30,10.449223,1.0,True,30,0,0,1141.181962966919,1443.6565418243408,22.11292921702067,1141.181962966919,completed
2602.480627,30,10.482989,1.0,True,30,0,0,829.086835861206,999.0083656311035,7.019301160176595,829.086835861206,completed
1373.234649,30,10.517038,1.0,True,30,0,0,877.2245669364929,1322.7508478164673,19.423411305745443,877.2245669364929,completed
761.685786,30,10.55069,1.0,True,30,0,0,991.8472754955292,1462.769071340561,24.65266450246175,991.8472754955292,completed
1291.902046,30,10.584309,1.0,True,30,0,0,981.2482776641846,1283.5424175262451,18.37420546213786,981.2482776641846,completed
3075.74018,30,10.617601,1.0,True,30,0,0,699.759795665741,880.8542876243591,3.007737096150716,699.759795665741,completed
2579.203399,30,10.650731,1.0,True,30,0,0,786.7430903911591,1031.8119072914124,7.229294141133626,786.7430903911591,completed
1390.66662,30,10.684279,1.0,True,30,0,0,899.1545584201813,1281.086494922638,18.844091669718424,899.1545584201813,completed
1227.507059,30,10.717591,1.0,True,30,0,0,998.4042077064514,1413.3980712890625,18.56187562942505,998.4042077064514,completed
2012.783349,30,10.751049,1.0,True,30,0,0,854.3236036300659,1139.8821144104004,12.345869382222494,854.3236036300659,completed
2525.782305,30,10.78444,1.0,True,30,0,0,803.6364765167236,968.1419277191162,8.284661483764648,803.6364765167236,completed
2510.175315,30,10.818064,1.0,True,30,0,0,764.2552442550659,956.7138748168945,9.564771270751953,764.2552442550659,completed
1307.313848,30,10.851451,1.0,True,30,0,0,891.2993643283844,1236.0535941123962,19.887459659576415,891.2993643283844,completed
2647.809161,30,10.884942,1.0,True,30,0,0,710.2994018793106,874.9897401332855,9.308708063761394,710.2994018793106,completed
1709.009215,30,10.918125,1.0,True,30,0,0,941.6405644416809,1283.2103757858276,14.324583880106609,941.6405644416809,completed
674.942789,30,10.951622,1.0,True,30,0,0,992.204840183258,1476.7058010101318,25.83929875691732,992.204840183258,completed
2256.491953,30,10.98536,1.0,True,30,0,0,758.1746256351471,965.9210209846497,12.434835815429688,758.1746256351471,completed
1811.327569,30,11.018991,1.0,True,30,0,0,910.5302059650421,1200.206907749176,14.035445149739584,910.5302059650421,completed
2646.594266,30,11.052505,1.0,True,30,0,0,735.680980682373,973.5278244018555,7.268608983357748,735.680980682373,completed
890.680355,30,11.085728,1.0,True,30,0,0,1041.8569898605347,1366.6610984802246,23.76463737487793,1041.8569898605347,completed
1781.018689,30,11.119333,1.0,True,30,0,0,846.5192604064941,1193.8267993927002,15.297671254475912,846.5192604064941,completed
1726.556403,30,11.153114,1.0,True,30,0,0,1009.5158114433289,1153.4437546730042,15.315766334533691,1009.5158114433289,completed
2742.623079,30,11.186598,1.0,True,30,0,0,822.5953958034515,984.7786612510681,5.009385935465494,822.5953958034515,completed
559.190252,30,11.220275,1.0,True,30,0,0,1154.878740310669,1685.4868698120117,21.064115778605142,1154.878740310669,completed
1257.848514,30,11.254124,1.0,True,30,0,0,970.2498762607574,1492.2206671237946,17.725980440775555,970.2498762607574,completed
442.716506,30,11.287837,1.0,True,30,0,0,1248.3057947158813,2028.717589378357,18.69517780939738,1248.3057947158813,completed
1584.819333,30,11.32107,1.0,True,30,0,0,941.9879417419434,1345.6349620819092,15.246490732828777,941.9879417419434,completed
2484.010198,30,12.361517,1.0,True,30,0,0,759.1092548370361,982.089114189148,8.753770383199056,759.1092548370361,completed
358.052211,30,12.395542,1.0,True,30,0,0,1133.3339366912842,1620.4036407470703,27.49172369639079,1133.3339366912842,completed
2889.762979,30,12.429,1.0,True,30,0,0,725.1376342773438,975.0274920463562,4.1270699818929035,725.1376342773438,completed
2449.428923,30,12.462154,1.0,True,30,0,0,753.4469108581543,945.3466453552246,9.643693669637043,753.4469108581543,completed
2885.066779,30,12.495816,1.0,True,30,0,0,654.7157509326935,838.825183391571,6.573267809549967,654.7157509326935,completed
1634.413275,30,12.52919,1.0,True,30,0,0,899.5564374923706,1248.8024253845215,15.786169910430909,899.5564374923706,completed
1015.092857,30,12.562893,1.0,True,30,0,0,988.129141330719,1333.56307554245,22.001837921142577,988.129141330719,completed
1255.305924,30,12.596407,1.0,True,30,0,0,961.8109064102173,1361.15168094635,19.83901138305664,961.8109064102173,completed
2090.955507,30,12.62997,1.0,True,30,0,0,929.9815888404846,1171.1443338394165,10.129946200052897,929.9815888404846,completed
3072.298167,30,12.666934,1.0,True,30,0,0,687.5547704696655,773.4304332733154,4.739924907684326,687.5547704696655,completed
1325.121368,30,12.702356,1.0,True,30,0,0,923.5428414344788,1263.4005780220032,19.600204849243163,923.5428414344788,completed
576.753958,30,12.735832,1.0,True,30,0,0,1081.8444347381592,1595.728003501892,24.39730962117513,1081.8444347381592,completed
1989.473163,30,12.768937,1.0,True,30,0,0,854.5106259584427,1243.932136297226,11.241585199038187,854.5106259584427,completed
2276.649972,30,12.802461,1.0,True,30,0,0,837.4438161849976,1231.4961233139038,6.85396671295166,837.4438161849976,completed
2292.360848,30,12.835631,1.0,True,30,0,0,873.0135750770569,1122.1255197525024,9.491548919677735,873.0135750770569,completed
1313.549902,30,12.872056,1.0,True,30,0,0,817.4868292808533,1280.7334661483765,20.952519798278807,817.4868292808533,completed
2501.980975,30,12.908351,1.0,True,30,0,0,770.0592250823975,1051.5643310546875,7.487712097167969,770.0592250823975,completed
130.965566,30,12.942003,1.0,True,30,0,0,1262.6635766029358,1749.5777382850647,25.948346265157063,1262.6635766029358,completed
1959.118282,30,12.975628,1.0,True,30,0,0,867.0527766942978,1313.389598608017,10.34869155883789,867.0527766942978,completed
2153.709783,30,13.008876,1.0,True,30,0,0,785.9918956756592,987.898962020874,13.050103696187337,785.9918956756592,completed
1269.557597,30,13.042623,1.0,True,30,0,0,1042.3393077850342,1343.14359664917,18.709681034088135,1042.3393077850342,completed
2122.413624,30,13.07647,1.0,True,30,0,0,807.8736279010773,1094.9379382133484,12.223841126759847,807.8736279010773,completed
2594.268572,30,13.109976,1.0,True,30,0,0,741.8038153648376,931.8997182846069,7.592657470703125,741.8038153648376,completed
1575.127102,30,13.143358,1.0,True,30,0,0,982.5569825172424,1258.4551630020142,14.933967145284017,982.5569825172424,completed
2047.811807,30,13.176572,1.0,True,30,0,0,843.1186270713806,1083.8733949661255,12.900938034057617,843.1186270713806,completed
1063.713501,30,13.210484,1.0,True,30,0,0,1044.5670833587646,1699.7014999389648,15.581243324279786,1044.5670833587646,completed
1703.528294,30,13.24392,1.0,True,30,0,0,952.4310755729675,1206.620104789734,14.878849093119303,952.4310755729675,completed
2781.156826,30,13.277552,1.0,True,30,0,0,779.7631793022156,972.7099561691284,4.600071907043457,779.7631793022156,completed
1463.184187,30,13.311054,1.0,True,30,0,0,997.2465853691101,1490.2999505996704,14.485631942749023,997.2465853691101,completed
1934.114999,30,13.344799,1.0,True,30,0,0,863.8563497066498,1148.272298336029,12.99119439125061,863.8563497066498,completed
1027.546612,30,13.378128,1.0,True,30,0,0,1082.5103840827942,1433.2004432678223,19.857111167907714,1082.5103840827942,completed
1294.48982,30,13.411633,1.0,True,30,0,0,945.917546749115,1293.3345069885254,19.75486157735189,945.917546749115,completed
1849.218826,30,13.444917,1.0,True,30,0,0,903.6210694313049,1279.7975072860718,11.597187900543213,903.6210694313049,completed
1735.909693,30,13.478316,1.0,True,30,0,0,815.404363155365,1060.7592763900757,17.966874758402508,815.404363155365,completed
2019.927606,30,13.51158,1.0,True,30,0,0,919.7858443260193,1190.7857460975647,11.47227611541748,919.7858443260193,completed
644.30594,30,13.545109,1.0,True,30,0,0,1122.844605922699,1612.1200551986694,22.977587254842124,1122.844605922699,completed
2145.305937,30,13.579542,1.0,True,30,0,0,742.0373749732971,963.4563417434692,13.661161041259765,742.0373749732971,completed
2405.704277,30,13.612802,1.0,True,30,0,0,787.3794054985046,1075.5636110305786,8.479135131835937,787.3794054985046,completed
1527.796684,30,13.64659,1.0,True,30,0,0,995.3305251598358,1418.7119498252869,14.323697598775228,995.3305251598358,completed
1503.244396,30,13.679896,1.0,True,30,0,0,945.8191103935242,1275.4078330993652,18.271925354003905,945.8191103935242,completed
2036.487326,30,13.713365,1.0,True,30,0,0,842.9467277526855,1173.7665700912476,11.44335683186849,842.9467277526855,completed
1409.637093,30,13.746948,1.0,True,30,0,0,959.0697934627533,1338.2362236976624,15.631019751230875,959.0697934627533,completed
2401.155502,30,13.780703,1.0,True,30,0,0,759.3434028625488,987.6137971878052,9.197721322377523,759.3434028625488,completed
2654.517213,30,13.813969,1.0,True,30,0,0,755.9173352718353,847.7914471626282,9.239363225301107,755.9173352718353,completed
1597.545854,30,13.847599,1.0,True,30,0,0,965.1476449966431,1234.8232135772705,16.00100040435791,965.1476449966431,completed
2075.952927,30,13.881429,1.0,True,30,0,0,859.1091794967651,1153.0821151733398,11.419853973388673,859.1091794967651,completed
1784.565883,30,13.914818,1.0,True,30,0,0,934.162584066391,1214.1349041461945,14.823136202494304,934.162584066391,completed
2743.995966,30,13.948291,1.0,True,30,0,0,692.6568536758423,933.3354549407959,6.81234868367513,692.6568536758423,completed
2450.125563,30,13.981508,1.0,True,30,0,0,848.1055402755737,1072.8710594177246,6.76421578725179,848.1055402755737,completed
-1107.006543,30,14.015052,1.0,True,30,0,0,1371.3270428180695,1887.6520035266876,41.71321856180827,1371.3270428180695,completed
2343.970209,30,14.04853,1.0,True,30,0,0,836.8311443328857,1108.3263931274414,9.246201197306315,836.8311443328857,completed
317.890277,30,14.082314,1.0,True,30,0,0,961.6454448699951,1486.3575630187988,31.50215228398641,961.6454448699951,completed
2127.853993,30,14.115665,1.0,True,30,0,0,802.3513035774231,1186.9339952468872,10.501797167460124,802.3513035774231,completed
2256.815787,30,14.149619,1.0,True,30,0,0,725.0898184776306,1066.0345482826233,10.924871985117594,725.0898184776306,completed
2659.32392,30,14.183082,1.0,True,30,0,0,705.4232054948807,870.8827745914459,8.407518418629964,705.4232054948807,completed
1008.532834,30,14.216755,1.0,True,30,0,0,1001.5546140670776,1408.3218002319336,21.023006947835288,1001.5546140670776,completed
1846.927293,30,14.250186,1.0,True,30,0,0,867.8628597259521,1135.795386314392,15.466334438323974,867.8628597259521,completed
836.095401,30,14.283594,1.0,True,30,0,0,1059.5907764434814,1587.4494018554688,20.032596524556478,1059.5907764434814,completed
2656.022349,30,14.31678,1.0,True,30,0,0,808.045845746994,1062.8453969955444,4.750336774190267,808.045845746994,completed
1303.637626,30,14.350484,1.0,True,30,0,0,979.7180244922638,1372.5189299583435,18.22934560775757,979.7180244922638,completed
1476.54803,30,14.384089,1.0,True,30,0,0,938.3418107032776,1304.2634439468384,17.012618255615234,938.3418107032776,completed
1450.728401,30,14.41827,1.0,True,30,0,0,967.6911244392395,1456.3731031417847,14.360775184631347,967.6911244392395,completed
2805.430307,30,14.451658,1.0,True,30,0,0,819.4722113609314,926.1615633964539,4.651810773213705,819.4722113609314,completed
1961.63602,30,14.485167,1.0,True,30,0,0,799.3467435836792,1064.8105430603027,14.707738939921061,799.3467435836792,completed
2302.328853,30,14.518776,1.0,True,30,0,0,878.6547555923462,1051.9712648391724,9.305165036519368,878.6547555923462,completed
2972.080575,30,14.55186,1.0,True,30,0,0,649.8681530952454,775.4781847000122,5.9162088394165036,649.8681530952454,completed
1833.529293,30,14.585359,1.0,True,30,0,0,879.1182289123535,1081.7896461486816,15.317185974121093,879.1182289123535,completed
1877.703617,30,14.619122,1.0,True,30,0,0,951.2022705078125,1222.0270509719849,12.122421073913575,951.2022705078125,completed
791.563478,30,14.652554,1.0,True,30,0,0,1098.8083095550537,1610.6233472824097,20.791097577412923,1098.8083095550537,completed
1908.561332,30,15.689047,1.0,True,30,0,0,914.9576959609985,1277.8301792144775,10.530847549438477,914.9576959609985,completed
1592.158418,30,15.722693,1.0,True,30,0,0,873.9384784698486,1411.2066116333008,14.185853703816731,873.9384784698486,completed
1967.807472,30,15.755912,1.0,True,30,0,0,887.2713203430176,1089.0050373077393,13.698736572265625,887.2713203430176,completed
2658.934887,30,15.789238,1.0,True,30,0,0,816.8961353302002,968.2841234207153,5.930248260498047,816.8961353302002,completed
2341.045926,30,15.824372,1.0,True,30,0,0,924.0000104904175,1100.8850631713867,7.726341629028321,924.0000104904175,completed
1268.652202,30,15.85801,1.0,True,30,0,0,958.3471460342407,1512.6150150299072,15.624383227030437,958.3471460342407,completed
205.382404,30,15.89161,1.0,True,30,0,0,1138.8629179000854,1587.675166130066,29.330952707926432,1138.8629179000854,completed
2014.42784,30,15.924962,1.0,True,30,0,0,806.5114307403564,1144.325903892517,13.548446782430013,806.5114307403564,completed
341.333539,30,15.958462,1.0,True,30,0,0,969.6195657253265,1549.8422753810883,29.451136970520018,969.6195657253265,completed
2819.538824,30,15.991608,1.0,True,30,0,0,733.3121118545532,871.7890491485596,5.858432579040527,733.3121118545532,completed
2005.619306,30,16.025063,1.0,True,30,0,0,783.4388484954834,1133.5652875900269,13.706592814127605,783.4388484954834,completed
2119.191638,30,16.059203,1.0,True,30,0,0,770.9524974822998,1108.6639308929443,11.561775652567546,770.9524974822998,completed
482.384521,30,16.092466,1.0,True,30,0,0,1095.6750071048737,1615.3305315971375,25.47244815826416,1095.6750071048737,completed
2691.656261,30,16.125828,1.0,True,30,0,0,753.2413463592529,906.6390933990479,7.984932136535645,753.2413463592529,completed
1995.952958,30,16.159311,1.0,True,30,0,0,799.3649660348892,1056.42151761055,14.289406553904216,799.3649660348892,completed
1926.800048,30,16.192832,1.0,True,30,0,0,927.850971698761,1208.680046081543,11.782355308532715,927.850971698761,completed
1958.165305,30,16.226332,1.0,True,30,0,0,764.2141499519348,1192.0134344100952,13.61819044748942,764.2141499519348,completed
2782.196393,30,16.259847,1.0,True,30,0,0,699.2320595383644,834.2950106859207,7.092330996195475,699.2320595383644,completed
1819.654384,30,16.294318,1.0,True,30,0,0,858.3398983478546,1080.8246989250183,16.60724180539449,858.3398983478546,completed
2352.405363,30,16.327337,1.0,True,30,0,0,696.4250001907349,923.6339931488037,13.062370745340983,696.4250001907349,completed
1752.419563,30,16.360756,1.0,True,30,0,0,919.5276890993118,1240.288509607315,14.192441050211588,919.5276890993118,completed
917.338312,30,16.394461,1.0,True,30,0,0,1059.00683760643,1448.4439280033112,22.06615441640218,1059.00683760643,completed
2281.896893,30,16.42812,1.0,True,30,0,0,749.1194129735231,1022.7909165918827,11.476024182637532,749.1194129735231,completed
1370.266089,30,16.461519,1.0,True,30,0,0,967.7091436386108,1347.6462135314941,17.694959831237792,967.7091436386108,completed
1922.911934,30,16.495233,1.0,True,30,0,0,844.7369167804718,1189.4695227146149,13.447157351175944,844.7369167804718,completed
2124.900927,30,16.528596,1.0,True,30,0,0,777.5609412193298,1013.3742799758911,12.73084667523702,777.5609412193298,completed
2885.179877,30,16.562141,1.0,True,30,0,0,751.405478477478,823.3171901702881,5.8887987772623696,751.405478477478,completed
173.771715,30,16.595427,1.0,True,30,0,0,1202.4916224479675,1646.182879447937,27.73220240275065,1202.4916224479675,completed
1441.499125,30,16.628919,1.0,True,30,0,0,954.7631657123566,1408.3993601799011,16.35672798156738,954.7631657123566,completed
1916.767656,30,16.662524,1.0,True,30,0,0,940.976399898529,1122.358546257019,12.567535050710042,940.976399898529,completed
1021.155118,30,16.696093,1.0,True,30,0,0,994.2090077400208,1426.374981880188,21.388449954986573,994.2090077400208,completed
1374.186993,30,16.729475,1.0,True,30,0,0,1067.2040672302246,1409.5819339752197,14.665840657552083,1067.2040672302246,completed
1037.545084,30,16.763037,1.0,True,30,0,0,1021.7892353534698,1516.5770134925842,19.18577766418457,1021.7892353534698,completed
1748.010263,30,16.79672,1.0,True,30,0,0,913.0922651290894,1189.8149328231812,15.25563252766927,913.0922651290894,completed
1865.961821,30,16.830278,1.0,True,30,0,0,932.1280741691589,1189.501301765442,12.688498369852702,932.1280741691589,completed
2290.355988,30,16.863948,1.0,True,30,0,0,870.6962103843689,1206.337233543396,7.587588818868001,870.6962103843689,completed
2264.205317,30,16.89734,1.0,True,30,0,0,772.0787906646729,1004.0929126739502,11.467420085271199,772.0787906646729,completed
-52.813111,30,16.930945,1.0,True,30,0,0,1218.2012691497803,1668.137204170227,30.115690422058105,1218.2012691497803,completed
2088.726763,30,16.964465,1.0,True,30,0,0,766.7846176624298,1054.9964184761047,13.92844009399414,766.7846176624298,completed
2246.209595,30,16.997922,1.0,True,30,0,0,823.5244979858398,1101.7524242401123,9.879133987426759,823.5244979858398,completed
2170.874961,30,17.0316,1.0,True,30,0,0,917.6316621303558,1181.2472071647644,8.736235237121582,917.6316621303558,completed
1226.666133,30,17.064978,1.0,True,30,0,0,931.9630835056305,1289.2300724983215,20.266715621948244,931.9630835056305,completed
1475.978466,30,17.098563,1.0,True,30,0,0,948.0000221729279,1309.9299912452698,15.988308842976888,948.0000221729279,completed
1633.800746,30,17.131674,1.0,True,30,0,0,847.6917409896851,1238.6527080535889,16.501103846232095,847.6917409896851,completed
2594.189889,30,17.165186,1.0,True,30,0,0,765.1289558410645,1124.3513655662537,5.499103927612305,765.1289558410645,completed
1986.042537,30,17.199131,1.0,True,30,0,0,833.0028018951416,1161.2561531066895,11.779566891988118,833.0028018951416,completed
2701.384425,30,17.232963,1.0,True,30,0,0,825.5473761558533,994.4219675064087,5.073716417948405,825.5473761558533,completed
714.318161,30,17.266369,1.0,True,30,0,0,998.4761319160461,1482.0074663162231,24.189799118041993,998.4761319160461,completed
1990.570072,30,17.299827,1.0,True,30,0,0,829.6731369495392,1134.3509259223938,13.480667114257812,829.6731369495392,completed
1863.971813,30,17.333371,1.0,True,30,0,0,956.2815837860107,1203.5874376296997,13.055217583974203,956.2815837860107,completed
1210.419413,30,17.366665,1.0,True,30,0,0,1070.2890667915344,1485.3938674926758,16.807898203531902,1070.2890667915344,completed
-437.00629,30,17.400307,1.0,True,30,0,0,1196.798794746399,1918.9959163665771,33.38385842641195,1196.798794746399,completed
2023.030729,30,17.433872,1.0,True,30,0,0,853.2077660560608,1081.202217578888,14.512036196390788,853.2077660560608,completed
2347.382631,30,17.467988,1.0,True,30,0,0,728.9516446590424,990.3287072181702,10.348080062866211,728.9516446590424,completed
1804.547998,30,17.501384,1.0,True,30,0,0,822.0006906986237,1159.8896203041077,16.6062167485555,822.0006906986237,completed
2057.083463,30,17.534883,1.0,True,30,0,0,892.4796783924103,1080.135546207428,12.737993812561035,892.4796783924103,completed
2656.998599,30,17.568598,1.0,True,30,0,0,824.3320789337158,879.0218811035156,7.10796807607015,824.3320789337158,completed
3138.01608,30,17.604162,1.0,True,30,0,0,621.0897407531738,770.7350854873657,4.3586913585662845,621.0897407531738,completed
2119.926594,30,17.637545,1.0,True,30,0,0,861.3133616447449,1062.5288786888123,11.491727034250895,861.3133616447449,completed
1747.155761,30,17.676321,1.0,True,30,0,0,975.9456191062927,1357.501696586609,12.400416692097982,975.9456191062927,completed
1914.004223,30,17.711797,1.0,True,30,0,0,798.8295192718506,1132.6036109924316,13.430568218231201,798.8295192718506,completed
1487.803568,30,17.746663,1.0,True,30,0,0,986.5004439353943,1292.2783555984497,16.146499570210775,986.5004439353943,completed
1788.88805,30,17.780403,1.0,True,30,0,0,828.191864490509,1164.9904642105103,15.461788686116536,828.191864490509,completed
3137.481546,30,17.814159,1.0,True,30,0,0,720.9377274513245,916.6083383560181,1.9447774251302083,720.9377274513245,completed
2310.706402,30,17.847437,1.0,True,30,0,0,781.5359106063843,1003.6321487426758,10.606278133392333,781.5359106063843,completed
869.002749,30,17.881008,1.0,True,30,0,0,1093.494960784912,1385.4451723098755,22.848509756724038,1093.494960784912,completed
2298.718175,30,17.914606,1.0,True,30,0,0,851.6606607437134,1106.7041025161743,9.048515256245931,851.6606607437134,completed
2417.148609,30,17.948411,1.0,True,30,0,0,738.935720205307,953.5936913490295,11.008948310216267,738.935720205307,completed
-91.058715,30,18.981337,1.0,True,30,0,0,1184.4881219863892,1830.3183507919312,28.5335942586263,1184.4881219863892,completed
887.921124,30,19.016278,1.0,True,30,0,0,1058.4006204605103,1507.7767162322998,21.474735260009766,1058.4006204605103,completed
2335.712256,30,19.050087,1.0,True,30,0,0,818.459662437439,1127.6612386703491,8.796409734090169,818.459662437439,completed
1102.710076,30,19.084396,1.0,True,30,0,0,1035.2709827423096,1382.377950668335,19.591859817504883,1035.2709827423096,completed
1597.258889,30,19.118287,1.0,True,30,0,0,952.7515845298767,1420.8564825057983,12.71913382212321,952.7515845298767,completed
1802.663704,30,19.151811,1.0,True,30,0,0,891.012654542923,1108.9446921348572,16.048159027099608,891.012654542923,completed
968.534772,30,19.185881,1.0,True,30,0,0,948.0458650588989,1559.4213848114014,19.454569753011068,948.0458650588989,completed
2307.132774,30,19.219105,1.0,True,30,0,0,751.5513596534729,1011.883677482605,10.814406077067057,751.5513596534729,completed
2113.311643,30,19.252288,1.0,True,30,0,0,779.6290738582611,1074.5700738430023,12.614730517069498,779.6290738582611,completed
1142.202586,30,19.285934,1.0,True,30,0,0,929.518072605133,1346.2991638183594,21.069291496276854,929.518072605133,completed
1941.97144,30,19.319479,1.0,True,30,0,0,966.0039414167404,1518.7774436473846,7.1295167922973635,966.0039414167404,completed
1436.647132,30,19.352982,1.0,True,30,0,0,979.5330939292908,1342.073649406433,16.572533289591473,979.5330939292908,completed
2586.938875,30,19.386717,1.0,True,30,0,0,790.5993165969849,934.1243505477905,8.852745819091798,790.5993165969849,completed
2560.063784,30,19.420265,1.0,True,30,0,0,793.1160440444946,1103.0537662506104,5.3451241175333655,793.1160440444946,completed
1712.565983,30,19.454013,1.0,True,30,0,0,870.8177199363708,1214.0587034225464,16.2413135210673,870.8177199363708,completed
2445.240277,30,19.487766,1.0,True,30,0,0,739.8622207641602,1003.1131420135498,9.206965573628743,739.8622207641602,completed
2848.297898,30,19.521423,1.0,True,30,0,0,723.7689623832703,919.9611883163452,5.4247236251831055,723.7689623832703,completed
1262.745661,30,19.555315,1.0,True,30,0,0,906.571830034256,1345.4434638023376,18.472057183583576,906.571830034256,completed
2862.895897,30,19.588719,1.0,True,30,0,0,687.1894364356995,837.5529947280884,6.641369120279948,687.1894364356995,completed
2032.844679,30,19.622498,1.0,True,30,0,0,804.7669806480408,1105.7714939117432,14.382441488901774,804.7669806480408,completed
1768.789295,30,19.656108,1.0,True,30,0,0,890.7263679504395,1236.0831694602966,13.868056631088256,890.7263679504395,completed
2091.389171,30,19.689538,1.0,True,30,0,0,858.8100209236145,1085.2062458992004,11.993299102783203,858.8100209236145,completed
1841.72742,30,19.723149,1.0,True,30,0,0,885.2167282104492,1146.2011470794678,13.93868802388509,885.2167282104492,completed
2608.140811,30,19.756453,1.0,True,30,0,0,780.8939037322998,1079.7262034416199,6.760400390625,780.8939037322998,completed
2137.938095,30,19.79031,1.0,True,30,0,0,842.084651350975,1073.9685809612274,12.424094581604004,842.084651350975,completed
1998.041088,30,19.823986,1.0,True,30,0,0,861.4312582015991,1102.1769280433655,12.795092264811197,861.4312582015991,completed
-228.691243,30,19.857467,1.0,True,30,0,0,1201.4845037460327,1939.7304468154907,29.06828416188558,1201.4845037460327,completed
2298.440595,30,19.892988,1.0,True,30,0,0,930.0552096366882,1201.8437604904175,6.524969037373861,930.0552096366882,completed
2228.838386,30,19.926252,1.0,True,30,0,0,900.9237875938416,1152.984878540039,8.03873291015625,900.9237875938416,completed
1514.111221,30,19.959558,1.0,True,30,0,0,882.5655374526978,1244.5685577392578,17.622067387898763,882.5655374526978,completed
2101.411381,30,19.992937,1.0,True,30,0,0,767.598771572113,1124.6825704574585,12.431308809916178,767.598771572113,completed
1775.293457,30,20.026575,1.0,True,30,0,0,853.9210364818573,1084.526596546173,16.906244413057962,853.9210364818573,completed
2307.815267,30,20.060002,1.0,True,30,0,0,893.6663637161255,1076.0323629379272,9.45582192738851,893.6663637161255,completed
2548.067105,30,20.093547,1.0,True,30,0,0,811.3838686943054,973.8556261062622,7.314356422424316,811.3838686943054,completed
2455.542473,30,20.126936,1.0,True,30,0,0,852.3476938009262,1173.7263820171356,5.615831502278646,852.3476938009262,completed
2157.211545,30,20.160559,1.0,True,30,0,0,853.7189856767654,1148.1828682422638,10.625931803385416,853.7189856767654,completed
3544.418286,30,20.193975,1.0,True,30,0,0,549.568708896637,664.0611982345581,1.089552847544352,549.568708896637,completed
3421.24356,30,20.22732,1.0,True,30,0,0,546.4550176858902,652.1640450954437,2.9750496705373126,546.4550176858902,completed
1991.193141,30,20.260602,1.0,True,30,0,0,833.1669235229492,1092.0436525344849,14.210978126525879,833.1669235229492,completed
2350.720917,30,20.294,1.0,True,30,0,0,791.0341730117798,1051.500207901001,9.38347250620524,791.0341730117798,completed
1363.916751,30,20.327358,1.0,True,30,0,0,1015.5419747829437,1411.4556193351746,16.569281387329102,1015.5419747829437,completed
1998.241804,30,20.360861,1.0,True,30,0,0,936.5783052444458,1098.0832347869873,12.531994247436524,936.5783052444458,completed
2154.793064,30,20.394568,1.0,True,30,0,0,776.5578055381775,1081.7764105796814,12.238636684417724,776.5578055381775,completed
1822.653416,30,20.427968,1.0,True,30,0,0,905.5500040054321,1286.9097652435303,13.140264002482096,905.5500040054321,completed
1629.01029,30,20.461219,1.0,True,30,0,0,899.3428401947021,1256.8377094268799,16.56437543233236,899.3428401947021,completed
215.643844,30,20.494652,1.0,True,30,0,0,1137.5177850723267,1810.84765625,24.665217717488606,1137.5177850723267,completed
2083.74609,30,20.527993,1.0,True,30,0,0,898.4413166046143,1084.086907863617,12.161558691660563,898.4413166046143,completed
1737.306049,30,20.561407,1.0,True,30,0,0,895.6313123703003,1198.21298122406,14.621348063151041,895.6313123703003,completed
1332.650085,30,20.594438,1.0,True,30,0,0,958.0473117828369,1385.6348762512207,17.305386066436768,958.0473117828369,completed
1347.460807,30,20.628265,1.0,True,30,0,0,897.3646485805511,1284.3741869926453,19.105146630605063,897.3646485805511,completed
2226.405674,30,20.66132,1.0,True,30,0,0,869.2067923545837,1165.8291792869568,10.244302558898926,869.2067923545837,completed
2138.653458,30,20.694567,1.0,True,30,0,0,774.4912846088409,949.309317111969,13.70685871442159,774.4912846088409,completed
1174.902289,30,20.728087,1.0,True,30,0,0,942.5133862495422,1355.9512777328491,20.634054565429686,942.5133862495422,completed
1453.927417,30,20.761243,1.0,True,30,0,0,925.7485554218292,1369.5863709449768,16.317974026997884,925.7485554218292,completed
2380.105092,30,20.794628,1.0,True,30,0,0,746.1517496109009,1023.2016487121582,10.69470074971517,746.1517496109009,completed
1779.878183,30,20.82826,1.0,True,30,0,0,778.5057909488678,1171.6349663734436,16.820331319173178,778.5057909488678,completed
1836.042278,30,20.861613,1.0,True,30,0,0,895.4888081550598,1175.5740146636963,13.80888368288676,895.4888081550598,completed
1752.278446,30,20.895571,1.0,True,30,0,0,861.5579080581665,1208.0320138931274,14.532526556650797,861.5579080581665,completed
1346.410073,30,20.928883,1.0,True,30,0,0,972.0328388214111,1396.4742708206177,17.570808760325114,972.0328388214111,completed
2439.973113,30,20.9621,1.0,True,30,0,0,867.7352151870728,1213.6718549728394,5.405778630574544,867.7352151870728,completed
1485.359994,30,20.995664,1.0,True,30,0,0,973.4545950889587,1304.7068223953247,15.256495745976766,973.4545950889587,completed
1289.694034,30,21.029264,1.0,True,30,0,0,956.5705914497375,1319.6395816802979,18.829334513346353,956.5705914497375,completed
2039.805757,30,21.062749,1.0,True,30,0,0,950.5917096138,1062.2119407653809,11.940101369222004,950.5917096138,completed
1935.60268,30,21.09615,1.0,True,30,0,0,828.3454327583313,1120.8369512557983,12.991156895955404,828.3454327583313,completed
2624.813337,30,21.129342,1.0,True,30,0,0,819.2422106266022,971.906391620636,8.075738430023193,819.2422106266022,completed
1178.219007,30,21.163163,1.0,True,30,0,0,965.9304761886597,1322.0629272460938,20.13255812327067,965.9304761886597,completed
1946.000826,30,21.196556,1.0,True,30,0,0,835.2340364456177,1145.6945896148682,13.959911727905274,835.2340364456177,completed
2386.957144,30,21.229915,1.0,True,30,0,0,783.1351187229156,1031.9424958229065,9.633750661214192,783.1351187229156,completed
2092.433546,30,22.260209,1.0,True,30,0,0,992.8065099716187,1124.614308834076,10.330113474527995,992.8065099716187,completed
2176.201257,30,22.294183,1.0,True,30,0,0,846.1307148933411,1132.2006978988647,10.26165911356608,846.1307148933411,completed
1461.305552,30,22.32797,1.0,True,30,0,0,975.7694716453552,1332.3231363296509,15.961288579305013,975.7694716453552,completed
1636.433936,30,22.361634,1.0,True,30,0,0,857.7091455459595,1335.0272941589355,15.006842549641927,857.7091455459595,completed
1615.958308,30,22.395159,1.0,True,30,0,0,860.2782220840454,1260.420711517334,17.10686626434326,860.2782220840454,completed
2760.04946,30,22.428777,1.0,True,30,0,0,749.1358704566956,878.3517599105835,6.571368026733398,749.1358704566956,completed
1991.007208,30,22.4622,1.0,True,30,0,0,858.3169474601746,1166.2807173728943,12.184897247950236,858.3169474601746,completed
1851.833646,30,22.495877,1.0,True,30,0,0,830.563639163971,1138.8554468154907,14.451452986399334,830.563639163971,completed
927.558138,30,22.529624,1.0,True,30,0,0,834.0476317405701,1332.7691926956177,25.432786178588866,834.0476317405701,completed
1784.000027,30,22.56314,1.0,True,30,0,0,923.3284320831299,1218.9305381774902,14.436322021484376,923.3284320831299,completed
2394.813552,30,22.597165,1.0,True,30,0,0,814.0645999908447,1194.8167905807495,7.874153645833333,814.0645999908447,completed
1396.981699,30,22.630747,1.0,True,30,0,0,862.33516061306,1322.1375710964203,18.354431279500325,862.33516061306,completed
-156.12866,30,22.665661,1.0,True,30,0,0,1115.8448648452759,1781.8410530090332,30.359943040211995,1115.8448648452759,completed
2716.200084,30,22.701616,1.0,True,30,0,0,750.7298564910889,917.9257049560547,6.97739543914795,750.7298564910889,completed
2460.954843,30,22.735205,1.0,True,30,0,0,802.5383424758911,962.1712350845337,9.068896547953289,802.5383424758911,completed
1822.056443,30,22.768461,1.0,True,30,0,0,916.991156578064,1154.5909442901611,13.378313732147216,916.991156578064,completed
2001.214185,30,22.801564,1.0,True,30,0,0,893.9261224269867,1122.4073650836945,11.629700660705566,893.9261224269867,completed
2026.208884,30,22.836727,1.0,True,30,0,0,887.4082009494305,1151.941345155239,12.40351193745931,887.4082009494305,completed
1457.142215,30,22.870234,1.0,True,30,0,0,983.2761297225952,1435.2963275909424,14.901102447509766,983.2761297225952,completed
1400.730618,30,22.903665,1.0,True,30,0,0,980.3086113929749,1342.4570207595825,16.739691543579102,980.3086113929749,completed
1309.817073,30,22.93703,1.0,True,30,0,0,952.8516960144043,1345.7761907577515,18.051968320210776,952.8516960144043,completed
3228.993186,30,22.970502,1.0,True,30,0,0,601.044415473938,720.1102914810181,4.3876474062601725,601.044415473938,completed
1257.796443,30,23.003905,1.0,True,30,0,0,1013.7573959827423,1393.1573557853699,18.274600474039712,1013.7573959827423,completed
1899.124324,30,23.037591,1.0,True,30,0,0,912.5298805236816,1239.7068281173706,11.411337280273438,912.5298805236816,completed
2536.096408,30,23.070959,1.0,True,30,0,0,795.3539130687714,885.3397736549377,9.713624890645345,795.3539130687714,completed
1182.37558,30,23.104057,1.0,True,30,0,0,1038.3832039833069,1533.6311655044556,17.54333693186442,1038.3832039833069,completed
2817.097126,30,23.13724,1.0,True,30,0,0,651.0289614200592,834.1396832466125,7.412197430928548,651.0289614200592,completed
1388.353637,30,23.171797,1.0,True,30,0,0,871.9874181747437,1191.5648384094238,20.37887649536133,871.9874181747437,completed
1230.716187,30,23.208474,1.0,True,30,0,0,1020.7442073822021,1318.0010242462158,20.033936023712158,1020.7442073822021,completed
1003.727256,30,23.242409,1.0,True,30,0,0,966.406063079834,1263.6921682357788,24.106128692626953,966.406063079834,completed
2601.295154,30,23.27611,1.0,True,30,0,0,757.2156643867493,947.7764348983765,8.280356152852375,757.2156643867493,completed
-346.898166,30,23.309465,1.0,True,30,0,0,1157.6036717891693,1764.3490166664124,33.02586741447449,1157.6036717891693,completed
827.988508,30,23.343264,1.0,True,30,0,0,1075.5607713460922,1477.198340177536,22.862614250183107,1075.5607713460922,completed
2443.933664,30,23.377,1.0,True,30,0,0,718.9884366989136,950.6929540634155,9.565183734893798,718.9884366989136,completed
1567.800723,30,23.410059,1.0,True,30,0,0,963.0944893360138,1344.8452761173248,14.08354632059733,963.0944893360138,completed
1945.912301,30,23.443661,1.0,True,30,0,0,815.3145987987518,1107.4587893486023,14.028237851460775,815.3145987987518,completed
1132.285824,30,23.476905,1.0,True,30,0,0,1029.1444034576416,1359.8873262405396,21.239191246032714,1029.1444034576416,completed
1865.978496,30,23.510241,1.0,True,30,0,0,854.7158970832825,1208.3190145492554,13.95068416595459,854.7158970832825,completed
2577.656703,30,23.543529,1.0,True,30,0,0,745.4577823877335,997.8682792186737,7.040225346883138,745.4577823877335,completed
1850.459064,30,23.577036,1.0,True,30,0,0,806.6370801925659,1217.8746643066406,14.098275947570801,806.6370801925659,completed
2409.377702,30,23.610524,1.0,True,30,0,0,871.1466865539551,1049.708080291748,8.470923296610515,871.1466865539551,completed
2213.855765,30,23.644107,1.0,True,30,0,0,803.3148097991943,1098.0041217803955,11.105846913655599,803.3148097991943,completed
888.058046,30,23.677553,1.0,True,30,0,0,991.188511133194,1441.8665277957916,22.10292778015137,991.188511133194,completed
1952.006329,30,23.710718,1.0,True,30,0,0,916.520959854126,1207.4543352127075,12.748022111256917,916.520959854126,completed
2401.620218,30,23.743968,1.0,True,30,0,0,814.4790573120117,1128.3221397399902,7.725633239746093,814.4790573120117,completed
1089.037399,30,23.776966,1.0,True,30,0,0,1026.1033868789673,1613.7600650787354,15.252741622924805,1026.1033868789673,completed
2007.443901,30,23.810316,1.0,True,30,0,0,945.1266508102417,1159.017225265503,12.009352684020996,945.1266508102417,completed
2323.199496,30,23.843462,1.0,True,30,0,0,813.5799980163574,1013.8531856536865,10.723566691080729,813.5799980163574,completed
1466.539737,30,23.877142,1.0,True,30,0,0,922.8554556369781,1394.1843180656433,14.435737323760986,922.8554556369781,completed
1825.420821,30,23.910554,1.0,True,30,0,0,962.1054902076721,1248.1011209487915,12.406744194030761,962.1054902076721,completed
2028.952358,30,23.943893,1.0,True,30,0,0,946.7072868347168,1202.1440992355347,10.844412676493327,946.7072868347168,completed
1844.067264,30,23.977438,1.0,True,30,0,0,855.1293158531189,1211.6158208847046,14.251295725504557,855.1293158531189,completed
2236.581576,30,24.010775,1.0,True,30,0,0,778.3272256851196,1060.3199834823608,10.417835108439128,778.3272256851196,completed
1487.607828,30,24.044404,1.0,True,30,0,0,970.7332472801208,1398.3830909729004,16.028847058614094,970.7332472801208,completed
1742.469609,30,24.077607,1.0,True,30,0,0,877.4317353963852,1209.1472518444061,15.350156203905742,877.4317353963852,completed
2445.112932,30,24.110952,1.0,True,30,0,0,816.7533266544342,1089.7370858192444,8.102071285247803,816.7533266544342,completed
2339.28389,30,24.144366,1.0,True,30,0,0,827.5156624317169,1038.041959285736,9.039342625935872,827.5156624317169,completed
2622.229655,30,24.178207,1.0,True,30,0,0,748.3394155502319,922.9423236846924,7.642168998718262,748.3394155502319,completed
1047.914139,30,24.211778,1.0,True,30,0,0,1022.9628438949585,1341.3497626781464,21.380390254656472,1022.9628438949585,completed
2426.411614,30,24.24489,1.0,True,30,0,0,753.1441961526871,963.0931179523468,10.954990641276042,753.1441961526871,completed
-281.099158,30,24.278149,1.0,True,30,0,0,1091.5742926597595,1770.991442680359,33.717733256022136,1091.5742926597595,completed
2171.054902,30,24.311669,1.0,True,30,0,0,781.4277691841125,1050.5419716835022,12.908204460144043,781.4277691841125,completed
1296.987082,30,24.344498,1.0,True,30,0,0,1023.9107279777527,1280.2951173782349,18.755697536468507,1023.9107279777527,completed
2250.411573,30,24.377658,1.0,True,30,0,0,789.7358150482178,1005.6217031478882,12.326051076253256,789.7358150482178,completed
950.07117,30,24.411065,1.0,True,30,0,0,995.776703119278,1410.4233269691467,22.849952467282613,995.776703119278,completed
2968.532192,30,24.444518,1.0,True,30,0,0,709.0403485298157,924.0526323318481,3.9097617149353026,709.0403485298157,completed
1772.669473,30,24.477711,1.0,True,30,0,0,910.5742282867432,1214.9497232437134,14.825688234965007,910.5742282867432,completed
691.386446,30,24.511235,1.0,True,30,0,0,1115.0281343460083,1470.128038406372,23.2075971921285,1115.0281343460083,completed
954.318337,30,25.536169,1.0,True,30,0,0,984.5880465507507,1388.1369695663452,22.049636141459146,984.5880465507507,completed
2134.836419,30,25.57028,1.0,True,30,0,0,760.4175310134888,1056.7411918640137,13.191629187266033,760.4175310134888,completed
2151.919616,30,25.603708,1.0,True,30,0,0,827.871046423912,1131.0424029827118,11.28685188293457,827.871046423912,completed
2153.149972,30,25.637303,1.0,True,30,0,0,902.0350315570831,1108.2863507270813,10.525233713785807,902.0350315570831,completed
1752.480045,30,25.670928,1.0,True,30,0,0,767.4790477752686,1148.702612876892,17.390994199117024,767.4790477752686,completed
2201.276577,30,25.706745,1.0,True,30,0,0,838.2563338279724,1137.9441542625427,10.650517543156942,838.2563338279724,completed
2087.369713,30,25.740367,1.0,True,30,0,0,876.1661648750305,1231.0681400299072,9.629260571797689,876.1661648750305,completed
601.189229,30,25.773732,1.0,True,30,0,0,973.4170265197754,1568.2958822250366,25.160584735870362,973.4170265197754,completed
1839.107541,30,25.807217,1.0,True,30,0,0,824.8452157974243,1147.0169486999512,15.40444475809733,824.8452157974243,completed
2006.428533,30,25.840326,1.0,True,30,0,0,873.2640187740326,1155.2195420265198,12.814525985717774,873.2640187740326,completed
2474.225276,30,25.873572,1.0,True,30,0,0,753.5618922710419,984.6662974357605,9.34174435933431,753.5618922710419,completed
1977.618104,30,25.906732,1.0,True,30,0,0,827.6091749668121,1117.2029671669006,14.86488545735677,827.6091749668121,completed
2365.971588,30,25.940107,1.0,True,30,0,0,860.790810585022,1026.2677602767944,8.477656491597493,860.790810585022,completed
1320.061518,30,25.973596,1.0,True,30,0,0,882.647045135498,1428.6237449645996,17.897735595703125,882.647045135498,completed
2599.351926,30,26.006894,1.0,True,30,0,0,757.4499102830887,1025.9305889606476,6.460907999674479,757.4499102830887,completed
1223.061837,30,26.04029,1.0,True,30,0,0,1022.4354887008667,1317.701114654541,19.733427397410075,1022.4354887008667,completed
104.385007,30,26.074115,1.0,True,30,0,0,1185.9657363891602,1716.931622505188,29.006846110026043,1185.9657363891602,completed
2548.983228,30,26.107439,1.0,True,30,0,0,806.9802975654602,1070.871907234192,6.814491589864095,806.9802975654602,completed
2030.140156,30,26.141002,1.0,True,30,0,0,922.5261783599854,1305.1263580322266,8.345085716247558,922.5261783599854,completed
229.93484,30,26.174853,1.0,True,30,0,0,1069.4653429985046,1625.1884927749634,29.761310195922853,1069.4653429985046,completed
1774.238055,30,26.208084,1.0,True,30,0,0,942.6926183700562,1287.1784839630127,13.5708340326945,942.6926183700562,completed
2547.774912,30,26.241475,1.0,True,30,0,0,798.624162197113,921.4391317367554,8.40779242515564,798.624162197113,completed
-390.949894,30,26.274709,1.0,True,30,0,0,1276.4903354644775,1886.5529251098633,32.414124584198,1276.4903354644775,completed
2288.649691,30,26.307857,1.0,True,30,0,0,794.152138710022,1027.2055449485779,11.24888210296631,794.152138710022,completed
1816.390999,30,26.341212,1.0,True,30,0,0,910.2822801470757,1263.842035651207,12.786889902750652,910.2822801470757,completed
2037.218155,30,26.374766,1.0,True,30,0,0,826.394711971283,1078.3746223449707,13.345548884073894,826.394711971283,completed
2230.32934,30,26.408477,1.0,True,30,0,0,885.3311257362366,1162.95530128479,8.820352554321289,885.3311257362366,completed
2947.742335,30,26.441778,1.0,True,30,0,0,591.9998035430908,801.6363644599915,7.670963033040365,591.9998035430908,completed
419.768409,30,26.4756,1.0,True,30,0,0,1188.6928358078003,1652.9092769622803,23.64692808787028,1188.6928358078003,completed
1605.448128,30,26.508882,1.0,True,30,0,0,962.9371582865715,1322.1264675855637,13.874174372355144,962.9371582865715,completed
1525.716286,30,26.542492,1.0,True,30,0,0,931.4663486480713,1278.8030004501343,16.728676732381185,931.4663486480713,completed
2439.324073,30,26.575983,1.0,True,30,0,0,695.9797960519791,950.6867921352386,9.872209628423056,695.9797960519791,completed
2463.244301,30,26.608852,1.0,True,30,0,0,875.8220844268799,1026.2181968688965,7.540373865763346,875.8220844268799,completed
3042.974363,30,26.641901,1.0,True,30,0,0,626.741418838501,770.5776324272156,6.305756505330404,626.741418838501,completed
2475.416619,30,26.67515,1.0,True,30,0,0,873.0849509239197,1003.4827699661255,7.365022722880045,873.0849509239197,completed
2374.292385,30,26.708466,1.0,True,30,0,0,733.6783549785614,1049.1281123161316,9.607661310831705,733.6783549785614,completed
2771.980046,30,26.741652,1.0,True,30,0,0,793.0228261947632,941.9517908096313,6.017654800415039,793.0228261947632,completed
1534.394247,30,26.774881,1.0,True,30,0,0,937.1592741012573,1323.1307430267334,15.714439519246419,937.1592741012573,completed
893.134004,30,26.808187,1.0,True,30,0,0,967.3345127105713,1475.359715461731,22.059493350982667,967.3345127105713,completed
2388.751074,30,26.841585,1.0,True,30,0,0,745.1200013160706,1041.8534088134766,10.218969599405925,745.1200013160706,completed
2178.209598,30,26.874525,1.0,True,30,0,0,943.7475852966309,1051.8941059112549,11.140972232818603,943.7475852966309,completed
1076.874888,30,26.908059,1.0,True,30,0,0,935.7942605018616,1461.4625482559204,19.983995882670083,935.7942605018616,completed
1228.70948,30,26.941699,1.0,True,30,0,0,975.3070960044861,1397.6657457351685,19.894565709431966,975.3070960044861,completed
2122.367625,30,26.974994,1.0,True,30,0,0,968.579815864563,1131.6789712905884,10.360626951853435,968.579815864563,completed
1302.146996,30,27.008415,1.0,True,30,0,0,960.277997970581,1320.4338092803955,18.986816914876304,960.277997970581,completed
339.290867,30,27.041605,1.0,True,30,0,0,1042.1274704933167,1594.850305557251,27.101621913909913,1042.1274704933167,completed
3290.442134,30,27.075127,1.0,True,30,0,0,659.3506770133972,794.7730913162231,2.2449509938557943,659.3506770133972,completed
2684.420906,30,27.108103,1.0,True,30,0,0,808.5589547157288,1214.194754600525,2.3304915110270183,808.5589547157288,completed
2041.821132,30,27.141655,1.0,True,30,0,0,893.2630951404572,1211.3586249351501,10.578775389989216,893.2630951404572,completed
1672.261722,30,27.175039,1.0,True,30,0,0,925.5118608474731,1188.3547592163086,16.420682112375896,925.5118608474731,completed
2763.870198,30,27.208509,1.0,True,30,0,0,760.652304649353,1012.0465230941772,5.191454060872396,760.652304649353,completed
1906.884595,30,27.24193,1.0,True,30,0,0,905.8768486976624,1089.8975281715393,14.095033582051595,905.8768486976624,completed
578.771399,30,27.275166,1.0,True,30,0,0,1105.0570993423462,1555.9019031524658,24.44503746032715,1105.0570993423462,completed
1768.004533,30,27.308593,1.0,True,30,0,0,898.072968006134,1125.5966567993164,15.833256053924561,898.072968006134,completed
2045.049844,30,27.341952,1.0,True,30,0,0,820.2339406013489,1226.0228452682495,10.98641103108724,820.2339406013489,completed
2320.397777,30,27.375207,1.0,True,30,0,0,707.4747438430786,983.6404266357422,12.385215123494467,707.4747438430786,completed
1351.997111,30,27.408495,1.0,True,30,0,0,1004.6812953948975,1507.9389095306396,14.6910218556722,1004.6812953948975,completed
3146.843636,30,27.442629,1.0,True,30,0,0,697.2533657848835,847.6029420495033,2.457351811726888,697.2533657848835,completed
2570.203143,30,27.476204,1.0,True,30,0,0,760.6296390295029,979.7983396053314,7.760681660970052,760.6296390295029,completed
2108.73642,30,27.510358,1.0,True,30,0,0,878.1451671123505,1340.4930491447449,6.41390209197998,878.1451671123505,completed
2034.675613,30,27.543765,1.0,True,30,0,0,873.1585645675659,1168.2099981307983,11.689970842997234,873.1585645675659,completed
2169.695426,30,27.577333,1.0,True,30,0,0,818.7633442878723,1072.2496500015259,11.742865880330404,818.7633442878723,completed
1479.937479,30,27.610368,1.0,True,30,0,0,953.7215261459351,1298.972650527954,17.315994834899904,953.7215261459351,completed
929.286399,30,27.64397,1.0,True,30,0,0,985.3442077636719,1482.9383335113525,21.137915166219077,985.3442077636719,completed
348.763137,30,27.680992,1.0,True,30,0,0,1108.08762216568,1533.0303025245667,28.66751594543457,1108.08762216568,completed
1892.877096,30,27.717754,1.0,True,30,0,0,776.3888456821442,1124.0012793540955,16.664803155263265,776.3888456821442,completed
3452.292621,30,27.750791,1.0,True,30,0,0,574.4506669044495,713.8251142501831,1.4638225555419921,574.4506669044495,completed
1272.683031,30,27.784352,1.0,True,30,0,0,995.6403861045837,1300.0378642082214,19.081518109639486,995.6403861045837,completed
2687.672999,30,27.817661,1.0,True,30,0,0,778.4928860664368,933.1506395339966,7.312759431203206,778.4928860664368,completed
1412.423559,30,28.844819,1.0,True,30,0,0,1012.5001783370972,1490.6424560546875,13.922827212015788,1012.5001783370972,completed
1778.85106,30,28.87878,1.0,True,30,0,0,1004.2059721946716,1277.9081811904907,11.382105954488118,1004.2059721946716,completed
2724.48017,30,28.912682,1.0,True,30,0,0,653.1646537780762,865.6110372543335,8.774148273468018,653.1646537780762,completed
2557.423383,30,28.946493,1.0,True,30,0,0,660.0228908061981,929.4212193489075,9.903325684865315,660.0228908061981,completed
2136.963648,30,28.980185,1.0,True,30,0,0,849.0978682041168,1272.6544585227966,9.144295438130696,849.0978682041168,completed
2462.048161,30,29.013715,1.0,True,30,0,0,827.9247078895569,1052.839425086975,7.551227442423502,827.9247078895569,completed
553.111349,30,29.046862,1.0,True,30,0,0,1072.3700857162476,1608.9951782226562,24.642865053812663,1072.3700857162476,completed
1503.267184,30,29.080442,1.0,True,30,0,0,826.4975438117981,1217.414110660553,19.694646135965982,826.4975438117981,completed
2338.079874,30,29.113863,1.0,True,30,0,0,856.5294871330261,1039.1803877353668,9.58173344930013,856.5294871330261,completed
532.522575,30,29.147048,1.0,True,30,0,0,1151.3319835662842,1571.285075187683,24.471077537536623,1151.3319835662842,completed
2043.89209,30,29.180398,1.0,True,30,0,0,925.247034072876,1155.219820022583,11.670298131306966,925.247034072876,completed
1932.755587,30,29.214693,1.0,True,30,0,0,844.0299291610718,1176.2813930511475,13.11528205871582,844.0299291610718,completed
2176.393113,30,29.248534,1.0,True,30,0,0,828.4376792907715,1087.357370376587,11.25751953125,828.4376792907715,completed
2288.522126,30,29.281528,1.0,True,30,0,0,858.1821172237396,1170.8541576862335,8.393817178408305,858.1821172237396,completed
2424.143397,30,29.314868,1.0,True,30,0,0,786.8666288852692,1017.663435459137,9.655114110310873,786.8666288852692,completed
1112.293087,30,29.34848,1.0,True,30,0,0,982.25202023983,1478.6927373409271,19.86322816212972,982.25202023983,completed
2008.127999,30,29.383553,1.0,True,30,0,0,826.2496590614319,1204.829713344574,12.346825345357258,826.2496590614319,completed
2457.36406,30,29.417019,1.0,True,30,0,0,788.0036766529083,1048.6076226234436,6.856089146931966,788.0036766529083,completed
2711.924184,30,29.450437,1.0,True,30,0,0,668.0572357177734,904.1423664093018,7.711414527893067,668.0572357177734,completed
1012.093354,30,29.484321,1.0,True,30,0,0,930.575352191925,1441.5839338302612,20.230318450927733,930.575352191925,completed
2798.697979,30,29.517515,1.0,True,30,0,0,699.7695050239563,884.6648225784302,7.1384835561116535,699.7695050239563,completed
1493.358725,30,29.551159,1.0,True,30,0,0,997.9881200790405,1324.824221611023,16.175695991516115,997.9881200790405,completed
2394.9539,30,29.586584,1.0,True,30,0,0,855.1045100688934,1164.5585837364197,6.349482536315918,855.1045100688934,completed
2358.714333,30,29.620829,1.0,True,30,0,0,812.739194393158,1111.7589664459229,8.34512144724528,812.739194393158,completed
2390.124841,30,29.654097,1.0,True,30,0,0,740.743936419487,992.9713876247406,11.1360045115153,740.743936419487,completed
2938.564962,30,29.687572,1.0,True,30,0,0,698.2943413257599,910.3990292549133,3.516991678873698,698.2943413257599,completed
2682.049289,30,29.723103,1.0,True,30,0,0,755.4549548625946,878.1578674316406,6.9784014066060385,755.4549548625946,completed
261.81398,30,29.786795,1.0,True,30,0,0,1015.0800728797913,1581.8845300674438,30.15108321507772,1015.0800728797913,completed
1699.457143,30,29.820662,1.0,True,30,0,0,899.7872624397278,1285.8352465629578,14.854195467631023,899.7872624397278,completed
231.465274,30,29.854308,1.0,True,30,0,0,1062.6296753883362,1539.6478338241577,30.12240505218506,1062.6296753883362,completed
1502.775022,30,29.887686,1.0,True,30,0,0,938.1355438232422,1295.1974048614502,17.577108446757,938.1355438232422,completed
795.597377,30,29.921463,1.0,True,30,0,0,1110.20498752594,1543.4846057891846,21.84077606201172,1110.20498752594,completed
1876.548872,30,29.954691,1.0,True,30,0,0,803.0323009490967,1098.2623767852783,15.475718879699707,803.0323009490967,completed
658.150741,30,29.988496,1.0,True,30,0,0,1017.0826139450073,1580.1223554611206,23.557751655578613,1017.0826139450073,completed
2553.107656,30,30.021995,1.0,True,30,0,0,734.0443682670593,977.4439415931702,8.354623126983643,734.0443682670593,completed
1110.220006,30,30.055475,1.0,True,30,0,0,1059.223768234253,1551.8114976882935,17.370884768168132,1059.223768234253,completed
1260.842944,30,30.089102,1.0,True,30,0,0,933.4014401435852,1266.323405265808,20.102674102783205,933.4014401435852,completed
2048.06598,30,30.122597,1.0,True,30,0,0,977.0669822692871,1199.727026939392,9.849901676177979,977.0669822692871,completed
1266.094173,30,30.156013,1.0,True,30,0,0,963.5167031288147,1424.1194791793823,17.23773962656657,963.5167031288147,completed
1486.979771,30,30.189686,1.0,True,30,0,0,890.571298122406,1184.9753828048706,18.25340881347656,890.571298122406,completed
1620.814347,30,30.222991,1.0,True,30,0,0,892.5483589172363,1186.1255493164062,16.39864222208659,892.5483589172363,completed
2339.172121,30,30.256657,1.0,True,30,0,0,834.2362176179886,1070.600801706314,9.21042111714681,834.2362176179886,completed
2285.633748,30,30.290201,1.0,True,30,0,0,866.0522239208221,1157.952621936798,7.766450564066569,866.0522239208221,completed
1371.842366,30,30.323148,1.0,True,30,0,0,1005.7845458984375,1271.2061529159546,18.27266896565755,1005.7845458984375,completed
2184.583186,30,30.356837,1.0,True,30,0,0,862.5679082870483,1114.7485046386719,9.860878562927246,862.5679082870483,completed
2618.493464,30,30.390296,1.0,True,30,0,0,709.7314946651459,941.9384999275208,8.992254829406738,709.7314946651459,completed
1889.841268,30,30.423951,1.0,True,30,0,0,923.742883682251,1226.251015663147,11.700614738464356,923.742883682251,completed
1435.212687,30,30.457507,1.0,True,30,0,0,872.0085792541504,1299.913854598999,18.444615427652995,872.0085792541504,completed
1982.43686,30,30.491059,1.0,True,30,0,0,935.8169412612915,1418.1679849624634,7.351469866434733,935.8169412612915,completed
1407.385519,30,30.524358,1.0,True,30,0,0,1027.7502207756042,1309.8718376159668,16.751755460103354,1027.7502207756042,completed
2517.921444,30,30.557965,1.0,True,30,0,0,745.9267334938049,942.0383992195129,9.471337954203287,745.9267334938049,completed
2273.936166,30,30.591621,1.0,True,30,0,0,864.8306428194046,1033.392643213272,10.673892339070639,864.8306428194046,completed
923.112075,30,30.625405,1.0,True,30,0,0,1045.7258534431458,1494.7408170700073,21.670625241597495,1045.7258534431458,completed
1146.541546,30,30.659236,1.0,True,30,0,0,924.7383966445923,1468.1542053222656,17.56076316833496,924.7383966445923,completed
2664.117671,30,30.69265,1.0,True,30,0,0,761.6554700136185,927.82031083107,7.138111750284831,761.6554700136185,completed
1531.402891,30,30.726051,1.0,True,30,0,0,1076.5230915546417,1408.9675936698914,14.046981684366862,1076.5230915546417,completed
2725.019571,30,30.759518,1.0,True,30,0,0,766.0706968307495,998.9540843963623,4.774808629353841,766.0706968307495,completed
1208.553801,30,30.793159,1.0,True,30,0,0,976.0310173034668,1344.1756210327148,19.953906758626303,976.0310173034668,completed
2189.379517,30,30.826335,1.0,True,30,0,0,828.2449116706848,1085.8729047775269,11.486889012654622,828.2449116706848,completed
1923.301626,30,30.859472,1.0,True,30,0,0,942.9794387817383,1154.4621076583862,13.516706530253092,942.9794387817383,completed
1828.886141,30,30.892654,1.0,True,30,0,0,1023.6831159591675,1355.2342615127563,10.602438354492188,1023.6831159591675,completed
1937.944424,30,30.92558,1.0,True,30,0,0,954.3672239780426,1239.771888256073,9.928102747599285,954.3672239780426,completed
1252.052955,30,30.959354,1.0,True,30,0,0,1016.080587387085,1489.7562532424927,16.576113573710124,1016.080587387085,completed
3279.467313,30,30.992635,1.0,True,30,0,0,690.2204084396362,838.0478267669678,0.9091305414835612,690.2204084396362,completed
1505.437345,30,31.026205,1.0,True,30,0,0,899.1856760978699,1332.6026945114136,17.65313809712728,899.1856760978699,completed
3034.580203,30,31.059584,1.0,True,30,0,0,713.4909286499023,764.6195697784424,5.270728556315104,713.4909286499023,completed
2165.568775,30,31.092856,1.0,True,30,0,0,752.1699303984642,1095.4087570905685,12.469660568237305,752.1699303984642,completed
1313.766779,30,31.126245,1.0,True,30,0,0,842.798015832901,1280.9761412143707,21.52467761039734,842.798015832901,completed
2141.617358,30,32.156331,1.0,True,30,0,0,927.090344786644,1193.9071605205536,8.897175979614257,927.090344786644,completed
1752.468332,30,32.190268,1.0,True,30,0,0,936.631546497345,1224.8874320983887,14.302942752838135,936.631546497345,completed
953.726304,30,32.22419,1.0,True,30,0,0,1060.6311492919922,1584.693546295166,18.528868420918783,1060.6311492919922,completed
2965.630912,30,32.258004,1.0,True,30,0,0,683.952529668808,812.8689503669739,6.664028739929199,683.952529668808,completed
2811.127843,30,32.292246,1.0,True,30,0,0,722.7686061859131,903.560751914978,6.354902776082357,722.7686061859131,completed
2254.503899,30,32.325663,1.0,True,30,0,0,838.6061906814575,1102.7902641296387,9.987718264261881,838.6061906814575,completed
2858.959634,30,32.359003,1.0,True,30,0,0,748.9578385353088,891.9567580223083,5.508553822835286,748.9578385353088,completed
2432.361232,30,32.392366,1.0,True,30,0,0,777.4276964664459,1002.9538674354553,8.63221492767334,777.4276964664459,completed
1145.868377,30,32.426811,1.0,True,30,0,0,955.4753923416138,1321.3362522125244,21.62294184366862,955.4753923416138,completed
2115.611549,30,32.461161,1.0,True,30,0,0,802.8941136598587,1040.331423997879,13.804790274302166,802.8941136598587,completed
2266.182046,30,32.494796,1.0,True,30,0,0,812.3762793540955,1077.6179132461548,9.683541361490885,812.3762793540955,completed
1331.784979,30,32.528694,1.0,True,30,0,0,1005.851176738739,1460.4191799163818,15.887386957804361,1005.851176738739,completed
2298.751126,30,32.566187,1.0,True,30,0,0,805.8180661201477,1025.3691987991333,10.997531922658284,805.8180661201477,completed
1718.191455,30,32.599414,1.0,True,30,0,0,930.826818227768,1358.721007823944,12.061989084879558,930.826818227768,completed
1938.432498,30,32.635833,1.0,True,30,0,0,810.5912405252457,1084.1221311092377,15.04464022318522,810.5912405252457,completed
1838.024137,30,32.673503,1.0,True,30,0,0,828.8041114807129,1137.1055173873901,16.397955449422202,828.8041114807129,completed
2364.932665,30,32.712099,1.0,True,30,0,0,741.1404161453247,1014.6694860458374,10.737444178263347,741.1404161453247,completed
2769.214074,30,32.748456,1.0,True,30,0,0,718.6981549263,871.3510141372681,7.684681955973307,718.6981549263,completed
2213.355327,30,32.785094,1.0,True,30,0,0,829.8507130146027,1141.6956295967102,9.631150881449381,829.8507130146027,completed
1467.530526,30,32.825664,1.0,True,30,0,0,863.3086404800415,1233.167688369751,18.38333053588867,863.3086404800415,completed
660.286256,30,32.860557,1.0,True,30,0,0,908.7005290985107,1393.590618133545,27.192395782470705,908.7005290985107,completed
1219.580483,30,32.89656,1.0,True,30,0,0,1005.7445499897003,1386.6816849708557,19.11038222312927,1005.7445499897003,completed
3253.347603,30,32.930058,1.0,True,30,0,0,655.6807166337967,713.8093163967133,3.1342286427815753,655.6807166337967,completed
1563.718134,30,32.965024,1.0,True,30,0,0,915.1368713378906,1287.1380462646484,14.855798212687175,915.1368713378906,completed
2040.657533,30,32.99901,1.0,True,30,0,0,891.1914944648743,1211.0201425552368,11.041756884257,891.1914944648743,completed
1285.321956,30,33.033949,1.0,True,30,0,0,890.4968481063843,1310.2086353302002,20.152507273356118,890.4968481063843,completed
1573.986435,30,33.067334,1.0,True,30,0,0,909.3097324371338,1283.5108032226562,16.476097361246744,909.3097324371338,completed
2438.332028,30,33.100823,1.0,True,30,0,0,787.0828204154968,1142.4387655258179,6.712260627746582,787.0828204154968,completed
1452.454495,30,33.134377,1.0,True,30,0,0,972.269387319684,1334.3634940683842,15.689733823140463,972.269387319684,completed
1047.024332,30,33.167708,1.0,True,30,0,0,1051.1734070777893,1358.4968824386597,20.382084210713703,1051.1734070777893,completed
2790.539641,30,33.201158,1.0,True,30,0,0,656.4117729663849,832.8516898155212,8.24127394358317,656.4117729663849,completed
2378.438846,30,33.23487,1.0,True,30,0,0,778.971485376358,1111.340160369873,7.528401438395182,778.971485376358,completed
3042.115116,30,33.269159,1.0,True,30,0,0,615.2153692245483,769.4147682189941,5.623323631286621,615.2153692245483,completed
2057.522726,30,33.302769,1.0,True,30,0,0,845.7747120857239,1102.9948143959045,12.361969184875488,845.7747120857239,completed
2012.388606,30,33.336157,1.0,True,30,0,0,863.0842885971069,1161.2757234573364,12.289292081197102,863.0842885971069,completed
2307.20426,30,33.369604,1.0,True,30,0,0,775.1415090560913,957.9112071990967,11.150141779581705,775.1415090560913,completed
1380.051374,30,33.402931,1.0,True,30,0,0,990.4468520283699,1336.2456785440445,17.513504473368325,990.4468520283699,completed
2215.770901,30,33.436382,1.0,True,30,0,0,837.1055636405945,1134.440842628479,10.068013890584309,837.1055636405945,completed
227.161908,30,33.469521,1.0,True,30,0,0,1101.2309083938599,1557.797369003296,28.64204068183899,1101.2309083938599,completed
1891.454549,30,33.502884,1.0,True,30,0,0,907.2557361125946,1301.734363079071,11.704736836751302,907.2557361125946,completed
2001.434082,30,33.536134,1.0,True,30,0,0,853.2233810424805,1153.874490737915,12.706165822347005,853.2233810424805,completed
1710.697637,30,33.569279,1.0,True,30,0,0,898.4792943000793,1193.9237575531006,15.948310883839925,898.4792943000793,completed
1903.799395,30,33.602774,1.0,True,30,0,0,776.1309103965759,1137.3955240249634,15.406449699401856,776.1309103965759,completed
2654.956047,30,33.636243,1.0,True,30,0,0,673.7335410118103,918.6687812805176,8.75446949005127,673.7335410118103,completed
2860.378787,30,33.672609,1.0,True,30,0,0,708.5625267028809,960.6470980644226,4.629531478881836,708.5625267028809,completed
517.445408,30,33.707348,1.0,True,30,0,0,1058.993013381958,1550.8875732421875,26.01970755259196,1058.993013381958,completed
1836.887265,30,33.7407,1.0,True,30,0,0,845.8308811187744,1124.4327907562256,14.395635604858398,845.8308811187744,completed
1754.472374,30,33.774203,1.0,True,30,0,0,884.3667271137238,1268.7571444511414,13.98791217803955,884.3667271137238,completed
1383.149914,30,33.807483,1.0,True,30,0,0,978.2832279205322,1376.077784538269,17.26990976333618,978.2832279205322,completed
659.383861,30,33.841039,1.0,True,30,0,0,1106.9858541488647,1497.4989709854126,22.902929306030273,1106.9858541488647,completed
2033.121347,30,33.874245,1.0,True,30,0,0,819.8897337913513,1059.9278469085693,14.233736356099447,819.8897337913513,completed
411.381038,30,33.907847,1.0,True,30,0,0,1012.69877576828,1490.2482104301453,28.11211109161377,1012.69877576828,completed
2289.549933,30,33.9411,1.0,True,30,0,0,791.6675000190735,1058.5615167617798,10.267198308308918,791.6675000190735,completed
680.197404,30,33.974475,1.0,True,30,0,0,1188.1970677375793,1437.6014671325684,25.34204568862915,1188.1970677375793,completed
1503.951807,30,34.007756,1.0,True,30,0,0,1024.4410328865051,1478.602147102356,13.33202018737793,1024.4410328865051,completed
358.329122,30,34.041264,1.0,True,30,0,0,1087.1575195789337,1615.5348916053772,27.204799763361613,1087.1575195789337,completed
1822.728061,30,34.074849,1.0,True,30,0,0,900.060487985611,1300.7747902870178,11.689722951253255,900.060487985611,completed
2231.507115,30,34.108676,1.0,True,30,0,0,825.3326416015625,1208.605110168457,8.563794644673665,825.3326416015625,completed
2375.796884,30,34.142175,1.0,True,30,0,0,847.6961524486542,1063.0700316429138,9.020139821370442,847.6961524486542,completed
544.66223,30,34.175632,1.0,True,30,0,0,988.6761240959167,1476.4101881980896,28.051348145802816,988.6761240959167,completed
1221.44089,30,34.208999,1.0,True,30,0,0,990.0434551239014,1386.651216506958,18.40361164410909,990.0434551239014,completed
1667.106469,30,34.242643,1.0,True,30,0,0,1035.2120263576508,1434.2096433639526,11.318928464253743,1035.2120263576508,completed
-153.306833,30,34.276175,1.0,True,30,0,0,1269.671028137207,1933.3967180252075,28.496130434672036,1269.671028137207,completed
1083.198903,30,34.309338,1.0,True,30,0,0,986.0413799285889,1481.8259773254395,19.419461568196613,986.0413799285889,completed
657.852199,30,34.342587,1.0,True,30,0,0,1049.7913508415222,1555.1031227111816,24.110992590586346,1049.7913508415222,completed
2329.786936,30,34.375591,1.0,True,30,0,0,954.6794919967651,1095.3480319976807,7.292042223612468,954.6794919967651,completed
1669.468229,30,34.409017,1.0,True,30,0,0,940.8298034667969,1307.6623287200928,14.126755460103352,940.8298034667969,completed
2263.147548,30,34.442645,1.0,True,30,0,0,741.8308119773865,1073.1466512680054,10.521544138590494,741.8308119773865,completed
2328.44139,30,35.471935,1.0,True,30,0,0,887.789400100708,1219.5089778900146,7.373751576741537,887.789400100708,completed
1644.775343,30,35.50589,1.0,True,30,0,0,848.3480396270752,1323.7850046157837,14.750872135162354,848.3480396270752,completed
2277.287489,30,35.539572,1.0,True,30,0,0,836.2997817993164,1077.0298399925232,9.686663627624512,836.2997817993164,completed
2037.67051,30,35.573251,1.0,True,30,0,0,848.9402706623077,1298.083736896515,9.084553623199463,848.9402706623077,completed
2940.815879,30,35.606881,1.0,True,30,0,0,750.0351133346558,1052.4006218910217,1.6087061564127605,750.0351133346558,completed
1776.214696,30,35.639872,1.0,True,30,0,0,911.6078481674194,1201.9107875823975,12.911978816986084,911.6078481674194,completed
2347.802394,30,35.673529,1.0,True,30,0,0,804.0523208379745,1119.1354100704193,8.06195437113444,804.0523208379745,completed
1506.514795,30,35.70715,1.0,True,30,0,0,986.0149517059326,1243.3910055160522,16.31910212834676,986.0149517059326,completed
1867.210866,30,35.740789,1.0,True,30,0,0,885.4774746894836,1217.5914888381958,13.869200197855632,885.4774746894836,completed
2923.916489,30,35.774345,1.0,True,30,0,0,733.8855347633362,941.5206289291382,3.6679916381835938,733.8855347633362,completed
2971.66568,30,35.807607,1.0,True,30,0,0,698.5846648216248,877.3453645706177,4.40172700881958,698.5846648216248,completed
2433.848764,30,35.840923,1.0,True,30,0,0,775.2347415685654,1126.5239017009735,8.030568313598632,775.2347415685654,completed
1862.937039,30,35.874377,1.0,True,30,0,0,877.5025382041931,1137.0529165267944,13.41338717142741,877.5025382041931,completed
1323.183239,30,35.907913,1.0,True,30,0,0,1006.827467918396,1388.529580116272,17.755629030863442,1006.827467918396,completed
2011.971366,30,35.941312,1.0,True,30,0,0,792.971718788147,1085.9612731933594,14.378136698404948,792.971718788147,completed
1802.205583,30,35.974609,1.0,True,30,0,0,909.1400756835938,1285.944086074829,12.629531288146973,909.1400756835938,completed
2645.523615,30,36.008046,1.0,True,30,0,0,683.5874624252319,903.2917728424072,8.678382619222004,683.5874624252319,completed
3043.692645,30,36.041142,1.0,True,30,0,0,657.4629426002502,936.4364361763,2.5291584968566894,657.4629426002502,completed
2572.286452,30,36.074546,1.0,True,30,0,0,828.135470867157,982.0356311798096,7.843217849731445,828.135470867157,completed
2296.043806,30,36.108132,1.0,True,30,0,0,829.1277809143066,984.032543182373,11.150728797912597,829.1277809143066,completed
1759.074178,30,36.141731,1.0,True,30,0,0,773.0151295661926,1168.355094909668,15.61543566385905,773.0151295661926,completed
2022.285366,30,36.175224,1.0,True,30,0,0,909.4475584030151,1094.9605197906494,12.043158785502117,909.4475584030151,completed
2224.633724,30,36.208749,1.0,True,30,0,0,811.3876042366028,1025.1963472366333,11.346962197621663,811.3876042366028,completed
3140.428226,30,36.242105,1.0,True,30,0,0,656.2415201663971,828.307026386261,2.911485544840495,656.2415201663971,completed
1965.187029,30,36.275715,1.0,True,30,0,0,872.7570292949677,1182.5750260353088,12.172103754679362,872.7570292949677,completed
1733.32878,30,36.309153,1.0,True,30,0,0,888.9284820556641,1224.4216032028198,15.107506116231283,888.9284820556641,completed
1217.534604,30,36.342573,1.0,True,30,0,0,979.1805028915405,1403.343807220459,19.521315097808838,979.1805028915405,completed
1984.815721,30,36.376203,1.0,True,30,0,0,777.3653728961945,1139.2893834114075,14.009112230936687,777.3653728961945,completed
955.682168,30,36.409749,1.0,True,30,0,0,1030.8204610347748,1488.6100583076477,20.972574853897093,1030.8204610347748,completed
2984.762099,30,36.4428,1.0,True,30,0,0,730.4231171607971,939.9643039703369,3.5503882726033527,730.4231171607971,completed
1672.410393,30,36.475946,1.0,True,30,0,0,884.0603170394897,1293.6560430526733,15.735529486338297,884.0603170394897,completed
1684.716687,30,36.509311,1.0,True,30,0,0,903.633828163147,1350.8322305679321,13.453126049041748,903.633828163147,completed
2495.445743,30,36.542624,1.0,True,30,0,0,795.4611186981201,974.1722173690796,8.344802443186442,795.4611186981201,completed
1513.540015,30,36.57619,1.0,True,30,0,0,903.2752223014832,1242.5864391326904,16.62749614715576,903.2752223014832,completed
813.047967,30,36.60965,1.0,True,30,0,0,1118.782473564148,1551.1703400611877,20.489919583002727,1118.782473564148,completed
2295.965537,30,36.643025,1.0,True,30,0,0,883.103807926178,1245.565173149109,7.067508125305176,883.103807926178,completed
1730.437031,30,36.676608,1.0,True,30,0,0,856.787558555603,1340.6640424728394,13.762666447957356,856.787558555603,completed
1380.284651,30,36.710132,1.0,True,30,0,0,964.4352457970381,1437.4776864945889,16.74714577992757,964.4352457970381,completed
1926.267472,30,36.743416,1.0,True,30,0,0,906.1077396869659,1353.3460354804993,10.60645408630371,906.1077396869659,completed
1779.539569,30,36.776904,1.0,True,30,0,0,815.0822920799255,1136.6743984222412,16.26782029469808,815.0822920799255,completed
2570.183618,30,36.810115,1.0,True,30,0,0,716.5680451393127,880.9063529968262,8.764642779032389,716.5680451393127,completed
1963.234926,30,36.843422,1.0,True,30,0,0,852.3814220428467,1294.2250471115112,11.194811153411866,852.3814220428467,completed
2246.534874,30,36.877299,1.0,True,30,0,0,842.3325538635254,1054.0793313980103,10.976305484771729,842.3325538635254,completed
2486.041563,30,36.911044,1.0,True,30,0,0,772.2125906944275,970.5744204521179,9.216650342941284,772.2125906944275,completed
-1255.961162,30,36.944225,1.0,True,30,0,0,1306.944097518921,2162.060764312744,39.808797709147136,1306.944097518921,completed
1597.591242,30,36.977699,1.0,True,30,0,0,919.2391130924225,1341.176748752594,14.509514443079631,919.2391130924225,completed
2452.916088,30,37.010607,1.0,True,30,0,0,807.7122716903687,1053.4514465332031,8.310999298095703,807.7122716903687,completed
1632.302992,30,37.043753,1.0,True,30,0,0,908.7469573020935,1142.359540939331,17.264222304026287,908.7469573020935,completed
1381.085697,30,37.077218,1.0,True,30,0,0,1016.54953956604,1470.7849349975586,15.602019182840984,1016.54953956604,completed
-11.869321,30,37.11121,1.0,True,30,0,0,1212.5612564086914,1729.7520360946655,28.360088793436685,1212.5612564086914,completed
1857.246095,30,37.144306,1.0,True,30,0,0,846.5663824081421,1128.805923461914,15.218792661031086,846.5663824081421,completed
1917.640205,30,37.177483,1.0,True,30,0,0,922.8878306150436,1181.6627871990204,12.896633847554524,922.8878306150436,completed
771.833748,30,37.210601,1.0,True,30,0,0,1019.8611187934875,1523.0049104690552,24.3490696589152,1019.8611187934875,completed
2323.723991,30,37.244071,1.0,True,30,0,0,726.9472970962524,999.1470813751221,10.600764020284016,726.9472970962524,completed
3202.492423,30,37.276944,1.0,True,30,0,0,666.1003408432007,818.0741176605225,2.7994307200113933,666.1003408432007,completed
1621.809498,30,37.310092,1.0,True,30,0,0,908.8639197349548,1326.2425870895386,15.316755072275798,908.8639197349548,completed
2604.762012,30,37.343336,1.0,True,30,0,0,796.1394681930542,1026.339472770691,5.976348114013672,796.1394681930542,completed
1446.31499,30,37.376544,1.0,True,30,0,0,913.6330718994141,1365.1879377365112,16.646640586853028,913.6330718994141,completed
1591.80325,30,37.409904,1.0,True,30,0,0,856.9166483879089,1297.5277090072632,16.446104685465496,856.9166483879089,completed
764.461181,30,37.44334,1.0,True,30,0,0,991.7270064353943,1473.7545728683472,24.40620975494385,991.7270064353943,completed
1894.270458,30,37.476537,1.0,True,30,0,0,984.053563117981,1439.4963130950928,7.53085765838623,984.053563117981,completed
1262.900267,30,37.509786,1.0,True,30,0,0,960.3187522888184,1442.856237411499,18.22944367726644,960.3187522888184,completed
1842.42323,30,37.543299,1.0,True,30,0,0,866.4168133735657,1142.904577255249,14.175527445475261,866.4168133735657,completed
1535.504967,30,37.576847,1.0,True,30,0,0,898.5945553779602,1284.3500699996948,16.375887044270833,898.5945553779602,completed
2550.754376,30,37.61049,1.0,True,30,0,0,771.9197263717651,1043.278881072998,6.808116976420084,771.9197263717651,completed
1167.674396,30,37.645715,1.0,True,30,0,0,996.8609056472778,1393.4660930633545,19.523272641499837,996.8609056472778,completed
2787.292862,30,37.680855,1.0,True,30,0,0,755.8909950256348,975.202392578125,5.107498486836751,755.8909950256348,completed
1838.833706,30,37.716313,1.0,True,30,0,0,996.9279184341431,1239.751545906067,10.738047377268474,996.9279184341431,completed
774.692695,30,38.751742,1.0,True,30,0,0,1093.6898021697998,1547.1308841705322,21.45415751139323,1093.6898021697998,completed
1953.186775,30,38.786978,1.0,True,30,0,0,835.0434935092926,1119.2255539894104,13.910650316874186,835.0434935092926,completed
2472.07855,30,38.820691,1.0,True,30,0,0,764.4155488014221,1003.5639810562134,9.755862363179524,764.4155488014221,completed
1685.18275,30,38.854334,1.0,True,30,0,0,928.3474359512329,1478.3226947784424,10.860897064208984,928.3474359512329,completed
2968.776788,30,38.974411,1.0,True,30,0,0,754.7197543382645,983.9828646183014,2.350170135498047,754.7197543382645,completed
2488.213153,30,39.009085,1.0,True,30,0,0,791.9809708595276,1023.8836078643799,8.00543826421102,791.9809708595276,completed
2207.672636,30,39.043149,1.0,True,30,0,0,908.6481113433838,1203.444179534912,8.222498321533203,908.6481113433838,completed
3014.568499,30,39.077085,1.0,True,30,0,0,722.8223633766174,927.0998935699463,2.9488033294677733,722.8223633766174,completed
2020.231026,30,39.11086,1.0,True,30,0,0,873.9651470184326,1182.7598371505737,11.239234415690104,873.9651470184326,completed
1384.749568,30,39.144467,1.0,True,30,0,0,1039.7159625291824,1258.8084318637848,18.778859663009644,1039.7159625291824,completed
635.040852,30,39.177982,1.0,True,30,0,0,959.7376344203949,1462.0798251628876,25.847146002451577,959.7376344203949,completed
2075.563483,30,39.211618,1.0,True,30,0,0,830.5025839805603,1210.7830743789673,10.654559739430745,830.5025839805603,completed
683.992665,30,39.245315,1.0,True,30,0,0,1012.2142744064331,1584.5291023254395,24.34494597117106,1012.2142744064331,completed
1147.795375,30,39.278718,1.0,True,30,0,0,1037.862325668335,1374.2819051742554,20.21295223236084,1037.862325668335,completed
2071.949289,30,39.312419,1.0,True,30,0,0,808.5464252233505,1161.4480044841766,12.255500857035319,808.5464252233505,completed
1212.846578,30,39.345904,1.0,True,30,0,0,895.4448194503784,1350.5354957580566,20.154958089192707,895.4448194503784,completed
100.007823,30,39.379228,1.0,True,30,0,0,1144.282075881958,1681.4685020446777,28.89679298400879,1144.282075881958,completed
2241.907835,30,39.412499,1.0,True,30,0,0,821.2076704502106,1057.415813922882,11.62016944885254,821.2076704502106,completed
1390.108429,30,39.445927,1.0,True,30,0,0,1027.5287890434265,1420.8798666000366,14.590107409159343,1027.5287890434265,completed
1778.895511,30,39.479306,1.0,True,30,0,0,971.6795444488525,1321.9533424377441,12.565801429748536,971.6795444488525,completed
1876.071795,30,39.512456,1.0,True,30,0,0,870.5102891921997,1106.9308261871338,14.649968719482422,870.5102891921997,completed
2239.25498,30,39.545459,1.0,True,30,0,0,791.05473279953,1085.5157556533813,10.617414156595865,791.05473279953,completed
3196.879889,30,39.578687,1.0,True,30,0,0,724.8541314601898,832.2291131019592,2.4625934600830077,724.8541314601898,completed
1327.016383,30,39.61199,1.0,True,30,0,0,1030.292564868927,1527.911220550537,15.735095596313476,1030.292564868927,completed
474.818463,30,39.645235,1.0,True,30,0,0,1122.6062245368958,1517.5286302566528,27.95560515721639,1122.6062245368958,completed
2553.808231,30,39.678451,1.0,True,30,0,0,902.6127035915852,1057.9899469017982,5.59725341796875,902.6127035915852,completed
984.488623,30,39.712026,1.0,True,30,0,0,1171.2658061981201,1460.8698558807373,18.763250859578452,1171.2658061981201,completed
2941.401312,30,39.745217,1.0,True,30,0,0,598.6992576122284,827.9728109836578,6.810150686899821,598.6992576122284,completed
1319.32606,30,39.778716,1.0,True,30,0,0,1005.1992516517639,1396.7455053329468,16.85223887761434,1005.1992516517639,completed
1259.517519,30,39.812177,1.0,True,30,0,0,974.1743426322937,1522.2718801498413,16.27464679082235,974.1743426322937,completed
1845.808024,30,39.845492,1.0,True,30,0,0,841.9973917007446,1217.8637237548828,12.572390747070312,841.9973917007446,completed
3085.097447,30,39.878812,1.0,True,30,0,0,623.0325870513916,775.6465740203857,5.131196149190267,623.0325870513916,completed
1692.774963,30,39.912394,1.0,True,30,0,0,831.9958124160767,1212.6888236999512,16.151164054870605,831.9958124160767,completed
656.943159,30,39.946268,1.0,True,30,0,0,1032.354245185852,1510.0668773651123,24.709512138366698,1032.354245185852,completed
2563.843873,30,39.979685,1.0,True,30,0,0,771.4979753494263,972.6450681686401,8.722462781270345,771.4979753494263,completed
2359.662533,30,40.013,1.0,True,30,0,0,833.1040580272675,1081.991638660431,9.088070487976074,833.1040580272675,completed
1629.536544,30,40.046481,1.0,True,30,0,0,924.612074136734,1295.2274985313416,15.599099381764729,924.612074136734,completed
1625.897475,30,40.079752,1.0,True,30,0,0,955.989499092102,1292.4260902404785,14.147335433959961,955.989499092102,completed
1672.916337,30,40.113111,1.0,True,30,0,0,899.8810231685638,1198.3489775657654,15.232852904001872,899.8810231685638,completed
2221.309361,30,40.146645,1.0,True,30,0,0,871.8043832778931,1248.577018737793,6.702888139088949,871.8043832778931,completed
1416.174362,30,40.179908,1.0,True,30,0,0,883.4318733215332,1296.5172786712646,18.29329179128011,883.4318733215332,completed
1909.587069,30,40.213128,1.0,True,30,0,0,943.1495180130005,1123.3120574951172,13.481332619984945,943.1495180130005,completed
485.935389,30,40.246648,1.0,True,30,0,0,993.9460287094116,1477.9797773361206,26.448653984069825,993.9460287094116,completed
2391.172888,30,40.279966,1.0,True,30,0,0,761.9312763810158,1003.3341075181961,9.466680463155111,761.9312763810158,completed
2224.963074,30,40.313315,1.0,True,30,0,0,757.1069852113724,1055.168295621872,12.168126821517944,757.1069852113724,completed
11.566178,30,40.346828,1.0,True,30,0,0,1191.1657667160034,1871.0630435943604,26.4260835647583,1191.1657667160034,completed
922.143235,30,40.380085,1.0,True,30,0,0,1073.6869430541992,1481.9894762039185,22.05760293006897,1073.6869430541992,completed
811.376282,30,40.413522,1.0,True,30,0,0,1117.472913146019,1528.4488761425018,21.780770111083985,1117.472913146019,completed
1158.596619,30,40.447401,1.0,True,30,0,0,984.7035579681396,1515.5242147445679,17.97507683436076,984.7035579681396,completed
2743.800006,30,40.48069,1.0,True,30,0,0,666.4540703296661,915.1506485939026,7.827697308858236,666.4540703296661,completed
1494.514028,30,40.513958,1.0,True,30,0,0,901.8648881912231,1182.5992851257324,18.47513043085734,901.8648881912231,completed
1437.955589,30,40.547246,1.0,True,30,0,0,927.4472088813782,1201.346957206726,18.818240547180174,927.4472088813782,completed
1652.551533,30,40.5807,1.0,True,30,0,0,906.289225101471,1205.559510231018,16.20932451883952,906.289225101471,completed
2372.820134,30,40.613725,1.0,True,30,0,0,838.2425241470337,1062.3804016113281,9.1769318262736,838.2425241470337,completed
1231.404126,30,40.646783,1.0,True,30,0,0,1093.561809539795,1680.0139846801758,13.490723419189454,1093.561809539795,completed
2554.768984,30,40.680239,1.0,True,30,0,0,762.2430455684662,1061.2690699100494,6.9248202006022135,762.2430455684662,completed
2226.115162,30,40.713998,1.0,True,30,0,0,726.4297866821289,1042.9635171890259,12.262784957885742,726.4297866821289,completed
2976.752046,30,40.747499,1.0,True,30,0,0,739.6306667327881,846.036379814148,4.480492273966472,739.6306667327881,completed
1219.711527,30,40.783504,1.0,True,30,0,0,968.6232442855835,1493.036626815796,17.529570611317954,968.6232442855835,completed
1638.803825,30,40.817059,1.0,True,30,0,0,783.6597471237183,1157.4234380722046,17.713909085591634,783.6597471237183,completed
2741.363975,30,40.85057,1.0,True,30,0,0,814.1905517578125,992.7990074157715,4.550713094075521,814.1905517578125,completed
1975.886918,30,40.884647,1.0,True,30,0,0,907.4270262718201,1121.0804829597473,12.774472252527874,907.4270262718201,completed
2115.029174,30,40.917928,1.0,True,30,0,0,886.9171719551086,1120.4742212295532,11.088314660390218,886.9171719551086,completed
2320.361243,30,40.951163,1.0,True,30,0,0,862.1504530906677,1057.8493785858154,9.478569483757019,862.1504530906677,completed
1058.364988,30,40.984353,1.0,True,30,0,0,956.9143998622894,1400.6142735481262,21.19684451421102,956.9143998622894,completed
2051.211928,30,41.017639,1.0,True,30,0,0,840.538489818573,1116.8276500701904,12.265909385681152,840.538489818573,completed
1646.804077,30,41.051223,1.0,True,30,0,0,913.8367304801941,1242.7523946762085,15.964437516530355,913.8367304801941,completed
3342.060241,30,41.08462,1.0,True,30,0,0,640.1637477874756,684.1290674209595,2.771658929189046,640.1637477874756,completed
3025.469336,30,41.117823,1.0,True,30,0,0,683.8677072525024,919.1527285575867,3.719033972422282,683.8677072525024,completed
1478.643938,30,42.149447,1.0,True,30,0,0,922.6269698143005,1312.2901706695557,16.571011543273926,922.6269698143005,completed
2389.317872,30,42.183087,1.0,True,30,0,0,824.8114094734192,1171.1848187446594,7.041533025105794,824.8114094734192,completed
3117.250516,30,42.216763,1.0,True,30,0,0,632.4642791748047,893.4594802856445,3.1744248072306314,632.4642791748047,completed
1932.324533,30,42.250018,1.0,True,30,0,0,857.874335706234,1055.704726099968,14.777927780151368,857.874335706234,completed
2637.421455,30,42.283596,1.0,True,30,0,0,757.107744216919,920.2303266525269,8.184342320760091,757.107744216919,completed
1487.124187,30,42.317312,1.0,True,30,0,0,1034.1788110733032,1466.7949328422546,12.898235003153482,1034.1788110733032,completed
1938.793903,30,42.350768,1.0,True,30,0,0,853.3875379562378,1150.963770866394,12.551890436808268,853.3875379562378,completed
2346.708428,30,42.383956,1.0,True,30,0,0,773.751115322113,1043.8515071868896,9.763404083251952,773.751115322113,completed
2295.864276,30,42.41752,1.0,True,30,0,0,788.0137219429016,955.0171632766724,12.096810181935629,788.0137219429016,completed
2033.742968,30,42.451217,1.0,True,30,0,0,890.6920728683472,1238.979224205017,10.649410692850749,890.6920728683472,completed
2066.982307,30,42.484647,1.0,True,30,0,0,844.8086431026459,1044.2260222434998,12.874731381734213,844.8086431026459,completed
1813.928238,30,42.517809,1.0,True,30,0,0,840.7687435150146,1211.6732273101807,15.312832768758138,840.7687435150146,completed
2394.41568,30,42.551094,1.0,True,30,0,0,866.208510518074,1151.4257109165192,6.48818219502767,866.208510518074,completed
2002.120138,30,42.584512,1.0,True,30,0,0,897.2466278076172,1192.2958946228027,11.96677335103353,897.2466278076172,completed
1847.885106,30,42.618057,1.0,True,30,0,0,906.0879311561584,1221.3522577285767,12.249577522277832,906.0879311561584,completed
1722.528919,30,42.651607,1.0,True,30,0,0,814.7937188148499,1238.6545915603638,14.517913309733073,814.7937188148499,completed
2110.781275,30,42.686396,1.0,True,30,0,0,836.4496145248413,1096.4491539001465,10.437581443786621,836.4496145248413,completed
1853.471014,30,42.720698,1.0,True,30,0,0,911.4569166898727,1101.3652913570404,15.13588358561198,911.4569166898727,completed
2352.217111,30,42.754206,1.0,True,30,0,0,878.1965656280518,1094.0569562911987,8.540038299560546,878.1965656280518,completed
3156.154263,30,42.787568,1.0,True,30,0,0,659.1058521270752,836.0896656513214,2.8947265625,659.1058521270752,completed
1922.869996,30,42.820534,1.0,True,30,0,0,952.9690254926682,1127.0061194896698,13.51069761912028,952.9690254926682,completed
2334.361888,30,42.854122,1.0,True,30,0,0,834.9647108316422,1163.1056950092316,7.170717016855876,834.9647108316422,completed
1816.088883,30,42.8881,1.0,True,30,0,0,940.005318403244,1245.8737263679504,12.824113782246908,940.005318403244,completed
2029.840699,30,42.921477,1.0,True,30,0,0,811.9472517967224,1157.0616998672485,12.587051328023275,811.9472517967224,completed
1060.614577,30,42.954804,1.0,True,30,0,0,1132.593122959137,1679.4182529449463,15.957824516296387,1132.593122959137,completed
2166.523543,30,42.988028,1.0,True,30,0,0,999.8505063056946,1341.3836450576782,6.3007357279459635,999.8505063056946,completed
3033.685239,30,43.021173,1.0,True,30,0,0,690.106424331665,891.9104766845703,3.602489693959554,690.106424331665,completed
2834.263094,30,43.054315,1.0,True,30,0,0,751.2931666374207,873.1364731788635,5.825181420644125,751.2931666374207,completed
743.533157,30,43.087923,1.0,True,30,0,0,1005.9490704536438,1541.8295679092407,22.531414604187013,1005.9490704536438,completed
2283.621021,30,43.121037,1.0,True,30,0,0,860.7207977771759,1233.7222895622253,7.29753303527832,860.7207977771759,completed
-77.275526,30,43.154482,1.0,True,30,0,0,1090.7445434331894,1802.9509160518646,31.40971320470174,1090.7445434331894,completed
2160.283877,30,43.187743,1.0,True,30,0,0,889.166951417923,1179.505398273468,9.646000242233276,889.166951417923,completed
2139.928831,30,43.221128,1.0,True,30,0,0,876.0342617034912,1327.4934568405151,7.403463490804037,876.0342617034912,completed
2522.601073,30,43.255865,1.0,True,30,0,0,786.583872795105,978.0424451828003,8.743365224202474,786.583872795105,completed
1056.813236,30,43.289384,1.0,True,30,0,0,953.1680297851562,1394.583360671997,20.537404155731203,953.1680297851562,completed
2978.372461,30,43.322784,1.0,True,30,0,0,732.7850561141968,909.3636393547058,2.9442750295003255,732.7850561141968,completed
2454.743425,30,43.356385,1.0,True,30,0,0,743.9115142822266,999.2051124572754,9.07973403930664,743.9115142822266,completed
473.551878,30,43.389827,1.0,True,30,0,0,1105.2512784004211,1561.0173826217651,26.519637235005696,1105.2512784004211,completed
2509.877949,30,43.423466,1.0,True,30,0,0,725.1461534500122,1014.3546333312988,7.654071044921875,725.1461534500122,completed
2351.626315,30,43.456861,1.0,True,30,0,0,804.3519161343575,1032.0162893533707,10.00907694498698,804.3519161343575,completed
2378.314261,30,43.489795,1.0,True,30,0,0,687.1400809288025,949.203577041626,12.671295928955079,687.1400809288025,completed
1415.673445,30,43.523308,1.0,True,30,0,0,898.677300453186,1313.9841842651367,18.662292861938475,898.677300453186,completed
1940.224806,30,43.55649,1.0,True,30,0,0,950.1168098449707,1217.046308517456,10.76590280532837,950.1168098449707,completed
1151.673681,30,43.591913,1.0,True,30,0,0,901.052074432373,1399.5713968276978,21.052775637308756,901.052074432373,completed
1943.432236,30,43.625512,1.0,True,30,0,0,887.7607502937317,1135.455545425415,11.998503557840984,887.7607502937317,completed
2719.469335,30,43.662361,1.0,True,30,0,0,689.6603593826294,967.6828994750977,6.20472100575765,689.6603593826294,completed
1607.597205,30,43.696049,1.0,True,30,0,0,798.7351021766663,1242.3843297958374,17.358982849121094,798.7351021766663,completed
1402.483727,30,43.729418,1.0,True,30,0,0,1023.7536129951477,1455.653618812561,15.450752067565919,1023.7536129951477,completed
1100.113751,30,43.766557,1.0,True,30,0,0,1122.5954051017761,1742.125316619873,13.833185958862305,1122.5954051017761,completed
2272.360907,30,43.801596,1.0,True,30,0,0,914.7968142032623,1116.9272985458374,9.085682932535807,914.7968142032623,completed
1127.273846,30,43.835306,1.0,True,30,0,0,1067.5948247909546,1482.6726055145264,18.68715655008952,1067.5948247909546,completed
1507.876968,30,43.869094,1.0,True,30,0,0,850.8869078159332,1263.2298984527588,18.533966652552287,850.8869078159332,completed
2255.866388,30,43.902399,1.0,True,30,0,0,813.5739970207214,1093.1808471679688,11.224838034311931,813.5739970207214,completed
2345.329689,30,43.935672,1.0,True,30,0,0,814.7013788223267,956.1729574203491,10.98432051340739,814.7013788223267,completed
2604.319973,30,43.969125,1.0,True,30,0,0,798.3854777514935,990.4263977408409,6.619661712646485,798.3854777514935,completed
1971.003474,30,44.002478,1.0,True,30,0,0,941.7839636802673,1157.0629472732544,11.435948435465495,941.7839636802673,completed
1709.477071,30,44.036879,1.0,True,30,0,0,853.3702621459961,1158.7910752296448,16.64717648824056,853.3702621459961,completed
2129.346978,30,44.070341,1.0,True,30,0,0,852.1139550209045,1067.1952347755432,11.75783150990804,852.1139550209045,completed
1772.845316,30,44.103671,1.0,True,30,0,0,961.5290651321411,1183.7375164031982,13.635432942708333,961.5290651321411,completed
2222.487406,30,44.13682,1.0,True,30,0,0,761.0258212089539,1086.4706654548645,10.762989489237468,761.0258212089539,completed
1954.276894,30,44.169832,1.0,True,30,0,0,818.2574777603149,1256.1239585876465,11.967204411824545,818.2574777603149,completed
2064.018973,30,44.203163,1.0,True,30,0,0,919.3704252243042,1231.207820892334,10.41716947555542,919.3704252243042,completed
2970.830492,30,44.236417,1.0,True,30,0,0,706.057050704956,830.5711088180542,4.781784296035767,706.057050704956,completed
2128.108067,30,44.270051,1.0,True,30,0,0,950.0501909255981,1285.995735168457,8.454441833496094,950.0501909255981,completed
2425.165666,30,44.303301,1.0,True,30,0,0,785.4036383628845,1011.6005458831787,9.763859176635743,785.4036383628845,completed
2994.128241,30,44.336614,1.0,True,30,0,0,760.0694346427917,847.7531614303589,4.371693674723307,760.0694346427917,completed
1791.896422,30,44.370067,1.0,True,30,0,0,898.9058066606522,1253.7448675632477,14.327345657348634,898.9058066606522,completed
2284.916585,30,44.40338,1.0,True,30,0,0,786.0924317836761,1153.4714922904968,9.076821899414062,786.0924317836761,completed
2943.238907,30,45.540893,1.0,True,30,0,0,706.8923001289368,846.8728342056274,5.767759927113851,706.8923001289368,completed
1795.512464,30,45.575612,1.0,True,30,0,0,765.5715907812119,1152.2604653835297,15.377634493509929,765.5715907812119,completed
2351.030557,30,45.609643,1.0,True,30,0,0,829.7805485725403,1139.5513162612915,8.626577758789063,829.7805485725403,completed
1456.867448,30,45.64366,1.0,True,30,0,0,999.7033596038818,1286.3018283843994,17.05630874633789,999.7033596038818,completed
2089.500678,30,45.67761,1.0,True,30,0,0,825.0057525634766,1121.7133836746216,11.693519147237142,825.0057525634766,completed
1406.758994,30,45.71126,1.0,True,30,0,0,1002.9376831054688,1340.0181121826172,16.457641220092775,1002.9376831054688,completed
835.307858,30,45.74507,1.0,True,30,0,0,986.7859406471252,1527.9264249801636,23.115025170644124,986.7859406471252,completed
1377.433601,30,45.778698,1.0,True,30,0,0,943.423212647438,1355.6235101222992,17.25544350941976,943.423212647438,completed
2287.813063,30,45.811856,1.0,True,30,0,0,831.4284076690674,1135.7474718093872,9.316794554392496,831.4284076690674,completed
2486.471369,30,45.845784,1.0,True,30,0,0,815.3234786987305,978.1736850738525,8.639058176676432,815.3234786987305,completed
1842.586249,30,45.879181,1.0,True,30,0,0,889.231095790863,1274.0939483642578,12.372862497965494,889.231095790863,completed
2179.053048,30,45.91248,1.0,True,30,0,0,768.085545539856,1090.5192461013794,11.758740901947021,768.085545539856,completed
3099.253128,30,45.945394,1.0,True,30,0,0,648.7171277999878,774.2430057525635,5.080821482340495,648.7171277999878,completed
2233.450781,30,45.978682,1.0,True,30,0,0,786.545193195343,1064.6777296066284,11.974610010782877,786.545193195343,completed
2219.753028,30,46.012411,1.0,True,30,0,0,829.5052322149277,1042.565684080124,11.345359675089519,829.5052322149277,completed
820.024569,30,46.04608,1.0,True,30,0,0,1070.265907049179,1595.2468619346619,20.884072303771973,1070.265907049179,completed
1801.001663,30,46.079624,1.0,True,30,0,0,872.7262668311596,1149.3293389678001,15.101671727498372,872.7262668311596,completed
2446.771856,30,46.11296,1.0,True,30,0,0,776.2773928642273,971.4274702072144,9.81485818227132,776.2773928642273,completed
2003.125042,30,46.146785,1.0,True,30,0,0,837.5488876104355,1264.5599782466888,11.222160824139912,837.5488876104355,completed
907.958647,30,46.180589,1.0,True,30,0,0,951.4332456588745,1424.8583822250366,23.73061974843343,951.4332456588745,completed
2454.220954,30,46.214695,1.0,True,30,0,0,802.5590987205505,1012.229850769043,8.679845841725667,802.5590987205505,completed
2387.626092,30,46.248117,1.0,True,30,0,0,790.8153877258301,1001.3444585800171,9.273429520924886,790.8153877258301,completed
2388.884497,30,46.281921,1.0,True,30,0,0,772.6601507663727,954.9445304870605,10.284673817952473,772.6601507663727,completed
2457.06825,30,46.315347,1.0,True,30,0,0,854.3323168754578,1129.8620538711548,6.791401672363281,854.3323168754578,completed
1668.191225,30,46.348881,1.0,True,30,0,0,961.3990106582642,1316.633484840393,12.944542249043783,961.3990106582642,completed
2341.492838,30,46.382507,1.0,True,30,0,0,892.7593615055084,1002.3074526786804,9.83855578104655,892.7593615055084,completed
1455.752407,30,46.416015,1.0,True,30,0,0,884.5405861139297,1279.3372762203217,18.770870621999105,884.5405861139297,completed
799.646008,30,46.449612,1.0,True,30,0,0,988.498562335968,1458.859782218933,24.54181823730469,988.498562335968,completed
1465.35994,30,46.48312,1.0,True,30,0,0,859.0055494308472,1284.1934080123901,19.610399691263833,859.0055494308472,completed
-299.7682,30,46.516424,1.0,True,30,0,0,1321.2027406692505,2093.2641401290894,27.907600021362306,1321.2027406692505,completed
624.42908,30,46.550224,1.0,True,30,0,0,1021.5784757137299,1545.9418334960938,23.8681303024292,1021.5784757137299,completed
1556.293258,30,46.583711,1.0,True,30,0,0,1089.11545419693,1274.2817211151123,15.142126274108886,1089.11545419693,completed
2547.597116,30,46.617536,1.0,True,30,0,0,751.5227138996124,954.9802460670471,8.683516414960225,751.5227138996124,completed
1511.053857,30,46.652116,1.0,True,30,0,0,942.7140642106533,1276.8059980273247,16.480518436431886,942.7140642106533,completed
2071.62286,30,46.68601,1.0,True,30,0,0,803.7783336639404,1124.7108688354492,10.898803075154623,803.7783336639404,completed
2444.254174,30,46.719405,1.0,True,30,0,0,776.636456489563,1029.343620300293,7.958099492390951,776.636456489563,completed
2287.951387,30,46.753042,1.0,True,30,0,0,797.2867336273193,1094.56915640831,9.994175020853678,797.2867336273193,completed
1608.846709,30,46.786842,1.0,True,30,0,0,940.5271158218384,1403.5815000534058,12.548289521535237,940.5271158218384,completed
2455.301118,30,46.820227,1.0,True,30,0,0,737.2418351173401,1045.7944269180298,8.699665196736653,737.2418351173401,completed
2129.406954,30,46.853847,1.0,True,30,0,0,790.0740609169006,1108.0563344955444,11.628110694885255,790.0740609169006,completed
1995.440465,30,46.887172,1.0,True,30,0,0,823.5402250289917,1188.9762239456177,12.876025899251301,823.5402250289917,completed
1714.37008,30,46.921158,1.0,True,30,0,0,848.0805501937866,1186.001766204834,17.369660790761312,848.0805501937866,completed
1531.671722,30,46.954762,1.0,True,30,0,0,941.5472545623779,1207.1457948684692,17.008992513020832,941.5472545623779,completed
1370.436225,30,46.988211,1.0,True,30,0,0,960.0834717750549,1318.2396130561829,18.7241686185201,960.0834717750549,completed
1622.620487,30,47.021835,1.0,True,30,0,0,965.9237279891968,1286.1096096038818,15.051745096842447,965.9237279891968,completed
1759.224157,30,47.055448,1.0,True,30,0,0,865.4944684505463,1204.0666279792786,14.450097846984864,865.4944684505463,completed
2047.639443,30,47.088829,1.0,True,30,0,0,757.9404969215393,1068.6202926635742,14.868565622965495,757.9404969215393,completed
1780.932748,30,47.122143,1.0,True,30,0,0,984.9191370010376,1272.1195421218872,12.896404552459718,984.9191370010376,completed
1538.672794,30,47.155551,1.0,True,30,0,0,913.5912677645683,1282.8971980810165,17.449758783976236,913.5912677645683,completed
2484.606298,30,47.188861,1.0,True,30,0,0,732.6087236404419,960.4439888000488,8.989001337687174,732.6087236404419,completed
1890.905097,30,47.222292,1.0,True,30,0,0,878.8141007423401,1112.3757829666138,13.803218015034993,878.8141007423401,completed
2681.036523,30,47.25587,1.0,True,30,0,0,760.5606994628906,942.0395393371582,7.439726066589356,760.5606994628906,completed
2213.745166,30,47.289176,1.0,True,30,0,0,945.1356196403503,1273.2325468063354,6.893627675374349,945.1356196403503,completed
1075.463928,30,47.323013,1.0,True,30,0,0,1051.6573209762573,1614.184913635254,16.465637906392416,1051.6573209762573,completed
1902.323548,30,47.356908,1.0,True,30,0,0,946.6375851631165,1209.3808331489563,12.406249745686848,946.6375851631165,completed
1056.001284,30,47.390684,1.0,True,30,0,0,1003.1632947921753,1458.54017162323,20.128442509969076,1003.1632947921753,completed
2334.498846,30,47.424354,1.0,True,30,0,0,840.565348148346,1224.2752628326416,7.240985933939616,840.565348148346,completed
1109.921952,30,47.458479,1.0,True,30,0,0,905.836932182312,1426.5681066513062,19.53918285369873,905.836932182312,completed
1480.605419,30,47.492196,1.0,True,30,0,0,828.6038942337036,1227.9604325294495,19.024596150716146,828.6038942337036,completed
2991.356701,30,47.52596,1.0,True,30,0,0,700.4485106468201,868.5546226501465,4.632735125223795,700.4485106468201,completed
3327.3538,30,47.559967,1.0,True,30,0,0,638.237190246582,814.9720811843872,1.4705766042073567,638.237190246582,completed
2875.840283,30,47.822192,1.0,True,30,0,0,724.012273311615,872.0336217880249,5.425256156921387,724.012273311615,completed
2752.134766,30,47.862413,1.0,True,30,0,0,762.1260223388672,998.5435085296631,4.7865293502807615,762.1260223388672,completed
2397.054706,30,47.897063,1.0,True,30,0,0,779.1989153623581,1011.7475507259369,9.875060653686523,779.1989153623581,completed
1850.056591,30,47.934034,1.0,True,30,0,0,893.2843317985535,1220.4901008605957,12.77389497756958,893.2843317985535,completed
544.892396,30,47.968261,1.0,True,30,0,0,1155.5010721683502,1510.8245739936829,24.081665484110513,1155.5010721683502,completed
1066.67308,30,48.002074,1.0,True,30,0,0,1002.8479928970337,1380.5706300735474,21.799840513865153,1002.8479928970337,completed
2081.949394,30,48.035794,1.0,True,30,0,0,761.3081827163696,1102.2335419654846,12.813479995727539,761.3081827163696,completed
2937.614026,30,49.088771,1.0,True,30,0,0,704.33948969841,945.8784728050232,4.071932665506998,704.33948969841,completed
2513.658571,30,49.122734,1.0,True,30,0,0,749.90975689888,1013.5914006233215,8.607417233784993,749.90975689888,completed
1969.900467,30,49.156386,1.0,True,30,0,0,839.952867269516,1176.286698102951,12.536874079704285,839.952867269516,completed
1729.864683,30,49.19144,1.0,True,30,0,0,874.4240379333496,1260.3147106170654,14.65224520365397,874.4240379333496,completed
743.779515,30,49.225014,1.0,True,30,0,0,1023.8140816688538,1536.7916269302368,22.857687441507974,1023.8140816688538,completed
1708.620577,30,49.25871,1.0,True,30,0,0,997.6334328651428,1246.5969548225403,14.44237855275472,997.6334328651428,completed
2468.479345,30,49.292154,1.0,True,30,0,0,767.2564907073975,1061.0674123764038,7.8998767852783205,767.2564907073975,completed
2957.855694,30,49.325955,1.0,True,30,0,0,735.1070394515991,878.9368810653687,4.23749189376831,735.1070394515991,completed
1011.973442,30,49.359617,1.0,True,30,0,0,1061.7863597869873,1492.7252435684204,18.815949567159016,1061.7863597869873,completed
2639.916381,30,49.393166,1.0,True,30,0,0,797.1779289245605,941.75950050354,7.347356859842936,797.1779289245605,completed
2511.2419,30,49.426602,1.0,True,30,0,0,750.547286093235,886.003996014595,10.147088877360027,750.547286093235,completed
1218.397217,30,49.460734,1.0,True,30,0,0,823.4073543548584,1263.4379177093506,21.962944348653156,823.4073543548584,completed
2187.383924,30,49.494312,1.0,True,30,0,0,952.7221722602844,1141.4932651519775,8.8390030225118,952.7221722602844,completed
1879.841117,30,49.529978,1.0,True,30,0,0,849.9409308433533,1243.0264282226562,13.547754224141439,849.9409308433533,completed
2798.235011,30,49.563711,1.0,True,30,0,0,683.4952660799026,885.3385798931122,6.879923184712728,683.4952660799026,completed
2426.795644,30,49.598032,1.0,True,30,0,0,759.9079203605652,967.4144887924194,9.9683944384257,759.9079203605652,completed
847.017288,30,49.631868,1.0,True,30,0,0,1145.8813651800156,1504.1850707530975,21.34750525156657,1145.8813651800156,completed
2688.858834,30,49.665589,1.0,True,30,0,0,767.7209784984589,953.9037899971008,5.353573497136434,767.7209784984589,completed
1728.139345,30,49.699492,1.0,True,30,0,0,875.3639588356018,1208.788109779358,15.616255982716877,875.3639588356018,completed
3226.339134,30,49.733004,1.0,True,30,0,0,700.6322225928307,785.5428661108017,2.653072992960612,700.6322225928307,completed
2335.065759,30,49.76682,1.0,True,30,0,0,871.5336219072342,986.2861835956573,10.451654434204102,871.5336219072342,completed
1694.437658,30,49.800366,1.0,True,30,0,0,844.5867602825165,1176.6430406570435,16.658382352193197,844.5867602825165,completed
2372.824298,30,49.8341,1.0,True,30,0,0,733.5463547706604,987.4921898841858,10.763441340128582,733.5463547706604,completed
3261.163979,30,49.867491,1.0,True,30,0,0,697.3912410736084,817.1586546897888,1.5254459381103516,697.3912410736084,completed
2266.009062,30,49.900838,1.0,True,30,0,0,811.4973108768463,1167.3777623176575,8.466283543904622,811.4973108768463,completed
2151.460815,30,49.934168,1.0,True,30,0,0,795.9588828086853,1111.0124044418335,11.147503503163655,795.9588828086853,completed
2396.079414,30,49.967588,1.0,True,30,0,0,845.1186800003052,1096.5632066726685,7.67716417312622,845.1186800003052,completed
2135.281596,30,50.001379,1.0,True,30,0,0,786.8244647979736,1067.5448598861694,11.055406316121418,786.8244647979736,completed
2753.177454,30,50.03527,1.0,True,30,0,0,736.6806516647339,1006.7905111312866,4.455743217468262,736.6806516647339,completed
3271.897285,30,50.068653,1.0,True,30,0,0,594.2217655181885,720.7831287384033,4.1451368967692055,594.2217655181885,completed
3397.407062,30,50.102335,1.0,True,30,0,0,613.9190692901611,758.7043166160583,1.1611124674479167,613.9190692901611,completed
1319.968345,30,50.135618,1.0,True,30,0,0,1036.131936788559,1274.23637342453,19.194874699910482,1036.131936788559,completed
2061.749098,30,50.168729,1.0,True,30,0,0,781.6817846298218,1081.5112915039062,12.909656842549643,781.6817846298218,completed
2569.294776,30,50.201891,1.0,True,30,0,0,612.159633398056,854.8935625553131,11.550442091623943,612.159633398056,completed
1682.276788,30,50.235551,1.0,True,30,0,0,893.0610315799713,1226.673372745514,14.625764719645183,893.0610315799713,completed
1758.577494,30,50.268749,1.0,True,30,0,0,990.6749114990234,1246.0228176116943,13.273207664489746,990.6749114990234,completed
1550.556724,30,50.301979,1.0,True,30,0,0,900.530843257904,1384.4083251953125,15.937926864624023,900.530843257904,completed
2531.49807,30,50.335387,1.0,True,30,0,0,856.7107865810394,1039.9010326862335,6.343072032928466,856.7107865810394,completed
2581.554924,30,50.36868,1.0,True,30,0,0,699.3499002456665,975.1062870025635,8.686970329284668,699.3499002456665,completed
759.489743,30,50.402444,1.0,True,30,0,0,1036.868745803833,1647.3513536453247,21.688375345865886,1036.868745803833,completed
1679.474723,30,50.436044,1.0,True,30,0,0,909.6055374145508,1313.8219375610352,14.99263038635254,909.6055374145508,completed
1471.496002,30,50.469862,1.0,True,30,0,0,969.9683837890625,1443.5217142105103,13.810818036397299,969.9683837890625,completed
1697.462915,30,50.503709,1.0,True,30,0,0,868.2198824882507,1207.0665984153748,16.230531628926595,868.2198824882507,completed
1018.058396,30,50.537015,1.0,True,30,0,0,952.8756828308105,1389.8523921966553,23.356309382120767,952.8756828308105,completed
2134.577653,30,50.570376,1.0,True,30,0,0,791.5436277389526,1133.7407760620117,11.889688618977864,791.5436277389526,completed
2344.836938,30,50.603776,1.0,True,30,0,0,764.7783226966858,1042.355341911316,9.911753209431966,764.7783226966858,completed
2542.792765,30,50.637453,1.0,True,30,0,0,799.0431780815125,1128.1312370300293,5.947282791137695,799.0431780815125,completed
2112.492091,30,50.671092,1.0,True,30,0,0,834.0581889152527,1054.5130138397217,12.035144678751628,834.0581889152527,completed
734.880078,30,50.704131,1.0,True,30,0,0,1011.3754167556763,1405.7256336212158,25.94994125366211,1011.3754167556763,completed
1793.187776,30,50.737937,1.0,True,30,0,0,961.6048471927643,1416.9954299926758,11.102572377522787,961.6048471927643,completed
2248.204389,30,50.771483,1.0,True,30,0,0,812.155855178833,1219.6918199062347,9.047351598739624,812.155855178833,completed
2203.360316,30,50.805224,1.0,True,30,0,0,845.512291431427,1135.2980070114136,9.758408355712891,845.512291431427,completed
2708.531419,30,50.838899,1.0,True,30,0,0,780.7837061882019,1000.1916694641113,5.296458689371745,780.7837061882019,completed
1873.543764,30,50.872474,1.0,True,30,0,0,925.2404036521912,1229.3709316253662,12.316732819875082,925.2404036521912,completed
2556.23876,30,50.906479,1.0,True,30,0,0,851.2786276340485,987.620599269867,6.526856740315755,851.2786276340485,completed
2012.229863,30,50.940317,1.0,True,30,0,0,824.6391081809998,1187.9231824874878,12.18785285949707,824.6391081809998,completed
1949.415256,30,50.974025,1.0,True,30,0,0,819.6532357931137,1260.7683007717133,11.949127864837646,819.6532357931137,completed
1808.948777,30,51.007369,1.0,True,30,0,0,924.2040681838989,1250.583589553833,13.431447219848632,924.2040681838989,completed
2654.041637,30,51.041115,1.0,True,30,0,0,695.251362323761,929.4867544174194,8.356201934814454,695.251362323761,completed
3124.4963,30,51.074614,1.0,True,30,0,0,706.0035953521729,911.1127853393555,1.9946246465047202,706.0035953521729,completed
2051.403127,30,51.108525,1.0,True,30,0,0,774.8754587173462,1087.7380933761597,14.702661577860514,774.8754587173462,completed
1886.041999,30,51.141942,1.0,True,30,0,0,828.5376205444336,1129.8565692901611,14.066553370157878,828.5376205444336,completed
2171.18562,30,51.17555,1.0,True,30,0,0,788.9961307048798,1030.8938870429993,11.940557098388672,788.9961307048798,completed
2178.412532,30,51.209329,1.0,True,30,0,0,910.266134262085,1287.3261814117432,7.15614980061849,910.266134262085,completed
2207.763445,30,51.243205,1.0,True,30,0,0,877.5393061637878,1065.736888885498,9.806706555684407,877.5393061637878,completed
2007.554848,30,51.276405,1.0,True,30,0,0,780.122317314148,1112.7219982147217,14.089626057942708,780.122317314148,completed
1945.776122,30,51.309913,1.0,True,30,0,0,928.8196678161621,1218.507900238037,11.692889785766601,928.8196678161621,completed
889.312739,30,51.343811,1.0,True,30,0,0,1002.1793813705444,1430.439236164093,23.43160786628723,1002.1793813705444,completed
2769.447475,30,51.377003,1.0,True,30,0,0,806.6489095687866,991.3685092926025,4.184296989440918,806.6489095687866,completed
451.875182,30,52.411475,1.0,True,30,0,0,1112.5663414001465,1570.6248760223389,26.21496082941691,1112.5663414001465,completed
402.849894,30,52.44548,1.0,True,30,0,0,1080.6178129911423,1682.5313489437103,25.299915568033853,1080.6178129911423,completed
1903.29172,30,52.47899,1.0,True,30,0,0,865.6931924819946,1178.0678024291992,13.7736296971639,865.6931924819946,completed
1511.613209,30,52.512733,1.0,True,30,0,0,929.2840943336487,1410.5781526565552,12.903006108601888,929.2840943336487,completed
1703.326259,30,52.546444,1.0,True,30,0,0,911.7658985853195,1237.5056645870209,13.88929951985677,911.7658985853195,completed
2666.978692,30,52.579851,1.0,True,30,0,0,780.1398816108704,904.111433506012,7.756913375854492,780.1398816108704,completed
2447.0104,30,52.613073,1.0,True,30,0,0,872.6397337913513,1097.2706546783447,6.956800651550293,872.6397337913513,completed
2064.29988,30,52.646808,1.0,True,30,0,0,904.8859987258911,1058.8989400863647,11.632994778951009,904.8859987258911,completed
2049.457428,30,52.680917,1.0,True,30,0,0,851.9377880096436,1103.3296766281128,12.011954243977865,851.9377880096436,completed
1551.99343,30,52.71705,1.0,True,30,0,0,996.7091734409332,1438.7492804527283,13.539280954996745,996.7091734409332,completed
2772.937167,30,52.751351,1.0,True,30,0,0,718.0024018287659,916.6221284866333,6.799617513020833,718.0024018287659,completed
595.034258,30,52.785062,1.0,True,30,0,0,1020.9336915016174,1511.8179559707642,26.24009625116984,1020.9336915016174,completed
2909.704305,30,52.818557,1.0,True,30,0,0,694.6862981319427,942.5527491569519,5.111264864603679,694.6862981319427,completed
2711.902572,30,52.852097,1.0,True,30,0,0,757.5434422492981,1067.5058135986328,4.238582801818848,757.5434422492981,completed
1879.114595,30,52.885564,1.0,True,30,0,0,959.631872177124,1236.7205085754395,12.995228703816732,959.631872177124,completed
2055.08437,30,52.919762,1.0,True,30,0,0,814.0183577537537,1137.2528467178345,13.342108058929444,814.0183577537537,completed
1319.128334,30,52.955426,1.0,True,30,0,0,909.9876251220703,1401.2618789672852,18.558183733622233,909.9876251220703,completed
668.434955,30,52.988815,1.0,True,30,0,0,1132.9275708198547,1516.1369676589966,24.23429730733236,1132.9275708198547,completed
2003.194737,30,53.022715,1.0,True,30,0,0,893.2677738666534,1244.6743240356445,11.028380711873373,893.2677738666534,completed
684.585127,30,53.056738,1.0,True,30,0,0,1110.2789778709412,1553.6529350280762,22.670487626393637,1110.2789778709412,completed
1333.998429,30,53.090164,1.0,True,30,0,0,972.5316824913025,1306.4129729270935,18.590471522013345,972.5316824913025,completed
2376.50038,30,53.123667,1.0,True,30,0,0,865.5174202919006,1033.390236377716,8.540998458862305,865.5174202919006,completed
2285.261261,30,53.157224,1.0,True,30,0,0,767.1859464645386,985.9641799926758,12.331109555562337,767.1859464645386,completed
2845.662399,30,53.190555,1.0,True,30,0,0,610.0484131574631,821.4957058429718,8.411054611206055,610.0484131574631,completed
330.802377,30,53.224379,1.0,True,30,0,0,1111.6841144561768,1778.159288406372,24.02019894917806,1111.6841144561768,completed
1906.050582,30,53.258072,1.0,True,30,0,0,815.4024994373322,1210.5325961112976,13.635367711385092,815.4024994373322,completed
2664.563351,30,53.291601,1.0,True,30,0,0,685.4300136566162,855.9188723564148,8.794464683532714,685.4300136566162,completed
1881.014895,30,53.325167,1.0,True,30,0,0,898.1035642623901,1148.3569259643555,14.782172457377117,898.1035642623901,completed
2496.244416,30,53.358807,1.0,True,30,0,0,777.0193824768066,982.7575607299805,8.358510621388753,777.0193824768066,completed
1680.600078,30,53.392954,1.0,True,30,0,0,821.384973526001,1183.9127645492554,17.821081606547036,821.384973526001,completed
2365.150982,30,53.426541,1.0,True,30,0,0,835.6794748306274,1151.8561725616455,7.689992396036784,835.6794748306274,completed
2198.288133,30,53.460542,1.0,True,30,0,0,805.2195682525635,1053.1258068084717,10.919028981526692,805.2195682525635,completed
1855.338242,30,53.49395,1.0,True,30,0,0,857.8698935508728,1136.9496765136719,14.988252957661947,857.8698935508728,completed
1073.069214,30,53.527784,1.0,True,30,0,0,1005.7694861888885,1468.3646214008331,19.637800176938374,1005.7694861888885,completed
1948.704053,30,53.561292,1.0,True,30,0,0,776.8877267837524,1054.9690380096436,14.91162281036377,776.8877267837524,completed
2663.303834,30,53.594514,1.0,True,30,0,0,642.7290062904358,898.1174650192261,8.468825848897298,642.7290062904358,completed
1923.670353,30,53.627928,1.0,True,30,0,0,894.7727336883545,1159.1547317504883,12.656596692403157,894.7727336883545,completed
2487.01826,30,53.661576,1.0,True,30,0,0,796.933198928833,1128.4739294052124,6.0583416302998865,796.933198928833,completed
3561.5195,30,53.695979,1.0,True,30,0,0,604.2652769088745,723.5648488998413,0.0,604.2652769088745,completed
2421.315223,30,53.729261,1.0,True,30,0,0,840.0921955108643,1122.2005395889282,7.253481101989746,840.0921955108643,completed
1759.328234,30,53.762871,1.0,True,30,0,0,979.8488121032715,1297.7673645019531,13.253639634450277,979.8488121032715,completed
2455.898756,30,53.796172,1.0,True,30,0,0,814.2962884902954,977.723557472229,8.750459289550781,814.2962884902954,completed
2198.620289,30,53.82968,1.0,True,30,0,0,823.5176718235016,1139.1075274944305,10.404180463155111,823.5176718235016,completed
527.223702,30,53.863236,1.0,True,30,0,0,1148.6248581409454,1710.2993760108948,21.204534498850503,1148.6248581409454,completed
902.453756,30,53.896655,1.0,True,30,0,0,1080.5906686782837,1553.6030387878418,20.587141672770183,1080.5906686782837,completed
2707.601284,30,53.92985,1.0,True,30,0,0,774.1492564678192,980.7852082252502,5.73409055074056,774.1492564678192,completed
2236.154865,30,53.96343,1.0,True,30,0,0,796.9005181789398,963.5459532737732,13.263404591878254,796.9005181789398,completed
2582.963928,30,53.996883,1.0,True,30,0,0,742.2881407737732,1012.2803983688354,6.7192458152771,742.2881407737732,completed
2586.259197,30,54.029893,1.0,True,30,0,0,751.7825424671173,976.7570786476135,8.053974850972493,751.7825424671173,completed
880.441681,30,54.063831,1.0,True,30,0,0,1075.8912439346313,1495.35786819458,21.23549861907959,1075.8912439346313,completed
2605.577597,30,54.097399,1.0,True,30,0,0,755.9340982437134,923.1930799484253,7.839159266153971,755.9340982437134,completed
2082.195782,30,54.13066,1.0,True,30,0,0,841.6944892406464,1180.579167842865,11.402507336934407,841.6944892406464,completed
2341.123399,30,54.163978,1.0,True,30,0,0,810.7652025222778,1018.062705039978,11.209141731262207,810.7652025222778,completed
1425.099335,30,54.197554,1.0,True,30,0,0,831.49653673172,1222.1033163070679,20.028151575724284,831.49653673172,completed
1343.407359,30,54.23089,1.0,True,30,0,0,945.1713314056396,1368.2968339920044,16.739388751983643,945.1713314056396,completed
2570.584119,30,54.264431,1.0,True,30,0,0,888.5526885986328,1086.4575576782227,5.353015899658203,888.5526885986328,completed
2057.481171,30,54.298063,1.0,True,30,0,0,857.7617101669312,1305.7375106811523,10.192509015401205,857.7617101669312,completed
2736.414278,30,54.331723,1.0,True,30,0,0,816.4674048423767,1148.4471502304077,3.006890233357747,816.4674048423767,completed
2219.69076,30,54.365374,1.0,True,30,0,0,735.6661520004272,1078.5838623046875,10.791121673583984,735.6661520004272,completed
1901.443863,30,54.398521,1.0,True,30,0,0,813.2589774131775,1090.146640777588,15.940657424926759,813.2589774131775,completed
2617.332574,30,54.431705,1.0,True,30,0,0,777.5083465576172,943.5721416473389,7.887217712402344,777.5083465576172,completed
1718.155086,30,54.464461,1.0,True,30,0,0,948.7801094055176,1245.8158674240112,14.786323229471842,948.7801094055176,completed
2614.328061,30,54.49809,1.0,True,30,0,0,706.1752853393555,971.1912794113159,7.310939343770345,706.1752853393555,completed
2485.033881,30,54.531296,1.0,True,30,0,0,848.499779343605,1077.7770149707794,6.921858914693197,848.499779343605,completed
1375.090746,30,54.564716,1.0,True,30,0,0,898.0778169631958,1347.2050952911377,18.31894931793213,898.0778169631958,completed
1998.952529,30,54.598927,1.0,True,30,0,0,844.1608816385269,1150.1551306247711,12.073004976908367,844.1608816385269,completed
2186.444114,30,54.632989,1.0,True,30,0,0,815.8215990066528,1151.0935173034668,10.881000963846843,815.8215990066528,completed
2667.994728,30,54.666402,1.0,True,30,0,0,740.4054343700409,947.0753645896912,6.932985178629557,740.4054343700409,completed
2039.898544,30,55.707333,1.0,True,30,0,0,885.2295119762421,1149.77964925766,11.820102246602376,885.2295119762421,completed
2172.537309,30,55.742475,1.0,True,30,0,0,701.6326594352722,1018.8323545455933,13.4294584274292,701.6326594352722,completed
2774.711577,30,55.776225,1.0,True,30,0,0,805.5725455284119,918.0185866355896,5.035407511393229,805.5725455284119,completed
876.934504,30,55.81024,1.0,True,30,0,0,979.6912865638733,1571.2662982940674,22.5309632619222,979.6912865638733,completed
2286.248417,30,55.843671,1.0,True,30,0,0,746.9753255844116,1170.0136671066284,9.142522557576497,746.9753255844116,completed
1147.840623,30,55.877423,1.0,True,30,0,0,959.0450749397278,1319.3573846817017,21.17398681640625,959.0450749397278,completed
1109.422838,30,55.910989,1.0,True,30,0,0,964.8015563488007,1389.2922682762146,20.891245555877685,964.8015563488007,completed
1029.40275,30,55.945833,1.0,True,30,0,0,979.213568687439,1445.3899402618408,21.052336247762046,979.213568687439,completed
2289.112803,30,55.979582,1.0,True,30,0,0,814.6444745063782,1137.6068143844604,8.178883616129557,814.6444745063782,completed
2531.583526,30,56.013155,1.0,True,30,0,0,689.9775719642639,992.4407472610474,8.462418476740519,689.9775719642639,completed
2845.492931,30,56.046518,1.0,True,30,0,0,660.4334857463837,845.8265051841736,7.4639636993408205,660.4334857463837,completed
2708.068679,30,56.079862,1.0,True,30,0,0,695.5129823684692,923.8691539764404,7.139457702636719,695.5129823684692,completed
1883.603623,30,56.113521,1.0,True,30,0,0,824.9450054168701,1129.812907218933,14.1439195950826,824.9450054168701,completed
1126.606382,30,56.147129,1.0,True,30,0,0,996.060920715332,1370.8885579109192,19.379660860697427,996.060920715332,completed
2303.042948,30,56.1805,1.0,True,30,0,0,790.3816494941711,1164.9513912200928,9.354692204793293,790.3816494941711,completed
1303.785569,30,56.214154,1.0,True,30,0,0,909.3091759681702,1265.00066614151,20.485469881693522,909.3091759681702,completed
2564.407222,30,56.247388,1.0,True,30,0,0,770.0704696178436,1202.7654795646667,4.508474477132162,770.0704696178436,completed
2146.907533,30,56.280563,1.0,True,30,0,0,902.7051841020584,1227.374992132187,9.272614415486654,902.7051841020584,completed
2185.574461,30,56.314127,1.0,True,30,0,0,790.1659245491028,1064.0490980148315,11.497866280873616,790.1659245491028,completed
2142.162183,30,56.347566,1.0,True,30,0,0,747.4798302650452,1059.3786835670471,12.733889452616374,747.4798302650452,completed
2315.162328,30,56.381166,1.0,True,30,0,0,819.6913124322891,1098.0962269306183,8.418617248535156,819.6913124322891,completed
2005.721137,30,56.414411,1.0,True,30,0,0,816.4863212108612,1082.3584265708923,13.896546681722006,816.4863212108612,completed
2025.761616,30,56.447549,1.0,True,30,0,0,841.5694723129272,1128.5243301391602,12.881998952229818,841.5694723129272,completed
2103.334651,30,56.480631,1.0,True,30,0,0,799.6080498695374,1085.3003025054932,13.21783644358317,799.6080498695374,completed
1290.420806,30,56.515663,1.0,True,30,0,0,963.4247484207153,1503.1578826904297,16.217511240641276,963.4247484207153,completed
2233.129579,30,56.549448,1.0,True,30,0,0,824.8782000541687,1206.474100112915,9.830366516113282,824.8782000541687,completed
2464.567807,30,56.583041,1.0,True,30,0,0,890.5802862644196,1143.654537677765,5.217733828226725,890.5802862644196,completed
2509.060992,30,56.616535,1.0,True,30,0,0,737.2395687103271,984.9661693572998,8.918874677022298,737.2395687103271,completed
2356.074977,30,56.650079,1.0,True,30,0,0,770.5962530374527,1016.6861469745636,10.553541819254557,770.5962530374527,completed
2306.534403,30,56.683444,1.0,True,30,0,0,738.7768793106079,1004.5788249969482,11.502712694803874,738.7768793106079,completed
1950.524715,30,56.716998,1.0,True,30,0,0,922.6079025268555,1456.5778923034668,7.72791436513265,922.6079025268555,completed
1222.153501,30,56.750803,1.0,True,30,0,0,974.4563069343567,1461.380820274353,17.17756354014079,974.4563069343567,completed
2116.288727,30,56.784283,1.0,True,30,0,0,886.9189743995667,1073.2115306854248,12.350453408559163,886.9189743995667,completed
3072.307337,30,56.817822,1.0,True,30,0,0,709.62375831604,842.8784637451172,3.2458683013916017,709.62375831604,completed
1400.635241,30,56.851432,1.0,True,30,0,0,934.1768450737,1468.5858449935913,16.140237045288085,934.1768450737,completed
2204.046231,30,56.884691,1.0,True,30,0,0,793.6710901260376,1105.2108945846558,11.233652178446452,793.6710901260376,completed
2287.783123,30,56.917997,1.0,True,30,0,0,800.6465950012207,1062.580768585205,10.966501235961914,800.6465950012207,completed
927.055707,30,56.951217,1.0,True,30,0,0,1061.654960155487,1498.3662452697754,20.96247412363688,1061.654960155487,completed
-664.187096,30,56.985912,1.0,True,30,0,0,1164.0228724479675,1790.1642923355103,39.026544189453126,1164.0228724479675,completed
2647.474325,30,57.019765,1.0,True,30,0,0,745.5897779464722,954.9356756210327,7.912376085917155,745.5897779464722,completed
3365.309121,30,57.054653,1.0,True,30,0,0,641.9058260917664,735.3559293746948,1.8442643483479817,641.9058260917664,completed
1585.396371,30,57.088336,1.0,True,30,0,0,908.5297322273254,1288.2109031677246,14.95756327311198,908.5297322273254,completed
2511.378345,30,57.121923,1.0,True,30,0,0,801.8812704086304,993.6231918334961,8.491789690653484,801.8812704086304,completed
2756.343109,30,57.155296,1.0,True,30,0,0,729.6135246753693,916.9958019256592,6.536556561787923,729.6135246753693,completed
1775.812299,30,57.188701,1.0,True,30,0,0,892.6329584121704,1177.3717765808105,14.391649532318116,892.6329584121704,completed
1161.622832,30,57.222189,1.0,True,30,0,0,1021.789457321167,1374.8442287445068,19.29958070119222,1021.789457321167,completed
2161.615827,30,57.257093,1.0,True,30,0,0,856.0757398605347,1256.6138696670532,8.12439120610555,856.0757398605347,completed
1826.914495,30,57.290531,1.0,True,30,0,0,861.1241636276245,1300.5891456604004,12.012715784708659,861.1241636276245,completed
2798.428191,30,57.324239,1.0,True,30,0,0,701.6423273086548,885.2757520675659,5.446384747823079,701.6423273086548,completed
1910.755574,30,57.357204,1.0,True,30,0,0,877.1418271064758,1179.6675367355347,13.505417315165202,877.1418271064758,completed
1663.370612,30,57.390875,1.0,True,30,0,0,948.6015548706055,1395.7794284820557,13.36851806640625,948.6015548706055,completed
1113.704438,30,57.424213,1.0,True,30,0,0,954.7667548656464,1372.5964579582214,21.226323413848878,954.7667548656464,completed
2749.475626,30,57.457464,1.0,True,30,0,0,734.6768636703491,933.1098470687866,7.1382904052734375,734.6768636703491,completed
3000.011412,30,57.490709,1.0,True,30,0,0,756.8198401927948,1035.2016801834106,1.7029139200846355,756.8198401927948,completed
3172.780197,30,57.523733,1.0,True,30,0,0,658.6312818527222,789.0139865875244,3.9020941416422525,658.6312818527222,completed
2167.041153,30,57.557484,1.0,True,30,0,0,808.5562353134155,1195.4221358299255,9.631012598673502,808.5562353134155,completed
1480.616118,30,57.591082,1.0,True,30,0,0,989.0703544616699,1255.05179977417,16.50641148885091,989.0703544616699,completed
1985.215422,30,57.62477,1.0,True,30,0,0,810.9345707893372,1133.4277420043945,12.524221992492675,810.9345707893372,completed
1763.903167,30,57.658205,1.0,True,30,0,0,917.658073425293,1211.4913864135742,14.964357725779216,917.658073425293,completed
3641.209142,30,57.69248,1.0,True,30,0,0,558.6075217723846,639.6905541419983,0.24944559733072916,558.6075217723846,completed
1134.568548,30,57.727724,1.0,True,30,0,0,1026.3153715133667,1421.3947658538818,19.685133107503255,1026.3153715133667,completed
1862.71178,30,57.761385,1.0,True,30,0,0,817.0196349620819,1137.5622942447662,14.845965258280437,817.0196349620819,completed
2981.523357,30,57.794796,1.0,True,30,0,0,688.6189908981323,818.3643102645874,5.835075124104818,688.6189908981323,completed
1980.174878,30,57.828252,1.0,True,30,0,0,901.5967960357666,1102.397954940796,13.103821563720704,901.5967960357666,completed
1199.393015,30,57.861779,1.0,True,30,0,0,1100.2280752658844,1714.2664971351624,14.162949879964193,1100.2280752658844,completed
2360.147582,30,57.895263,1.0,True,30,0,0,808.1793141365051,1092.8626403808594,9.546598752339682,808.1793141365051,completed
1466.42526,30,57.928892,1.0,True,30,0,0,809.6930546760559,1251.5134325027466,18.601568857828777,809.6930546760559,completed
3367.663233,30,57.962204,1.0,True,30,0,0,635.0699206590652,762.7363111972809,1.3714145421981812,635.0699206590652,completed
2650.176624,30,59.000077,1.0,True,30,0,0,782.5293769836426,945.9251346588135,5.996468353271484,782.5293769836426,completed
904.258768,30,59.034101,1.0,True,30,0,0,975.3644189834595,1466.8975772857666,20.69892075856527,975.3644189834595,completed
2764.886587,30,59.067701,1.0,True,30,0,0,745.7313780784607,1028.9446105957031,4.597258567810059,745.7313780784607,completed
1850.409411,30,59.101358,1.0,True,30,0,0,975.2187232971191,1363.7261381149292,9.322676722208659,975.2187232971191,completed
1180.014338,30,59.135289,1.0,True,30,0,0,1010.9903035163879,1375.6683835983276,20.335937627156575,1010.9903035163879,completed
2301.714112,30,59.168639,1.0,True,30,0,0,763.5176482200623,1068.3634033203125,10.999592590332032,763.5176482200623,completed
2101.103879,30,59.202143,1.0,True,30,0,0,922.3490619659424,1084.1603412628174,10.798505147298178,922.3490619659424,completed
1104.949509,30,59.23564,1.0,True,30,0,0,1004.8195657730103,1556.3286094665527,17.919954681396483,1004.8195657730103,completed
2045.523076,30,59.26909,1.0,True,30,0,0,947.2332153320312,1262.510136604309,9.872930749257405,947.2332153320312,completed
1947.688924,30,59.302645,1.0,True,30,0,0,841.3418214321136,1274.670377254486,11.922809473673503,841.3418214321136,completed
2270.890721,30,59.336276,1.0,True,30,0,0,825.140645980835,1100.3228797912598,9.477828725179036,825.140645980835,completed
1344.082698,30,59.369872,1.0,True,30,0,0,945.8328475952148,1437.4838037490845,17.53642349243164,945.8328475952148,completed
3282.325677,30,59.40341,1.0,True,30,0,0,681.9487671852112,855.2720365524292,0.6284303665161133,681.9487671852112,completed
2595.027092,30,59.43672,1.0,True,30,0,0,770.884313583374,978.9380493164062,8.093507766723633,770.884313583374,completed
998.775343,30,59.470254,1.0,True,30,0,0,1014.0543901920319,1498.191062450409,19.82969757715861,1014.0543901920319,completed
1885.649403,30,59.503554,1.0,True,30,0,0,848.5038366317749,1171.365644454956,13.94576810201009,848.5038366317749,completed
2375.57173,30,59.536948,1.0,True,30,0,0,834.4258394241333,1104.7883296012878,7.97509339650472,834.4258394241333,completed
1638.638138,30,59.571017,1.0,True,30,0,0,928.2036180496216,1227.224157333374,16.658218638102213,928.2036180496216,completed
2654.225766,30,59.604869,1.0,True,30,0,0,728.1987125873566,1013.764769077301,6.061896006266276,728.1987125873566,completed
2489.672052,30,59.63821,1.0,True,30,0,0,830.8373003005981,1093.658637046814,6.730017789204916,830.8373003005981,completed
1825.952288,30,59.671481,1.0,True,30,0,0,973.6287734508514,1214.5612320899963,12.480884869893393,973.6287734508514,completed
1708.209211,30,59.704729,1.0,True,30,0,0,945.855299949646,1467.9403829574585,11.742386468251546,945.855299949646,completed
1610.600146,30,59.738421,1.0,True,30,0,0,937.986400604248,1342.7854919433594,14.909066200256348,937.986400604248,completed
2386.995892,30,59.771598,1.0,True,30,0,0,815.3758645057678,962.9736089706421,10.158460330963134,815.3758645057678,completed
2837.397621,30,59.80484,1.0,True,30,0,0,715.8900497555733,871.3924108743668,5.325611623128255,715.8900497555733,completed
3000.114546,30,59.837849,1.0,True,30,0,0,687.7873725891113,857.8488454818726,4.809654998779297,687.7873725891113,completed
1899.761589,30,59.871186,1.0,True,30,0,0,834.0072364807129,1181.5948600769043,14.084662055969238,834.0072364807129,completed
2392.757607,30,59.905002,1.0,True,30,0,0,843.7224230766296,1055.1081323623657,8.506499894460042,843.7224230766296,completed
2732.569501,30,59.938572,1.0,True,30,0,0,729.9856567382812,930.9103174209595,6.673962593078613,729.9856567382812,completed
1648.688569,30,59.971881,1.0,True,30,0,0,956.530321598053,1326.4329805374146,13.971949323018391,956.530321598053,completed
1634.645303,30,60.005294,1.0,True,30,0,0,970.7893583774567,1245.9268443584442,14.70602589448293,970.7893583774567,completed
2602.352458,30,60.038922,1.0,True,30,0,0,760.1402125358582,901.3168115615845,9.50191535949707,760.1402125358582,completed
2601.854685,30,60.072157,1.0,True,30,0,0,850.3154315948486,1085.5910639762878,4.81343142191569,850.3154315948486,completed
1953.798835,30,60.105612,1.0,True,30,0,0,794.670245885849,1134.6968569755554,14.020541254679362,794.670245885849,completed
555.376067,30,60.13916,1.0,True,30,0,0,1040.0768926143646,1602.8988337516785,24.623151334126792,1040.0768926143646,completed
1975.502732,30,60.172714,1.0,True,30,0,0,790.0284295082092,1118.7018251419067,14.41513671875,790.0284295082092,completed
3355.739137,30,60.206081,1.0,True,30,0,0,594.6642566919327,634.0218670368195,3.0839709281921386,594.6642566919327,completed
3091.802137,30,60.23912,1.0,True,30,0,0,720.3708446025848,795.6174111366272,4.0966033935546875,720.3708446025848,completed
2258.46368,30,60.272627,1.0,True,30,0,0,863.1803240776062,1241.7139616012573,7.129046122233073,863.1803240776062,completed
2659.466458,30,60.30609,1.0,True,30,0,0,857.5376825332642,943.9818811416626,5.960514386494954,857.5376825332642,completed
2517.873875,30,60.339426,1.0,True,30,0,0,756.1464438438416,930.7425880432129,9.99369020462036,756.1464438438416,completed
1533.208087,30,60.372755,1.0,True,30,0,0,847.21764087677,1250.3319778442383,17.968269220987956,847.21764087677,completed
1154.916546,30,60.406364,1.0,True,30,0,0,952.0495238304138,1383.4535627365112,19.950913683573404,952.0495238304138,completed
1982.954023,30,60.439785,1.0,True,30,0,0,877.6772480010986,1138.7604656219482,12.630051930745443,877.6772480010986,completed
1949.364128,30,60.473325,1.0,True,30,0,0,841.4134631156921,1172.0467567443848,12.108939361572265,841.4134631156921,completed
2116.747383,30,60.506618,1.0,True,30,0,0,820.7419781684875,1034.7253274917603,12.876826159159343,820.7419781684875,completed
2417.190214,30,60.539829,1.0,True,30,0,0,658.068035364151,924.5457291603088,11.932811037699382,658.068035364151,completed
2277.366279,30,60.573426,1.0,True,30,0,0,731.5751886367798,1035.090503692627,9.8348175684611,731.5751886367798,completed
3079.05319,30,60.60727,1.0,True,30,0,0,727.262505531311,843.2358732223511,2.9504974365234373,727.262505531311,completed
2737.027872,30,60.641752,1.0,True,30,0,0,729.4050636291504,941.5514755249023,6.410374450683594,729.4050636291504,completed
152.167436,30,60.675507,1.0,True,30,0,0,1071.1091525554657,1662.0509123802185,29.948517815272012,1071.1091525554657,completed
1456.027792,30,60.708791,1.0,True,30,0,0,902.1045408248901,1220.8271074295044,19.24666109085083,902.1045408248901,completed
1647.585988,30,60.7424,1.0,True,30,0,0,967.6396280527115,1357.5959122180939,14.557912190755209,967.6396280527115,completed
2451.639871,30,60.77574,1.0,True,30,0,0,780.5221507549286,1021.8212141990662,8.767391713460286,780.5221507549286,completed
3234.929583,30,60.80974,1.0,True,30,0,0,634.4523055255413,762.5311879515648,3.1769121170043944,634.4523055255413,completed
2789.659046,30,60.843905,1.0,True,30,0,0,676.6967887878418,884.2597556114197,7.110619163513183,676.6967887878418,completed
2262.161903,30,60.87732,1.0,True,30,0,0,816.3179202079773,1056.9046230316162,10.924204317728679,816.3179202079773,completed
3169.906161,30,60.910771,1.0,True,30,0,0,628.7171444892883,736.6895742416382,4.79175033569336,628.7171444892883,completed
2198.205472,30,60.944146,1.0,True,30,0,0,806.4834105968475,1101.7239260673523,12.100136057535808,806.4834105968475,completed
-423.823702,30,60.977794,1.0,True,30,0,0,1231.1880249977112,1993.4215631484985,31.4557861328125,1231.1880249977112,completed
2447.447173,30,61.011463,1.0,True,30,0,0,769.3554150760174,991.2719058394432,9.925674692789714,769.3554150760174,completed
2274.517092,30,61.045079,1.0,True,30,0,0,934.6897163391113,1205.7894859313965,7.22167739868164,934.6897163391113,completed
1572.759721,30,61.078452,1.0,True,30,0,0,1032.1443939208984,1171.085859298706,16.495986620585125,1032.1443939208984,completed
1383.364901,30,61.112096,1.0,True,30,0,0,916.7037913799286,1399.1443536281586,15.375900594393412,916.7037913799286,completed
1210.034282,30,61.145707,1.0,True,30,0,0,928.954231262207,1328.5484538078308,20.686498006184895,928.954231262207,completed
1955.550954,30,61.178956,1.0,True,30,0,0,848.1470098495483,1173.0639543533325,12.336508178710938,848.1470098495483,completed
2223.854817,30,61.212578,1.0,True,30,0,0,753.0794172286987,981.8535995483398,12.320976225535075,753.0794172286987,completed
1839.065138,30,61.245883,1.0,True,30,0,0,908.3162708282471,1227.7062702178955,13.09113670984904,908.3162708282471,completed
1928.177,30,62.288018,1.0,True,30,0,0,849.7434511184692,1182.5713565349579,13.019140625,849.7434511184692,completed
1567.641765,30,62.323424,1.0,True,30,0,0,985.0078964233398,1482.2964868545532,13.01378936767578,985.0078964233398,completed
2358.235293,30,62.357151,1.0,True,30,0,0,678.9305037260056,971.6055247783661,11.844005457560222,678.9305037260056,completed
1753.429533,30,62.390635,1.0,True,30,0,0,978.9570348262787,1165.435821056366,14.953614044189454,978.9570348262787,completed
1628.089516,30,62.424413,1.0,True,30,0,0,831.7665042877197,1244.8283710479736,16.642322889963786,831.7665042877197,completed
531.862939,30,62.457748,1.0,True,30,0,0,1127.0538549423218,1687.7477340698242,24.25637067159017,1127.0538549423218,completed
2032.736905,30,62.491249,1.0,True,30,0,0,888.6094107627869,1268.1391077041626,9.319073836008707,888.6094107627869,completed
1197.605556,30,62.524649,1.0,True,30,0,0,1060.4046983718872,1638.4280376434326,14.314679718017578,1060.4046983718872,completed
2940.286454,30,62.557997,1.0,True,30,0,0,633.112894654274,762.9758970737457,7.259538714090983,633.112894654274,completed
1140.916748,30,62.591295,1.0,True,30,0,0,1040.5789365768433,1397.0988779067993,18.215452067057292,1040.5789365768433,completed
2242.770396,30,62.624689,1.0,True,30,0,0,821.6180844306946,1221.2979078292847,8.597184244791666,821.6180844306946,completed
2216.329515,30,62.658111,1.0,True,30,0,0,901.1749260425568,1241.870765209198,8.28179480234782,901.1749260425568,completed
2943.328016,30,62.692483,1.0,True,30,0,0,744.8662555217743,890.5748534202576,4.168664868672689,744.8662555217743,completed
2463.663592,30,62.728815,1.0,True,30,0,0,820.4922165870667,1015.135998249054,9.123191324869792,820.4922165870667,completed
2102.326725,30,62.763015,1.0,True,30,0,0,947.3168394565582,1214.6230683326721,9.386629931132,947.3168394565582,completed
2445.187381,30,62.796661,1.0,True,30,0,0,886.2062463760376,1086.907633304596,6.624841245015462,886.2062463760376,completed
2718.16631,30,62.830193,1.0,True,30,0,0,648.7005252838135,855.6876459121704,8.689282735188803,648.7005252838135,completed
2126.024557,30,62.863582,1.0,True,30,0,0,751.8814435005188,1114.040156364441,13.20670674641927,751.8814435005188,completed
1337.181997,30,62.898098,1.0,True,30,0,0,912.5987763404846,1449.4642896652222,15.264133644104003,912.5987763404846,completed
2723.795594,30,62.932015,1.0,True,30,0,0,630.7228105068207,833.2925152778625,8.769149208068848,630.7228105068207,completed
1778.371659,30,62.965838,1.0,True,30,0,0,779.8184809684753,1161.8297758102417,14.928741645812988,779.8184809684753,completed
2083.502363,30,62.998672,1.0,True,30,0,0,837.3491696715355,1258.0271118879318,10.004305203755697,837.3491696715355,completed
2385.923289,30,63.031845,1.0,True,30,0,0,712.5304622650146,961.8789463043213,10.391526540120443,712.5304622650146,completed
1499.363443,30,63.06542,1.0,True,30,0,0,909.787181854248,1256.4938507080078,18.210350195566814,909.787181854248,completed
1755.885957,30,63.098902,1.0,True,30,0,0,958.6750779151917,1364.4017133712769,11.884451866149902,958.6750779151917,completed
2400.991759,30,63.131974,1.0,True,30,0,0,836.0122451782227,1039.982292175293,9.140339533487955,836.0122451782227,completed
1574.919377,30,63.165207,1.0,True,30,0,0,908.9518165588379,1351.3328409194946,15.63739013671875,908.9518165588379,completed
2642.045481,30,63.198566,1.0,True,30,0,0,783.1359710693359,957.7156686782837,7.159761683146159,783.1359710693359,completed
3362.60649,30,63.231419,1.0,True,30,0,0,572.14795088768,679.4711089134216,3.1947753270467123,572.14795088768,completed
2475.467743,30,63.264714,1.0,True,30,0,0,819.8940618336201,1075.853128015995,7.402622985839844,819.8940618336201,completed
1324.580427,30,63.298701,1.0,True,30,0,0,972.8499164581299,1308.5038146972656,19.122590446472167,972.8499164581299,completed
2300.45204,30,63.332127,1.0,True,30,0,0,827.5453672409058,1064.406421661377,9.619561258951823,827.5453672409058,completed
2362.174578,30,63.365216,1.0,True,30,0,0,820.1862678527832,1046.51851272583,8.992388280232747,820.1862678527832,completed
1561.149119,30,63.398647,1.0,True,30,0,0,942.0615782737732,1396.7731914520264,14.286057058970133,942.0615782737732,completed
1819.839824,30,63.431908,1.0,True,30,0,0,793.3256435394287,1145.1623268127441,16.491437180836996,793.3256435394287,completed
2430.055294,30,63.465455,1.0,True,30,0,0,743.7952423095703,966.7085542678833,10.50480251312256,743.7952423095703,completed
3178.385269,30,63.498718,1.0,True,30,0,0,689.5272817611694,878.1601581573486,1.8653697967529297,689.5272817611694,completed
2414.228989,30,63.532172,1.0,True,30,0,0,729.1990983486176,1015.0838012695312,8.777656173706054,729.1990983486176,completed
1413.111612,30,63.565518,1.0,True,30,0,0,933.8695735931396,1378.7779731750488,17.165181223551432,933.8695735931396,completed
1814.340994,30,63.598797,1.0,True,30,0,0,792.8189759254456,1113.700852394104,16.748278045654295,792.8189759254456,completed
2335.048213,30,63.632113,1.0,True,30,0,0,750.5440058708191,995.9103546142578,11.068733215332031,750.5440058708191,completed
2358.491561,30,63.665764,1.0,True,30,0,0,694.4074220657349,924.5040884017944,11.298491477966309,694.4074220657349,completed
2129.578407,30,63.699135,1.0,True,30,0,0,833.5345384478569,1250.3978494405746,8.997720591227214,833.5345384478569,completed
2531.302754,30,63.732671,1.0,True,30,0,0,755.6479158401489,979.2238874435425,8.469370333353679,755.6479158401489,completed
2954.906969,30,63.766014,1.0,True,30,0,0,660.1373357772827,833.0219974517822,4.2114405314127605,660.1373357772827,completed
1906.147807,30,63.799365,1.0,True,30,0,0,864.4707746505737,1115.1904082298279,14.057671324412029,864.4707746505737,completed
1003.057437,30,63.832904,1.0,True,30,0,0,998.4141874313354,1569.6543712615967,18.604570706685383,998.4141874313354,completed
1746.284225,30,63.866206,1.0,True,30,0,0,902.3347568511963,1336.1014232635498,12.710055923461914,902.3347568511963,completed
1582.771771,30,63.899275,1.0,True,30,0,0,1001.0719051361084,1312.0436401367188,15.30561803181966,1001.0719051361084,completed
2758.024431,30,63.932489,1.0,True,30,0,0,695.9091687202454,853.3294668197632,8.429460906982422,695.9091687202454,completed
2925.404429,30,63.966403,1.0,True,30,0,0,710.0500240325928,891.268162727356,4.802842966715494,710.0500240325928,completed
3042.580534,30,63.999944,1.0,True,30,0,0,715.300549030304,898.142523765564,3.5047060012817384,715.300549030304,completed
1979.207997,30,64.033927,1.0,True,30,0,0,928.11838722229,1337.2279376983643,9.38283732732137,928.11838722229,completed
1999.766665,30,64.067547,1.0,True,30,0,0,906.0299258232117,1272.512391090393,10.447529157002768,906.0299258232117,completed
2196.586679,30,64.101168,1.0,True,30,0,0,928.0669097900391,1156.0269317626953,9.499059168497721,928.0669097900391,completed
2290.171941,30,64.134883,1.0,True,30,0,0,756.8758234977722,983.4261798858643,11.982229455312092,756.8758234977722,completed
2093.140319,30,64.168553,1.0,True,30,0,0,806.0422315597534,1079.5957336425781,12.594650586446127,806.0422315597534,completed
2590.357586,30,64.202015,1.0,True,30,0,0,836.3937811851501,1170.368535041809,4.006679280598958,836.3937811851501,completed
3236.705169,30,64.23493,1.0,True,30,0,0,685.783917427063,782.3347773551941,3.104270426432292,685.783917427063,completed
2693.68849,30,64.268532,1.0,True,30,0,0,679.5268678665161,1011.7642822265625,5.927577972412109,679.5268678665161,completed
1498.249945,30,64.301877,1.0,True,30,0,0,953.695746421814,1372.3931427001953,15.665002504984537,953.695746421814,completed
3232.832309,30,64.335364,1.0,True,30,0,0,749.5264811515808,865.1694355010986,0.5960903803507487,749.5264811515808,completed
2055.365028,30,64.368669,1.0,True,30,0,0,859.7236220836639,1128.6167504787445,11.788706215222676,859.7236220836639,completed
1952.370079,30,64.401866,1.0,True,30,0,0,829.3515496253967,1197.3480653762817,12.96560198465983,829.3515496253967,completed
1070.533216,30,64.435219,1.0,True,30,0,0,1019.5016689300537,1468.5150818824768,19.956653213500978,1019.5016689300537,completed
1553.304625,30,64.468527,1.0,True,30,0,0,987.5110311508179,1364.6546602249146,13.301143836975097,987.5110311508179,completed
1145.589454,30,64.501718,1.0,True,30,0,0,982.9697279930115,1273.4281272888184,21.814296150207518,982.9697279930115,completed
1385.021611,30,64.535012,1.0,True,30,0,0,920.9647407531738,1438.193515777588,17.506444613138836,920.9647407531738,completed
2546.719201,30,64.568265,1.0,True,30,0,0,870.5591330528259,988.2460391521454,7.314577929178873,870.5591330528259,completed
2575.227296,30,65.600923,1.0,True,30,0,0,791.16321849823,1053.4351253509521,7.2716022491455075,791.16321849823,completed
2543.647002,30,65.634822,1.0,True,30,0,0,818.7002530097961,990.493893623352,7.84315938949585,818.7002530097961,completed
2613.023917,30,65.668479,1.0,True,30,0,0,634.7977592945099,878.0051770210266,9.754862213134766,634.7977592945099,completed
1737.107145,30,65.701882,1.0,True,30,0,0,926.4132319688797,1283.6025803089142,14.001367950439453,926.4132319688797,completed
2050.67705,30,65.734718,1.0,True,30,0,0,910.5572890043259,1087.2478168010712,12.950266297658285,910.5572890043259,completed
2398.885993,30,65.768324,1.0,True,30,0,0,811.4174547195435,1116.3484601974487,8.021337127685547,811.4174547195435,completed
1014.101784,30,65.802129,1.0,True,30,0,0,1054.3125591278076,1495.1513500213623,20.477403259277345,1054.3125591278076,completed
2547.998145,30,65.835534,1.0,True,30,0,0,734.1805965900421,1029.125482082367,8.740924453735351,734.1805965900421,completed
1782.845938,30,65.868988,1.0,True,30,0,0,874.159384727478,1139.1839799880981,15.992600886027018,874.159384727478,completed
2480.454229,30,65.902535,1.0,True,30,0,0,695.3725737333298,915.0926206111908,11.095339075724285,695.3725737333298,completed
2395.042706,30,65.936163,1.0,True,30,0,0,767.6764447689056,990.2486615180969,9.167964998881022,767.6764447689056,completed
1722.912552,30,65.969537,1.0,True,30,0,0,906.180242061615,1241.1438779830933,14.385350608825684,906.180242061615,completed
2690.984856,30,66.002925,1.0,True,30,0,0,782.9628620147705,995.3955039978027,6.0717061996459964,782.9628620147705,completed
2304.75018,30,66.036418,1.0,True,30,0,0,777.433943271637,1018.4667539596558,11.30793374379476,777.433943271637,completed
3551.423653,30,66.070151,1.0,True,30,0,0,598.4401075541973,659.4537691473961,0.9852189381917318,598.4401075541973,completed
2172.163847,30,66.103987,1.0,True,30,0,0,824.9446859359741,1180.1628551483154,9.244836680094402,824.9446859359741,completed
2450.878302,30,66.137372,1.0,True,30,0,0,803.8440449237823,1075.5293927192688,8.395548979441324,803.8440449237823,completed
1959.438165,30,66.170997,1.0,True,30,0,0,991.0941395759583,1134.8323678970337,12.376495774586996,991.0941395759583,completed
2175.005056,30,66.204793,1.0,True,30,0,0,843.3441867828369,1073.02406167984,12.227699406941731,843.3441867828369,completed
2517.008586,30,66.238126,1.0,True,30,0,0,783.8659493923187,1108.9145710468292,6.46443026860555,783.8659493923187,completed
1623.818254,30,66.271595,1.0,True,30,0,0,934.9453840255737,1361.5701971054077,14.374788316090902,934.9453840255737,completed
1945.208568,30,66.305308,1.0,True,30,0,0,804.1626172065735,1105.6152086257935,13.768618869781495,804.1626172065735,completed
3090.871616,30,66.338473,1.0,True,30,0,0,717.6805744171143,811.7138519287109,3.8439133644104,717.6805744171143,completed
2168.174843,30,66.371893,1.0,True,30,0,0,860.9825506210327,1169.0124826431274,9.988698259989421,860.9825506210327,completed
2133.447011,30,66.405337,1.0,True,30,0,0,871.1024241447449,1143.0471906661987,10.525660419464112,871.1024241447449,completed
1200.050398,30,66.439299,1.0,True,30,0,0,1066.7129216194153,1388.422342300415,18.794287872314452,1066.7129216194153,completed
1558.486073,30,66.472614,1.0,True,30,0,0,928.078980922699,1357.4640140533447,15.190935389200847,928.078980922699,completed
1955.795903,30,66.506245,1.0,True,30,0,0,873.3643755912781,1183.143485069275,13.145460637410482,873.3643755912781,completed
3131.426451,30,66.539604,1.0,True,30,0,0,588.8165563344955,724.8948118686676,5.631655375162761,588.8165563344955,completed
1831.108758,30,66.574344,1.0,True,30,0,0,969.7279011011124,1308.2602035999298,12.382804616292317,969.7279011011124,completed
2583.740168,30,66.60738,1.0,True,30,0,0,722.8165860176086,887.5885815620422,10.437040678660075,722.8165860176086,completed
2691.480694,30,66.640796,1.0,True,30,0,0,781.9978671073914,1028.5466957092285,5.048653666178385,781.9978671073914,completed
2008.535299,30,66.674034,1.0,True,30,0,0,903.3589794933796,1174.9544244408607,11.283324114481609,903.3589794933796,completed
1279.888573,30,66.707616,1.0,True,30,0,0,929.2217288017273,1315.3319492340088,20.178554089864097,929.2217288017273,completed
1732.481003,30,66.741196,1.0,True,30,0,0,898.8255443572998,1219.6284742355347,14.69387248357137,898.8255443572998,completed
2940.611154,30,66.774508,1.0,True,30,0,0,700.4716069698334,836.4239251613617,6.067326068878174,700.4716069698334,completed
2831.792307,30,66.808019,1.0,True,30,0,0,663.5024740695953,843.4687733650208,7.288175964355469,663.5024740695953,completed
2769.194801,30,66.84136,1.0,True,30,0,0,763.4316124916077,946.2059440612793,6.698661549886068,763.4316124916077,completed
2395.586254,30,66.874318,1.0,True,30,0,0,857.8497171401978,999.0383539199829,8.929362106323243,857.8497171401978,completed
2709.899258,30,66.907335,1.0,True,30,0,0,739.5885887145996,911.6676406860352,7.308553059895833,739.5885887145996,completed
1820.424695,30,66.940524,1.0,True,30,0,0,783.2222089767456,1206.0158786773682,13.800408554077148,783.2222089767456,completed
2020.511216,30,66.973715,1.0,True,30,0,0,809.7062568664551,1170.2195391654968,12.523725620905559,809.7062568664551,completed
1675.642862,30,67.007185,1.0,True,30,0,0,967.7757096290588,1329.1321516036987,12.944105752309163,967.7757096290588,completed
2311.553568,30,67.040236,1.0,True,30,0,0,813.9861536026001,1101.1724910736084,9.312749989827473,813.9861536026001,completed
2018.164039,30,67.073714,1.0,True,30,0,0,938.9338645935059,1141.3901944160461,12.215773804982502,938.9338645935059,completed
702.433724,30,67.106974,1.0,True,30,0,0,943.6464400291443,1455.6087284088135,24.586813513437907,943.6464400291443,completed
2320.469151,30,67.140421,1.0,True,30,0,0,923.3559557199478,1103.659304857254,8.85820067723592,923.3559557199478,completed
2696.206426,30,67.17369,1.0,True,30,0,0,823.4762091636658,1207.4331884384155,2.108855692545573,823.4762091636658,completed
2818.504629,30,67.207117,1.0,True,30,0,0,748.3577120304108,1080.9627227783203,3.973695818583171,748.3577120304108,completed
3022.425702,30,67.240606,1.0,True,30,0,0,637.4212665557861,786.5401611328125,6.248789342244466,637.4212665557861,completed
1602.666952,30,67.274008,1.0,True,30,0,0,912.7124223709106,1321.099684715271,14.858265686035157,912.7124223709106,completed
1799.275386,30,67.307543,1.0,True,30,0,0,937.8609571456909,1282.625295639038,12.868670241038005,937.8609571456909,completed
2432.400717,30,67.340432,1.0,True,30,0,0,878.7254433631897,1076.2983226776123,7.52393102645874,878.7254433631897,completed
2891.534007,30,67.373566,1.0,True,30,0,0,742.2681169509888,890.6208219528198,5.057036972045898,742.2681169509888,completed
2411.424432,30,67.407022,1.0,True,30,0,0,826.688494682312,1050.1487474441528,8.873314158121746,826.688494682312,completed
1908.025895,30,67.44011,1.0,True,30,0,0,842.5166063308716,1182.238501548767,13.016696484883626,842.5166063308716,completed
1711.648372,30,67.473712,1.0,True,30,0,0,971.2227945327759,1336.0109996795654,13.016764195760091,971.2227945327759,completed
1676.145655,30,67.506823,1.0,True,30,0,0,1009.772501707077,1555.3650870323181,10.034820810953777,1009.772501707077,completed
2626.620811,30,67.53974,1.0,True,30,0,0,800.6115612983704,1006.9396028518677,6.339644813537598,800.6115612983704,completed
1992.673642,30,67.573078,1.0,True,30,0,0,880.723123550415,1205.3764247894287,12.049640274047851,880.723123550415,completed
2853.793956,30,67.606698,1.0,True,30,0,0,740.4744386672974,1029.8024559020996,3.9856446584065757,740.4744386672974,completed
1166.674012,30,67.639748,1.0,True,30,0,0,984.0071086883545,1399.43483543396,19.142390060424805,984.0071086883545,completed
2549.831873,30,67.673063,1.0,True,30,0,0,784.3741106987,1001.1169862747192,7.888582928975423,784.3741106987,completed
1538.755145,30,67.707863,1.0,True,30,0,0,902.0309271812439,1228.3306369781494,18.98104330698649,902.0309271812439,completed
2801.161674,30,67.742271,1.0,True,30,0,0,756.4528107643127,869.2770013809204,5.562698968251547,756.4528107643127,completed
2377.880187,30,67.77539,1.0,True,30,0,0,833.3520059585571,1175.3517408370972,6.653694915771484,833.3520059585571,completed
1541.982733,30,67.809011,1.0,True,30,0,0,923.1543660163879,1320.6001958847046,15.774407196044923,923.1543660163879,completed
1242.642453,30,67.842303,1.0,True,30,0,0,959.9579343795776,1293.5615367889404,20.891084925333658,959.9579343795776,completed
1127.755596,30,68.874867,1.0,True,30,0,0,886.893748998642,1299.8895335197449,22.587161127726237,886.893748998642,completed
2430.458144,30,68.908485,1.0,True,30,0,0,826.6606433391571,980.3206973075867,9.419878387451172,826.6606433391571,completed
2804.444985,30,68.942104,1.0,True,30,0,0,768.5248122215271,904.7747449874878,5.569798469543457,768.5248122215271,completed
2311.998008,30,68.976864,1.0,True,30,0,0,795.3423204421997,1195.2851448059082,8.599715677897136,795.3423204421997,completed
2625.700399,30,69.010179,1.0,True,30,0,0,731.0737543106079,912.5397443771362,8.364360491434732,731.0737543106079,completed
3326.945342,30,69.043811,1.0,True,30,0,0,637.044075012207,691.7338771820068,2.9153491338094075,637.044075012207,completed
3391.142957,30,69.077156,1.0,True,30,0,0,543.3596661090851,655.0205368995667,3.8719775517781576,543.3596661090851,completed
2307.222699,30,69.11063,1.0,True,30,0,0,890.7595167160034,997.5274300575256,10.517356967926025,890.7595167160034,completed
2817.232817,30,69.144368,1.0,True,30,0,0,752.4522886276245,976.7738094329834,4.61407699584961,752.4522886276245,completed
2779.109409,30,69.177951,1.0,True,30,0,0,754.0778388977051,922.8482484817505,6.22184689839681,754.0778388977051,completed
1621.231264,30,69.21116,1.0,True,30,0,0,977.1883478164673,1529.8016290664673,11.74456558227539,977.1883478164673,completed
1824.393072,30,69.24483,1.0,True,30,0,0,849.638277053833,1187.421495437622,14.661005274454753,849.638277053833,completed
2797.650583,30,69.278103,1.0,True,30,0,0,717.3914260864258,953.2894668579102,5.304935805002848,717.3914260864258,completed
1646.275989,30,69.311553,1.0,True,30,0,0,1000.749204158783,1285.343466758728,14.323277918497721,1000.749204158783,completed
2930.823797,30,69.344312,1.0,True,30,0,0,749.888704419136,960.9057333469391,3.870777893066406,749.888704419136,completed
2683.210909,30,69.377654,1.0,True,30,0,0,661.5027647018433,858.6947736740112,8.672053019205729,661.5027647018433,completed
1079.359856,30,69.411241,1.0,True,30,0,0,977.849381685257,1526.5038702487946,19.579604291915892,977.849381685257,completed
1233.898514,30,69.44478,1.0,True,30,0,0,978.8160176277161,1359.628643989563,18.803672790527344,978.8160176277161,completed
3198.84283,30,69.478525,1.0,True,30,0,0,680.0800194740295,779.502758026123,3.4276020685831705,680.0800194740295,completed
568.616814,30,69.512297,1.0,True,30,0,0,991.9444093704224,1570.4479207992554,25.062063789367677,991.9444093704224,completed
1652.353224,30,69.545813,1.0,True,30,0,0,860.2607418298721,1341.6387674808502,14.1781281153361,860.2607418298721,completed
2772.096528,30,69.578869,1.0,True,30,0,0,707.6503229141235,972.0183458328247,6.318218294779459,707.6503229141235,completed
2242.473567,30,69.612518,1.0,True,30,0,0,849.4637956619263,1242.4921655654907,7.518446222941081,849.4637956619263,completed
509.096293,30,69.646224,1.0,True,30,0,0,1053.3366785049438,1602.349850654602,25.2719477335612,1053.3366785049438,completed
3014.419985,30,69.67928,1.0,True,30,0,0,670.6522579193115,806.4064102172852,5.269026819864909,670.6522579193115,completed
2913.054273,30,69.712308,1.0,True,30,0,0,683.4229083061218,863.330153465271,5.787146886189778,683.4229083061218,completed
1471.476249,30,69.745573,1.0,True,30,0,0,877.1758170127869,1273.6025924682617,18.687590154012046,877.1758170127869,completed
2037.226263,30,69.77928,1.0,True,30,0,0,923.0442683696747,1187.510055065155,11.211435254414877,923.0442683696747,completed
2770.668808,30,69.812689,1.0,True,30,0,0,744.6781249046326,898.7214508056641,6.898845354715983,744.6781249046326,completed
1750.629064,30,69.846239,1.0,True,30,0,0,864.3224971294403,1199.590440273285,15.520465898513795,864.3224971294403,completed
1783.775695,30,69.87973,1.0,True,30,0,0,932.7344496250153,1322.5848126411438,11.61233901977539,932.7344496250153,completed
2073.02646,30,69.913166,1.0,True,30,0,0,799.8499720096588,1115.8222613334656,12.327651151021321,799.8499720096588,completed
2380.974394,30,69.946959,1.0,True,30,0,0,865.6763687133789,1245.264687538147,4.997143809000651,865.6763687133789,completed
2959.004597,30,69.980277,1.0,True,30,0,0,744.1557078361511,802.0024576187134,5.121654574076334,744.1557078361511,completed
1804.578686,30,70.014031,1.0,True,30,0,0,913.7956523895264,1381.917688369751,10.78390776316325,913.7956523895264,completed
2538.496738,30,70.047957,1.0,True,30,0,0,817.1901545524597,1105.0043926239014,6.678072293599446,817.1901545524597,completed
2299.215537,30,70.081276,1.0,True,30,0,0,817.8494102954865,1210.157542705536,7.898358662923177,817.8494102954865,completed
1335.605654,30,70.115115,1.0,True,30,0,0,947.5501489639282,1362.4263887405396,18.61992047627767,947.5501489639282,completed
2513.545653,30,70.148956,1.0,True,30,0,0,765.2446060180664,994.2453317642212,9.227295303344727,765.2446060180664,completed
1516.312559,30,70.182936,1.0,True,30,0,0,1031.9012479782104,1519.7383604049683,13.130574925740559,1031.9012479782104,completed
2981.070001,30,70.216312,1.0,True,30,0,0,816.0945100784302,923.998729467392,3.047911516825358,816.0945100784302,completed
1504.630458,30,70.249745,1.0,True,30,0,0,922.2218952178955,1373.365313053131,15.855576006571452,922.2218952178955,completed
1495.689717,30,70.28322,1.0,True,30,0,0,1075.4544563293457,1544.5717105865479,11.750145467122396,1075.4544563293457,completed
1844.741909,30,70.316481,1.0,True,30,0,0,965.692168712616,1324.276575088501,10.652309290568034,965.692168712616,completed
1884.042534,30,70.350157,1.0,True,30,0,0,890.9236402511597,1244.444236278534,12.625243695576986,890.9236402511597,completed
1468.209223,30,70.383855,1.0,True,30,0,0,854.6534929275513,1288.889268875122,17.020341428120933,854.6534929275513,completed
1625.334014,30,70.417454,1.0,True,30,0,0,926.3917198181152,1305.2802124023438,15.467045338948568,926.3917198181152,completed
2753.149931,30,70.450846,1.0,True,30,0,0,693.578191280365,852.084680557251,7.7235000928243,693.578191280365,completed
1414.521458,30,70.484438,1.0,True,30,0,0,1009.2325916290283,1316.726318359375,15.859000619252523,1009.2325916290283,completed
2131.341355,30,70.517955,1.0,True,30,0,0,932.4865822792053,1329.7976489067078,7.773154703776042,932.4865822792053,completed
2443.692199,30,70.551164,1.0,True,30,0,0,793.9939603805542,970.5961856842041,9.704260349273682,793.9939603805542,completed
2480.608494,30,70.584461,1.0,True,30,0,0,815.7442383766174,1146.7874574661255,6.47464599609375,815.7442383766174,completed
2502.889292,30,70.617897,1.0,True,30,0,0,810.6397671699524,1062.0244312286377,6.458332888285319,810.6397671699524,completed
2299.389533,30,70.651029,1.0,True,30,0,0,718.4711556434631,1009.5418090820312,11.733863067626952,718.4711556434631,completed
2957.092809,30,70.684425,1.0,True,30,0,0,753.3399710655212,920.5686073303223,3.7212956746419272,753.3399710655212,completed
2409.906054,30,70.717749,1.0,True,30,0,0,784.5080456733704,995.6596097946167,9.486059125264486,784.5080456733704,completed
892.540591,30,70.751456,1.0,True,30,0,0,1034.1668212413788,1469.1465601921082,22.3483016649882,1034.1668212413788,completed
2699.213104,30,70.784562,1.0,True,30,0,0,722.6104159355164,1009.6398549079895,5.860280100504557,722.6104159355164,completed
2266.418739,30,70.817569,1.0,True,30,0,0,825.2741043567657,1208.5743374824524,8.39975045522054,825.2741043567657,completed
2283.058746,30,70.851274,1.0,True,30,0,0,837.5234175920486,1130.2424719333649,8.602674738566082,837.5234175920486,completed
768.373768,30,70.884304,1.0,True,30,0,0,1076.1467921733856,1576.9365000724792,22.021800104777018,1076.1467921733856,completed
2153.707586,30,70.917392,1.0,True,30,0,0,906.9316103458405,1077.070438861847,10.622599411010743,906.9316103458405,completed
1268.06566,30,70.95027,1.0,True,30,0,0,1067.3484241962433,1576.2231040000916,13.794664510091145,1067.3484241962433,completed
1661.838633,30,70.983603,1.0,True,30,0,0,975.0643521547318,1476.269596338272,10.820436668395995,975.0643521547318,completed
2636.987486,30,71.02005,1.0,True,30,0,0,851.7162265777588,985.8544654846191,6.04238109588623,851.7162265777588,completed
2396.899622,30,71.055017,1.0,True,30,0,0,814.0627083778381,1075.022047996521,7.952308336893718,814.0627083778381,completed
2933.279785,30,71.089571,1.0,True,30,0,0,658.8597975969315,873.6793673038483,5.922617212931315,658.8597975969315,completed
2201.130361,30,71.123372,1.0,True,30,0,0,807.7719917297363,1077.4326877593994,11.65050811767578,807.7719917297363,completed
2248.124218,30,72.202764,1.0,True,30,0,0,879.0823044776917,1070.979944229126,11.105807685852051,879.0823044776917,completed
2104.904096,30,72.236965,1.0,True,30,0,0,812.2016744613647,1174.9993319511414,11.421260563532512,812.2016744613647,completed
2539.312182,30,72.270625,1.0,True,30,0,0,765.0975866317749,996.7417364120483,7.50355593363444,765.0975866317749,completed
2785.09303,30,72.304489,1.0,True,30,0,0,707.0742983818054,1007.8638105392456,4.200203323364258,707.0742983818054,completed
592.517372,30,72.338296,1.0,True,30,0,0,1139.890694618225,1821.0018310546875,19.42410329182943,1139.890694618225,completed
2740.314629,30,72.371064,1.0,True,30,0,0,773.5351309776306,1088.9660358428955,4.045027542114258,773.5351309776306,completed
864.585839,30,72.404413,1.0,True,30,0,0,1020.818434715271,1419.6747455596924,22.604681332906086,1020.818434715271,completed
2043.308755,30,72.437876,1.0,True,30,0,0,791.7634825706482,1202.9702863693237,11.722764015197754,791.7634825706482,completed
2703.349803,30,72.471358,1.0,True,30,0,0,663.9612760543823,866.9065818786621,8.9946031888326,663.9612760543823,completed
2229.013381,30,72.504803,1.0,True,30,0,0,808.219952583313,1071.0165662765503,10.882273737589518,808.219952583313,completed
2385.785367,30,72.53809,1.0,True,30,0,0,871.8728251457214,1184.0955848693848,5.976429907480876,871.8728251457214,completed
1769.618264,30,72.572361,1.0,True,30,0,0,851.3312954902649,1216.6559572219849,15.437690099080404,851.3312954902649,completed
1698.93607,30,72.607832,1.0,True,30,0,0,907.0365238189697,1351.9948415756226,13.9941281636556,907.0365238189697,completed
2903.416234,30,72.641272,1.0,True,30,0,0,779.221089720726,985.1433627605438,3.1732235590616864,779.221089720726,completed
1820.81512,30,72.67445,1.0,True,30,0,0,878.8884687423706,1210.446455001831,14.006011644999186,878.8884687423706,completed
2161.965912,30,72.709598,1.0,True,30,0,0,927.469321846962,1154.5309937000275,9.692806688944499,927.469321846962,completed
1156.08064,30,72.746321,1.0,True,30,0,0,985.5499663352966,1522.8233213424683,18.708062108357748,985.5499663352966,completed
2690.855537,30,72.78053,1.0,True,30,0,0,724.0418203771114,852.2969753146172,8.453211625417074,724.0418203771114,completed
2072.373597,30,72.814143,1.0,True,30,0,0,797.8155755996704,1137.7666540145874,11.539895629882812,797.8155755996704,completed
2576.172901,30,72.847603,1.0,True,30,0,0,798.3949227333069,984.9214200973511,8.439609718322753,798.3949227333069,completed
2323.926089,30,72.880962,1.0,True,30,0,0,837.1101815700531,1098.5055212974548,8.924195480346679,837.1101815700531,completed
2894.862881,30,72.917059,1.0,True,30,0,0,750.0646774768829,864.1891655921936,5.408170509338379,750.0646774768829,completed
2260.008331,30,72.950679,1.0,True,30,0,0,819.2934212684631,1055.931803703308,10.531510543823241,819.2934212684631,completed
1069.061129,30,72.984128,1.0,True,30,0,0,948.8491816520691,1316.993395805359,23.048943773905435,948.8491816520691,completed
1630.402965,30,73.017662,1.0,True,30,0,0,875.085572719574,1262.154848575592,16.269589296976726,875.085572719574,completed
868.781484,30,73.050957,1.0,True,30,0,0,959.8911972045898,1448.7039170265198,24.278491481145224,959.8911972045898,completed
2649.756619,30,73.084598,1.0,True,30,0,0,737.2253608703613,1015.2383608818054,6.435766124725342,737.2253608703613,completed
1536.0524,30,73.118088,1.0,True,30,0,0,957.9199912548065,1306.6845316886902,15.364043680826823,957.9199912548065,completed
2679.807654,30,73.151692,1.0,True,30,0,0,769.0021343231201,1151.502935409546,3.9522972742716473,769.0021343231201,completed
2441.370304,30,73.187566,1.0,True,30,0,0,837.3326425552368,1019.3652348518372,8.41547253926595,837.3326425552368,completed
1222.408785,30,73.221356,1.0,True,30,0,0,980.5771312713623,1408.7534732818604,17.660268592834473,980.5771312713623,completed
3165.945946,30,73.254642,1.0,True,30,0,0,648.8627381324768,747.3448238372803,3.627618408203125,648.8627381324768,completed
2671.440879,30,73.288234,1.0,True,30,0,0,752.9904527664185,1056.7879309654236,5.571635421117147,752.9904527664185,completed
1282.81062,30,73.321714,1.0,True,30,0,0,1006.7637934684753,1267.9933032989502,19.38897450764974,1006.7637934684753,completed
1600.157726,30,73.355154,1.0,True,30,0,0,828.0741176605225,1186.7632026672363,18.625971349080405,828.0741176605225,completed
2305.757322,30,73.388682,1.0,True,30,0,0,845.4674940109253,1035.333179950714,9.884928067525228,845.4674940109253,completed
2075.54172,30,73.422214,1.0,True,30,0,0,808.5831489562988,1120.6893222332,11.692502276102703,808.5831489562988,completed
2664.319006,30,73.455331,1.0,True,30,0,0,751.0281225442886,996.8861343860626,5.558156204223633,751.0281225442886,completed
2914.904623,30,73.488885,1.0,True,30,0,0,651.5233682394028,863.4436986446381,5.656554794311523,651.5233682394028,completed
3025.707528,30,73.522291,1.0,True,30,0,0,665.8328008651733,825.2248554229736,4.7840908368428545,665.8328008651733,completed
2407.210443,30,73.555559,1.0,True,30,0,0,822.296474814415,1082.3424232006073,7.98058344523112,822.296474814415,completed
1941.3507,30,73.588693,1.0,True,30,0,0,887.6077842712402,1306.6474781036377,10.979540061950683,887.6077842712402,completed
2253.739921,30,73.622204,1.0,True,30,0,0,786.221465587616,1039.7727727890015,11.679619153340658,786.221465587616,completed
1855.681081,30,73.656745,1.0,True,30,0,0,1049.596245765686,1194.9147510528564,12.002582422892253,1049.596245765686,completed
2847.973001,30,73.692103,1.0,True,30,0,0,670.2368721961975,922.4935111999512,5.085700225830078,670.2368721961975,completed
2235.264133,30,73.725815,1.0,True,30,0,0,861.0788526535034,1109.7246055603027,9.539858150482178,861.0788526535034,completed
2098.964647,30,73.759705,1.0,True,30,0,0,818.424928188324,1027.624948501587,13.743215878804525,818.424928188324,completed
2500.250655,30,73.793054,1.0,True,30,0,0,818.5993318557739,1064.293828010559,7.63110891977946,818.5993318557739,completed
3008.741901,30,73.826035,1.0,True,30,0,0,672.9697024822235,811.9722580909729,5.655113220214844,672.9697024822235,completed
1827.296674,30,73.859802,1.0,True,30,0,0,940.2583045959473,1172.6107368469238,13.561275545756022,940.2583045959473,completed
1940.230295,30,73.893113,1.0,True,30,0,0,855.3005352020264,1190.098364830017,13.874686368306477,855.3005352020264,completed
2239.001399,30,73.926242,1.0,True,30,0,0,901.4795255661011,1400.428430557251,4.577326869964599,901.4795255661011,completed
2451.533202,30,73.960071,1.0,True,30,0,0,776.4383748173714,988.2008138895035,9.426381301879882,776.4383748173714,completed
714.975791,30,73.99373,1.0,True,30,0,0,1095.1192407608032,1769.5822324752808,20.02353680928548,1095.1192407608032,completed
2211.50109,30,74.027095,1.0,True,30,0,0,888.6987615823746,1212.4577934741974,8.19293467203776,888.6987615823746,completed
2239.582347,30,74.06048,1.0,True,30,0,0,842.2823691368103,1071.738772392273,10.35225969950358,842.2823691368103,completed
2187.709406,30,74.093598,1.0,True,30,0,0,864.9875531196594,1128.4662027359009,10.783087317148844,864.9875531196594,completed
2558.752876,30,74.126996,1.0,True,30,0,0,693.3533897399902,957.896556854248,9.025814628601074,693.3533897399902,completed
2481.519862,30,74.1601,1.0,True,30,0,0,844.5433702468872,1022.7456994056702,8.028897444407145,844.5433702468872,completed
2679.359602,30,74.193595,1.0,True,30,0,0,699.1638383865356,969.8558406829834,6.321677843729655,699.1638383865356,completed
1744.28758,30,74.226834,1.0,True,30,0,0,932.2037760019302,1334.2541077136993,13.3118439356486,932.2037760019302,completed
2753.644807,30,74.260123,1.0,True,30,0,0,795.2330677509308,921.3373332023621,5.8457380930582685,795.2330677509308,completed
1831.77546,30,74.2932,1.0,True,30,0,0,947.4420886039734,1289.386736869812,12.940564600626628,947.4420886039734,completed
3113.86387,30,74.32637,1.0,True,30,0,0,662.3111128807068,833.8383569717407,4.0254544893900555,662.3111128807068,completed
3063.073049,30,74.359799,1.0,True,30,0,0,659.8893058896065,839.0295702219009,4.384347343444825,659.8893058896065,completed
2998.108996,30,74.392875,1.0,True,30,0,0,720.3333621025085,923.6224021911621,3.31177241007487,720.3333621025085,completed
794.309308,30,74.42621,1.0,True,30,0,0,1146.614270210266,1662.976146697998,19.307472801208498,1146.614270210266,completed
2029.066826,30,74.459937,1.0,True,30,0,0,878.8821702003479,1157.6155281066895,11.920446523030598,878.8821702003479,completed
2577.177432,30,75.499875,1.0,True,30,0,0,747.999566078186,911.1730604171753,8.195541032155354,747.999566078186,completed
1339.801606,30,75.533844,1.0,True,30,0,0,921.493648648262,1306.4995424747467,19.00254513422648,921.493648648262,completed
1229.573201,30,75.567379,1.0,True,30,0,0,949.343398809433,1389.2254214286804,18.211213270823162,949.343398809433,completed
2326.878693,30,75.60115,1.0,True,30,0,0,810.7755551934242,997.650745511055,10.98733590443929,810.7755551934242,completed
1458.142477,30,75.634495,1.0,True,30,0,0,976.2708377838135,1368.1487064361572,16.60219071706136,976.2708377838135,completed
1729.513698,30,75.667932,1.0,True,30,0,0,873.475462436676,1247.5224618911743,15.318771934509277,873.475462436676,completed
1336.515473,30,75.702853,1.0,True,30,0,0,883.592960357666,1316.9638271331787,18.827809015909832,883.592960357666,completed
2150.293152,30,75.736363,1.0,True,30,0,0,814.1711161136627,1140.0481142997742,11.7025208791097,814.1711161136627,completed
1955.405911,30,75.770152,1.0,True,30,0,0,892.4612636566162,1189.797399520874,13.255669848124187,892.4612636566162,completed
2328.243375,30,75.803381,1.0,True,30,0,0,785.2316634654999,1090.4917883872986,9.5179443359375,785.2316634654999,completed
2326.826034,30,75.837247,1.0,True,30,0,0,812.7470207214355,1066.666485786438,10.11987698872884,812.7470207214355,completed
2523.56923,30,75.870846,1.0,True,30,0,0,717.7510735988617,954.5984134674072,9.84536452293396,717.7510735988617,completed
1992.972908,30,75.904458,1.0,True,30,0,0,851.6670722961426,1185.2886228561401,12.286822732289632,851.6670722961426,completed
2849.978804,30,75.937903,1.0,True,30,0,0,655.973156452179,886.5107831954956,5.854590670267741,655.973156452179,completed
1746.308438,30,75.97177,1.0,True,30,0,0,948.4715733528137,1365.9412298202515,12.53455441792806,948.4715733528137,completed
1993.105266,30,76.005685,1.0,True,30,0,0,834.1396925449371,1088.8636546134949,15.061014970143637,834.1396925449371,completed
2779.478562,30,76.039333,1.0,True,30,0,0,702.1360139846802,821.8746337890625,7.336295541127523,702.1360139846802,completed
2961.915076,30,76.073242,1.0,True,30,0,0,784.725227355957,969.3282470703125,2.433145268758138,784.725227355957,completed
2725.678961,30,76.107096,1.0,True,30,0,0,668.8898706436157,890.0460739135742,8.982273928324382,668.8898706436157,completed
1753.197879,30,76.141299,1.0,True,30,0,0,861.7404136657715,1190.9513397216797,16.07852331797282,861.7404136657715,completed
2037.479156,30,76.175219,1.0,True,30,0,0,810.0450932979584,1163.6002955436707,12.358891042073568,810.0450932979584,completed
1723.140657,30,76.208934,1.0,True,30,0,0,835.3090543746948,1193.9325733184814,17.205801328023274,835.3090543746948,completed
1264.047814,30,76.242667,1.0,True,30,0,0,908.5472903251648,1392.397292137146,19.23644650777181,908.5472903251648,completed
1499.943634,30,76.276555,1.0,True,30,0,0,956.2485423088074,1273.1060247421265,16.181510225931802,956.2485423088074,completed
1372.378663,30,76.310868,1.0,True,30,0,0,910.6138837337494,1264.7368216514587,19.33404172261556,910.6138837337494,completed
3373.601507,30,76.344996,1.0,True,30,0,0,588.8158850669861,694.7265648841858,2.9818290074666343,588.8158850669861,completed
1186.107812,30,76.378847,1.0,True,30,0,0,859.4996247291565,1327.381220817566,21.384551175435384,859.4996247291565,completed
2213.060448,30,76.412963,1.0,True,30,0,0,802.6891379356384,1045.4823722839355,12.088257662455241,802.6891379356384,completed
2453.374074,30,76.445883,1.0,True,30,0,0,800.7162621021271,934.1453652381897,9.310604445139568,800.7162621021271,completed
2963.307279,30,76.479752,1.0,True,30,0,0,762.1523065567017,925.6965637207031,4.26891860961914,762.1523065567017,completed
2689.79434,30,76.513517,1.0,True,30,0,0,751.2798624634743,1114.893020749092,5.050923665364583,751.2798624634743,completed
2903.715499,30,76.547126,1.0,True,30,0,0,687.0510778427124,899.5704793930054,4.825438785552978,687.0510778427124,completed
2315.218168,30,76.58097,1.0,True,30,0,0,741.3068251609802,1129.4999895095825,8.625795809427897,741.3068251609802,completed
1092.397456,30,76.614451,1.0,True,30,0,0,1105.3312158584595,1732.160243988037,15.150459098815919,1105.3312158584595,completed
1418.545516,30,76.648335,1.0,True,30,0,0,884.2191972732544,1431.7680492401123,16.182968521118163,884.2191972732544,completed
707.837727,30,76.681648,1.0,True,30,0,0,1022.9642353057861,1505.2458362579346,24.876888529459634,1022.9642353057861,completed
2004.390558,30,76.715219,1.0,True,30,0,0,814.3372955322266,1166.5963850021362,12.395850690205892,814.3372955322266,completed
1069.465098,30,76.749332,1.0,True,30,0,0,1064.5671727657318,1552.392852306366,17.569374338785806,1064.5671727657318,completed
2441.591962,30,76.782644,1.0,True,30,0,0,815.4354391098022,1227.1349124908447,6.0716395060221355,815.4354391098022,completed
2049.484441,30,76.815524,1.0,True,30,0,0,894.7453536987305,1175.0979719161987,11.517676289876302,894.7453536987305,completed
1928.156139,30,76.849185,1.0,True,30,0,0,851.0103826522827,1178.9289464950562,13.906929842631023,851.0103826522827,completed
2198.39975,30,76.882431,1.0,True,30,0,0,915.965943813324,1117.1843099594116,9.88529904683431,915.965943813324,completed
2712.77366,30,76.916132,1.0,True,30,0,0,710.7792177200317,981.1000175476074,5.859146499633789,710.7792177200317,completed
2076.079028,30,76.949615,1.0,True,30,0,0,775.6663267016411,1060.4489196538925,13.117122745513916,775.6663267016411,completed
2181.456462,30,76.983757,1.0,True,30,0,0,895.362359046936,1312.1164083480835,8.04996789296468,895.362359046936,completed
3452.056147,30,77.017369,1.0,True,30,0,0,611.5962514877319,736.4474239349365,0.6815656026204427,611.5962514877319,completed
3088.25011,30,77.050663,1.0,True,30,0,0,730.7622241973877,895.1262445449829,2.6442281087239583,730.7622241973877,completed
3289.302663,30,77.084123,1.0,True,30,0,0,632.0788886547089,783.2540435791016,2.331175931294759,632.0788886547089,completed
2230.839237,30,77.118114,1.0,True,30,0,0,889.6286382675171,1191.5608396530151,8.66111094156901,889.6286382675171,completed
2339.064441,30,77.151649,1.0,True,30,0,0,852.2239332199097,1218.0814247131348,6.745193862915039,852.2239332199097,completed
2494.256261,30,77.185131,1.0,True,30,0,0,797.4401440620422,1076.3441715240479,7.7216843922932945,797.4401440620422,completed
1075.95091,30,77.218227,1.0,True,30,0,0,1056.2036428451538,1416.823088645935,21.280358441670735,1056.2036428451538,completed
2377.460126,30,77.252454,1.0,True,30,0,0,776.6315903663635,1055.8725109100342,9.418352635701497,776.6315903663635,completed
3046.457473,30,77.286101,1.0,True,30,0,0,742.5035924911499,993.6549139022827,1.4169994354248048,742.5035924911499,completed
2574.330654,30,77.319453,1.0,True,30,0,0,718.8622012138367,962.2112350463867,8.431994438171387,718.8622012138367,completed
2510.594138,30,77.35281,1.0,True,30,0,0,768.5495843887329,979.4478759765625,8.26472412745158,768.5495843887329,completed
2500.732086,30,77.386122,1.0,True,30,0,0,753.5529441833496,1031.7850632667542,8.036209630966187,753.5529441833496,completed
1530.089651,30,77.419509,1.0,True,30,0,0,927.7043190002441,1299.338815689087,17.15025100708008,927.7043190002441,completed
2602.109198,30,77.452625,1.0,True,30,0,0,794.0019974708557,985.234281539917,7.212198225657145,794.0019974708557,completed
1751.588538,30,77.485935,1.0,True,30,0,0,936.1747498512268,1232.5890908241272,14.597643534342447,936.1747498512268,completed
2574.073363,30,77.518857,1.0,True,30,0,0,782.9533033370972,1014.5361328125,7.66941515604655,782.9533033370972,completed
1137.365484,30,77.552657,1.0,True,30,0,0,915.0298247337341,1363.4819602966309,20.5631077448527,915.0298247337341,completed
2445.074462,30,77.586338,1.0,True,30,0,0,842.0549437999725,1005.2477893829346,8.565333398183187,842.0549437999725,completed
1956.39573,30,77.623023,1.0,True,30,0,0,876.917751789093,1269.3478441238403,11.102849833170573,876.917751789093,completed
833.087978,30,77.656733,1.0,True,30,0,0,1003.3548610210419,1451.6439092159271,23.55151341756185,1003.3548610210419,completed
2018.242908,30,77.690091,1.0,True,30,0,0,878.5826015472412,1114.96187210083,12.88582452138265,878.5826015472412,completed
2186.663373,30,77.726602,1.0,True,30,0,0,720.1803755760193,998.647346496582,13.37860533396403,720.1803755760193,completed
818.037664,30,77.764246,1.0,True,30,0,0,1025.0471539497375,1509.5029134750366,23.77468064626058,1025.0471539497375,completed
2681.103282,30,77.79796,1.0,True,30,0,0,762.0719475746155,917.2140159606934,7.878635533650717,762.0719475746155,completed
1975.534415,30,78.836141,1.0,True,30,0,0,788.6852920055389,1113.9868340492249,14.514481544494629,788.6852920055389,completed
1112.282201,30,78.869844,1.0,True,30,0,0,950.4270312786102,1407.3645586967468,21.489342753092448,950.4270312786102,completed
2403.799409,30,78.903483,1.0,True,30,0,0,918.1889919936657,1204.1830434203148,5.261430803934733,918.1889919936657,completed
234.981081,30,78.9371,1.0,True,30,0,0,1183.8148832321167,1950.3776836395264,21.738575617472332,1183.8148832321167,completed
2587.986734,30,78.970505,1.0,True,30,0,0,748.1718884706497,1019.9367325305939,6.852995459238688,748.1718884706497,completed
2209.916458,30,79.003732,1.0,True,30,0,0,773.7591953277588,1055.3683047294617,12.248714828491211,773.7591953277588,completed
2673.291619,30,79.036866,1.0,True,30,0,0,744.2953081130981,959.0429763793945,6.586398696899414,744.2953081130981,completed
2850.362089,30,79.069949,1.0,True,30,0,0,731.1880741119385,883.7767696380615,5.9795103391011555,731.1880741119385,completed
2402.572695,30,79.103391,1.0,True,30,0,0,849.1819324493408,1159.861704826355,6.784504508972168,849.1819324493408,completed
2222.090028,30,79.136639,1.0,True,30,0,0,806.0764408111572,1141.850975036621,10.553800582885742,806.0764408111572,completed
2931.926809,30,79.169765,1.0,True,30,0,0,711.5601291656494,1017.2137122154236,2.370033836364746,711.5601291656494,completed
2100.984217,30,79.202723,1.0,True,30,0,0,906.9316730499268,1228.0873851776123,9.566010920206706,906.9316730499268,completed
1169.28374,30,79.23607,1.0,True,30,0,0,1050.8568258285522,1463.7808723449707,17.667386754353842,1050.8568258285522,completed
2882.346692,30,79.269599,1.0,True,30,0,0,667.1794028282166,813.1187448501587,5.715250778198242,667.1794028282166,completed
2975.014762,30,79.302684,1.0,True,30,0,0,733.4412002563477,843.9052801132202,5.027078501383463,733.4412002563477,completed
3415.84743,30,79.335802,1.0,True,30,0,0,654.3884031772614,764.499162197113,0.34284083048502606,654.3884031772614,completed
2567.230175,30,79.369358,1.0,True,30,0,0,789.3743314743042,994.1672449111938,8.092687606811523,789.3743314743042,completed
1975.248431,30,79.402442,1.0,True,30,0,0,844.0794553756714,1114.3710012435913,13.124929904937744,844.0794553756714,completed
2460.257532,30,79.435469,1.0,True,30,0,0,958.6013031005859,1151.881944656372,5.291859118143718,958.6013031005859,completed
3358.894468,30,79.468451,1.0,True,30,0,0,687.2291016578674,754.2874746322632,1.5675308227539062,687.2291016578674,completed
2356.66537,30,79.501248,1.0,True,30,0,0,801.9957280158997,1089.7160630226135,8.89082539876302,801.9957280158997,completed
2101.673823,30,79.534615,1.0,True,30,0,0,796.6752033233643,1089.2218561172485,13.202950223286946,796.6752033233643,completed
2610.907485,30,79.568042,1.0,True,30,0,0,680.5730619430542,1013.8566703796387,7.258439000447591,680.5730619430542,completed
2827.437822,30,79.601489,1.0,True,30,0,0,769.2837071418762,974.4305830001831,4.318638547261556,769.2837071418762,completed
1260.658709,30,79.634867,1.0,True,30,0,0,955.151288986206,1435.4068326950073,17.621716690063476,955.151288986206,completed
1776.48441,30,79.668275,1.0,True,30,0,0,896.0476236343384,1259.245731830597,12.428611850738525,896.0476236343384,completed
2629.890245,30,79.701325,1.0,True,30,0,0,775.6881020069122,916.0683178901672,7.367029062906901,775.6881020069122,completed
2970.104905,30,79.735121,1.0,True,30,0,0,660.0016044378281,911.9530055522919,5.01243044535319,660.0016044378281,completed
2074.208063,30,79.76864,1.0,True,30,0,0,764.0302042961121,1062.5244874954224,13.64328130086263,764.0302042961121,completed
2234.142635,30,79.802885,1.0,True,30,0,0,816.665874004364,1020.8976144790649,10.79784107208252,816.665874004364,completed
2856.025722,30,79.835932,1.0,True,30,0,0,744.4468727111816,920.1685314178467,5.502012825012207,744.4468727111816,completed
1518.99223,30,79.869855,1.0,True,30,0,0,978.4007959365845,1398.0557355880737,14.18509972890218,978.4007959365845,completed
407.946932,30,79.903662,1.0,True,30,0,0,1209.3796253204346,1803.4791717529297,22.543303394317626,1209.3796253204346,completed
2924.229341,30,79.937128,1.0,True,30,0,0,746.0812714099884,845.4652886390686,5.301834646860758,746.0812714099884,completed
1436.198597,30,79.97033,1.0,True,30,0,0,958.5092849731445,1279.8111839294434,16.68172550201416,958.5092849731445,completed
756.151149,30,80.003785,1.0,True,30,0,0,1151.5143761634827,1888.2059526443481,15.34856128692627,1151.5143761634827,completed
2355.330692,30,80.037189,1.0,True,30,0,0,820.0217976570129,1105.9827737808228,9.267919635772705,820.0217976570129,completed
2604.829807,30,80.070551,1.0,True,30,0,0,794.2129924297333,1039.9817366600037,5.7443747838338215,794.2129924297333,completed
1663.093607,30,80.104101,1.0,True,30,0,0,880.407505273819,1343.081160068512,14.187876892089843,880.407505273819,completed
2296.741447,30,80.137572,1.0,True,30,0,0,707.9659322500229,982.6343100070953,12.376354217529297,707.9659322500229,completed
2195.934075,30,80.171015,1.0,True,30,0,0,798.7907800674438,1078.3524708747864,11.393395646413166,798.7907800674438,completed
2722.314173,30,80.204775,1.0,True,30,0,0,729.2949228286743,990.9784994125366,5.750542068481446,729.2949228286743,completed
1543.06842,30,80.238048,1.0,True,30,0,0,852.8375310897827,1301.9348182678223,16.801679356892905,852.8375310897827,completed
2464.861656,30,80.271141,1.0,True,30,0,0,890.7475974559784,1259.5002989768982,4.337324269612631,890.7475974559784,completed
2090.676875,30,80.304174,1.0,True,30,0,0,812.010290980339,1095.3687074184418,12.286856206258138,812.010290980339,completed
1845.684313,30,80.337406,1.0,True,30,0,0,872.646565914154,1182.860619544983,13.743017768859863,872.646565914154,completed
2470.058517,30,80.37085,1.0,True,30,0,0,789.1074109077454,1048.3139162063599,8.305528815587362,789.1074109077454,completed
1627.907275,30,80.404061,1.0,True,30,0,0,914.2622032165527,1208.116660118103,16.49345127741496,914.2622032165527,completed
2445.562551,30,80.437319,1.0,True,30,0,0,778.6002431660891,1050.3439237177372,8.36498311360677,778.6002431660891,completed
2090.721005,30,80.470678,1.0,True,30,0,0,909.5291032791138,1136.5438690185547,10.556054623921712,909.5291032791138,completed
601.534682,30,80.503917,1.0,True,30,0,0,1228.9676160812378,1760.306164741516,19.495799446105956,1228.9676160812378,completed
2748.222266,30,80.536873,1.0,True,30,0,0,758.1886832714081,915.4592471122742,5.997655868530273,758.1886832714081,completed
2067.618832,30,80.572966,1.0,True,30,0,0,923.7637457847595,1167.72642993927,11.893730799357096,923.7637457847595,completed
2136.112745,30,80.60652,1.0,True,30,0,0,907.464076757431,1231.3185906410217,8.915972646077474,907.464076757431,completed
2687.291135,30,80.640052,1.0,True,30,0,0,763.0526144504547,1026.6236805915833,5.759854125976562,763.0526144504547,completed
2935.885426,30,80.673534,1.0,True,30,0,0,771.4560718536377,1009.7248344421387,2.675726890563965,771.4560718536377,completed
1351.318523,30,80.706883,1.0,True,30,0,0,955.9303345680237,1273.285394191742,19.075155703226724,955.9303345680237,completed
2525.871971,30,80.74013,1.0,True,30,0,0,804.6966791152954,1065.239990234375,6.492433865865071,804.6966791152954,completed
1764.72767,30,80.773377,1.0,True,30,0,0,908.7197699546814,1351.329701423645,12.05962994893392,908.7197699546814,completed
665.122504,30,80.80657,1.0,True,30,0,0,1013.7772810459137,1530.4069845676422,26.052724075317382,1013.7772810459137,completed
1654.463263,30,80.83991,1.0,True,30,0,0,880.0181827545166,1333.6807823181152,13.257949447631836,880.0181827545166,completed
2203.711997,30,80.87319,1.0,True,30,0,0,843.6350665092468,1135.8979320526123,9.760320631663005,843.6350665092468,completed
2286.450172,30,80.906395,1.0,True,30,0,0,880.8408133983612,1108.916902065277,9.753945795694987,880.8408133983612,completed
2064.869773,30,80.939587,1.0,True,30,0,0,834.148443698883,1152.05109500885,11.456415939331055,834.148443698883,completed
667.029706,30,80.973058,1.0,True,30,0,0,1132.3708815574646,1697.6493635177612,20.102224413553873,1132.3708815574646,completed
2135.325665,30,81.006245,1.0,True,30,0,0,807.3875756263733,1042.5590677261353,12.140446917215984,807.3875756263733,completed
2212.258656,30,81.039445,1.0,True,30,0,0,851.3169684410095,1202.7181997299194,9.149352391560873,851.3169684410095,completed
1132.545159,30,81.072769,1.0,True,30,0,0,922.0646185874939,1463.3430824279785,20.40897798538208,922.0646185874939,completed
1295.108741,30,82.105168,1.0,True,30,0,0,992.0547952651978,1326.9561672210693,19.083443291982015,992.0547952651978,completed
2372.943549,30,82.138684,1.0,True,30,0,0,758.172696352005,1081.2952637672424,8.795467376708984,758.172696352005,completed
1649.029721,30,82.172551,1.0,True,30,0,0,961.3822174072266,1178.3612189292908,16.632393455505373,961.3822174072266,completed
2098.392684,30,82.206369,1.0,True,30,0,0,830.319507598877,1137.143027305603,12.04263801574707,830.319507598877,completed
2644.790453,30,82.240134,1.0,True,30,0,0,642.1681871414185,912.5099716186523,8.935794432957968,642.1681871414185,completed
2661.089517,30,82.273388,1.0,True,30,0,0,777.4968953132629,987.4040985107422,6.771130625406901,777.4968953132629,completed
2312.61876,30,82.306568,1.0,True,30,0,0,813.5959901809692,1070.4469032287598,9.862200864156087,813.5959901809692,completed
1672.68026,30,82.339937,1.0,True,30,0,0,804.5203332901001,1218.3439598083496,16.65715306599935,804.5203332901001,completed
1788.0308,30,82.373488,1.0,True,30,0,0,944.8793425559998,1432.9032516479492,11.480800294876099,944.8793425559998,completed
2955.024666,30,82.406615,1.0,True,30,0,0,710.213433265686,869.9664611816406,4.6980694452921545,710.213433265686,completed
2134.929818,30,82.440565,1.0,True,30,0,0,833.6850473880768,1160.635784626007,10.552663167317709,833.6850473880768,completed
2272.386332,30,82.474386,1.0,True,30,0,0,839.2214999198914,1133.6879796981812,8.700399843851725,839.2214999198914,completed
2667.693198,30,82.507584,1.0,True,30,0,0,744.2658286094666,937.2562370300293,7.079424063364665,744.2658286094666,completed
3394.772864,30,82.541229,1.0,True,30,0,0,631.4349405169487,722.0739458799362,1.7014138539632162,631.4349405169487,completed
2991.062685,30,82.575688,1.0,True,30,0,0,709.3351774215698,817.1390218734741,4.6580547332763675,709.3351774215698,completed
3368.306305,30,82.610837,1.0,True,30,0,0,670.0603933334351,739.9813389778137,1.8446331024169922,670.0603933334351,completed
2832.168042,30,82.64435,1.0,True,30,0,0,704.1991276741028,1012.4534025192261,3.7768956502278646,704.1991276741028,completed
1864.09996,30,82.678172,1.0,True,30,0,0,813.8876028060913,1184.7148551940918,14.823018964131673,813.8876028060913,completed
1876.877573,30,82.713481,1.0,True,30,0,0,841.1397356987,1263.006604194641,11.652188682556153,841.1397356987,completed
2839.036065,30,82.750193,1.0,True,30,0,0,761.3937892913818,917.2252016067505,5.252998987833659,761.3937892913818,completed
1941.272115,30,82.783991,1.0,True,30,0,0,834.5701775550842,1128.291844367981,13.947745831807454,834.5701775550842,completed
2848.862541,30,82.817361,1.0,True,30,0,0,709.4604353904724,897.0717248916626,5.978038342793782,709.4604353904724,completed
1591.546648,30,82.850758,1.0,True,30,0,0,849.5977630615234,1237.8404922485352,16.36783587137858,849.5977630615234,completed
1246.872815,30,82.884217,1.0,True,30,0,0,863.5980501174927,1403.2591161727905,19.356388791402182,863.5980501174927,completed
1809.637847,30,82.917596,1.0,True,30,0,0,800.6449967622757,1175.8093988895416,15.193080266316732,800.6449967622757,completed
1016.724624,30,82.950949,1.0,True,30,0,0,1060.5102620124817,1706.1977243423462,14.835862032572429,1060.5102620124817,completed
3083.02123,30,82.983913,1.0,True,30,0,0,665.0341351032257,912.3107781410217,3.0736072222391764,665.0341351032257,completed
2792.515207,30,83.017068,1.0,True,30,0,0,713.4474813938141,1002.525116443634,5.777311261494955,713.4474813938141,completed
2487.743627,30,83.050307,1.0,True,30,0,0,802.9306316375732,1015.2626323699951,8.061818313598632,802.9306316375732,completed
2104.150869,30,83.083563,1.0,True,30,0,0,805.2970633506775,1101.94242477417,12.842237091064453,805.2970633506775,completed
3370.141328,30,83.116597,1.0,True,30,0,0,638.6725721359253,693.3792719841003,2.565632152557373,638.6725721359253,completed
1847.161764,30,83.150348,1.0,True,30,0,0,938.7953670024872,1288.1492886543274,11.959946632385254,938.7953670024872,completed
2055.661405,30,83.183601,1.0,True,30,0,0,908.776415348053,1296.910387992859,9.874521986643474,908.776415348053,completed
93.574875,30,83.216698,1.0,True,30,0,0,1193.6245591640472,1910.842073917389,25.972068468729656,1193.6245591640472,completed
2300.68335,30,83.250007,1.0,True,30,0,0,682.2546248435974,958.3894662857056,12.595591036478679,682.2546248435974,completed
2898.117886,30,83.283408,1.0,True,30,0,0,665.5326929092407,833.1384210586548,6.768503920237223,665.5326929092407,completed
2375.467147,30,83.317007,1.0,True,30,0,0,768.3581416606903,1077.8989555835724,9.130485280354817,768.3581416606903,completed
2902.047348,30,83.350213,1.0,True,30,0,0,725.8409245014191,983.9238305091858,4.168864727020264,725.8409245014191,completed
2300.818982,30,83.383405,1.0,True,30,0,0,755.7076816558838,1054.454574584961,10.930939610799154,755.7076816558838,completed
2887.547452,30,83.41684,1.0,True,30,0,0,736.832535982132,965.678626537323,4.218442281087239,736.832535982132,completed
2076.206753,30,83.450432,1.0,True,30,0,0,810.5078117251396,1127.6850026845932,12.367250951131185,810.5078117251396,completed
1878.904426,30,83.483679,1.0,True,30,0,0,829.7425627708435,1177.3538398742676,13.719346872965495,829.7425627708435,completed
1211.993838,30,83.517021,1.0,True,30,0,0,967.8437139987946,1415.3033232688904,19.507771301269532,967.8437139987946,completed
2410.309219,30,83.550334,1.0,True,30,0,0,769.4469056129456,1003.407229423523,9.07124474843343,769.4469056129456,completed
3295.091404,30,83.583439,1.0,True,30,0,0,620.9903786182404,759.8587186336517,2.774496308962504,620.9903786182404,completed
2107.023595,30,83.616824,1.0,True,30,0,0,747.0980839729309,1060.106113433838,14.560013834635416,747.0980839729309,completed
1457.551866,30,83.649994,1.0,True,30,0,0,975.1317377090454,1431.5473146438599,15.044450759887695,975.1317377090454,completed
2512.441804,30,83.683642,1.0,True,30,0,0,795.0391595363617,1087.3753199577332,7.240364138285319,795.0391595363617,completed
1729.840235,30,83.717008,1.0,True,30,0,0,1030.7061595916748,1409.0760116577148,10.779207611083985,1030.7061595916748,completed
2636.525757,30,83.750465,1.0,True,30,0,0,772.13219165802,1086.1069965362549,5.007953866322835,772.13219165802,completed
2512.648774,30,83.783852,1.0,True,30,0,0,781.9375848770142,1072.5228986740112,6.806891441345215,781.9375848770142,completed
1452.215054,30,83.817441,1.0,True,30,0,0,910.2162246704102,1440.5140361785889,13.951496187845866,910.2162246704102,completed
2599.145851,30,83.85093,1.0,True,30,0,0,754.6320918798447,975.1890513896942,7.422782293955485,754.6320918798447,completed
2347.824694,30,83.884405,1.0,True,30,0,0,802.283607006073,1123.5434312820435,7.16512279510498,802.283607006073,completed
2257.79621,30,83.917696,1.0,True,30,0,0,731.038170337677,1108.1266241073608,8.827360026041667,731.038170337677,completed
2008.342808,30,83.950852,1.0,True,30,0,0,790.9996061325073,1154.8252086639404,12.362494977315267,790.9996061325073,completed
1741.41256,30,83.984209,1.0,True,30,0,0,974.8090395927429,1482.2039980888367,10.221293640136718,974.8090395927429,completed
1080.901312,30,84.017535,1.0,True,30,0,0,947.4118022918701,1389.7054042816162,21.53292770385742,947.4118022918701,completed
2005.749013,30,84.051182,1.0,True,30,0,0,846.2701330184937,1185.8317499160767,11.284566370646159,846.2701330184937,completed
1670.699335,30,84.084601,1.0,True,30,0,0,960.9953804016113,1333.064489364624,15.105541642506918,960.9953804016113,completed
2433.33349,30,84.118042,1.0,True,30,0,0,879.1902437210083,1139.0170812606812,7.187226231892904,879.1902437210083,completed
2499.228229,30,84.151286,1.0,True,30,0,0,692.5693528652191,917.8568091392517,10.759794489542644,692.5693528652191,completed
1801.231984,30,84.184444,1.0,True,30,0,0,934.2708473205566,1240.1398906707764,14.067527135213217,934.2708473205566,completed
2709.853175,30,84.217448,1.0,True,30,0,0,810.1820652484894,945.910562992096,6.3922661145528155,810.1820652484894,completed
2291.892571,30,84.250704,1.0,True,30,0,0,924.1172051429749,1112.2857904434204,8.335378932952882,924.1172051429749,completed
1864.375912,30,84.284063,1.0,True,30,0,0,895.3594777584076,1269.28520154953,10.7865779876709,895.3594777584076,completed
1953.615118,30,84.31752,1.0,True,30,0,0,888.632173538208,1374.0815544128418,8.695264466603597,888.632173538208,completed
2319.133555,30,84.350371,1.0,True,30,0,0,868.4401652812958,1194.604094028473,7.345630709330241,868.4401652812958,completed
2636.791992,30,85.45278,1.0,True,30,0,0,801.3562533855438,1094.1788744926453,4.979958232243856,801.3562533855438,completed
1924.290484,30,85.487768,1.0,True,30,0,0,802.3023743629456,1124.63321018219,15.037192662556967,802.3023743629456,completed
1642.011688,30,85.522229,1.0,True,30,0,0,936.3552346229553,1471.2886953353882,12.462626775105795,936.3552346229553,completed
1821.552699,30,85.556204,1.0,True,30,0,0,853.709210395813,1164.4558124542236,15.08867301940918,853.709210395813,completed
2633.421751,30,85.59006,1.0,True,30,0,0,743.0700650215149,980.1843919754028,7.708889643351237,743.0700650215149,completed
1585.121316,30,85.623941,1.0,True,30,0,0,964.2463870048523,1393.964961051941,14.549489911397298,964.2463870048523,completed
1788.067683,30,85.657344,1.0,True,30,0,0,847.0636167526245,1217.7072401046753,13.90360304514567,847.0636167526245,completed
2465.026605,30,85.692132,1.0,True,30,0,0,718.0212917327881,1040.0977306365967,9.250885264078777,718.0212917327881,completed
2983.484434,30,85.726008,1.0,True,30,0,0,702.2314114570618,840.0802884101868,4.434806696573893,702.2314114570618,completed
1670.342352,30,85.759079,1.0,True,30,0,0,876.0857105255127,1219.1931791305542,15.964895407358805,876.0857105255127,completed
2835.104305,30,85.793191,1.0,True,30,0,0,742.0186591148376,974.2344989776611,5.300442504882812,742.0186591148376,completed
1928.669113,30,85.826984,1.0,True,30,0,0,801.4495697021484,1147.27268409729,14.14101988474528,801.4495697021484,completed
2356.757096,30,85.86045,1.0,True,30,0,0,783.6601619720459,1082.0884952545166,9.212491035461426,783.6601619720459,completed
3069.868528,30,85.894007,1.0,True,30,0,0,723.6994171142578,854.8497657775879,3.3429513295491535,723.6994171142578,completed
2127.065742,30,85.927694,1.0,True,30,0,0,942.9567446708679,1075.3893504142761,11.153865432739257,942.9567446708679,completed
3034.993569,30,85.961161,1.0,True,30,0,0,668.619930267334,888.3867301940918,3.4434844970703127,668.619930267334,completed
2702.733198,30,85.994639,1.0,True,30,0,0,764.6386647224426,944.9950432777405,6.566484260559082,764.6386647224426,completed
2025.156821,30,86.028132,1.0,True,30,0,0,810.1306309700012,1115.3115787506104,13.032034397125244,810.1306309700012,completed
2138.57072,30,86.061258,1.0,True,30,0,0,829.8021128177643,1066.9044675827026,12.249218304951986,829.8021128177643,completed
2073.240601,30,86.094316,1.0,True,30,0,0,911.8473381996155,1259.4476985931396,9.820975462595621,911.8473381996155,completed
2616.475302,30,86.128014,1.0,True,30,0,0,747.0930624008179,1015.2141370773315,6.475555165608724,747.0930624008179,completed
2624.127021,30,86.161222,1.0,True,30,0,0,791.8649662733078,1046.8855788707733,6.986331049601237,791.8649662733078,completed
2332.665249,30,86.194446,1.0,True,30,0,0,798.9816665649414,1033.8265018463135,9.928943316141764,798.9816665649414,completed
2158.190325,30,86.227606,1.0,True,30,0,0,825.6707539558411,1104.4731903076172,11.27477855682373,825.6707539558411,completed
3197.012075,30,86.260844,1.0,True,30,0,0,622.0136075019836,748.8336582183838,4.184378941853841,622.0136075019836,completed
2458.435205,30,86.294242,1.0,True,30,0,0,840.3253178596497,1112.6016635894775,7.225129572550456,840.3253178596497,completed
1661.646726,30,86.327607,1.0,True,30,0,0,942.941529750824,1307.7872228622437,13.817040189107258,942.941529750824,completed
1768.504037,30,86.36073,1.0,True,30,0,0,806.958559513092,1153.1986894607544,15.813371149698893,806.958559513092,completed
2229.334518,30,86.394132,1.0,True,30,0,0,891.2914633750916,1139.2419381141663,9.212074534098308,891.2914633750916,completed
1564.593645,30,86.428027,1.0,True,30,0,0,954.6385507583618,1310.419129371643,14.436036364237468,954.6385507583618,completed
1441.68982,30,86.461777,1.0,True,30,0,0,851.3679213523865,1305.2492742538452,17.611920420328776,851.3679213523865,completed
2586.161501,30,86.495212,1.0,True,30,0,0,729.1397759914398,951.2671353816986,8.332679748535156,729.1397759914398,completed
2228.826531,30,86.528804,1.0,True,30,0,0,892.8339918851852,1375.1301867961884,6.130497805277506,892.8339918851852,completed
2298.346335,30,86.562057,1.0,True,30,0,0,844.6995425224304,1040.4154176712036,10.33961633046468,844.6995425224304,completed
1980.259759,30,86.596137,1.0,True,30,0,0,935.6544241905212,1260.8275003433228,9.857288932800293,935.6544241905212,completed
2497.406136,30,86.629766,1.0,True,30,0,0,760.1178865432739,983.9918928146362,9.735534159342448,760.1178865432739,completed
2017.783108,30,86.663755,1.0,True,30,0,0,820.7569396495819,1146.1557748317719,12.89985625743866,820.7569396495819,completed
1414.556051,30,86.697169,1.0,True,30,0,0,871.5469284057617,1236.7247676849365,19.118642457326253,871.5469284057617,completed
904.089721,30,86.730123,1.0,True,30,0,0,996.5999212265015,1432.3031520843506,21.956947644551594,996.5999212265015,completed
2992.470311,30,86.763029,1.0,True,30,0,0,642.878556728363,818.4752168655396,5.691330273946126,642.878556728363,completed
2023.468628,30,86.796385,1.0,True,30,0,0,903.0677852630615,1122.4004611968994,11.584169896443685,903.0677852630615,completed
2559.991818,30,86.829602,1.0,True,30,0,0,761.1332817077637,973.3923969268799,7.62660961151123,761.1332817077637,completed
2214.5625,30,86.863242,1.0,True,30,0,0,857.1548581123352,1156.3258647918701,9.486435572306315,857.1548581123352,completed
2614.1431,30,86.896588,1.0,True,30,0,0,819.3146159052849,1160.541842341423,4.377868398030599,819.3146159052849,completed
2573.610854,30,86.929895,1.0,True,30,0,0,748.3801779747009,1039.1241846084595,6.322073936462402,748.3801779747009,completed
2108.813335,30,86.963518,1.0,True,30,0,0,851.3663246631622,1108.7844185829163,11.76173350016276,851.3663246631622,completed
3108.196205,30,86.996443,1.0,True,30,0,0,649.1413547992706,803.603786945343,3.9725802739461265,649.1413547992706,completed
2638.02128,30,87.029818,1.0,True,30,0,0,787.6626896858215,901.9805655479431,7.786708068847656,787.6626896858215,completed
2088.446553,30,87.063573,1.0,True,30,0,0,753.12664270401,1125.6966066360474,11.940186564127604,753.12664270401,completed
2640.70188,30,87.096787,1.0,True,30,0,0,755.072910785675,920.2763767242432,7.732505989074707,755.072910785675,completed
2223.228611,30,87.129772,1.0,True,30,0,0,824.2244477272034,1099.4007692337036,11.131597900390625,824.2244477272034,completed
1361.13751,30,87.163055,1.0,True,30,0,0,1042.905918598175,1553.289402961731,13.741676584879558,1042.905918598175,completed
1746.42672,30,87.196579,1.0,True,30,0,0,924.0695786476135,1329.8311343193054,12.18862140973409,924.0695786476135,completed
3502.201797,30,87.229793,1.0,True,30,0,0,572.363210439682,631.8033108711243,1.3232772509256998,572.363210439682,completed
2102.14837,30,87.263221,1.0,True,30,0,0,792.3185286521912,1164.7480173110962,11.437294896443685,792.3185286521912,completed
2019.314245,30,87.296738,1.0,True,30,0,0,735.8254370689392,1099.6092367172241,13.743672211964926,735.8254370689392,completed
2998.860284,30,87.330414,1.0,True,30,0,0,692.2650237083435,886.495078086853,3.4272686004638673,692.2650237083435,completed
1493.543044,30,87.363981,1.0,True,30,0,0,949.3116827011108,1330.7299013137817,16.134450912475586,949.3116827011108,completed
2617.763562,30,87.400224,1.0,True,30,0,0,750.909809589386,988.1697673797607,7.328396797180176,750.909809589386,completed
2069.643118,30,87.433772,1.0,True,30,0,0,858.8742423057556,1107.0182619094849,13.20520413716634,858.8742423057556,completed
1839.493758,30,87.467153,1.0,True,30,0,0,858.5198836326599,1299.2711553573608,12.269934018452963,858.5198836326599,completed
1480.533285,30,87.500448,1.0,True,30,0,0,857.9131712913513,1308.5949668884277,17.671072483062744,857.9131712913513,completed
1566.97246,30,87.53397,1.0,True,30,0,0,890.0727949142456,1372.313307762146,15.157320404052735,890.0727949142456,completed
2441.426663,30,87.5669,1.0,True,30,0,0,815.2947858572006,1099.6205661296844,7.580230712890625,815.2947858572006,completed
1615.367499,30,87.600277,1.0,True,30,0,0,915.1283617019653,1263.5724601745605,16.51042963663737,915.1283617019653,completed
2225.251026,30,87.633551,1.0,True,30,0,0,847.0576519966125,1063.4263401031494,11.11242348353068,847.0576519966125,completed
2029.207421,30,87.666787,1.0,True,30,0,0,803.1120421886444,1219.7940545082092,11.119198226928711,803.1120421886444,completed
2709.271115,30,87.701176,1.0,True,30,0,0,743.6825151443481,919.4404010772705,6.7189155737559,743.6825151443481,completed
3127.478497,30,88.742401,1.0,True,30,0,0,700.4743866324425,803.7822593450546,3.5512730916341146,700.4743866324425,completed
1700.6907,30,88.776864,1.0,True,30,0,0,906.441291809082,1238.820785522461,14.795694351196289,906.441291809082,completed
2271.727282,30,88.810535,1.0,True,30,0,0,891.3447256088257,1065.372353553772,9.442604891459148,891.3447256088257,completed
1100.850465,30,88.844114,1.0,True,30,0,0,922.894362449646,1380.0058183670044,22.04010861714681,922.894362449646,completed
2962.6668,30,88.877136,1.0,True,30,0,0,684.3075170516968,867.2501411437988,5.296225579579671,684.3075170516968,completed
1207.202467,30,88.910675,1.0,True,30,0,0,966.7058734893799,1402.83429813385,18.994271341959635,966.7058734893799,completed
1990.838994,30,88.944489,1.0,True,30,0,0,896.6749725341797,1109.8858184814453,12.83802703221639,896.6749725341797,completed
2873.505836,30,88.978653,1.0,True,30,0,0,690.9949946403503,891.1961917877197,5.8596892674764,690.9949946403503,completed
2527.445754,30,89.012026,1.0,True,30,0,0,837.4872465133667,1075.0600576400757,6.374930572509766,837.4872465133667,completed
2597.695099,30,89.04563,1.0,True,30,0,0,798.155309677124,1075.8079137802124,6.417050170898437,798.155309677124,completed
901.74169,30,89.079056,1.0,True,30,0,0,1199.7336344718933,1997.980263710022,11.67733065287272,1199.7336344718933,completed
2724.865947,30,89.112571,1.0,True,30,0,0,717.5692462921143,1054.3523378372192,4.663415559132894,717.5692462921143,completed
557.533922,30,89.145783,1.0,True,30,0,0,1110.595410823822,1640.5712232589722,23.19134143193563,1110.595410823822,completed
1364.431747,30,89.178881,1.0,True,30,0,0,963.8239302635193,1415.06578540802,16.595025507609048,963.8239302635193,completed
2054.185063,30,89.212447,1.0,True,30,0,0,793.4406571388245,1198.7650394439697,11.601816654205322,793.4406571388245,completed
2935.132125,30,89.2458,1.0,True,30,0,0,650.7716420888901,868.4222915172577,5.65233949025472,650.7716420888901,completed
2633.93986,30,89.279197,1.0,True,30,0,0,801.6348701715469,1040.8039772510529,6.003247388203939,801.6348701715469,completed
2426.742671,30,89.312534,1.0,True,30,0,0,801.5474653244019,1021.6328287124634,9.392212295532227,801.5474653244019,completed
2662.976924,30,89.345837,1.0,True,30,0,0,712.7360410690308,992.0609812736511,6.468572870890299,712.7360410690308,completed
2568.725459,30,89.379192,1.0,True,30,0,0,786.4512741565704,934.5864148139954,8.772645330429077,786.4512741565704,completed
2173.059878,30,89.412685,1.0,True,30,0,0,908.1968998908997,1311.9935731887817,7.647150866190592,908.1968998908997,completed
2941.921457,30,89.446118,1.0,True,30,0,0,692.663311958313,907.0321855545044,5.24575252532959,692.663311958313,completed
1898.764781,30,89.479346,1.0,True,30,0,0,888.8009486198425,1201.5831651687622,11.936886135737101,888.8009486198425,completed
2043.260633,30,89.512546,1.0,True,30,0,0,791.1650285720825,1137.642578125,12.927225240071614,791.1650285720825,completed
1705.779268,30,89.545923,1.0,True,30,0,0,875.1651601791382,1205.126766204834,16.05803654988607,875.1651601791382,completed
2735.757168,30,89.5801,1.0,True,30,0,0,807.6850337982178,969.7543115615845,5.548367818196614,807.6850337982178,completed
2641.724796,30,89.613862,1.0,True,30,0,0,807.6437516212463,975.7044706344604,6.173567263285319,807.6437516212463,completed
2048.730062,30,89.647474,1.0,True,30,0,0,839.1296019554138,1130.4422225952148,12.488428862889608,839.1296019554138,completed
1770.837987,30,89.680836,1.0,True,30,0,0,896.5003917217255,1181.070867061615,15.201397069295247,896.5003917217255,completed
486.36189,30,89.715072,1.0,True,30,0,0,958.481908082962,1518.8932690620422,27.71277281443278,958.481908082962,completed
1971.9916,30,89.789714,1.0,True,30,0,0,832.5021705627441,1069.1627416610718,14.123801358540852,832.5021705627441,completed
1674.910883,30,89.823733,1.0,True,30,0,0,894.8465180397034,1201.9293022155762,16.434316221872965,894.8465180397034,completed
2582.84472,30,89.85743,1.0,True,30,0,0,790.2481088638306,1016.3593864440918,6.583518155415853,790.2481088638306,completed
2544.676638,30,89.890886,1.0,True,30,0,0,781.2049570083618,1080.348309993744,7.386954116821289,781.2049570083618,completed
2354.185536,30,89.9253,1.0,True,30,0,0,849.9584631919861,1202.4160766601562,6.803028361002604,849.9584631919861,completed
2228.601619,30,89.958786,1.0,True,30,0,0,826.0607738494873,1130.0997714996338,10.04420280456543,826.0607738494873,completed
2139.144967,30,89.992165,1.0,True,30,0,0,883.5828313827515,1162.8515319824219,9.942810821533204,883.5828313827515,completed
2475.22521,30,90.025537,1.0,True,30,0,0,717.2036609649658,965.716305732727,10.452744293212891,717.2036609649658,completed
2804.227119,30,90.06286,1.0,True,30,0,0,758.8470506668091,981.4502210617065,4.6811567942301435,758.8470506668091,completed
2166.447113,30,90.096304,1.0,True,30,0,0,861.9688987731934,1132.3693046569824,10.262755203247071,861.9688987731934,completed
2935.938408,30,90.129715,1.0,True,30,0,0,736.5847449302673,967.7803525924683,3.3758726119995117,736.5847449302673,completed
3208.108171,30,90.163364,1.0,True,30,0,0,626.8195369243622,794.6456151008606,3.1114988327026367,626.8195369243622,completed
3184.7618,30,90.196791,1.0,True,30,0,0,690.435839176178,846.1687231063843,2.3365183512369794,690.435839176178,completed
2055.467148,30,90.230529,1.0,True,30,0,0,846.8626594543457,1194.5301189422607,11.540535418192546,846.8626594543457,completed
1356.707895,30,90.264134,1.0,True,30,0,0,997.1657361984253,1372.2342739105225,17.175582695007325,997.1657361984253,completed
3328.096505,30,90.297379,1.0,True,30,0,0,626.1174607276917,786.3913259506226,1.2700426737467447,626.1174607276917,completed
3423.81178,30,90.330572,1.0,True,30,0,0,601.124137878418,754.5146083831787,1.342461140950521,601.124137878418,completed
2780.875576,30,90.363929,1.0,True,30,0,0,785.7273550033569,1038.4527339935303,3.7565000534057615,785.7273550033569,completed
2124.067846,30,90.39769,1.0,True,30,0,0,811.752672791481,1092.5363399982452,12.61817626953125,811.752672791481,completed
1840.046481,30,90.431366,1.0,True,30,0,0,831.527868270874,1180.0651388168335,15.549419085184732,831.527868270874,completed
1070.154111,30,90.464983,1.0,True,30,0,0,947.5751638412476,1344.148235321045,22.545628865559895,947.5751638412476,completed
2616.840335,30,90.498603,1.0,True,30,0,0,807.4261578321457,938.8617208003998,7.68260129292806,807.4261578321457,completed
1803.362396,30,90.531938,1.0,True,30,0,0,806.0028548240662,1195.3523483276367,15.719138463338217,806.0028548240662,completed
2984.898937,30,90.565487,1.0,True,30,0,0,685.6183304786682,788.7778959274292,4.684572982788086,685.6183304786682,completed
3480.132446,30,90.598573,1.0,True,30,0,0,599.824793100357,653.4839520454407,1.8523388544718424,599.824793100357,completed
2596.640572,30,90.631781,1.0,True,30,0,0,763.796817779541,984.7788314819336,6.780410385131836,763.796817779541,completed
2440.896107,30,90.665227,1.0,True,30,0,0,827.9246847629547,1093.641164302826,7.155730024973551,827.9246847629547,completed
2098.69702,30,90.698836,1.0,True,30,0,0,762.5815078914165,1040.8160809874535,14.480939769744873,762.5815078914165,completed
2370.787629,30,90.731847,1.0,True,30,0,0,807.6757335662842,1057.8230819702148,8.766692352294921,807.6757335662842,completed
2632.204911,30,90.765311,1.0,True,30,0,0,755.1230387687683,1006.8296728134155,7.53681042989095,755.1230387687683,completed
1919.278675,30,90.800807,1.0,True,30,0,0,885.1003913879395,1207.07564163208,12.781298065185547,885.1003913879395,completed
1905.179303,30,90.833873,1.0,True,30,0,0,812.4246034622192,1144.1526231765747,14.896634165445963,812.4246034622192,completed
2678.672431,30,90.867145,1.0,True,30,0,0,771.9120969772339,982.4224309921265,5.791927274068197,771.9120969772339,completed
2922.979253,30,90.900615,1.0,True,30,0,0,738.1553302556276,896.4235688745975,4.051027043660482,738.1553302556276,completed
2883.834847,30,90.935082,1.0,True,30,0,0,702.9608044624329,880.2083539962769,5.3526580174764,702.9608044624329,completed
1494.43768,30,90.968714,1.0,True,30,0,0,863.2746903896332,1218.3083550930023,19.45763858159383,863.2746903896332,completed
1211.806388,30,91.002355,1.0,True,30,0,0,956.2936227321625,1487.045967578888,17.894447898864748,956.2936227321625,completed
2785.004004,30,91.035858,1.0,True,30,0,0,811.0444357395172,1105.7591099739075,2.6172385533650715,811.0444357395172,completed
1871.346088,30,91.069211,1.0,True,30,0,0,825.6738901138306,1164.9281673431396,15.363809903462728,825.6738901138306,completed
2803.148055,30,92.120464,1.0,True,30,0,0,739.6370139122009,1026.5895013809204,4.897021420796713,739.6370139122009,completed
2561.258585,30,92.155471,1.0,True,30,0,0,796.0283842086792,1060.1953983306885,6.081824111938476,796.0283842086792,completed
2462.71749,30,92.189588,1.0,True,30,0,0,815.7960176467896,1122.9872980117798,7.2086478551228845,815.7960176467896,completed
2712.837176,30,92.223766,1.0,True,30,0,0,758.0777685642242,1090.6142592430115,4.627341302235921,758.0777685642242,completed
2351.819326,30,92.257594,1.0,True,30,0,0,865.0471820831299,1135.6721477508545,8.33188336690267,865.0471820831299,completed
2511.528177,30,92.291446,1.0,True,30,0,0,746.8024315834045,1065.2588291168213,6.8934275309244795,746.8024315834045,completed
2205.173854,30,92.32617,1.0,True,30,0,0,888.9771203994751,1161.6635417938232,8.3934996287028,888.9771203994751,completed
2373.995486,30,92.359183,1.0,True,30,0,0,789.3729613423347,1034.2290216684341,8.91214688618978,789.3729613423347,completed
3122.763723,30,92.393274,1.0,True,30,0,0,697.6339154243469,869.0140027999878,2.462342071533203,697.6339154243469,completed
1551.324242,30,92.426781,1.0,True,30,0,0,1024.993819952011,1352.0477452278137,14.440449110666911,1024.993819952011,completed
2292.725262,30,92.459978,1.0,True,30,0,0,796.0744552612305,1132.013177871704,9.240259488423666,796.0744552612305,completed
2634.877722,30,92.493332,1.0,True,30,0,0,723.7166357040405,868.409122467041,9.094037691752115,723.7166357040405,completed
2801.457203,30,92.526888,1.0,True,30,0,0,758.8938312530518,1012.618537902832,4.155435117085775,758.8938312530518,completed
2658.201064,30,92.56028,1.0,True,30,0,0,843.8401045799255,1018.0767750740051,5.59350700378418,843.8401045799255,completed
2156.04438,30,92.594237,1.0,True,30,0,0,769.3280000686646,1085.9714736938477,11.796503321329753,769.3280000686646,completed
2316.321103,30,92.628663,1.0,True,30,0,0,855.4829182326794,1004.2517642378807,11.011870098114013,855.4829182326794,completed
1171.1529,30,92.66291,1.0,True,30,0,0,1026.5512902736664,1522.9491362571716,18.044537925720213,1026.5512902736664,completed
3235.911504,30,92.696166,1.0,True,30,0,0,736.9902577400208,806.1936841011047,2.168021488189697,736.9902577400208,completed
622.315428,30,92.732343,1.0,True,30,0,0,1150.4845714569092,1691.5523109436035,21.611438115437824,1150.4845714569092,completed
2021.568169,30,92.769701,1.0,True,30,0,0,999.9306125640869,1170.1171293258667,10.605743678410848,999.9306125640869,completed
2627.915672,30,92.80527,1.0,True,30,0,0,752.6479916572571,985.139965057373,7.197359530131022,752.6479916572571,completed
2274.614544,30,92.841072,1.0,True,30,0,0,853.7278218269348,1107.4032773971558,9.41675262451172,853.7278218269348,completed
3086.061671,30,92.876206,1.0,True,30,0,0,764.3306293487549,860.0026416778564,2.5722840944925944,764.3306293487549,completed
3215.351028,30,92.91299,1.0,True,30,0,0,743.7038493156433,867.4797644615173,1.3199820200602213,743.7038493156433,completed
2387.206409,30,92.946691,1.0,True,30,0,0,815.7231645584106,988.2356507778168,10.105007934570313,815.7231645584106,completed
2649.644381,30,92.980579,1.0,True,30,0,0,674.6751294136047,900.7675728797913,9.161770184834799,674.6751294136047,completed
1157.317807,30,93.014145,1.0,True,30,0,0,1059.5883524417877,1411.6685185432434,18.734896850585937,1059.5883524417877,completed
1995.636124,30,93.047883,1.0,True,30,0,0,815.5686581134796,1135.1975312232971,12.688423283894856,815.5686581134796,completed
2464.601577,30,93.081473,1.0,True,30,0,0,775.609317779541,1066.940046787262,8.189979680379231,775.609317779541,completed
1767.166899,30,93.115136,1.0,True,30,0,0,839.8556809425354,1224.7040548324585,15.445753860473634,839.8556809425354,completed
2344.438977,30,93.148751,1.0,True,30,0,0,809.1250200271606,1116.2079648971558,8.53762083053589,809.1250200271606,completed
2654.855475,30,93.182564,1.0,True,30,0,0,673.514105796814,908.9752244949341,8.519388580322266,673.514105796814,completed
1421.21248,30,93.21601,1.0,True,30,0,0,980.5956873893738,1324.1981420516968,15.89686918258667,980.5956873893738,completed
3026.312958,30,93.249535,1.0,True,30,0,0,793.2904825210571,844.34379529953,3.5655762990315756,793.2904825210571,completed
1541.120005,30,93.282619,1.0,True,30,0,0,873.729022026062,1304.3976936340332,16.996751976013183,873.729022026062,completed
2192.40851,30,93.316365,1.0,True,30,0,0,820.1490669250488,1188.613097190857,8.383794053395588,820.1490669250488,completed
2958.94234,30,93.34966,1.0,True,30,0,0,683.4031202793121,930.8685669898987,3.7843393961588543,683.4031202793121,completed
2443.433136,30,93.383254,1.0,True,30,0,0,781.0630502700806,988.2719717025757,10.347164408365886,781.0630502700806,completed
2492.156752,30,93.416784,1.0,True,30,0,0,627.9709911346436,912.7370843887329,10.784164333343506,627.9709911346436,completed
2190.060583,30,93.450108,1.0,True,30,0,0,817.0653641223907,1125.5705914497375,11.276209131876628,817.0653641223907,completed
1127.021199,30,93.483094,1.0,True,30,0,0,976.4680042266846,1486.8636589050293,18.69246622721354,976.4680042266846,completed
2375.225094,30,93.516533,1.0,True,30,0,0,898.8058528900146,1208.6854343414307,5.848956934611002,898.8058528900146,completed
2671.413304,30,93.549988,1.0,True,30,0,0,700.502037525177,948.2429790496826,7.253636614481608,700.502037525177,completed
2127.673995,30,93.5836,1.0,True,30,0,0,898.9764215946198,1164.4375309944153,9.950981140136719,898.9764215946198,completed
2148.350026,30,93.61734,1.0,True,30,0,0,849.740599155426,1234.903082370758,9.223537063598632,849.740599155426,completed
1922.499259,30,93.653901,1.0,True,30,0,0,881.7042379379272,1204.560185432434,13.224366569519043,881.7042379379272,completed
2067.003177,30,93.688626,1.0,True,30,0,0,824.4586224555969,1080.1644430160522,12.835679372151693,824.4586224555969,completed
3343.251884,30,93.721888,1.0,True,30,0,0,656.9996407032013,834.2917103767395,0.24712416330973308,656.9996407032013,completed
1490.124189,30,93.755414,1.0,True,30,0,0,1052.8722801208496,1559.4807424545288,11.795393776893615,1052.8722801208496,completed
2995.219436,30,93.788273,1.0,True,30,0,0,773.7187466621399,1027.815107345581,1.3325449625651042,773.7187466621399,completed
1786.919346,30,93.821473,1.0,True,30,0,0,940.066490650177,1291.2067098617554,12.895222981770834,940.066490650177,completed
2981.709146,30,93.854641,1.0,True,30,0,0,787.6142544746399,893.194694519043,3.8868022918701173,787.6142544746399,completed
1413.438768,30,93.888241,1.0,True,30,0,0,852.5868248939514,1246.795705318451,19.558897686004638,852.5868248939514,completed
2919.388519,30,93.921287,1.0,True,30,0,0,662.5117981433868,950.4485383033752,3.4601834932963054,662.5117981433868,completed
3000.313847,30,93.954727,1.0,True,30,0,0,666.7236807346344,813.3902096748352,4.998711903889974,666.7236807346344,completed
2226.553428,30,93.988077,1.0,True,30,0,0,798.5560598373413,1087.8355627059937,11.12823028564453,798.5560598373413,completed
2112.452898,30,94.021553,1.0,True,30,0,0,801.656615614891,1130.6371247768402,12.630871597925822,801.656615614891,completed
2611.052436,30,94.054681,1.0,True,30,0,0,697.9481501579285,992.0319862365723,7.482391484578451,697.9481501579285,completed
2603.971796,30,94.088049,1.0,True,30,0,0,816.358968257904,1049.5487432479858,6.195153427124024,816.358968257904,completed
1848.566753,30,94.121357,1.0,True,30,0,0,875.3686166554689,1232.6917115747929,13.58751990000407,875.3686166554689,completed
1839.33345,30,94.154632,1.0,True,30,0,0,770.3024973869324,1149.923168182373,16.309492778778075,770.3024973869324,completed
2557.397889,30,94.18808,1.0,True,30,0,0,831.3341522216797,983.7736120223999,7.194177436828613,831.3341522216797,completed
3130.112424,30,94.221037,1.0,True,30,0,0,762.2462220191956,1000.9964561462402,0.10739568074544271,762.2462220191956,completed
2370.224821,30,94.254211,1.0,True,30,0,0,708.2220187187195,978.3910503387451,12.060196876525879,708.2220187187195,completed
3246.233498,30,94.28722,1.0,True,30,0,0,593.6707235574722,720.9824197292328,4.158056767781575,593.6707235574722,completed
2285.08713,30,94.320621,1.0,True,30,0,0,800.1986701488495,1088.3860790729523,10.126149686177571,800.1986701488495,completed
3052.411531,30,94.353782,1.0,True,30,0,0,672.5825476646423,737.4625582695007,5.463835430145264,672.5825476646423,completed
2559.417826,30,94.386745,1.0,True,30,0,0,772.0907402038574,1009.7800598144531,8.109494400024413,772.0907402038574,completed
2189.084092,30,95.425354,1.0,True,30,0,0,764.4204556941986,1073.6713693141937,11.937085469563803,764.4204556941986,completed
2367.404712,30,95.459246,1.0,True,30,0,0,824.1679829359055,1045.1077239513397,10.141266695658366,824.1679829359055,completed
433.7436,30,95.493174,1.0,True,30,0,0,1208.3227763175964,1948.751552581787,20.29393377304077,1208.3227763175964,completed
1747.056902,30,95.527459,1.0,True,30,0,0,855.2038135528564,1186.6567039489746,15.90830726623535,855.2038135528564,completed
2727.908274,30,95.561241,1.0,True,30,0,0,716.6775898933411,1002.8661251068115,5.982207234700521,716.6775898933411,completed
2500.702519,30,95.594729,1.0,True,30,0,0,825.1986532211304,980.3885078430176,8.262515513102214,825.1986532211304,completed
2450.804529,30,95.628206,1.0,True,30,0,0,724.339775800705,1052.4987993240356,9.614048767089844,724.339775800705,completed
3051.412678,30,95.661618,1.0,True,30,0,0,631.9327442646027,789.1166396141052,6.189989535013835,631.9327442646027,completed
1783.294733,30,95.695606,1.0,True,30,0,0,820.2756791114807,1191.7841801643372,15.142954349517822,820.2756791114807,completed
1553.669431,30,95.729199,1.0,True,30,0,0,920.9587321281433,1283.0979642868042,15.872459475199381,920.9587321281433,completed
1466.730314,30,95.763179,1.0,True,30,0,0,846.3497667312622,1246.7467050552368,18.31730750401815,846.3497667312622,completed
2648.173346,30,95.796536,1.0,True,30,0,0,809.4928436279297,912.0360813140869,7.214854303995768,809.4928436279297,completed
2285.692541,30,95.829776,1.0,True,30,0,0,722.9388689994812,987.7735118865967,12.733221244812011,722.9388689994812,completed
2439.029931,30,95.863561,1.0,True,30,0,0,910.3305497169495,1314.8037676811218,2.3081265767415364,910.3305497169495,completed
1449.478325,30,95.897092,1.0,True,30,0,0,978.5395383834839,1411.2168560028076,15.934323501586913,978.5395383834839,completed
1828.915624,30,95.930247,1.0,True,30,0,0,915.1828651428223,1234.1274795532227,13.90724048614502,915.1828651428223,completed
2554.144417,30,95.963432,1.0,True,30,0,0,737.2497863769531,961.0292444229126,9.439559046427409,737.2497863769531,completed
1617.612475,30,95.996716,1.0,True,30,0,0,966.731781244278,1412.6197772026062,13.224445025126139,966.731781244278,completed
1399.057904,30,96.030009,1.0,True,30,0,0,1028.5018563270569,1354.42835521698,16.899496523539224,1028.5018563270569,completed
2604.059878,30,96.063563,1.0,True,30,0,0,763.0077862739563,909.8668231964111,8.038032404581706,763.0077862739563,completed
662.314055,30,96.097251,1.0,True,30,0,0,1083.8345403671265,1705.955662727356,20.09723320007324,1083.8345403671265,completed
1721.689468,30,96.131133,1.0,True,30,0,0,922.9663133621216,1263.5222396850586,13.827604675292969,922.9663133621216,completed
1911.331631,30,96.16463,1.0,True,30,0,0,949.6751556396484,1406.0006866455078,7.78770866394043,949.6751556396484,completed
2585.668458,30,96.198017,1.0,True,30,0,0,739.8515951633453,957.5015978813171,8.11948045094808,739.8515951633453,completed
2251.84783,30,96.231856,1.0,True,30,0,0,925.701976776123,1304.168864250183,5.885753885904948,925.701976776123,completed
3616.561616,30,96.264738,1.0,True,30,0,0,515.4505752325058,578.1628496646881,1.8031483968098958,515.4505752325058,completed
2698.332923,30,96.298306,1.0,True,30,0,0,722.942193031311,972.7584781646729,6.5477905909220375,722.942193031311,completed
2740.094081,30,96.332769,1.0,True,30,0,0,752.6526980400085,883.3736906051636,6.776720682779948,752.6526980400085,completed
2302.837886,30,96.366309,1.0,True,30,0,0,782.010858297348,1007.5185933113098,11.49475244084994,782.010858297348,completed
2686.286115,30,96.399772,1.0,True,30,0,0,727.9135332107544,854.6476554870605,8.030889066060384,727.9135332107544,completed
2514.18866,30,96.433054,1.0,True,30,0,0,763.7551103532314,1003.2819005846977,7.815803050994873,763.7551103532314,completed
1041.991975,30,96.46642,1.0,True,30,0,0,1052.9150471687317,1495.5721678733826,20.0188268661499,1052.9150471687317,completed
2401.035082,30,96.500098,1.0,True,30,0,0,797.5826666355133,1050.8201117515564,8.908553250630696,797.5826666355133,completed
2437.405563,30,96.533278,1.0,True,30,0,0,845.7843180894852,1152.4542887210846,5.9570688009262085,845.7843180894852,completed
3046.408526,30,96.566876,1.0,True,30,0,0,655.7692910432816,803.3223526477814,4.941255187988281,655.7692910432816,completed
2689.857581,30,96.603353,1.0,True,30,0,0,785.1848511695862,1028.0490446090698,5.469625981648763,785.1848511695862,completed
1490.122949,30,96.637281,1.0,True,30,0,0,940.9151754379272,1308.5637421607971,16.681797154744466,940.9151754379272,completed
2583.198501,30,96.845966,1.0,True,30,0,0,772.4969744682312,964.5704860687256,7.704596328735351,772.4969744682312,completed
3097.449044,30,96.880114,1.0,True,30,0,0,753.2204773426056,833.1641335487366,2.5689687093098956,753.2204773426056,completed
2179.239171,30,96.913645,1.0,True,30,0,0,953.1811175346375,1313.3694429397583,7.069096183776855,953.1811175346375,completed
1412.480523,30,96.947219,1.0,True,30,0,0,903.3029270172119,1280.5555181503296,18.44877751668294,903.3029270172119,completed
2550.252895,30,96.981916,1.0,True,30,0,0,763.6396658420563,1070.210946559906,7.23885440826416,763.6396658420563,completed
3213.355647,30,97.015103,1.0,True,30,0,0,617.6448035240173,773.252721786499,3.0913246154785154,617.6448035240173,completed
1697.979361,30,97.048451,1.0,True,30,0,0,967.1210079193115,1350.3119583129883,13.023414675394694,967.1210079193115,completed
3083.071856,30,97.081702,1.0,True,30,0,0,695.6820321083069,785.6801881790161,4.67117862701416,695.6820321083069,completed
3282.805002,30,97.115008,1.0,True,30,0,0,636.2717528343201,781.7596368789673,2.4249390920003253,636.2717528343201,completed
2383.05989,30,97.148383,1.0,True,30,0,0,909.5927839279175,1103.6323404312134,7.119814427693685,909.5927839279175,completed
2207.73734,30,97.181819,1.0,True,30,0,0,859.7334759235382,1125.5511937141418,9.305271021525066,859.7334759235382,completed
1166.918923,30,97.215404,1.0,True,30,0,0,1039.1843061447144,1647.7748432159424,14.033636093139648,1039.1843061447144,completed
2422.454439,30,97.248592,1.0,True,30,0,0,782.4942078590393,1088.494999885559,8.845075607299805,782.4942078590393,completed
2043.428096,30,97.281637,1.0,True,30,0,0,901.7174174785614,1192.8094437122345,11.640851084391276,901.7174174785614,completed
2864.2377,30,97.314967,1.0,True,30,0,0,709.8442317843437,966.3186458349228,4.865087509155273,709.8442317843437,completed
2886.89008,30,97.348577,1.0,True,30,0,0,755.2070819139481,997.8470604419708,3.0392317454020183,755.2070819139481,completed
2498.469423,30,97.381922,1.0,True,30,0,0,646.5297861099243,949.8546743392944,10.646209398905436,646.5297861099243,completed
2544.073037,30,97.415223,1.0,True,30,0,0,808.6558017730713,1054.4115672111511,6.764679304758707,808.6558017730713,completed
2398.239071,30,97.448607,1.0,True,30,0,0,742.5558290481567,1043.0514850616455,9.231179968516033,742.5558290481567,completed
2553.560855,30,97.481835,1.0,True,30,0,0,685.8145127296448,935.8865423202515,10.42458734512329,685.8145127296448,completed
2399.667182,30,97.514881,1.0,True,30,0,0,779.2860911488533,971.4639345407486,10.152513917287191,779.2860911488533,completed
2689.371712,30,97.548088,1.0,True,30,0,0,765.1116943359375,997.6874122619629,5.818418629964193,765.1116943359375,completed
3211.619578,30,97.581283,1.0,True,30,0,0,650.875675201416,842.3410015106201,2.354665247599284,650.875675201416,completed
3109.792561,30,97.61478,1.0,True,30,0,0,600.6379742622375,860.468466758728,3.8051556905110675,600.6379742622375,completed
2788.11475,30,97.648168,1.0,True,30,0,0,693.0469827651978,967.6451740264893,5.444122823079427,693.0469827651978,completed
1868.611387,30,97.681642,1.0,True,30,0,0,931.2786436080933,1437.9822206497192,8.93068307240804,931.2786436080933,completed
2146.380137,30,97.714897,1.0,True,30,0,0,916.3378260135651,1209.942430973053,8.214674886067709,916.3378260135651,completed
2077.62907,30,97.750587,1.0,True,30,0,0,871.88321352005,1186.5416479110718,11.067419815063477,871.88321352005,completed
2040.345348,30,97.785721,1.0,True,30,0,0,897.1224727630615,1141.2002267837524,11.85101531346639,897.1224727630615,completed
1157.558865,30,97.81955,1.0,True,30,0,0,986.5786275863647,1504.7698392868042,17.75411891937256,986.5786275863647,completed
2632.64029,30,97.852842,1.0,True,30,0,0,711.2372694015503,998.1046924591064,7.295036443074545,711.2372694015503,completed
1637.524865,30,98.887085,1.0,True,30,0,0,907.5438737869263,1258.3426704406738,16.312864557902017,907.5438737869263,completed
2216.195002,30,98.922673,1.0,True,30,0,0,899.8495264053345,1173.30131149292,8.721063995361328,899.8495264053345,completed
2791.840133,30,98.956254,1.0,True,30,0,0,739.593065738678,838.9002656936646,6.4435622533162435,739.593065738678,completed
2196.987922,30,98.989733,1.0,True,30,0,0,904.3468408584595,1205.82896566391,9.233201853434245,904.3468408584595,completed
2490.870532,30,99.023054,1.0,True,30,0,0,790.863525390625,975.4514064788818,9.276913420359294,790.863525390625,completed
1999.965051,30,99.056376,1.0,True,30,0,0,876.0157170295715,1182.4066762924194,11.979636255900065,876.0157170295715,completed
2396.621797,30,99.090121,1.0,True,30,0,0,716.9778535366058,1072.414672613144,9.808922513326008,716.9778535366058,completed
1611.927453,30,99.123645,1.0,True,30,0,0,897.2334961891174,1348.7334098815918,16.435428301493328,897.2334961891174,completed
3051.349328,30,99.156982,1.0,True,30,0,0,666.5747900009155,917.2881345748901,2.244814173380534,666.5747900009155,completed
2550.323471,30,99.190308,1.0,True,30,0,0,722.8210051059723,936.1315751075745,9.687319882710774,722.8210051059723,completed
3479.159073,30,99.223458,1.0,True,30,0,0,641.221417427063,708.5887060165405,0.8610083262125651,641.221417427063,completed
1968.739586,30,99.256945,1.0,True,30,0,0,900.8604967594147,1222.8463435173035,11.093552303314208,900.8604967594147,completed
2629.602255,30,99.290514,1.0,True,30,0,0,754.6034774780273,957.0801091194153,6.830792299906412,754.6034774780273,completed
1428.483786,30,99.323849,1.0,True,30,0,0,916.4359097480774,1265.9668016433716,18.734853108723957,916.4359097480774,completed
1806.874035,30,99.357268,1.0,True,30,0,0,893.0839147567749,1352.911190032959,11.901221783955892,893.0839147567749,completed
1895.79078,30,99.390789,1.0,True,30,0,0,922.6384677886963,1290.8333835601807,11.678490289052327,922.6384677886963,completed
2773.479841,30,99.424391,1.0,True,30,0,0,675.116804599762,846.0710191726685,7.6795325915018715,675.116804599762,completed
1792.073852,30,99.457691,1.0,True,30,0,0,999.1060841083527,1483.6212611198425,7.857985178629558,999.1060841083527,completed
1363.961896,30,99.491431,1.0,True,30,0,0,1034.5423092842102,1599.4641919136047,13.765035120646159,1034.5423092842102,completed
2688.102685,30,99.524817,1.0,True,30,0,0,772.424996137619,943.1428475379944,5.933086411158244,772.424996137619,completed
2018.958246,30,99.558438,1.0,True,30,0,0,930.3102097511292,1340.6106386184692,8.219732093811036,930.3102097511292,completed
2976.360543,30,99.591714,1.0,True,30,0,0,744.5676031112671,900.2073669433594,3.8611798604329426,744.5676031112671,completed
2693.256428,30,99.624954,1.0,True,30,0,0,764.1085351109505,967.7690759897232,5.895541127522787,764.1085351109505,completed
2821.601244,30,99.658213,1.0,True,30,0,0,768.4552631378174,888.8426055908203,5.576645533243815,768.4552631378174,completed
1969.003366,30,99.692338,1.0,True,30,0,0,991.5952634811401,1204.0844326019287,10.942443339029948,991.5952634811401,completed
2772.269011,30,99.726059,1.0,True,30,0,0,773.7983407974243,996.861478805542,4.781739298502604,773.7983407974243,completed
2350.996502,30,99.759633,1.0,True,30,0,0,837.910483121872,1060.2699732780457,8.749337291717529,837.910483121872,completed
2855.56333,30,99.793004,1.0,True,30,0,0,842.2670912742615,1145.2195625305176,1.238914934794108,842.2670912742615,completed
2795.183055,30,99.826143,1.0,True,30,0,0,715.0326058864594,974.0859942436218,4.571713129679362,715.0326058864594,completed
1620.636818,30,99.860347,1.0,True,30,0,0,823.0646409988403,1207.5018711090088,17.121205647786457,823.0646409988403,completed
1826.860843,30,99.893553,1.0,True,30,0,0,839.3326835632324,1152.2564105987549,15.367624918619791,839.3326835632324,completed
2919.368221,30,99.926637,1.0,True,30,0,0,751.495279788971,970.4545831680298,3.453909492492676,751.495279788971,completed
2595.452762,30,99.959987,1.0,True,30,0,0,804.7762982845306,1040.927610874176,6.1943514506022135,804.7762982845306,completed
3320.467453,30,99.99313,1.0,True,30,0,0,642.9122138023376,753.4820289611816,2.2492497762044272,642.9122138023376,completed
2983.422123,30,100.026578,1.0,True,30,0,0,678.5101101398468,824.5516495704651,4.957749938964843,678.5101101398468,completed
1719.616407,30,100.059975,1.0,True,30,0,0,929.7933950424194,1211.4802179336548,15.164655272165934,929.7933950424194,completed
3036.817954,30,100.093588,1.0,True,30,0,0,611.995997428894,880.7870969772339,3.701977348327637,611.995997428894,completed
2220.558706,30,100.127202,1.0,True,30,0,0,834.1833529472351,1098.674536705017,9.006488196055095,834.1833529472351,completed
2275.50291,30,100.161425,1.0,True,30,0,0,825.0519452095032,1053.2242460250854,10.265320873260498,825.0519452095032,completed
1785.745299,30,100.194807,1.0,True,30,0,0,892.0428290367126,1256.50892162323,14.864486503601075,892.0428290367126,completed
2321.160611,30,100.228155,1.0,True,30,0,0,759.2303640842438,1158.1219277381897,9.072784169514973,759.2303640842438,completed
3025.491973,30,100.261716,1.0,True,30,0,0,628.3960766792297,839.6990156173706,4.480024401346842,628.3960766792297,completed
2665.138133,30,100.294817,1.0,True,30,0,0,711.4584987163544,965.880099773407,6.925310961405436,711.4584987163544,completed
2884.844937,30,100.328462,1.0,True,30,0,0,770.6125710010529,1062.7871417999268,2.145361073811849,770.6125710010529,completed
1941.29245,30,100.36192,1.0,True,30,0,0,787.2278084754944,1105.7646007537842,15.667163403828939,787.2278084754944,completed
2690.852471,30,100.395356,1.0,True,30,0,0,757.0541734695435,913.3653755187988,7.836885197957357,757.0541734695435,completed
2889.828527,30,100.42835,1.0,True,30,0,0,684.099684715271,834.2322225570679,7.117603619893392,684.099684715271,completed
3223.440844,30,100.461661,1.0,True,30,0,0,610.3255884647369,745.9023280143738,4.331187375386556,610.3255884647369,completed
2382.629495,30,100.494881,1.0,True,30,0,0,749.5205183029175,967.901159286499,10.382781982421875,749.5205183029175,completed
2497.396781,30,100.528486,1.0,True,30,0,0,779.423889875412,1001.7415461540222,7.967219734191895,779.423889875412,completed
3326.134465,30,100.562,1.0,True,30,0,0,647.5134477615356,792.8724384307861,1.3866297403971355,647.5134477615356,completed
1903.527809,30,100.595908,1.0,True,30,0,0,899.9664216041565,1159.173984527588,13.356682586669923,899.9664216041565,completed
2565.312252,30,100.629196,1.0,True,30,0,0,786.9076328277588,1004.4424591064453,7.960941060384115,786.9076328277588,completed
2186.604024,30,100.662496,1.0,True,30,0,0,768.4893674850464,1081.9714279174805,11.368896420796712,768.4893674850464,completed
2169.045762,30,100.696058,1.0,True,30,0,0,837.7382579743862,1140.6022006869316,10.310814380645752,837.7382579743862,completed
2358.762136,30,100.729483,1.0,True,30,0,0,808.8978307247162,1074.618560552597,8.646979141235352,808.8978307247162,completed
2211.098189,30,100.762683,1.0,True,30,0,0,819.4440803527832,1097.7648372650146,10.57823403676351,819.4440803527832,completed
1707.703906,30,100.795897,1.0,True,30,0,0,955.391056060791,1316.3598957061768,13.601092910766601,955.391056060791,completed
3051.040449,30,100.829309,1.0,True,30,0,0,600.5943629741669,775.355236530304,5.928536224365234,600.5943629741669,completed
2615.189608,30,100.863037,1.0,True,30,0,0,831.20965051651,942.5471611022949,6.988045406341553,831.20965051651,completed
3075.746117,30,100.896399,1.0,True,30,0,0,691.2225129008293,902.4749001264572,2.279966417948405,691.2225129008293,completed
2184.611184,30,100.929551,1.0,True,30,0,0,892.315544128418,1281.1894578933716,7.761518096923828,892.315544128418,completed
2398.767804,30,100.963204,1.0,True,30,0,0,823.4856748580933,1074.0665140151978,9.094460423787435,823.4856748580933,completed
2052.464293,30,100.996889,1.0,True,30,0,0,816.8825130462646,1256.5056114196777,9.920833778381347,816.8825130462646,completed
2115.369026,30,101.030259,1.0,True,30,0,0,888.863983631134,1056.2250862121582,12.241083145141602,888.863983631134,completed
2092.484646,30,101.063548,1.0,True,30,0,0,804.5003209114075,1105.8374223709106,12.556566619873047,804.5003209114075,completed
2770.76963,30,101.096615,1.0,True,30,0,0,773.2772397994995,954.0054111480713,6.430967903137207,773.2772397994995,completed
1921.345449,30,101.130261,1.0,True,30,0,0,935.5027294158936,1429.0390453338623,8.173499393463135,935.5027294158936,completed
2200.356254,30,101.164137,1.0,True,30,0,0,841.6416156738997,1202.3174014985561,9.035160586237907,841.6416156738997,completed
3271.066588,30,102.200646,1.0,True,30,0,0,657.5527100563049,795.809308052063,1.7335257848103842,657.5527100563049,completed
1912.663824,30,102.234467,1.0,True,30,0,0,992.5155882835388,1517.1371765136719,6.966265487670898,992.5155882835388,completed
2479.29503,30,102.267853,1.0,True,30,0,0,747.2227399349213,969.8276453018188,9.176015265782674,747.2227399349213,completed
2151.318018,30,102.301583,1.0,True,30,0,0,833.575514793396,1042.8210954666138,12.857224464416504,833.575514793396,completed
1966.966226,30,102.33527,1.0,True,30,0,0,845.7711806297302,1093.7681555747986,14.040434900919596,845.7711806297302,completed
1781.930137,30,102.368636,1.0,True,30,0,0,863.556215763092,1199.5356950759888,15.84078114827474,863.556215763092,completed
2706.034372,30,102.4018,1.0,True,30,0,0,730.2814493775368,921.024337887764,6.877833112080892,730.2814493775368,completed
2520.771198,30,102.438781,1.0,True,30,0,0,696.2085018157959,972.2850856781006,9.36650177637736,696.2085018157959,completed
2400.752538,30,102.47214,1.0,True,30,0,0,852.1029977798462,1126.7096252441406,7.810084597269694,852.1029977798462,completed
1968.233356,30,102.505361,1.0,True,30,0,0,826.7935256958008,1222.544958114624,12.264851252237955,826.7935256958008,completed
857.827513,30,102.538868,1.0,True,30,0,0,1015.8916492462158,1496.0522031784058,21.783001232147218,1015.8916492462158,completed
2614.478281,30,102.57235,1.0,True,30,0,0,810.4089466333389,1061.5627901554108,5.859288024902344,810.4089466333389,completed
2446.293017,30,102.605918,1.0,True,30,0,0,845.5633678436279,1189.7030544281006,5.5449267069498696,845.5633678436279,completed
2169.690293,30,102.639798,1.0,True,30,0,0,838.8613500595093,1201.5708227157593,8.754416529337565,838.8613500595093,completed
3232.038651,30,102.672644,1.0,True,30,0,0,697.915370464325,929.2003135681152,0.36819636027018227,697.915370464325,completed
2971.017559,30,102.706087,1.0,True,30,0,0,762.8571758270264,933.165283203125,3.1631053924560546,762.8571758270264,completed
3024.783619,30,102.741276,1.0,True,30,0,0,640.4384682178497,846.530882358551,4.246155484517415,640.4384682178497,completed
2775.69585,30,102.776017,1.0,True,30,0,0,838.6932327747345,1072.503876209259,3.522232437133789,838.6932327747345,completed
1769.174865,30,102.809741,1.0,True,30,0,0,897.39994764328,1349.066312789917,13.390203698476155,897.39994764328,completed
2883.128172,30,102.843169,1.0,True,30,0,0,717.9779782295227,878.8476076126099,5.239211209615072,717.9779782295227,completed
2038.282223,30,102.876731,1.0,True,30,0,0,840.0849421024323,1199.1331787109375,12.64367192586263,840.0849421024323,completed
2065.694875,30,102.910036,1.0,True,30,0,0,783.5458164215088,1115.243516921997,11.79016276995341,783.5458164215088,completed
2338.225217,30,102.943307,1.0,True,30,0,0,827.2453460693359,1125.599380493164,9.121137619018555,827.2453460693359,completed
2624.694513,30,102.976929,1.0,True,30,0,0,827.5790529251099,1094.5842733383179,5.328589248657226,827.5790529251099,completed
2466.726921,30,103.010251,1.0,True,30,0,0,831.1490030288696,1067.2684526443481,7.5931396484375,831.1490030288696,completed
2047.696554,30,103.043625,1.0,True,30,0,0,811.2829387187958,1150.4826102256775,12.000046857198079,811.2829387187958,completed
2294.824652,30,103.077126,1.0,True,30,0,0,825.3084268569946,1113.772500038147,9.664009030659994,825.3084268569946,completed
1537.637906,30,103.110517,1.0,True,30,0,0,899.0908381938934,1370.780547618866,15.167483139038087,899.0908381938934,completed
2696.165147,30,103.143723,1.0,True,30,0,0,769.7311420440674,967.9600086212158,6.620669301350912,769.7311420440674,completed
3113.870593,30,103.177182,1.0,True,30,0,0,666.4373257160187,734.8823494911194,4.964940452575684,666.4373257160187,completed
2252.334474,30,103.210898,1.0,True,30,0,0,766.2044174075127,1115.7376073598862,10.927191797892252,766.2044174075127,completed
1124.007988,30,103.244025,1.0,True,30,0,0,970.4110879898071,1390.8525104522705,20.98012663523356,970.4110879898071,completed
2170.768439,30,103.277171,1.0,True,30,0,0,840.5940804481506,1114.6102695465088,10.31339693069458,840.5940804481506,completed
1952.655485,30,103.310876,1.0,True,30,0,0,855.1145687103271,1160.827829360962,12.539419364929199,855.1145687103271,completed
339.347117,30,103.344578,1.0,True,30,0,0,1169.4961223602295,1924.1694450378418,21.03948033650716,1169.4961223602295,completed
2321.6872,30,103.377746,1.0,True,30,0,0,808.6284680366516,1053.2178945541382,10.493267250061034,808.6284680366516,completed
83.133239,30,103.411296,1.0,True,30,0,0,1150.195348739624,1898.9036922454834,26.382591501871744,1150.195348739624,completed
2696.208554,30,103.444858,1.0,True,30,0,0,745.2687051296234,975.2722520828247,6.313845761617025,745.2687051296234,completed
1143.044479,30,103.478263,1.0,True,30,0,0,971.2241940498352,1433.245693206787,19.87751235961914,971.2241940498352,completed
1140.614903,30,103.511462,1.0,True,30,0,0,1070.6206617355347,1428.2081365585327,18.599729156494142,1070.6206617355347,completed
2720.966772,30,103.544855,1.0,True,30,0,0,727.5402826666832,908.0469311475754,6.894290574391683,727.5402826666832,completed
2524.905049,30,103.578346,1.0,True,30,0,0,828.1119635105133,1052.911738872528,6.917081006368002,828.1119635105133,completed
551.744508,30,103.612117,1.0,True,30,0,0,1250.5739274024963,1882.8882036209106,18.278901863098145,1250.5739274024963,completed
1589.554156,30,103.645687,1.0,True,30,0,0,813.5006093978882,1241.6246032714844,17.525973574320474,813.5006093978882,completed
1239.00287,30,103.679298,1.0,True,30,0,0,1084.860486984253,1569.2633719444275,14.648185475667317,1084.860486984253,completed
1696.656323,30,103.712499,1.0,True,30,0,0,929.54350233078,1240.4956979751587,15.017871793111166,929.54350233078,completed
-943.545477,30,103.746215,1.0,True,30,0,0,1438.658371925354,2210.061029434204,34.07138868967692,1438.658371925354,completed
2929.101253,30,103.779446,1.0,True,30,0,0,735.2393592149019,963.079033523798,3.5894699096679688,735.2393592149019,completed
1103.122691,30,103.813184,1.0,True,30,0,0,922.838041305542,1465.1987609863281,20.440930779774984,922.838041305542,completed
2029.965561,30,103.846624,1.0,True,30,0,0,790.5284066200256,1057.0774908065796,14.215535926818848,790.5284066200256,completed
2136.10236,30,103.879971,1.0,True,30,0,0,800.7192361354828,1089.2983002662659,12.587299474080403,800.7192361354828,completed
2299.239339,30,103.913405,1.0,True,30,0,0,822.7552442550659,1200.0270709991455,6.367962265014649,822.7552442550659,completed
2318.8269,30,103.946998,1.0,True,30,0,0,900.9084566831589,1209.4829051494598,6.753280512491862,900.9084566831589,completed
1753.490112,30,103.980106,1.0,True,30,0,0,835.2216091156006,1253.3500804901123,14.36153055826823,835.2216091156006,completed
2812.88549,30,104.013631,1.0,True,30,0,0,724.554783821106,981.3486375808716,4.881635634104411,724.554783821106,completed
2904.484664,30,104.046984,1.0,True,30,0,0,684.129016160965,791.9968419075012,6.814023335774739,684.129016160965,completed
2074.226207,30,104.081032,1.0,True,30,0,0,913.980800151825,1319.3098983764648,9.102407073974609,913.980800151825,completed
2304.074982,30,104.174089,1.0,True,30,0,0,917.0764348506927,1312.157973766327,4.95508975982666,917.0764348506927,completed
2619.820144,30,104.232267,1.0,True,30,0,0,741.2835457324982,966.499671459198,8.204334831237793,741.2835457324982,completed
1091.945774,30,104.266295,1.0,True,30,0,0,924.3073625564575,1343.462942123413,22.01100953420003,924.3073625564575,completed
1687.838174,30,104.300232,1.0,True,30,0,0,879.1444272994995,1219.8192620277405,14.381233024597169,879.1444272994995,completed
2517.703817,30,104.334343,1.0,True,30,0,0,764.7896590232849,1032.238841533661,7.215994358062744,764.7896590232849,completed
1405.294622,30,104.367783,1.0,True,30,0,0,962.5812845230103,1260.7962646484375,17.921345265706382,962.5812845230103,completed
1403.039521,30,104.401061,1.0,True,30,0,0,986.0281188488007,1377.634021282196,17.665769735972088,986.0281188488007,completed
2806.590723,30,104.434453,1.0,True,30,0,0,721.3279414176941,929.9281706809998,5.961525408426921,721.3279414176941,completed
1893.030024,30,104.467627,1.0,True,30,0,0,860.0753622055054,1150.637438774109,14.920392926534017,860.0753622055054,completed
2458.958007,30,104.500781,1.0,True,30,0,0,863.8132371902466,1047.1772966384888,8.180983734130859,863.8132371902466,completed
2314.495171,30,104.534027,1.0,True,30,0,0,841.6964359283447,1063.3058080673218,10.514176305135091,841.6964359283447,completed
2066.995138,30,105.592171,1.0,True,30,0,0,883.9021100997925,1198.6627807617188,10.485575612386068,883.9021100997925,completed
1753.48871,30,105.625697,1.0,True,30,0,0,831.8555560112,1177.4295349121094,16.620424461364745,831.8555560112,completed
2786.652588,30,105.659477,1.0,True,30,0,0,746.5258655548096,992.1573257446289,5.3176472345987955,746.5258655548096,completed
2164.321463,30,105.693262,1.0,True,30,0,0,849.707371711731,1181.055865764618,9.52821102142334,849.707371711731,completed
2804.10001,30,105.726691,1.0,True,30,0,0,686.6750764846802,904.6591367721558,6.396164894104004,686.6750764846802,completed
2048.142434,30,105.760411,1.0,True,30,0,0,793.4628190994263,1178.9123725891113,12.482937749226888,793.4628190994263,completed
2223.845588,30,105.793544,1.0,True,30,0,0,895.7420358657837,1206.5422201156616,9.275212478637695,895.7420358657837,completed
2833.589125,30,105.826657,1.0,True,30,0,0,758.4813984632492,920.7562425136566,5.724836158752441,758.4813984632492,completed
2581.823173,30,105.860371,1.0,True,30,0,0,757.5165419578552,937.1667699813843,8.379724248250325,757.5165419578552,completed
2038.897868,30,105.893602,1.0,True,30,0,0,921.0561227798462,1254.0975036621094,11.232686742146809,921.0561227798462,completed
1911.695601,30,105.926965,1.0,True,30,0,0,878.3096036911011,1259.3171091079712,12.017830276489258,878.3096036911011,completed
1938.836397,30,105.960399,1.0,True,30,0,0,928.0385098457336,1091.142650604248,13.734726365407308,928.0385098457336,completed
3153.066843,30,105.993649,1.0,True,30,0,0,749.4568176269531,863.4151725769043,1.958372942606608,749.4568176269531,completed
2712.951124,30,106.027107,1.0,True,30,0,0,783.1330051422119,1016.5411529541016,5.316230074564616,783.1330051422119,completed
2926.194208,30,106.060535,1.0,True,30,0,0,693.6627397537231,888.6951532363892,5.000724665323893,693.6627397537231,completed
2978.688811,30,106.094141,1.0,True,30,0,0,696.1311831474304,890.1803503036499,4.073901557922364,696.1311831474304,completed
2568.13744,30,106.127677,1.0,True,30,0,0,744.1322319507599,1061.899137020111,6.454902839660645,744.1322319507599,completed
2473.645109,30,106.161222,1.0,True,30,0,0,833.1376547813416,1231.0374002456665,5.288852628072103,833.1376547813416,completed
2282.379147,30,106.195789,1.0,True,30,0,0,933.5770070552826,1126.8781781196594,8.54847755432129,933.5770070552826,completed
2574.588635,30,106.229028,1.0,True,30,0,0,771.7988858222961,1072.5192942619324,5.459346834818522,771.7988858222961,completed
1914.752286,30,106.262698,1.0,True,30,0,0,899.2204926013947,1223.330487728119,12.000864696502685,899.2204926013947,completed
2619.559033,30,106.296148,1.0,True,30,0,0,740.0569620132446,1012.9571132659912,6.952566083272298,740.0569620132446,completed
1323.429486,30,106.329474,1.0,True,30,0,0,1119.2918577194214,1495.2608623504639,13.420140838623047,1119.2918577194214,completed
1944.32091,30,106.36305,1.0,True,30,0,0,818.8055473566055,1101.0698339939117,12.886982409159343,818.8055473566055,completed
2683.127077,30,106.396796,1.0,True,30,0,0,816.4638347625732,1137.5379083156586,3.261715380350749,816.4638347625732,completed
2164.514011,30,106.430359,1.0,True,30,0,0,889.924548625946,1274.052077293396,7.834566243489584,889.924548625946,completed
2694.821325,30,106.463827,1.0,True,30,0,0,770.9252042770386,1077.9202909469604,5.031853866577149,770.9252042770386,completed
2627.790446,30,106.497018,1.0,True,30,0,0,736.0336620807648,1030.5741200447083,6.532630411783854,736.0336620807648,completed
3086.435407,30,106.530171,1.0,True,30,0,0,728.5320472717285,931.7969779968262,2.441144816080729,728.5320472717285,completed
1919.071312,30,106.564258,1.0,True,30,0,0,1011.7008309364319,1438.3967971801758,7.69452854792277,1011.7008309364319,completed
2383.250471,30,106.597669,1.0,True,30,0,0,832.9185395240784,1137.7434816360474,8.09134292602539,832.9185395240784,completed
2448.214144,30,106.631329,1.0,True,30,0,0,674.6189384460449,936.1143145561218,10.621479113896688,674.6189384460449,completed
1763.754521,30,106.664857,1.0,True,30,0,0,954.0855824947357,1324.8735156059265,12.107221031188965,954.0855824947357,completed
2664.560303,30,106.697972,1.0,True,30,0,0,792.0884487628937,926.268545627594,6.854853789011638,792.0884487628937,completed
2542.20157,30,106.731442,1.0,True,30,0,0,758.8976187705994,982.8066263198853,9.43954283396403,758.8976187705994,completed
3032.666031,30,106.764798,1.0,True,30,0,0,717.7685017585754,888.5368013381958,3.4047064463297527,717.7685017585754,completed
2862.147474,30,106.79831,1.0,True,30,0,0,736.0536065101624,843.2918844223022,6.476654815673828,736.0536065101624,completed
1302.179952,30,106.831992,1.0,True,30,0,0,943.1346969604492,1415.0874695777893,17.839050229390462,943.1346969604492,completed
1908.015043,30,106.865985,1.0,True,30,0,0,914.1207160949707,1229.5173416137695,12.267390855153401,914.1207160949707,completed
2372.362255,30,106.899875,1.0,True,30,0,0,864.6732773780823,1017.0242695808411,9.751784706115723,864.6732773780823,completed
2082.449426,30,106.933075,1.0,True,30,0,0,853.3178691864014,1095.3897438049316,12.010518900553386,853.3178691864014,completed
2661.056601,30,106.966428,1.0,True,30,0,0,731.3172833919525,1044.1749455928802,6.192676480611166,731.3172833919525,completed
2314.637541,30,107.000419,1.0,True,30,0,0,840.0884618759155,1211.910376548767,6.970132795969645,840.0884618759155,completed
1872.598291,30,107.034618,1.0,True,30,0,0,830.7535209655762,1199.4288358688354,13.826297950744628,830.7535209655762,completed
2019.612219,30,107.068957,1.0,True,30,0,0,802.6894297599792,1105.4185819625854,12.963561375935873,802.6894297599792,completed
1797.527218,30,107.104722,1.0,True,30,0,0,863.4198222160339,1282.6297826766968,14.058802127838135,863.4198222160339,completed
1130.832496,30,107.142401,1.0,True,30,0,0,941.4931148290634,1404.400958776474,20.073843002319336,941.4931148290634,completed
1533.498606,30,107.17814,1.0,True,30,0,0,845.017404794693,1211.3094811439514,18.28417536417643,845.017404794693,completed
3411.266153,30,107.213993,1.0,True,30,0,0,640.2838735580444,752.319169998169,1.200207265218099,640.2838735580444,completed
2841.564122,30,107.249503,1.0,True,30,0,0,749.5654296875,999.1265485286713,4.244290288289388,749.5654296875,completed
3075.811957,30,107.284664,1.0,True,30,0,0,716.5750012397766,869.564736366272,2.6286972045898436,716.5750012397766,completed
2302.627564,30,107.318771,1.0,True,30,0,0,814.8924661874771,1026.7655079364777,10.816581630706787,814.8924661874771,completed
2889.429557,30,107.352216,1.0,True,30,0,0,655.6047468185425,837.1655712127686,5.688757769266764,655.6047468185425,completed
2231.067561,30,107.38571,1.0,True,30,0,0,822.2267827987671,1110.1740283966064,9.990082295735677,822.2267827987671,completed
2015.476991,30,107.420218,1.0,True,30,0,0,874.7039623260498,1096.7480278015137,13.304630025227864,874.7039623260498,completed
1797.123442,30,107.454416,1.0,True,30,0,0,921.4788789749146,1198.3221340179443,14.197248045603434,921.4788789749146,completed
2504.043534,30,107.48922,1.0,True,30,0,0,817.2012343406677,1049.9388213157654,7.845050366719564,817.2012343406677,completed
3158.954546,30,107.5242,1.0,True,30,0,0,698.0975332260132,828.0988540649414,3.021303240458171,698.0975332260132,completed
3040.3249,30,107.558707,1.0,True,30,0,0,716.0630512237549,853.673303604126,4.349943923950195,716.0630512237549,completed
2365.618732,30,107.600075,1.0,True,30,0,0,812.2915759086609,1121.0137672424316,9.314852968851726,812.2915759086609,completed
1834.299687,30,107.644081,1.0,True,30,0,0,775.8665862083435,1150.8387622833252,14.237628714243572,775.8665862083435,completed
2568.720028,30,107.684296,1.0,True,30,0,0,828.7266578674316,960.0689849853516,7.882801564534505,828.7266578674316,completed
2360.230677,30,107.740178,1.0,True,30,0,0,822.0526838302612,1156.80859041214,6.984137725830078,822.0526838302612,completed
2371.150151,30,107.787118,1.0,True,30,0,0,771.364453792572,1043.0100708007812,10.228668308258056,771.364453792572,completed
3159.31059,30,107.822756,1.0,True,30,0,0,733.5440602302551,824.931104183197,2.718979326883952,733.5440602302551,completed
2781.13551,30,107.856579,1.0,True,30,0,0,711.0857920646667,931.526789188385,6.458892440795898,711.0857920646667,completed
3040.449412,30,107.8908,1.0,True,30,0,0,690.2401682138443,797.3714001178741,4.804965782165527,690.2401682138443,completed
3199.581506,30,107.924546,1.0,True,30,0,0,650.8590519428253,807.1787762641907,3.616773478190104,650.8590519428253,completed
1944.096992,30,108.989125,1.0,True,30,0,0,895.9968490600586,1132.0566329956055,14.050710042317709,895.9968490600586,completed
2744.702909,30,109.02285,1.0,True,30,0,0,815.1427750587463,1013.7412366867065,5.351601092020671,815.1427750587463,completed
2714.846253,30,109.056131,1.0,True,30,0,0,803.1629917621613,1127.8879833221436,3.8763195037841798,803.1629917621613,completed
2932.866458,30,109.091476,1.0,True,30,0,0,650.7203631401062,810.9552001953125,6.327510070800781,650.7203631401062,completed
2586.666082,30,109.125186,1.0,True,30,0,0,754.7364914417267,1008.3460116386414,7.855190165837606,754.7364914417267,completed
1921.399571,30,109.158569,1.0,True,30,0,0,915.9281978607178,1350.6915073394775,10.221380869547525,915.9281978607178,completed
2045.177749,30,109.191788,1.0,True,30,0,0,802.0422248840332,1058.980221748352,12.978644529978434,802.0422248840332,completed
2963.124236,30,109.225061,1.0,True,30,0,0,750.9128966331482,938.9257569313049,3.3084948857625327,750.9128966331482,completed
2256.469083,30,109.258331,1.0,True,30,0,0,792.4075779914856,1098.3955430984497,10.914187876383464,792.4075779914856,completed
2448.963017,30,109.291377,1.0,True,30,0,0,804.1084561347961,1052.0495491027832,8.438623428344727,804.1084561347961,completed
2342.959463,30,109.324941,1.0,True,30,0,0,691.8638753890991,1065.4378452301025,9.832343037923177,691.8638753890991,completed
1922.281699,30,109.358196,1.0,True,30,0,0,864.4311980009079,1267.798585653305,12.658018970489502,864.4311980009079,completed
3284.504602,30,109.391267,1.0,True,30,0,0,696.4743757247925,824.8525390625,1.421216328938802,696.4743757247925,completed
2216.765933,30,109.425641,1.0,True,30,0,0,750.1422927379608,1092.2343821525574,11.278181187311809,750.1422927379608,completed
3016.804529,30,109.458926,1.0,True,30,0,0,671.2926914691925,808.007143497467,5.193533309300741,671.2926914691925,completed
2352.390492,30,109.492757,1.0,True,30,0,0,896.2284073829651,1065.349615097046,8.46646478176117,896.2284073829651,completed
2228.531243,30,109.525929,1.0,True,30,0,0,842.4617590904236,1226.8192920684814,8.94150800704956,842.4617590904236,completed
1956.043705,30,109.560889,1.0,True,30,0,0,820.4031910896301,1173.6495714187622,13.428330866495768,820.4031910896301,completed
2527.539158,30,109.594274,1.0,True,30,0,0,759.7119994163513,1061.319772720337,7.819698206583658,759.7119994163513,completed
2727.091815,30,109.62838,1.0,True,30,0,0,702.1277377605438,878.5144810676575,7.587760225931803,702.1277377605438,completed
1933.376829,30,109.662405,1.0,True,30,0,0,855.648027420044,1178.4251699447632,12.532777786254883,855.648027420044,completed
2264.291879,30,109.695897,1.0,True,30,0,0,848.200846195221,1077.10152053833,10.616265678405762,848.200846195221,completed
3230.86167,30,109.729342,1.0,True,30,0,0,633.9272408187389,757.658298432827,3.7559642791748047,633.9272408187389,completed
2438.129642,30,109.762858,1.0,True,30,0,0,806.324666261673,1061.8388962745667,8.417546208699545,806.324666261673,completed
2377.350207,30,109.796276,1.0,True,30,0,0,758.1061191558838,1047.110387802124,10.182744916280111,758.1061191558838,completed
3126.244929,30,109.829719,1.0,True,30,0,0,721.5011324882507,808.3414340019226,2.861313565572103,721.5011324882507,completed
1324.015855,30,109.86348,1.0,True,30,0,0,964.8571066856384,1380.9769468307495,18.299920654296876,964.8571066856384,completed
2723.267144,30,109.896765,1.0,True,30,0,0,668.427029132843,854.732019662857,8.841190274556478,668.427029132843,completed
2915.073402,30,109.931274,1.0,True,30,0,0,689.7946267127991,854.3221368789673,5.4382578531901045,689.7946267127991,completed
2496.827421,30,109.964391,1.0,True,30,0,0,742.2148063182831,1011.4569907188416,8.58735008239746,742.2148063182831,completed
2422.075624,30,109.997542,1.0,True,30,0,0,794.4502995014191,1123.6005663871765,7.671559556325277,794.4502995014191,completed
2992.840942,30,110.031008,1.0,True,30,0,0,708.5122971534729,921.3019027709961,3.5603264490763347,708.5122971534729,completed
2915.228824,30,110.064401,1.0,True,30,0,0,746.4981122016907,867.4720778465271,5.044217046101888,746.4981122016907,completed
2516.574189,30,110.09799,1.0,True,30,0,0,765.5266268253326,997.7790818214417,8.275880750020345,765.5266268253326,completed
3177.626181,30,110.130969,1.0,True,30,0,0,628.9297952651978,810.1259231567383,3.7312904357910157,628.9297952651978,completed
2394.067835,30,110.164414,1.0,True,30,0,0,907.4859647750854,1063.9402112960815,8.101772562662761,907.4859647750854,completed
3081.56552,30,110.197616,1.0,True,30,0,0,684.1381378173828,934.1862211227417,2.505779234568278,684.1381378173828,completed
2678.067326,30,110.23058,1.0,True,30,0,0,742.6654366254807,981.8252999782562,6.1054263750712074,742.6654366254807,completed
2474.727006,30,110.263837,1.0,True,30,0,0,866.18652510643,1133.215392589569,6.31706911722819,866.18652510643,completed
1935.020319,30,110.297068,1.0,True,30,0,0,896.3899371623993,1233.8059000968933,11.499320475260417,896.3899371623993,completed
2356.959703,30,110.330283,1.0,True,30,0,0,930.4952716529369,1280.4042720198631,5.771640586853027,930.4952716529369,completed
1694.188265,30,110.363447,1.0,True,30,0,0,922.4822396039963,1434.4266822338104,12.407550684611003,922.4822396039963,completed
2937.652582,30,110.396895,1.0,True,30,0,0,762.780035495758,871.9628829956055,4.008670425415039,762.780035495758,completed
2849.278086,30,110.430235,1.0,True,30,0,0,776.2768592834473,1016.3098382949829,3.5335829416910807,776.2768592834473,completed
2426.442325,30,110.463556,1.0,True,30,0,0,748.9146676063538,1093.6029443740845,6.937427266438802,748.9146676063538,completed
3178.280177,30,110.497059,1.0,True,30,0,0,555.5726155042648,712.5441105365753,5.409628868103027,555.5726155042648,completed
2045.535495,30,110.530255,1.0,True,30,0,0,883.4813446998596,1073.6246280670166,13.139810117085775,883.4813446998596,completed
2223.02468,30,110.563802,1.0,True,30,0,0,812.5133879184723,1151.1542391777039,9.88662707010905,812.5133879184723,completed
1763.552483,30,110.597426,1.0,True,30,0,0,861.8223428726196,1175.544132232666,15.770926094055175,861.8223428726196,completed
2514.733279,30,110.630549,1.0,True,30,0,0,765.9671297073364,1062.6879224777222,7.945495478312174,765.9671297073364,completed
1260.286077,30,110.666138,1.0,True,30,0,0,977.2363510131836,1536.7224674224854,16.79962329864502,977.2363510131836,completed
1541.089576,30,110.699136,1.0,True,30,0,0,922.3530707359314,1302.3012199401855,16.13278732299805,922.3530707359314,completed
2152.441786,30,110.73255,1.0,True,30,0,0,828.2763662338257,1152.227572441101,10.469034417470295,828.2763662338257,completed
2219.325266,30,110.765814,1.0,True,30,0,0,835.131272315979,1134.8985557556152,10.436792659759522,835.131272315979,completed
2503.273048,30,110.79995,1.0,True,30,0,0,774.6644308567047,1049.8473134040833,7.451604143778483,774.6644308567047,completed
3279.668311,30,110.833226,1.0,True,30,0,0,633.1769806146622,667.4425938129425,3.3539774576822916,633.1769806146622,completed
2784.466892,30,110.866765,1.0,True,30,0,0,636.4904918670654,855.887845993042,7.286036364237467,636.4904918670654,completed
1423.657537,30,110.900027,1.0,True,30,0,0,906.7398376464844,1317.756983757019,18.37943131128947,906.7398376464844,completed
2734.635167,30,110.933044,1.0,True,30,0,0,803.5395917892456,1026.778076171875,4.563086573282877,803.5395917892456,completed
2613.020398,30,110.966617,1.0,True,30,0,0,679.3373677134514,933.3443268537521,8.711640357971191,679.3373677134514,completed
2728.35495,30,110.999986,1.0,True,30,0,0,734.8592298030853,1015.4256339073181,5.979355239868164,734.8592298030853,completed
1911.695175,30,111.033168,1.0,True,30,0,0,861.6368470191956,1202.3012704849243,12.813188648223877,861.6368470191956,completed
2409.155681,30,111.066281,1.0,True,30,0,0,701.8184733390808,1010.2850866317749,9.640660667419434,701.8184733390808,completed
2928.424289,30,111.099464,1.0,True,30,0,0,725.0812063217163,884.0097513198853,4.735271008809407,725.0812063217163,completed
2887.041176,30,111.132616,1.0,True,30,0,0,721.9463896751404,938.7653951644897,4.869150924682617,721.9463896751404,completed
2652.530954,30,111.165813,1.0,True,30,0,0,753.1503774523735,1089.6295274496078,5.283105659484863,753.1503774523735,completed
2453.233164,30,111.199423,1.0,True,30,0,0,825.8119111061096,1072.9916982650757,7.766480350494385,825.8119111061096,completed
3100.88877,30,111.232739,1.0,True,30,0,0,641.1218528747559,852.9511337280273,4.103197860717773,641.1218528747559,completed
1636.184532,30,112.294404,1.0,True,30,0,0,942.6163167953491,1149.6550989151,16.310417811075848,942.6163167953491,completed
2380.594115,30,112.334521,1.0,True,30,0,0,846.1936683654785,1019.8768215179443,9.330419667561848,846.1936683654785,completed
3272.300167,30,112.367792,1.0,True,30,0,0,717.7694826126099,800.7270574569702,1.8539730072021485,717.7694826126099,completed
2636.592641,30,112.401292,1.0,True,30,0,0,754.7134128808975,955.2507221698761,7.1633919397989905,754.7134128808975,completed
2872.080484,30,112.434465,1.0,True,30,0,0,700.7322402000427,858.453782081604,6.386350186665853,700.7322402000427,completed
2827.678992,30,112.468052,1.0,True,30,0,0,684.1543504595757,886.8153156042099,6.355525843302408,684.1543504595757,completed
2366.391215,30,112.501672,1.0,True,30,0,0,836.5799880027771,1255.3913640975952,6.178838189442953,836.5799880027771,completed
3303.58713,30,112.534589,1.0,True,30,0,0,615.4892930984497,772.5555877685547,2.455135790506999,615.4892930984497,completed
3066.761339,30,112.567655,1.0,True,30,0,0,681.6894378662109,852.2483444213867,3.445863660176595,681.6894378662109,completed
2182.292102,30,112.600874,1.0,True,30,0,0,918.8004922866821,1214.9108657836914,8.750427500406902,918.8004922866821,completed
2879.230686,30,112.633813,1.0,True,30,0,0,761.9657502174377,1004.5572738647461,2.9762810389200847,761.9657502174377,completed
1677.679897,30,112.667078,1.0,True,30,0,0,875.2623829841614,1324.642086982727,15.167606290181478,875.2623829841614,completed
2283.357217,30,112.700471,1.0,True,30,0,0,796.3681193143129,1074.6907168924809,10.861035378774007,796.3681193143129,completed
1043.629079,30,112.734596,1.0,True,30,0,0,991.9997787475586,1442.4629392623901,21.157697010040284,991.9997787475586,completed
2001.901859,30,112.771137,1.0,True,30,0,0,767.4598616361618,1054.8525140285492,15.78807430267334,767.4598616361618,completed
2049.071772,30,112.80538,1.0,True,30,0,0,874.508551120758,1345.2811365127563,9.023564116160076,874.508551120758,completed
2701.784007,30,112.838987,1.0,True,30,0,0,702.6297078132629,935.2460517883301,7.381125195821126,702.6297078132629,completed
2649.942528,30,112.872719,1.0,True,30,0,0,781.9640505313873,1098.982488155365,5.283305072784424,781.9640505313873,completed
2376.490826,30,112.906063,1.0,True,30,0,0,739.0790529251099,998.1865673065186,11.284275309244792,739.0790529251099,completed
1883.213978,30,112.939291,1.0,True,30,0,0,893.3584270477295,1199.619252204895,12.603163146972657,893.3584270477295,completed
2578.250176,30,112.972758,1.0,True,30,0,0,715.1385189294815,947.4852983951569,9.507214736938476,715.1385189294815,completed
2988.24482,30,113.00557,1.0,True,30,0,0,691.6793848276138,835.5004379749298,4.961617787679036,691.6793848276138,completed
3314.342918,30,113.038839,1.0,True,30,0,0,606.2678492069244,681.5595231056213,3.203014945983887,606.2678492069244,completed
2821.597059,30,113.072068,1.0,True,30,0,0,774.3982462882996,961.0567274093628,5.443359883626302,774.3982462882996,completed
1728.780237,30,113.105711,1.0,True,30,0,0,911.766214132309,1132.526400089264,15.389683246612549,911.766214132309,completed
2366.747081,30,113.138862,1.0,True,30,0,0,794.9245841503143,1083.5957198143005,9.322381273905437,794.9245841503143,completed
2383.75597,30,113.171868,1.0,True,30,0,0,805.4722032546997,1018.3365621566772,10.129841486612955,805.4722032546997,completed
2843.673784,30,113.205684,1.0,True,30,0,0,723.5300755500793,1003.0606660842896,4.814023971557617,723.5300755500793,completed
2836.944677,30,113.239462,1.0,True,30,0,0,616.2882733345032,819.1232528686523,7.704113006591797,616.2882733345032,completed
1794.283819,30,113.273025,1.0,True,30,0,0,981.0734513998032,1446.9226081371307,10.34095401763916,981.0734513998032,completed
1692.525158,30,113.306308,1.0,True,30,0,0,921.5089955329895,1196.4589710235596,15.55774294535319,921.5089955329895,completed
2868.454085,30,113.339525,1.0,True,30,0,0,725.324807882309,946.2065768241882,4.592063268025716,725.324807882309,completed
1690.520959,30,113.372954,1.0,True,30,0,0,893.457612991333,1238.9763164520264,15.92550875345866,893.457612991333,completed
2877.552615,30,113.406266,1.0,True,30,0,0,728.7887578010559,1073.289743423462,2.075923538208008,728.7887578010559,completed
2604.731951,30,113.439854,1.0,True,30,0,0,824.8174800872803,1043.1680450439453,4.964878527323405,824.8174800872803,completed
2546.058239,30,113.47311,1.0,True,30,0,0,762.6821994781494,1044.3195185661316,7.793016179402669,762.6821994781494,completed
2739.894334,30,113.505814,1.0,True,30,0,0,620.484760761261,900.1620397567749,8.627276102701822,620.484760761261,completed
2139.196099,30,113.539046,1.0,True,30,0,0,843.8140840530396,1225.5499620437622,10.440174865722657,843.8140840530396,completed
2552.190224,30,113.572231,1.0,True,30,0,0,752.5618782043457,995.8656702041626,9.097006861368815,752.5618782043457,completed
2997.757028,30,113.605328,1.0,True,30,0,0,647.879961013794,805.274395942688,6.2118859926859535,647.879961013794,completed
1362.814652,30,113.638424,1.0,True,30,0,0,1016.964840888977,1409.1961288452148,16.19817835489909,1016.964840888977,completed
1941.566196,30,113.671263,1.0,True,30,0,0,832.1988568305969,1285.9082646369934,11.493589973449707,832.1988568305969,completed
1442.793065,30,113.704696,1.0,True,30,0,0,909.2667610049248,1336.3781436681747,18.527182006835936,909.2667610049248,completed
2459.530352,30,113.737881,1.0,True,30,0,0,846.5887575149536,1105.123993396759,7.281333351135254,846.5887575149536,completed
1724.051953,30,113.771259,1.0,True,30,0,0,887.9112005233765,1228.0872993469238,15.205088297526041,887.9112005233765,completed
3209.871094,30,113.804536,1.0,True,30,0,0,658.672048330307,763.8707480430603,2.911130905151367,658.672048330307,completed
2441.34182,30,113.837613,1.0,True,30,0,0,868.7070182561874,1036.6633355617523,7.785071659088135,868.7070182561874,completed
2911.310581,30,113.870694,1.0,True,30,0,0,716.1309657096863,902.1081938743591,4.77819709777832,716.1309657096863,completed
2486.082188,30,113.904155,1.0,True,30,0,0,729.5793764591217,1023.2210793495178,8.260449981689453,729.5793764591217,completed
2539.594092,30,113.937269,1.0,True,30,0,0,824.4526467323303,1091.154377937317,6.0077417373657225,824.4526467323303,completed
1764.615214,30,113.970628,1.0,True,30,0,0,830.4505000114441,1272.784725189209,13.867521476745605,830.4505000114441,completed
2363.177589,30,114.003859,1.0,True,30,0,0,844.2612612247467,1191.2210450172424,6.498708407084147,844.2612612247467,completed
3162.018231,30,114.036879,1.0,True,30,0,0,716.9904055595398,859.6914777755737,2.202114995320638,716.9904055595398,completed
2234.91481,30,114.070044,1.0,True,30,0,0,824.4734287261963,1189.7344965934753,9.694886445999146,824.4734287261963,completed
3121.469513,30,114.103329,1.0,True,30,0,0,641.3289424180984,800.993816614151,4.710665384928386,641.3289424180984,completed
1830.825667,30,114.136651,1.0,True,30,0,0,921.0429172515869,1423.381196975708,10.347154426574708,921.0429172515869,completed
2078.512301,30,114.169998,1.0,True,30,0,0,872.8960816860199,1255.3825316429138,10.613821093241373,872.8960816860199,completed
1768.50618,30,114.203463,1.0,True,30,0,0,941.1507139205933,1465.468952178955,10.829792404174805,941.1507139205933,completed
2992.634031,30,114.237036,1.0,True,30,0,0,631.5684080123901,815.403148651123,6.274691009521485,631.5684080123901,completed
2981.893902,30,114.270473,1.0,True,30,0,0,795.0612814426422,997.1297707557678,1.9037763595581054,795.0612814426422,completed
2524.493503,30,114.303716,1.0,True,30,0,0,903.5814881324768,1253.5732641220093,3.32378355662028,903.5814881324768,completed
1615.966228,30,114.336835,1.0,True,30,0,0,900.7800643444061,1337.4152636528015,15.290149052937826,900.7800643444061,completed
1896.961116,30,114.370084,1.0,True,30,0,0,859.0338516235352,1153.9795551300049,14.804017702738443,859.0338516235352,completed
2759.384378,30,114.403185,1.0,True,30,0,0,709.2502511739731,856.7867515087128,7.793334070841471,709.2502511739731,completed
2431.140878,30,114.436601,1.0,True,30,0,0,762.6150758266449,1036.26092004776,9.440051078796387,762.6150758266449,completed
3106.238595,30,114.469641,1.0,True,30,0,0,749.5035972595215,980.4710779190063,1.0090176900227865,749.5035972595215,completed
2626.849635,30,114.502869,1.0,True,30,0,0,812.6941978931427,1237.721691608429,2.8173330942789714,812.6941978931427,completed
2254.107238,30,114.536297,1.0,True,30,0,0,818.1583213806152,1174.2384366989136,8.472258154551188,818.1583213806152,completed
2817.994791,30,114.569089,1.0,True,30,0,0,677.7495400905609,880.4586138725281,6.697516822814942,677.7495400905609,completed
879.488703,30,115.607051,1.0,True,30,0,0,1206.5602807998657,1707.7626867294312,16.467269547780354,1206.5602807998657,completed
3652.708155,30,115.64037,1.0,True,30,0,0,555.5135126113892,599.478832244873,0.8259503682454427,555.5135126113892,completed
2299.411684,30,115.674136,1.0,True,30,0,0,790.6464161872864,1143.326786994934,9.392350006103516,790.6464161872864,completed
2626.711578,30,115.707554,1.0,True,30,0,0,791.3638973236084,1010.8957862854004,6.358078638712565,791.3638973236084,completed
1841.557984,30,115.741355,1.0,True,30,0,0,891.2935872077942,1199.6399002075195,13.73436622619629,891.2935872077942,completed
2776.823179,30,115.774753,1.0,True,30,0,0,692.6422979831696,881.8674855232239,7.208953475952148,692.6422979831696,completed
2798.284754,30,115.808309,1.0,True,30,0,0,736.3971034288406,967.6240961551666,5.67484130859375,736.3971034288406,completed
2754.594827,30,115.841531,1.0,True,30,0,0,794.4821791648865,1051.6359148025513,4.281939315795898,794.4821791648865,completed
2327.098008,30,115.875018,1.0,True,30,0,0,784.8404703140259,1100.7672243118286,9.352562713623048,784.8404703140259,completed
3501.194216,30,115.908547,1.0,True,30,0,0,591.6772730946541,702.6055046319962,1.098889414469401,591.6772730946541,completed
1229.853743,30,115.941926,1.0,True,30,0,0,902.4581470489502,1386.1403007507324,19.565283966064452,902.4581470489502,completed
2786.570129,30,115.975145,1.0,True,30,0,0,759.7506799697876,888.6455316543579,6.667822964986166,759.7506799697876,completed
2384.372715,30,116.008615,1.0,True,30,0,0,830.0935616493225,1049.2164106369019,8.057218265533447,830.0935616493225,completed
2545.448037,30,116.042316,1.0,True,30,0,0,729.9145120978355,1043.1577986478806,8.152161280314127,729.9145120978355,completed
2262.584889,30,116.075764,1.0,True,30,0,0,797.2238273620605,1198.6794109344482,8.925557708740234,797.2238273620605,completed
2033.61089,30,116.109416,1.0,True,30,0,0,941.0029764175415,1249.6117277145386,9.953573735555013,941.0029764175415,completed
1881.08097,30,116.14283,1.0,True,30,0,0,820.1940898895264,1168.296392440796,13.944609069824219,820.1940898895264,completed
2670.275834,30,116.175867,1.0,True,30,0,0,697.0231556892395,995.0413217544556,7.282746982574463,697.0231556892395,completed
3255.183031,30,116.209284,1.0,True,30,0,0,699.9830393195152,789.9009274244308,1.682268746693929,699.9830393195152,completed
1405.778746,30,116.242522,1.0,True,30,0,0,862.9513969421387,1279.4928045272827,18.9834721883138,862.9513969421387,completed
3393.753446,30,116.275692,1.0,True,30,0,0,670.5440397262573,741.5352582931519,0.9705224355061849,670.5440397262573,completed
2108.328704,30,116.309149,1.0,True,30,0,0,888.3305835723877,1132.1743593215942,11.388019180297851,888.3305835723877,completed
1895.32594,30,116.342366,1.0,True,30,0,0,911.8423118591309,1339.6597156524658,10.899049758911133,911.8423118591309,completed
1880.678994,30,116.37585,1.0,True,30,0,0,868.5715246200562,1207.1607995033264,13.171686855951945,868.5715246200562,completed
2954.377293,30,116.409155,1.0,True,30,0,0,613.3133633136749,808.8692345619202,6.797975508371989,613.3133633136749,completed
1178.508613,30,116.442542,1.0,True,30,0,0,930.7202897071838,1369.4130926132202,20.028413518269858,930.7202897071838,completed
2558.042157,30,116.476159,1.0,True,30,0,0,775.1110688447952,1024.765493631363,6.57748597462972,775.1110688447952,completed
3404.37735,30,116.509498,1.0,True,30,0,0,713.4083490371704,806.8887639045715,0.0,713.4083490371704,completed
1869.279138,30,116.543375,1.0,True,30,0,0,827.8867285251617,1270.3968415260315,13.442538324991862,827.8867285251617,completed
2260.9925,30,116.576647,1.0,True,30,0,0,879.1452474594116,1195.3904585838318,9.026514116923014,879.1452474594116,completed
2431.999318,30,116.609811,1.0,True,30,0,0,876.1562871932983,1069.4330892562866,8.098841857910156,876.1562871932983,completed
2335.743449,30,116.643333,1.0,True,30,0,0,822.3294017314911,1137.5379118919373,8.576120122273762,822.3294017314911,completed
2674.465244,30,116.676537,1.0,True,30,0,0,769.9119186401367,1063.5954942703247,4.8105426788330075,769.9119186401367,completed
2411.701154,30,116.709932,1.0,True,30,0,0,754.6289218664169,965.0111787319183,10.3168199300766,754.6289218664169,completed
1734.407183,30,116.743372,1.0,True,30,0,0,905.9539556503296,1306.0211772918701,13.83995246887207,905.9539556503296,completed
2408.870192,30,116.776394,1.0,True,30,0,0,827.3537802696228,1047.7835664749146,8.535926946004231,827.3537802696228,completed
2819.498221,30,116.809708,1.0,True,30,0,0,717.3588924407959,933.8233795166016,6.131345431009929,717.3588924407959,completed
1586.486718,30,116.843505,1.0,True,30,0,0,857.1009368896484,1331.8684911727905,15.486623001098632,857.1009368896484,completed
3397.918063,30,116.876723,1.0,True,30,0,0,631.4661312103271,720.691593170166,1.6740250905354819,631.4661312103271,completed
2841.03044,30,116.910136,1.0,True,30,0,0,725.9960901737213,949.7673897743225,4.977129618326823,725.9960901737213,completed
2547.038599,30,116.943536,1.0,True,30,0,0,754.5891795158386,1032.9277334213257,7.64978977839152,754.5891795158386,completed
1627.851597,30,116.9766,1.0,True,30,0,0,1051.4856219291687,1305.5113735198975,14.586575317382813,1051.4856219291687,completed
2488.449421,30,117.010206,1.0,True,30,0,0,784.1161012649536,1069.4135675430298,6.82876656850179,784.1161012649536,completed
2566.824906,30,117.043547,1.0,True,30,0,0,738.5109639167786,1025.4153547286987,7.201860427856445,738.5109639167786,completed
2014.255089,30,117.07661,1.0,True,30,0,0,904.2310953140259,1101.6888885498047,11.689141273498535,904.2310953140259,completed
2803.122926,30,117.109926,1.0,True,30,0,0,770.7295370101929,1091.5093002319336,3.812985356648763,770.7295370101929,completed
985.679902,30,117.143516,1.0,True,30,0,0,1091.853090763092,1768.883381843567,14.307275390625,1091.853090763092,completed
2421.378151,30,117.17678,1.0,True,30,0,0,826.3247655630112,1202.310424566269,6.338092041015625,826.3247655630112,completed
2074.764624,30,117.21114,1.0,True,30,0,0,807.6145696640015,1104.0986080169678,13.685969416300455,807.6145696640015,completed
3401.453785,30,117.244304,1.0,True,30,0,0,657.4565756320953,808.6597027778625,0.15910994211832682,657.4565756320953,completed
2235.375558,30,117.277719,1.0,True,30,0,0,841.3064196407795,1095.7473378777504,10.825308640797934,841.3064196407795,completed
560.044956,30,117.311362,1.0,True,30,0,0,1015.4239883422852,1593.9384441375732,25.78947270711263,1015.4239883422852,completed
2792.435255,30,117.344545,1.0,True,30,0,0,724.4792923927307,880.7955751419067,7.066700617472331,724.4792923927307,completed
2169.296687,30,117.377894,1.0,True,30,0,0,823.9631791114807,1196.319785118103,10.672894032796224,823.9631791114807,completed
3131.933514,30,117.411013,1.0,True,30,0,0,675.4832630157471,788.4393668174744,4.424887084960938,675.4832630157471,completed
2631.061627,30,117.444234,1.0,True,30,0,0,739.0632392168045,1034.0862505435944,7.216759236653646,739.0632392168045,completed
2604.549068,30,117.477629,1.0,True,30,0,0,771.9099791049957,888.1364006996155,7.9225817362467446,771.9099791049957,completed
2111.889391,30,117.51086,1.0,True,30,0,0,863.8916969299316,1260.9764337539673,8.795025221506755,863.8916969299316,completed
2910.575945,30,117.544116,1.0,True,30,0,0,712.8576090335846,979.5009942054749,3.820973269144694,712.8576090335846,completed
3321.027406,30,117.577477,1.0,True,30,0,0,604.0173332691193,766.5008034706116,2.3901885032653807,604.0173332691193,completed
2838.681148,30,117.611213,1.0,True,30,0,0,678.3992605209351,858.3838920593262,6.334283574422201,678.3992605209351,completed
1538.308121,30,117.645884,1.0,True,30,0,0,839.7303680181503,1268.9229390621185,17.20064042409261,839.7303680181503,completed
2709.298068,30,117.679515,1.0,True,30,0,0,627.7144674658775,858.701154589653,8.575033028920492,627.7144674658775,completed
2778.733882,30,117.712781,1.0,True,30,0,0,698.8805835843086,917.0121256113052,6.470407168070476,698.8805835843086,completed
2688.336818,30,117.747638,1.0,True,30,0,0,713.0520195960999,930.125247001648,7.178236643473308,713.0520195960999,completed
2393.406387,30,117.782732,1.0,True,30,0,0,780.7322807312012,1141.0817379951477,7.966072209676107,780.7322807312012,completed
2182.997385,30,117.815707,1.0,True,30,0,0,921.6451642513275,1313.8166899681091,6.4802859624226885,921.6451642513275,completed
2848.657808,30,117.848951,1.0,True,30,0,0,747.5013308525085,893.6956415176392,6.079603131612142,747.5013308525085,completed
2594.366898,30,118.885784,1.0,True,30,0,0,851.3922194242477,1017.0062139034271,6.184848912556967,851.3922194242477,completed
2692.359014,30,118.919726,1.0,True,30,0,0,750.8149242401123,1000.7354431152344,6.272384071350098,750.8149242401123,completed
1910.584629,30,118.953404,1.0,True,30,0,0,845.1578869819641,1191.6856231689453,13.607774225870768,845.1578869819641,completed
1158.50399,30,118.986633,1.0,True,30,0,0,958.9581789970398,1381.8864278793335,21.100767199198405,958.9581789970398,completed
2052.538129,30,119.020375,1.0,True,30,0,0,858.0395650863647,1106.8365960121155,12.668631267547607,858.0395650863647,completed
2631.296403,30,119.053514,1.0,True,30,0,0,727.4063959121704,994.677059173584,8.051916567484538,727.4063959121704,completed
1968.028752,30,119.086905,1.0,True,30,0,0,918.6323555111885,1215.9367138147354,10.637690830230714,918.6323555111885,completed
2879.722061,30,119.120575,1.0,True,30,0,0,689.216468334198,881.3824009895325,5.953790283203125,689.216468334198,completed
823.074603,30,119.154079,1.0,True,30,0,0,1048.6917486190796,1498.5509853363037,21.98840440114339,1048.6917486190796,completed
3472.819968,30,119.1872,1.0,True,30,0,0,592.8894703090191,675.5827574133873,1.6384219487508138,592.8894703090191,completed
2561.54395,30,119.220577,1.0,True,30,0,0,759.7284827232361,1022.3421401977539,7.9673767725626625,759.7284827232361,completed
2442.513776,30,119.253869,1.0,True,30,0,0,851.3189606666565,1194.796277999878,5.456982358296712,851.3189606666565,completed
2323.202337,30,119.287203,1.0,True,30,0,0,879.3573750257492,1101.9675176143646,8.033649476369222,879.3573750257492,completed
2632.31621,30,119.321587,1.0,True,30,0,0,804.4179208278656,989.3267531394958,6.529560152689616,804.4179208278656,completed
1280.455351,30,119.355266,1.0,True,30,0,0,926.6081666946411,1293.798445224762,21.423357645670574,926.6081666946411,completed
2405.611046,30,119.389139,1.0,True,30,0,0,754.2509881258011,996.5824801921844,10.67662722269694,754.2509881258011,completed
2617.856709,30,119.42243,1.0,True,30,0,0,705.4094252586365,1000.3038778305054,7.142722829182943,705.4094252586365,completed
3030.563705,30,119.455866,1.0,True,30,0,0,652.1112241744995,878.8636479377747,4.273659133911133,652.1112241744995,completed
1989.765229,30,119.489418,1.0,True,30,0,0,842.5900254249573,1277.9507722854614,9.482248433430989,842.5900254249573,completed
2497.476442,30,119.522963,1.0,True,30,0,0,772.1915001869202,924.0504922866821,9.879218610127767,772.1915001869202,completed
2856.500846,30,119.556183,1.0,True,30,0,0,747.5707793235779,952.0528707504272,4.461642138163248,747.5707793235779,completed
3140.219071,30,119.589508,1.0,True,30,0,0,670.8206195831299,860.1869668960571,2.601381556193034,670.8206195831299,completed
2346.186043,30,119.622767,1.0,True,30,0,0,768.4823756217957,1090.4807529449463,10.219928391774495,768.4823756217957,completed
2534.765671,30,119.65654,1.0,True,30,0,0,767.2186493873596,1055.753716468811,6.892900848388672,767.2186493873596,completed
2765.774947,30,119.689841,1.0,True,30,0,0,758.2005043029785,915.658037185669,6.951348495483399,758.2005043029785,completed
2563.865294,30,119.723213,1.0,True,30,0,0,746.0471639633179,1042.3164205551147,6.865972423553467,746.0471639633179,completed
1351.44566,30,119.756461,1.0,True,30,0,0,1101.3483452796936,1610.611671447754,12.267874908447265,1101.3483452796936,completed
1730.296962,30,119.789924,1.0,True,30,0,0,777.4851408004761,1207.6808280944824,16.996050707499187,777.4851408004761,completed
2368.939342,30,119.82348,1.0,True,30,0,0,840.6086068153381,1093.2024717330933,8.652879587809245,840.6086068153381,completed
2248.410394,30,119.856598,1.0,True,30,0,0,825.8741979598999,1233.043758392334,8.245282554626465,825.8741979598999,completed
1882.646658,30,119.890366,1.0,True,30,0,0,802.7108826637268,1169.9203124046326,13.230241139729818,802.7108826637268,completed
2958.229496,30,119.923774,1.0,True,30,0,0,685.9888505935669,883.4516983032227,5.473005421956381,685.9888505935669,completed
1631.270348,30,119.957132,1.0,True,30,0,0,981.3276891708374,1350.2472143173218,15.244351704915365,981.3276891708374,completed
2632.422124,30,119.990448,1.0,True,30,0,0,691.5988693237305,883.8798208236694,8.755845864613852,691.5988693237305,completed
1886.656616,30,120.023944,1.0,True,30,0,0,853.8895800113678,1269.101746082306,12.083295249938965,853.8895800113678,completed
2405.663243,30,120.057182,1.0,True,30,0,0,820.7516021728516,1149.3531107902527,7.6266228993733725,820.7516021728516,completed
2782.027943,30,120.090779,1.0,True,30,0,0,795.1696443557739,1172.5706768035889,2.01737543741862,795.1696443557739,completed
2446.959306,30,120.124421,1.0,True,30,0,0,771.2021231651306,1032.9249124526978,8.73503360748291,771.2021231651306,completed
1963.366162,30,120.157596,1.0,True,30,0,0,922.900899887085,1345.7974889278412,9.541934331258139,922.900899887085,completed
2243.564763,30,120.191199,1.0,True,30,0,0,874.0691118240356,1162.0723266601562,7.895236841837565,874.0691118240356,completed
2347.326285,30,120.224649,1.0,True,30,0,0,770.6809844970703,1010.9768943786621,11.219842338562012,770.6809844970703,completed
1438.521063,30,120.258189,1.0,True,30,0,0,960.5691118240356,1494.75208568573,14.765169588724772,960.5691118240356,completed
2452.469184,30,120.291354,1.0,True,30,0,0,892.117995262146,1292.213623046875,3.93041721979777,892.117995262146,completed
3059.223228,30,120.324761,1.0,True,30,0,0,619.4666519165039,824.5058078765869,5.119006538391114,619.4666519165039,completed
1173.734414,30,120.358208,1.0,True,30,0,0,997.9676947593689,1473.9926099777222,17.51821829477946,997.9676947593689,completed
2225.195006,30,120.39187,1.0,True,30,0,0,785.0231876373291,1119.8242816925049,9.866406186421711,785.0231876373291,completed
2680.582,30,120.425631,1.0,True,30,0,0,720.743706703186,969.550313949585,6.091107177734375,720.743706703186,completed
2605.866327,30,120.458693,1.0,True,30,0,0,700.839024066925,909.6296987533569,8.633959833780924,700.839024066925,completed
2278.123537,30,120.492011,1.0,True,30,0,0,753.818279504776,1001.563766002655,12.29775587717692,753.818279504776,completed
2145.352928,30,120.525466,1.0,True,30,0,0,890.2266733646393,1142.8000655174255,10.557183265686035,890.2266733646393,completed
1974.79759,30,120.558509,1.0,True,30,0,0,887.6340475082397,1270.9429349899292,10.243079217274984,887.6340475082397,completed
2320.369541,30,120.591942,1.0,True,30,0,0,827.0637807846069,1013.2363872528076,9.397202746073406,827.0637807846069,completed
2027.926357,30,120.625275,1.0,True,30,0,0,937.7113962173462,1261.3181457519531,10.699947420756022,937.7113962173462,completed
1174.672195,30,120.658495,1.0,True,30,0,0,1046.3604555130005,1418.408284187317,18.037706979115804,1046.3604555130005,completed
2852.252035,30,120.691646,1.0,True,30,0,0,710.1040277481079,931.238823890686,5.288714035352071,710.1040277481079,completed
2349.834521,30,120.724919,1.0,True,30,0,0,861.4496150016785,1112.2738387584686,8.829908116658528,861.4496150016785,completed
2965.065064,30,120.758101,1.0,True,30,0,0,658.3642203807831,906.2134680747986,4.80135981241862,658.3642203807831,completed
3071.093559,30,120.791518,1.0,True,30,0,0,660.466194152832,799.9311141967773,4.961708323160807,660.466194152832,completed
2262.248654,30,120.825086,1.0,True,30,0,0,863.9988323450089,1151.5503132343292,8.29411169687907,863.9988323450089,completed
2745.443789,30,120.858647,1.0,True,30,0,0,732.0765295028687,914.1098251342773,7.163158098856608,732.0765295028687,completed
1893.410788,30,120.891955,1.0,True,30,0,0,942.3628890514374,1252.5162816047668,11.80672615369161,942.3628890514374,completed
1936.318541,30,120.925211,1.0,True,30,0,0,814.6073899269104,1154.3587894439697,13.335372606913248,814.6073899269104,completed
2859.150217,30,120.95876,1.0,True,30,0,0,708.333487033844,903.9392619132996,5.275275039672851,708.333487033844,completed
1657.999489,30,120.992123,1.0,True,30,0,0,832.6071201562881,1199.940856218338,16.12502161661784,832.6071201562881,completed
2187.721869,30,121.025268,1.0,True,30,0,0,807.7752658128738,1181.594119310379,9.547657330830893,807.7752658128738,completed
1763.98563,30,121.058939,1.0,True,30,0,0,935.3539643287659,1222.2004947662354,14.173024113972982,935.3539643287659,completed
3037.783253,30,121.09241,1.0,True,30,0,0,684.7919049263,818.9458084106445,3.258353583017985,684.7919049263,completed
3254.796444,30,121.12525,1.0,True,30,0,0,650.3108129501343,812.6735563278198,2.1846026102701823,650.3108129501343,completed
2541.0937,30,122.162989,1.0,True,30,0,0,761.6890062093735,906.8558814525604,9.57252378463745,761.6890062093735,completed
1990.091699,30,122.196954,1.0,True,30,0,0,901.4338312149048,1314.2660818099976,9.055921872456869,901.4338312149048,completed
3174.045282,30,122.229808,1.0,True,30,0,0,747.7514357566833,875.2194285392761,0.9927080790201823,747.7514357566833,completed
2162.864439,30,122.262829,1.0,True,30,0,0,758.04416847229,1035.3917531967163,13.55630219777425,758.04416847229,completed
2243.02996,30,122.296153,1.0,True,30,0,0,722.6265664100647,1012.3416690826416,12.58030440012614,722.6265664100647,completed
2626.766796,30,122.329498,1.0,True,30,0,0,780.992134809494,1095.001479625702,5.335604921976725,780.992134809494,completed
1434.115977,30,122.362448,1.0,True,30,0,0,879.2052645683289,1307.7233896255493,18.664418919881186,879.2052645683289,completed
2275.784254,30,122.395656,1.0,True,30,0,0,798.4206567406654,1209.1746093034744,8.50118802388509,798.4206567406654,completed
2734.60581,30,122.428633,1.0,True,30,0,0,794.9102725982666,917.1381320953369,6.659934679667155,794.9102725982666,completed
3034.11364,30,122.462384,1.0,True,30,0,0,636.029402256012,800.5069208145142,4.978518422444662,636.029402256012,completed
2991.279061,30,122.495583,1.0,True,30,0,0,658.8903107643127,763.432701587677,5.31017967859904,658.8903107643127,completed
2288.320636,30,122.528834,1.0,True,30,0,0,735.0068900585175,1054.2294087409973,11.350381342569987,735.0068900585175,completed
2469.991707,30,122.561943,1.0,True,30,0,0,814.6694390773773,933.340841293335,9.742195065816244,814.6694390773773,completed
2531.644972,30,122.594846,1.0,True,30,0,0,854.7220168113708,1179.5505361557007,5.050270462036133,854.7220168113708,completed
2712.491463,30,122.628048,1.0,True,30,0,0,707.4353425502777,980.524631023407,6.74117062886556,707.4353425502777,completed
2289.471613,30,122.661484,1.0,True,30,0,0,820.0216434001923,1013.6142411231995,9.975662263234456,820.0216434001923,completed
1855.078932,30,122.695004,1.0,True,30,0,0,929.0683636665344,1200.9328289031982,13.107565625508625,929.0683636665344,completed
2934.499293,30,122.728539,1.0,True,30,0,0,642.0601239204407,814.8524160385132,6.315449587504069,642.0601239204407,completed
2905.911914,30,122.763311,1.0,True,30,0,0,694.518711566925,831.1028823852539,5.969394810994467,694.518711566925,completed
3192.720511,30,122.797616,1.0,True,30,0,0,694.185800075531,970.3913669586182,0.3056250890096029,694.185800075531,completed
1595.383042,30,122.831184,1.0,True,30,0,0,956.8209382295609,1294.1157009601593,15.449952061971029,956.8209382295609,completed
2279.595428,30,122.894228,1.0,True,30,0,0,848.4112663269043,1140.7527103424072,9.60883051554362,848.4112663269043,completed
2458.534089,30,122.927954,1.0,True,30,0,0,714.4411549568176,974.9251794815063,9.339725335439047,714.4411549568176,completed
1319.209249,30,122.961624,1.0,True,30,0,0,901.4461426734924,1281.9568357467651,20.41284243265788,901.4461426734924,completed
2480.692787,30,122.995236,1.0,True,30,0,0,793.5082654953003,982.1145715713501,9.714603741963705,793.5082654953003,completed
2127.279038,30,123.028512,1.0,True,30,0,0,864.0142824649811,1271.745861530304,9.173199081420899,864.0142824649811,completed
2687.449751,30,123.061595,1.0,True,30,0,0,715.7520084381104,954.6327047348022,7.1333844820658365,715.7520084381104,completed
2503.584508,30,123.094894,1.0,True,30,0,0,844.652909040451,1247.331946849823,4.3759767532348635,844.652909040451,completed
2057.705079,30,123.12807,1.0,True,30,0,0,937.6512136459351,1259.0745401382446,8.578703308105469,937.6512136459351,completed
1581.352309,30,123.160948,1.0,True,30,0,0,875.2155094146729,1271.5227699279785,17.330722300211587,875.2155094146729,completed
1303.02624,30,123.194506,1.0,True,30,0,0,1106.7824273109436,1508.2443542480469,14.063925234476725,1106.7824273109436,completed
2547.466187,30,123.227279,1.0,True,30,0,0,715.3789439201355,955.7174215316772,9.450288041432698,715.3789439201355,completed
2730.980044,30,123.260201,1.0,True,30,0,0,714.9042332172394,1009.5360636711121,6.2431290944417315,714.9042332172394,completed
1377.200481,30,123.293264,1.0,True,30,0,0,886.757253408432,1297.7329535484314,18.47064863840739,886.757253408432,completed
2910.653656,30,123.326594,1.0,True,30,0,0,670.578483581543,920.7076559066772,4.487013880411784,670.578483581543,completed
2688.186106,30,123.359763,1.0,True,30,0,0,744.4267053604126,1060.5073766708374,5.726662604014079,744.4267053604126,completed
2294.627889,30,123.39294,1.0,True,30,0,0,866.8524744510651,1189.9705085754395,7.85488444964091,866.8524744510651,completed
2783.244968,30,123.426123,1.0,True,30,0,0,735.7237024307251,893.1861009597778,6.463601652781168,735.7237024307251,completed
2676.506234,30,123.459551,1.0,True,30,0,0,678.2411227226257,926.549111366272,7.789084498087565,678.2411227226257,completed
1832.696698,30,123.492876,1.0,True,30,0,0,969.8687543869019,1270.7460193634033,11.376023801167806,969.8687543869019,completed
3115.442356,30,123.52621,1.0,True,30,0,0,722.6508622169495,1064.5155696868896,0.0,722.6508622169495,completed
2673.300102,30,123.559233,1.0,True,30,0,0,743.7075419425964,1009.2725963592529,7.337925275166829,743.7075419425964,completed
3339.498201,30,123.592418,1.0,True,30,0,0,663.5791313648224,820.9048142433167,0.9059837341308594,663.5791313648224,completed
2860.084465,30,123.625658,1.0,True,30,0,0,733.4537782669067,1045.217221736908,2.835072072347005,733.4537782669067,completed
2077.501964,30,123.658895,1.0,True,30,0,0,859.0055503845215,1247.9977369308472,10.90495325724284,859.0055503845215,completed
2577.401175,30,123.692198,1.0,True,30,0,0,729.621693611145,990.1415367126465,7.761168638865153,729.621693611145,completed
2552.152091,30,123.72538,1.0,True,30,0,0,750.4975507259369,1043.958203792572,7.819922574361166,750.4975507259369,completed
2830.373408,30,123.758618,1.0,True,30,0,0,749.2612962722778,994.6045227050781,4.100080649058024,749.2612962722778,completed
1002.141516,30,123.791713,1.0,True,30,0,0,1009.5727891921997,1496.0537595748901,20.690927918752035,1009.5727891921997,completed
2883.598318,30,123.824896,1.0,True,30,0,0,724.3109993338585,867.9997338056564,5.783589585622152,724.3109993338585,completed
2721.27022,30,123.857747,1.0,True,30,0,0,705.0787358283997,941.5539112091064,6.91622060139974,705.0787358283997,completed
2658.061149,30,123.890767,1.0,True,30,0,0,748.1665391921997,1079.2399406433105,5.847916539510091,748.1665391921997,completed
2636.302674,30,123.923808,1.0,True,30,0,0,773.2005996704102,1003.6292991638184,6.929745610555013,773.2005996704102,completed
3135.084965,30,123.95687,1.0,True,30,0,0,714.6266111135483,879.5283648967743,1.8942977905273437,714.6266111135483,completed
2408.100393,30,123.989789,1.0,True,30,0,0,808.7261509895325,1162.4449949264526,7.049573707580566,808.7261509895325,completed
1046.994946,30,124.023098,1.0,True,30,0,0,997.2082934379578,1473.4446382522583,21.314849599202475,997.2082934379578,completed
2421.092676,30,124.056182,1.0,True,30,0,0,724.9525942802429,1102.922086238861,7.928691212336222,724.9525942802429,completed
2154.531486,30,124.089395,1.0,True,30,0,0,930.2806458473206,1116.6319494247437,10.900083033243815,930.2806458473206,completed
2098.062351,30,124.122261,1.0,True,30,0,0,804.1673331260681,1090.3293509483337,12.75124937693278,804.1673331260681,completed
2785.637465,30,124.155134,1.0,True,30,0,0,701.1556057929993,929.6434206962585,6.101023483276367,701.1556057929993,completed
2430.068188,30,124.187862,1.0,True,30,0,0,717.3926935195923,1031.8643913269043,9.574089431762696,717.3926935195923,completed
2487.084378,30,124.221011,1.0,True,30,0,0,779.4643242359161,1037.85533285141,8.726602681477864,779.4643242359161,completed
2781.946699,30,124.253951,1.0,True,30,0,0,737.1169493198395,918.5986125469208,5.172077624003093,737.1169493198395,completed
2865.031273,30,124.287191,1.0,True,30,0,0,677.484941482544,857.5605373382568,7.169352849324544,677.484941482544,completed
1820.127699,30,124.32034,1.0,True,30,0,0,861.7069983482361,1252.4261083602905,13.83632303873698,861.7069983482361,completed
2245.51557,30,124.353107,1.0,True,30,0,0,752.3691952228546,1117.0716862678528,10.321400960286459,752.3691952228546,completed
2924.047084,30,124.385924,1.0,True,30,0,0,771.4562683105469,1006.6686563491821,2.5123938878377277,771.4562683105469,completed
2182.706431,30,124.418909,1.0,True,30,0,0,803.3959059715271,1190.9799041748047,10.336302185058594,803.3959059715271,completed
3078.157413,30,125.454981,1.0,True,30,0,0,687.1297297477722,906.391773223877,3.042229970296224,687.1297297477722,completed
2359.923928,30,125.488951,1.0,True,30,0,0,738.5386736392975,1038.571970462799,10.825395011901856,738.5386736392975,completed
2156.89421,30,125.522233,1.0,True,30,0,0,879.7843251228333,1302.7132167816162,8.370844268798828,879.7843251228333,completed
2543.045671,30,125.555548,1.0,True,30,0,0,756.4296016693115,920.5153141021729,10.592162036895752,756.4296016693115,completed
2736.62391,30,125.588853,1.0,True,30,0,0,844.1028870344162,1209.7884557247162,1.6024509429931642,844.1028870344162,completed
2263.870617,30,125.622241,1.0,True,30,0,0,765.6804795265198,1097.014904975891,11.083411661783854,765.6804795265198,completed
1847.631024,30,125.65567,1.0,True,30,0,0,886.8638181686401,1231.864854812622,12.253322410583497,886.8638181686401,completed
2583.412641,30,125.68905,1.0,True,30,0,0,770.7639818191528,926.7320861816406,8.412061246236165,770.7639818191528,completed
2036.323001,30,125.722578,1.0,True,30,0,0,809.9609398841858,1169.6997861862183,11.850511169433593,809.9609398841858,completed
3607.924275,30,125.756004,1.0,True,30,0,0,516.1912586688995,600.6837220191956,1.9434812545776368,516.1912586688995,completed
2820.866561,30,125.789199,1.0,True,30,0,0,747.9549169540405,939.1647567749023,4.454654280344645,747.9549169540405,completed
2111.421405,30,125.822606,1.0,True,30,0,0,898.6905813217163,1161.7990703582764,10.689754486083984,898.6905813217163,completed
1878.379245,30,125.856331,1.0,True,30,0,0,983.4150857925415,1448.9959354400635,8.87793623606364,983.4150857925415,completed
2880.226927,30,125.889342,1.0,True,30,0,0,747.9365158081055,915.2157506942749,5.154563967386881,747.9365158081055,completed
2302.690772,30,125.922613,1.0,True,30,0,0,815.5714693069458,1076.6163597106934,9.894805844624837,815.5714693069458,completed
3206.032191,30,125.955859,1.0,True,30,0,0,616.0742788314819,773.7255592346191,3.637085437774658,616.0742788314819,completed
2318.394842,30,125.989128,1.0,True,30,0,0,770.3132928609848,981.7666895389557,11.407897059122721,770.3132928609848,completed
3591.44332,30,126.022255,1.0,True,30,0,0,531.9543285369873,614.4032325744629,1.3923421223958334,531.9543285369873,completed
2982.261283,30,126.055551,1.0,True,30,0,0,634.5475957393646,843.2617020606995,5.0737047831217446,634.5475957393646,completed
3094.195421,30,126.08878,1.0,True,30,0,0,681.542947769165,893.8180637359619,2.6446489969889324,681.542947769165,completed
3230.556553,30,126.122047,1.0,True,30,0,0,699.9014630317688,851.206690788269,1.802920150756836,699.9014630317688,completed
2187.582391,30,126.155296,1.0,True,30,0,0,798.9995148181915,1147.490863084793,10.679632504781088,798.9995148181915,completed
2285.103749,30,126.188571,1.0,True,30,0,0,869.2637062072754,1203.5990238189697,7.739651679992676,869.2637062072754,completed
1603.223827,30,126.221855,1.0,True,30,0,0,970.7493776082993,1335.0939738750458,14.845386250813801,970.7493776082993,completed
2596.000758,30,126.254923,1.0,True,30,0,0,721.7547054290771,1106.8390655517578,5.807057444254557,721.7547054290771,completed
2967.083218,30,126.288101,1.0,True,30,0,0,654.200553894043,829.75341796875,5.794461504618327,654.200553894043,completed
1333.649466,30,126.321637,1.0,True,30,0,0,1023.4119374752045,1258.7889590263367,18.543925269444784,1023.4119374752045,completed
2260.908496,30,126.355061,1.0,True,30,0,0,857.1634907722473,1320.3396663665771,6.123662948608398,857.1634907722473,completed
2286.704601,30,126.388697,1.0,True,30,0,0,793.7109398841858,1131.9580645561218,8.948582728703817,793.7109398841858,completed
1463.074957,30,126.42229,1.0,True,30,0,0,840.2583951950073,1313.1222686767578,18.47225850423177,840.2583951950073,completed
1893.814121,30,126.456004,1.0,True,30,0,0,867.7175523042679,1140.5118181705475,13.349872461954753,867.7175523042679,completed
2256.850293,30,126.489811,1.0,True,30,0,0,853.7127394676208,1185.4887857437134,7.448073323567709,853.7127394676208,completed
2855.091078,30,126.523234,1.0,True,30,0,0,714.7958354949951,899.6704053878784,5.773232905069987,714.7958354949951,completed
3074.454317,30,126.556332,1.0,True,30,0,0,693.1680641174316,903.0948638916016,3.1040082295735676,693.1680641174316,completed
1895.17962,30,126.589846,1.0,True,30,0,0,839.3598928451538,1221.7445783615112,14.204756800333659,839.3598928451538,completed
1728.729817,30,126.623071,1.0,True,30,0,0,861.9361333847046,1242.6129922866821,15.120570182800293,861.9361333847046,completed
2570.712935,30,126.656277,1.0,True,30,0,0,762.9327545166016,948.9394760131836,7.878233146667481,762.9327545166016,completed
2538.330115,30,126.689658,1.0,True,30,0,0,782.085446357727,1050.9238710403442,7.606705983479817,782.085446357727,completed
1180.564493,30,126.722948,1.0,True,30,0,0,1111.942714214325,1651.276867866516,14.264422067006429,1111.942714214325,completed
3165.353022,30,126.756222,1.0,True,30,0,0,672.2537841796875,844.589038848877,2.454112752278646,672.2537841796875,completed
2781.241729,30,126.789485,1.0,True,30,0,0,747.7919483184814,945.162276506424,5.4234099706014,747.7919483184814,completed
1422.050072,30,126.822733,1.0,True,30,0,0,946.1531534194946,1419.3629684448242,15.732646179199218,946.1531534194946,completed
2432.660768,30,126.856074,1.0,True,30,0,0,769.5487787723541,1067.0057702064514,8.365060297648112,769.5487787723541,completed
2642.185347,30,126.889056,1.0,True,30,0,0,844.3301320075989,1080.7824726104736,4.705930900573731,844.3301320075989,completed
3481.685936,30,126.922157,1.0,True,30,0,0,594.3265860080719,738.4954342842102,0.3228855768839518,594.3265860080719,completed
1931.456782,30,126.955587,1.0,True,30,0,0,950.1599478721619,1297.1389203071594,11.10990727742513,950.1599478721619,completed
2616.832824,30,126.988611,1.0,True,30,0,0,737.9656796455383,906.9041757583618,8.963219579060873,737.9656796455383,completed
2355.752216,30,127.021879,1.0,True,30,0,0,774.5667896270752,989.5601940155029,10.599858283996582,774.5667896270752,completed
748.409877,30,127.055141,1.0,True,30,0,0,1107.9341750144958,1632.5222654342651,21.434252103169758,1107.9341750144958,completed
3064.062254,30,127.088484,1.0,True,30,0,0,661.8671264052391,842.2408674955368,4.289208602905274,661.8671264052391,completed
2789.419138,30,127.121983,1.0,True,30,0,0,770.3531360626221,887.1993236541748,5.707495403289795,770.3531360626221,completed
2016.457093,30,127.155643,1.0,True,30,0,0,807.7983286380768,1079.2496619224548,13.861488024393717,807.7983286380768,completed
2593.806576,30,127.189107,1.0,True,30,0,0,748.2134258747101,1060.4891781806946,6.8454545338948565,748.2134258747101,completed
2659.979711,30,127.222725,1.0,True,30,0,0,764.5960326194763,996.6560888290405,5.915682856241862,764.5960326194763,completed
1718.864399,30,127.256671,1.0,True,30,0,0,896.2117338180542,1231.8496351242065,15.139566040039062,896.2117338180542,completed
2425.357014,30,127.289994,1.0,True,30,0,0,799.3033452033997,1072.712396621704,8.501289049784342,799.3033452033997,completed
2595.355254,30,127.323476,1.0,True,30,0,0,829.1595847606659,1036.1503195762634,6.873060735066732,829.1595847606659,completed
2149.337634,30,127.356647,1.0,True,30,0,0,902.0938688516617,1243.8936169147491,8.10205109914144,902.0938688516617,completed
1068.15354,30,127.390013,1.0,True,30,0,0,996.2174687385559,1452.311249256134,20.526226743062338,996.2174687385559,completed
2496.365989,30,127.423516,1.0,True,30,0,0,818.1805548667908,999.3409061431885,7.22417802810669,818.1805548667908,completed
2760.153549,30,127.456954,1.0,True,30,0,0,775.2175784111023,1141.5431623458862,2.3169737497965497,775.2175784111023,completed
2210.906528,30,127.490691,1.0,True,30,0,0,813.4128558635712,1210.9642663002014,8.98308442433675,813.4128558635712,completed
2242.003317,30,127.524462,1.0,True,30,0,0,817.9489870071411,1166.7961235046387,9.645859241485596,817.9489870071411,completed
1680.263726,30,127.558334,1.0,True,30,0,0,1019.8837270736694,1469.9785823822021,11.430493291219076,1019.8837270736694,completed
799.325979,30,127.592986,1.0,True,30,0,0,1063.3781085014343,1470.2989339828491,22.338638814290366,1063.3781085014343,completed
2985.419488,30,127.626279,1.0,True,30,0,0,643.51491355896,751.5200328826904,6.6133254607518515,643.51491355896,completed
1994.25443,30,127.659467,1.0,True,30,0,0,853.41827917099,1179.078420639038,11.945138994852702,853.41827917099,completed
2679.950271,30,127.692931,1.0,True,30,0,0,778.7223019599915,945.3841390609741,7.214896583557129,778.7223019599915,completed
2870.37177,30,127.726188,1.0,True,30,0,0,740.6135120391846,937.1441326141357,5.406692949930827,740.6135120391846,completed
3122.661627,30,128.775123,1.0,True,30,0,0,658.4298009872437,803.3892736434937,3.6425381978352864,658.4298009872437,completed
2839.505303,30,128.809551,1.0,True,30,0,0,690.5249247550964,931.2719411849976,5.279676787058512,690.5249247550964,completed
1731.880578,30,128.843548,1.0,True,30,0,0,981.734667301178,1298.7863993644714,12.423559697469075,981.734667301178,completed
2782.890544,30,128.877575,1.0,True,30,0,0,778.8406519889832,1060.566478729248,3.8030323028564452,778.8406519889832,completed
2589.047024,30,128.911584,1.0,True,30,0,0,671.2399096488953,861.7832355499268,10.504124514261882,671.2399096488953,completed
2121.575406,30,128.945606,1.0,True,30,0,0,794.8562564849854,1108.896517753601,12.945411173502604,794.8562564849854,completed
988.107648,30,128.980079,1.0,True,30,0,0,1029.2090578079224,1669.5014305114746,15.881922403971354,1029.2090578079224,completed
2770.471781,30,129.014002,1.0,True,30,0,0,681.5284411907196,884.6188821792603,8.208839734395346,681.5284411907196,completed
2297.17789,30,129.047985,1.0,True,30,0,0,810.1546137332916,1128.9569563865662,8.66461149851481,810.1546137332916,completed
891.304944,30,129.081866,1.0,True,30,0,0,1171.8121128082275,1721.9309930801392,18.02472826639811,1171.8121128082275,completed
2309.316105,30,129.116101,1.0,True,30,0,0,811.5530285835266,1174.8294458389282,8.44066146214803,811.5530285835266,completed
2566.813485,30,129.151485,1.0,True,30,0,0,710.7329053878784,1033.3495359420776,7.3343713760375975,710.7329053878784,completed
3138.598244,30,129.185554,1.0,True,30,0,0,679.6570091247559,817.0733489990234,3.330447769165039,679.6570091247559,completed
2879.814772,30,129.21954,1.0,True,30,0,0,764.0352087020874,1088.7049722671509,1.8198105494181316,764.0352087020874,completed
1846.113166,30,129.253486,1.0,True,30,0,0,896.1481161117554,1251.0732583999634,13.500289662679036,896.1481161117554,completed
2598.078753,30,129.28741,1.0,True,30,0,0,740.7747583389282,1020.0472173690796,8.423407554626465,740.7747583389282,completed
2438.302915,30,129.321491,1.0,True,30,0,0,790.2218227386475,1016.9480648040771,9.815351994832357,790.2218227386475,completed
2884.820934,30,129.355601,1.0,True,30,0,0,698.8872628211975,911.3549127578735,5.222605069478353,698.8872628211975,completed
2579.135654,30,129.389962,1.0,True,30,0,0,846.4037449359894,1111.9135117530823,5.581953938802084,846.4037449359894,completed
2654.32908,30,129.424033,1.0,True,30,0,0,676.8717229366302,879.6449036598206,9.032308197021484,676.8717229366302,completed
2442.551185,30,129.45788,1.0,True,30,0,0,819.8479924201965,1052.3358325958252,7.966176732381185,819.8479924201965,completed
3311.090036,30,129.492858,1.0,True,30,0,0,608.0221672058105,680.7980031967163,3.670314343770345,608.0221672058105,completed
2035.645717,30,129.527458,1.0,True,30,0,0,888.6296606063843,1107.1638536453247,12.638270791371664,888.6296606063843,completed
2603.526254,30,129.56132,1.0,True,30,0,0,838.9801263809204,1003.9694805145264,6.395320701599121,838.9801263809204,completed
3085.114536,30,129.595446,1.0,True,30,0,0,694.0381860733032,874.4265203475952,3.0265563329060874,694.0381860733032,completed
3340.17623,30,129.629285,1.0,True,30,0,0,622.7595205307007,756.9930381774902,2.4745952606201174,622.7595205307007,completed
1971.142738,30,129.664705,1.0,True,30,0,0,788.561469078064,1185.1633067131042,13.284012381235758,788.561469078064,completed
2443.38713,30,129.699286,1.0,True,30,0,0,839.5793786048889,1060.4872674942017,8.022154140472413,839.5793786048889,completed
2583.267233,30,129.733283,1.0,True,30,0,0,827.5155210494995,1015.8620977401733,6.629585774739583,827.5155210494995,completed
1638.14647,30,129.767386,1.0,True,30,0,0,830.4649548530579,1216.7965755462646,16.58497206370036,830.4649548530579,completed
1460.755177,30,129.80243,1.0,True,30,0,0,952.7437481880188,1431.203025817871,15.221254094441731,952.7437481880188,completed
1711.758345,30,129.83645,1.0,True,30,0,0,920.190920829773,1295.2043743133545,13.023371505737305,920.190920829773,completed
2809.893228,30,129.872253,1.0,True,30,0,0,682.3293480873108,976.7325730323792,5.021722221374512,682.3293480873108,completed
2885.221851,30,129.906177,1.0,True,30,0,0,736.4990139007568,1002.9907035827637,3.159816106160482,736.4990139007568,completed
2097.510858,30,129.940083,1.0,True,30,0,0,892.8526492118835,1125.6774215698242,12.058873144785563,892.8526492118835,completed
1578.165883,30,129.974123,1.0,True,30,0,0,879.4437351226807,1282.6591272354126,16.304047266642254,879.4437351226807,completed
2730.734,30,130.008121,1.0,True,30,0,0,751.4662349224091,976.9811511039734,6.061783218383789,751.4662349224091,completed
1839.824244,30,130.04223,1.0,True,30,0,0,921.8885073661804,1264.980145931244,12.25940818786621,921.8885073661804,completed
3035.355459,30,130.076196,1.0,True,30,0,0,650.8583996295929,826.1382946968079,4.339622942606608,650.8583996295929,completed
1915.110014,30,130.110241,1.0,True,30,0,0,880.5558943748474,1219.1783275604248,12.257671483357747,880.5558943748474,completed
1590.113105,30,130.144326,1.0,True,30,0,0,889.7685842514038,1170.5690479278564,18.47332986195882,889.7685842514038,completed
2578.350675,30,130.178325,1.0,True,30,0,0,794.1886873245239,1016.2612609863281,7.454145431518555,794.1886873245239,completed
2790.649159,30,130.212421,1.0,True,30,0,0,723.6543216705322,941.3756504058838,5.994083881378174,723.6543216705322,completed
3220.009831,30,130.246342,1.0,True,30,0,0,597.7067428827286,739.7782242298126,4.210167948404948,597.7067428827286,completed
1533.592068,30,130.282892,1.0,True,30,0,0,780.9088207483292,1177.3846771717072,19.96232490539551,780.9088207483292,completed
1820.812547,30,130.31741,1.0,True,30,0,0,837.7749242782593,1215.4141159057617,14.74278284708659,837.7749242782593,completed
3117.686092,30,130.351792,1.0,True,30,0,0,675.5205070972443,827.8920693397522,3.5220054626464843,675.5205070972443,completed
3147.820728,30,130.385838,1.0,True,30,0,0,648.9443559646606,898.8837223052979,1.9840093930562337,648.9443559646606,completed
2818.008311,30,130.420068,1.0,True,30,0,0,753.2912654876709,1050.14710521698,3.2475852330525714,753.2912654876709,completed
1748.349347,30,130.453972,1.0,True,30,0,0,1009.837459564209,1246.7442693710327,13.655491352081299,1009.837459564209,completed
2038.830415,30,130.488221,1.0,True,30,0,0,779.7546435594559,1119.8013784885406,13.025588035583496,779.7546435594559,completed
2437.624999,30,130.522196,1.0,True,30,0,0,922.1900880336761,1215.620412349701,5.281308237711588,922.1900880336761,completed
3136.452695,30,130.556058,1.0,True,30,0,0,733.1012759208679,874.9204187393188,2.1879013061523436,733.1012759208679,completed
1942.427972,30,130.589963,1.0,True,30,0,0,855.3380379676819,1306.9358320236206,11.278996499379476,855.3380379676819,completed
2754.63966,30,130.623818,1.0,True,30,0,0,666.5289670228958,876.9767043590546,8.346143086751303,666.5289670228958,completed
1363.810654,30,130.658014,1.0,True,30,0,0,916.3950877189636,1360.8530759811401,19.323565165201824,916.3950877189636,completed
3093.843847,30,130.692116,1.0,True,30,0,0,735.0414528846741,992.8661298751831,1.1329756418863932,735.0414528846741,completed
3418.088578,30,130.725893,1.0,True,30,0,0,664.984974861145,740.7368922233582,1.0518309275309246,664.984974861145,completed
1706.520133,30,130.759951,1.0,True,30,0,0,1099.9335417747498,1377.6433324813843,10.218534596761067,1099.9335417747498,completed
2311.030518,30,130.793869,1.0,True,30,0,0,892.7386639118195,1091.5657024383545,9.126733509699504,892.7386639118195,completed
1709.982629,30,130.827837,1.0,True,30,0,0,945.25850212574,1224.1813414096832,16.18771324157715,945.25850212574,completed
3262.607212,30,130.861858,1.0,True,30,0,0,645.3451581001282,894.7454633712769,0.5994280497233073,645.3451581001282,completed
3113.214415,30,130.895843,1.0,True,30,0,0,611.8229342699051,835.7197453975677,4.090001742045085,611.8229342699051,completed
2574.508949,30,130.929699,1.0,True,30,0,0,688.5958633422852,911.6017379760742,8.826193682352702,688.5958633422852,completed
3339.392771,30,130.96411,1.0,True,30,0,0,716.9185838699341,813.9092335700989,0.5025986989339193,716.9185838699341,completed
1835.959641,30,130.998262,1.0,True,30,0,0,781.9246697425842,1166.3627710342407,15.531441815694173,781.9246697425842,completed
1687.646867,30,131.032067,1.0,True,30,0,0,928.4259467124939,1363.1892700195312,12.929822794596355,928.4259467124939,completed
1681.791675,30,131.066195,1.0,True,30,0,0,917.2219920158386,1388.2413034439087,13.096828269958497,917.2219920158386,completed
2094.724039,30,132.087385,1.0,True,30,0,0,883.9788913726807,1283.256763458252,8.888436444600423,883.9788913726807,completed
1974.309734,30,132.120984,1.0,True,30,0,0,875.231027841568,1172.016457080841,12.60555911064148,875.231027841568,completed
2399.22722,30,132.154258,1.0,True,30,0,0,829.8343932628632,1060.5111289024353,8.438498369852702,829.8343932628632,completed
2836.135927,30,132.18739,1.0,True,30,0,0,758.1499285697937,952.1630258560181,4.693246459960937,758.1499285697937,completed
1841.670055,30,132.220799,1.0,True,30,0,0,921.5204873085022,1234.251449584961,12.795684305826823,921.5204873085022,completed
1971.377572,30,132.25413,1.0,True,30,0,0,870.0323665142059,1251.1375880241394,12.089194361368815,870.0323665142059,completed
2578.764754,30,132.287155,1.0,True,30,0,0,847.777156829834,1060.4009323120117,6.1021320978800455,847.777156829834,completed
3100.72417,30,132.320643,1.0,True,30,0,0,641.0147171020508,800.4727067947388,3.819117037455241,641.0147171020508,completed
2694.102885,30,132.354071,1.0,True,30,0,0,684.3579225540161,911.7550563812256,8.122529983520508,684.3579225540161,completed
3234.735824,30,132.38776,1.0,True,30,0,0,584.0135036706924,671.583564043045,5.351902548472086,584.0135036706924,completed
1705.260675,30,132.420978,1.0,True,30,0,0,985.289644241333,1288.8661556243896,14.26354611714681,985.289644241333,completed
1911.125318,30,132.454527,1.0,True,30,0,0,870.0052585601807,1208.9375047683716,12.617337862650553,870.0052585601807,completed
2028.333028,30,132.487851,1.0,True,30,0,0,797.9851739406586,1122.9977259635925,13.37630615234375,797.9851739406586,completed
3213.043349,30,132.52105,1.0,True,30,0,0,611.4704351425171,835.4264736175537,2.0184211572011312,611.4704351425171,completed
2160.713246,30,132.554427,1.0,True,30,0,0,872.8930044174194,1300.5770683288574,7.998602930704752,872.8930044174194,completed
2539.858577,30,132.587549,1.0,True,30,0,0,742.5033838748932,1026.7765183448792,8.419753710428873,742.5033838748932,completed
2225.514138,30,132.621072,1.0,True,30,0,0,767.6112989783287,1140.4871233701706,10.489720789591471,767.6112989783287,completed
2415.247381,30,132.654206,1.0,True,30,0,0,765.3850429058075,953.5717253684998,9.9432115872701,765.3850429058075,completed
2645.969869,30,132.687623,1.0,True,30,0,0,743.5365123748779,942.9906787872314,6.926974614461263,743.5365123748779,completed
2701.872691,30,132.720815,1.0,True,30,0,0,740.0805566310883,953.7381165027618,7.082784120241801,740.0805566310883,completed
2848.702738,30,132.755027,1.0,True,30,0,0,750.2774424552917,983.6890816688538,4.401213439305623,750.2774424552917,completed
2469.588493,30,132.790966,1.0,True,30,0,0,814.8752105236053,1033.0162568092346,8.336141633987427,814.8752105236053,completed
2622.596731,30,132.825013,1.0,True,30,0,0,653.0219750404358,866.5522451400757,9.623043568929036,653.0219750404358,completed
2392.465414,30,132.858518,1.0,True,30,0,0,811.3898510932922,1085.1063947677612,8.701394017537435,811.3898510932922,completed
1042.323747,30,132.892029,1.0,True,30,0,0,995.5194129943848,1446.8450441360474,20.647250938415528,995.5194129943848,completed
2568.60521,30,132.924934,1.0,True,30,0,0,786.6409380435944,1058.8645713329315,6.077653312683106,786.6409380435944,completed
2513.520399,30,132.958406,1.0,True,30,0,0,742.9784641265869,1015.943564414978,8.635910034179688,742.9784641265869,completed
1803.150527,30,132.991879,1.0,True,30,0,0,863.4339280128479,1254.445119857788,13.648324743906658,863.4339280128479,completed
2637.892595,30,133.025135,1.0,True,30,0,0,734.5521669387817,1042.7181959152222,6.156434822082519,734.5521669387817,completed
3358.347769,30,133.058515,1.0,True,30,0,0,596.1604447364807,718.78244972229,2.3049211502075195,596.1604447364807,completed
2479.672865,30,133.091981,1.0,True,30,0,0,859.6740379333496,1035.0587491989136,7.68263479868571,859.6740379333496,completed
1850.37032,30,133.125368,1.0,True,30,0,0,882.2500057220459,1294.1649856567383,12.778303209940592,882.2500057220459,completed
3535.152063,30,133.158645,1.0,True,30,0,0,563.7397794723511,636.9940328598022,1.18184388478597,563.7397794723511,completed
2132.276769,30,133.192345,1.0,True,30,0,0,834.4149718284607,1228.9330415725708,9.337465031941731,834.4149718284607,completed
2744.25538,30,133.226225,1.0,True,30,0,0,753.4721491336823,935.7747368812561,6.571818669637044,753.4721491336823,completed
2417.228883,30,133.259627,1.0,True,30,0,0,723.9690608978271,1004.0521216392517,9.815539105733235,723.9690608978271,completed
2989.819957,30,133.292971,1.0,True,30,0,0,759.3357191085815,979.1161680221558,2.8758471171061197,759.3357191085815,completed
2523.217166,30,133.326204,1.0,True,30,0,0,800.7108263969421,1053.8653841018677,7.201740264892578,800.7108263969421,completed
1943.324446,30,133.359865,1.0,True,30,0,0,859.9360227584839,1383.2017002105713,8.569867833455403,859.9360227584839,completed
2637.218469,30,133.393344,1.0,True,30,0,0,775.8805422782898,1078.786150932312,5.926473999023438,775.8805422782898,completed
2546.008814,30,133.426809,1.0,True,30,0,0,653.9839782714844,941.9037551879883,9.508444468180338,653.9839782714844,completed
2361.294127,30,133.459769,1.0,True,30,0,0,830.4599215984344,1176.432189464569,6.939241854349772,830.4599215984344,completed
1402.448252,30,133.493215,1.0,True,30,0,0,960.014880657196,1541.6447134017944,13.262227249145507,960.014880657196,completed
2414.360132,30,133.526351,1.0,True,30,0,0,838.9444618225098,1046.6100778579712,8.350035095214844,838.9444618225098,completed
2402.708748,30,133.560039,1.0,True,30,0,0,840.2340122461319,1133.5642349720001,7.7705031077067055,840.2340122461319,completed
2784.85327,30,133.593419,1.0,True,30,0,0,731.2175514698029,872.1112236976624,6.45156421661377,731.2175514698029,completed
2965.644294,30,133.627359,1.0,True,30,0,0,747.9719243049622,938.2109727859497,3.309008026123047,747.9719243049622,completed
3194.561548,30,133.660553,1.0,True,30,0,0,657.751567363739,858.8429584503174,1.8510042826334636,657.751567363739,completed
1698.865839,30,133.693978,1.0,True,30,0,0,906.1676816940308,1362.1132698059082,13.401815923055013,906.1676816940308,completed
945.050958,30,133.727268,1.0,True,30,0,0,1029.1209052801132,1473.3406388759613,22.28002993265788,1029.1209052801132,completed
1875.757671,30,133.760672,1.0,True,30,0,0,856.6029827594757,1241.1141781806946,12.750915718078613,856.6029827594757,completed
3136.340473,30,133.794094,1.0,True,30,0,0,688.9459557533264,933.6820497512817,1.5540283203125,688.9459557533264,completed
2309.717823,30,133.827441,1.0,True,30,0,0,750.2713422775269,1031.2748527526855,11.67861722310384,750.2713422775269,completed
2643.739244,30,133.860549,1.0,True,30,0,0,740.552162528038,1074.9142520427704,5.825396347045898,740.552162528038,completed
1996.644596,30,133.893507,1.0,True,30,0,0,904.6168931722641,1247.7039144039154,10.135182698567709,904.6168931722641,completed
1863.487935,30,133.926756,1.0,True,30,0,0,893.1078681945801,1337.0227618217468,11.66537176767985,893.1078681945801,completed
2731.832078,30,133.960175,1.0,True,30,0,0,695.8731002807617,985.9895076751709,5.6009267171223955,695.8731002807617,completed
2123.333269,30,133.993676,1.0,True,30,0,0,865.2464871406555,1132.3896198272705,11.364837614695231,865.2464871406555,completed
2295.172533,30,134.026897,1.0,True,30,0,0,831.619065284729,1044.117002248764,10.038788755734762,831.619065284729,completed
1561.680709,30,134.05998,1.0,True,30,0,0,861.060658633709,1209.7128261327744,18.933313115437826,861.060658633709,completed
3363.48178,30,134.093572,1.0,True,30,0,0,635.6922245025635,786.4187440872192,1.417371114095052,635.6922245025635,completed
2371.798867,30,134.127,1.0,True,30,0,0,823.6888446807861,1018.5850534439087,9.725737794240315,823.6888446807861,completed
3096.75677,30,134.160147,1.0,True,30,0,0,685.3798747062683,840.6060118675232,2.70581153233846,685.3798747062683,completed
3088.373931,30,134.193136,1.0,True,30,0,0,715.624692440033,826.6485376358032,3.632297706604004,715.624692440033,completed
2308.644651,30,134.226418,1.0,True,30,0,0,853.4955948591232,1195.3393676280975,7.656411457061767,853.4955948591232,completed
1774.696442,30,134.260083,1.0,True,30,0,0,897.172610282898,1230.9568500518799,15.049124272664388,897.172610282898,completed
1825.609508,30,134.293427,1.0,True,30,0,0,1006.444634437561,1391.83274269104,9.74179490407308,1006.444634437561,completed
2718.29985,30,134.326567,1.0,True,30,0,0,710.654058933258,961.1513328552246,6.134020805358887,710.654058933258,completed
2939.559728,30,135.467858,1.0,True,30,0,0,674.221351146698,805.4654712677002,6.498257382710775,674.221351146698,completed
2057.551385,30,135.502853,1.0,True,30,0,0,901.5658631324768,1334.5636358261108,9.22481829325358,901.5658631324768,completed
3383.828248,30,135.537313,1.0,True,30,0,0,620.6359515190125,804.0681638717651,0.9052533467610677,620.6359515190125,completed
2418.21207,30,135.572516,1.0,True,30,0,0,828.653146982193,1127.004071712494,6.914859390258789,828.653146982193,completed
2368.166472,30,135.60739,1.0,True,30,0,0,701.3546266555786,978.3394069671631,12.580790074666341,701.3546266555786,completed
2944.636174,30,135.641467,1.0,True,30,0,0,731.9725646972656,815.8994283676147,5.644848601023356,731.9725646972656,completed
3109.628963,30,135.675598,1.0,True,30,0,0,589.2014617919922,835.1980257034302,3.552205530802409,589.2014617919922,completed
1792.491369,30,135.709868,1.0,True,30,0,0,891.0461430549622,1230.339735031128,13.991787274678549,891.0461430549622,completed
3115.640813,30,135.743837,1.0,True,30,0,0,713.8872076869011,968.1387394666672,1.0179041544596354,713.8872076869011,completed
2985.439783,30,135.777821,1.0,True,30,0,0,676.6999158859253,862.6060342788696,4.661227162679037,676.6999158859253,completed
3037.856987,30,135.812106,1.0,True,30,0,0,716.1875462532043,851.7528276443481,3.5917062441507976,716.1875462532043,completed
2675.658691,30,135.846149,1.0,True,30,0,0,717.667094707489,1007.933687210083,7.16689993540446,717.667094707489,completed
2619.540752,30,135.880414,1.0,True,30,0,0,729.9543972760439,970.2920695841312,7.419422213236491,729.9543972760439,completed
2559.595139,30,135.914717,1.0,True,30,0,0,714.1054277420044,1080.921401977539,6.965467707316081,714.1054277420044,completed
2555.356027,30,135.948945,1.0,True,30,0,0,799.4453520774841,1071.3385467529297,6.358406003316244,799.4453520774841,completed
2145.029186,30,135.98384,1.0,True,30,0,0,917.4842386245728,1170.8331546783447,10.609396680196125,917.4842386245728,completed
2658.733941,30,136.017981,1.0,True,30,0,0,869.0627481937408,1006.6442656517029,6.375328636169433,869.0627481937408,completed
1467.094857,30,136.052289,1.0,True,30,0,0,920.6838326454163,1313.7909288406372,18.0054136912028,920.6838326454163,completed
2706.418751,30,136.0867,1.0,True,30,0,0,721.9510164260864,958.9363222122192,7.093011411031087,721.9510164260864,completed
3083.207067,30,136.120806,1.0,True,30,0,0,658.9075074195862,937.0288600921631,2.6786113739013673,658.9075074195862,completed
2789.421719,30,136.154982,1.0,True,30,0,0,772.9052658081055,985.2366991043091,5.134579213460286,772.9052658081055,completed
3029.769466,30,136.189379,1.0,True,30,0,0,659.1699216365814,840.8153538703918,5.330528195699056,659.1699216365814,completed
2110.703099,30,136.223687,1.0,True,30,0,0,793.1020014286041,1178.1012387275696,10.625405629475912,793.1020014286041,completed
3276.175775,30,136.257767,1.0,True,30,0,0,618.5395188331604,722.5538997650146,3.381520398457845,618.5395188331604,completed
2846.887526,30,136.291991,1.0,True,30,0,0,696.046389579773,920.1556797027588,5.305223210652669,696.046389579773,completed
2887.274866,30,136.327294,1.0,True,30,0,0,681.5591373443604,849.647946357727,6.4862818400065105,681.5591373443604,completed
2310.592033,30,136.36153,1.0,True,30,0,0,748.2084503173828,1093.8786125183105,10.536940383911134,748.2084503173828,completed
2090.636661,30,136.395767,1.0,True,30,0,0,869.5150258541107,1189.3188338279724,10.823393440246582,869.5150258541107,completed
2171.910164,30,136.430002,1.0,True,30,0,0,835.9166580438614,1141.6798717975616,11.094866371154785,835.9166580438614,completed
2352.217596,30,136.464714,1.0,True,30,0,0,763.3169689178467,1120.7273917198181,8.783201535542807,763.3169689178467,completed
2804.137416,30,136.498834,1.0,True,30,0,0,762.678599357605,995.6122446060181,3.9680325826009115,762.678599357605,completed
2587.608884,30,136.532965,1.0,True,30,0,0,763.8389801979065,1072.6706533432007,6.152500152587891,763.8389801979065,completed
2842.493243,30,136.567278,1.0,True,30,0,0,689.3680958747864,948.2471370697021,5.34690081278483,689.3680958747864,completed
1817.935691,30,136.601268,1.0,True,30,0,0,953.1684844493866,1373.6630597114563,11.985564215977986,953.1684844493866,completed
3245.137876,30,136.635889,1.0,True,30,0,0,677.8489308357239,776.312539100647,2.7368162155151365,677.8489308357239,completed
2266.203786,30,136.669881,1.0,True,30,0,0,812.7662048339844,1006.7722301483154,11.394783973693848,812.7662048339844,completed
2188.000675,30,136.704088,1.0,True,30,0,0,979.1225264072418,1472.0553994178772,4.58774782816569,979.1225264072418,completed
2364.885564,30,136.737781,1.0,True,30,0,0,933.5676126480103,1346.6325197219849,4.394634946187337,933.5676126480103,completed
2497.148345,30,136.771835,1.0,True,30,0,0,815.9458305835724,1254.3352265357971,5.058590126037598,815.9458305835724,completed
3015.185331,30,136.805965,1.0,True,30,0,0,740.0632693767548,899.5976090431213,3.6869889577229817,740.0632693767548,completed
2493.377892,30,136.840118,1.0,True,30,0,0,798.8933832645416,1159.2813897132874,6.617942492167155,798.8933832645416,completed
2417.033572,30,136.874572,1.0,True,30,0,0,835.2757620811462,1079.7803001403809,6.900710678100586,835.2757620811462,completed
2853.080036,30,136.908583,1.0,True,30,0,0,787.5726652145386,1005.7725238800049,3.5504431406656902,787.5726652145386,completed
3123.083853,30,136.942684,1.0,True,30,0,0,633.4027042388916,762.8587350845337,3.3788319269816083,633.4027042388916,completed
2161.082238,30,136.976687,1.0,True,30,0,0,784.6521654129028,1105.530972480774,11.617373212178547,784.6521654129028,completed
1917.677505,30,137.010807,1.0,True,30,0,0,879.1842036247253,1240.3228855133057,12.257613309224446,879.1842036247253,completed
3477.63889,30,137.044943,1.0,True,30,0,0,583.1940528154373,684.7240374088287,1.4874706268310547,583.1940528154373,completed
2950.867973,30,137.079335,1.0,True,30,0,0,707.6537220478058,909.0539956092834,4.9096733093261715,707.6537220478058,completed
3104.268468,30,137.113241,1.0,True,30,0,0,586.8655872344971,830.5262765884399,3.3338879267374675,586.8655872344971,completed
2662.594802,30,137.14732,1.0,True,30,0,0,644.1286330223083,871.4404382705688,9.789058939615886,644.1286330223083,completed
2808.732987,30,137.181291,1.0,True,30,0,0,715.3809814453125,928.6799468994141,5.591508038838705,715.3809814453125,completed
2670.092768,30,137.215543,1.0,True,30,0,0,694.8767641782761,1003.4980456829071,6.73555539449056,694.8767641782761,completed
2050.606129,30,137.249814,1.0,True,30,0,0,846.142477273941,1170.2900586128235,11.239822006225586,846.142477273941,completed
3332.831187,30,137.283726,1.0,True,30,0,0,658.8546705245972,783.7421941757202,1.328993288675944,658.8546705245972,completed
2389.347481,30,137.317961,1.0,True,30,0,0,805.7926653623581,1125.7740275859833,8.063758150736492,805.7926653623581,completed
3137.395342,30,137.351824,1.0,True,30,0,0,677.4828073978424,821.4811730384827,2.874761390686035,677.4828073978424,completed
1711.376387,30,137.385967,1.0,True,30,0,0,971.9985637664795,1358.6094093322754,13.01590207417806,971.9985637664795,completed
3085.173867,30,137.420248,1.0,True,30,0,0,611.2680693864822,802.7018692493439,4.751553916931153,611.2680693864822,completed
2194.142686,30,137.455208,1.0,True,30,0,0,860.127357006073,1090.648024559021,9.334467887878418,860.127357006073,completed
2686.289813,30,137.49006,1.0,True,30,0,0,709.5880620479584,965.6514856815338,7.845678583780924,709.5880620479584,completed
1098.374004,30,137.524302,1.0,True,30,0,0,942.1170434951782,1304.7739515304565,22.851740392049155,942.1170434951782,completed
3280.975833,30,137.558448,1.0,True,30,0,0,596.9923276901245,697.2214546203613,3.5647528330485025,596.9923276901245,completed
2162.087161,30,137.592707,1.0,True,30,0,0,844.2272245883942,1302.4488701820374,7.811379114786784,844.2272245883942,completed
3412.518269,30,137.627393,1.0,True,30,0,0,641.1937382221222,759.238531589508,1.0433850606282553,641.1937382221222,completed
2533.760715,30,137.66152,1.0,True,30,0,0,749.972930431366,938.6148614883423,9.229652976989746,749.972930431366,completed
1674.773977,30,137.700642,1.0,True,30,0,0,923.9412631988525,1292.6235666275024,15.316255696614583,923.9412631988525,completed
3088.231062,30,137.746938,1.0,True,30,0,0,704.7950260639191,984.0487742424011,0.8573045094807943,704.7950260639191,completed
1723.065881,30,137.785474,1.0,True,30,0,0,908.6871292591095,1264.027988910675,15.188184229532878,908.6871292591095,completed
2680.018662,30,138.836533,1.0,True,30,0,0,843.9031512737274,1020.224603176117,5.189873059590657,843.9031512737274,completed
1185.508376,30,138.871278,1.0,True,30,0,0,978.2441864013672,1516.2836418151855,16.327218437194823,978.2441864013672,completed
2512.432288,30,138.905613,1.0,True,30,0,0,760.244372844696,1057.528359413147,7.30233154296875,760.244372844696,completed
3170.315568,30,138.939582,1.0,True,30,0,0,675.2019377946854,808.3493511676788,3.4229830423990886,675.2019377946854,completed
2724.564235,30,138.973951,1.0,True,30,0,0,848.485920548439,997.0492775440216,4.40983346303304,848.485920548439,completed
2362.639906,30,139.007939,1.0,True,30,0,0,799.4432830810547,991.544038772583,10.616594696044922,799.4432830810547,completed
935.171617,30,139.042375,1.0,True,30,0,0,948.879242181778,1529.8799118995667,20.96054890950521,948.879242181778,completed
3041.106199,30,139.076426,1.0,True,30,0,0,649.686222076416,933.3082427978516,2.7073833465576174,649.686222076416,completed
2308.933267,30,139.110551,1.0,True,30,0,0,857.4817397594452,1141.8988165855408,8.59148317972819,857.4817397594452,completed
2635.806352,30,139.144733,1.0,True,30,0,0,739.4737343788147,932.0550537109375,7.754147466023763,739.4737343788147,completed
1412.220475,30,139.178873,1.0,True,30,0,0,954.1211042404175,1439.8547925949097,15.024443181355794,954.1211042404175,completed
2343.87377,30,139.214979,1.0,True,30,0,0,893.9343576431274,1371.0362396240234,4.277095858256022,893.9343576431274,completed
3099.800676,30,139.249109,1.0,True,30,0,0,653.8708415031433,815.9902667999268,3.8381254196166994,653.8708415031433,completed
2804.667159,30,139.283207,1.0,True,30,0,0,682.0727791786194,890.1201810836792,6.69928290049235,682.0727791786194,completed
2810.786262,30,139.317257,1.0,True,30,0,0,726.6629090309143,979.7042751312256,4.925688171386719,726.6629090309143,completed
2217.182203,30,139.351477,1.0,True,30,0,0,788.298891544342,1181.3415727615356,8.839378865559896,788.298891544342,completed
2359.032041,30,139.385454,1.0,True,30,0,0,701.7969572544098,956.8430037498474,11.872708002726236,701.7969572544098,completed
2840.956938,30,139.419501,1.0,True,30,0,0,745.0810375213623,969.659369468689,4.839485549926758,745.0810375213623,completed
3084.891639,30,139.453582,1.0,True,30,0,0,609.2070276737213,744.5711464881897,5.0092647234598795,609.2070276737213,completed
2733.703926,30,139.48761,1.0,True,30,0,0,651.542722940445,912.4036192893982,7.362107658386231,651.542722940445,completed
2367.938428,30,139.521629,1.0,True,30,0,0,851.6868233680725,1256.457582950592,5.982435607910157,851.6868233680725,completed
2843.62055,30,139.555563,1.0,True,30,0,0,648.6528091430664,828.0377864837646,7.105769983927408,648.6528091430664,completed
3321.802757,30,139.594205,1.0,True,30,0,0,673.6346530914307,770.661789894104,1.6048080444335937,673.6346530914307,completed
3118.06865,30,139.628227,1.0,True,30,0,0,655.1356922388077,830.9855477809906,3.6627638657887776,655.1356922388077,completed
3120.634484,30,139.662183,1.0,True,30,0,0,621.8241798877716,768.8995108604431,5.091359106699626,621.8241798877716,completed
1755.092564,30,139.696601,1.0,True,30,0,0,911.0231072306633,1207.3333619832993,14.837114556630452,911.0231072306633,completed
2358.722862,30,139.730629,1.0,True,30,0,0,736.3994941711426,1013.5866274833679,10.908202521006267,736.3994941711426,completed
2402.739958,30,139.764954,1.0,True,30,0,0,788.9089765548706,1095.7563490867615,8.976377868652344,788.9089765548706,completed
459.946054,30,139.799889,1.0,True,30,0,0,1132.274439573288,1618.476511478424,24.589418665568033,1132.274439573288,completed
2264.294929,30,139.833918,1.0,True,30,0,0,828.2527188062668,1231.6584556102753,7.1488189697265625,828.2527188062668,completed
2778.636433,30,139.870837,1.0,True,30,0,0,743.3108494281769,1076.8357892036438,3.9309614817301433,743.3108494281769,completed
3057.602909,30,139.90728,1.0,True,30,0,0,660.9443817138672,862.2667026519775,4.03895149230957,660.9443817138672,completed
2499.749281,30,139.945372,1.0,True,30,0,0,712.3820419311523,924.8536949157715,10.008040491739909,712.3820419311523,completed
2478.591748,30,139.982079,1.0,True,30,0,0,742.957909822464,1068.9593620300293,7.829636796315511,742.957909822464,completed
1442.588336,30,140.017386,1.0,True,30,0,0,962.2391204833984,1404.5318326950073,15.084719594319662,962.2391204833984,completed
3152.005476,30,140.052428,1.0,True,30,0,0,630.9979975223541,837.6261487007141,3.633449363708496,630.9979975223541,completed
2404.537517,30,140.086731,1.0,True,30,0,0,755.5457401275635,978.5310039520264,11.012515576680501,755.5457401275635,completed
3066.170113,30,140.121262,1.0,True,30,0,0,737.0237777233124,874.8898978233337,2.487278874715169,737.0237777233124,completed
2178.289814,30,140.157918,1.0,True,30,0,0,991.0927667617798,1296.303050994873,6.602019500732422,991.0927667617798,completed
3090.104426,30,140.194814,1.0,True,30,0,0,670.0358173847198,867.3955283164978,2.89565003712972,670.0358173847198,completed
2381.847105,30,140.231899,1.0,True,30,0,0,780.2808542251587,1109.4159317016602,9.577114295959472,780.2808542251587,completed
2597.249227,30,140.269278,1.0,True,30,0,0,737.5605120658875,954.2160520553589,8.00961348215739,737.5605120658875,completed
1914.517095,30,140.304741,1.0,True,30,0,0,728.8754191398621,1095.3550062179565,15.221119117736816,728.8754191398621,completed
2085.295564,30,140.339163,1.0,True,30,0,0,882.5527024269104,1146.98987865448,11.14139912923177,882.5527024269104,completed
2127.587813,30,140.373616,1.0,True,30,0,0,839.372950553894,1145.5585918426514,10.894566090901693,839.372950553894,completed
3039.345158,30,140.41161,1.0,True,30,0,0,685.7727179527283,933.4924488067627,3.2058252970377605,685.7727179527283,completed
2660.553765,30,140.449495,1.0,True,30,0,0,786.9094576835632,1124.4699573516846,4.173060115178426,786.9094576835632,completed
2487.433154,30,140.486952,1.0,True,30,0,0,719.7141795158386,1025.0008630752563,9.55395647684733,719.7141795158386,completed
3319.323228,30,140.523544,1.0,True,30,0,0,660.8227534294128,795.3916788101196,1.3208712259928386,660.8227534294128,completed
3235.181462,30,140.559742,1.0,True,30,0,0,740.466432094574,945.9442529678345,0.0,740.466432094574,completed
1875.996789,30,140.59756,1.0,True,30,0,0,914.3735582828522,1276.5129971504211,12.770246315002442,914.3735582828522,completed
2822.200321,30,140.634842,1.0,True,30,0,0,652.9816913604736,817.8794980049133,8.022386932373047,652.9816913604736,completed
3146.115444,30,140.672711,1.0,True,30,0,0,736.1643097400665,972.8470711708069,0.6175698598225912,736.1643097400665,completed
2022.185118,30,140.708152,1.0,True,30,0,0,990.2747745513916,1241.7844705581665,10.628118324279786,990.2747745513916,completed
2065.001366,30,140.743531,1.0,True,30,0,0,902.350405216217,1251.9234952926636,9.774542427062988,902.350405216217,completed
2450.891464,30,140.778795,1.0,True,30,0,0,782.7725148200989,1045.5116939544678,8.739702733357747,782.7725148200989,completed
3111.398403,30,140.813086,1.0,True,30,0,0,696.5364170074463,803.2897796630859,3.8676831563313803,696.5364170074463,completed
2443.327867,30,140.847584,1.0,True,30,0,0,792.5733489990234,1055.895013809204,7.744060134887695,792.5733489990234,completed
2745.910137,30,140.882022,1.0,True,30,0,0,722.8878469467163,903.5350246429443,7.857810465494792,722.8878469467163,completed
1597.717688,30,140.916227,1.0,True,30,0,0,979.6152980327606,1364.808379650116,15.137065251668295,979.6152980327606,completed
2487.196976,30,140.950095,1.0,True,30,0,0,858.936897277832,1301.5682067871094,3.511930974324544,858.936897277832,completed
2735.125243,30,140.984288,1.0,True,30,0,0,729.9749088287354,909.6370658874512,6.604817326863607,729.9749088287354,completed
2488.305072,30,141.01834,1.0,True,30,0,0,854.355103969574,1082.580822944641,6.3040493329366045,854.355103969574,completed
2281.037577,30,141.052478,1.0,True,30,0,0,815.1968612670898,1089.454257965088,10.44074370066325,815.1968612670898,completed
2363.534982,30,141.086472,1.0,True,30,0,0,789.207462310791,1111.8441324234009,8.915199915568033,789.207462310791,completed
2637.563516,30,141.120394,1.0,True,30,0,0,688.640139579773,899.8521137237549,8.823584588368734,688.640139579773,completed
2690.729529,30,141.154575,1.0,True,30,0,0,758.7520725727081,1034.675398349762,5.181271489461263,758.7520725727081,completed
2350.252588,30,141.188831,1.0,True,30,0,0,773.8077840805054,1114.3031587600708,9.245487785339355,773.8077840805054,completed
1921.424549,30,141.223589,1.0,True,30,0,0,908.5068545341492,1272.9248723983765,10.887566312154133,908.5068545341492,completed
3212.20965,30,142.276643,1.0,True,30,0,0,648.1722431182861,825.7381677627563,2.25958366394043,648.1722431182861,completed
2534.192674,30,142.311065,1.0,True,30,0,0,727.623565196991,984.6419734954834,9.018783601125081,727.623565196991,completed
2894.39167,30,142.34578,1.0,True,30,0,0,744.9237627983093,873.7879009246826,5.291456349690756,744.9237627983093,completed
2319.237044,30,142.379771,1.0,True,30,0,0,692.5132774114609,986.4254343509674,12.919783528645834,692.5132774114609,completed
2891.7917,30,142.414129,1.0,True,30,0,0,711.0842940807343,914.1821427345276,4.0992894490559895,711.0842940807343,completed
1716.259298,30,142.448371,1.0,True,30,0,0,868.1258745193481,1193.5507760047913,15.74932206471761,868.1258745193481,completed
2988.475385,30,142.482312,1.0,True,30,0,0,769.6054973602295,956.6814308166504,1.9568623860677083,769.6054973602295,completed
2572.417218,30,142.517203,1.0,True,30,0,0,801.6535108089447,1114.108678817749,5.267852147420247,801.6535108089447,completed
2342.129521,30,142.551761,1.0,True,30,0,0,791.0492758750916,1137.888689994812,8.359389241536459,791.0492758750916,completed
3091.053718,30,142.587004,1.0,True,30,0,0,654.3188046813011,827.1442240476608,4.608272552490234,654.3188046813011,completed
2735.407643,30,142.625126,1.0,True,30,0,0,758.6178016662598,948.5773286819458,6.016443570454915,758.6178016662598,completed
2473.287843,30,142.662672,1.0,True,30,0,0,890.0120515525341,1199.4378318190575,5.305388514200846,890.0120515525341,completed
3216.064896,30,142.700196,1.0,True,30,0,0,615.0547852516174,742.0256857872009,4.061232980092367,615.0547852516174,completed
2212.246567,30,142.737469,1.0,True,30,0,0,815.123859167099,1151.4273822307587,10.035149955749512,815.123859167099,completed
2790.341641,30,142.775836,1.0,True,30,0,0,732.7126696109772,989.406900882721,5.861386108398437,732.7126696109772,completed
2753.474045,30,142.815054,1.0,True,30,0,0,702.9983334541321,906.0686974525452,7.884189796447754,702.9983334541321,completed
2966.10222,30,142.851166,1.0,True,30,0,0,697.4331793785095,915.5805220603943,4.221654971440633,697.4331793785095,completed
2756.73205,30,142.886715,1.0,True,30,0,0,836.1628980636597,959.1443271636963,5.10852419535319,836.1628980636597,completed
3080.897027,30,142.922396,1.0,True,30,0,0,657.3897604942322,823.2899961471558,3.9841686884562173,657.3897604942322,completed
2873.843432,30,142.957785,1.0,True,30,0,0,745.2513446807861,1042.8330845832825,3.3648228009541827,745.2513446807861,completed
2492.563115,30,142.992211,1.0,True,30,0,0,831.1030297279358,1099.560890674591,6.9876347859700525,831.1030297279358,completed
2886.532633,30,143.026741,1.0,True,30,0,0,702.2405941486359,973.6426663398743,3.601934623718262,702.2405941486359,completed
3246.927219,30,143.060659,1.0,True,30,0,0,695.5664234161377,828.6056876182556,1.987777837117513,695.5664234161377,completed
2155.945136,30,143.094495,1.0,True,30,0,0,888.9601631164551,1352.6079578399658,6.963500213623047,888.9601631164551,completed
3145.208643,30,143.128239,1.0,True,30,0,0,597.7816646099091,803.972987651825,3.862534523010254,597.7816646099091,completed
2790.942929,30,143.162074,1.0,True,30,0,0,727.8909831047058,938.8674039840698,5.57613894144694,727.8909831047058,completed
2729.469474,30,143.195954,1.0,True,30,0,0,721.4279572963715,1026.994469165802,5.882997258504232,721.4279572963715,completed
3527.950716,30,143.229715,1.0,True,30,0,0,634.4539790153503,688.2506771087646,0.48835252126057943,634.4539790153503,completed
2957.70486,30,143.264023,1.0,True,30,0,0,812.3779153823853,921.205822467804,3.1090331077575684,812.3779153823853,completed
2894.139107,30,143.297563,1.0,True,30,0,0,650.5580902099609,797.3768339157104,7.223525365193685,650.5580902099609,completed
2823.462917,30,143.331265,1.0,True,30,0,0,774.336745262146,903.561939239502,5.6336150487264,774.336745262146,completed
2342.702948,30,143.365145,1.0,True,30,0,0,838.8167681694031,1085.4812927246094,10.082959493001303,838.8167681694031,completed
2824.954979,30,143.399525,1.0,True,30,0,0,737.0360159873962,944.676736831665,4.394650014241536,737.0360159873962,completed
2606.61143,30,143.433878,1.0,True,30,0,0,744.2155940532684,1034.1383624076843,6.738450241088867,744.2155940532684,completed
1931.475087,30,143.467723,1.0,True,30,0,0,897.523549079895,1425.4136753082275,8.450929005940756,897.523549079895,completed
1945.193078,30,143.501847,1.0,True,30,0,0,852.4520537853241,1153.5319066047668,13.65750986735026,852.4520537853241,completed
1879.249737,30,143.537869,1.0,True,30,0,0,911.8291034698486,1337.5701570510864,11.205427138010661,911.8291034698486,completed
2590.403099,30,143.572076,1.0,True,30,0,0,837.2618188858032,1118.453815460205,5.3656768798828125,837.2618188858032,completed
3500.278551,30,143.606265,1.0,True,30,0,0,549.1519943475723,598.8240597248077,2.608729775746663,549.1519943475723,completed
3066.786222,30,143.64099,1.0,True,30,0,0,695.5648789405823,941.783278465271,2.081887404123942,695.5648789405823,completed
1099.380423,30,143.67521,1.0,True,30,0,0,1043.8517117500305,1639.426812171936,16.932317606608073,1043.8517117500305,completed
2873.644237,30,143.709249,1.0,True,30,0,0,728.9452676773071,955.6691398620605,5.12920913696289,728.9452676773071,completed
2535.447014,30,143.74312,1.0,True,30,0,0,773.7716288566589,1018.4941415786743,7.499107551574707,773.7716288566589,completed
3616.546701,30,143.776894,1.0,True,30,0,0,586.0113935470581,683.4967842102051,0.0,586.0113935470581,completed
2688.614194,30,143.810684,1.0,True,30,0,0,801.364107131958,1105.457368850708,4.3260705947875975,801.364107131958,completed
2473.21454,30,143.844694,1.0,True,30,0,0,712.3992691040039,991.6775455474854,9.641676648457844,712.3992691040039,completed
2119.466221,30,143.878648,1.0,True,30,0,0,851.3647975921631,1087.747241973877,12.386548900604248,851.3647975921631,completed
2966.894004,30,143.912957,1.0,True,30,0,0,663.3235185146332,808.4236388206482,6.514098040262858,663.3235185146332,completed
2560.418214,30,143.946852,1.0,True,30,0,0,750.458288192749,1001.7569637298584,8.872902552286783,750.458288192749,completed
1595.576671,30,143.980915,1.0,True,30,0,0,894.7243838310242,1330.27157497406,14.154832776387533,894.7243838310242,completed
2256.054072,30,144.015023,1.0,True,30,0,0,705.5033813714981,1008.0775463581085,12.612643305460612,705.5033813714981,completed
1878.944987,30,144.049143,1.0,True,30,0,0,920.831619977951,1373.9980063438416,10.035970560709636,920.831619977951,completed
3117.583028,30,144.083049,1.0,True,30,0,0,745.9320440292358,952.150239944458,0.5415413538614909,745.9320440292358,completed
2732.922173,30,144.116825,1.0,True,30,0,0,736.1541438102722,958.6584358215332,6.931017684936523,736.1541438102722,completed
1125.634432,30,144.150537,1.0,True,30,0,0,1031.2549858093262,1446.2916994094849,18.911528460184734,1031.2549858093262,completed
2462.748423,30,144.185006,1.0,True,30,0,0,811.760977268219,1039.454423904419,7.946585400899251,811.760977268219,completed
1712.478482,30,144.218978,1.0,True,30,0,0,884.6251528263092,1250.5341448783875,15.019314448038736,884.6251528263092,completed
3108.722659,30,144.252974,1.0,True,30,0,0,644.9166436195374,787.1439294815063,4.724483871459961,644.9166436195374,completed
2758.805105,30,144.286594,1.0,True,30,0,0,757.1319925785065,1022.9117140769958,4.278546905517578,757.1319925785065,completed
2391.188693,30,144.321203,1.0,True,30,0,0,801.8801927566528,1152.6146087646484,7.996785354614258,801.8801927566528,completed
3017.222394,30,144.355387,1.0,True,30,0,0,712.4485869407654,939.2524137496948,3.2021799723307294,712.4485869407654,completed
2443.012023,30,144.389535,1.0,True,30,0,0,841.1011969149113,1135.2986043095589,7.058313242594401,841.1011969149113,completed
1792.592493,30,144.42386,1.0,True,30,0,0,1027.5322761535645,1388.1019678115845,10.982932949066162,1027.5322761535645,completed
3363.597006,30,144.458533,1.0,True,30,0,0,705.8381381034851,848.091010093689,0.0,705.8381381034851,completed
3131.243319,30,144.492267,1.0,True,30,0,0,721.8705596923828,868.3008394241333,2.0917236963907877,721.8705596923828,completed
2841.974383,30,144.527395,1.0,True,30,0,0,732.6473557949066,987.6693243980408,3.78334911664327,732.6473557949066,completed
2689.671357,30,144.562132,1.0,True,30,0,0,746.8362226486206,966.3416738510132,6.15418446858724,746.8362226486206,completed
2428.596393,30,144.59702,1.0,True,30,0,0,794.3677827119827,1046.6810410022736,9.807229868570964,794.3677827119827,completed
3080.468517,30,145.676393,1.0,True,30,0,0,691.260035276413,927.3505284786224,2.1614980061848956,691.260035276413,completed
1508.398037,30,145.712753,1.0,True,30,0,0,1027.4843337535858,1413.9054141044617,14.41359011332194,1027.4843337535858,completed
2832.206837,30,145.747134,1.0,True,30,0,0,742.1157813817263,1041.8976289331913,3.6906050364176433,742.1157813817263,completed
3006.140858,30,145.781248,1.0,True,30,0,0,733.5663135051727,875.7300782203674,3.923604456583659,733.5663135051727,completed
3395.616558,30,145.815566,1.0,True,30,0,0,648.311616897583,691.7360019683838,1.658114496866862,648.311616897583,completed
1754.948417,30,145.850215,1.0,True,30,0,0,934.1728866100311,1392.5248160362244,11.212842559814453,934.1728866100311,completed
2053.952136,30,145.88472,1.0,True,30,0,0,860.8150861263275,1237.1425127983093,10.228367471694947,860.8150861263275,completed
1977.801644,30,145.919372,1.0,True,30,0,0,926.207202911377,1210.2120380401611,10.504013204574585,926.207202911377,completed
2743.061215,30,145.954043,1.0,True,30,0,0,802.9276804924011,1123.7240753173828,2.65142822265625,802.9276804924011,completed
2162.448599,30,145.988487,1.0,True,30,0,0,740.7271847724915,1046.142783164978,12.705967140197753,740.7271847724915,completed
2527.331539,30,146.022754,1.0,True,30,0,0,740.6150765419006,954.609320640564,9.553819370269775,740.6150765419006,completed
3092.517154,30,146.057198,1.0,True,30,0,0,621.1470017433167,870.4676008224487,3.7046713987986246,621.1470017433167,completed
2609.633845,30,146.091353,1.0,True,30,0,0,684.6715784072876,973.3983039855957,7.980417887369792,684.6715784072876,completed
2606.059141,30,146.344525,1.0,True,30,0,0,796.7588119506836,1122.4391465187073,5.020041847229004,796.7588119506836,completed
1855.898776,30,146.383464,1.0,True,30,0,0,913.579211473465,1312.930103778839,11.6121763865153,913.579211473465,completed
1929.267286,30,146.42423,1.0,True,30,0,0,827.3808963298798,1114.902114391327,14.881864166259765,827.3808963298798,completed
2295.0775,30,146.462871,1.0,True,30,0,0,811.2685580253601,1072.0767107009888,9.731283060709636,811.2685580253601,completed
2437.064857,30,146.498374,1.0,True,30,0,0,835.8288440704346,1187.011001586914,6.262095578511556,835.8288440704346,completed
2845.920807,30,146.534689,1.0,True,30,0,0,698.151093006134,898.4949941635132,6.530734062194824,698.151093006134,completed
2244.316299,30,146.570193,1.0,True,30,0,0,759.6351554393768,1147.984456539154,10.535328420003255,759.6351554393768,completed
3252.949617,30,146.630632,1.0,True,30,0,0,595.3615579605103,765.3643155097961,3.2155450185139975,595.3615579605103,completed
2384.876037,30,146.670042,1.0,True,30,0,0,934.1589150428772,1194.8085765838623,5.588986333211263,934.1589150428772,completed
2205.640237,30,146.707904,1.0,True,30,0,0,915.2147842645645,1176.8564159870148,8.26148058573405,915.2147842645645,completed
2705.034102,30,146.812743,1.0,True,30,0,0,608.5545506477356,876.3016195297241,9.765023104349773,608.5545506477356,completed
2319.165394,30,146.852278,1.0,True,30,0,0,837.9648475646973,1233.9230165481567,6.929006322224935,837.9648475646973,completed
1718.553679,30,146.889923,1.0,True,30,0,0,855.5749778747559,1244.5791635513306,15.73440424601237,855.5749778747559,completed
1955.86339,30,146.926236,1.0,True,30,0,0,789.3626759052277,1095.1891770362854,15.180181821187338,789.3626759052277,completed
2640.984914,30,146.962808,1.0,True,30,0,0,861.4281668663025,1269.055371761322,1.9366212844848634,861.4281668663025,completed
753.745304,30,146.998346,1.0,True,30,0,0,1109.6000862121582,1566.95671749115,22.530704243977866,1109.6000862121582,completed
2652.875628,30,147.033155,1.0,True,30,0,0,762.7177820205688,930.5605220794678,7.68128547668457,762.7177820205688,completed
2119.342187,30,147.068052,1.0,True,30,0,0,813.5027561187744,1109.5131607055664,12.3681947072347,813.5027561187744,completed
1290.410316,30,147.102306,1.0,True,30,0,0,935.0775060653687,1400.1416482925415,19.223122787475585,935.0775060653687,completed
2843.594586,30,147.13629,1.0,True,30,0,0,783.0890154838562,1023.7731094360352,3.423359743754069,783.0890154838562,completed
2534.320232,30,147.17031,1.0,True,30,0,0,746.939733505249,979.3053207397461,8.921334584554037,746.939733505249,completed
2216.501443,30,147.204439,1.0,True,30,0,0,908.3889985084534,1172.6098260879517,9.059905815124512,908.3889985084534,completed
2591.230738,30,147.238951,1.0,True,30,0,0,772.2481694221497,999.6126384735107,6.930774307250976,772.2481694221497,completed
2355.514576,30,147.273781,1.0,True,30,0,0,793.4497866630554,1211.0489950180054,8.021027628580729,793.4497866630554,completed
3070.273497,30,147.308254,1.0,True,30,0,0,676.7894563674927,894.057240486145,3.5031644185384114,676.7894563674927,completed
2441.64035,30,147.343311,1.0,True,30,0,0,850.5776979923248,1179.160500049591,5.348941357930501,850.5776979923248,completed
3256.072339,30,147.377721,1.0,True,30,0,0,666.5595555305481,803.6932506561279,2.5821558634440103,666.5595555305481,completed
2884.025036,30,147.412774,1.0,True,30,0,0,681.7599763870239,905.0969543457031,5.52187213897705,681.7599763870239,completed
2531.319813,30,147.447084,1.0,True,30,0,0,802.362072467804,1022.5366106033325,8.457877858479817,802.362072467804,completed
2469.765354,30,147.481189,1.0,True,30,0,0,822.2476673126221,1219.1829662322998,4.846413040161133,822.2476673126221,completed
2613.115357,30,147.515499,1.0,True,30,0,0,732.1297221183777,922.994457244873,8.371881771087647,732.1297221183777,completed
2499.876821,30,147.550923,1.0,True,30,0,0,748.8719683885574,980.6219069957733,8.20193166732788,748.8719683885574,completed
2853.66445,30,147.585324,1.0,True,30,0,0,717.2245931625366,932.2277908325195,5.1758370717366535,717.2245931625366,completed
2861.524981,30,147.619335,1.0,True,30,0,0,693.6108064651489,875.5982646942139,5.902507400512695,693.6108064651489,completed
2542.82244,30,147.65375,1.0,True,30,0,0,760.123077750206,1024.049350976944,7.410823790232341,760.123077750206,completed
2573.998166,30,147.689761,1.0,True,30,0,0,670.9463014602661,900.1791982650757,9.637282244364421,670.9463014602661,completed
1326.016598,30,147.72436,1.0,True,30,0,0,932.057092666626,1516.8989849090576,15.686004384358723,932.057092666626,completed
3185.157236,30,147.758191,1.0,True,30,0,0,636.5838241577148,782.6821222305298,3.615702247619629,636.5838241577148,completed
1771.217633,30,147.793579,1.0,True,30,0,0,893.9061584472656,1451.1419715881348,10.686375045776368,893.9061584472656,completed
2284.856149,30,147.829373,1.0,True,30,0,0,787.2619428634644,1156.766393661499,9.839060878753662,787.2619428634644,completed
1102.271221,30,147.864267,1.0,True,30,0,0,1164.942137479782,1505.5285558700562,16.878034750620525,1164.942137479782,completed
2690.431802,30,147.898659,1.0,True,30,0,0,687.3134613037109,955.1989736557007,8.191020838419597,687.3134613037109,completed
2966.488329,30,147.932628,1.0,True,30,0,0,700.6124267578125,912.9224815368652,4.6488247553507485,700.6124267578125,completed
2089.306004,30,147.966724,1.0,True,30,0,0,841.2449474334717,1288.7466487884521,9.722095235188801,841.2449474334717,completed
2650.306273,30,148.001818,1.0,True,30,0,0,738.6007494926453,1101.350920677185,5.250787734985352,738.6007494926453,completed
2125.626859,30,148.035959,1.0,True,30,0,0,850.9357695579529,1116.0914239883423,10.518518543243408,850.9357695579529,completed
1957.620466,30,148.069888,1.0,True,30,0,0,1016.0087747573853,1417.9129028320312,8.217834599812825,1016.0087747573853,completed
2358.673069,30,148.103484,1.0,True,30,0,0,830.9868793487549,1083.292576789856,9.518549474080404,830.9868793487549,completed
2644.119003,30,148.137058,1.0,True,30,0,0,730.0039939284325,1043.3367604017258,6.503469403584798,730.0039939284325,completed
2585.326018,30,148.171499,1.0,True,30,0,0,803.5833759307861,975.596510887146,8.40612990061442,803.5833759307861,completed
2953.66855,30,148.204983,1.0,True,30,0,0,689.0561203956604,911.5310325622559,3.3368940353393555,689.0561203956604,completed
2877.053929,30,148.238443,1.0,True,30,0,0,681.0200190544128,946.2281303405762,4.891385269165039,681.0200190544128,completed
3138.528396,30,148.27171,1.0,True,30,0,0,737.8793120384216,855.4174995422363,2.4630794525146484,737.8793120384216,completed
2869.453842,30,148.305402,1.0,True,30,0,0,658.5670609474182,900.8285341262817,4.82490889231364,658.5670609474182,completed
1315.33879,30,148.338601,1.0,True,30,0,0,1011.3178594112396,1439.3380694389343,17.326643625895183,1011.3178594112396,completed
2672.060592,30,149.390165,1.0,True,30,0,0,769.1325709819794,983.6507868766785,6.740733337402344,769.1325709819794,completed
2790.449311,30,149.423822,1.0,True,30,0,0,760.7716598510742,983.2181282043457,5.275795873006185,760.7716598510742,completed
2344.442857,30,149.457172,1.0,True,30,0,0,849.9319581985474,1157.9977655410767,8.196673774719239,849.9319581985474,completed
2827.934184,30,149.490821,1.0,True,30,0,0,739.2472343444824,925.1433944702148,5.097662353515625,739.2472343444824,completed
2164.079202,30,149.524068,1.0,True,30,0,0,852.7835725545883,1210.2708508968353,10.21587864557902,852.7835725545883,completed
3591.194818,30,149.55753,1.0,True,30,0,0,578.9522380828857,661.1412754058838,0.4863072713216146,578.9522380828857,completed
3252.803694,30,149.592265,1.0,True,30,0,0,694.4531680345535,850.034660577774,1.0914379755655925,694.4531680345535,completed
2342.887283,30,149.626986,1.0,True,30,0,0,816.8275995254517,1214.681318283081,7.514445114135742,816.8275995254517,completed
2354.502615,30,149.660615,1.0,True,30,0,0,921.1046185493469,1056.4122576713562,7.929685513178508,921.1046185493469,completed
2810.498022,30,149.694101,1.0,True,30,0,0,710.4285426139832,1004.5514974594116,5.0539700826009115,710.4285426139832,completed
2541.474154,30,149.738002,1.0,True,30,0,0,836.0093288421631,1050.8830423355103,7.015815035502116,836.0093288421631,completed
2213.234234,30,149.795563,1.0,True,30,0,0,850.2210960388184,1138.719289779663,10.734031486511231,850.2210960388184,completed
3094.626122,30,149.829493,1.0,True,30,0,0,778.5711040496826,994.2421717643738,0.24274711608886718,778.5711040496826,completed
2915.656067,30,149.864453,1.0,True,30,0,0,686.4431946277618,909.9996781349182,4.857972844441732,686.4431946277618,completed
1954.801852,30,149.898024,1.0,True,30,0,0,789.5672836303711,1169.2385110855103,13.0049235979716,789.5672836303711,completed
3294.656417,30,149.931027,1.0,True,30,0,0,740.041118144989,846.198709487915,0.42500553131103513,740.041118144989,completed
1782.923142,30,149.964376,1.0,True,30,0,0,854.9091310501099,1258.0836744308472,14.83732229868571,854.9091310501099,completed
3042.57482,30,149.997741,1.0,True,30,0,0,789.4555015563965,1021.639232635498,0.49914538065592445,789.4555015563965,completed
2300.608834,30,150.030804,1.0,True,30,0,0,880.2333197593689,1154.0086078643799,8.697361755371094,880.2333197593689,completed
3308.164853,30,150.065877,1.0,True,30,0,0,612.3711061477661,719.7712116241455,3.3777358373006185,612.3711061477661,completed
1875.930581,30,150.099564,1.0,True,30,0,0,886.645158290863,1362.3264093399048,10.642054557800293,886.645158290863,completed
2120.450824,30,150.132898,1.0,True,30,0,0,786.0600097179413,1175.7862374782562,10.575805155436198,786.0600097179413,completed
2929.630834,30,150.168845,1.0,True,30,0,0,769.6643725335598,1026.6904737353325,2.486850357055664,769.6643725335598,completed
2275.194055,30,150.203938,1.0,True,30,0,0,859.8477965295315,1145.054757297039,9.07228390375773,859.8477965295315,completed
2412.991124,30,150.237888,1.0,True,30,0,0,823.6375331878662,1049.948811531067,8.88137772878011,823.6375331878662,completed
1013.364571,30,150.271544,1.0,True,30,0,0,1155.3604803085327,1661.4318027496338,16.847402636210123,1155.3604803085327,completed
2380.451121,30,150.305075,1.0,True,30,0,0,878.5548000335693,1143.0049533843994,7.58517583211263,878.5548000335693,completed
2630.204965,30,150.338256,1.0,True,30,0,0,849.1376595497131,1177.6328763961792,3.498604583740234,849.1376595497131,completed
2802.212809,30,150.371829,1.0,True,30,0,0,793.2834033966064,1054.0308303833008,3.0397205988566083,793.2834033966064,completed
2287.004999,30,150.405651,1.0,True,30,0,0,864.0708470344543,1140.1269521713257,9.340214093526205,864.0708470344543,completed
2908.965886,30,150.438498,1.0,True,30,0,0,768.1777238845825,994.6811742782593,3.016303126017253,768.1777238845825,completed
2186.826068,30,150.471328,1.0,True,30,0,0,752.4051215648651,1027.4857478141785,12.524942270914714,752.4051215648651,completed
2935.376051,30,150.504124,1.0,True,30,0,0,797.5642261505127,946.0975770950317,2.7563013076782226,797.5642261505127,completed
2921.521849,30,150.537134,1.0,True,30,0,0,757.4700860977173,921.2010555267334,3.8445823033650717,757.4700860977173,completed
2899.910415,30,150.570221,1.0,True,30,0,0,680.4513714313507,895.7914924621582,5.440802001953125,680.4513714313507,completed
3024.899158,30,150.603297,1.0,True,30,0,0,671.3891075849533,819.1189520359039,5.2706088383992515,671.3891075849533,completed
2702.646847,30,150.63628,1.0,True,30,0,0,760.4087085723877,1044.3085722923279,4.372808297475179,760.4087085723877,completed
3117.836899,30,150.66984,1.0,True,30,0,0,639.5316894054413,822.0264811515808,3.9869159698486327,639.5316894054413,completed
2958.016685,30,150.703562,1.0,True,30,0,0,704.1739180088043,871.8402638435364,5.507577896118164,704.1739180088043,completed
2647.69834,30,150.736847,1.0,True,30,0,0,819.1135320663452,1031.910774230957,5.76219482421875,819.1135320663452,completed
2263.251569,30,150.770289,1.0,True,30,0,0,777.095272064209,1139.4999618530273,8.950688489278157,777.095272064209,completed
3587.248964,30,150.80367,1.0,True,30,0,0,555.8940351009369,637.0392212867737,1.2245245297749838,555.8940351009369,completed
2794.316454,30,150.836785,1.0,True,30,0,0,676.633551120758,848.1397180557251,8.112495422363281,676.633551120758,completed
1336.981236,30,150.870457,1.0,True,30,0,0,976.9353852272034,1517.5100984573364,14.62660706837972,976.9353852272034,completed
2884.463715,30,150.903842,1.0,True,30,0,0,700.6700501441956,829.866940498352,5.45467700958252,700.6700501441956,completed
3230.519354,30,150.936937,1.0,True,30,0,0,710.3061857223511,820.4729237556458,2.262945302327474,710.3061857223511,completed
2644.023782,30,150.970773,1.0,True,30,0,0,708.2424449920654,982.1388359069824,7.427967198689779,708.2424449920654,completed
2587.384008,30,151.004222,1.0,True,30,0,0,803.4534599781036,1220.405586719513,4.3016295115153,803.4534599781036,completed
2480.559832,30,151.038061,1.0,True,30,0,0,740.9284381866455,993.5027732849121,8.783834234873455,740.9284381866455,completed
3132.55537,30,151.071286,1.0,True,30,0,0,744.1951440572739,958.842648267746,0.6033438364664714,744.1951440572739,completed
2308.679704,30,151.104773,1.0,True,30,0,0,827.6071677207947,1124.2453298568726,9.218102200826008,827.6071677207947,completed
2455.762277,30,151.138218,1.0,True,30,0,0,766.282591342926,1091.4563875198364,7.981102371215821,766.282591342926,completed
2918.224297,30,151.171687,1.0,True,30,0,0,682.7022047042847,896.3025588989258,5.5203594207763675,682.7022047042847,completed
2074.176544,30,151.205028,1.0,True,30,0,0,790.434751033783,1078.0916757583618,13.094362703959147,790.434751033783,completed
2217.839668,30,151.238328,1.0,True,30,0,0,873.975866317749,1101.5720176696777,9.850759887695313,873.975866317749,completed
3453.799678,30,151.271328,1.0,True,30,0,0,633.7548072338104,728.4923281669617,0.5767646153767904,633.7548072338104,completed
2426.606148,30,151.304456,1.0,True,30,0,0,781.032707452774,1071.1420578956604,9.108632723490397,781.032707452774,completed
2276.744587,30,151.337791,1.0,True,30,0,0,812.6218581199646,1018.9046564102173,11.414786275227865,812.6218581199646,completed
1077.660896,30,151.371359,1.0,True,30,0,0,958.3486864566803,1333.6666703224182,22.088275909423828,958.3486864566803,completed
1930.096553,30,151.405241,1.0,True,30,0,0,902.8573427200317,1321.013666152954,10.334566815694172,902.8573427200317,completed
2147.14941,30,151.438229,1.0,True,30,0,0,840.478996515274,1166.3517155647278,11.426271756490072,840.478996515274,completed
2292.332632,30,151.471514,1.0,True,30,0,0,833.642586350441,1120.7062542438507,9.49508228302002,833.642586350441,completed
2992.155858,30,151.504847,1.0,True,30,0,0,773.6060376167297,1023.7160873413086,1.4598803838094077,773.6060376167297,completed
1708.430391,30,151.537787,1.0,True,30,0,0,965.3213658332825,1403.0122690200806,12.317721557617187,965.3213658332825,completed
2991.086081,30,151.571612,1.0,True,30,0,0,637.2206093072891,868.321435213089,4.023799578348796,637.2206093072891,completed
983.557627,30,151.605835,1.0,True,30,0,0,1003.4211540222168,1556.6202144622803,19.95179074605306,1003.4211540222168,completed
3338.620669,30,151.639012,1.0,True,30,0,0,647.8289670944214,771.5416984558105,1.5664347012837727,647.8289670944214,completed
2223.761828,30,151.672403,1.0,True,30,0,0,790.5123805999756,1104.7964181900024,10.944244734446208,790.5123805999756,completed
3346.3957,30,151.705778,1.0,True,30,0,0,672.9438238143921,756.1439380645752,1.8846612294514975,672.9438238143921,completed
2943.219379,30,152.756132,1.0,True,30,0,0,760.4036853313446,1036.3197112083435,2.5931121190388997,760.4036853313446,completed
2530.527129,30,152.792581,1.0,True,30,0,0,739.9118428230286,1003.3302698135376,8.614374478658041,739.9118428230286,completed
2246.446223,30,152.827141,1.0,True,30,0,0,822.1482372283936,1161.3409385681152,10.463163375854492,822.1482372283936,completed
3262.632483,30,152.860602,1.0,True,30,0,0,687.6220818758011,836.3724882602692,1.2464088439941405,687.6220818758011,completed
1573.115208,30,152.89731,1.0,True,30,0,0,969.5033588409424,1514.4316511154175,12.071799341837565,969.5033588409424,completed
2319.687879,30,152.932046,1.0,True,30,0,0,815.0198860168457,1162.4284257888794,9.293815358479817,815.0198860168457,completed
1765.207399,30,152.965841,1.0,True,30,0,0,895.4201350212097,1249.289665222168,14.472031466166179,895.4201350212097,completed
2549.826605,30,152.999313,1.0,True,30,0,0,715.5942647457123,953.6640400886536,9.863106536865235,715.5942647457123,completed
2476.203465,30,153.032815,1.0,True,30,0,0,820.7113933563232,1127.3857688903809,6.854089228312175,820.7113933563232,completed
3016.40067,30,153.06683,1.0,True,30,0,0,759.0750045776367,888.0277633666992,3.272063128153483,759.0750045776367,completed
2360.223957,30,153.100616,1.0,True,30,0,0,807.5357098579407,1082.5354433059692,9.324427159627279,807.5357098579407,completed
2939.227799,30,153.134086,1.0,True,30,0,0,776.6349415779114,926.4319047927856,4.095269012451172,776.6349415779114,completed
2326.510555,30,153.16743,1.0,True,30,0,0,790.6242990493774,1163.479986190796,8.988114674886068,790.6242990493774,completed
2493.412551,30,153.200758,1.0,True,30,0,0,714.6409759521484,957.3448524475098,9.495392100016277,714.6409759521484,completed
1957.739939,30,153.234526,1.0,True,30,0,0,928.8812166452408,1327.6089890003204,10.326024055480957,928.8812166452408,completed
2891.897583,30,153.269567,1.0,True,30,0,0,728.6519777774811,951.050507068634,4.9125945409139,728.6519777774811,completed
3125.281117,30,153.303225,1.0,True,30,0,0,762.5130476951599,944.299578666687,0.39135862986246744,762.5130476951599,completed
1879.482845,30,153.336837,1.0,True,30,0,0,915.1992149353027,1326.0732698440552,10.54528382619222,915.1992149353027,completed
2806.228249,30,153.370282,1.0,True,30,0,0,736.9251596927643,935.4168610572815,5.710968462626139,736.9251596927643,completed
2681.80027,30,153.403796,1.0,True,30,0,0,810.7258644104004,953.5950655937195,6.713493982950847,810.7258644104004,completed
2637.011235,30,153.437474,1.0,True,30,0,0,706.2572631835938,963.5541200637817,8.322081247965494,706.2572631835938,completed
1482.259321,30,153.471045,1.0,True,30,0,0,964.4223022460938,1559.211181640625,13.232583300272625,964.4223022460938,completed
2190.299631,30,153.504962,1.0,True,30,0,0,862.8773770332336,1088.3251943588257,11.080270481109618,862.8773770332336,completed
2213.437482,30,153.541732,1.0,True,30,0,0,881.1483111381531,1227.355299949646,8.796378358205159,881.1483111381531,completed
2799.078385,30,153.577036,1.0,True,30,0,0,724.1886539459229,925.3189907073975,5.725958887736002,724.1886539459229,completed
2214.500533,30,153.612357,1.0,True,30,0,0,928.4199323654175,1319.9972620010376,6.607508659362793,928.4199323654175,completed
2300.579954,30,153.646143,1.0,True,30,0,0,803.999969959259,1154.198977947235,8.623353131612141,803.999969959259,completed
2495.978851,30,153.679761,1.0,True,30,0,0,753.8920044898987,1037.7706451416016,8.418970616658529,753.8920044898987,completed
3101.990841,30,153.713418,1.0,True,30,0,0,610.3202173709869,761.8608479499817,4.812834930419922,610.3202173709869,completed
1437.182852,30,153.747674,1.0,True,30,0,0,944.6350741386414,1418.0882239341736,14.685650952657063,944.6350741386414,completed
2560.599044,30,153.781266,1.0,True,30,0,0,810.2231130599976,1087.2589168548584,6.704704666137696,810.2231130599976,completed
2906.969179,30,153.814534,1.0,True,30,0,0,659.6985313892365,887.9167332649231,5.675054931640625,659.6985313892365,completed
2326.117565,30,153.847704,1.0,True,30,0,0,757.7543792724609,997.364634513855,11.535478496551514,757.7543792724609,completed
3537.057096,30,153.880983,1.0,True,30,0,0,628.0024082660675,732.8558716773987,0.0,628.0024082660675,completed
2906.323278,30,153.914281,1.0,True,30,0,0,672.6344833374023,876.5779504776001,5.347671445210775,672.6344833374023,completed
2714.193894,30,153.947769,1.0,True,30,0,0,779.9583249092102,923.7841548919678,7.02780901590983,779.9583249092102,completed
3098.744885,30,153.981352,1.0,True,30,0,0,683.5123271346092,950.3534268140793,1.9293158213297525,683.5123271346092,completed
1062.920306,30,154.021386,1.0,True,30,0,0,1001.1302590370178,1511.5079441070557,18.229046662648518,1001.1302590370178,completed
2568.228271,30,154.055004,1.0,True,30,0,0,833.0100350379944,953.0302600860596,7.977207024892171,833.0100350379944,completed
2514.931901,30,154.08858,1.0,True,30,0,0,829.5832943916321,1038.5041809082031,6.916058731079102,829.5832943916321,completed
1177.802712,30,154.123693,1.0,True,30,0,0,993.5644683837891,1340.1398601531982,20.781746006011964,993.5644683837891,completed
3050.02612,30,154.157836,1.0,True,30,0,0,614.6212960481644,787.3623373508453,5.168375523885091,614.6212960481644,completed
2655.318338,30,154.19163,1.0,True,30,0,0,771.4747695922852,956.1374750137329,7.084092966715494,771.4747695922852,completed
1582.570862,30,154.224838,1.0,True,30,0,0,953.7010564804077,1294.9939489364624,16.511919339497883,953.7010564804077,completed
2853.364235,30,154.258332,1.0,True,30,0,0,728.2669777870178,911.0952444076538,5.041180165608724,728.2669777870178,completed
2091.137376,30,154.291591,1.0,True,30,0,0,817.3486042022705,1190.555923461914,11.31403242746989,817.3486042022705,completed
2760.195627,30,154.324955,1.0,True,30,0,0,752.7518169879913,1025.5320954322815,5.084466298421224,752.7518169879913,completed
2778.644313,30,154.358245,1.0,True,30,0,0,753.9434735774994,997.6505923271179,4.026232528686523,753.9434735774994,completed
2822.997171,30,154.391739,1.0,True,30,0,0,711.9517636299133,1027.9586744308472,3.984620475769043,711.9517636299133,completed
1879.807724,30,154.425157,1.0,True,30,0,0,821.3070290088654,1230.9204831123352,13.223258781433106,821.3070290088654,completed
1570.463094,30,154.458602,1.0,True,30,0,0,953.429705619812,1374.323434829712,15.262055079142252,953.429705619812,completed
2551.660889,30,154.492529,1.0,True,30,0,0,840.0095920562744,1144.0329990386963,4.264950942993164,840.0095920562744,completed
2305.083513,30,154.526281,1.0,True,30,0,0,833.5463256835938,1179.7155265808105,7.368360201517741,833.5463256835938,completed
1366.782616,30,154.559584,1.0,True,30,0,0,1082.0143551826477,1696.1347103118896,11.05434315999349,1082.0143551826477,completed
2453.071392,30,154.593071,1.0,True,30,0,0,866.3279647827148,1167.6883511543274,6.04457737604777,866.3279647827148,completed
2014.683749,30,154.626904,1.0,True,30,0,0,843.2874269485474,1198.8555479049683,11.760044860839844,843.2874269485474,completed
3369.485447,30,154.660501,1.0,True,30,0,0,584.9861925840378,696.1072838306427,3.0634137471516927,584.9861925840378,completed
2768.077776,30,154.693885,1.0,True,30,0,0,841.3792524337769,1052.511631011963,3.155531311035156,841.3792524337769,completed
3104.167444,30,154.727337,1.0,True,30,0,0,681.9088484048843,873.0305955410004,3.2725598653157553,681.9088484048843,completed
2385.236912,30,154.76056,1.0,True,30,0,0,764.1416202187538,1140.6165362596512,8.276665433247883,764.1416202187538,completed
2245.69432,30,154.793955,1.0,True,30,0,0,804.9184057116508,1156.466993689537,10.32068239847819,804.9184057116508,completed
2928.25621,30,154.82741,1.0,True,30,0,0,686.57834815979,905.999885559082,4.719948450724284,686.57834815979,completed
2908.037425,30,154.860827,1.0,True,30,0,0,776.7986671924591,959.5085396766663,3.590399678548177,776.7986671924591,completed
2835.400654,30,154.89431,1.0,True,30,0,0,771.7727682590485,920.0153374671936,5.158646901448567,771.7727682590485,completed
3251.026418,30,154.927897,1.0,True,30,0,0,673.8357753753662,768.2862281799316,2.8259544372558594,673.8357753753662,completed
2490.55613,30,154.961038,1.0,True,30,0,0,820.3299584388733,1008.231894493103,7.553180185953776,820.3299584388733,completed
1657.011924,30,154.994344,1.0,True,30,0,0,871.3268703222275,1364.1155698299408,13.994413789113363,871.3268703222275,completed
3081.708192,30,155.027592,1.0,True,30,0,0,669.6405563354492,821.1369886398315,4.304279772440593,669.6405563354492,completed
3349.076766,30,156.071282,1.0,True,30,0,0,578.8856439590454,710.0376205444336,2.7925077438354493,578.8856439590454,completed
2595.349418,30,156.105153,1.0,True,30,0,0,824.5225087404251,1069.2310755252838,5.896381568908692,824.5225087404251,completed
3091.583138,30,156.138884,1.0,True,30,0,0,737.9022006988525,908.892635345459,1.8482273737589519,737.9022006988525,completed
3198.709071,30,156.172709,1.0,True,30,0,0,704.255160883069,966.1763879358768,0.18239676157633464,704.255160883069,completed
2242.804249,30,156.207445,1.0,True,30,0,0,758.3223304748535,1016.7056188583374,10.897102864583333,758.3223304748535,completed
2065.478768,30,156.241679,1.0,True,30,0,0,805.0970582962036,1234.7138557434082,11.054629262288412,805.0970582962036,completed
1517.235516,30,156.275526,1.0,True,30,0,0,951.0914697647095,1480.2714176177979,14.230184046427409,951.0914697647095,completed
2747.228333,30,156.30915,1.0,True,30,0,0,764.2584648132324,986.8426561355591,5.894827779134115,764.2584648132324,completed
2485.794804,30,156.342414,1.0,True,30,0,0,767.7934731245041,976.5025660991669,8.739604822794597,767.7934731245041,completed
3198.072156,30,156.376184,1.0,True,30,0,0,628.3787980079651,789.3216485977173,2.94411252339681,628.3787980079651,completed
2349.276382,30,156.409599,1.0,True,30,0,0,784.8728952407837,1151.9771785736084,8.460416412353515,784.8728952407837,completed
2029.526114,30,156.44333,1.0,True,30,0,0,824.6987199783325,1112.0664501190186,14.12302598953247,824.6987199783325,completed
3337.306547,30,156.476938,1.0,True,30,0,0,714.8119029998779,867.0966467857361,0.0,714.8119029998779,completed
2467.052391,30,156.5102,1.0,True,30,0,0,848.0389709472656,993.9939398765564,7.928848203023275,848.0389709472656,completed
2170.298803,30,156.543985,1.0,True,30,0,0,761.9699528217316,1143.3832268714905,11.41329460144043,761.9699528217316,completed
3096.067131,30,156.577308,1.0,True,30,0,0,676.5332112312317,850.8450269699097,3.451390202840169,676.5332112312317,completed
1913.628634,30,156.610856,1.0,True,30,0,0,924.4065721035004,1277.7865862846375,11.602702967325847,924.4065721035004,completed
3175.904647,30,156.646,1.0,True,30,0,0,666.8918809890747,809.6909503936768,2.555002975463867,666.8918809890747,completed
1310.925667,30,156.684032,1.0,True,30,0,0,923.9619822502136,1310.581425666809,19.800959587097168,923.9619822502136,completed
2946.211754,30,156.718324,1.0,True,30,0,0,752.0839982032776,995.9849667549133,2.5325730641682944,752.0839982032776,completed
877.886591,30,156.753677,1.0,True,30,0,0,1019.2692494392395,1607.9447298049927,19.363544273376466,1019.2692494392395,completed
3140.205874,30,156.787194,1.0,True,30,0,0,658.1144006252289,885.5535006523132,2.263610585530599,658.1144006252289,completed
3030.868533,30,156.820513,1.0,True,30,0,0,648.9590058326721,817.2214279174805,4.596874872843425,648.9590058326721,completed
2393.394437,30,156.853774,1.0,True,30,0,0,850.8390264511108,1036.4511289596558,9.600098419189454,850.8390264511108,completed
2515.754053,30,156.886869,1.0,True,30,0,0,756.1154584884644,982.683277130127,9.07708444595337,756.1154584884644,completed
3020.701798,30,156.919712,1.0,True,30,0,0,715.4173827916384,988.5008317530155,2.2116142908732095,715.4173827916384,completed
3198.302053,30,156.955168,1.0,True,30,0,0,706.3674788475037,832.1126928329468,2.2092249552408854,706.3674788475037,completed
2155.074365,30,156.989075,1.0,True,30,0,0,792.504608631134,1142.9490442276,10.952982012430827,792.504608631134,completed
2996.883905,30,157.022265,1.0,True,30,0,0,727.1181864738464,997.800947189331,1.9044023513793946,727.1181864738464,completed
2856.883248,30,157.055415,1.0,True,30,0,0,777.9324538707733,1080.5096254348755,2.6299448649088544,777.9324538707733,completed
3111.644298,30,157.088843,1.0,True,30,0,0,670.1424293518066,812.0362815856934,3.9671722412109376,670.1424293518066,completed
2468.696623,30,157.122464,1.0,True,30,0,0,781.4946759939194,1066.7925474643707,8.065579493840536,781.4946759939194,completed
2703.098907,30,157.155834,1.0,True,30,0,0,669.805739402771,878.9862842559814,7.885545603434244,669.805739402771,completed
2023.023694,30,157.189075,1.0,True,30,0,0,923.1569819450378,1302.6304607391357,8.919810167948405,923.1569819450378,completed
2642.456522,30,157.222632,1.0,True,30,0,0,722.5570778846741,1001.8318557739258,6.949903170267741,722.5570778846741,completed
2663.479443,30,157.255922,1.0,True,30,0,0,708.8701221942902,927.3306126594543,7.685580158233643,708.8701221942902,completed
3172.464035,30,157.289221,1.0,True,30,0,0,691.8937106132507,806.432873249054,2.4220596313476563,691.8937106132507,completed
2585.943145,30,157.322441,1.0,True,30,0,0,770.083606004715,1168.8813576698303,5.187286631266276,770.083606004715,completed
2832.883852,30,157.356013,1.0,True,30,0,0,739.0758609771729,1028.9587473869324,3.530266825358073,739.0758609771729,completed
2754.951855,30,157.38911,1.0,True,30,0,0,756.1885075569153,998.7271633148193,5.212252680460612,756.1885075569153,completed
2881.047295,30,157.422444,1.0,True,30,0,0,726.8683819770813,866.1686878204346,5.8341019948323565,726.8683819770813,completed
3124.172574,30,157.456181,1.0,True,30,0,0,651.722282409668,783.495584487915,4.0491485595703125,651.722282409668,completed
2232.07683,30,157.489333,1.0,True,30,0,0,864.2911682128906,1088.8628768920898,9.52665506998698,864.2911682128906,completed
2869.189279,30,157.522689,1.0,True,30,0,0,664.6363470554352,904.9028477668762,6.360596338907878,664.6363470554352,completed
2729.400511,30,157.55602,1.0,True,30,0,0,705.8749947547913,943.0589733123779,7.161827023824056,705.8749947547913,completed
2000.573749,30,157.589266,1.0,True,30,0,0,873.9695067405701,1240.3109941482544,11.761707560221355,873.9695067405701,completed
1922.807354,30,157.622518,1.0,True,30,0,0,862.175708770752,1387.6810722351074,10.057300694783528,862.175708770752,completed
1880.786936,30,157.655701,1.0,True,30,0,0,891.3424215316772,1365.852367401123,11.282833449045818,891.3424215316772,completed
3077.670892,30,157.688846,1.0,True,30,0,0,685.616491317749,821.9442224502563,4.197009468078614,685.616491317749,completed
2486.264061,30,157.721848,1.0,True,30,0,0,739.7849113345146,1026.2000049352646,8.934083112080891,739.7849113345146,completed
2612.16676,30,157.75503,1.0,True,30,0,0,753.0755021572113,1004.3055109977722,6.270864613850912,753.0755021572113,completed
2384.469429,30,157.790461,1.0,True,30,0,0,761.1662640571594,1047.5836791992188,10.024812761942545,761.1662640571594,completed
2659.090301,30,157.825142,1.0,True,30,0,0,819.9406781196594,1089.0249452590942,4.516964213053385,819.9406781196594,completed
3113.462513,30,157.858891,1.0,True,30,0,0,675.3137257099152,877.9513449668884,2.6767128626505534,675.3137257099152,completed
3090.562433,30,157.892363,1.0,True,30,0,0,669.4992744624615,778.3315309882164,5.359555308024088,669.4992744624615,completed
3359.349293,30,157.92556,1.0,True,30,0,0,599.9783596992493,761.9037322998047,1.0428264300028482,599.9783596992493,completed
3025.387346,30,157.95869,1.0,True,30,0,0,749.4516773223877,888.2779633998871,3.2139314651489257,749.4516773223877,completed
2507.174101,30,157.992305,1.0,True,30,0,0,711.3218951225281,1104.3538846969604,7.437391471862793,711.3218951225281,completed
2286.578242,30,158.026105,1.0,True,30,0,0,755.8462138175964,1030.4331531524658,11.60729268391927,755.8462138175964,completed
2687.387733,30,158.059941,1.0,True,30,0,0,701.8004431724548,905.673921585083,8.171511459350587,701.8004431724548,completed
3195.564375,30,158.093934,1.0,True,30,0,0,773.9212229251862,831.946277141571,1.5823664347330728,773.9212229251862,completed
2600.197971,30,158.127534,1.0,True,30,0,0,769.019739151001,1068.905656337738,6.793232727050781,769.019739151001,completed
2355.967343,30,158.160841,1.0,True,30,0,0,817.8685684204102,1078.180417060852,9.371884282430013,817.8685684204102,completed
2181.721424,30,158.194517,1.0,True,30,0,0,746.3166785240173,1067.2745566368103,12.774775950113932,746.3166785240173,completed
2739.590685,30,158.227767,1.0,True,30,0,0,712.7234311103821,932.7591180801392,6.695670445760091,712.7234311103821,completed
1854.948268,30,158.261315,1.0,True,30,0,0,816.3113822937012,1136.8415021896362,14.16232083638509,816.3113822937012,completed
2604.61295,30,158.294615,1.0,True,30,0,0,834.0205631256104,994.4749794006348,6.6008705774943035,834.0205631256104,completed
2868.920263,30,158.327947,1.0,True,30,0,0,690.883829832077,966.5657057762146,4.138786045710246,690.883829832077,completed
1440.329417,30,159.369002,1.0,True,30,0,0,894.3435945510864,1268.2949171066284,19.13233362833659,894.3435945510864,completed
2277.424944,30,159.40296,1.0,True,30,0,0,806.4620304107666,975.25998878479,11.431864166259766,806.4620304107666,completed
2216.499354,30,159.436383,1.0,True,30,0,0,838.2826681137085,1176.0529441833496,10.114546775817871,838.2826681137085,completed
1982.03275,30,159.470017,1.0,True,30,0,0,916.0623831748962,1211.0584735870361,10.936091645558674,916.0623831748962,completed
1871.277023,30,159.504039,1.0,True,30,0,0,854.9588210582733,1188.9456934928894,14.215123685201009,854.9588210582733,completed
2173.373823,30,159.537737,1.0,True,30,0,0,829.7135064601898,1222.9110960960388,9.226597785949707,829.7135064601898,completed
2555.175457,30,159.571348,1.0,True,30,0,0,769.3138284683228,979.8463869094849,8.340087000528971,769.3138284683228,completed
1306.402221,30,159.605143,1.0,True,30,0,0,1023.4542832374573,1399.7087316513062,16.41409339904785,1023.4542832374573,completed
2945.136615,30,159.638915,1.0,True,30,0,0,716.1282248497009,919.5287375450134,4.311747312545776,716.1282248497009,completed
2689.189409,30,159.672621,1.0,True,30,0,0,644.422837138176,902.5901916027069,9.188461303710938,644.422837138176,completed
1936.327923,30,159.706397,1.0,True,30,0,0,817.6817395687103,1179.7466197013855,13.672362518310546,817.6817395687103,completed
3227.515469,30,159.740168,1.0,True,30,0,0,597.4587898254395,780.490083694458,3.757836087544759,597.4587898254395,completed
3521.366329,30,159.773652,1.0,True,30,0,0,572.130380988121,664.1935527324677,1.245708910624186,572.130380988121,completed
3203.641537,30,159.807763,1.0,True,30,0,0,652.4173800945282,816.8184633255005,2.940128755569458,652.4173800945282,completed
2575.506844,30,159.841986,1.0,True,30,0,0,751.5045194625854,1021.5156536102295,6.998720423380534,751.5045194625854,completed
2882.023448,30,159.876608,1.0,True,30,0,0,709.9524512290955,909.1695127487183,5.1986436208089195,709.9524512290955,completed
2239.415225,30,159.910693,1.0,True,30,0,0,804.5667314529419,1152.196865081787,9.673803075154622,804.5667314529419,completed
2829.308469,30,159.944277,1.0,True,30,0,0,735.8260560035706,1015.2166862487793,4.2909590403238935,735.8260560035706,completed
2642.634039,30,159.978494,1.0,True,30,0,0,670.2543416023254,993.2192296981812,8.044536717732747,670.2543416023254,completed
3075.55232,30,160.011747,1.0,True,30,0,0,779.2161054611206,839.1553030014038,3.3974530537923178,779.2161054611206,completed
2738.705168,30,160.045236,1.0,True,30,0,0,787.6829323768616,938.3905849456787,6.274257151285807,787.6829323768616,completed
2362.786333,30,160.07911,1.0,True,30,0,0,726.1273584365845,984.8162088394165,11.470657030741373,726.1273584365845,completed
1690.5334,30,160.113403,1.0,True,30,0,0,938.4181590080261,1400.1217041015625,13.35469716389974,938.4181590080261,completed
2262.409132,30,160.147705,1.0,True,30,0,0,772.1181602478027,1139.3223314285278,10.267756779988607,772.1181602478027,completed
2772.332003,30,160.181453,1.0,True,30,0,0,673.1031477451324,906.4983868598938,6.610964711507162,673.1031477451324,completed
2574.817762,30,160.214978,1.0,True,30,0,0,780.2256526947021,947.5977830886841,8.078154754638671,780.2256526947021,completed
1809.526377,30,160.248866,1.0,True,30,0,0,915.2908291816711,1314.1583414077759,11.928749163945517,915.2908291816711,completed
2061.843072,30,160.282882,1.0,True,30,0,0,876.8158366680145,1303.2925667762756,8.724093373616537,876.8158366680145,completed
2051.936113,30,160.316414,1.0,True,30,0,0,831.4596376419067,1218.8159713745117,11.3081755956014,831.4596376419067,completed
3055.614745,30,160.350137,1.0,True,30,0,0,685.3462162017822,887.7368965148926,2.944448979695638,685.3462162017822,completed
2713.403564,30,160.388329,1.0,True,30,0,0,697.0286784172058,1013.2712020874023,6.229681777954101,697.0286784172058,completed
2231.214422,30,160.426636,1.0,True,30,0,0,869.6520972251892,1095.3808488845825,10.20125643412272,869.6520972251892,completed
3013.269299,30,160.461269,1.0,True,30,0,0,604.9040925502777,768.0947804450989,5.3980664571126304,604.9040925502777,completed
2337.143163,30,160.495613,1.0,True,30,0,0,832.9208691120148,1085.1102366447449,8.991384251912434,832.9208691120148,completed
707.66607,30,160.528789,1.0,True,30,0,0,1056.8296008110046,1686.485198020935,22.05170752207438,1056.8296008110046,completed
2349.801738,30,160.562287,1.0,True,30,0,0,750.0740191936493,1005.691472530365,11.06488717397054,750.0740191936493,completed
2238.964669,30,160.595822,1.0,True,30,0,0,835.7162599563599,1272.162929534912,7.587105878194174,835.7162599563599,completed
2748.705153,30,160.6295,1.0,True,30,0,0,770.4756432771683,983.300662279129,5.4563122113545734,770.4756432771683,completed
2541.067012,30,160.662828,1.0,True,30,0,0,785.0185947418213,1018.9688959121704,7.700934092203776,785.0185947418213,completed
3374.833603,30,160.695982,1.0,True,30,0,0,607.5403876304626,710.1097745895386,2.9086901982625326,607.5403876304626,completed
2550.314069,30,160.729215,1.0,True,30,0,0,785.8527393341064,1027.9844226837158,7.373190371195475,785.8527393341064,completed
2640.488362,30,160.762573,1.0,True,30,0,0,803.1862120628357,1019.1798677444458,5.8583676020304365,803.1862120628357,completed
2333.893949,30,160.795896,1.0,True,30,0,0,826.35236120224,1070.1396231651306,10.219017473856608,826.35236120224,completed
1527.888513,30,160.829261,1.0,True,30,0,0,1037.9763975143433,1562.928060054779,10.41841303507487,1037.9763975143433,completed
2296.793432,30,160.862896,1.0,True,30,0,0,762.027277469635,1090.6434540748596,9.854706700642904,762.027277469635,completed
2557.62395,30,160.896439,1.0,True,30,0,0,743.9992761611938,1054.1808614730835,7.189625612894694,743.9992761611938,completed
2647.678395,30,160.92976,1.0,True,30,0,0,733.2881898880005,897.9522228240967,8.660020764668783,733.2881898880005,completed
1952.180135,30,160.963752,1.0,True,30,0,0,928.8769525289536,1318.9030797481537,9.745005098978679,928.8769525289536,completed
2523.766302,30,160.997828,1.0,True,30,0,0,853.5783085823059,996.1956834793091,7.304524358113607,853.5783085823059,completed
3478.086824,30,161.031375,1.0,True,30,0,0,605.61377120018,761.715621471405,0.26096216837565106,605.61377120018,completed
1958.139655,30,161.064446,1.0,True,30,0,0,890.6121363639832,1242.3440971374512,12.265242608388265,890.6121363639832,completed
3298.28905,30,161.097495,1.0,True,30,0,0,665.8269245624542,761.9879059791565,2.2338016510009764,665.8269245624542,completed
3347.050967,30,161.130947,1.0,True,30,0,0,559.5975437164307,715.763671875,2.080841128031413,559.5975437164307,completed
2673.90307,30,161.164157,1.0,True,30,0,0,828.6623170375824,1082.2927470207214,4.722958628336588,828.6623170375824,completed
3425.182195,30,161.198073,1.0,True,30,0,0,620.7321493625641,746.9249711036682,1.262684122721354,620.7321493625641,completed
1013.621265,30,161.231495,1.0,True,30,0,0,1029.6495656967163,1550.6474294662476,20.131280390421548,1029.6495656967163,completed
2467.071503,30,161.266037,1.0,True,30,0,0,682.804122030735,895.4359914064407,10.971107228597004,682.804122030735,completed
2847.145003,30,161.299842,1.0,True,30,0,0,649.0188460350037,882.2257843017578,6.46658878326416,649.0188460350037,completed
2963.689358,30,161.333463,1.0,True,30,0,0,688.0791885852814,902.7391591072083,4.174167569478353,688.0791885852814,completed
2969.243434,30,161.36769,1.0,True,30,0,0,780.888072013855,944.6140203475952,3.6358050028483073,780.888072013855,completed
2602.354223,30,161.40093,1.0,True,30,0,0,874.3207488059998,1016.3730087280273,5.417383639017741,874.3207488059998,completed
3020.920073,30,161.434587,1.0,True,30,0,0,701.7418928146362,920.5282497406006,3.1742286046346027,701.7418928146362,completed
2432.165796,30,161.46831,1.0,True,30,0,0,848.748773097992,1258.992169380188,4.894892565409342,848.748773097992,completed
2958.198914,30,161.501885,1.0,True,30,0,0,716.7248582839966,875.6078310012817,4.476625951131185,716.7248582839966,completed
3132.51549,30,161.534991,1.0,True,30,0,0,695.2938499450684,854.3438196182251,2.5921666463216146,695.2938499450684,completed
2762.086789,30,161.568821,1.0,True,30,0,0,804.8591320514679,1058.3460631370544,3.5136177062988283,804.8591320514679,completed
1836.357455,30,161.602489,1.0,True,30,0,0,815.1301875114441,1215.5697927474976,13.457294336954753,815.1301875114441,completed
3278.053206,30,161.635478,1.0,True,30,0,0,683.8501383960247,764.6108173727989,2.342746861775716,683.8501383960247,completed
1727.441064,30,162.687159,1.0,True,30,0,0,845.4359726905823,1253.9624128341675,15.098978296915691,845.4359726905823,completed
2783.512084,30,162.721201,1.0,True,30,0,0,674.3973875045776,844.6180896759033,8.37949307759603,674.3973875045776,completed
2919.303454,30,162.755038,1.0,True,30,0,0,677.0189893245697,872.7787041664124,5.573809623718262,677.0189893245697,completed
510.40216,30,162.790407,1.0,True,30,0,0,1184.8813257217407,1968.2756462097168,17.642763900756837,1184.8813257217407,completed
2551.479233,30,162.825843,1.0,True,30,0,0,731.0720028877258,1074.8313207626343,7.042718537648519,731.0720028877258,completed
3461.493025,30,162.85891,1.0,True,30,0,0,590.8381390571594,712.5424561500549,1.1701231638590495,590.8381390571594,completed
3090.576208,30,162.892646,1.0,True,30,0,0,705.2884910106659,842.52800989151,3.824498112996419,705.2884910106659,completed
3134.222229,30,162.92546,1.0,True,30,0,0,672.201920747757,926.6463494300842,2.302427228291829,672.201920747757,completed
2477.801298,30,162.958403,1.0,True,30,0,0,900.1082618236542,1246.8614075183868,3.4264366149902346,900.1082618236542,completed
1756.182678,30,162.991391,1.0,True,30,0,0,974.6201362609863,1205.2037725448608,13.80535151163737,974.6201362609863,completed
2770.874508,30,163.024403,1.0,True,30,0,0,721.9628853797913,988.9184637069702,5.46895751953125,721.9628853797913,completed
3187.559714,30,163.057143,1.0,True,30,0,0,707.5176486968994,796.209361076355,2.61832332611084,707.5176486968994,completed
2392.06316,30,163.090182,1.0,True,30,0,0,907.8262915611267,1278.809980392456,4.609168116251627,907.8262915611267,completed
1942.394654,30,163.123158,1.0,True,30,0,0,819.0726041793823,1172.694974899292,14.10328852335612,819.0726041793823,completed
2722.705718,30,163.155734,1.0,True,30,0,0,711.2738380432129,884.104284286499,7.466921106974284,711.2738380432129,completed
2788.073444,30,163.18849,1.0,True,30,0,0,770.6365876197815,974.9895153045654,5.367602284749349,770.6365876197815,completed
3404.215913,30,163.221244,1.0,True,30,0,0,615.1456136703491,804.9324269294739,0.18785082499186198,615.1456136703491,completed
3617.867447,30,163.25398,1.0,True,30,0,0,577.1937997937202,687.105702996254,0.0,577.1937997937202,completed
2229.997776,30,163.286765,1.0,True,30,0,0,805.7832932472229,1158.8253698349,10.530405680338541,805.7832932472229,completed
2537.129861,30,163.319465,1.0,True,30,0,0,770.41730260849,998.2527894973755,7.8756948153177895,770.41730260849,completed
2566.937364,30,163.352371,1.0,True,30,0,0,755.3976521492004,1068.735131263733,6.6535900115966795,755.3976521492004,completed
2577.256516,30,163.38487,1.0,True,30,0,0,712.2604484558105,956.8124046325684,8.131559499104817,712.2604484558105,completed
2646.436866,30,163.417696,1.0,True,30,0,0,782.1234457492828,1135.4704794883728,5.087858978907267,782.1234457492828,completed
2177.261273,30,163.450618,1.0,True,30,0,0,865.3230724334717,1144.4787979125977,9.826970100402832,865.3230724334717,completed
2367.326687,30,163.483307,1.0,True,30,0,0,827.3904161453247,1098.711009979248,9.127615865071615,827.3904161453247,completed
2009.543493,30,163.515944,1.0,True,30,0,0,957.7715768814087,1492.1088552474976,7.407896995544434,957.7715768814087,completed
2766.592966,30,163.54868,1.0,True,30,0,0,898.0641205310822,995.9088759422302,4.067813301086426,898.0641205310822,completed
2383.269037,30,163.581903,1.0,True,30,0,0,825.2489476203918,1201.0938782691956,7.006305472056071,825.2489476203918,completed
3032.537908,30,163.614783,1.0,True,30,0,0,711.5335793495178,879.9784708023071,3.6260937690734862,711.5335793495178,completed
3195.459551,30,163.647656,1.0,True,30,0,0,753.7103004455566,896.795209646225,0.5973256429036459,753.7103004455566,completed
2598.288904,30,163.680566,1.0,True,30,0,0,793.2254595756531,1086.5351819992065,6.676452000935872,793.2254595756531,completed
1954.848122,30,163.713004,1.0,True,30,0,0,913.6810536384583,1224.5196018218994,12.832861391703288,913.6810536384583,completed
3431.100863,30,163.745818,1.0,True,30,0,0,620.1890631914139,758.7140581607819,0.9533372561136881,620.1890631914139,completed
3020.769005,30,163.77862,1.0,True,30,0,0,741.5622611045837,907.693305015564,3.0138500531514487,741.5622611045837,completed
2648.622448,30,163.811656,1.0,True,30,0,0,758.070732831955,1034.6709282398224,6.306618181864421,758.070732831955,completed
1712.853647,30,163.844656,1.0,True,30,0,0,992.851448059082,1457.9592761993408,10.961338011423747,992.851448059082,completed
2296.536253,30,163.877696,1.0,True,30,0,0,893.1748991012573,1110.646348953247,9.014130401611329,893.1748991012573,completed
3164.011969,30,163.910386,1.0,True,30,0,0,696.5502464771271,921.0087056159973,1.2491384506225587,696.5502464771271,completed
3273.059368,30,163.943261,1.0,True,30,0,0,667.191050350666,758.6370350122452,2.285421053568522,667.191050350666,completed
2565.266613,30,163.975815,1.0,True,30,0,0,704.6918876171112,960.1786036491394,8.345363171895345,704.6918876171112,completed
2794.632214,30,164.009012,1.0,True,30,0,0,750.6447610855103,1020.5929384231567,4.622144953409831,750.6447610855103,completed
3148.99849,30,164.041704,1.0,True,30,0,0,653.8484532833099,746.1861157417297,3.8814618428548178,653.8484532833099,completed
2286.381302,30,164.07417,1.0,True,30,0,0,847.5465588569641,1043.935378074646,10.86269744237264,847.5465588569641,completed
1940.402097,30,164.107143,1.0,True,30,0,0,970.8729224205017,1428.819333076477,7.506214714050293,970.8729224205017,completed
1662.729473,30,164.140445,1.0,True,30,0,0,905.5130262374878,1342.6386365890503,13.95100351969401,905.5130262374878,completed
3221.729984,30,164.173447,1.0,True,30,0,0,636.4033002853394,757.287919998169,3.890188725789388,636.4033002853394,completed
2224.178393,30,164.206407,1.0,True,30,0,0,825.224925994873,1117.913875579834,10.349689801534018,825.224925994873,completed
1422.754101,30,164.239696,1.0,True,30,0,0,898.6145684719086,1309.3444113731384,19.046638425191244,898.6145684719086,completed
3085.745654,30,164.272386,1.0,True,30,0,0,765.4015121459961,895.9911165237427,2.7403868357340495,765.4015121459961,completed
3039.929724,30,164.305154,1.0,True,30,0,0,775.8031196594238,894.794843673706,3.0052345991134644,775.8031196594238,completed
2552.568911,30,164.337958,1.0,True,30,0,0,921.777752995491,1184.2903730869293,4.360750452677409,921.777752995491,completed
1644.381763,30,164.370823,1.0,True,30,0,0,872.4172992706299,1342.3039779663086,14.593891366322834,872.4172992706299,completed
3175.698201,30,164.403972,1.0,True,30,0,0,654.3346133232117,765.5867080688477,3.4925942103068035,654.3346133232117,completed
2332.749523,30,164.437701,1.0,True,30,0,0,866.5994355678558,1395.8234114646912,4.6980843861897785,866.5994355678558,completed
1296.859889,30,164.47056,1.0,True,30,0,0,1034.935625076294,1379.982201576233,17.236638577779136,1034.935625076294,completed
3486.2358,30,164.5033,1.0,True,30,0,0,627.4559640884399,710.656078338623,0.8428155899047851,627.4559640884399,completed
3130.523182,30,164.536802,1.0,True,30,0,0,705.3549509048462,839.8497495651245,1.9571520487467449,705.3549509048462,completed
2273.07511,30,164.571138,1.0,True,30,0,0,821.2710380554199,1144.9326333999634,9.078939501444498,821.2710380554199,completed
2218.48869,30,164.607652,1.0,True,30,0,0,903.4380598068237,1187.5759496688843,8.385248819986979,903.4380598068237,completed
1825.156623,30,164.643689,1.0,True,30,0,0,885.5332258939743,1402.1591565608978,9.935806147257487,885.5332258939743,completed
3288.960084,30,164.67957,1.0,True,30,0,0,648.1959619522095,832.5087718963623,0.8560448328653971,648.1959619522095,completed
3025.371111,30,164.715321,1.0,True,30,0,0,654.851283788681,852.8713040351868,4.392661412556966,654.851283788681,completed
2908.248883,30,164.748501,1.0,True,30,0,0,778.3620886802673,966.4768075942993,3.86015625,778.3620886802673,completed
1773.078502,30,164.781449,1.0,True,30,0,0,901.5439443588257,1359.3593587875366,11.428330612182616,901.5439443588257,completed
3222.798429,30,164.814354,1.0,True,30,0,0,689.6466417312622,782.5539922714233,2.4600699106852213,689.6466417312622,completed
2771.585905,30,164.847148,1.0,True,30,0,0,767.1724421977997,912.3370079994202,6.825665346781412,767.1724421977997,completed
2636.783013,30,164.8803,1.0,True,30,0,0,821.8545014858246,1016.9770064353943,6.607159646352132,821.8545014858246,completed
2535.198621,30,164.913737,1.0,True,30,0,0,750.5970757007599,975.242832660675,9.361266962687175,750.5970757007599,completed
2952.8607,30,164.946973,1.0,True,30,0,0,772.4617991447449,1126.2102270126343,0.6638495127360026,772.4617991447449,completed
3407.252027,30,166.001817,1.0,True,30,0,0,584.6137099266052,668.1614332199097,2.116702842712402,584.6137099266052,completed
2254.871401,30,166.035601,1.0,True,30,0,0,948.6981747150421,1411.2066960334778,4.059705479939779,948.6981747150421,completed
3477.299782,30,166.068916,1.0,True,30,0,0,567.8459715843201,755.1530647277832,0.3554044008255005,567.8459715843201,completed
2420.162918,30,166.102515,1.0,True,30,0,0,845.1535241603851,1095.884831905365,8.537860870361328,845.1535241603851,completed
2773.481428,30,166.1359,1.0,True,30,0,0,756.9818079471588,1022.6113448143005,3.62428347269694,756.9818079471588,completed
2917.771262,30,166.169358,1.0,True,30,0,0,745.0841062068939,1009.2644786834717,3.666455793380737,745.0841062068939,completed
3002.740725,30,166.202976,1.0,True,30,0,0,735.8546667098999,870.3948211669922,4.055202865600586,735.8546667098999,completed
3433.832834,30,166.236575,1.0,True,30,0,0,589.4931001663208,719.9927415847778,1.9246548334757487,589.4931001663208,completed
3312.003326,30,166.270029,1.0,True,30,0,0,619.8122198581696,782.7931761741638,2.083947467803955,619.8122198581696,completed
1883.264484,30,166.303561,1.0,True,30,0,0,977.0996030569077,1368.8265235424042,9.912776311238607,977.0996030569077,completed
3087.219722,30,166.337186,1.0,True,30,0,0,645.7741131782532,829.5354022979736,3.8804478009541827,645.7741131782532,completed
2409.740411,30,166.371009,1.0,True,30,0,0,819.5363788604736,1172.239953994751,6.734563541412354,819.5363788604736,completed
2332.384322,30,166.40462,1.0,True,30,0,0,764.6307318210602,1200.2314553260803,8.059710629781087,764.6307318210602,completed
2286.293956,30,166.438152,1.0,True,30,0,0,832.3103942871094,1202.5425825119019,8.108716106414795,832.3103942871094,completed
3346.896179,30,166.47163,1.0,True,30,0,0,668.6315293312073,834.2041602134705,0.48833878835042316,668.6315293312073,completed
1593.830296,30,166.505142,1.0,True,30,0,0,957.8623597621918,1284.0134863853455,16.0672908782959,957.8623597621918,completed
2902.496957,30,166.538913,1.0,True,30,0,0,669.510003566742,921.03977394104,5.044221496582031,669.510003566742,completed
1508.265954,30,166.572322,1.0,True,30,0,0,1066.0341925621033,1595.2257823944092,11.122752825419107,1066.0341925621033,completed
3464.531078,30,166.605567,1.0,True,30,0,0,550.3383855819702,652.9431037902832,1.7838079452514648,550.3383855819702,completed
2499.992763,30,166.639367,1.0,True,30,0,0,854.3720557689667,1167.0698380470276,5.8101196924845375,854.3720557689667,completed
2398.328691,30,166.673197,1.0,True,30,0,0,739.755387544632,1043.5731015205383,10.081461079915364,739.755387544632,completed
2765.05303,30,166.706946,1.0,True,30,0,0,760.7014577388763,1082.8975386619568,3.872313372294108,760.7014577388763,completed
2519.965557,30,166.740374,1.0,True,30,0,0,754.901150226593,1031.5078620910645,7.290585072835286,754.901150226593,completed
1254.805396,30,166.773807,1.0,True,30,0,0,948.8787708282471,1373.7448825836182,19.745799509684243,948.8787708282471,completed
3345.007992,30,166.807316,1.0,True,30,0,0,621.7857921123505,750.5748581886292,2.1048031489054364,621.7857921123505,completed
1503.680442,30,166.841147,1.0,True,30,0,0,956.6461515426636,1486.118299484253,12.62669563293457,956.6461515426636,completed
2018.940872,30,166.874673,1.0,True,30,0,0,984.121884226799,1557.705971479416,5.368490473429362,984.121884226799,completed
2991.370034,30,166.908911,1.0,True,30,0,0,668.466829419136,949.0075356960297,3.47735964457194,668.466829419136,completed
1838.590607,30,166.941968,1.0,True,30,0,0,1015.683666229248,1407.905237197876,9.971723874409994,1015.683666229248,completed
2744.59992,30,166.975587,1.0,True,30,0,0,778.2905077934265,1006.6264505386353,5.018944660822551,778.2905077934265,completed
2534.600721,30,167.008971,1.0,True,30,0,0,829.8448448181152,1096.58402633667,6.354165712992351,829.8448448181152,completed
2961.959226,30,167.042235,1.0,True,30,0,0,748.2960176467896,931.4168405532837,3.0750773111979166,748.2960176467896,completed
2478.478116,30,167.075538,1.0,True,30,0,0,740.5961651802063,1108.6718893051147,6.710418446858724,740.5961651802063,completed
2389.192958,30,167.109306,1.0,True,30,0,0,764.359117269516,1007.8959670066833,10.64176680246989,764.359117269516,completed
2998.609626,30,167.143056,1.0,True,30,0,0,703.8243623375893,999.5459605455399,2.4932533264160157,703.8243623375893,completed
2798.635033,30,167.176271,1.0,True,30,0,0,769.9469022750854,1095.8943195343018,3.3985512415568033,769.9469022750854,completed
2680.412429,30,167.209764,1.0,True,30,0,0,770.0573172569275,1101.609257698059,4.429716618855794,770.0573172569275,completed
3248.390313,30,167.243196,1.0,True,30,0,0,731.6095585823059,864.6110677719116,0.9428629557291667,731.6095585823059,completed
2926.152289,30,167.276347,1.0,True,30,0,0,716.5914692878723,1003.8903665542603,3.0768904368082683,716.5914692878723,completed
2244.364771,30,167.309969,1.0,True,30,0,0,882.5825834274292,1031.972809791565,11.015259806315104,882.5825834274292,completed
1673.936173,30,167.34358,1.0,True,30,0,0,999.429187297821,1557.6771564483643,9.716024049123128,999.429187297821,completed
2873.775231,30,167.377041,1.0,True,30,0,0,716.9675326347351,961.8432779312134,3.4669440587361655,716.9675326347351,completed
2258.625469,30,167.410876,1.0,True,30,0,0,813.0610132217407,1091.8879957199097,10.37435213724772,813.0610132217407,completed
1616.099759,30,167.444241,1.0,True,30,0,0,935.3992249965668,1345.8164780139923,14.37104300657908,935.3992249965668,completed
2789.398497,30,167.477557,1.0,True,30,0,0,703.7946411073208,881.0942923426628,6.902016607920329,703.7946411073208,completed
2485.905651,30,167.510851,1.0,True,30,0,0,871.5279588699341,1076.4506940841675,6.284696833292643,871.5279588699341,completed
2742.520267,30,167.543909,1.0,True,30,0,0,836.787317276001,1068.3834953308105,3.7530916213989256,836.787317276001,completed
2425.970757,30,167.579294,1.0,True,30,0,0,824.0820693969727,1243.544248342514,6.361355463663737,824.0820693969727,completed
2432.998477,30,167.632964,1.0,True,30,0,0,795.1884608268738,1030.9244394302368,9.181192715962728,795.1884608268738,completed
2624.667573,30,167.714311,1.0,True,30,0,0,855.3260707855225,928.8789219856262,7.256166172027588,855.3260707855225,completed
2660.15829,30,167.757778,1.0,True,30,0,0,782.5297787189484,972.9748721122742,6.167524719238282,782.5297787189484,completed
2246.670076,30,167.799024,1.0,True,30,0,0,891.0434594154358,1130.3213624954224,9.505839157104493,891.0434594154358,completed
1809.105378,30,167.842209,1.0,True,30,0,0,891.3946380615234,1261.2973928451538,12.727178446451823,891.3946380615234,completed
2739.79927,30,167.880123,1.0,True,30,0,0,718.3032598495483,910.6794815063477,7.457855733235677,718.3032598495483,completed
2575.462944,30,167.91495,1.0,True,30,0,0,839.4422330856323,1100.5563745498657,5.5043284098307295,839.4422330856323,completed
2207.411574,30,167.948499,1.0,True,30,0,0,888.7552151679993,1030.6098279953003,10.761074765523274,888.7552151679993,completed
2643.247399,30,167.983023,1.0,True,30,0,0,861.9096775054932,1200.3233671188354,3.154184850056966,861.9096775054932,completed
3213.677537,30,168.030457,1.0,True,30,0,0,622.2944157123566,777.2136979103088,2.9668457667032877,622.2944157123566,completed
2802.730853,30,168.132752,1.0,True,30,0,0,770.2384929656982,1019.9742803573608,4.719239044189453,770.2384929656982,completed
2467.79711,30,168.168594,1.0,True,30,0,0,870.4179685115814,1403.4604773521423,2.685759735107422,870.4179685115814,completed
1440.333409,30,168.203265,1.0,True,30,0,0,1001.6593141555786,1421.5011110305786,14.416996343930562,1001.6593141555786,completed
1323.052756,30,168.239378,1.0,True,30,0,0,1006.952091217041,1271.9093198776245,19.894595623016357,1006.952091217041,completed
2590.805124,30,168.272892,1.0,True,30,0,0,790.4694052934647,985.4245865345001,7.432436466217041,790.4694052934647,completed
1874.847857,30,168.306161,1.0,True,30,0,0,775.5653734207153,1179.304344177246,15.542969004313152,775.5653734207153,completed
2241.953707,30,168.33924,1.0,True,30,0,0,927.852550983429,1151.0819396972656,9.252410475413004,927.852550983429,completed
2475.330908,30,168.372471,1.0,True,30,0,0,798.1599283218384,1119.8264408111572,7.232734171549479,798.1599283218384,completed
2099.890556,30,168.405847,1.0,True,30,0,0,816.3739507198334,1220.2337067127228,10.633799934387207,816.3739507198334,completed
2417.984835,30,168.439394,1.0,True,30,0,0,696.9882845878601,911.3465843200684,10.939015865325928,696.9882845878601,completed
2633.340436,30,169.497289,1.0,True,30,0,0,795.1146166324615,946.5111060142517,6.973809623718262,795.1146166324615,completed
3080.88846,30,169.53189,1.0,True,30,0,0,646.0414199829102,777.9261622428894,5.346131833394368,646.0414199829102,completed
2653.840016,30,169.570492,1.0,True,30,0,0,824.9969458580017,1090.955572128296,4.935178120930989,824.9969458580017,completed
2037.387829,30,169.604463,1.0,True,30,0,0,869.9362155199051,1239.9202291965485,11.612303161621094,869.9362155199051,completed
2612.711554,30,169.638322,1.0,True,30,0,0,774.9998750686646,944.5302772521973,7.9717535972595215,774.9998750686646,completed
2877.238282,30,169.672243,1.0,True,30,0,0,741.5801647901535,924.4409577846527,5.098809432983399,741.5801647901535,completed
2863.091967,30,169.705691,1.0,True,30,0,0,765.5508029460907,958.4766926765442,4.470886484781901,765.5508029460907,completed
2887.491814,30,169.739394,1.0,True,30,0,0,790.3437645435333,986.4617688655853,3.303233019510905,790.3437645435333,completed
3422.846835,30,169.773064,1.0,True,30,0,0,664.9686088562012,710.9572763442993,1.5186499277750651,664.9686088562012,completed
1267.15259,30,169.806623,1.0,True,30,0,0,951.7927718162537,1443.458483695984,18.232790247599283,951.7927718162537,completed
3268.802437,30,169.839945,1.0,True,30,0,0,728.8078908920288,859.2367639541626,0.7292064666748047,728.8078908920288,completed
2546.663122,30,169.873724,1.0,True,30,0,0,790.3210153579712,1023.8969535827637,7.880960337320963,790.3210153579712,completed
1957.268349,30,169.907916,1.0,True,30,0,0,757.7255752086639,1136.3328967094421,13.468835322062175,757.7255752086639,completed
744.483493,30,169.942195,1.0,True,30,0,0,1112.1924242973328,1756.4908485412598,19.18435198465983,1112.1924242973328,completed
2827.272869,30,169.975115,1.0,True,30,0,0,733.3017177581787,988.7893733978271,4.0012964884440105,733.3017177581787,completed
3188.9432,30,170.008462,1.0,True,30,0,0,669.1914291381836,871.2260475158691,2.019888178507487,669.1914291381836,completed
2670.832468,30,170.04266,1.0,True,30,0,0,724.5050964355469,981.3988466262817,6.832095718383789,724.5050964355469,completed
3218.350717,30,170.076023,1.0,True,30,0,0,613.3005466461182,738.5172085762024,3.2716670989990235,613.3005466461182,completed
3044.547694,30,170.111271,1.0,True,30,0,0,633.3763024806976,809.7157073020935,5.07898743947347,633.3763024806976,completed
2904.211731,30,170.144593,1.0,True,30,0,0,782.7298436164856,973.5562605857849,2.9206412633260093,782.7298436164856,completed
2724.19438,30,170.178116,1.0,True,30,0,0,695.4243397712708,907.0727214813232,7.596183713277181,695.4243397712708,completed
3169.994514,30,170.211669,1.0,True,30,0,0,614.7019941806793,742.4233536720276,3.9919766743977863,614.7019941806793,completed
2969.040334,30,170.244941,1.0,True,30,0,0,672.7214136123657,862.686803817749,5.389522234598796,672.7214136123657,completed
3005.795751,30,170.278687,1.0,True,30,0,0,735.0069980621338,916.6677265167236,2.7477591832478843,735.0069980621338,completed
2757.823394,30,170.312462,1.0,True,30,0,0,681.660481929779,889.7825241088867,7.906992340087891,681.660481929779,completed
1118.306025,30,170.346095,1.0,True,30,0,0,1073.7726030349731,1614.692720413208,16.771140352884927,1073.7726030349731,completed
2206.51487,30,170.379409,1.0,True,30,0,0,925.373512506485,1364.5573716163635,5.9541318893432615,925.373512506485,completed
2992.1358,30,170.413178,1.0,True,30,0,0,741.8879325389862,956.871090888977,3.0028873443603517,741.8879325389862,completed
2705.759396,30,170.44635,1.0,True,30,0,0,778.6271286010742,1030.278482913971,5.229299926757813,778.6271286010742,completed
2182.561919,30,170.480086,1.0,True,30,0,0,813.3333830833435,1113.0169143676758,12.501990763346354,813.3333830833435,completed
2501.74438,30,170.513593,1.0,True,30,0,0,804.2948122769594,1090.5441028177738,7.684670321146647,804.2948122769594,completed
2044.412191,30,170.54982,1.0,True,30,0,0,948.4131158590317,1422.5322930812836,7.362573623657227,948.4131158590317,completed
3275.551138,30,170.583892,1.0,True,30,0,0,624.5742080211639,771.6239266395569,2.848633639017741,624.5742080211639,completed
2817.995166,30,170.617274,1.0,True,30,0,0,808.3211431503296,1047.269479751587,3.583595339457194,808.3211431503296,completed
2550.666795,30,170.650373,1.0,True,30,0,0,754.3059597015381,1007.1882381439209,7.647376124064127,754.3059597015381,completed
2964.255279,30,170.683981,1.0,True,30,0,0,698.0501103401184,827.3352546691895,5.864097913106282,698.0501103401184,completed
1492.842171,30,170.717535,1.0,True,30,0,0,955.0595321655273,1330.758529663086,15.671462122599284,955.0595321655273,completed
2796.346829,30,170.750925,1.0,True,30,0,0,732.5151674747467,942.46355676651,5.373902638753255,732.5151674747467,completed
3309.581903,30,170.784405,1.0,True,30,0,0,631.3493876457214,726.3368530273438,2.210632101694743,631.3493876457214,completed
2483.098389,30,170.818034,1.0,True,30,0,0,707.5309045314789,988.6273684501648,9.581549390157063,707.5309045314789,completed
2007.797994,30,170.8517,1.0,True,30,0,0,839.9534411430359,1208.8284049034119,12.14197826385498,839.9534411430359,completed
3086.999311,30,170.885066,1.0,True,30,0,0,766.1368341445923,893.0703248977661,2.349020512898763,766.1368341445923,completed
2833.071026,30,170.918488,1.0,True,30,0,0,774.7840703725815,1018.5991351604462,4.193324724833171,774.7840703725815,completed
3065.56527,30,170.951974,1.0,True,30,0,0,670.8357529640198,877.7883539199829,3.106101481119792,670.8357529640198,completed
2261.207701,30,170.98579,1.0,True,30,0,0,869.8323037624359,1185.473683834076,8.881197738647462,869.8323037624359,completed
2130.012797,30,171.019232,1.0,True,30,0,0,926.53165102005,1252.189185142517,8.027668476104736,926.53165102005,completed
1965.190117,30,171.052371,1.0,True,30,0,0,829.2554354667664,1162.1377019882202,13.398419157663982,829.2554354667664,completed
3009.75389,30,171.085764,1.0,True,30,0,0,719.5751521587372,928.9437899589539,3.444380823771159,719.5751521587372,completed
2073.305466,30,171.11885,1.0,True,30,0,0,880.4206018447876,1213.5197448730469,10.55950756072998,880.4206018447876,completed
2913.925705,30,171.152116,1.0,True,30,0,0,744.9331822395325,917.7376089096069,4.993383598327637,744.9331822395325,completed
2296.931682,30,171.185711,1.0,True,30,0,0,858.307391166687,1203.5159559249878,7.236938858032227,858.307391166687,completed
1913.350917,30,171.219189,1.0,True,30,0,0,920.2168264389038,1246.4771194458008,12.223235925038656,920.2168264389038,completed
3224.320698,30,171.252725,1.0,True,30,0,0,602.7993535995483,791.1712112426758,3.1451892852783203,602.7993535995483,completed
2639.447387,30,171.286164,1.0,True,30,0,0,906.5665690898895,1291.1382422447205,1.106010087331136,906.5665690898895,completed
3521.362295,30,171.379337,1.0,True,30,0,0,659.5693101882935,729.905562877655,0.0,659.5693101882935,completed
1948.708774,30,171.430342,1.0,True,30,0,0,916.27467918396,1208.2299404144287,11.957891400655111,916.27467918396,completed
2346.816143,30,171.470406,1.0,True,30,0,0,865.6756887435913,1103.7914009094238,8.160131708780925,865.6756887435913,completed
2925.77901,30,171.505745,1.0,True,30,0,0,776.1616263389587,1009.9183311462402,2.3768974939982095,776.1616263389587,completed
2512.259891,30,171.540689,1.0,True,30,0,0,758.6027581691742,1115.2872996330261,7.096040407816569,758.6027581691742,completed
3176.292467,30,171.576356,1.0,True,30,0,0,681.692720413208,822.5656318664551,2.997828420003255,681.692720413208,completed
2519.925103,30,171.610248,1.0,True,30,0,0,770.75537109375,963.5353021621704,8.795547358194987,770.75537109375,completed
1986.033581,30,171.644944,1.0,True,30,0,0,934.5498266220093,1420.5741577148438,8.093415832519531,934.5498266220093,completed
3176.440326,30,171.679319,1.0,True,30,0,0,606.09357213974,738.6487045288086,4.456499258677165,606.09357213974,completed
2679.026408,30,171.714089,1.0,True,30,0,0,749.6041424274445,1094.5883944034576,3.952731211980184,749.6041424274445,completed
2673.372541,30,171.749766,1.0,True,30,0,0,808.8337104320526,1038.1464462280273,5.322769037882487,808.8337104320526,completed
2780.628715,30,171.785402,1.0,True,30,0,0,748.2888903617859,964.1692571640015,5.080196126302083,748.2888903617859,completed
2644.918179,30,171.821525,1.0,True,30,0,0,786.2510007619858,982.9417107105255,6.618255647023519,786.2510007619858,completed
2434.975738,30,171.857695,1.0,True,30,0,0,818.8134682178497,1169.4311604499817,6.372698402404785,818.8134682178497,completed
2409.912416,30,172.939442,1.0,True,30,0,0,886.8977839946747,1243.6421236991882,5.582376289367676,886.8977839946747,completed
2210.79347,30,172.973855,1.0,True,30,0,0,841.2396505475044,1087.6738916635513,10.967024306456247,841.2396505475044,completed
2468.986527,30,173.008595,1.0,True,30,0,0,760.5489568710327,932.8959465026855,10.724975967407227,760.5489568710327,completed
2935.730574,30,173.042236,1.0,True,30,0,0,671.2306246757507,879.9431037902832,4.393227291107178,671.2306246757507,completed
3123.571054,30,173.076251,1.0,True,30,0,0,634.7011697888374,802.1204429864883,4.721262613932292,634.7011697888374,completed
2524.898228,30,173.11085,1.0,True,30,0,0,800.1036529541016,1095.4990520477295,5.999843724568685,800.1036529541016,completed
2723.076581,30,173.144815,1.0,True,30,0,0,797.0902380943298,1089.8553161621094,3.6638071378072103,797.0902380943298,completed
2090.179584,30,173.179369,1.0,True,30,0,0,891.3788073509932,1306.1980424821377,9.30292142232259,891.3788073509932,completed
2645.427426,30,173.213189,1.0,True,30,0,0,746.3982481956482,927.9169445037842,8.017083104451498,746.3982481956482,completed
2794.342621,30,173.247917,1.0,True,30,0,0,697.4759936332703,861.430344581604,6.826640065511068,697.4759936332703,completed
3326.377275,30,173.281594,1.0,True,30,0,0,645.9143645763397,776.0970759391785,1.7061220486958821,645.9143645763397,completed
1666.1023,30,173.315105,1.0,True,30,0,0,1092.9318766593933,1523.2629652023315,9.959155209859212,1092.9318766593933,completed
3184.118466,30,173.34877,1.0,True,30,0,0,711.5175280570984,847.3038387298584,1.6989465713500977,711.5175280570984,completed
2032.573337,30,173.382749,1.0,True,30,0,0,855.5401229858398,1198.3047180175781,10.516123326619466,855.5401229858398,completed
2414.557274,30,173.416179,1.0,True,30,0,0,719.6029975414276,1043.025242805481,10.439219347635905,719.6029975414276,completed
2574.990969,30,173.449758,1.0,True,30,0,0,777.301833152771,1149.6896772384644,4.8161547660827635,777.301833152771,completed
1315.990752,30,173.483152,1.0,True,30,0,0,936.5876383781433,1471.688271522522,17.469992764790852,936.5876383781433,completed
3128.245098,30,173.516509,1.0,True,30,0,0,619.3043619394302,745.387654542923,5.004097747802734,619.3043619394302,completed
1809.225122,30,173.54988,1.0,True,30,0,0,877.9751636981964,1222.2266507148743,14.825674406687419,877.9751636981964,completed
2651.939789,30,173.583549,1.0,True,30,0,0,787.8569209575653,1066.7829866409302,5.781412887573242,787.8569209575653,completed
3091.219217,30,173.617386,1.0,True,30,0,0,755.2987940311432,954.9623019695282,0.8357162475585938,755.2987940311432,completed
2152.38063,30,173.651643,1.0,True,30,0,0,835.634729385376,1153.223937034607,11.628203360239665,835.634729385376,completed
2721.30949,30,173.68525,1.0,True,30,0,0,713.2498524188995,1045.9430260658264,6.170054499308268,713.2498524188995,completed
2114.402644,30,173.719523,1.0,True,30,0,0,844.4732723236084,1184.197093963623,10.771609814961751,844.4732723236084,completed
2242.431604,30,173.754768,1.0,True,30,0,0,851.1590626239777,1285.4263405799866,7.54839973449707,851.1590626239777,completed
2853.268575,30,173.789863,1.0,True,30,0,0,664.8783912658691,988.9493007659912,4.666002655029297,664.8783912658691,completed
1662.421414,30,173.824532,1.0,True,30,0,0,932.3231463432312,1254.8577275276184,15.297353299458821,932.3231463432312,completed
3209.46099,30,173.85945,1.0,True,30,0,0,536.303661942482,690.2440812587738,5.908138720194499,536.303661942482,completed
3627.431669,30,173.894559,1.0,True,30,0,0,553.83855676651,624.7719082832336,0.8002683003743489,553.83855676651,completed
2277.292775,30,173.929352,1.0,True,30,0,0,864.4804997444153,1218.8016653060913,8.055618222554525,864.4804997444153,completed
2442.89291,30,173.964523,1.0,True,30,0,0,817.1293835639954,1057.0210094451904,7.901772499084473,817.1293835639954,completed
2285.811791,30,174.002711,1.0,True,30,0,0,816.0492925643921,1188.578145980835,8.9520445505778,816.0492925643921,completed
1395.915932,30,174.039024,1.0,True,30,0,0,929.6638374328613,1390.0502910614014,17.70384076436361,929.6638374328613,completed
2996.347205,30,174.074703,1.0,True,30,0,0,676.5723052024841,923.2114763259888,3.3696131388346355,676.5723052024841,completed
2141.862999,30,174.109818,1.0,True,30,0,0,915.9249658584595,1114.8179378509521,10.87137149175008,915.9249658584595,completed
2525.566515,30,174.144635,1.0,True,30,0,0,812.8634742498398,1103.7151610851288,6.960478719075521,812.8634742498398,completed
2489.289738,30,174.179392,1.0,True,30,0,0,677.2831754684448,926.7830810546875,10.497982788085938,677.2831754684448,completed
2263.404556,30,174.215335,1.0,True,30,0,0,776.3225762248039,995.1538995504379,11.602210140228271,776.3225762248039,completed
2640.979256,30,174.250206,1.0,True,30,0,0,766.6592946052551,1076.4000854492188,5.16641788482666,766.6592946052551,completed
2333.215104,30,174.285191,1.0,True,30,0,0,916.2318005561829,1125.7383460998535,7.062227249145508,916.2318005561829,completed
2374.137209,30,174.3196,1.0,True,30,0,0,794.2160849571228,1212.5815916061401,6.841556485493978,794.2160849571228,completed
2903.852879,30,174.354243,1.0,True,30,0,0,687.0353960990906,993.2846374511719,3.938546371459961,687.0353960990906,completed
2866.840452,30,174.388742,1.0,True,30,0,0,745.6443853378296,990.394365310669,4.0223185857137045,745.6443853378296,completed
2737.119494,30,174.423863,1.0,True,30,0,0,704.4347591400146,923.2247581481934,7.827873611450196,704.4347591400146,completed
475.941088,30,174.459352,1.0,True,30,0,0,1064.3082704544067,1698.8711338043213,23.111928367614745,1064.3082704544067,completed
2701.529257,30,174.493987,1.0,True,30,0,0,712.7110967636108,943.967921257019,7.1246562004089355,712.7110967636108,completed
2853.072739,30,174.529061,1.0,True,30,0,0,618.29705119133,810.7606129646301,7.5685392697652185,618.29705119133,completed
2519.701589,30,174.563758,1.0,True,30,0,0,740.3966383934021,944.5727710723877,9.033839670817057,740.3966383934021,completed
1909.158231,30,174.602219,1.0,True,30,0,0,790.8315722942352,1173.5603804588318,14.50710678100586,790.8315722942352,completed
2028.270755,30,174.637217,1.0,True,30,0,0,864.4806780815125,1170.643274307251,12.255553944905598,864.4806780815125,completed
1594.490374,30,174.679477,1.0,True,30,0,0,937.52272605896,1429.5620346069336,12.757962544759115,937.52272605896,completed
1228.569068,30,174.714767,1.0,True,30,0,0,1031.994018793106,1335.9417214393616,19.211643791198732,1031.994018793106,completed
2108.560141,30,174.748938,1.0,True,30,0,0,788.213134765625,1080.994439125061,13.323634910583497,788.213134765625,completed
2146.180123,30,174.783198,1.0,True,30,0,0,977.1815571784973,1232.9234819412231,8.021585210164387,977.1815571784973,completed
2156.108958,30,174.817629,1.0,True,30,0,0,790.2790169715881,1083.54780960083,12.047017351786296,790.2790169715881,completed
2337.878927,30,174.852967,1.0,True,30,0,0,821.292140007019,1094.576428413391,8.92186196645101,821.292140007019,completed
3222.830504,30,174.888329,1.0,True,30,0,0,691.5207307338715,913.3149447441101,0.4601769765218099,691.5207307338715,completed
2747.096485,30,174.923409,1.0,True,30,0,0,700.6223392486572,944.2838897705078,6.896963882446289,700.6223392486572,completed
2311.33545,30,174.959058,1.0,True,30,0,0,964.5721983909607,1072.2309293746948,8.757786814371745,964.5721983909607,completed
3561.5195,30,174.994282,1.0,True,30,0,0,604.2652769088745,723.5648488998413,0.0,604.2652769088745,completed
3418.36165,30,175.029968,1.0,True,30,0,0,655.4868454933167,731.5883684158325,1.3099839528401693,655.4868454933167,completed
2847.266426,30,175.065614,1.0,True,30,0,0,668.0749750733376,854.015847325325,6.79118595123291,668.0749750733376,completed
3175.788027,30,175.100708,1.0,True,30,0,0,595.5458371639252,749.5578112602234,4.372847970326742,595.5458371639252,completed
1866.214274,30,175.136078,1.0,True,30,0,0,852.455159664154,1269.329342365265,13.267505900065105,852.455159664154,completed
1060.807027,30,175.171389,1.0,True,30,0,0,1023.7782793045044,1602.0731410980225,17.210759162902832,1023.7782793045044,completed
2505.200979,30,175.206557,1.0,True,30,0,0,821.6467622518539,1216.9725320339203,5.135686302185059,821.6467622518539,completed
2754.209766,30,175.242488,1.0,True,30,0,0,701.9950270652771,997.7988662719727,5.7835744222005205,701.9950270652771,completed
2694.687244,30,175.277804,1.0,True,30,0,0,793.6090106964111,1120.385217666626,4.445393498738607,793.6090106964111,completed
3006.965742,30,176.377464,1.0,True,30,0,0,702.1469264030457,916.290602684021,3.0637739817301433,702.1469264030457,completed
2330.723844,30,176.411626,1.0,True,30,0,0,876.5539429187775,1111.9939165115356,8.16917470296224,876.5539429187775,completed
1496.301351,30,176.445454,1.0,True,30,0,0,883.1317167282104,1378.1471586227417,17.54762907028198,883.1317167282104,completed
2077.525956,30,176.47889,1.0,True,30,0,0,813.3052563667297,1180.407832145691,10.517371241251627,813.3052563667297,completed
3227.672913,30,176.512013,1.0,True,30,0,0,634.0802438259125,749.0040345191956,3.966241709391276,634.0802438259125,completed
2525.764325,30,176.545812,1.0,True,30,0,0,852.5700531005859,1116.2138347625732,5.914307085673014,852.5700531005859,completed
2714.105739,30,176.580079,1.0,True,30,0,0,747.5408277511597,1033.5793561935425,5.757207870483398,747.5408277511597,completed
2420.641506,30,176.613849,1.0,True,30,0,0,755.186812877655,1129.5874710083008,8.395003128051759,755.186812877655,completed
3589.017099,30,176.64748,1.0,True,30,0,0,611.448691368103,694.6488056182861,0.0,611.448691368103,completed
3198.746098,30,176.68085,1.0,True,30,0,0,611.8882992267609,721.2048096656799,4.76326052347819,611.8882992267609,completed
3112.285862,30,176.714064,1.0,True,30,0,0,636.1298588514328,779.5538380146027,4.892116673787435,636.1298588514328,completed
2273.100392,30,176.748125,1.0,True,30,0,0,794.3529644012451,1160.3598947525024,10.731532414754232,794.3529644012451,completed
3326.626897,30,176.781513,1.0,True,30,0,0,613.4270804524422,746.1051193475723,2.9933537165323894,613.4270804524422,completed
2375.257799,30,176.814923,1.0,True,30,0,0,833.8450722694397,1248.9855070114136,6.592518329620361,833.8450722694397,completed
2787.857268,30,176.848751,1.0,True,30,0,0,755.6922106742859,963.6493196487427,5.728552563985189,755.6922106742859,completed
2409.428362,30,176.882357,1.0,True,30,0,0,792.4167013168335,1115.7315521240234,7.213615163167318,792.4167013168335,completed
2959.981195,30,176.916151,1.0,True,30,0,0,657.1231389045715,868.7227897644043,5.585830879211426,657.1231389045715,completed
1999.208891,30,176.949896,1.0,True,30,0,0,866.503381729126,1274.4549388885498,9.983144124348959,866.503381729126,completed
2353.252491,30,176.983872,1.0,True,30,0,0,811.6739587783813,1123.395715713501,9.06679744720459,811.6739587783813,completed
3032.53704,30,177.017141,1.0,True,30,0,0,719.7913181781769,948.2303652763367,2.7089127858479816,719.7913181781769,completed
3007.991931,30,177.050739,1.0,True,30,0,0,659.3957834243774,841.3634014129639,5.264514287312825,659.3957834243774,completed
3118.85798,30,177.084991,1.0,True,30,0,0,712.340886592865,855.0325260162354,3.0533618291219073,712.340886592865,completed
2687.425973,30,177.118929,1.0,True,30,0,0,747.095832824707,1008.6013317108154,4.58091770807902,747.095832824707,completed
2905.749781,30,177.152318,1.0,True,30,0,0,743.068500995636,1040.6135139465332,2.8955708821614583,743.068500995636,completed
3119.763603,30,177.185535,1.0,True,30,0,0,698.0277609825134,896.1397848129272,2.427766291300456,698.0277609825134,completed
3098.782076,30,177.219205,1.0,True,30,0,0,732.759733915329,901.0087237358093,1.924208132425944,732.759733915329,completed
3025.891733,30,177.25356,1.0,True,30,0,0,643.427628159523,784.263739824295,5.339359601338704,643.427628159523,completed
2384.279021,30,177.287083,1.0,True,30,0,0,748.1147447824478,1024.0989363193512,10.172388362884522,748.1147447824478,completed
3192.897386,30,177.321301,1.0,True,30,0,0,720.1549179553986,914.3585171699524,1.0702548980712892,720.1549179553986,completed
2923.639149,30,177.355573,1.0,True,30,0,0,690.9963483810425,866.4740161895752,5.060693740844727,690.9963483810425,completed
1985.401587,30,177.389888,1.0,True,30,0,0,881.9642562866211,1217.3352937698364,11.522517267862955,881.9642562866211,completed
2540.780935,30,177.424527,1.0,True,30,0,0,685.9274950027466,929.1896896362305,10.342565155029297,685.9274950027466,completed
1947.294317,30,177.457442,1.0,True,30,0,0,831.1575739383698,1241.3361945152283,12.22568874359131,831.1575739383698,completed
3317.318091,30,177.490674,1.0,True,30,0,0,698.6465058326721,839.69819688797,0.5804331461588542,698.6465058326721,completed
3123.873853,30,177.52409,1.0,True,30,0,0,708.4603595733643,954.4099922180176,1.186649004618327,708.4603595733643,completed
2514.734683,30,177.557616,1.0,True,30,0,0,778.4041929244995,1111.2848978042603,6.930156898498535,778.4041929244995,completed
2483.684009,30,177.591254,1.0,True,30,0,0,797.8699836730957,1022.5227451324463,8.046983019510906,797.8699836730957,completed
2161.493757,30,177.625652,1.0,True,30,0,0,821.1243500709534,1198.0388383865356,10.383148511250814,821.1243500709534,completed
2437.499278,30,177.661258,1.0,True,30,0,0,898.0696196556091,1353.369285583496,2.9992122650146484,898.0696196556091,completed
2742.497621,30,177.697367,1.0,True,30,0,0,772.7035925388336,1119.8659071922302,3.8671287536621093,772.7035925388336,completed
2950.749771,30,177.731371,1.0,True,30,0,0,653.5614202022552,837.3963236808777,5.516290346781413,653.5614202022552,completed
2481.435398,30,177.765699,1.0,True,30,0,0,810.9760389328003,1150.8736004829407,6.016966962814331,810.9760389328003,completed
2557.088313,30,177.80208,1.0,True,30,0,0,839.3619432449341,1189.5510654449463,3.7631391525268554,839.3619432449341,completed
3335.170518,30,177.842717,1.0,True,30,0,0,670.8108701705933,893.0390543937683,0.0,670.8108701705933,completed
2885.603659,30,177.876865,1.0,True,30,0,0,640.700813293457,857.9073753356934,6.3546290079752605,640.700813293457,completed
2722.648216,30,177.910449,1.0,True,30,0,0,764.5767803192139,941.7123651504517,6.712035242716471,764.5767803192139,completed
3101.642501,30,177.945283,1.0,True,30,0,0,664.128119468689,790.3743782043457,3.7578135172526044,664.128119468689,completed
2936.016025,30,177.979822,1.0,True,30,0,0,819.9710733890533,1089.265438079834,1.14682248433431,819.9710733890533,completed
2436.257372,30,178.013713,1.0,True,30,0,0,742.5701543092728,1045.4323999881744,9.387081591288249,742.5701543092728,completed
2582.570841,30,178.048076,1.0,True,30,0,0,770.3848237991333,984.7844657897949,7.782255872090658,770.3848237991333,completed
2612.584119,30,178.081739,1.0,True,30,0,0,774.6828620433807,1123.8244462013245,4.689987881978353,774.6828620433807,completed
2536.886594,30,178.115896,1.0,True,30,0,0,738.5160617828369,972.9059457778931,9.496787134806315,738.5160617828369,completed
2719.482098,30,178.149462,1.0,True,30,0,0,811.8187968730927,1083.382037639618,4.528439712524414,811.8187968730927,completed
3144.929402,30,178.185791,1.0,True,30,0,0,649.9273328781128,758.5607504844666,4.178289540608724,649.9273328781128,completed
2869.819116,30,178.221803,1.0,True,30,0,0,733.6298584938049,990.7663011550903,4.086000633239746,733.6298584938049,completed
2982.03647,30,178.2604,1.0,True,30,0,0,692.4250104427338,898.7104258537292,4.315450922648112,692.4250104427338,completed
2459.695427,30,178.294521,1.0,True,30,0,0,804.7396597862244,1127.6307191848755,6.034449768066406,804.7396597862244,completed
2112.409646,30,178.328599,1.0,True,30,0,0,962.440423488617,1286.7243394851685,7.328822104136149,962.440423488617,completed
3078.505138,30,178.362589,1.0,True,30,0,0,700.2882976531982,917.3353309631348,2.704216988881429,700.2882976531982,completed
2135.672626,30,178.396432,1.0,True,30,0,0,874.6016335487366,1332.3707914352417,7.815975379943848,874.6016335487366,completed
2210.413831,30,178.431414,1.0,True,30,0,0,871.1561356782913,1219.4263327121735,8.675392023722331,871.1561356782913,completed
2338.447015,30,178.467676,1.0,True,30,0,0,789.962504863739,1148.543620109558,8.23629166285197,789.962504863739,completed
3040.557408,30,178.503256,1.0,True,30,0,0,655.7356543540955,878.037353515625,3.25266850789388,655.7356543540955,completed
3505.687058,30,178.538789,1.0,True,30,0,0,574.263053894043,689.5326490402222,1.0211532592773438,574.263053894043,completed
2684.505343,30,178.572902,1.0,True,30,0,0,816.9438519477844,1008.0504288673401,5.607881228129069,816.9438519477844,completed
2782.736849,30,178.607411,1.0,True,30,0,0,708.1642265319824,904.3697204589844,6.542632039388021,708.1642265319824,completed
3269.636043,30,178.641327,1.0,True,30,0,0,622.3128089904785,765.9779281616211,3.073342514038086,622.3128089904785,completed
2097.210625,30,178.675229,1.0,True,30,0,0,867.0502061843872,1218.113935470581,10.210565376281739,867.0502061843872,completed
2890.682063,30,178.709107,1.0,True,30,0,0,746.4996690750122,995.8911333084106,3.5156314849853514,746.4996690750122,completed
2845.647352,30,179.789191,1.0,True,30,0,0,738.5507793426514,1007.855221748352,3.7096906026204426,738.5507793426514,completed
1984.990227,30,179.825945,1.0,True,30,0,0,852.4456686973572,1232.2152309417725,12.385093625386556,852.4456686973572,completed
1423.813508,30,179.862776,1.0,True,30,0,0,999.8429800271988,1401.0007507801056,15.502997970581054,999.8429800271988,completed
2719.880078,30,179.898967,1.0,True,30,0,0,732.5257313251495,1036.2750506401062,6.17836545308431,732.5257313251495,completed
1214.859063,30,179.935776,1.0,True,30,0,0,1013.990700006485,1444.683750629425,18.04323984781901,1013.990700006485,completed
2643.714499,30,179.972365,1.0,True,30,0,0,769.0661997795105,1001.5528020858765,6.885628318786621,769.0661997795105,completed
3152.642687,30,180.009147,1.0,True,30,0,0,729.0978016853333,995.9115219116211,0.15659929911295573,729.0978016853333,completed
2097.687908,30,180.045322,1.0,True,30,0,0,864.5673227310181,1221.8994188308716,10.991372299194335,864.5673227310181,completed
2911.903263,30,180.081249,1.0,True,30,0,0,720.248918056488,973.341025352478,3.837870979309082,720.248918056488,completed
3381.846228,30,180.117594,1.0,True,30,0,0,636.5075343847275,790.2233293056488,1.0333931605021158,636.5075343847275,completed
2482.37256,30,180.15776,1.0,True,30,0,0,806.3801560401917,978.0215864181519,9.632926686604817,806.3801560401917,completed
2824.715905,30,180.196382,1.0,True,30,0,0,787.1118240356445,976.070912361145,4.155649948120117,787.1118240356445,completed
3081.354056,30,180.234405,1.0,True,30,0,0,727.7885618209839,911.4942321777344,2.488819185892741,727.7885618209839,completed
3317.249582,30,180.2742,1.0,True,30,0,0,712.1689901351929,758.0788488388062,1.9427048365275066,712.1689901351929,completed
3344.441541,30,180.30895,1.0,True,30,0,0,596.7944632768631,805.6628034114838,1.3542116165161133,596.7944632768631,completed
2593.826961,30,180.344578,1.0,True,30,0,0,810.8479903936386,1024.3356540203094,6.881583754221598,810.8479903936386,completed
2942.172981,30,180.37999,1.0,True,30,0,0,722.5233006477356,891.4944639205933,3.977818806966146,722.5233006477356,completed
3125.514503,30,180.414469,1.0,True,30,0,0,641.8482789993286,882.8021478652954,3.1382361094156903,641.8482789993286,completed
2851.046607,30,180.44933,1.0,True,30,0,0,710.1588430404663,921.7727432250977,5.8984678268432615,710.1588430404663,completed
2440.688702,30,180.48349,1.0,True,30,0,0,833.7775795459747,1030.9919724464417,8.249226347605388,833.7775795459747,completed
3273.647936,30,180.518303,1.0,True,30,0,0,687.0722126960754,848.87730884552,1.2557282765706381,687.0722126960754,completed
2130.010472,30,180.552386,1.0,True,30,0,0,906.1326186656952,1344.0694613456726,6.9638924916585285,906.1326186656952,completed
2810.859264,30,180.586623,1.0,True,30,0,0,711.094295501709,988.3709001541138,4.9212694803873696,711.094295501709,completed
2774.637269,30,180.621039,1.0,True,30,0,0,774.2546911239624,971.7568893432617,5.614622306823731,774.2546911239624,completed
2528.771736,30,180.656363,1.0,True,30,0,0,852.1487772464752,1206.9960770606995,4.204055213928223,852.1487772464752,completed
2828.182498,30,180.690353,1.0,True,30,0,0,696.3943077325821,858.3808434009552,7.162699826558431,696.3943077325821,completed
2988.985662,30,180.723998,1.0,True,30,0,0,738.9893463850021,928.253835439682,3.6090251922607424,738.9893463850021,completed
2452.780204,30,180.757842,1.0,True,30,0,0,781.27476978302,1157.6355504989624,6.250930468241374,781.27476978302,completed
1962.597673,30,180.791915,1.0,True,30,0,0,915.6043343544006,1414.3761930465698,8.370431900024414,915.6043343544006,completed
3257.992182,30,180.825542,1.0,True,30,0,0,676.0756638050079,826.2000088691711,1.6257068316141765,676.0756638050079,completed
2631.754406,30,180.859041,1.0,True,30,0,0,737.8844561576843,950.7966413497925,7.493976910909017,737.8844561576843,completed
2180.210486,30,180.892833,1.0,True,30,0,0,934.8037633895874,1256.2552318572998,7.450441678365071,934.8037633895874,completed
3105.846059,30,180.926052,1.0,True,30,0,0,745.7979803085327,955.3520803451538,1.51313107808431,745.7979803085327,completed
2261.142927,30,180.961625,1.0,True,30,0,0,882.192554473877,1279.6840896606445,6.6148173650105795,882.192554473877,completed
2770.464851,30,180.998702,1.0,True,30,0,0,853.9498603343964,1201.340886592865,1.0948376337687173,853.9498603343964,completed
3277.555735,30,181.032203,1.0,True,30,0,0,597.4016637802124,704.3178014755249,3.9042280832926433,597.4016637802124,completed
2508.134675,30,181.065457,1.0,True,30,0,0,884.4511480331421,1252.0227422714233,4.232826995849609,884.4511480331421,completed
2999.618378,30,181.099493,1.0,True,30,0,0,749.0889387130737,903.8444499969482,3.7783227284749348,749.0889387130737,completed
3039.45227,30,181.13328,1.0,True,30,0,0,691.2160089015961,966.5705723762512,2.543174918492635,691.2160089015961,completed
3415.612241,30,181.166485,1.0,True,30,0,0,576.2669906616211,713.5149879455566,1.6460179646809896,576.2669906616211,completed
2832.373803,30,181.200156,1.0,True,30,0,0,770.7244553565979,1050.0966396331787,3.251420338948568,770.7244553565979,completed
3291.926886,30,181.233516,1.0,True,30,0,0,614.8138201236725,774.6498036384583,2.2011672973632814,614.8138201236725,completed
2970.482094,30,181.267114,1.0,True,30,0,0,670.0733463764191,829.5592141151428,5.582646036148072,670.0733463764191,completed
2619.419484,30,181.300569,1.0,True,30,0,0,739.7487468719482,1004.1766686439514,7.535615539550781,739.7487468719482,completed
2230.820178,30,181.333875,1.0,True,30,0,0,892.9059829711914,1241.7478303909302,7.708560307820638,892.9059829711914,completed
1635.412967,30,181.367358,1.0,True,30,0,0,940.7202515602112,1297.6674423217773,14.045344924926757,940.7202515602112,completed
2741.623903,30,181.400591,1.0,True,30,0,0,754.487012386322,1029.0024862289429,5.729685910542806,754.487012386322,completed
2792.624601,30,181.434168,1.0,True,30,0,0,736.7270050048828,1003.4406461715698,5.109241422017416,736.7270050048828,completed
2535.433819,30,181.467767,1.0,True,30,0,0,795.191487789154,1022.7089014053345,7.624524943033854,795.191487789154,completed
2464.628725,30,181.501285,1.0,True,30,0,0,802.4641210436821,1151.5584243535995,6.786308924357097,802.4641210436821,completed
3336.912979,30,181.535501,1.0,True,30,0,0,683.552077293396,781.037467956543,1.0635759989420572,683.552077293396,completed
2808.459701,30,181.574866,1.0,True,30,0,0,730.109058380127,956.0258960723877,5.364106305440267,730.109058380127,completed
3331.962875,30,181.613298,1.0,True,30,0,0,637.2892162799835,914.2396321296692,0.0,637.2892162799835,completed
3281.750265,30,181.649133,1.0,True,30,0,0,646.2258629798889,807.4860210418701,2.287993240356445,646.2258629798889,completed
2708.286195,30,181.685101,1.0,True,30,0,0,642.9218168258667,942.6387357711792,8.150968424479167,642.9218168258667,completed
3468.364606,30,181.718502,1.0,True,30,0,0,636.966579914093,749.8169240951538,0.32761383056640625,636.966579914093,completed
3021.610673,30,181.75238,1.0,True,30,0,0,650.2823843955994,882.5845355987549,4.372948455810547,650.2823843955994,completed
3358.917034,30,181.786377,1.0,True,30,0,0,690.6999025344849,860.6027498245239,0.0,690.6999025344849,completed
3179.924172,30,181.819955,1.0,True,30,0,0,617.0332716107368,766.7846466302872,4.18987922668457,617.0332716107368,completed
1951.630073,30,181.853878,1.0,True,30,0,0,783.3074221611023,1188.1253952980042,13.60745898882548,783.3074221611023,completed
2826.664874,30,181.888536,1.0,True,30,0,0,705.366217136383,1034.8818559646606,3.862422561645508,705.366217136383,completed
2011.445712,30,181.926162,1.0,True,30,0,0,855.0169167518616,1114.0040121078491,13.668995412190755,855.0169167518616,completed
3227.204812,30,181.963924,1.0,True,30,0,0,688.7498369216919,803.6455450057983,2.425586446126302,688.7498369216919,completed
1888.46276,30,181.998333,1.0,True,30,0,0,863.569708108902,1141.3365578651428,14.715420023600261,863.569708108902,completed
3277.137085,30,182.032214,1.0,True,30,0,0,697.4715580940247,753.861741065979,2.418867746988932,697.4715580940247,completed
2306.627175,30,182.066206,1.0,True,30,0,0,788.2911505699158,1142.7363457679749,9.30646923383077,788.2911505699158,completed
2288.671154,30,182.099827,1.0,True,30,0,0,897.12948179245,1279.1917886734009,6.015669822692871,897.12948179245,completed
2886.911493,30,182.133849,1.0,True,30,0,0,711.4513163566589,1004.922399520874,3.7633846282958983,711.4513163566589,completed
2413.108693,30,183.284154,1.0,True,30,0,0,757.2736916542053,1060.7464213371277,8.928433815638224,757.2736916542053,completed
2388.687472,30,183.318936,1.0,True,30,0,0,857.5741715431213,1276.6429662704468,6.041012700398763,857.5741715431213,completed
2887.26134,30,183.353005,1.0,True,30,0,0,685.703645825386,884.6218845844269,6.220539983113607,685.703645825386,completed
2375.432482,30,183.387144,1.0,True,30,0,0,774.8730854988098,1194.025086402893,7.7702678680419925,774.8730854988098,completed
3280.422963,30,183.420908,1.0,True,30,0,0,621.0836980342865,782.5453352928162,2.185449155171712,621.0836980342865,completed
3335.116323,30,183.454691,1.0,True,30,0,0,703.1962795257568,875.4235534667969,0.0,703.1962795257568,completed
1851.526277,30,183.48846,1.0,True,30,0,0,911.4889245778322,1304.9323274195194,12.685913467407227,911.4889245778322,completed
2969.240751,30,183.522502,1.0,True,30,0,0,687.376630783081,861.1034097671509,4.851992003122965,687.376630783081,completed
1934.165767,30,183.556622,1.0,True,30,0,0,941.5399160385132,1403.8972454071045,9.19372189839681,941.5399160385132,completed
2675.91763,30,183.590505,1.0,True,30,0,0,664.3393132686615,918.4649930000305,8.919454828898113,664.3393132686615,completed
2725.161936,30,183.624463,1.0,True,30,0,0,784.542320728302,1005.4993753433228,5.3010559717814125,784.542320728302,completed
3074.113956,30,183.65809,1.0,True,30,0,0,690.4528739452362,878.8237318992615,3.58180357615153,690.4528739452362,completed
3358.469238,30,183.691916,1.0,True,30,0,0,702.4452972412109,770.0786867141724,0.7162837982177734,702.4452972412109,completed
1992.322201,30,183.725774,1.0,True,30,0,0,910.9133925437927,1240.2720947265625,11.113840993245443,910.9133925437927,completed
2845.913178,30,183.759543,1.0,True,30,0,0,831.5717144012451,1093.770622253418,2.4499351501464846,831.5717144012451,completed
2745.111409,30,183.7932,1.0,True,30,0,0,731.909125328064,987.7998123168945,5.819388707478841,731.909125328064,completed
2730.298761,30,183.827556,1.0,True,30,0,0,746.6505155563354,1036.865605354309,4.602646064758301,746.6505155563354,completed
2294.17387,30,183.861138,1.0,True,30,0,0,802.8091928958893,1146.8010580539703,8.460990842183431,802.8091928958893,completed
2121.205447,30,183.895659,1.0,True,30,0,0,845.9631974697113,1257.514268398285,9.299182319641114,845.9631974697113,completed
1311.230827,30,183.929893,1.0,True,30,0,0,1049.6632471084595,1586.3999824523926,13.898854064941407,1049.6632471084595,completed
1372.527209,30,183.963435,1.0,True,30,0,0,987.3887519836426,1384.0028762817383,18.0439395904541,987.3887519836426,completed
1975.034283,30,183.997084,1.0,True,30,0,0,895.2548539638519,1179.8843166828156,13.499000930786133,895.2548539638519,completed
3230.071184,30,184.031134,1.0,True,30,0,0,690.7151829004288,756.5998356342316,2.8039981206258138,690.7151829004288,completed
2602.49706,30,184.064987,1.0,True,30,0,0,741.3671176433563,1017.6373839378357,7.5546924591064455,741.3671176433563,completed
3126.841827,30,184.098629,1.0,True,30,0,0,662.8012819290161,780.9219069480896,3.5243884404500325,662.8012819290161,completed
3238.054152,30,184.132652,1.0,True,30,0,0,669.1555037498474,860.1685199737549,1.4044528961181642,669.1555037498474,completed
2077.630766,30,184.166529,1.0,True,30,0,0,901.4624619483948,1425.665509223938,6.804328282674153,901.4624619483948,completed
3344.179658,30,184.200065,1.0,True,30,0,0,672.3200132846832,795.5278434753418,0.7891284306844075,672.3200132846832,completed
2787.977007,30,184.233593,1.0,True,30,0,0,718.4575066566467,975.5599794387817,5.880541865030924,718.4575066566467,completed
2851.585701,30,184.268079,1.0,True,30,0,0,784.552182674408,979.2049026489258,3.6759599367777507,784.552182674408,completed
2352.383133,30,184.3019,1.0,True,30,0,0,820.9345273971558,1255.3677215576172,6.152527618408203,820.9345273971558,completed
1476.85843,30,184.336127,1.0,True,30,0,0,994.4200763702393,1472.597773551941,14.193866221110026,994.4200763702393,completed
1807.406356,30,184.369835,1.0,True,30,0,0,999.5960118770599,1466.518114566803,9.994435183207194,999.5960118770599,completed
2830.506373,30,184.403549,1.0,True,30,0,0,838.0626909732819,1189.9357285499573,0.4621118545532227,838.0626909732819,completed
2342.714425,30,184.438249,1.0,True,30,0,0,791.872941493988,1122.3908491134644,8.625531260172526,791.872941493988,completed
1497.735787,30,184.475254,1.0,True,30,0,0,1040.4505899250507,1491.0774131417274,12.630145072937012,1040.4505899250507,completed
2271.962779,30,184.510353,1.0,True,30,0,0,791.835675239563,1033.9464931488037,11.00991121927897,791.835675239563,completed
2977.142762,30,184.551375,1.0,True,30,0,0,682.0099449157715,850.5495615005493,5.800779215494791,682.0099449157715,completed
1603.425548,30,184.587289,1.0,True,30,0,0,943.8904857635498,1458.545555114746,13.680667495727539,943.8904857635498,completed
2622.58127,30,184.622562,1.0,True,30,0,0,722.0463557243347,953.3088426589966,8.175853157043457,722.0463557243347,completed
2299.628361,30,184.65769,1.0,True,30,0,0,807.7143588066101,1144.3502402305603,9.199295997619629,807.7143588066101,completed
2256.443052,30,184.69505,1.0,True,30,0,0,846.5470054149628,1251.1201395988464,7.989943186442058,846.5470054149628,completed
2364.13714,30,184.731926,1.0,True,30,0,0,814.2080836296082,1210.4359340667725,6.847641372680664,814.2080836296082,completed
3293.061466,30,184.766407,1.0,True,30,0,0,625.825572013855,755.0013999938965,2.8490275065104167,625.825572013855,completed
1930.504411,30,184.803359,1.0,True,30,0,0,925.8618185520172,1217.616051197052,11.576680692036946,925.8618185520172,completed
2167.363959,30,184.839876,1.0,True,30,0,0,901.3324956893921,1245.9199142456055,9.43874397277832,901.3324956893921,completed
2255.282077,30,184.875872,1.0,True,30,0,0,795.6434078216553,1124.7160234451294,10.419070879618326,795.6434078216553,completed
2834.257189,30,184.911605,1.0,True,30,0,0,733.8726234436035,1008.5328860282898,4.35055103302002,733.8726234436035,completed
2670.120454,30,184.948274,1.0,True,30,0,0,810.73899102211,1121.4736711978912,3.8302518844604494,810.73899102211,completed
2316.365231,30,184.983177,1.0,True,30,0,0,763.0805258750916,1047.8666133880615,10.718886311848959,763.0805258750916,completed
3374.307068,30,185.017871,1.0,True,30,0,0,643.0604391098022,795.3270807266235,0.5832813262939454,643.0604391098022,completed
3083.578959,30,185.053086,1.0,True,30,0,0,710.7979770451784,979.2620202600956,1.3792338689168295,710.7979770451784,completed
2797.922833,30,185.088358,1.0,True,30,0,0,672.1044101715088,865.914381980896,7.355145009358724,672.1044101715088,completed
2471.348305,30,185.124091,1.0,True,30,0,0,770.2114527225494,1081.009813785553,7.456900469462076,770.2114527225494,completed
3025.883118,30,185.158268,1.0,True,30,0,0,694.6747245788574,834.7469863891602,4.318172709147135,694.6747245788574,completed
3428.995585,30,185.192703,1.0,True,30,0,0,634.159715294838,709.6000587940216,1.3324753443400066,634.159715294838,completed
3185.963093,30,185.227465,1.0,True,30,0,0,720.3398513793945,947.0279588699341,0.585037358601888,720.3398513793945,completed
2534.86438,30,185.263683,1.0,True,30,0,0,803.0860551595688,1015.1788794994354,8.109786987304688,803.0860551595688,completed
2755.161216,30,185.298924,1.0,True,30,0,0,646.4914655685425,949.7780332565308,6.78646780649821,646.4914655685425,completed
3392.876449,30,185.334894,1.0,True,30,0,0,625.9261891841888,763.8360815048218,1.022469123204549,625.9261891841888,completed
2602.664207,30,185.36967,1.0,True,30,0,0,724.1403319835663,1058.7771124839783,6.136612828572591,724.1403319835663,completed
3342.674049,30,185.404985,1.0,True,30,0,0,594.8318767547607,716.1253137588501,3.044816335042318,594.8318767547607,completed
2565.858593,30,185.440249,1.0,True,30,0,0,804.9488368034363,1178.199387550354,4.585879643758138,804.9488368034363,completed
3002.828614,30,185.475051,1.0,True,30,0,0,745.4024529457092,926.6680746078491,3.343250528971354,745.4024529457092,completed
2512.408217,30,185.509983,1.0,True,30,0,0,796.8353929519653,1079.8910732269287,6.943506113688151,796.8353929519653,completed
2934.842267,30,185.544703,1.0,True,30,0,0,732.4769711494446,816.0230579376221,4.967436440785726,732.4769711494446,completed
2279.454978,30,185.579664,1.0,True,30,0,0,869.3556308746338,1202.9150037765503,7.8454189936319985,869.3556308746338,completed
3105.569481,30,185.61443,1.0,True,30,0,0,664.5924863815308,797.8347930908203,4.8009459177653,664.5924863815308,completed
2892.173004,30,186.685564,1.0,True,30,0,0,720.703639626503,968.7311728000641,4.663342030843099,720.703639626503,completed
3063.277916,30,186.720204,1.0,True,30,0,0,786.1231718063354,1009.3463072776794,0.8294540405273437,786.1231718063354,completed
2055.446721,30,186.754124,1.0,True,30,0,0,839.2505617141724,1110.044771194458,12.749228223164875,839.2505617141724,completed
2927.290317,30,186.788239,1.0,True,30,0,0,709.7183570861816,855.9411334991455,5.839057032267252,709.7183570861816,completed
2887.07809,30,186.821767,1.0,True,30,0,0,750.5073804855347,950.749130487442,3.946557299296061,750.5073804855347,completed
2497.508962,30,186.85564,1.0,True,30,0,0,756.4997539520264,986.308874130249,8.894190406799316,756.4997539520264,completed
2767.876481,30,186.889626,1.0,True,30,0,0,749.1672992706299,988.5317792892456,5.253969701131185,749.1672992706299,completed
1227.423995,30,186.923823,1.0,True,30,0,0,946.2616467475891,1430.00514793396,19.196889241536457,946.2616467475891,completed
3175.911622,30,186.95736,1.0,True,30,0,0,591.3360084295273,726.9516680240631,4.827332305908203,591.3360084295273,completed
2527.157689,30,186.991066,1.0,True,30,0,0,774.5453746318817,962.885600566864,8.649015426635742,774.5453746318817,completed
1908.771171,30,187.025197,1.0,True,30,0,0,778.9296412467957,1228.8292741775513,13.619314050674438,778.9296412467957,completed
2485.583787,30,187.059504,1.0,True,30,0,0,790.6623096466064,1121.188886642456,7.111850865681967,790.6623096466064,completed
1674.642928,30,187.093523,1.0,True,30,0,0,854.9775547981262,1337.0440349578857,14.360368347167968,854.9775547981262,completed
3624.893919,30,187.12769,1.0,True,30,0,0,575.7115616500378,641.2269400954247,0.3221584955851237,575.7115616500378,completed
3493.297698,30,187.161414,1.0,True,30,0,0,604.8934871852398,699.5907911658287,1.1536056518554687,604.8934871852398,completed
1936.915707,30,187.195278,1.0,True,30,0,0,967.0741100311279,1436.5779132843018,8.710068702697754,967.0741100311279,completed
2251.431088,30,187.228908,1.0,True,30,0,0,974.6112937927246,1463.0329341888428,3.324431800842285,974.6112937927246,completed
3328.263222,30,187.263346,1.0,True,30,0,0,618.6194581985474,721.720235824585,2.944547398885091,618.6194581985474,completed
3256.674799,30,187.297147,1.0,True,30,0,0,672.8659868240356,830.2132930755615,1.606183115641276,672.8659868240356,completed
1690.193889,30,187.330859,1.0,True,30,0,0,913.7810342311859,1317.3555541038513,15.540773010253906,913.7810342311859,completed
2808.468165,30,187.364602,1.0,True,30,0,0,744.8918197154999,901.5770983695984,5.7976989110310875,744.8918197154999,completed
3491.168582,30,187.397965,1.0,True,30,0,0,570.515079498291,676.5065951347351,1.539418601989746,570.515079498291,completed
2403.302323,30,187.432128,1.0,True,30,0,0,887.6655583381653,1128.2053260803223,6.9678747177124025,887.6655583381653,completed
2546.420659,30,187.465611,1.0,True,30,0,0,802.6884295940399,1031.8140788078308,7.616179943084717,802.6884295940399,completed
2247.091419,30,187.499222,1.0,True,30,0,0,771.3754930496216,1126.4453983306885,9.516555786132812,771.3754930496216,completed
1983.829663,30,187.532986,1.0,True,30,0,0,904.3782260417938,1192.5303320884705,12.19600060780843,904.3782260417938,completed
3405.936966,30,187.566371,1.0,True,30,0,0,665.781822681427,761.1320285797119,0.8724784851074219,665.781822681427,completed
2848.67104,30,187.599804,1.0,True,30,0,0,714.3344314098358,907.6969141960144,5.737694931030274,714.3344314098358,completed
3544.62621,30,187.633723,1.0,True,30,0,0,565.6529467105865,636.7665657997131,1.4256466547648112,565.6529467105865,completed
492.696771,30,187.667146,1.0,True,30,0,0,1181.2655775547028,1759.9562783241272,23.87653293609619,1181.2655775547028,completed
2004.825971,30,187.700703,1.0,True,30,0,0,946.1362590789795,1240.8187503814697,10.959860801696777,946.1362590789795,completed
2332.783076,30,187.734413,1.0,True,30,0,0,907.2420492172241,1250.0972661972046,4.879411697387695,907.2420492172241,completed
1754.400768,30,187.767626,1.0,True,30,0,0,1048.5454635620117,1597.1642475128174,7.576521364847819,1048.5454635620117,completed
3303.820313,30,187.802567,1.0,True,30,0,0,706.0143675804138,792.0917987823486,1.1878348032633463,706.0143675804138,completed
2683.204713,30,187.837505,1.0,True,30,0,0,761.8528122901917,1115.692358970642,4.623700078328451,761.8528122901917,completed
1694.313514,30,187.871849,1.0,True,30,0,0,935.2353858947754,1425.2618312835693,11.195954004923502,935.2353858947754,completed
1548.042748,30,187.905517,1.0,True,30,0,0,943.6372184753418,1324.3163051605225,14.567116419474283,943.6372184753418,completed
3132.954954,30,187.939974,1.0,True,30,0,0,767.720338344574,875.7590284347534,1.8846318562825521,767.720338344574,completed
1970.213462,30,187.973289,1.0,True,30,0,0,822.8536951541901,1143.3268208503723,13.72358029683431,822.8536951541901,completed
2663.262077,30,188.007052,1.0,True,30,0,0,698.2914333343506,963.2136964797974,7.553799947102864,698.2914333343506,completed
1768.923919,30,188.040317,1.0,True,30,0,0,961.4348121881485,1357.9298946857452,12.591538492838541,961.4348121881485,completed
1906.529709,30,188.073809,1.0,True,30,0,0,968.9887158870697,1394.894028186798,9.128227170308431,968.9887158870697,completed
2101.260759,30,188.107404,1.0,True,30,0,0,884.7259588241577,1195.1625843048096,11.220413716634114,884.7259588241577,completed
2744.594002,30,188.140729,1.0,True,30,0,0,656.6984777450562,970.1920576095581,7.319594128926595,656.6984777450562,completed
2514.377679,30,188.174365,1.0,True,30,0,0,750.56130027771,1016.810375213623,8.113235473632812,750.56130027771,completed
2537.341101,30,188.208144,1.0,True,30,0,0,761.7288522720337,1117.5511584281921,5.771921888987223,761.7288522720337,completed
2699.256348,30,188.241434,1.0,True,30,0,0,737.6367139816284,918.8879413604736,6.956414794921875,737.6367139816284,completed
2824.892084,30,188.275067,1.0,True,30,0,0,707.1495189666748,954.7773656845093,5.759385045369466,707.1495189666748,completed
2669.996423,30,188.308369,1.0,True,30,0,0,785.7498770952225,954.2328855991364,7.148291269938151,785.7498770952225,completed
3415.15889,30,188.341449,1.0,True,30,0,0,650.449384689331,795.9277687072754,0.23418223063151042,650.449384689331,completed
2864.167891,30,188.374698,1.0,True,30,0,0,688.2785224914551,827.5420632362366,5.959478759765625,688.2785224914551,completed
2650.021733,30,188.408055,1.0,True,30,0,0,697.3493695259094,983.0609197616577,7.420027224222819,697.3493695259094,completed
2931.572739,30,188.441261,1.0,True,30,0,0,704.3604311943054,896.8734650611877,4.6541698455810545,704.3604311943054,completed
3101.547527,30,188.474741,1.0,True,30,0,0,725.6702463626862,921.20942735672,1.9953325907389323,725.6702463626862,completed
2515.814458,30,188.508417,1.0,True,30,0,0,788.3506174087524,1049.8978757858276,7.938125133514404,788.3506174087524,completed
3030.248379,30,188.541315,1.0,True,30,0,0,701.1469483375549,868.7722539901733,3.5568995475769043,701.1469483375549,completed
2804.053906,30,188.575245,1.0,True,30,0,0,801.7697081565857,1070.869257926941,3.032134755452474,801.7697081565857,completed
2559.208125,30,188.612751,1.0,True,30,0,0,784.1413614749908,1017.145158290863,7.02412306467692,784.1413614749908,completed
3072.408651,30,188.64802,1.0,True,30,0,0,709.1938707828522,978.6798329353333,1.175453503926595,709.1938707828522,completed
2662.885193,30,188.683106,1.0,True,30,0,0,686.3158264160156,929.5713024139404,7.879947980244954,686.3158264160156,completed
3417.117554,30,188.718754,1.0,True,30,0,0,579.6736927032471,670.821382522583,2.7862451553344725,579.6736927032471,completed
2540.743361,30,188.754411,1.0,True,30,0,0,805.7109096050262,1208.5008234977722,4.4413197835286455,805.7109096050262,completed
2173.417135,30,188.790192,1.0,True,30,0,0,748.0815365314484,1061.8170189857483,12.578920364379883,748.0815365314484,completed
3401.68023,30,188.825011,1.0,True,30,0,0,657.0701627731323,740.2861967086792,1.4127142588297525,657.0701627731323,completed
2797.034466,30,188.859076,1.0,True,30,0,0,731.1830997467041,1125.6958541870117,2.849837239583333,731.1830997467041,completed
2679.972572,30,188.892924,1.0,True,30,0,0,760.0552515983582,1090.1773691177368,4.746652857462565,760.0552515983582,completed
2806.256304,30,188.928465,1.0,True,30,0,0,851.4913229942322,1182.9728651046753,1.2763125101725261,851.4913229942322,completed
2673.343281,30,188.962356,1.0,True,30,0,0,874.310364484787,1306.6468577384949,0.9959826151529948,874.310364484787,completed
2638.447678,30,190.00371,1.0,True,30,0,0,701.7402472496033,967.7380113601685,8.68327267964681,701.7402472496033,completed
2546.949059,30,190.038101,1.0,True,30,0,0,781.9164850711823,1073.4233384132385,6.635589631398519,781.9164850711823,completed
3561.5195,30,190.071262,1.0,True,30,0,0,604.2652769088745,723.5648488998413,0.0,604.2652769088745,completed
3013.826513,30,190.104753,1.0,True,30,0,0,664.4182567596436,903.4777131080627,3.9782841364542643,664.4182567596436,completed
2996.07517,30,190.13819,1.0,True,30,0,0,698.6162514686584,947.0104093551636,3.1340604782104493,698.6162514686584,completed
2733.314443,30,190.171665,1.0,True,30,0,0,708.2963500022888,973.3104000091553,6.517771784464518,708.2963500022888,completed
2630.623573,30,190.205155,1.0,True,30,0,0,799.2317950725555,1061.224359035492,6.1248425801595054,799.2317950725555,completed
3255.626716,30,190.240465,1.0,True,30,0,0,684.1950001716614,843.1228837966919,1.6903518676757812,684.1950001716614,completed
2571.72083,30,190.274143,1.0,True,30,0,0,842.4419317245483,1090.0593461990356,6.1458121617635095,842.4419317245483,completed
2467.187458,30,190.308325,1.0,True,30,0,0,793.4233397245407,1138.5700681209564,7.488857714335124,793.4233397245407,completed
2668.445607,30,190.341117,1.0,True,30,0,0,758.183851480484,1013.3875184059143,6.365296872456868,758.183851480484,completed
2474.151898,30,190.374087,1.0,True,30,0,0,739.604962348938,1136.0050268173218,7.541326586405436,739.604962348938,completed
2169.740308,30,190.407578,1.0,True,30,0,0,827.3930436372757,1178.3790428638458,10.126781972249349,827.3930436372757,completed
2536.516762,30,190.446371,1.0,True,30,0,0,743.2334163188934,1027.6495048999786,7.618812211354574,743.2334163188934,completed
2833.876393,30,190.479222,1.0,True,30,0,0,677.3848531246185,948.6499228477478,5.602963002522786,677.3848531246185,completed
2628.595825,30,190.512031,1.0,True,30,0,0,796.3425555229187,1181.0472917556763,3.990777015686035,796.3425555229187,completed
1983.494653,30,190.544889,1.0,True,30,0,0,935.6038279533386,1406.1118450164795,8.390333684285482,935.6038279533386,completed
2334.355333,30,190.577806,1.0,True,30,0,0,775.364631652832,1083.117917060852,10.483269659678141,775.364631652832,completed
2653.419249,30,190.610769,1.0,True,30,0,0,806.123403608799,1224.5801030397415,3.097809918721517,806.123403608799,completed
1939.126435,30,190.643654,1.0,True,30,0,0,763.8203983306885,1091.908187866211,15.358038647969563,763.8203983306885,completed
1842.969806,30,190.67641,1.0,True,30,0,0,839.8118085861206,1196.6680812835693,15.530136998494466,839.8118085861206,completed
2710.349091,30,190.709218,1.0,True,30,0,0,772.3408975601196,1037.4465684890747,4.250919087727865,772.3408975601196,completed
3079.35678,30,190.741961,1.0,True,30,0,0,721.3058242797852,921.729718208313,2.3992839177449543,721.3058242797852,completed
2782.535402,30,190.774781,1.0,True,30,0,0,748.0486741065979,1046.1475744247437,4.381217702229818,748.0486741065979,completed
3502.97732,30,190.809187,1.0,True,30,0,0,578.2108316421509,697.428204536438,1.2987525939941407,578.2108316421509,completed
3390.250169,30,190.842592,1.0,True,30,0,0,596.094260931015,733.1950631141663,1.9263117472330729,596.094260931015,completed
1777.910529,30,190.875907,1.0,True,30,0,0,920.3379466533661,1329.5862469673157,12.955697186787923,920.3379466533661,completed
2547.662551,30,190.909336,1.0,True,30,0,0,702.906093120575,1033.9859609603882,8.136820602416993,702.906093120575,completed
2326.793993,30,190.942585,1.0,True,30,0,0,842.3433021306992,1160.7628314495087,8.09934851328532,842.3433021306992,completed
3051.79458,30,190.97556,1.0,True,30,0,0,622.1277089118958,829.8279218673706,4.701968002319336,622.1277089118958,completed
2850.587919,30,191.008389,1.0,True,30,0,0,731.0170877575874,903.5736519098282,5.614513524373373,731.0170877575874,completed
2794.892604,30,191.041724,1.0,True,30,0,0,656.4216639995575,916.6625757217407,6.632092730204264,656.4216639995575,completed
2289.795012,30,191.074737,1.0,True,30,0,0,803.790159702301,1161.9284744262695,9.496826171875,803.790159702301,completed
2597.915768,30,191.108197,1.0,True,30,0,0,776.1082611083984,1046.708306312561,5.917335637410482,776.1082611083984,completed
2700.941598,30,191.141183,1.0,True,30,0,0,796.2531390190125,1125.6734743118286,4.217761611938476,796.2531390190125,completed
2860.551903,30,191.174813,1.0,True,30,0,0,662.9507727622986,867.7973194122314,6.785009702046712,662.9507727622986,completed
3052.025581,30,191.208066,1.0,True,30,0,0,600.9818162918091,851.4243688583374,4.0969753901163735,600.9818162918091,completed
2994.476269,30,191.245278,1.0,True,30,0,0,706.8972253799438,918.1400995254517,3.607188097635905,706.8972253799438,completed
2649.21309,30,191.2787,1.0,True,30,0,0,733.0820207595825,978.4460163116455,5.910784657796224,733.0820207595825,completed
2453.873059,30,191.311851,1.0,True,30,0,0,688.4438855648041,1015.3467366695404,9.7696533203125,688.4438855648041,completed
3063.700977,30,191.344797,1.0,True,30,0,0,658.5496883392334,951.0351753234863,2.7505086263020835,658.5496883392334,completed
2506.535039,30,191.378036,1.0,True,30,0,0,831.6176385879517,1241.5449423789978,4.146582349141439,831.6176385879517,completed
3001.931909,30,191.411332,1.0,True,30,0,0,755.7103888988495,977.9746842384338,2.314495086669922,755.7103888988495,completed
3112.098383,30,191.444837,1.0,True,30,0,0,732.5091128349304,822.7244558334351,3.1399874687194824,732.5091128349304,completed
3109.575289,30,191.477845,1.0,True,30,0,0,649.2366843223572,865.1041984558105,3.654468027750651,649.2366843223572,completed
2586.125759,30,191.510677,1.0,True,30,0,0,752.1720380783081,1186.0541706085205,5.048523839314779,752.1720380783081,completed
3065.517774,30,191.544102,1.0,True,30,0,0,736.2935309410095,852.65012550354,3.74651616414388,736.2935309410095,completed
3308.195916,30,191.577201,1.0,True,30,0,0,568.8596382141113,766.2501983642578,2.960218048095703,568.8596382141113,completed
3780.633611,30,191.610079,1.0,True,30,0,0,505.0839512348175,578.4691071510315,0.0,505.0839512348175,completed
2868.555459,30,191.643295,1.0,True,30,0,0,721.9130307435989,938.6559507846832,5.596252950032552,721.9130307435989,completed
1919.635533,30,191.676517,1.0,True,30,0,0,871.6298642158508,1142.0317058563232,13.685861206054687,871.6298642158508,completed
2977.738182,30,191.709616,1.0,True,30,0,0,677.0110330581665,897.9074821472168,4.5559494654337565,677.0110330581665,completed
2740.93932,30,191.742452,1.0,True,30,0,0,754.2148914337158,996.2989387512207,5.9267152150472,754.2148914337158,completed
3017.65077,30,191.775702,1.0,True,30,0,0,776.372730255127,867.4497838020325,3.8721804936726887,776.372730255127,completed
2510.791227,30,191.808964,1.0,True,30,0,0,759.715455532074,1010.8054132461548,9.024892425537109,759.715455532074,completed
2477.59635,30,191.842248,1.0,True,30,0,0,874.6519646644592,1088.311294555664,5.757834116617839,874.6519646644592,completed
2852.40561,30,191.875523,1.0,True,30,0,0,754.387505531311,1025.5613012313843,3.1140742619832356,754.387505531311,completed
1992.350675,30,191.908692,1.0,True,30,0,0,894.6592427492142,1279.7701790332794,10.551776377360026,894.6592427492142,completed
1560.523509,30,191.941895,1.0,True,30,0,0,823.3678359985352,1241.513684272766,18.32984561920166,823.3678359985352,completed
3164.253,30,191.975492,1.0,True,30,0,0,721.4515490531921,866.1506052017212,1.5851734161376954,721.4515490531921,completed
2675.015543,30,192.008426,1.0,True,30,0,0,749.6576356887817,1049.2173442840576,5.684179941813151,749.6576356887817,completed
3029.410836,30,192.041616,1.0,True,30,0,0,642.5343155860901,811.5301914215088,5.623089408874511,642.5343155860901,completed
2830.247098,30,192.074818,1.0,True,30,0,0,800.3373274803162,952.7983846664429,4.774538040161133,800.3373274803162,completed
3257.804263,30,192.107983,1.0,True,30,0,0,734.8492679595947,894.6666488647461,0.2025477091471354,734.8492679595947,completed
2710.684554,30,192.140799,1.0,True,30,0,0,773.49303150177,1074.0111293792725,4.8134564081827795,773.49303150177,completed
2316.587538,30,192.173834,1.0,True,30,0,0,842.9439687728882,1032.5669031143188,10.613708114624023,842.9439687728882,completed
2119.793085,30,192.20675,1.0,True,30,0,0,798.3931913375854,1147.00847530365,12.241027959187825,798.3931913375854,completed
3246.303871,30,192.239968,1.0,True,30,0,0,686.6461318135262,965.1894994974136,0.0,686.6461318135262,completed
2745.195265,30,192.272951,1.0,True,30,0,0,752.0153651237488,1000.9718317985535,5.375441678365072,752.0153651237488,completed
3022.867032,30,193.346761,1.0,True,30,0,0,770.9002141952515,1092.3964114189148,0.13261311848958332,770.9002141952515,completed
2631.323943,30,193.380178,1.0,True,30,0,0,768.3756041526794,1087.4047288894653,5.941758219401041,768.3756041526794,completed
2367.022692,30,193.41352,1.0,True,30,0,0,789.9157295227051,1044.9333534240723,10.076686350504557,789.9157295227051,completed
2197.400439,30,193.447015,1.0,True,30,0,0,800.6308549642563,1150.9226033687592,10.436769739786785,800.6308549642563,completed
3182.132383,30,193.480262,1.0,True,30,0,0,622.605462551117,799.6874370574951,3.4941359837849935,622.605462551117,completed
3464.831789,30,193.513602,1.0,True,30,0,0,625.3833181858063,756.2273087501526,0.38480300903320314,625.3833181858063,completed
2952.803811,30,193.546993,1.0,True,30,0,0,708.8834528923035,973.7674207687378,4.095365905761719,708.8834528923035,completed
2646.053245,30,193.580608,1.0,True,30,0,0,721.1485624313354,950.0917987823486,7.435943984985352,721.1485624313354,completed
3100.447516,30,193.613687,1.0,True,30,0,0,602.0452861785889,860.8856744766235,3.9391845067342124,602.0452861785889,completed
3038.983202,30,193.646977,1.0,True,30,0,0,740.8095479011536,875.6601767539978,3.3050812403361003,740.8095479011536,completed
2255.399648,30,193.680828,1.0,True,30,0,0,900.0220098495483,1206.570725440979,8.289322471618652,900.0220098495483,completed
1914.14253,30,193.714211,1.0,True,30,0,0,943.7293314933777,1444.7084341049194,7.507343228658041,943.7293314933777,completed
3184.984572,30,193.747568,1.0,True,30,0,0,631.1521553993225,805.3435220718384,3.2574376742045086,631.1521553993225,completed
2995.236479,30,193.78091,1.0,True,30,0,0,666.374386548996,902.0734724998474,3.8776344935099285,666.374386548996,completed
2511.831293,30,193.817618,1.0,True,30,0,0,750.1216235160828,996.6738624572754,8.945908069610596,750.1216235160828,completed
3371.059907,30,193.851154,1.0,True,30,0,0,639.9043605327606,877.2704329490662,0.0,639.9043605327606,completed
3011.845578,30,193.884296,1.0,True,30,0,0,694.0371336936951,907.0989246368408,3.6487220764160155,694.0371336936951,completed
3358.917034,30,193.917355,1.0,True,30,0,0,690.6999025344849,860.6027498245239,0.0,690.6999025344849,completed
2663.095165,30,193.950387,1.0,True,30,0,0,735.8229916095734,1094.089548587799,4.3652089436848955,735.8229916095734,completed
3203.730899,30,193.983623,1.0,True,30,0,0,710.07887840271,895.9675140380859,0.9109584808349609,710.07887840271,completed
2164.008301,30,194.017302,1.0,True,30,0,0,798.5255560874939,1102.6766271591187,12.315534591674805,798.5255560874939,completed
2979.120422,30,194.050531,1.0,True,30,0,0,663.4049797058105,1008.5200538635254,2.6410755157470702,663.4049797058105,completed
2316.057509,30,194.084038,1.0,True,30,0,0,747.2147290706635,1062.3821902275085,10.616554069519044,747.2147290706635,completed
2178.296177,30,194.1176,1.0,True,30,0,0,719.6709163188934,1066.9833416938782,12.686993281046549,719.6709163188934,completed
2822.766984,30,194.150968,1.0,True,30,0,0,638.209114074707,933.2133302688599,5.629548072814941,638.209114074707,completed
3356.305407,30,194.184379,1.0,True,30,0,0,693.3887219429016,861.5103273391724,0.0,693.3887219429016,completed
3091.10743,30,194.217602,1.0,True,30,0,0,689.324079990387,930.0654740333557,2.3704350153605143,689.324079990387,completed
2977.290923,30,194.250946,1.0,True,30,0,0,683.3573021888733,778.4960789680481,5.0224834760030115,683.3573021888733,completed
2381.129073,30,194.284219,1.0,True,30,0,0,719.7281699180603,1009.5232057571411,11.192641639709473,719.7281699180603,completed
2222.998098,30,194.317369,1.0,True,30,0,0,840.8927931785583,1105.7556371688843,10.852250417073568,840.8927931785583,completed
2877.122058,30,194.350734,1.0,True,30,0,0,787.9721302986145,974.4022979736328,4.137535603841146,787.9721302986145,completed
2912.680945,30,194.384163,1.0,True,30,0,0,684.8879420757294,882.4144902229309,5.84550584157308,684.8879420757294,completed
2287.499306,30,194.417486,1.0,True,30,0,0,826.2084717750549,1153.7741327285767,9.0437344233195,826.2084717750549,completed
1698.814935,30,194.452009,1.0,True,30,0,0,924.863471031189,1342.1666221618652,13.99806162516276,924.863471031189,completed
2835.241902,30,194.485463,1.0,True,30,0,0,791.937424659729,1062.8282279968262,3.1747432072957356,791.937424659729,completed
2922.063787,30,194.51883,1.0,True,30,0,0,699.5694758892059,972.8926367759705,3.4668771107991536,699.5694758892059,completed
2818.726582,30,194.552503,1.0,True,30,0,0,715.0649838447571,968.7749338150024,5.526366678873698,715.0649838447571,completed
2801.715061,30,194.586002,1.0,True,30,0,0,770.1679792404175,990.6111011505127,4.858532333374024,770.1679792404175,completed
2977.392969,30,194.619237,1.0,True,30,0,0,763.8051085472107,1039.3272457122803,1.5177332560221355,763.8051085472107,completed
2399.262911,30,194.652596,1.0,True,30,0,0,829.1166214942932,1106.1634721755981,8.024788284301758,829.1166214942932,completed
2056.704471,30,194.68919,1.0,True,30,0,0,940.7753458023071,1207.6366691589355,10.757166417439779,940.7753458023071,completed
2574.841359,30,194.723119,1.0,True,30,0,0,839.5089559555054,1075.763669013977,6.385220527648926,839.5089559555054,completed
2654.277777,30,194.756025,1.0,True,30,0,0,748.7879405021667,1015.4445953369141,6.65767339070638,748.7879405021667,completed
2587.811992,30,194.789795,1.0,True,30,0,0,718.6799917221069,999.9658727645874,7.516959222157796,718.6799917221069,completed
2403.318865,30,194.82327,1.0,True,30,0,0,806.9916417598724,1091.4165053367615,8.032133229573567,806.9916417598724,completed
2873.024771,30,194.856573,1.0,True,30,0,0,759.7271931171417,885.6277928352356,5.282472356160482,759.7271931171417,completed
1457.199383,30,194.889813,1.0,True,30,0,0,996.4443821907043,1461.8868474960327,15.530974260965984,996.4443821907043,completed
2480.27737,30,194.923322,1.0,True,30,0,0,785.1476764678955,1100.7903480529785,6.7960773468017575,785.1476764678955,completed
2067.623129,30,194.956939,1.0,True,30,0,0,802.3043990135193,1248.887713432312,10.37029577891032,802.3043990135193,completed
2684.316971,30,194.990454,1.0,True,30,0,0,805.8119928836823,1032.343647480011,5.693630345662435,805.8119928836823,completed
2192.054781,30,195.023522,1.0,True,30,0,0,808.8307650089264,1240.1050953865051,9.225519243876139,808.8307650089264,completed
2375.534807,30,195.056781,1.0,True,30,0,0,730.1685280799866,1018.6236515045166,10.59796765645345,730.1685280799866,completed
2836.483543,30,195.090381,1.0,True,30,0,0,772.701327085495,1044.275682926178,3.2698734919230144,772.701327085495,completed
3149.05784,30,195.12363,1.0,True,30,0,0,694.9368586540222,892.0665254592896,2.045114453633626,694.9368586540222,completed
1306.154359,30,195.156623,1.0,True,30,0,0,957.2176308631897,1544.387354850769,16.51148287455241,957.2176308631897,completed
513.715508,30,195.189941,1.0,True,30,0,0,1208.9980874061584,2016.5091695785522,18.54542589187622,1208.9980874061584,completed
2671.993496,30,195.223708,1.0,True,30,0,0,797.5764937400818,1035.8978843688965,5.082882245381673,797.5764937400818,completed
3389.105915,30,195.441894,1.0,True,30,0,0,638.1450278759003,787.9959378242493,0.9368589401245118,638.1450278759003,completed
2845.308598,30,195.475842,1.0,True,30,0,0,818.7991850376129,1080.4961905479431,2.4144346872965494,818.7991850376129,completed
3219.729022,30,195.508777,1.0,True,30,0,0,717.875545501709,893.8849401473999,0.6045369466145833,717.875545501709,completed
2806.23872,30,195.541995,1.0,True,30,0,0,734.3777437210083,1024.5456256866455,4.102240753173828,734.3777437210083,completed
2904.888889,30,195.575849,1.0,True,30,0,0,815.4818240702152,1084.0598586201668,1.3892695426940918,815.4818240702152,completed
2998.945205,30,195.608966,1.0,True,30,0,0,659.5835251808167,816.1081519126892,5.459761873881022,659.5835251808167,completed
3263.858211,30,195.642345,1.0,True,30,0,0,661.5046153068542,795.030800819397,1.828418986002604,661.5046153068542,completed
3097.360339,30,195.675502,1.0,True,30,0,0,660.6651360988617,808.6967272758484,3.9445696512858075,660.6651360988617,completed
3421.529873,30,195.708718,1.0,True,30,0,0,623.1669075489044,751.7944874763489,1.2099341074625651,623.1669075489044,completed
1010.769579,30,195.742354,1.0,True,30,0,0,1022.2680567502975,1675.6288182735443,17.54463144938151,1022.2680567502975,completed
1779.668622,30,195.775537,1.0,True,30,0,0,885.3338422775269,1324.9341020584106,13.361725997924804,885.3338422775269,completed
2919.552956,30,196.804605,1.0,True,30,0,0,708.864269733429,1018.7235498428345,3.825542958577474,708.864269733429,completed
2818.912633,30,196.838095,1.0,True,30,0,0,778.8209261894226,1181.7912740707397,1.397073491414388,778.8209261894226,completed
2217.322698,30,196.871573,1.0,True,30,0,0,836.5667858123779,1114.6360416412354,10.827293078104654,836.5667858123779,completed
3212.288222,30,196.905754,1.0,True,30,0,0,618.6870815753937,795.8403000831604,3.517919985453288,618.6870815753937,completed
2682.037118,30,196.938995,1.0,True,30,0,0,664.3117541074753,913.4911086559296,8.49226016998291,664.3117541074753,completed
2887.632677,30,196.972022,1.0,True,30,0,0,658.168625831604,828.2533669471741,7.106457392374675,658.168625831604,completed
2286.75887,30,197.005081,1.0,True,30,0,0,789.4913824796677,1201.4263303279877,8.132955614725748,789.4913824796677,completed
3305.498843,30,197.039164,1.0,True,30,0,0,620.9443035125732,755.3290872573853,2.267876307169596,620.9443035125732,completed
3161.465504,30,197.072721,1.0,True,30,0,0,677.9725956916809,768.1676626205444,3.4461085001627603,677.9725956916809,completed
2974.363914,30,197.10616,1.0,True,30,0,0,745.1142158508301,887.9735622406006,4.529943974812825,745.1142158508301,completed
3005.403138,30,197.139525,1.0,True,30,0,0,730.3354157209396,910.945974111557,3.322584025065104,730.3354157209396,completed
3073.280842,30,197.172465,1.0,True,30,0,0,665.0871589183807,812.9120898246765,4.641059398651123,665.0871589183807,completed
2372.71569,30,197.205968,1.0,True,30,0,0,757.5083356648684,1027.1031571924686,9.38276392618815,757.5083356648684,completed
3251.920669,30,197.240102,1.0,True,30,0,0,696.9120514392853,828.6855435371399,1.4729667027791342,696.9120514392853,completed
2532.01768,30,197.273698,1.0,True,30,0,0,794.5241572856903,1015.9836535453796,7.394763437906901,794.5241572856903,completed
3190.138444,30,197.307297,1.0,True,30,0,0,634.590943813324,804.658323764801,3.566380564371745,634.590943813324,completed
2839.326698,30,197.340991,1.0,True,30,0,0,719.4373562335968,933.579074382782,5.367898432413737,719.4373562335968,completed
2740.971463,30,197.373943,1.0,True,30,0,0,816.2962675094604,1137.480754852295,3.133699099222819,816.2962675094604,completed
3025.320318,30,197.40703,1.0,True,30,0,0,730.5662751197815,912.4915838241577,3.793319574991862,730.5662751197815,completed
2596.916823,30,197.440212,1.0,True,30,0,0,819.8912258148193,1131.1307497024536,5.1984102884928385,819.8912258148193,completed
3168.679858,30,197.473473,1.0,True,30,0,0,687.3829219341278,936.5482745170593,0.9781214396158854,687.3829219341278,completed
2992.708619,30,197.50684,1.0,True,30,0,0,683.2473707199097,923.212441444397,4.196821212768555,683.2473707199097,completed
2883.895641,30,197.540146,1.0,True,30,0,0,766.329204916954,1025.5075805187225,2.4708082834879557,766.329204916954,completed
1775.260926,30,197.573649,1.0,True,30,0,0,889.7397131919861,1331.2028150558472,12.85953582127889,889.7397131919861,completed
3323.454746,30,197.610207,1.0,True,30,0,0,602.0472877025604,778.2610859870911,1.7371614456176758,602.0472877025604,completed
2701.161048,30,197.643478,1.0,True,30,0,0,715.6097323894501,1029.6528494358063,5.947582976023356,715.6097323894501,completed
2644.046973,30,197.676588,1.0,True,30,0,0,825.9258184432983,1167.1506175994873,3.6921976089477537,825.9258184432983,completed
3282.73683,30,197.709848,1.0,True,30,0,0,722.1246633529663,852.5535364151001,0.6863246917724609,722.1246633529663,completed
2969.029405,30,197.74367,1.0,True,30,0,0,592.7444505691528,842.2840032577515,5.7301920255025225,592.7444505691528,completed
2741.469804,30,197.779934,1.0,True,30,0,0,796.3371796607971,948.1620802879333,5.9624933242797855,796.3371796607971,completed
3200.10498,30,197.814909,1.0,True,30,0,0,749.5278224945068,868.907096862793,1.073008664449056,749.5278224945068,completed
2250.333123,30,197.850048,1.0,True,30,0,0,858.0054728984833,1256.5978541374207,7.043432569503784,858.0054728984833,completed
2640.95586,30,197.883705,1.0,True,30,0,0,709.9361824989319,1033.9097204208374,6.0963623046875,709.9361824989319,completed
2320.332635,30,197.916748,1.0,True,30,0,0,879.117901802063,1231.212589263916,6.547712930043539,879.117901802063,completed
3325.374962,30,197.950027,1.0,True,30,0,0,637.0184741020203,839.9468936920166,0.641206169128418,637.0184741020203,completed
3114.488142,30,197.983201,1.0,True,30,0,0,744.6836652755737,867.472373008728,2.1580341339111326,744.6836652755737,completed
2116.144692,30,198.016463,1.0,True,30,0,0,959.4610550403595,1431.2028040885925,5.897593180338542,959.4610550403595,completed
3193.825917,30,198.0495,1.0,True,30,0,0,647.7168214321136,792.7442851066589,4.008754603068033,647.7168214321136,completed
2988.953853,30,198.08265,1.0,True,30,0,0,769.0854051113129,938.0219979286194,2.7128451029459635,769.0854051113129,completed
2490.625827,30,198.116367,1.0,True,30,0,0,833.6666316986084,1086.606746673584,6.81511287689209,833.6666316986084,completed
3243.952294,30,198.14974,1.0,True,30,0,0,706.1013851165771,883.3114585876465,0.9290711720784505,706.1013851165771,completed
2846.46952,30,198.182768,1.0,True,30,0,0,782.7694215774536,1106.1257514953613,1.8688416798909506,782.7694215774536,completed
2621.2593,30,198.21618,1.0,True,30,0,0,731.4676736593246,972.2905523777008,7.755674807230632,731.4676736593246,completed
2797.980261,30,198.249254,1.0,True,30,0,0,727.2721972465515,924.3906569480896,5.730444971720377,727.2721972465515,completed
3110.794502,30,198.282599,1.0,True,30,0,0,732.8382289409637,936.6083257198334,1.4872233708699545,732.8382289409637,completed
2905.061707,30,198.315721,1.0,True,30,0,0,787.9585480690002,925.3321228027344,3.73829714457194,787.9585480690002,completed
2195.772727,30,198.348967,1.0,True,30,0,0,864.3869733810425,1138.7845649719238,10.46553446451823,864.3869733810425,completed
2803.097017,30,198.381801,1.0,True,30,0,0,771.920615196228,1138.9272413253784,2.5155108133951822,771.920615196228,completed
3091.29756,30,198.415185,1.0,True,30,0,0,664.4035830497742,838.0232973098755,4.303911050160726,664.4035830497742,completed
2272.353433,30,198.448066,1.0,True,30,0,0,895.9536904990673,1211.3211097121239,8.377018864949545,895.9536904990673,completed
3097.955135,30,198.481248,1.0,True,30,0,0,736.8226447105408,896.8927965164185,2.8061533610026044,736.8226447105408,completed
2605.317883,30,198.514449,1.0,True,30,0,0,844.3575410842896,1180.1103448867798,3.9157702128092446,844.3575410842896,completed
3046.029792,30,198.548023,1.0,True,30,0,0,693.2200474739075,934.8335218429565,2.5786884307861326,693.2200474739075,completed
3190.500385,30,198.58139,1.0,True,30,0,0,665.2342669963837,842.1744160652161,2.5661199569702147,665.2342669963837,completed
2525.863947,30,198.614665,1.0,True,30,0,0,671.0213928222656,970.5737075805664,9.56486899058024,671.0213928222656,completed
2155.741388,30,198.648135,1.0,True,30,0,0,798.3614659309387,1045.8857264518738,12.246123886108398,798.3614659309387,completed
2448.513289,30,198.681537,1.0,True,30,0,0,841.7555017471313,1085.9518270492554,7.448106670379639,841.7555017471313,completed
3011.59964,30,198.714811,1.0,True,30,0,0,671.2731909751892,851.7525844573975,4.478476715087891,671.2731909751892,completed
1772.255062,30,198.748303,1.0,True,30,0,0,951.1867444515228,1272.388171672821,12.54009838104248,951.1867444515228,completed
2079.516269,30,198.781414,1.0,True,30,0,0,917.5834379196167,1280.2290153503418,9.694695854187012,917.5834379196167,completed
2444.512186,30,198.814658,1.0,True,30,0,0,769.8058876991272,1043.1347997188568,8.185933367411296,769.8058876991272,completed
2825.132494,30,198.847935,1.0,True,30,0,0,792.6007843017578,1125.9892077445984,2.595315106709798,792.6007843017578,completed
2801.56736,30,198.881114,1.0,True,30,0,0,777.244873046875,1033.4431247711182,4.421637980143229,777.244873046875,completed
2299.287584,30,198.914336,1.0,True,30,0,0,908.9263713359833,1174.7095828056335,7.636267534891764,908.9263713359833,completed
1993.444804,30,198.947293,1.0,True,30,0,0,833.3567867279053,1219.0439686775208,12.259879302978515,833.3567867279053,completed
3177.424959,30,198.980465,1.0,True,30,0,0,650.1303806304932,843.7508411407471,3.3228481292724608,650.1303806304932,completed
2732.181398,30,199.013546,1.0,True,30,0,0,733.8363109827042,1030.898240327835,5.22547918955485,733.8363109827042,completed
3010.586485,30,199.046815,1.0,True,30,0,0,617.6313166618347,750.3006467819214,6.475066884358724,617.6313166618347,completed
2838.076424,30,200.080819,1.0,True,30,0,0,746.8624315261841,940.4518184661865,4.5718186060587565,746.8624315261841,completed
3237.145968,30,200.115344,1.0,True,30,0,0,700.4158411026001,840.2578496932983,1.4720148722330728,700.4158411026001,completed
2753.180226,30,200.148861,1.0,True,30,0,0,712.3046164512634,955.8446569442749,6.050131352742513,712.3046164512634,completed
2388.383572,30,200.182366,1.0,True,30,0,0,808.2237212657928,1161.2779004573822,7.821275075276692,808.2237212657928,completed
2831.092364,30,200.215988,1.0,True,30,0,0,729.2275235652924,986.3632597923279,4.02285893758138,729.2275235652924,completed
3184.515878,30,200.249394,1.0,True,30,0,0,753.2897644042969,943.1308002471924,0.3511063893636068,753.2897644042969,completed
2489.256749,30,200.28306,1.0,True,30,0,0,759.3332676887512,1074.4566736221313,7.387349160512288,759.3332676887512,completed
3214.915713,30,200.316714,1.0,True,30,0,0,721.959415435791,877.0070648193359,0.9533477783203125,721.959415435791,completed
2988.558329,30,200.349911,1.0,True,30,0,0,705.8318519592285,887.7354412078857,4.273892911275228,705.8318519592285,completed
3044.613071,30,200.383635,1.0,True,30,0,0,695.9350371360779,852.8527879714966,3.661463991800944,695.9350371360779,completed
2381.629688,30,200.417191,1.0,True,30,0,0,843.9215116500854,1056.5641775131226,9.079946835835775,843.9215116500854,completed
2666.730398,30,200.450473,1.0,True,30,0,0,688.4049599170685,902.4871850013733,8.291512044270833,688.4049599170685,completed
3489.547202,30,200.484036,1.0,True,30,0,0,583.7649943828583,690.0054993629456,0.7697958628336589,583.7649943828583,completed
3191.423947,30,200.517055,1.0,True,30,0,0,720.3483881950378,996.6972913742065,0.0,720.3483881950378,completed
2851.905197,30,200.550115,1.0,True,30,0,0,813.7558634579182,1080.6079373955727,2.7695425669352214,813.7558634579182,completed
2364.589168,30,200.583719,1.0,True,30,0,0,844.90456199646,1208.9392085075378,6.977249431610107,844.90456199646,completed
3121.512297,30,200.617321,1.0,True,30,0,0,652.2817295193672,823.8144174814224,3.765380096435547,652.2817295193672,completed
3139.056443,30,200.650396,1.0,True,30,0,0,714.5958995819092,922.4476256370544,1.4582271575927734,714.5958995819092,completed
3116.547215,30,200.683719,1.0,True,30,0,0,636.0527954101562,855.0124530792236,3.0217901547749837,636.0527954101562,completed
2704.538448,30,200.717201,1.0,True,30,0,0,757.2460045814514,966.7569074630737,6.62802251180013,757.2460045814514,completed
2402.465817,30,200.750678,1.0,True,30,0,0,821.738664150238,1111.7287015914917,7.943156878153483,821.738664150238,completed
1290.561824,30,200.784042,1.0,True,30,0,0,1055.6316108703613,1407.6390056610107,17.46093839009603,1055.6316108703613,completed
3379.409067,30,200.8175,1.0,True,30,0,0,634.2408399581909,740.2331027984619,2.0131669362386067,634.2408399581909,completed
3162.150852,30,200.850794,1.0,True,30,0,0,649.1894917488098,899.3739938735962,2.150400988260905,649.1894917488098,completed
2387.461798,30,200.884106,1.0,True,30,0,0,770.6932325363159,1036.783911705017,9.660999329884847,770.6932325363159,completed
2541.359936,30,200.917876,1.0,True,30,0,0,789.5080482959747,1207.7302422523499,5.023866144816081,789.5080482959747,completed
2369.896627,30,200.95472,1.0,True,30,0,0,926.8408799171448,1198.9952821731567,6.2517339070638025,926.8408799171448,completed
2544.72492,30,200.988203,1.0,True,30,0,0,780.0646660327911,1043.7995686531067,7.2342792510986325,780.0646660327911,completed
2919.865491,30,201.021405,1.0,True,30,0,0,673.2603855133057,940.7640781402588,4.772296524047851,673.2603855133057,completed
2870.884357,30,201.054877,1.0,True,30,0,0,777.7327628135681,1058.350700378418,2.804836908976237,777.7327628135681,completed
1737.63965,30,201.088203,1.0,True,30,0,0,951.872086763382,1393.5376591682434,12.13909454345703,951.872086763382,completed
3539.109951,30,201.121927,1.0,True,30,0,0,576.3413896560669,693.68932056427,0.7837827046712239,576.3413896560669,completed
2913.684021,30,201.15504,1.0,True,30,0,0,785.1389434337616,1131.7725100517273,0.6713808695475261,785.1389434337616,completed
3197.381097,30,201.188468,1.0,True,30,0,0,683.6728966236115,938.56938123703,0.9164807637532552,683.6728966236115,completed
2906.804904,30,201.221504,1.0,True,30,0,0,681.8226118087769,957.8885307312012,4.590402412414551,681.8226118087769,completed
2986.356286,30,201.254615,1.0,True,30,0,0,707.8836207389832,999.4616537094116,2.658428700764974,707.8836207389832,completed
2283.897641,30,201.288291,1.0,True,30,0,0,824.2600536346436,1249.2505168914795,7.372845967610677,824.2600536346436,completed
1110.643079,30,201.321691,1.0,True,30,0,0,950.5610556602478,1422.6378746032715,20.81864376068115,950.5610556602478,completed
2608.349607,30,201.355001,1.0,True,30,0,0,763.6174283027649,1017.4320373535156,8.071744918823242,763.6174283027649,completed
3253.701819,30,201.388047,1.0,True,30,0,0,734.345160484314,932.4464406967163,0.0,734.345160484314,completed
2646.064542,30,201.421255,1.0,True,30,0,0,838.8610572814941,1003.1048545837402,5.28672472635905,838.8610572814941,completed
2098.144084,30,201.454786,1.0,True,30,0,0,862.2750864028931,1232.4178528785706,9.980520439147949,862.2750864028931,completed
2489.217461,30,201.488312,1.0,True,30,0,0,807.34783411026,1176.1902914047241,6.292741966247559,807.34783411026,completed
2658.724512,30,201.521566,1.0,True,30,0,0,955.7626504898071,1284.0784692764282,0.8388596852620442,955.7626504898071,completed
2782.089439,30,201.554554,1.0,True,30,0,0,745.0573043823242,936.5838756561279,6.010565249125163,745.0573043823242,completed
1155.019693,30,201.588355,1.0,True,30,0,0,951.4544196128845,1356.3410577774048,21.702208201090496,951.4544196128845,completed
2729.656978,30,201.621718,1.0,True,30,0,0,637.7739678621292,887.621812582016,8.021577453613281,637.7739678621292,completed
2702.446726,30,201.654895,1.0,True,30,0,0,723.302273273468,965.9079627990723,7.017885843912761,723.302273273468,completed
2866.633516,30,201.688223,1.0,True,30,0,0,778.2765038013458,1021.7949643135071,3.123768679300944,778.2765038013458,completed
2375.300292,30,201.721587,1.0,True,30,0,0,861.7744228839874,1139.8214740753174,7.480523872375488,861.7744228839874,completed
2904.191065,30,201.754621,1.0,True,30,0,0,660.5471224784851,980.2867631912231,4.436087036132813,660.5471224784851,completed
3210.010615,30,201.790156,1.0,True,30,0,0,658.2216913700104,758.9294056892395,3.8372337341308596,658.2216913700104,completed
3397.609409,30,201.823514,1.0,True,30,0,0,660.6697704792023,801.3062052726746,0.3258650461832682,660.6697704792023,completed
2469.928456,30,201.856848,1.0,True,30,0,0,830.1958022117615,1169.981972694397,5.666231536865235,830.1958022117615,completed
2971.699269,30,201.890359,1.0,True,30,0,0,698.4727861881256,942.6527466773987,3.6216506322224933,698.4727861881256,completed
2730.397818,30,201.923474,1.0,True,30,0,0,808.8932085037231,1100.9068632125854,3.637811787923177,808.8932085037231,completed
3076.570539,30,201.956691,1.0,True,30,0,0,713.374279499054,901.481442451477,3.3129217783610025,713.374279499054,completed
3365.153681,30,201.990009,1.0,True,30,0,0,671.2532052993774,841.6120052337646,0.02201983133951823,671.2532052993774,completed
2886.594144,30,202.023437,1.0,True,30,0,0,697.4551725387573,937.949556350708,4.719804000854492,697.4551725387573,completed
2674.036227,30,202.056661,1.0,True,30,0,0,755.5427398681641,1003.8502531051636,5.640047518412272,755.5427398681641,completed
2329.032721,30,202.090161,1.0,True,30,0,0,846.1014015674591,1181.9962887763977,8.051842006047567,846.1014015674591,completed
2708.548401,30,202.123286,1.0,True,30,0,0,748.4085364341736,978.5742344856262,6.01624698638916,748.4085364341736,completed
2192.874609,30,202.156383,1.0,True,30,0,0,811.6319913864136,1247.4134044647217,9.04985752105713,811.6319913864136,completed
2105.241968,30,202.189658,1.0,True,30,0,0,832.7979488372803,1253.9580783843994,9.762089602152507,832.7979488372803,completed
2357.076346,30,202.22297,1.0,True,30,0,0,909.1649198532104,1304.75288772583,4.703275426228841,909.1649198532104,completed
3362.995937,30,202.256179,1.0,True,30,0,0,606.8864483833313,744.4418001174927,1.6497702280680338,606.8864483833313,completed
3258.013107,30,202.289599,1.0,True,30,0,0,723.5918247699738,815.989119052887,1.7540627797444661,723.5918247699738,completed
3247.059392,30,202.327003,1.0,True,30,0,0,674.9422171115875,918.4041047096252,0.5455127080281575,674.9422171115875,completed
2474.865699,30,202.360173,1.0,True,30,0,0,730.452166557312,970.4188070297241,10.656705220540365,730.452166557312,completed
2979.848269,30,203.408752,1.0,True,30,0,0,726.4222984313965,928.3877325057983,3.4678641001383466,726.4222984313965,completed
1650.371352,30,203.442258,1.0,True,30,0,0,930.060055732727,1481.4436283111572,11.7834103902181,930.060055732727,completed
3051.042499,30,203.475766,1.0,True,30,0,0,709.5459833145142,902.5278167724609,3.34082187016805,709.5459833145142,completed
2814.672926,30,203.509045,1.0,True,30,0,0,763.7247314453125,1015.256829738617,4.6718287150065105,763.7247314453125,completed
2940.612278,30,203.542781,1.0,True,30,0,0,709.6383137702942,1048.9282674789429,2.4963939984639487,709.6383137702942,completed
2540.136771,30,203.57627,1.0,True,30,0,0,788.7218277454376,973.2478528022766,8.51762490272522,788.7218277454376,completed
1846.432136,30,203.609666,1.0,True,30,0,0,937.5685849189758,1241.6675624847412,13.253206570943197,937.5685849189758,completed
2571.84366,30,203.64319,1.0,True,30,0,0,749.3653991222382,991.4085726737976,8.049794514973959,749.3653991222382,completed
2849.934386,30,203.676514,1.0,True,30,0,0,741.999044418335,963.9286308288574,4.409078216552734,741.999044418335,completed
2569.50073,30,203.710128,1.0,True,30,0,0,740.6868703365326,1000.1144661903381,8.432687250773112,740.6868703365326,completed
2503.910072,30,203.743431,1.0,True,30,0,0,724.9350125789642,927.9521012306213,10.173026816050212,724.9350125789642,completed
2872.837839,30,203.776769,1.0,True,30,0,0,649.3222992420197,901.1174817085266,6.522325865427653,649.3222992420197,completed
1817.016611,30,203.810171,1.0,True,30,0,0,954.2474994659424,1426.736701965332,10.18374195098877,954.2474994659424,completed
2774.586741,30,203.843556,1.0,True,30,0,0,711.6700708866119,1036.8388085365295,5.048142115275065,711.6700708866119,completed
3116.841351,30,203.876541,1.0,True,30,0,0,704.9850206375122,909.0756359100342,2.586407279968262,704.9850206375122,completed
3164.783747,30,203.909549,1.0,True,30,0,0,672.758729159832,804.7215231657028,3.1894556681315103,672.758729159832,completed
3198.087077,30,203.942806,1.0,True,30,0,0,700.1107721328735,810.9884867668152,3.0793187459309896,700.1107721328735,completed
3036.663028,30,203.975691,1.0,True,30,0,0,623.5445704460144,811.3466577529907,5.695481777191162,623.5445704460144,completed
1686.049817,30,204.009078,1.0,True,30,0,0,899.4085230827332,1327.7385702133179,13.896544027328492,899.4085230827332,completed
3116.373249,30,204.042834,1.0,True,30,0,0,657.8320868015289,828.30277967453,4.129907353719076,657.8320868015289,completed
2722.266002,30,204.076677,1.0,True,30,0,0,686.2715525627136,912.9871377944946,7.194753583272298,686.2715525627136,completed
3046.25179,30,204.110815,1.0,True,30,0,0,675.7870922088623,861.805814743042,4.088159306844076,675.7870922088623,completed
2708.493514,30,204.144533,1.0,True,30,0,0,785.8328914642334,1003.616810798645,6.017137654622396,785.8328914642334,completed
2159.161057,30,204.178295,1.0,True,30,0,0,883.8329830169678,1161.7796039581299,10.87635981241862,883.8329830169678,completed
2939.927022,30,204.211764,1.0,True,30,0,0,675.9058570861816,882.5438823699951,5.062186559041341,675.9058570861816,completed
1661.375713,30,204.245471,1.0,True,30,0,0,903.5694661140442,1474.3028383255005,11.995824750264486,903.5694661140442,completed
1674.014551,30,204.279511,1.0,True,30,0,0,933.7714066505432,1360.9235162734985,13.56177895863851,933.7714066505432,completed
2084.618849,30,204.313382,1.0,True,30,0,0,837.3243346214294,1204.8157715797424,10.961486689249675,837.3243346214294,completed
2937.952973,30,204.347181,1.0,True,30,0,0,736.0736312866211,856.1990466117859,4.976398277282715,736.0736312866211,completed
2079.928543,30,204.381251,1.0,True,30,0,0,834.6975815296173,1128.2309784889221,12.053313859303792,834.6975815296173,completed
2379.744496,30,204.415096,1.0,True,30,0,0,732.4868023395538,1035.8678250312805,10.605146916707357,732.4868023395538,completed
1465.895417,30,204.448717,1.0,True,30,0,0,983.7447943687439,1483.001929283142,13.875926399230957,983.7447943687439,completed
2631.629268,30,204.481959,1.0,True,30,0,0,736.1690192222595,1055.6846771240234,5.590269597371419,736.1690192222595,completed
2624.811736,30,204.515841,1.0,True,30,0,0,744.485969543457,1055.1542482376099,6.4637834866841635,744.485969543457,completed
2819.434574,30,204.54944,1.0,True,30,0,0,806.2486162185669,1038.207899093628,3.746459452311198,806.2486162185669,completed
2744.361928,30,204.582831,1.0,True,30,0,0,725.3398442268372,960.0671072006226,6.4060057957967125,725.3398442268372,completed
2729.514717,30,204.6164,1.0,True,30,0,0,669.0810751914978,892.6386623382568,8.03556849161784,669.0810751914978,completed
3041.144235,30,204.649709,1.0,True,30,0,0,630.9377562999725,765.4189658164978,5.555537478129069,630.9377562999725,completed
2587.285886,30,204.683648,1.0,True,30,0,0,704.9213185310364,1013.8977842330933,7.407896010080973,704.9213185310364,completed
1823.003858,30,204.717712,1.0,True,30,0,0,898.5711603164673,1266.607398033142,11.90975513458252,898.5711603164673,completed
2413.734762,30,204.753857,1.0,True,30,0,0,848.4609088897705,1095.5459775924683,8.201468626658121,848.4609088897705,completed
3590.9511,30,204.789364,1.0,True,30,0,0,563.5710718631744,685.6082806587219,0.19561913808186848,563.5710718631744,completed
2627.780717,30,204.823641,1.0,True,30,0,0,747.5206503868103,1076.3279294967651,6.829102834065755,747.5206503868103,completed
3413.859399,30,204.857681,1.0,True,30,0,0,647.8830844163895,753.711644411087,1.0554656982421875,647.8830844163895,completed
2673.37585,30,204.892352,1.0,True,30,0,0,808.4715528488159,1060.1980285644531,5.755389785766601,808.4715528488159,completed
2290.139483,30,204.92717,1.0,True,30,0,0,1001.9852774143219,1517.7809014320374,1.8185059865315756,1001.9852774143219,completed
2617.64029,30,204.961314,1.0,True,30,0,0,822.411069393158,1112.0778427124023,4.760457356770833,822.411069393158,completed
3440.193518,30,204.99828,1.0,True,30,0,0,567.7970958948135,668.235790014267,2.567814254760742,567.7970958948135,completed
2713.405653,30,205.033379,1.0,True,30,0,0,806.1884889602661,1207.757087469101,2.405807622273763,806.1884889602661,completed
3274.533091,30,205.067913,1.0,True,30,0,0,641.7585859298706,769.86732006073,2.309295082092285,641.7585859298706,completed
2812.982418,30,205.101925,1.0,True,30,0,0,708.1129124164581,915.6190600395203,6.2494811375935875,708.1129124164581,completed
2920.023563,30,205.136203,1.0,True,30,0,0,792.3528184890747,1098.0742182731628,1.5280517578125,792.3528184890747,completed
2477.757108,30,205.171355,1.0,True,30,0,0,754.4075574874878,1018.6186904907227,8.651963297526041,754.4075574874878,completed
2101.325264,30,205.206676,1.0,True,30,0,0,908.2422395944595,1330.3964293003082,8.088221995035807,908.2422395944595,completed
3086.962889,30,205.240978,1.0,True,30,0,0,686.802809715271,883.4091949462891,2.9034218470255535,686.802809715271,completed
2577.24021,30,205.274892,1.0,True,30,0,0,817.1829274892807,990.8517997264862,7.291884231567383,817.1829274892807,completed
1040.152434,30,205.308687,1.0,True,30,0,0,996.260537147522,1604.4047994613647,18.62076606750488,996.260537147522,completed
2460.835425,30,205.342831,1.0,True,30,0,0,872.0918207168579,1206.3867864608765,5.148066965738932,872.0918207168579,completed
3327.690043,30,205.376896,1.0,True,30,0,0,676.5967388153076,896.683557510376,0.0,676.5967388153076,completed
2198.628306,30,205.411808,1.0,True,30,0,0,788.3844003677368,1216.1399383544922,8.093118699391683,788.3844003677368,completed
3341.665419,30,205.445888,1.0,True,30,0,0,609.3660911917686,802.0609549283981,1.3407979329427084,609.3660911917686,completed
3517.901122,30,205.479747,1.0,True,30,0,0,556.7375848293304,678.3989500999451,1.6136246999104817,556.7375848293304,completed
2947.49203,30,205.51338,1.0,True,30,0,0,627.8543872833252,878.7257766723633,4.653283055623373,627.8543872833252,completed
3037.925175,30,205.546815,1.0,True,30,0,0,692.0059218406677,853.858106136322,3.793789259592692,692.0059218406677,completed
2159.558328,30,205.581642,1.0,True,30,0,0,843.2874238491058,1116.4150762557983,10.8568772315979,843.2874238491058,completed
2784.307053,30,205.616964,1.0,True,30,0,0,695.0606532096863,923.4939365386963,6.713553746541341,695.0606532096863,completed
2652.148219,30,205.652138,1.0,True,30,0,0,719.1564793586731,912.5203261375427,7.626425584157308,719.1564793586731,completed
2332.053334,30,205.687153,1.0,True,30,0,0,759.0281603336334,1006.7770111560822,10.834584299723307,759.0281603336334,completed
2688.731009,30,206.737458,1.0,True,30,0,0,763.8148229122162,921.6796641349792,7.652207771937053,763.8148229122162,completed
2602.841523,30,206.77139,1.0,True,30,0,0,880.5908489227295,1285.155860900879,1.6688753445943196,880.5908489227295,completed
2172.142918,30,206.805111,1.0,True,30,0,0,838.5167484283447,1220.5980710983276,9.61815258661906,838.5167484283447,completed
2444.836622,30,206.838799,1.0,True,30,0,0,788.4383109211922,995.5818382501602,9.28267281850179,788.4383109211922,completed
2866.686978,30,206.871886,1.0,True,30,0,0,752.355272769928,1022.6489415168762,3.783100382486979,752.355272769928,completed
2976.107511,30,206.904946,1.0,True,30,0,0,804.2240924835205,1066.7739114761353,1.0484455108642579,804.2240924835205,completed
3505.288325,30,206.938335,1.0,True,30,0,0,584.7819910049438,686.6587767601013,0.9752971013387044,584.7819910049438,completed
2365.402594,30,206.971501,1.0,True,30,0,0,922.0058789253235,1249.0747861862183,5.873526891072591,922.0058789253235,completed
2597.895399,30,207.004924,1.0,True,30,0,0,846.8041014671326,1100.6154108047485,5.472419802347819,846.8041014671326,completed
3597.977672,30,207.038467,1.0,True,30,0,0,560.7994396686554,665.9378504753113,0.46685047149658204,560.7994396686554,completed
2897.438708,30,207.071629,1.0,True,30,0,0,746.2230367660522,968.2558307647705,4.329100926717122,746.2230367660522,completed
1955.049605,30,207.105399,1.0,True,30,0,0,877.4091606140137,1344.5487079620361,9.325021998087566,877.4091606140137,completed
2808.834289,30,207.138689,1.0,True,30,0,0,694.2932794094086,847.5510277748108,7.704726886749268,694.2932794094086,completed
1909.258204,30,207.17207,1.0,True,30,0,0,938.2900248765945,1187.41308426857,13.193556467692057,938.2900248765945,completed
1936.696123,30,207.205182,1.0,True,30,0,0,930.0237426757812,1422.986273765564,8.91674550374349,930.0237426757812,completed
3537.057096,30,207.238797,1.0,True,30,0,0,628.0024082660675,732.8558716773987,0.0,628.0024082660675,completed
1200.260937,30,207.272198,1.0,True,30,0,0,1058.7710239887238,1690.0290684700012,14.17407455444336,1058.7710239887238,completed
2426.291005,30,207.30558,1.0,True,30,0,0,785.3579534292221,1120.3768002986908,7.334662373860677,785.3579534292221,completed
2607.077832,30,207.33879,1.0,True,30,0,0,751.9205513000488,1015.6737251281738,6.575478998819987,751.9205513000488,completed
3067.359871,30,207.372173,1.0,True,30,0,0,707.3420293331146,998.8226132392883,1.7421672821044922,707.3420293331146,completed
2977.584194,30,207.405492,1.0,True,30,0,0,724.2586426734924,842.5583662986755,4.6841069539388025,724.2586426734924,completed
2799.105914,30,207.439039,1.0,True,30,0,0,756.0021414756775,1091.8723649978638,3.60388666788737,756.0021414756775,completed
3400.050724,30,207.472752,1.0,True,30,0,0,634.2660665512085,784.2540369033813,0.8618365923563639,634.2660665512085,completed
2921.883249,30,207.505955,1.0,True,30,0,0,689.9225926399231,947.2454097270966,4.869887415568034,689.9225926399231,completed
2791.867056,30,207.539515,1.0,True,30,0,0,667.6824624538422,878.3280272483826,7.272710609436035,667.6824624538422,completed
2141.945215,30,207.572934,1.0,True,30,0,0,839.7428407669067,1116.166410446167,10.773767153422037,839.7428407669067,completed
2793.105457,30,207.606398,1.0,True,30,0,0,811.813248872757,1050.5618348121643,3.486476262410482,811.813248872757,completed
2882.015628,30,207.639871,1.0,True,30,0,0,693.1236400604248,849.7836742401123,6.4558024406433105,693.1236400604248,completed
3132.600531,30,207.672887,1.0,True,30,0,0,735.2106347084045,825.2686223983765,2.7246267318725588,735.2106347084045,completed
3277.973668,30,207.705843,1.0,True,30,0,0,711.40487241745,922.8940076828003,0.0,711.40487241745,completed
1586.114513,30,207.739305,1.0,True,30,0,0,1027.4727964401245,1547.1054487228394,10.259763590494792,1027.4727964401245,completed
2623.748698,30,207.772333,1.0,True,30,0,0,686.7400660514832,1044.4501237869263,7.255202102661133,686.7400660514832,completed
2391.729892,30,207.805842,1.0,True,30,0,0,982.6283941268921,1337.8099565505981,3.2017019907633464,982.6283941268921,completed
2031.722948,30,207.841793,1.0,True,30,0,0,774.3689141273499,1073.0769147872925,14.054518286387125,774.3689141273499,completed
1567.190301,30,207.876524,1.0,True,30,0,0,991.1321001052856,1557.689133644104,11.994539864857991,991.1321001052856,completed
3099.332628,30,207.910149,1.0,True,30,0,0,748.1839566230774,919.0133652687073,1.8473716100056967,748.1839566230774,completed
3296.176832,30,207.943716,1.0,True,30,0,0,649.9255886077881,828.669252872467,1.2055272738138834,649.9255886077881,completed
2839.72811,30,207.977081,1.0,True,30,0,0,809.8589024543762,964.8738031387329,3.8832560857137044,809.8589024543762,completed
3226.14783,30,208.010703,1.0,True,30,0,0,678.2020244598389,854.182653427124,1.6221672693888347,678.2020244598389,completed
2903.280856,30,208.044093,1.0,True,30,0,0,793.2053904533386,978.8965549468994,3.1501616477966308,793.2053904533386,completed
2984.574389,30,208.081534,1.0,True,30,0,0,720.8165445327759,991.6833152770996,2.701400629679362,720.8165445327759,completed
2360.909402,30,208.116464,1.0,True,30,0,0,875.1061615943909,1296.4113612174988,5.132906723022461,875.1061615943909,completed
2980.78145,30,208.151161,1.0,True,30,0,0,769.836718082428,903.9762659072876,3.0490437825520833,769.836718082428,completed
3061.300444,30,208.187035,1.0,True,30,0,0,694.102564573288,896.0196371078491,2.6102736155192057,694.102564573288,completed
2391.727258,30,208.222078,1.0,True,30,0,0,794.8206424713135,1209.2502880096436,6.603417332967123,794.8206424713135,completed
2859.561973,30,208.255793,1.0,True,30,0,0,764.9756669700146,949.3650626540184,4.702517636617025,764.9756669700146,completed
2992.024666,30,208.289352,1.0,True,30,0,0,690.0380682945251,840.5364894866943,4.406039237976074,690.0380682945251,completed
2007.709241,30,208.323042,1.0,True,30,0,0,952.873998939991,1176.951626420021,11.59865951538086,952.873998939991,completed
3346.622103,30,208.357944,1.0,True,30,0,0,603.4695384502411,673.5036063194275,2.8407034556070965,603.4695384502411,completed
2401.428246,30,208.392311,1.0,True,30,0,0,835.6264810562134,1078.703893661499,9.260359700520834,835.6264810562134,completed
2489.976381,30,208.426386,1.0,True,30,0,0,735.1899814605713,1001.278112411499,9.37506176630656,735.1899814605713,completed
2709.781754,30,208.460261,1.0,True,30,0,0,817.0261483192444,1110.556308746338,4.139843622843425,817.0261483192444,completed
2878.581046,30,208.495571,1.0,True,30,0,0,728.4597573280334,931.0564126968384,4.669684092203776,728.4597573280334,completed
2248.116806,30,208.529765,1.0,True,30,0,0,828.7110874652863,1240.5303902626038,8.08455187479655,828.7110874652863,completed
3441.837432,30,208.563792,1.0,True,30,0,0,673.8726658821106,794.3990621566772,0.0,673.8726658821106,completed
3236.259975,30,208.597646,1.0,True,30,0,0,623.2150866985321,850.2494211196899,1.65894349416097,623.2150866985321,completed
3223.95716,30,208.631214,1.0,True,30,0,0,633.6705806255341,864.802873134613,1.9092888514200845,633.6705806255341,completed
3234.946443,30,208.664228,1.0,True,30,0,0,617.883101940155,731.5895185470581,3.909587097167969,617.883101940155,completed
2526.31058,30,208.697026,1.0,True,30,0,0,919.6216175556183,1217.9781002998352,3.7856756528218587,919.6216175556183,completed
2519.002144,30,208.730274,1.0,True,30,0,0,780.1031050682068,1015.0026559829712,8.607217852274577,780.1031050682068,completed
1718.042121,30,208.76352,1.0,True,30,0,0,950.6570355892181,1303.61847448349,14.54305559794108,950.6570355892181,completed
1621.785117,30,208.79667,1.0,True,30,0,0,859.9761304855347,1303.119785308838,15.396624008814493,859.9761304855347,completed
2468.624851,30,208.830224,1.0,True,30,0,0,782.335452079773,1083.7671704292297,7.747166506449381,782.335452079773,completed
1913.234118,30,208.86333,1.0,True,30,0,0,958.924211025238,1563.949149131775,6.434454854329427,958.924211025238,completed
1420.687822,30,208.897209,1.0,True,30,0,0,1032.7019736766815,1346.88774061203,16.218574651082356,1032.7019736766815,completed
2949.527637,30,208.930397,1.0,True,30,0,0,723.9844980239868,1031.663408279419,2.1041985829671224,723.9844980239868,completed
1632.025317,30,208.963528,1.0,True,30,0,0,1010.3655998706818,1242.974771976471,14.40805123647054,1010.3655998706818,completed
3125.296645,30,208.996785,1.0,True,30,0,0,756.6197171211243,907.2805151939392,1.5453826268513997,756.6197171211243,completed
2920.639999,30,210.087146,1.0,True,30,0,0,698.7124161720276,963.9908771514893,3.6623764355977375,698.7124161720276,completed
2743.837288,30,210.122486,1.0,True,30,0,0,709.9636087417603,858.5483341217041,7.596356328328451,709.9636087417603,completed
2292.044048,30,210.156665,1.0,True,30,0,0,798.955340385437,1171.5245428085327,8.081762504577636,798.955340385437,completed
3414.303727,30,210.190268,1.0,True,30,0,0,650.7692189216614,803.7312459945679,0.1021728515625,650.7692189216614,completed
2890.787049,30,210.22415,1.0,True,30,0,0,698.3140964508057,864.2011241912842,5.993387603759766,698.3140964508057,completed
3290.936387,30,210.258411,1.0,True,30,0,0,600.9954476356506,760.7273359298706,2.6111045837402345,600.9954476356506,completed
3274.385722,30,210.291895,1.0,True,30,0,0,654.6303205490112,794.6543636322021,1.72860476175944,654.6303205490112,completed
2965.123347,30,210.325545,1.0,True,30,0,0,687.1345291137695,917.3082695007324,4.3092806498209635,687.1345291137695,completed
2899.886538,30,210.358903,1.0,True,30,0,0,749.8808150291443,913.154465675354,4.428584353129069,749.8808150291443,completed
2198.266447,30,210.39226,1.0,True,30,0,0,862.5672144889832,1265.215518951416,8.124269231160481,862.5672144889832,completed
2910.879874,30,210.426096,1.0,True,30,0,0,776.7289202213287,959.0356240272522,3.1357264518737793,776.7289202213287,completed
2621.480148,30,210.460233,1.0,True,30,0,0,755.7427830696106,898.7013139724731,8.858378950754801,755.7427830696106,completed
2904.777449,30,210.494164,1.0,True,30,0,0,718.552031993866,930.8506155014038,4.752594248453776,718.552031993866,completed
3120.988467,30,210.52771,1.0,True,30,0,0,676.7475595474243,907.8432741165161,2.822256596883138,676.7475595474243,completed
3140.489673,30,210.561218,1.0,True,30,0,0,667.5148544311523,853.4695911407471,3.586414400736491,667.5148544311523,completed
2542.930645,30,210.594885,1.0,True,30,0,0,843.7147994041443,1166.7871561050415,5.2062433878580725,843.7147994041443,completed
2611.091453,30,210.628355,1.0,True,30,0,0,787.8252491950989,1094.953914642334,5.946068191528321,787.8252491950989,completed
1939.289147,30,210.661675,1.0,True,30,0,0,977.9757604598999,1443.0352544784546,7.6097769419352215,977.9757604598999,completed
2602.138293,30,210.695554,1.0,True,30,0,0,807.4782073497772,1124.5467829704285,5.356222025553385,807.4782073497772,completed
2208.516847,30,210.730432,1.0,True,30,0,0,762.6506085395813,1086.0200810432434,10.987844975789388,762.6506085395813,completed
1992.8466,30,210.764019,1.0,True,30,0,0,868.0739644765854,1357.6097581386566,9.798971462249757,868.0739644765854,completed
2475.696067,30,210.797535,1.0,True,30,0,0,804.8635771274567,1170.0192456245422,5.822743606567383,804.8635771274567,completed
2774.303684,30,210.831125,1.0,True,30,0,0,775.9941368103027,1037.58545255661,3.97926394144694,775.9941368103027,completed
1900.944596,30,210.864838,1.0,True,30,0,0,914.191605091095,1339.7127923965454,10.780939483642578,914.191605091095,completed
2100.198458,30,210.898863,1.0,True,30,0,0,807.8384857177734,1137.3731536865234,11.399799696604411,807.8384857177734,completed
2838.813203,30,210.932182,1.0,True,30,0,0,815.4446521997452,1089.1584885120392,2.3974278132120768,815.4446521997452,completed
2786.46029,30,210.965368,1.0,True,30,0,0,769.4202499389648,1001.9961462020874,4.911529986063639,769.4202499389648,completed
2950.708317,30,210.99877,1.0,True,30,0,0,760.9619646072388,965.8541069030762,3.337916437784831,760.9619646072388,completed
3070.880815,30,211.032356,1.0,True,30,0,0,789.6094386875629,1032.3150878548622,0.24678208033243815,789.6094386875629,completed
3077.519912,30,211.066137,1.0,True,30,0,0,650.2992255687714,843.7671875953674,3.7359441121419272,650.2992255687714,completed
3335.485785,30,211.099706,1.0,True,30,0,0,603.6201775074005,703.4599289894104,2.4756031036376953,603.6201775074005,completed
2688.6771,30,211.133443,1.0,True,30,0,0,792.4619512557983,1076.2722005844116,4.949105135599772,792.4619512557983,completed
2609.819403,30,211.168296,1.0,True,30,0,0,809.5358200073242,1085.6255464553833,5.504516728719076,809.5358200073242,completed
2366.421958,30,211.201779,1.0,True,30,0,0,762.7563891410828,1039.6654710769653,9.204869842529297,762.7563891410828,completed
2767.22721,30,211.235136,1.0,True,30,0,0,672.1798961162567,888.7245306968689,7.4477978070576984,672.1798961162567,completed
3196.351273,30,211.268187,1.0,True,30,0,0,615.3874797821045,742.2489566802979,4.799039777119955,615.3874797821045,completed
2437.52444,30,211.301501,1.0,True,30,0,0,723.6130700111389,1004.165789604187,10.72875582377116,723.6130700111389,completed
2620.274961,30,211.334714,1.0,True,30,0,0,712.6400606632233,1039.9035058021545,7.137452443440755,712.6400606632233,completed
3123.454191,30,211.367838,1.0,True,30,0,0,745.4418501853943,873.7215766906738,2.7197827339172362,745.4418501853943,completed
3204.128529,30,211.401007,1.0,True,30,0,0,633.9304571151733,924.6560163497925,1.13985964457194,633.9304571151733,completed
2986.812745,30,211.43435,1.0,True,30,0,0,754.6491806507111,957.9261603355408,2.5279828389485677,754.6491806507111,completed
2567.044505,30,211.468044,1.0,True,30,0,0,801.3347804546356,967.2732706069946,8.052567148208619,801.3347804546356,completed
2695.107906,30,211.501214,1.0,True,30,0,0,717.6106100082397,1007.2166638374329,6.023123296101888,717.6106100082397,completed
2379.433357,30,211.53479,1.0,True,30,0,0,815.2471694946289,1231.2247486114502,5.367851956685384,815.2471694946289,completed
2728.601912,30,211.568212,1.0,True,30,0,0,806.4720554351807,970.961827993393,5.657614072163899,806.4720554351807,completed
2595.500571,30,211.601669,1.0,True,30,0,0,788.1569633483887,1133.031626701355,5.504507700602214,788.1569633483887,completed
3115.512658,30,211.634859,1.0,True,30,0,0,723.9598579406738,777.6970844268799,3.9940772374471027,723.9598579406738,completed
2446.767395,30,211.668036,1.0,True,30,0,0,832.8067646026611,1065.3613080978394,8.360851796468099,832.8067646026611,completed
2402.174514,30,211.701356,1.0,True,30,0,0,881.5202071666718,1230.8749260902405,5.582515716552734,881.5202071666718,completed
3185.77835,30,211.734589,1.0,True,30,0,0,630.460372209549,754.1634907722473,3.772759787241618,630.460372209549,completed
3180.208424,30,211.767833,1.0,True,30,0,0,720.2956445217133,898.4832210540771,1.571377436319987,720.2956445217133,completed
3215.948674,30,211.800799,1.0,True,30,0,0,666.2692925930023,850.8745169639587,1.9721296946207683,666.2692925930023,completed
3058.681368,30,211.834073,1.0,True,30,0,0,739.2975718379021,1053.2647351026535,0.5691480000813802,739.2975718379021,completed
2092.36155,30,211.867205,1.0,True,30,0,0,835.8759427070618,1253.038514137268,10.37950865427653,835.8759427070618,completed
2302.735891,30,211.90028,1.0,True,30,0,0,964.6781226396561,1277.067640542984,5.978047180175781,964.6781226396561,completed
3307.008637,30,211.933409,1.0,True,30,0,0,684.3706617355347,785.5324773788452,1.4713873545328775,684.3706617355347,completed
2339.237359,30,211.966468,1.0,True,30,0,0,826.1401538848877,1207.071367263794,6.788334083557129,826.1401538848877,completed
3305.813561,30,211.999697,1.0,True,30,0,0,675.7564723491669,738.0962438583374,2.8637781143188477,675.7564723491669,completed
2488.593877,30,212.032995,1.0,True,30,0,0,721.2128763198853,975.2689418792725,9.598042678833007,721.2128763198853,completed
1249.996924,30,212.066403,1.0,True,30,0,0,1066.8992714881897,1686.5868406295776,11.243633143107097,1066.8992714881897,completed
2514.189691,30,212.099942,1.0,True,30,0,0,829.9482700824738,1129.7697176933289,6.08491096496582,829.9482700824738,completed
2299.316162,30,212.133497,1.0,True,30,0,0,925.347659111023,1112.262399673462,8.199776713053385,925.347659111023,completed
2793.052953,30,212.166614,1.0,True,30,0,0,788.5730714797974,984.597074508667,4.929107030232747,788.5730714797974,completed
2818.557667,30,212.199745,1.0,True,30,0,0,681.6022210121155,916.6801896095276,4.7355465253194176,681.6022210121155,completed
3538.024825,30,212.232913,1.0,True,30,0,0,575.450350522995,655.0511317253113,1.5191453297932942,575.450350522995,completed
2215.322297,30,212.266228,1.0,True,30,0,0,836.1147232055664,1158.2254028320312,9.232682100931804,836.1147232055664,completed
2445.759763,30,212.299762,1.0,True,30,0,0,781.862560749054,1070.2415990829468,7.964282353719075,781.862560749054,completed
2245.881097,30,212.333595,1.0,True,30,0,0,885.6985433101654,1286.909427165985,5.868323453267416,885.6985433101654,completed
2714.186214,30,213.390701,1.0,True,30,0,0,798.7815842628479,951.9103984832764,5.907389958699544,798.7815842628479,completed
3069.197094,30,213.424821,1.0,True,30,0,0,754.8885269165039,937.1499290466309,1.5334144592285157,754.8885269165039,completed
2593.036292,30,213.458816,1.0,True,30,0,0,790.8395893573761,1146.7288632392883,4.850970077514648,790.8395893573761,completed
2764.002574,30,213.492385,1.0,True,30,0,0,662.764099240303,937.6020753383636,7.1162780602773035,662.764099240303,completed
2076.050323,30,213.526082,1.0,True,30,0,0,872.7356514930725,1185.9163751602173,11.096671231587727,872.7356514930725,completed
2615.121659,30,213.559568,1.0,True,30,0,0,729.2916198968887,979.2974030971527,8.167937088012696,729.2916198968887,completed
2454.550142,30,213.59424,1.0,True,30,0,0,807.2174553871155,1065.3346948623657,8.070853678385417,807.2174553871155,completed
2750.908316,30,213.627706,1.0,True,30,0,0,816.1669478416443,1067.64737033844,3.8329901377360027,816.1669478416443,completed
2687.312465,30,213.666807,1.0,True,30,0,0,794.7884693145752,1107.445652961731,4.377070585886638,794.7884693145752,completed
2981.783731,30,213.703718,1.0,True,30,0,0,755.6194052696228,1019.8865394592285,1.8828238805135091,755.6194052696228,completed
3266.080191,30,213.737337,1.0,True,30,0,0,607.4230480194092,698.2820053100586,3.272596232096354,607.4230480194092,completed
2978.031439,30,213.770698,1.0,True,30,0,0,671.9963579177856,853.5071897506714,5.415213966369629,671.9963579177856,completed
2820.739569,30,213.804183,1.0,True,30,0,0,739.9291416406631,1066.7347209453583,3.8649125417073567,739.9291416406631,completed
2522.314104,30,213.837626,1.0,True,30,0,0,775.6535563468933,976.2908515930176,8.05623041788737,775.6535563468933,completed
2849.483834,30,213.87138,1.0,True,30,0,0,717.5078868865967,886.8148326873779,4.825251960754395,717.5078868865967,completed
2485.51091,30,213.904557,1.0,True,30,0,0,878.8689978122711,1267.8379592895508,3.5424322764078777,878.8689978122711,completed
3113.656103,30,213.938544,1.0,True,30,0,0,701.5360956192017,941.5698919296265,2.0782559712727866,701.5360956192017,completed
3161.31798,30,213.971804,1.0,True,30,0,0,651.6616694927216,802.8671526908875,3.492185846964518,651.6616694927216,completed
3569.877026,30,214.004913,1.0,True,30,0,0,599.6238997578621,718.4987579584122,0.0,599.6238997578621,completed
3228.193277,30,214.037976,1.0,True,30,0,0,734.8776865005493,906.8553366661072,0.47232068379720055,734.8776865005493,completed
3186.582039,30,214.071133,1.0,True,30,0,0,637.4879946708679,829.4525012969971,2.725456873575846,637.4879946708679,completed
2645.420886,30,214.104779,1.0,True,30,0,0,745.5997447967529,1006.4984703063965,6.167849159240722,745.5997447967529,completed
3010.722056,30,214.138303,1.0,True,30,0,0,696.0981230735779,862.0425086021423,3.6395385106404623,696.0981230735779,completed
2901.7873,30,214.171491,1.0,True,30,0,0,713.0662121772766,919.1260023117065,5.07223949432373,713.0662121772766,completed
2672.983469,30,214.204663,1.0,True,30,0,0,762.683185338974,1032.2133288383484,5.06619930267334,762.683185338974,completed
1329.935947,30,214.238113,1.0,True,30,0,0,974.2673263549805,1521.3606491088867,15.533449045817058,974.2673263549805,completed
3005.624965,30,214.271394,1.0,True,30,0,0,681.9390804767609,925.0717997550964,3.5438767751057942,681.9390804767609,completed
2811.938691,30,214.305064,1.0,True,30,0,0,829.7501225471497,1082.2862071990967,2.411606788635254,829.7501225471497,completed
2875.293815,30,214.338489,1.0,True,30,0,0,705.824339568615,932.4288548231125,4.9256640116373696,705.824339568615,completed
2949.985876,30,214.371678,1.0,True,30,0,0,696.2229093909264,839.5498150587082,5.062926355997721,696.2229093909264,completed
2440.802903,30,214.404865,1.0,True,30,0,0,759.2869012355804,1081.9319968223572,8.474995994567871,759.2869012355804,completed
2301.356805,30,214.438326,1.0,True,30,0,0,851.9000840187073,1184.0458688735962,7.167544809977214,851.9000840187073,completed
2668.795645,30,214.471882,1.0,True,30,0,0,748.0312195718288,959.7578021883965,6.610867341359456,748.0312195718288,completed
3297.751678,30,214.505438,1.0,True,30,0,0,676.2246284484863,924.1032228469849,0.0,676.2246284484863,completed
2882.352255,30,214.538655,1.0,True,30,0,0,705.1369953155518,929.5249490737915,5.284801737467448,705.1369953155518,completed
3028.937407,30,214.571698,1.0,True,30,0,0,646.038816690445,813.5528831481934,4.725518862406413,646.038816690445,completed
2527.870448,30,214.604824,1.0,True,30,0,0,769.2553784251213,1113.180348277092,7.184632364908854,769.2553784251213,completed
2791.091258,30,214.63804,1.0,True,30,0,0,785.4729673862457,1161.1600251197815,2.1724822362264,785.4729673862457,completed
2135.414795,30,214.671237,1.0,True,30,0,0,983.0209753513336,1479.8522973060608,5.28225154876709,983.0209753513336,completed
2509.864584,30,214.704694,1.0,True,30,0,0,830.9509707689285,1161.9497396945953,5.9736686706542965,830.9509707689285,completed
1356.714928,30,214.738281,1.0,True,30,0,0,932.1720662117004,1484.4257192611694,15.768559010823568,932.1720662117004,completed
1888.742277,30,214.771728,1.0,True,30,0,0,878.0023391246796,1296.3662943840027,11.72422326405843,878.0023391246796,completed
1417.737883,30,214.804747,1.0,True,30,0,0,1053.3654987812042,1704.6284565925598,11.58585859934489,1053.3654987812042,completed
2078.827427,30,214.838131,1.0,True,30,0,0,898.3880054950714,1337.346148967743,8.850983428955079,898.3880054950714,completed
2509.551273,30,214.871354,1.0,True,30,0,0,778.8610615730286,1149.708857536316,5.890872446695964,778.8610615730286,completed
3498.74631,30,214.90438,1.0,True,30,0,0,614.2556762695312,743.5456476211548,0.16333452860514322,614.2556762695312,completed
2997.002407,30,214.937459,1.0,True,30,0,0,823.3928560018539,1117.2380721569061,0.0,823.3928560018539,completed
2654.053739,30,214.97061,1.0,True,30,0,0,820.1138401031494,1067.1630172729492,4.583310635884603,820.1138401031494,completed
762.888575,30,215.003812,1.0,True,30,0,0,1052.8340511322021,1623.0430145263672,21.501061312357585,1052.8340511322021,completed
2841.923492,30,215.037222,1.0,True,30,0,0,698.4579005241394,1005.7336683273315,3.7949122111002604,698.4579005241394,completed
1548.453411,30,215.070495,1.0,True,30,0,0,888.1180312633514,1213.5279397964478,18.39658393859863,888.1180312633514,completed
2755.313451,30,215.103716,1.0,True,30,0,0,703.3472533226013,988.1368751525879,5.095460573832194,703.3472533226013,completed
2842.494003,30,215.136765,1.0,True,30,0,0,820.0862736701965,1109.170630455017,1.5061089833577475,820.0862736701965,completed
1907.264286,30,215.169871,1.0,True,30,0,0,878.5363321304321,1340.7670764923096,11.429502169291178,878.5363321304321,completed
337.760986,30,215.20321,1.0,True,30,0,0,1258.1852293014526,2114.8834533691406,17.099267959594727,1258.1852293014526,completed
3011.200906,30,215.236191,1.0,True,30,0,0,811.1072874069214,987.0611934661865,1.8561234792073569,811.1072874069214,completed
3521.362295,30,215.269372,1.0,True,30,0,0,659.5693101882935,729.905562877655,0.0,659.5693101882935,completed
3087.532654,30,215.302472,1.0,True,30,0,0,670.3912262916565,959.9962978363037,2.0706113815307616,670.3912262916565,completed
2368.156913,30,215.33549,1.0,True,30,0,0,866.2938356399536,1244.8683652877808,4.795193068186442,866.2938356399536,completed
2560.405028,30,215.368673,1.0,True,30,0,0,800.6915254592896,1035.2483673095703,7.756780878702799,800.6915254592896,completed
2949.471078,30,215.401868,1.0,True,30,0,0,691.0550994873047,813.3861970901489,6.436184088389079,691.0550994873047,completed
2634.927134,30,215.435118,1.0,True,30,0,0,783.7700140476227,1068.0584797859192,5.665775489807129,783.7700140476227,completed
2897.538617,30,215.468502,1.0,True,30,0,0,678.384669303894,940.4637508392334,4.682007598876953,678.384669303894,completed
3028.54846,30,215.501841,1.0,True,30,0,0,644.6579798460007,869.2031953334808,4.55888729095459,644.6579798460007,completed
3540.93419,30,215.535311,1.0,True,30,0,0,611.6382074356079,681.0357456207275,0.6323927561442058,611.6382074356079,completed
1420.587934,30,215.569383,1.0,True,30,0,0,910.4663591384888,1378.9663047790527,16.437821928660075,910.4663591384888,completed
3010.093814,30,215.603027,1.0,True,30,0,0,682.0868785977364,883.4247156381607,4.648114522298177,682.0868785977364,completed
2670.751818,30,215.636189,1.0,True,30,0,0,697.4063787460327,975.3848085403442,7.631351089477539,697.4063787460327,completed
3327.690043,30,215.669462,1.0,True,30,0,0,676.5967388153076,896.683557510376,0.0,676.5967388153076,completed
2490.76128,30,216.710096,1.0,True,30,0,0,837.0716813802719,1154.8701536655426,5.943975702921549,837.0716813802719,completed
2830.263973,30,216.74389,1.0,True,30,0,0,816.9463768005371,909.9352040290833,5.810657946268718,816.9463768005371,completed
2145.853448,30,216.777392,1.0,True,30,0,0,845.0011398792267,1225.0566668510437,9.909725570678711,845.0011398792267,completed
2197.835906,30,216.810668,1.0,True,30,0,0,852.0398392677307,1243.9402503967285,8.626765251159668,852.0398392677307,completed
2995.011041,30,216.84371,1.0,True,30,0,0,799.7604756355286,1048.9161319732666,1.1054154713948567,799.7604756355286,completed
2171.96172,30,216.876855,1.0,True,30,0,0,807.0945515632629,1201.4773664474487,9.452607440948487,807.0945515632629,completed
2891.656733,30,216.91036,1.0,True,30,0,0,742.733179807663,896.6773896217346,4.939303843180339,742.733179807663,completed
2976.702448,30,216.943553,1.0,True,30,0,0,741.3248386383057,975.4144506454468,1.6757792154947917,741.3248386383057,completed
2953.086297,30,216.976746,1.0,True,30,0,0,685.9357953071594,822.2284002304077,5.431683095296224,685.9357953071594,completed
2871.720118,30,217.01012,1.0,True,30,0,0,746.4884662628174,916.5708379745483,4.869314670562744,746.4884662628174,completed
2656.737014,30,217.043357,1.0,True,30,0,0,779.4010965824127,1120.2968163490295,5.221597162882487,779.4010965824127,completed
3561.5195,30,217.077224,1.0,True,30,0,0,604.2652769088745,723.5648488998413,0.0,604.2652769088745,completed
2315.935869,30,217.110356,1.0,True,30,0,0,980.498708486557,1410.57457113266,3.568881289164225,980.498708486557,completed
1859.747335,30,217.14345,1.0,True,30,0,0,880.1280498504639,1427.4200057983398,9.366897137959798,880.1280498504639,completed
2629.547279,30,217.176887,1.0,True,30,0,0,802.6772568225861,1049.719227552414,5.485920270284017,802.6772568225861,completed
2965.573656,30,217.210279,1.0,True,30,0,0,693.0523750782013,866.0714144706726,5.181939379374186,693.0523750782013,completed
2654.913218,30,217.243826,1.0,True,30,0,0,738.4161262512207,1010.2614603042603,6.8458250045776365,738.4161262512207,completed
2407.076921,30,217.276827,1.0,True,30,0,0,916.530481338501,1360.5656147003174,3.189710235595703,916.530481338501,completed
1262.008631,30,217.30981,1.0,True,30,0,0,1023.7534284591675,1498.0246477127075,16.598536650339764,1023.7534284591675,completed
2653.849966,30,217.343103,1.0,True,30,0,0,769.9716544151306,959.3826217651367,6.230769284566244,769.9716544151306,completed
1760.432964,30,217.376384,1.0,True,30,0,0,867.3798508644104,1290.5498399734497,14.492238362630209,867.3798508644104,completed
2948.053943,30,217.409872,1.0,True,30,0,0,740.8806819915771,1001.9626197814941,2.9209794362386066,740.8806819915771,completed
2627.196515,30,217.443097,1.0,True,30,0,0,784.8051228523254,902.2075729370117,8.82486801147461,784.8051228523254,completed
2719.5557,30,217.476277,1.0,True,30,0,0,771.7395949363708,967.7479724884033,6.2146295547485355,771.7395949363708,completed
3377.279934,30,217.510061,1.0,True,30,0,0,611.8437285423279,810.2341632843018,0.5726041475931803,611.8437285423279,completed
2355.188168,30,217.543289,1.0,True,30,0,0,777.3693852424622,1037.4405870437622,10.120092582702636,777.3693852424622,completed
2662.592369,30,217.576435,1.0,True,30,0,0,728.3666553497314,932.5430679321289,8.65983772277832,728.3666553497314,completed
2861.519074,30,217.611582,1.0,True,30,0,0,749.3534400463104,946.6395134925842,4.876089954376221,749.3534400463104,completed
3399.793631,30,217.64509,1.0,True,30,0,0,651.2758357524872,746.0133566856384,0.9804362614949544,651.2758357524872,completed
3254.016024,30,217.678295,1.0,True,30,0,0,705.1656062602997,900.1246981620789,0.4624574025472005,705.1656062602997,completed
3033.746218,30,217.711501,1.0,True,30,0,0,709.0670623779297,921.6571490764618,2.866511344909668,709.0670623779297,completed
2793.181486,30,217.744835,1.0,True,30,0,0,731.6272218227386,957.0009951591492,6.002351442972819,731.6272218227386,completed
2285.175997,30,217.778109,1.0,True,30,0,0,821.0970182418823,1165.965693473816,8.910058816274008,821.0970182418823,completed
3102.2998,30,217.811355,1.0,True,30,0,0,682.5064311027527,867.047287940979,2.574072074890137,682.5064311027527,completed
2234.988989,30,217.846986,1.0,True,30,0,0,859.4707746505737,1171.2064476013184,9.266690889994303,859.4707746505737,completed
3327.918092,30,217.883998,1.0,True,30,0,0,677.917262673378,813.7800009250641,0.6695591608683268,677.917262673378,completed
3184.452909,30,217.91783,1.0,True,30,0,0,725.2468959093094,891.2386887073517,1.1672732671101889,725.2468959093094,completed
2671.645655,30,217.95124,1.0,True,30,0,0,706.3438849449158,981.2074403762817,6.586997159322103,706.3438849449158,completed
1567.392351,30,217.984187,1.0,True,30,0,0,1020.0652322769165,1572.2364645004272,11.435139973958334,1020.0652322769165,completed
1189.026854,30,218.017601,1.0,True,30,0,0,974.0526432991028,1492.3825702667236,18.41534554163615,974.0526432991028,completed
3004.647248,30,218.051036,1.0,True,30,0,0,692.5971972942352,935.6824736595154,3.25906187693278,692.5971972942352,completed
2503.147301,30,218.084329,1.0,True,30,0,0,811.5151624679565,1218.4104344844818,5.244868723551432,811.5151624679565,completed
2324.817578,30,218.117909,1.0,True,30,0,0,727.3732681274414,1097.1552829742432,10.031460825602213,727.3732681274414,completed
2872.306147,30,218.151181,1.0,True,30,0,0,731.5303912162781,928.3578271865845,5.626366806030274,731.5303912162781,completed
2168.321596,30,218.184232,1.0,True,30,0,0,816.2384452819824,1171.0009899139404,10.397237459818522,816.2384452819824,completed
2080.667988,30,218.218027,1.0,True,30,0,0,896.283533334732,1139.6796267032623,11.631905047098796,896.283533334732,completed
2676.455872,30,218.251514,1.0,True,30,0,0,729.4112695455551,968.1777441501617,7.765030797322591,729.4112695455551,completed
2467.368494,30,218.28439,1.0,True,30,0,0,704.4559307098389,950.7742805480957,11.401770655314127,704.4559307098389,completed
2839.368131,30,218.317435,1.0,True,30,0,0,762.3678379058838,1056.3482599258423,3.1038013458251954,762.3678379058838,completed
2725.039433,30,218.350779,1.0,True,30,0,0,733.2163863182068,1085.876093864441,4.759450531005859,733.2163863182068,completed
3214.917868,30,218.383863,1.0,True,30,0,0,672.1651391983032,862.8760061264038,2.1269906997680663,672.1651391983032,completed
2043.404515,30,218.417231,1.0,True,30,0,0,905.5132114887238,1361.51828622818,8.510290718078613,905.5132114887238,completed
2853.521487,30,218.450773,1.0,True,30,0,0,785.978036403656,1154.187460899353,1.254758071899414,785.978036403656,completed
2329.597164,30,218.484036,1.0,True,30,0,0,893.1911749839783,1119.7576231956482,9.12924575805664,893.1911749839783,completed
1321.003379,30,218.517519,1.0,True,30,0,0,1040.7975850105286,1679.064549446106,13.375784428914388,1040.7975850105286,completed
3521.362295,30,218.550707,1.0,True,30,0,0,659.5693101882935,729.905562877655,0.0,659.5693101882935,completed
2502.976709,30,218.584181,1.0,True,30,0,0,832.5703682899475,1165.1364257335663,5.597183354695638,832.5703682899475,completed
2165.830183,30,218.617558,1.0,True,30,0,0,735.7260051965714,1087.0190460681915,13.200221061706543,735.7260051965714,completed
3440.29138,30,218.650545,1.0,True,30,0,0,654.0796632766724,771.9154462814331,0.21923052469889323,654.0796632766724,completed
2473.508491,30,218.683482,1.0,True,30,0,0,877.7963705062866,1187.5437688827515,5.225259017944336,877.7963705062866,completed
2700.003905,30,218.716829,1.0,True,30,0,0,712.6925430297852,916.469566822052,7.654400761922201,712.6925430297852,completed
3314.361124,30,218.749893,1.0,True,30,0,0,653.5143346786499,843.1455173492432,0.6011700948079427,653.5143346786499,completed
3115.745112,30,218.783047,1.0,True,30,0,0,656.7463130950928,856.9827060699463,4.04210205078125,656.7463130950928,completed
2646.575064,30,218.815817,1.0,True,30,0,0,844.6762170791626,1210.1698474884033,3.09053955078125,844.6762170791626,completed
3135.38403,30,218.8489,1.0,True,30,0,0,609.8887605667114,794.4187207221985,4.4970353444417315,609.8887605667114,completed
3020.279746,30,218.883939,1.0,True,30,0,0,646.9145410060883,897.6483297348022,4.56930611928304,646.9145410060883,completed
2758.019304,30,218.918586,1.0,True,30,0,0,766.5483298301697,1032.584267616272,4.853483390808106,766.5483298301697,completed
3477.751044,30,218.951631,1.0,True,30,0,0,667.7584767341614,765.0853366851807,0.0,667.7584767341614,completed
1889.849494,30,219.992719,1.0,True,30,0,0,868.7558345794678,1236.0879878997803,13.736670303344727,868.7558345794678,completed
2401.037729,30,220.026396,1.0,True,30,0,0,707.0744863152504,1006.0462085008621,10.634445826212565,707.0744863152504,completed
2395.659977,30,220.059947,1.0,True,30,0,0,787.7413430213928,1144.275915145874,7.799861844380697,787.7413430213928,completed
2792.179389,30,220.09306,1.0,True,30,0,0,727.6126735210419,956.1465258598328,4.8248638153076175,727.6126735210419,completed
2544.991498,30,220.126096,1.0,True,30,0,0,771.96058177948,1042.4974822998047,7.751415379842123,771.96058177948,completed
3014.60337,30,220.159679,1.0,True,30,0,0,758.0425906181335,995.0385599136353,1.7671443303426106,758.0425906181335,completed
2933.429522,30,220.193005,1.0,True,30,0,0,694.1454892158508,942.6391334533691,4.303002293904623,694.1454892158508,completed
3264.271355,30,220.226289,1.0,True,30,0,0,690.3835258483887,870.6077175140381,0.9805006663004557,690.3835258483887,completed
2697.351198,30,220.25978,1.0,True,30,0,0,774.8752317428589,950.8176431655884,6.8637375831604,774.8752317428589,completed
2552.470751,30,220.29315,1.0,True,30,0,0,712.6835694313049,1022.5445642471313,8.168668111165365,712.6835694313049,completed
2671.51653,30,220.326228,1.0,True,30,0,0,737.4653427600861,954.8493618965149,7.5944994449615475,737.4653427600861,completed
2721.393636,30,220.360443,1.0,True,30,0,0,792.3485330343246,1102.5657804012299,3.922914759318034,792.3485330343246,completed
2557.588683,30,220.393681,1.0,True,30,0,0,845.8535661697388,1111.2614369392395,5.125193277994792,845.8535661697388,completed
2336.937881,30,220.427013,1.0,True,30,0,0,772.8793330192566,1042.189281463623,11.215438493092854,772.8793330192566,completed
2913.365393,30,220.46042,1.0,True,30,0,0,750.3616724014282,1094.8167986869812,1.7019854227701823,750.3616724014282,completed
2749.404727,30,220.493082,1.0,True,30,0,0,839.7908854484558,1088.4125490188599,3.2411156336466473,839.7908854484558,completed
2646.754815,30,220.525888,1.0,True,30,0,0,803.2616367340088,1051.4919862747192,6.410783640543619,803.2616367340088,completed
1773.467518,30,220.559594,1.0,True,30,0,0,881.7185287475586,1240.3207321166992,15.052475992838541,881.7185287475586,completed
2097.056075,30,220.592736,1.0,True,30,0,0,896.2991151809692,1291.1745491027832,8.997874196370443,896.2991151809692,completed
2609.90638,30,220.625836,1.0,True,30,0,0,794.8549704551697,1134.702633857727,4.750129000345866,794.8549704551697,completed
2949.660887,30,220.659477,1.0,True,30,0,0,662.4999432563782,868.0390977859497,5.716602325439453,662.4999432563782,completed
2923.181342,30,220.692983,1.0,True,30,0,0,684.5825502276421,887.6717151403427,5.577170689900716,684.5825502276421,completed
3130.112424,30,220.726207,1.0,True,30,0,0,762.2462220191956,1000.9964561462402,0.10739568074544271,762.2462220191956,completed
3596.278297,30,220.759701,1.0,True,30,0,0,546.9961395263672,679.5647830963135,0.3833793004353841,546.9961395263672,completed
2479.050713,30,220.792849,1.0,True,30,0,0,827.8917951583862,1134.6650133132935,6.60137825012207,827.8917951583862,completed
2707.447347,30,220.826003,1.0,True,30,0,0,881.233916759491,1021.1521921157837,4.759081522623698,881.233916759491,completed
2960.512351,30,220.859437,1.0,True,30,0,0,740.7468402385712,925.8583943843842,2.859921844800313,740.7468402385712,completed
2792.902763,30,220.892485,1.0,True,30,0,0,737.5915633440018,882.435144662857,6.897727330525716,737.5915633440018,completed
3036.423492,30,220.92546,1.0,True,30,0,0,677.3293299674988,885.967643737793,3.7935750325520834,677.3293299674988,completed
2313.598954,30,220.958556,1.0,True,30,0,0,847.7287373542786,1120.1836099624634,9.009363873799641,847.7287373542786,completed
3078.112189,30,220.991856,1.0,True,30,0,0,782.9747772216797,948.7582550048828,1.3078144073486329,782.9747772216797,completed
3397.992672,30,221.025097,1.0,True,30,0,0,530.0354241132736,661.4697277545929,3.3561562220255534,530.0354241132736,completed
1683.239451,30,221.058145,1.0,True,30,0,0,962.4008073806763,1371.2238206863403,12.932897694905598,962.4008073806763,completed
2226.282285,30,221.091817,1.0,True,30,0,0,928.3513836860657,1336.0603246688843,6.5340087890625,928.3513836860657,completed
3407.994204,30,221.12513,1.0,True,30,0,0,717.9638910293579,801.1158742904663,0.0,717.9638910293579,completed
1470.269287,30,221.158356,1.0,True,30,0,0,955.5378997325897,1460.736692905426,14.909960174560547,955.5378997325897,completed
2602.530237,30,221.191842,1.0,True,30,0,0,767.9791884422302,987.3174104690552,7.010551643371582,767.9791884422302,completed
1643.388972,30,221.225775,1.0,True,30,0,0,905.057834148407,1321.577914237976,15.49734369913737,905.057834148407,completed
2032.245057,30,221.259279,1.0,True,30,0,0,867.3650493621826,1202.1941223144531,12.415372975667317,867.3650493621826,completed
3669.960456,30,221.292725,1.0,True,30,0,0,543.6116666793823,598.6973304748535,0.6717580159505209,543.6116666793823,completed
1869.101125,30,221.326095,1.0,True,30,0,0,895.9561107158661,1290.7852501869202,12.39102389017741,895.9561107158661,completed
2466.850636,30,221.359423,1.0,True,30,0,0,906.6554079055786,1396.4783401489258,2.4671657562255858,906.6554079055786,completed
2598.820757,30,221.392445,1.0,True,30,0,0,778.5320897102356,1036.092230796814,7.322642262776693,778.5320897102356,completed
2770.878477,30,221.425968,1.0,True,30,0,0,765.8095662593842,1040.2668614387512,4.505703926086426,765.8095662593842,completed
3277.30565,30,221.459205,1.0,True,30,0,0,599.3050572872162,788.3964810371399,2.7645864486694336,599.3050572872162,completed
2693.658282,30,221.492262,1.0,True,30,0,0,719.4929101467133,1077.4447858333588,5.157611783345541,719.4929101467133,completed
2578.779966,30,221.525762,1.0,True,30,0,0,795.9462525844574,1118.0043787956238,5.980791091918945,795.9462525844574,completed
2893.343029,30,221.559063,1.0,True,30,0,0,716.4939832687378,905.4112300872803,5.430137125651042,716.4939832687378,completed
2187.094632,30,221.592453,1.0,True,30,0,0,815.3389716148376,1075.7718286514282,11.00588289896647,815.3389716148376,completed
2968.840101,30,221.626014,1.0,True,30,0,0,704.7389073371887,799.4865865707397,5.814688491821289,704.7389073371887,completed
3171.168385,30,221.659252,1.0,True,30,0,0,637.946563243866,773.2037687301636,4.0089921951293945,637.946563243866,completed
3067.717529,30,221.692105,1.0,True,30,0,0,649.2094225883484,733.8454160690308,5.092114321390787,649.2094225883484,completed
2942.666989,30,221.725041,1.0,True,30,0,0,687.4659066200256,809.5516386032104,6.239111073811849,687.4659066200256,completed
3210.851357,30,221.758248,1.0,True,30,0,0,660.1853218078613,782.0454521179199,2.9631242116292316,660.1853218078613,completed
3203.209703,30,221.792088,1.0,True,30,0,0,678.9333633780479,910.7880753278732,0.9593899408976237,678.9333633780479,completed
2876.909833,30,221.825375,1.0,True,30,0,0,737.0091963708401,961.380121409893,4.472775268554687,737.0091963708401,completed
2545.547784,30,221.85866,1.0,True,30,0,0,817.0781755447388,1149.6692552566528,5.742818832397461,817.0781755447388,completed
2528.273832,30,221.891873,1.0,True,30,0,0,693.364351272583,950.696774482727,8.415685081481934,693.364351272583,completed
3267.879727,30,221.92513,1.0,True,30,0,0,672.9475500583649,726.9395732879639,3.3119702021280926,672.9475500583649,completed
3251.462417,30,221.9586,1.0,True,30,0,0,601.35826420784,731.1646447181702,2.974025249481201,601.35826420784,completed
2856.722094,30,221.99175,1.0,True,30,0,0,745.8526315689087,1020.6267857551575,3.2179477055867514,745.8526315689087,completed
3194.736227,30,222.025125,1.0,True,30,0,0,677.5692744255066,938.8329610824585,1.0167658487955729,677.5692744255066,completed
2504.559727,30,222.058501,1.0,True,30,0,0,885.5313181877136,1160.2914280891418,5.130015182495117,885.5313181877136,completed
3052.561601,30,222.091757,1.0,True,30,0,0,639.924919128418,811.4268522262573,5.26523183186849,639.924919128418,completed
2623.10791,30,222.12504,1.0,True,30,0,0,697.2744362354279,883.8199276924133,10.105425135294597,697.2744362354279,completed
2879.886563,30,222.158021,1.0,True,30,0,0,702.3176851272583,811.1616067886353,7.107417647043864,702.3176851272583,completed
2538.497098,30,222.191356,1.0,True,30,0,0,722.9473142623901,984.4187278747559,8.581231880187989,722.9473142623901,completed
3356.119941,30,222.224915,1.0,True,30,0,0,655.7506744861603,882.2087769508362,0.0,655.7506744861603,completed
2612.27318,30,223.266685,1.0,True,30,0,0,786.356183052063,1054.2218866348267,6.687817255655925,786.356183052063,completed
3502.19278,30,223.300858,1.0,True,30,0,0,529.2621419429779,626.8254885673523,2.262364959716797,529.2621419429779,completed
3273.438397,30,223.33437,1.0,True,30,0,0,651.2425925731659,831.8800282478333,1.9291336059570312,651.2425925731659,completed
2677.313266,30,223.367702,1.0,True,30,0,0,731.6343846321106,991.5582437515259,6.466533915201823,731.6343846321106,completed
2560.371226,30,223.401371,1.0,True,30,0,0,742.5234606266022,1069.2942199707031,7.714850934346517,742.5234606266022,completed
3190.833848,30,223.434556,1.0,True,30,0,0,682.3371474742889,846.7942440509796,2.3048365910847983,682.3371474742889,completed
2133.101945,30,223.468109,1.0,True,30,0,0,866.64524102211,1170.2666840553284,10.49362595876058,866.64524102211,completed
3418.767615,30,223.501511,1.0,True,30,0,0,622.4331525564194,811.7453124523163,0.16421082814534504,622.4331525564194,completed
2888.152227,30,223.534593,1.0,True,30,0,0,823.904501914978,1139.2042665481567,0.9896729787190756,823.904501914978,completed
2644.485068,30,223.567924,1.0,True,30,0,0,798.3350524902344,1014.4825706481934,6.759717877705892,798.3350524902344,completed
2146.737344,30,223.601549,1.0,True,30,0,0,905.5271542072296,1237.9896454811096,9.052629216512043,905.5271542072296,completed
3311.135777,30,223.634742,1.0,True,30,0,0,664.4952058792114,727.4590787887573,2.66603520711263,664.4952058792114,completed
3449.144853,30,223.668137,1.0,True,30,0,0,617.1989898681641,725.1398935317993,0.8813645044962565,617.1989898681641,completed
2798.686707,30,223.701366,1.0,True,30,0,0,774.0546021461487,914.0156536102295,5.857721885045369,774.0546021461487,completed
2608.178018,30,223.735048,1.0,True,30,0,0,917.2959332466125,1237.890956401825,2.496072832743327,917.2959332466125,completed
1875.865209,30,223.76862,1.0,True,30,0,0,931.3365008831024,1378.1853423118591,11.155483563741049,931.3365008831024,completed
2207.616779,30,223.802144,1.0,True,30,0,0,906.9434905052185,1345.9929809570312,6.0437474568684895,906.9434905052185,completed
2686.955568,30,223.835384,1.0,True,30,0,0,773.171169757843,1089.9069137573242,4.087402089436849,773.171169757843,completed
3060.222972,30,223.868633,1.0,True,30,0,0,669.0397615432739,920.099289894104,2.8540658632914226,669.0397615432739,completed
2865.861235,30,223.901741,1.0,True,30,0,0,731.3253479003906,1018.6512107849121,3.663787078857422,731.3253479003906,completed
3114.450604,30,223.935112,1.0,True,30,0,0,614.2394845485687,802.6454796791077,4.234927956263224,614.2394845485687,completed
1821.053815,30,223.968583,1.0,True,30,0,0,849.691798210144,1362.7132511138916,11.502442169189454,849.691798210144,completed
2685.98123,30,224.002235,1.0,True,30,0,0,779.3116287589073,964.870175242424,6.334576670328776,779.3116287589073,completed
3274.835893,30,224.035693,1.0,True,30,0,0,623.5749294757843,787.5277981758118,2.16230951944987,623.5749294757843,completed
1466.473269,30,224.069498,1.0,True,30,0,0,1033.1076078414917,1629.1540040969849,11.52654603322347,1033.1076078414917,completed
2636.435221,30,224.102889,1.0,True,30,0,0,735.1725797653198,1034.7641825675964,7.153677177429199,735.1725797653198,completed
2724.747385,30,224.13658,1.0,True,30,0,0,725.1039431095123,1032.450394153595,6.2415802637736,725.1039431095123,completed
1202.105482,30,224.17005,1.0,True,30,0,0,1057.8405318260193,1578.5361948013306,16.196673075358074,1057.8405318260193,completed
3091.819517,30,224.203255,1.0,True,30,0,0,676.532684803009,730.8169145584106,5.306037775675455,676.532684803009,completed
3080.743519,30,224.236606,1.0,True,30,0,0,702.2306978702545,888.1316323280334,2.766221110026042,702.2306978702545,completed
1546.40695,30,224.270256,1.0,True,30,0,0,891.52765583992,1346.4265751838684,15.960120391845702,891.52765583992,completed
2524.350719,30,224.303252,1.0,True,30,0,0,809.8875694274902,1014.0723085403442,6.98728666305542,809.8875694274902,completed
1329.036207,30,224.336741,1.0,True,30,0,0,894.9419202804565,1295.7717380523682,19.22749547958374,894.9419202804565,completed
2726.043758,30,224.369876,1.0,True,30,0,0,851.5378441810608,1084.4354248046875,4.002576128641764,851.5378441810608,completed
2290.441125,30,224.403234,1.0,True,30,0,0,912.1767897605896,1150.9743003845215,8.60301783879598,912.1767897605896,completed
3379.30396,30,224.436773,1.0,True,30,0,0,634.6509718894958,756.5742316246033,0.8778967062632242,634.6509718894958,completed
2399.047937,30,224.46994,1.0,True,30,0,0,931.3704810142517,1226.373646736145,5.635312716166179,931.3704810142517,completed
2981.483787,30,224.503375,1.0,True,30,0,0,722.1480038166046,943.1690363883972,3.212357838948568,722.1480038166046,completed
2861.750483,30,224.53641,1.0,True,30,0,0,722.6288833618164,924.7550611495972,5.540693664550782,722.6288833618164,completed
2996.396667,30,224.569699,1.0,True,30,0,0,815.3113164901733,1051.5614395141602,0.8783159891764323,815.3113164901733,completed
3130.773982,30,224.602901,1.0,True,30,0,0,624.4374725818634,924.937961101532,2.035529613494873,624.4374725818634,completed
2043.643546,30,224.636207,1.0,True,30,0,0,916.6745283603668,1311.354160785675,8.4810359954834,916.6745283603668,completed
2592.408712,30,224.669094,1.0,True,30,0,0,830.6227855682373,1049.0284242630005,6.671439170837402,830.6227855682373,completed
3677.968009,30,224.702054,1.0,True,30,0,0,536.5624232292175,595.696681022644,0.24713646570841472,536.5624232292175,completed
2496.878143,30,224.735533,1.0,True,30,0,0,744.2283878326416,1062.763433456421,7.625750796000163,744.2283878326416,completed
2304.210942,30,224.769264,1.0,True,30,0,0,769.0923662185669,1064.9473476409912,10.548192596435547,769.0923662185669,completed
2991.02247,30,224.802227,1.0,True,30,0,0,666.5861341953278,830.4829106330872,6.508244132995605,666.5861341953278,completed
2878.556634,30,224.835473,1.0,True,30,0,0,709.6490435600281,977.2379140853882,4.011537233988444,709.6490435600281,completed
2690.446848,30,224.86909,1.0,True,30,0,0,752.7017724514008,995.197030544281,5.970255915323893,752.7017724514008,completed
2846.745404,30,224.902344,1.0,True,30,0,0,737.9114623069763,907.7567615509033,5.532921346028646,737.9114623069763,completed
3073.882233,30,224.935169,1.0,True,30,0,0,759.782928943634,913.6069388389587,2.2546729405721027,759.782928943634,completed
2009.547774,30,224.968959,1.0,True,30,0,0,889.4461932182312,1322.036952972412,10.37573102315267,889.4461932182312,completed
2837.87974,30,225.002514,1.0,True,30,0,0,766.1375580579042,1014.2295943796635,3.863086191813151,766.1375580579042,completed
2908.894096,30,225.036969,1.0,True,30,0,0,777.795371055603,935.653805732727,4.003491592407227,777.795371055603,completed
2720.308509,30,225.070189,1.0,True,30,0,0,828.7951397895813,1119.918480873108,3.675067965189616,828.7951397895813,completed
2943.290334,30,225.103489,1.0,True,30,0,0,679.7412618994713,912.4038723707199,4.4203441619873045,679.7412618994713,completed
2497.106629,30,225.13662,1.0,True,30,0,0,772.4506639242172,1166.3631570339203,6.273725001017253,772.4506639242172,completed
3008.752894,30,225.170289,1.0,True,30,0,0,691.6010136604309,902.505443572998,4.225508499145508,691.6010136604309,completed
2883.505195,30,225.203448,1.0,True,30,0,0,710.8805298805237,961.6253271102905,5.0363104502360025,710.8805298805237,completed
2908.642613,30,225.237093,1.0,True,30,0,0,685.1967437267303,868.2382054328918,5.7529552459716795,685.1967437267303,completed
2543.94398,30,225.270567,1.0,True,30,0,0,818.4831337928772,1156.3147659301758,4.383664957682291,818.4831337928772,completed
2964.2715,30,225.303752,1.0,True,30,0,0,640.8947200775146,834.0557727813721,5.895505301157633,640.8947200775146,completed
2607.019688,30,225.33721,1.0,True,30,0,0,888.1856753826141,1254.3764548301697,2.087580108642578,888.1856753826141,completed
2840.518948,30,225.370985,1.0,True,30,0,0,695.2256979942322,919.2694716453552,5.435820245742798,695.2256979942322,completed
2007.605316,30,225.404157,1.0,True,30,0,0,883.6776193380356,1317.0161321163177,9.30783945719401,883.6776193380356,completed
2564.198812,30,225.437627,1.0,True,30,0,0,843.534389257431,1228.2514507770538,4.143399302164713,843.534389257431,completed
2798.607433,30,225.471023,1.0,True,30,0,0,703.0768694877625,949.1955089569092,5.09052308400472,703.0768694877625,completed
3326.406323,30,225.504411,1.0,True,30,0,0,691.8876490592957,778.8948903083801,0.7779451370239258,691.8876490592957,completed
1901.108361,30,226.535207,1.0,True,30,0,0,910.5149872303009,1454.5938782691956,9.542156346638997,910.5149872303009,completed
2596.864783,30,226.569223,1.0,True,30,0,0,724.0870542526245,947.6617164611816,8.687584940592448,724.0870542526245,completed
2968.858609,30,226.603148,1.0,True,30,0,0,602.1366300582886,776.8727579116821,7.254989655812581,602.1366300582886,completed
2763.559621,30,226.636709,1.0,True,30,0,0,741.6574969291687,942.2061538696289,5.833651860555013,741.6574969291687,completed
2638.282595,30,226.670274,1.0,True,30,0,0,734.7742285728455,1027.488284111023,6.843595918019613,734.7742285728455,completed
2378.751062,30,226.703895,1.0,True,30,0,0,896.2510886192322,1103.9007377624512,7.3201245625813804,896.2510886192322,completed
3253.158197,30,226.737022,1.0,True,30,0,0,652.1238412857056,793.5122928619385,2.1283995946248373,652.1238412857056,completed
3542.375403,30,226.770485,1.0,True,30,0,0,605.6460117697716,668.5881303548813,0.4798341115315755,605.6460117697716,completed
2762.558953,30,226.803374,1.0,True,30,0,0,732.121463060379,987.8640418052673,5.525295384724935,732.121463060379,completed
3132.19357,30,226.836597,1.0,True,30,0,0,713.8971610069275,892.8057107925415,2.539697519938151,713.8971610069275,completed
1997.79622,30,226.869731,1.0,True,30,0,0,854.6716876029968,1271.8464822769165,10.589493942260741,854.6716876029968,completed
1898.862305,30,226.903003,1.0,True,30,0,0,970.7847542762756,1509.0566177368164,7.978409385681152,970.7847542762756,completed
2918.092144,30,226.93601,1.0,True,30,0,0,749.0390539169312,975.3920474052429,2.9925528526306153,749.0390539169312,completed
2788.822311,30,226.96926,1.0,True,30,0,0,768.9120488166809,1066.7743616104126,4.10631103515625,768.9120488166809,completed
2766.136464,30,227.002312,1.0,True,30,0,0,807.9246702194214,1052.82555103302,3.100010458628337,807.9246702194214,completed
3154.959891,30,227.035859,1.0,True,30,0,0,750.7683491706848,1013.2537269592285,0.0,750.7683491706848,completed
2852.73548,30,227.06884,1.0,True,30,0,0,671.0044250488281,898.9484996795654,6.2636419296264645,671.0044250488281,completed
3055.094115,30,227.102055,1.0,True,30,0,0,637.0418183803558,876.5970683097839,4.057066980997721,637.0418183803558,completed
2890.535185,30,227.135493,1.0,True,30,0,0,700.5052473545074,857.5753676891327,5.680479375521342,700.5052473545074,completed
3255.405061,30,227.169002,1.0,True,30,0,0,730.9150123596191,932.7690286636353,0.0,730.9150123596191,completed
2566.554208,30,227.202413,1.0,True,30,0,0,749.7649509906769,979.4965662956238,8.352343304951985,749.7649509906769,completed
3308.143476,30,227.235697,1.0,True,30,0,0,579.1906304359436,743.9537649154663,2.8498833974202475,579.1906304359436,completed
2906.914494,30,227.269292,1.0,True,30,0,0,756.01580286026,899.8583078384399,4.910531425476075,756.01580286026,completed
2744.378724,30,227.302632,1.0,True,30,0,0,698.6478068828583,889.3202166557312,7.553005886077881,698.6478068828583,completed
2757.975744,30,227.335712,1.0,True,30,0,0,719.4959123134613,1005.5807237625122,5.8197985331217446,719.4959123134613,completed
2592.809667,30,227.369127,1.0,True,30,0,0,811.0947969257832,1075.2858043313026,6.378651173909505,811.0947969257832,completed
2720.809009,30,227.402129,1.0,True,30,0,0,637.4633710384369,881.3826003074646,7.869868469238281,637.4633710384369,completed
2714.389332,30,227.435428,1.0,True,30,0,0,757.5068559646606,1016.0865840911865,5.140188535054524,757.5068559646606,completed
1328.841231,30,227.468927,1.0,True,30,0,0,1053.884325504303,1495.1269941329956,15.236474672953287,1053.884325504303,completed
2845.589697,30,227.502178,1.0,True,30,0,0,708.3405108451843,982.3349676132202,4.897292200724284,708.3405108451843,completed
3208.397057,30,227.535355,1.0,True,30,0,0,599.0912895202637,784.7292852401733,3.149099254608154,599.0912895202637,completed
1387.337881,30,227.570587,1.0,True,30,0,0,932.4420051574707,1332.3108930587769,17.62758223215739,932.4420051574707,completed
3054.321561,30,227.615549,1.0,True,30,0,0,654.3759560585022,805.6930136680603,5.196509170532226,654.3759560585022,completed
2921.522198,30,227.665911,1.0,True,30,0,0,728.4748125076294,870.0811529159546,5.071727434794108,728.4748125076294,completed
2800.236867,30,227.717347,1.0,True,30,0,0,751.9326687604189,1061.5314036905766,3.765316454569499,751.9326687604189,completed
2235.881339,30,227.751449,1.0,True,30,0,0,970.2550191879272,1315.891948223114,5.908075110117594,970.2550191879272,completed
3207.334533,30,227.790735,1.0,True,30,0,0,721.0052762031555,981.8748197555542,0.0,721.0052762031555,completed
2406.766553,30,227.824728,1.0,True,30,0,0,774.9031298160553,1145.1863691806793,6.893109385172526,774.9031298160553,completed
2492.423272,30,227.861053,1.0,True,30,0,0,844.434271812439,1125.9685072898865,6.37251345316569,844.434271812439,completed
2765.854482,30,227.895768,1.0,True,30,0,0,772.0028805732727,1118.6753525733948,3.0900150299072267,772.0028805732727,completed
2659.705742,30,227.929237,1.0,True,30,0,0,780.027232170105,1193.9902629852295,3.8148104985555014,780.027232170105,completed
2357.69797,30,227.96295,1.0,True,30,0,0,912.0043487548828,1138.8510808944702,7.289387194315593,912.0043487548828,completed
3199.992493,30,227.996274,1.0,True,30,0,0,702.9451146125793,855.4298238754272,1.371127192179362,702.9451146125793,completed
1838.135759,30,228.029419,1.0,True,30,0,0,948.4795241355896,1364.2851390838623,11.034381230672201,948.4795241355896,completed
2542.220563,30,228.062917,1.0,True,30,0,0,793.5780801773071,1029.312551498413,7.406479708353678,793.5780801773071,completed
3160.68782,30,228.096239,1.0,True,30,0,0,720.6878159046173,788.5852799415588,2.6575947125752766,720.6878159046173,completed
2072.033166,30,228.129535,1.0,True,30,0,0,935.0223033428192,1272.3490099906921,9.789492352803547,935.0223033428192,completed
2816.534299,30,228.162733,1.0,True,30,0,0,735.9992828369141,1027.999080657959,4.267785708109538,735.9992828369141,completed
2695.04816,30,228.197151,1.0,True,30,0,0,682.6885957717896,1022.1722936630249,6.932485993703207,682.6885957717896,completed
2675.012542,30,228.230924,1.0,True,30,0,0,771.2016406059265,1093.0568017959595,5.081733194986979,771.2016406059265,completed
2537.821623,30,228.264487,1.0,True,30,0,0,825.0544617176056,1050.834388256073,5.9371312141418455,825.0544617176056,completed
3189.115213,30,228.297613,1.0,True,30,0,0,640.2224485874176,733.8446412086487,4.408703549702962,640.2224485874176,completed
3226.49929,30,228.330612,1.0,True,30,0,0,682.104534983635,985.6708991527557,0.0,682.104534983635,completed
2801.685386,30,228.363818,1.0,True,30,0,0,742.2731738090515,951.0247049331665,5.447058900197347,742.2731738090515,completed
2808.624966,30,228.397223,1.0,True,30,0,0,709.7762511968613,902.8769738674164,6.955743535359701,709.7762511968613,completed
3366.701483,30,228.430596,1.0,True,30,0,0,628.7739760875702,823.0508708953857,0.34463621775309244,628.7739760875702,completed
2688.366756,30,228.463307,1.0,True,30,0,0,757.9895868301392,1135.588176727295,3.378208287556966,757.9895868301392,completed
3241.911569,30,228.496462,1.0,True,30,0,0,666.9402282238007,918.0190110206604,0.30172303517659504,666.9402282238007,completed
1960.016923,30,228.531752,1.0,True,30,0,0,1017.3108806610107,1548.432107925415,5.77202049891154,1017.3108806610107,completed
2477.395245,30,228.565033,1.0,True,30,0,0,813.731764793396,1054.836404800415,8.234094174702962,813.731764793396,completed
2441.939339,30,228.5983,1.0,True,30,0,0,835.7657790184021,1151.5217771530151,7.248787307739258,835.7657790184021,completed
2948.876292,30,228.631576,1.0,True,30,0,0,742.2009463310242,884.1716637611389,4.636905161539714,742.2009463310242,completed
2718.56816,30,228.665175,1.0,True,30,0,0,754.4642598628998,964.9931178092957,6.871014245351156,754.4642598628998,completed
3530.927218,30,228.698466,1.0,True,30,0,0,631.4114260673523,736.5690240859985,0.0,631.4114260673523,completed
2472.516515,30,228.731843,1.0,True,30,0,0,783.3521573543549,1000.3951535224915,9.200625356038412,783.3521573543549,completed
2805.968749,30,228.765583,1.0,True,30,0,0,703.6161231994629,990.1391086578369,5.045142618815104,703.6161231994629,completed
3408.887083,30,228.799026,1.0,True,30,0,0,586.561379134655,759.9100173711777,1.6379178365071614,586.561379134655,completed
3470.473073,30,228.832187,1.0,True,30,0,0,658.7245416641235,776.6292743682861,0.0,658.7245416641235,completed
2621.58941,30,228.86563,1.0,True,30,0,0,872.6284918785095,1224.614541053772,2.962624994913737,872.6284918785095,completed
3011.519578,30,229.907045,1.0,True,30,0,0,677.365480184555,873.2375750541687,4.024996693929037,677.365480184555,completed
2290.42145,30,229.94077,1.0,True,30,0,0,762.6516671180725,1063.8010349273682,11.280106862386068,762.6516671180725,completed
2522.10681,30,229.974771,1.0,True,30,0,0,840.1484732627869,1304.4463682174683,3.4818850199381512,840.1484732627869,completed
2953.191707,30,230.008193,1.0,True,30,0,0,762.3233504295349,969.4407987594604,3.217156728108724,762.3233504295349,completed
1901.648511,30,230.041575,1.0,True,30,0,0,829.5782055854797,1188.6169652938843,13.552098401387532,829.5782055854797,completed
3157.585231,30,230.074794,1.0,True,30,0,0,750.6274795532227,879.1022911071777,0.750429344177246,750.6274795532227,completed
2991.773028,30,230.108569,1.0,True,30,0,0,635.4162650108337,811.2765626907349,5.492883237202962,635.4162650108337,completed
3224.710609,30,230.141835,1.0,True,30,0,0,678.9108157157898,905.1371049880981,0.7048680941263835,678.9108157157898,completed
3110.87593,30,230.174781,1.0,True,30,0,0,615.3921505212784,846.3513367176056,3.481705156962077,615.3921505212784,completed
2901.76264,30,230.208386,1.0,True,30,0,0,786.2270488739014,1067.3781042099,1.623086929321289,786.2270488739014,completed
1646.560943,30,230.241867,1.0,True,30,0,0,1018.8001775741577,1589.3237438201904,9.815047200520834,1018.8001775741577,completed
2419.298981,30,230.27521,1.0,True,30,0,0,751.5619764328003,1012.2005958557129,10.189052963256836,751.5619764328003,completed
3133.303645,30,230.308426,1.0,True,30,0,0,678.0711059570312,887.0083899497986,2.5690743764241537,678.0711059570312,completed
2767.34983,30,230.341894,1.0,True,30,0,0,753.4561018943787,956.4517984390259,5.807992172241211,753.4561018943787,completed
2932.788205,30,230.375243,1.0,True,30,0,0,832.3802046775818,1026.9604835510254,1.3854523340861002,832.3802046775818,completed
3061.683403,30,230.408377,1.0,True,30,0,0,727.3434457778931,952.6048755645752,2.484086100260417,727.3434457778931,completed
2314.667688,30,230.441689,1.0,True,30,0,0,774.5042271614075,1028.975118637085,10.979285748799642,774.5042271614075,completed
2547.880273,30,230.474911,1.0,True,30,0,0,805.59596824646,1075.3078603744507,6.765391667683919,805.59596824646,completed
2942.034859,30,230.508315,1.0,True,30,0,0,711.9969880580902,952.4420924186707,4.218010775248209,711.9969880580902,completed
2244.732147,30,230.541758,1.0,True,30,0,0,798.3968238830566,1163.3825469017029,9.441815948486328,798.3968238830566,completed
3130.324336,30,230.574796,1.0,True,30,0,0,679.3719766139984,903.1270937919617,1.893544578552246,679.3719766139984,completed
2481.89499,30,230.608305,1.0,True,30,0,0,770.4821672439575,1132.9510688781738,6.742825571695963,770.4821672439575,completed
2474.332413,30,230.641569,1.0,True,30,0,0,846.9221158027649,1204.5473909378052,5.6252031326293945,846.9221158027649,completed
2526.719928,30,230.676326,1.0,True,30,0,0,776.4690341949463,1076.7097253799438,7.800299231211344,776.4690341949463,completed
1639.478225,30,230.709838,1.0,True,30,0,0,871.6547983884811,1246.4439351558685,16.024009450276694,871.6547983884811,completed
3416.027831,30,230.743086,1.0,True,30,0,0,610.9454960823059,794.4904899597168,0.6410888671875,610.9454960823059,completed
3013.369311,30,230.776601,1.0,True,30,0,0,725.6544365882874,818.8950772285461,4.507557360331218,725.6544365882874,completed
2610.973938,30,230.809773,1.0,True,30,0,0,787.2815506458282,1050.4820294380188,6.352114995320638,787.2815506458282,completed
1437.659556,30,230.843002,1.0,True,30,0,0,871.103583574295,1418.2701830863953,16.659684880574545,871.103583574295,completed
2024.644128,30,230.876234,1.0,True,30,0,0,923.4107217788696,1205.8665018081665,10.664271450042724,923.4107217788696,completed
2816.68754,30,230.909328,1.0,True,30,0,0,853.9877119064331,1072.82204246521,3.0969264348347982,853.9877119064331,completed
3301.806165,30,230.942118,1.0,True,30,0,0,603.8831461071968,740.4843956232071,3.1888518651326496,603.8831461071968,completed
2595.369453,30,230.975404,1.0,True,30,0,0,888.1526875197887,1166.9151353240013,3.885538101196289,888.1526875197887,completed
3477.751044,30,231.008529,1.0,True,30,0,0,667.7584767341614,765.0853366851807,0.0,667.7584767341614,completed
1887.213392,30,231.041698,1.0,True,30,0,0,833.9988942146301,1237.3224878311157,14.10554224650065,833.9988942146301,completed
2372.625182,30,231.075184,1.0,True,30,0,0,765.2631676197052,1111.2182183265686,7.347947947184244,765.2631676197052,completed
2446.524377,30,231.108287,1.0,True,30,0,0,754.6155366897583,1113.8315773010254,7.424859428405762,754.6155366897583,completed
2876.861792,30,231.141297,1.0,True,30,0,0,697.1559453010559,905.0123853683472,5.072183609008789,697.1559453010559,completed
2786.127132,30,231.174602,1.0,True,30,0,0,692.2877640724182,919.1252946853638,5.957706419626872,692.2877640724182,completed
2599.590648,30,231.207834,1.0,True,30,0,0,793.9895925521851,1105.0236492156982,5.474826367696126,793.9895925521851,completed
2890.602389,30,231.240616,1.0,True,30,0,0,779.059814453125,997.5457963943481,3.5776891072591144,779.059814453125,completed
3263.087026,30,231.273515,1.0,True,30,0,0,631.3895879983902,819.8284504413605,2.1044654210408527,631.3895879983902,completed
2101.563327,30,231.30683,1.0,True,30,0,0,847.3661727905273,1221.757411956787,10.684730275472004,847.3661727905273,completed
2912.647758,30,231.340123,1.0,True,30,0,0,840.7615003585815,972.0742816925049,3.4768938700358074,840.7615003585815,completed
2377.162818,30,231.373364,1.0,True,30,0,0,783.8341747522354,1137.8949348926544,8.680870819091798,783.8341747522354,completed
1489.94999,30,231.406445,1.0,True,30,0,0,944.5084853172302,1371.0113019943237,15.503874778747559,944.5084853172302,completed
2849.877653,30,231.440312,1.0,True,30,0,0,669.7738884687424,807.6975586414337,7.996511650085449,669.7738884687424,completed
2796.921752,30,231.473691,1.0,True,30,0,0,688.421050786972,895.9383678436279,7.908223549524943,688.421050786972,completed
2940.105016,30,231.506533,1.0,True,30,0,0,716.1730759143829,906.3948330879211,5.052613703409831,716.1730759143829,completed
3368.427469,30,231.539867,1.0,True,30,0,0,673.7489848136902,748.8899202346802,1.2257371266682944,673.7489848136902,completed
2353.382132,30,231.57331,1.0,True,30,0,0,756.854772567749,1112.8151350021362,8.556805928548178,756.854772567749,completed
1804.119853,30,231.606539,1.0,True,30,0,0,990.9404392242432,1383.5212287902832,10.407375526428222,990.9404392242432,completed
3143.382138,30,231.639709,1.0,True,30,0,0,704.0142858028412,907.7093653678894,1.7621498107910156,704.0142858028412,completed
3123.798727,30,231.672793,1.0,True,30,0,0,664.4880248308182,790.1043741703033,5.056560770670573,664.4880248308182,completed
2629.785816,30,231.70593,1.0,True,30,0,0,771.9593472480774,1112.2204084396362,5.476602109273275,771.9593472480774,completed
2205.640332,30,231.739118,1.0,True,30,0,0,794.2313380241394,1087.5997643470764,11.107685407002768,794.2313380241394,completed
2521.723972,30,231.772333,1.0,True,30,0,0,817.618066072464,1072.4818692207336,5.882918866475423,817.618066072464,completed
2452.847386,30,231.80528,1.0,True,30,0,0,771.5716896057129,1169.7438793182373,6.541522216796875,771.5716896057129,completed
2986.595656,30,231.838595,1.0,True,30,0,0,694.5934474468231,867.337749004364,4.792945861816406,694.5934474468231,completed
3113.266686,30,231.871369,1.0,True,30,0,0,704.8203885555267,867.9115858078003,2.9856389363606772,704.8203885555267,completed
2809.427353,30,231.904992,1.0,True,30,0,0,667.9877564907074,998.6000533103943,5.188665580749512,667.9877564907074,completed
1527.842833,30,231.938062,1.0,True,30,0,0,930.1139640808105,1484.494665145874,13.352410952250162,930.1139640808105,completed
2361.976674,30,231.971398,1.0,True,30,0,0,892.1336374282837,1049.840054988861,9.048651377360025,892.1336374282837,completed
3248.76299,30,232.00461,1.0,True,30,0,0,677.3650374412537,748.771155834198,2.352828598022461,677.3650374412537,completed
2591.820514,30,232.037975,1.0,True,30,0,0,741.2787823677063,1086.612711906433,6.885637219746908,741.2787823677063,completed
2518.90759,30,232.071077,1.0,True,30,0,0,847.7006598263979,1100.0690585672855,6.373267491658528,847.7006598263979,completed
2658.673769,30,232.104432,1.0,True,30,0,0,704.4635934829712,919.728844165802,7.94910577138265,704.4635934829712,completed
2818.088182,30,232.137711,1.0,True,30,0,0,796.9188985824585,973.9098629951477,5.040993817647299,796.9188985824585,completed
2491.624004,30,233.28397,1.0,True,30,0,0,824.352165222168,1044.1295166015625,6.837037150065104,824.352165222168,completed
3018.856093,30,233.317815,1.0,True,30,0,0,658.0464396476746,753.0865049362183,6.298681465784709,658.0464396476746,completed
2681.961481,30,233.351317,1.0,True,30,0,0,757.2703237533569,983.3210773468018,6.700385665893554,757.2703237533569,completed
2993.971624,30,233.384743,1.0,True,30,0,0,669.1336603164673,879.2738618850708,5.122448857625326,669.1336603164673,completed
1626.468946,30,233.418092,1.0,True,30,0,0,996.865074634552,1423.2063150405884,12.164751052856445,996.865074634552,completed
1954.439293,30,233.451472,1.0,True,30,0,0,926.2552933692932,1260.1901950836182,11.22663860321045,926.2552933692932,completed
3435.738639,30,233.484488,1.0,True,30,0,0,628.9169459342957,824.4647216796875,0.0,628.9169459342957,completed
2951.984326,30,233.517661,1.0,True,30,0,0,735.1618249416351,879.6080775260925,4.322494888305664,735.1618249416351,completed
2346.580533,30,233.551185,1.0,True,30,0,0,886.9851994514465,1353.3652772903442,4.2087757110595705,886.9851994514465,completed
2961.531818,30,233.584771,1.0,True,30,0,0,780.9795484542847,1144.1904850006104,0.10451532999674479,780.9795484542847,completed
2621.912814,30,233.617811,1.0,True,30,0,0,902.3541638851166,1174.9542002677917,3.570417785644531,902.3541638851166,completed
2526.494261,30,233.651349,1.0,True,30,0,0,831.5233955383301,1165.931965827942,5.617775662740072,831.5233955383301,completed
2470.60686,30,233.684771,1.0,True,30,0,0,792.0872872471809,1039.6576734781265,8.008622105916341,792.0872872471809,completed
2256.533294,30,233.717911,1.0,True,30,0,0,755.3270501494408,1085.9564541578293,11.511972935994466,755.3270501494408,completed
3444.401406,30,233.751532,1.0,True,30,0,0,630.015301823616,815.9903757572174,0.0,630.015301823616,completed
3312.697751,30,233.785148,1.0,True,30,0,0,659.4220585823059,788.6903796195984,1.1514932632446289,659.4220585823059,completed
3414.995394,30,233.818519,1.0,True,30,0,0,530.5800468921661,629.4612984657288,3.654152488708496,530.5800468921661,completed
1818.517711,30,233.85198,1.0,True,30,0,0,912.2716093063354,1280.454381942749,12.426991717020671,912.2716093063354,completed
2878.960811,30,233.885602,1.0,True,30,0,0,732.9934504032135,1001.0412878990173,3.334961700439453,732.9934504032135,completed
2470.200613,30,233.919086,1.0,True,30,0,0,827.1992251873016,1066.20192861557,8.01096216837565,827.1992251873016,completed
2769.188638,30,233.952591,1.0,True,30,0,0,747.4893579483032,915.2938652038574,6.174908256530761,747.4893579483032,completed
2254.226105,30,233.985834,1.0,True,30,0,0,810.7580568790436,1216.8962233066559,8.17888692220052,810.7580568790436,completed
3121.473226,30,234.019165,1.0,True,30,0,0,654.4125091433525,827.3316329717636,3.2635745366414386,654.4125091433525,completed
2024.203221,30,234.052734,1.0,True,30,0,0,868.942743062973,1253.3978266716003,11.178225390116374,868.942743062973,completed
2630.783743,30,234.086341,1.0,True,30,0,0,818.9756870269775,1140.8365488052368,4.881844011942546,818.9756870269775,completed
3391.67866,30,234.119802,1.0,True,30,0,0,635.6742179393768,860.8334631919861,0.0,635.6742179393768,completed
2354.568292,30,234.153711,1.0,True,30,0,0,819.4179039001465,1176.4106178283691,7.9954881032307945,819.4179039001465,completed
2948.383118,30,234.187196,1.0,True,30,0,0,661.7227410078049,875.9804890155792,5.183411661783854,661.7227410078049,completed
2332.058157,30,234.220588,1.0,True,30,0,0,764.8314068317413,1115.0606808662415,9.207937494913738,764.8314068317413,completed
2546.269431,30,234.254431,1.0,True,30,0,0,799.3533592224121,1065.5194091796875,7.034120051066081,799.3533592224121,completed
2474.163063,30,234.287716,1.0,True,30,0,0,793.1073861122131,1107.6900219917297,7.108558019002278,793.1073861122131,completed
2385.325358,30,234.321184,1.0,True,30,0,0,826.1421194076538,1077.2523517608643,9.650196393330893,826.1421194076538,completed
1997.490004,30,234.354191,1.0,True,30,0,0,829.7919721603394,1101.826189994812,13.960433387756348,829.7919721603394,completed
3469.301898,30,234.387302,1.0,True,30,0,0,647.449990272522,702.5356540679932,1.073981475830078,647.449990272522,completed
2647.100286,30,234.420548,1.0,True,30,0,0,762.4661178588867,1017.2283563613892,7.024480851491292,762.4661178588867,completed
2729.084525,30,234.453981,1.0,True,30,0,0,719.8696327209473,978.2369661331177,7.215550549825033,719.8696327209473,completed
2899.337506,30,234.487169,1.0,True,30,0,0,814.3599882125854,1210.951364517212,0.0,814.3599882125854,completed
2609.864064,30,234.520794,1.0,True,30,0,0,825.2320099771023,990.9663020968437,6.665563297271729,825.2320099771023,completed
2941.923723,30,234.55412,1.0,True,30,0,0,712.1479887962341,973.303334236145,3.835896937052409,712.1479887962341,completed
3404.289659,30,234.587532,1.0,True,30,0,0,654.2766242027283,839.2221517562866,0.0,654.2766242027283,completed
2690.897239,30,234.620762,1.0,True,30,0,0,726.2176413536072,1003.6770582199097,6.9054568608601885,726.2176413536072,completed
3075.745675,30,234.653927,1.0,True,30,0,0,694.4748129844666,891.1424341201782,3.2885459899902343,694.4748129844666,completed
2756.880717,30,234.687564,1.0,True,30,0,0,717.5236797332764,907.5123996734619,7.239023923873901,717.5236797332764,completed
2972.832465,30,234.720957,1.0,True,30,0,0,735.131269454956,1054.4010934829712,1.6041261672973632,735.131269454956,completed
3211.831264,30,234.754266,1.0,True,30,0,0,688.2195410728455,792.1605024337769,2.4810076395670575,688.2195410728455,completed
2974.46659,30,234.787734,1.0,True,30,0,0,689.3460933566093,897.1988013982773,4.916784540812174,689.3460933566093,completed
2757.429282,30,234.821039,1.0,True,30,0,0,795.283385515213,975.000678062439,5.631665674845378,795.283385515213,completed
3394.833941,30,234.854164,1.0,True,30,0,0,645.9064540863037,760.8439025878906,1.2615648905436199,645.9064540863037,completed
2790.743287,30,234.887442,1.0,True,30,0,0,781.5361943244934,1082.375804901123,3.662026850382487,781.5361943244934,completed
3033.986647,30,234.920731,1.0,True,30,0,0,733.5369927883148,1030.7453074455261,0.6178553263346355,733.5369927883148,completed
2366.245579,30,234.954054,1.0,True,30,0,0,684.2779726982117,926.8425407409668,12.47768071492513,684.2779726982117,completed
2949.396545,30,234.987785,1.0,True,30,0,0,724.5569772720337,942.4946575164795,3.7354190826416014,724.5569772720337,completed
2849.529245,30,235.020857,1.0,True,30,0,0,713.581437587738,895.6053276062012,5.535933876037598,713.581437587738,completed
2282.218674,30,235.054516,1.0,True,30,0,0,912.1620073318481,1219.6022853851318,6.648693466186524,912.1620073318481,completed
1989.533168,30,235.08762,1.0,True,30,0,0,859.5690078735352,1329.8433284759521,9.614962768554687,859.5690078735352,completed
2655.957292,30,235.121112,1.0,True,30,0,0,711.6429719924927,930.2318000793457,8.146699078877766,711.6429719924927,completed
2836.448768,30,235.154356,1.0,True,30,0,0,726.0730288028717,1128.2090735435486,2.6146238962809245,726.0730288028717,completed
2669.722571,30,235.187434,1.0,True,30,0,0,751.8826971054077,946.4148941040039,6.8015237808227536,751.8826971054077,completed
3490.25756,30,235.220739,1.0,True,30,0,0,541.2370434999466,594.1184303760529,2.9411656697591146,541.2370434999466,completed
3061.573638,30,235.253895,1.0,True,30,0,0,682.5228021144867,876.7514863014221,3.9081007639567056,682.5228021144867,completed
2753.050876,30,235.28709,1.0,True,30,0,0,747.5801792144775,1090.2463693618774,4.068833510080974,747.5801792144775,completed
1244.247121,30,235.320128,1.0,True,30,0,0,1024.7890491485596,1647.047477722168,14.98545373280843,1024.7890491485596,completed
2492.90253,30,235.353454,1.0,True,30,0,0,856.2517530918121,1224.7842001914978,4.434729957580567,856.2517530918121,completed
3140.80185,30,235.386689,1.0,True,30,0,0,708.6515436172485,935.2414832115173,1.6706932067871094,708.6515436172485,completed
3399.479636,30,235.419951,1.0,True,30,0,0,635.1596159934998,737.9768333435059,1.7108346303304036,635.1596159934998,completed
2865.676261,30,235.453361,1.0,True,30,0,0,735.7791953086853,965.634596824646,4.177636082967123,735.7791953086853,completed
2182.569304,30,235.486252,1.0,True,30,0,0,830.1563110351562,1124.1279182434082,10.879936663309733,830.1563110351562,completed
2961.921911,30,235.519942,1.0,True,30,0,0,661.0307544469833,888.9405162334442,5.560417811075847,661.0307544469833,completed
2509.336679,30,236.551585,1.0,True,30,0,0,822.4908564090729,1112.4693360328674,6.974208958943685,822.4908564090729,completed
3017.201827,30,236.585231,1.0,True,30,0,0,656.4454960823059,894.2814474105835,4.1703547159830725,656.4454960823059,completed
1576.186144,30,236.619297,1.0,True,30,0,0,959.0041704177856,1493.433274269104,13.34391253789266,959.0041704177856,completed
2857.752593,30,236.652904,1.0,True,30,0,0,698.4259040355682,1035.3107736110687,3.4058335622151694,698.4259040355682,completed
927.721535,30,236.686479,1.0,True,30,0,0,1104.2919554710388,1652.2443342208862,18.953908729553223,1104.2919554710388,completed
2531.248477,30,236.719591,1.0,True,30,0,0,790.9535946846008,1006.1759719848633,8.456429958343506,790.9535946846008,completed
2036.239292,30,236.75291,1.0,True,30,0,0,859.059229850769,1218.258538722992,12.137346299489339,859.059229850769,completed
2897.080599,30,236.786365,1.0,True,30,0,0,744.6064267158508,941.7816171646118,4.003262774149577,744.6064267158508,completed
2911.752914,30,236.819709,1.0,True,30,0,0,669.1694053411484,930.2886073589325,5.140466245015462,669.1694053411484,completed
2814.4889,30,236.853636,1.0,True,30,0,0,682.1904993057251,867.6177978515625,7.780287043253581,682.1904993057251,completed
2535.657287,30,236.887205,1.0,True,30,0,0,795.6319967061281,1148.930059581995,6.552340825398763,795.6319967061281,completed
2557.514794,30,236.920578,1.0,True,30,0,0,811.5222587585449,1026.051622390747,7.865251096089681,811.5222587585449,completed
2184.168192,30,236.953662,1.0,True,30,0,0,737.2837512493134,1113.026468038559,11.985540707906088,737.2837512493134,completed
2423.652741,30,236.987088,1.0,True,30,0,0,858.2728316783905,1191.049066066742,6.187159792582194,858.2728316783905,completed
2667.298439,30,237.020387,1.0,True,30,0,0,808.2954750061035,914.1650657653809,7.285711733500163,808.2954750061035,completed
3185.32803,30,237.05379,1.0,True,30,0,0,739.0602947473526,992.0325396060944,0.0,739.0602947473526,completed
3188.533185,30,237.087649,1.0,True,30,0,0,744.7832636833191,985.997142791748,0.0,744.7832636833191,completed
3349.716884,30,237.16038,1.0,True,30,0,0,716.17915391922,815.1961841583252,0.31433035532633463,716.17915391922,completed
2422.637068,30,237.199934,1.0,True,30,0,0,755.7688307762146,969.0326862335205,10.466094652811686,755.7688307762146,completed
2541.075229,30,237.233943,1.0,True,30,0,0,750.4429149627686,992.260332107544,8.119544283548992,750.4429149627686,completed
2814.004459,30,237.267379,1.0,True,30,0,0,721.9180934429169,986.799289226532,5.622757784525553,721.9180934429169,completed
1824.940788,30,237.300777,1.0,True,30,0,0,1008.5563232898712,1606.7423901557922,6.625146484375,1008.5563232898712,completed
2328.742193,30,237.334663,1.0,True,30,0,0,788.0445261001587,1071.421890258789,9.414450200398763,788.0445261001587,completed
2994.242193,30,237.367987,1.0,True,30,0,0,649.7111439704895,850.8396019935608,5.416792647043864,649.7111439704895,completed
2749.307811,30,237.401073,1.0,True,30,0,0,712.5219626426697,991.632824420929,6.289715067545573,712.5219626426697,completed
3423.50442,30,237.434326,1.0,True,30,0,0,663.3138146400452,816.8248100280762,0.0,663.3138146400452,completed
2339.062016,30,237.467487,1.0,True,30,0,0,849.8602840900421,1295.100677728653,6.190184466044108,849.8602840900421,completed
2178.876597,30,237.501446,1.0,True,30,0,0,836.5386307239532,1265.0639958381653,8.710497156778972,836.5386307239532,completed
2874.895137,30,237.537936,1.0,True,30,0,0,738.2323002815247,972.5984201431274,4.288453674316406,738.2323002815247,completed
2714.948439,30,237.571895,1.0,True,30,0,0,878.0548462867737,1103.7717533111572,3.1511620839436847,878.0548462867737,completed
3053.695544,30,237.605447,1.0,True,30,0,0,687.519372344017,845.4911048412323,4.145876948038737,687.519372344017,completed
1654.16991,30,237.639512,1.0,True,30,0,0,956.5904951095581,1467.6975727081299,12.540141042073568,956.5904951095581,completed
3052.511856,30,237.672678,1.0,True,30,0,0,792.8092935085297,986.4609293937683,1.36159241994222,792.8092935085297,completed
2133.143003,30,237.705742,1.0,True,30,0,0,880.2420363426208,1044.0406713485718,12.671117273966471,880.2420363426208,completed
2686.766901,30,237.739206,1.0,True,30,0,0,834.656031370163,1190.7873125076294,2.459557278951009,834.656031370163,completed
2718.606444,30,237.772872,1.0,True,30,0,0,794.9078741073608,948.9228839874268,5.510560989379883,794.9078741073608,completed
3261.153646,30,237.806367,1.0,True,30,0,0,561.0643899440765,752.7030756473541,4.070572280883789,561.0643899440765,completed
1755.492972,30,237.840312,1.0,True,30,0,0,992.3839967250824,1537.0782122612,9.638176600138346,992.3839967250824,completed
3402.858566,30,237.875317,1.0,True,30,0,0,582.170042514801,676.2562003135681,2.482626469930013,582.170042514801,completed
2503.830237,30,237.913879,1.0,True,30,0,0,757.0149918794632,1029.0686399936676,8.416421063741048,757.0149918794632,completed
3521.362295,30,237.947241,1.0,True,30,0,0,659.5693101882935,729.905562877655,0.0,659.5693101882935,completed
1575.273979,30,237.980879,1.0,True,30,0,0,909.6760883331299,1350.9647607803345,14.797652180989584,909.6760883331299,completed
2631.986561,30,238.014055,1.0,True,30,0,0,805.4393181800842,1013.2766795158386,5.669091669718425,805.4393181800842,completed
2351.331309,30,238.047419,1.0,True,30,0,0,874.9354557991028,1241.2192096710205,5.889438120524089,874.9354557991028,completed
2060.105015,30,238.080803,1.0,True,30,0,0,890.5505390167236,1222.9399967193604,11.338844426472981,890.5505390167236,completed
1909.318362,30,238.114232,1.0,True,30,0,0,923.8443846702576,1268.3378686904907,11.020055866241455,923.8443846702576,completed
3350.566007,30,238.147553,1.0,True,30,0,0,639.9755568504333,791.8672289848328,1.4899117787679037,639.9755568504333,completed
2690.544251,30,238.18093,1.0,True,30,0,0,737.3973832130432,895.4094438552856,8.367782179514567,737.3973832130432,completed
2576.921056,30,238.214443,1.0,True,30,0,0,826.5022605657578,1204.7279098033905,4.1162814458211265,826.5022605657578,completed
2971.890277,30,238.247386,1.0,True,30,0,0,741.0092239379883,1046.4374709129333,2.123716179529826,741.0092239379883,completed
2417.853193,30,238.280474,1.0,True,30,0,0,961.2898178100586,1369.0825366973877,1.9897020975748698,961.2898178100586,completed
2693.136762,30,238.314032,1.0,True,30,0,0,701.5753474235535,905.343502998352,8.084002939860026,701.5753474235535,completed
2926.516985,30,238.347198,1.0,True,30,0,0,747.6528143882751,1122.8155584335327,0.9965702056884765,747.6528143882751,completed
2515.64777,30,238.380712,1.0,True,30,0,0,804.3634214401245,1048.1530103683472,8.229431088765462,804.3634214401245,completed
2581.09486,30,238.413952,1.0,True,30,0,0,846.4156835079193,1015.1568713188171,6.489719518025717,846.4156835079193,completed
2847.206691,30,238.447142,1.0,True,30,0,0,770.7116224765778,986.7709908485413,3.331970755259196,770.7116224765778,completed
2841.265502,30,238.480625,1.0,True,30,0,0,726.6197425127029,953.2872831821442,5.735777346293132,726.6197425127029,completed
3257.699455,30,238.514218,1.0,True,30,0,0,633.4736491441727,822.9070703983307,2.5336429595947267,633.4736491441727,completed
2747.642806,30,238.548088,1.0,True,30,0,0,810.2220854759216,1103.5646171569824,3.7050477345784505,810.2220854759216,completed
2460.199838,30,238.581625,1.0,True,30,0,0,800.6715314388275,1100.216091632843,7.4026590347290036,800.6715314388275,completed
3080.450101,30,238.614786,1.0,True,30,0,0,688.049137711525,896.8124387264252,3.587112236022949,688.049137711525,completed
3018.141411,30,238.648433,1.0,True,30,0,0,693.9972987174988,867.3154735565186,4.273553148905436,693.9972987174988,completed
2093.280317,30,238.681831,1.0,True,30,0,0,901.4410264492035,1239.4262022972107,9.124770736694336,901.4410264492035,completed
2941.138628,30,238.715289,1.0,True,30,0,0,709.0810234546661,1046.8761925697327,2.530815760294596,709.0810234546661,completed
2988.409196,30,238.748741,1.0,True,30,0,0,758.4063792228699,947.1635112762451,3.494451904296875,758.4063792228699,completed
2244.273478,30,238.782014,1.0,True,30,0,0,874.0307991504669,1258.7647576332092,8.194446818033855,874.0307991504669,completed
3266.248568,30,238.815163,1.0,True,30,0,0,684.553120136261,812.0221796035767,1.6632527033487956,684.553120136261,completed
3143.55509,30,238.847923,1.0,True,30,0,0,755.8813800811768,983.5616693496704,0.26663742065429685,755.8813800811768,completed
2712.619247,30,239.874889,1.0,True,30,0,0,796.5575790405273,982.4897668361664,6.22845770517985,796.5575790405273,completed
1821.016132,30,239.908946,1.0,True,30,0,0,1017.548526763916,1567.2030534744263,7.742189884185791,1017.548526763916,completed
2703.927277,30,239.942494,1.0,True,30,0,0,747.0950424671173,1027.7275166511536,5.621923828125,747.0950424671173,completed
3524.878616,30,239.975582,1.0,True,30,0,0,574.7497363090515,688.4835023880005,1.1323281606038411,574.7497363090515,completed
2310.003745,30,240.008331,1.0,True,30,0,0,812.9756553173065,1091.984163761139,10.767138036092122,812.9756553173065,completed
2319.603809,30,240.041329,1.0,True,30,0,0,911.0325484275818,1178.7647552490234,7.202257188161214,911.0325484275818,completed
2300.596598,30,240.074602,1.0,True,30,0,0,823.4998645782471,1079.5401964187622,10.21348778406779,823.4998645782471,completed
2784.591471,30,240.107646,1.0,True,30,0,0,793.2716038227081,1030.473385334015,4.598747380574545,793.2716038227081,completed
2681.700629,30,240.140639,1.0,True,30,0,0,791.6919932365417,995.3692445755005,5.7229667663574215,791.6919932365417,completed
2113.868292,30,240.173742,1.0,True,30,0,0,803.4550739526749,1127.624311208725,12.644532028834025,803.4550739526749,completed
2855.768067,30,240.206622,1.0,True,30,0,0,746.8018989562988,1025.9924516677856,3.542651621500651,746.8018989562988,completed
3015.000909,30,240.239629,1.0,True,30,0,0,719.2088251113892,937.5232448577881,3.619970448811849,719.2088251113892,completed
2644.281588,30,240.272657,1.0,True,30,0,0,846.1797595024109,1171.7170763015747,3.818696212768555,846.1797595024109,completed
3226.164407,30,240.30552,1.0,True,30,0,0,657.9151411056519,805.6831588745117,2.7139172236124676,657.9151411056519,completed
1992.360487,30,240.338486,1.0,True,30,0,0,893.2290201187134,1453.6219463348389,6.9619660059611,893.2290201187134,completed
2273.122664,30,240.37154,1.0,True,30,0,0,793.3919734954834,1161.4715785980225,9.053723589579265,793.3919734954834,completed
2559.324971,30,240.404478,1.0,True,30,0,0,803.7733824849129,989.6640363931656,8.163009325663248,803.7733824849129,completed
3448.349226,30,240.437935,1.0,True,30,0,0,633.8813254833221,745.9135050773621,0.7636187235514323,633.8813254833221,completed
2615.537964,30,240.470525,1.0,True,30,0,0,793.3965892791748,1010.0406856536865,7.3729887962341305,793.3965892791748,completed
2936.907991,30,240.503252,1.0,True,30,0,0,765.7969739437103,1000.005702495575,2.893459192911784,765.7969739437103,completed
2353.355222,30,240.535984,1.0,True,30,0,0,831.5725650787354,1022.2453708648682,10.303855514526367,831.5725650787354,completed
1870.444512,30,240.569021,1.0,True,30,0,0,863.4284763336182,1114.3283853530884,14.262286313374837,863.4284763336182,completed
2948.206168,30,240.602018,1.0,True,30,0,0,659.768880367279,927.9931306838989,3.835667673746745,659.768880367279,completed
3022.478928,30,240.635026,1.0,True,30,0,0,692.6526987552643,931.012571811676,3.4635937372843424,692.6526987552643,completed
2365.012335,30,240.668157,1.0,True,30,0,0,754.8097307682037,1087.929126739502,9.672996457417806,754.8097307682037,completed
2661.795138,30,240.700661,1.0,True,30,0,0,885.8591279685497,1171.7918891310692,2.7119717915852863,885.8591279685497,completed
2347.201163,30,240.733649,1.0,True,30,0,0,746.4915895462036,1080.0234451293945,10.19796822865804,746.4915895462036,completed
3323.553419,30,240.766395,1.0,True,30,0,0,620.475019454956,874.8858375549316,0.19645245869954428,620.475019454956,completed
2722.587351,30,240.799621,1.0,True,30,0,0,729.6256256103516,977.7969789505005,6.401009941101075,729.6256256103516,completed
3329.615572,30,240.832472,1.0,True,30,0,0,644.1863808631897,854.2827072143555,0.6526936848958333,644.1863808631897,completed
2654.520133,30,240.865075,1.0,True,30,0,0,698.6903205513954,861.5941640138626,9.558534908294678,698.6903205513954,completed
2457.103424,30,240.898142,1.0,True,30,0,0,796.4514377117157,1059.4567818641663,9.077054214477538,796.4514377117157,completed
2833.377035,30,240.931192,1.0,True,30,0,0,803.471969127655,1103.37455368042,2.7637962341308593,803.471969127655,completed
2926.219504,30,240.963909,1.0,True,30,0,0,718.7163314819336,901.6363592147827,4.512511698404948,718.7163314819336,completed
2873.090298,30,240.996763,1.0,True,30,0,0,751.4566783905029,1043.7009959220886,2.882743326822917,751.4566783905029,completed
3004.676253,30,241.029593,1.0,True,30,0,0,721.1689534187317,866.606689453125,3.8225836118062335,721.1689534187317,completed
3236.774311,30,241.062358,1.0,True,30,0,0,699.5099166631699,849.2949759960175,1.7382544199625651,699.5099166631699,completed
2332.985593,30,241.0953,1.0,True,30,0,0,803.9453477859497,1053.804684638977,10.341034094492594,803.9453477859497,completed
3201.31268,30,241.128121,1.0,True,30,0,0,656.7534766197205,966.2174997329712,0.19659973780314127,656.7534766197205,completed
3437.790373,30,241.161766,1.0,True,30,0,0,633.0095200538635,820.3671951293945,0.0,633.0095200538635,completed
2193.519072,30,241.194899,1.0,True,30,0,0,851.4068651199341,1204.170919418335,9.434146626790364,851.4068651199341,completed
2965.089947,30,241.227611,1.0,True,30,0,0,732.1801462173462,1010.9904747009277,2.5585407257080077,732.1801462173462,completed
3484.545403,30,241.260574,1.0,True,30,0,0,581.276539683342,688.6879780292511,1.7355316162109375,581.276539683342,completed
2802.680914,30,241.293483,1.0,True,30,0,0,760.3981356620789,1015.2880554199219,4.487722396850586,760.3981356620789,completed
2930.820883,30,241.326325,1.0,True,30,0,0,697.8550741672516,844.9097757339478,4.851088651021322,697.8550741672516,completed
2838.706521,30,241.35931,1.0,True,30,0,0,746.5658578872681,974.5955991744995,4.77164675394694,746.5658578872681,completed
2416.939606,30,241.392049,1.0,True,30,0,0,894.2501268386841,1365.0659551620483,3.58229611714681,894.2501268386841,completed
2865.995085,30,241.425273,1.0,True,30,0,0,730.8751883506775,891.1743764877319,6.003133138020833,730.8751883506775,completed
2975.320916,30,241.458041,1.0,True,30,0,0,686.2722315788269,976.5996103286743,3.0609362284342447,686.2722315788269,completed
3426.046668,30,241.490777,1.0,True,30,0,0,595.7912055253983,707.2354762554169,1.8086597442626953,595.7912055253983,completed
2996.668269,30,241.523798,1.0,True,30,0,0,642.7961735725403,815.5789833068848,6.0919524192810055,642.7961735725403,completed
3334.812806,30,241.556714,1.0,True,30,0,0,641.7880070209503,865.818521976471,0.37856693267822267,641.7880070209503,completed
1246.49368,30,241.591172,1.0,True,30,0,0,985.8658106327057,1512.3185296058655,16.9739408493042,985.8658106327057,completed
3285.494743,30,241.626122,1.0,True,30,0,0,661.7104663848877,840.1796684265137,1.0546890258789063,661.7104663848877,completed
3296.671982,30,241.660202,1.0,True,30,0,0,732.3458495140076,815.3578519821167,1.0337811787923177,732.3458495140076,completed
2813.802919,30,241.693471,1.0,True,30,0,0,675.6540594100952,889.4172267913818,7.45742826461792,675.6540594100952,completed
3421.996753,30,241.726606,1.0,True,30,0,0,628.5074797868729,837.1806900501251,0.0,628.5074797868729,completed
2535.710694,30,241.76082,1.0,True,30,0,0,828.3775389194489,1112.0940079689026,6.065989557902018,828.3775389194489,completed
2288.570946,30,241.794655,1.0,True,30,0,0,880.4265279769897,1197.0783472061157,6.856449254353842,880.4265279769897,completed
3412.512471,30,241.830791,1.0,True,30,0,0,638.2356959581375,734.4168674945831,1.5281259536743164,638.2356959581375,completed
1480.390769,30,241.86622,1.0,True,30,0,0,994.3067257404327,1394.905134677887,15.560492451985677,994.3067257404327,completed
2385.023033,30,241.902202,1.0,True,30,0,0,840.7576751708984,1136.8406500816345,7.166627438863118,840.7576751708984,completed
3060.918542,30,241.938619,1.0,True,30,0,0,691.9669468402863,955.1574816703796,2.387134329477946,691.9669468402863,completed
2912.788729,30,241.975054,1.0,True,30,0,0,791.5170764923096,1010.4070281982422,2.84755490620931,791.5170764923096,completed
2491.845194,30,242.010691,1.0,True,30,0,0,823.4040470123291,1141.0171375274658,5.8998921076456705,823.4040470123291,completed
2570.158463,30,242.047162,1.0,True,30,0,0,824.7570185661316,1128.4674158096313,5.227886136372884,824.7570185661316,completed
3144.494708,30,242.083178,1.0,True,30,0,0,679.1868753433228,856.2917346954346,2.5178709824879966,679.1868753433228,completed
3302.518075,30,242.118279,1.0,True,30,0,0,612.7503981590271,731.1729173660278,2.842357953389486,612.7503981590271,completed
3394.826553,30,242.154325,1.0,True,30,0,0,624.7959357500076,693.1800901889801,1.8799631118774414,624.7959357500076,completed
3194.567476,30,243.254083,1.0,True,30,0,0,639.8310167491436,769.4658502936363,4.0853579839070635,639.8310167491436,completed
1897.493329,30,243.287858,1.0,True,30,0,0,913.2733768224716,1457.6394584178925,9.102320671081543,913.2733768224716,completed
2538.31062,30,243.321333,1.0,True,30,0,0,862.8490753173828,1307.9295387268066,2.9209573745727537,862.8490753173828,completed
2956.759092,30,243.354836,1.0,True,30,0,0,763.7658607959747,1117.7458119392395,0.8410166422526042,763.7658607959747,completed
3019.363111,30,243.388433,1.0,True,30,0,0,760.0771684646606,978.2881860733032,1.9745597203572591,760.0771684646606,completed
2837.094662,30,243.421952,1.0,True,30,0,0,726.3444268703461,950.6068377494812,5.440519332885742,726.3444268703461,completed
1796.558735,30,243.455632,1.0,True,30,0,0,924.3820781707764,1403.2807388305664,10.420053418477377,924.3820781707764,completed
3257.700472,30,243.488711,1.0,True,30,0,0,643.2961246967316,763.4433045387268,3.1089036305745443,643.2961246967316,completed
3328.880766,30,243.52202,1.0,True,30,0,0,672.6867911815643,829.0438189506531,0.8426493008931478,672.6867911815643,completed
2985.312329,30,243.555384,1.0,True,30,0,0,682.5843362808228,915.3907651901245,4.053453795115153,682.5843362808228,completed
2886.9091,30,243.588518,1.0,True,30,0,0,784.7010097503662,1036.2147102355957,2.873901875813802,784.7010097503662,completed
3330.225204,30,243.622373,1.0,True,30,0,0,592.5851366519928,720.5795540809631,2.359770075480143,592.5851366519928,completed
2630.265917,30,243.657484,1.0,True,30,0,0,758.5600973367691,1023.8474586009979,7.222763665517172,758.5600973367691,completed
3345.903005,30,243.69067,1.0,True,30,0,0,690.418151974678,841.9646284580231,0.14475021362304688,690.418151974678,completed
2383.804979,30,243.723886,1.0,True,30,0,0,828.1617188453674,1151.9982776641846,7.0349980672200525,828.1617188453674,completed
2466.445281,30,243.756741,1.0,True,30,0,0,906.010887503624,1443.1144797801971,1.2087043126424153,906.010887503624,completed
2438.909602,30,243.79014,1.0,True,30,0,0,728.8363933563232,917.2922248840332,10.99611857732137,728.8363933563232,completed
2564.50806,30,243.823651,1.0,True,30,0,0,852.566335439682,1124.5463995933533,5.115851656595866,852.566335439682,completed
2178.625248,30,243.856852,1.0,True,30,0,0,968.4236364364624,1529.3701152801514,3.3835573832194012,968.4236364364624,completed
2055.303027,30,243.89015,1.0,True,30,0,0,932.7918612957001,1528.2082629203796,6.233212788899739,932.7918612957001,completed
2292.463404,30,243.923382,1.0,True,30,0,0,876.8606481552124,1205.7823867797852,7.917659695943197,876.8606481552124,completed
2521.121156,30,243.957143,1.0,True,30,0,0,753.1832625865936,1074.9851355552673,6.9080872853597,753.1832625865936,completed
2324.375087,30,243.990701,1.0,True,30,0,0,794.3987202644348,1185.8764448165894,7.742026519775391,794.3987202644348,completed
2928.193084,30,244.024035,1.0,True,30,0,0,694.0388879776001,907.3287343978882,5.455366261800131,694.0388879776001,completed
1996.443759,30,244.057479,1.0,True,30,0,0,835.5058815479279,1192.4870128631592,12.675283304850261,835.5058815479279,completed
2814.534396,30,244.091076,1.0,True,30,0,0,767.5280914306641,1006.1648712158203,4.802789847056071,767.5280914306641,completed
2671.676484,30,244.124397,1.0,True,30,0,0,843.0028705596924,1155.036735534668,3.699689737955729,843.0028705596924,completed
2456.54357,30,244.157636,1.0,True,30,0,0,771.3904423713684,1104.275507926941,8.098651758829753,771.3904423713684,completed
3191.348621,30,244.191134,1.0,True,30,0,0,619.7523803710938,810.2121887207031,3.1761090596516928,619.7523803710938,completed
2401.916424,30,244.224203,1.0,True,30,0,0,741.110954284668,1072.325852394104,9.897642771402994,741.110954284668,completed
2578.42919,30,244.257375,1.0,True,30,0,0,752.7685022354126,1061.327142715454,6.624164199829101,752.7685022354126,completed
1822.507951,30,244.290717,1.0,True,30,0,0,864.6076195240021,1315.1487793922424,11.367730331420898,864.6076195240021,completed
2371.561895,30,244.32384,1.0,True,30,0,0,815.4632332324982,1226.306576013565,6.003715531031291,815.4632332324982,completed
2695.499429,30,244.535835,1.0,True,30,0,0,827.6269923448563,1070.2393324375153,4.59435183207194,827.6269923448563,completed
3042.467165,30,244.570784,1.0,True,30,0,0,640.9575497806072,797.5681647658348,6.093888727823893,640.9575497806072,completed
3391.027992,30,244.603945,1.0,True,30,0,0,660.7662949562073,753.2784733772278,0.4817651748657227,660.7662949562073,completed
3217.639521,30,244.637343,1.0,True,30,0,0,646.4232077598572,840.1618890762329,1.9221412658691406,646.4232077598572,completed
2347.942589,30,244.67031,1.0,True,30,0,0,887.0395641326904,1179.6569118499756,8.203517818450928,887.0395641326904,completed
3222.602435,30,244.703675,1.0,True,30,0,0,661.1361613273621,869.5877962112427,1.1528215408325195,661.1361613273621,completed
2922.493837,30,244.737209,1.0,True,30,0,0,702.9672467708588,990.0730481147766,3.1107577006022136,702.9672467708588,completed
3078.084568,30,244.770187,1.0,True,30,0,0,725.4299281835556,847.63161444664,3.7377116521199545,725.4299281835556,completed
2831.465274,30,244.803861,1.0,True,30,0,0,689.2385346889496,967.9620966911316,5.587221654256185,689.2385346889496,completed
2679.556867,30,244.836989,1.0,True,30,0,0,818.6939921379089,1191.9045667648315,2.7188618977864585,818.6939921379089,completed
2593.475817,30,244.870617,1.0,True,30,0,0,762.9781488776207,934.3514946699142,8.599177487691243,762.9781488776207,completed
2517.561978,30,244.904241,1.0,True,30,0,0,713.0462527275085,974.1814897060394,8.800177192687988,713.0462527275085,completed
3146.24083,30,244.937597,1.0,True,30,0,0,730.2243821620941,950.7781481742859,0.6628096262613933,730.2243821620941,completed
2920.411049,30,244.970824,1.0,True,30,0,0,768.6167764663696,1088.040578365326,1.5262374877929688,768.6167764663696,completed
2800.541829,30,245.003936,1.0,True,30,0,0,695.2218136787415,972.4633941650391,5.543589146931966,695.2218136787415,completed
2828.470174,30,245.03754,1.0,True,30,0,0,845.14477455616,1003.9388296604156,3.8351708094278973,845.14477455616,completed
3254.728842,30,245.070868,1.0,True,30,0,0,590.4771225452423,721.3088698387146,3.6257521311442056,590.4771225452423,completed
3004.336894,30,245.103701,1.0,True,30,0,0,646.8393247127533,838.5091073513031,5.503324890136719,646.8393247127533,completed
2193.681808,30,245.137169,1.0,True,30,0,0,861.7449517250061,1198.0659294128418,8.606644980112712,861.7449517250061,completed
3107.11024,30,245.170425,1.0,True,30,0,0,729.4457907676697,973.4105155467987,0.9078453063964844,729.4457907676697,completed
3083.430201,30,245.20384,1.0,True,30,0,0,663.5947184562683,848.894998550415,3.8271411577860515,663.5947184562683,completed
2774.771899,30,245.237155,1.0,True,30,0,0,734.1570162773132,1036.6714029312134,4.823255793253581,734.1570162773132,completed
2990.150806,30,245.270319,1.0,True,30,0,0,771.1434688568115,1125.2292284965515,0.07351601918538411,771.1434688568115,completed
2543.864127,30,245.303457,1.0,True,30,0,0,808.0738942623138,1060.5125024318695,7.078796394666036,808.0738942623138,completed
2854.839095,30,245.336585,1.0,True,30,0,0,719.0594053268433,905.5823554992676,5.62641118367513,719.0594053268433,completed
2634.444674,30,245.370899,1.0,True,30,0,0,777.0576071739197,1115.6098375320435,5.2858323415120445,777.0576071739197,completed
2402.237778,30,245.404531,1.0,True,30,0,0,721.6726474761963,1023.2133769989014,10.987065315246582,721.6726474761963,completed
3050.612152,30,245.437582,1.0,True,30,0,0,744.054963350296,954.6638331413269,1.630410893758138,744.054963350296,completed
1951.743965,30,245.471153,1.0,True,30,0,0,957.3921903371811,1423.4475467205048,7.550473658243815,957.3921903371811,completed
2828.035021,30,245.50455,1.0,True,30,0,0,748.0908289700747,967.333096653223,4.650734583536784,748.0908289700747,completed
3291.760191,30,245.53812,1.0,True,30,0,0,643.4122362136841,773.1746206283569,2.3616730690002443,643.4122362136841,completed
3181.180457,30,245.571478,1.0,True,30,0,0,665.3617105484009,863.5666103363037,2.3279874165852865,665.3617105484009,completed
1903.32801,30,245.605038,1.0,True,30,0,0,864.7655243873596,1244.6331005096436,12.978604412078857,864.7655243873596,completed
1979.031174,30,245.638518,1.0,True,30,0,0,866.3937578201294,1359.876441001892,10.421141433715821,866.3937578201294,completed
2923.856364,30,245.672062,1.0,True,30,0,0,689.8952713012695,891.6058759689331,5.857333501180013,689.8952713012695,completed
2602.290184,30,246.702872,1.0,True,30,0,0,742.1431722640991,1058.0400295257568,6.809664662679037,742.1431722640991,completed
2349.377802,30,246.736586,1.0,True,30,0,0,899.2498615086079,1211.8239284157753,6.217765998840332,899.2498615086079,completed
2376.977977,30,246.770113,1.0,True,30,0,0,845.2899148464203,1140.3608164787292,7.190852928161621,845.2899148464203,completed
3300.933815,30,246.803531,1.0,True,30,0,0,666.5046634674072,849.7680625915527,0.9903086344401042,666.5046634674072,completed
3031.753498,30,246.836793,1.0,True,30,0,0,625.9709686636925,837.7579287290573,4.435503323872884,625.9709686636925,completed
2210.858525,30,246.870065,1.0,True,30,0,0,966.7507228851318,1184.1448726654053,8.77552801767985,966.7507228851318,completed
2634.475859,30,246.903304,1.0,True,30,0,0,913.5988645553589,1172.2877435684204,2.880805079142253,913.5988645553589,completed
2490.040368,30,246.936546,1.0,True,30,0,0,772.1759133338928,1026.2144842147827,8.963635857899984,772.1759133338928,completed
2514.539754,30,246.969981,1.0,True,30,0,0,803.6496677398682,1253.4000625610352,3.6588396072387694,803.6496677398682,completed
2248.437321,30,247.003176,1.0,True,30,0,0,960.6202116012573,1427.8907985687256,3.3251778920491537,960.6202116012573,completed
2959.210973,30,247.036486,1.0,True,30,0,0,690.8700602054596,996.3635048866272,3.33778559366862,690.8700602054596,completed
3163.053365,30,247.069668,1.0,True,30,0,0,626.5457227230072,795.4776921272278,3.8498956680297853,626.5457227230072,completed
2990.032017,30,247.102979,1.0,True,30,0,0,677.4088516235352,812.577033996582,5.911465581258138,677.4088516235352,completed
1939.068239,30,247.136549,1.0,True,30,0,0,960.5260007381439,1360.9472613334656,9.29290288289388,960.5260007381439,completed
1160.379948,30,247.170003,1.0,True,30,0,0,1042.41499209404,1536.9696860313416,17.39174003601074,1042.41499209404,completed
2698.479404,30,247.202924,1.0,True,30,0,0,715.5799322128296,928.9384689331055,8.25567200978597,715.5799322128296,completed
3422.412031,30,247.236018,1.0,True,30,0,0,667.1169629096985,815.7434463500977,0.0,667.1169629096985,completed
2934.571313,30,247.269136,1.0,True,30,0,0,706.8426246643066,973.2268314361572,4.012893295288086,706.8426246643066,completed
2960.509405,30,247.30259,1.0,True,30,0,0,764.568995475769,1023.9678802490234,2.0730754852294924,764.568995475769,completed
1514.803745,30,247.335476,1.0,True,30,0,0,919.5092525482178,1275.4332389831543,17.925235684712728,919.5092525482178,completed
2668.595234,30,247.368449,1.0,True,30,0,0,734.3979370594025,958.0604844093323,8.031657854715982,734.3979370594025,completed
2621.283652,30,247.401625,1.0,True,30,0,0,760.0076832771301,951.3178176879883,7.021035639444987,760.0076832771301,completed
3190.537043,30,247.434355,1.0,True,30,0,0,621.0424914360046,807.9949283599854,3.6340506871541343,621.0424914360046,completed
2772.290964,30,247.467675,1.0,True,30,0,0,724.9806396961212,968.2972111701965,6.209895324707031,724.9806396961212,completed
3054.623533,30,247.500475,1.0,True,30,0,0,673.3146965503693,909.6484580039978,3.512905756632487,673.3146965503693,completed
2812.287859,30,247.533944,1.0,True,30,0,0,687.7912142276764,866.8757157325745,6.941235415140787,687.7912142276764,completed
3082.027638,30,247.566807,1.0,True,30,0,0,788.2283148765564,989.5598096847534,0.44199304580688475,788.2283148765564,completed
2627.716413,30,247.600305,1.0,True,30,0,0,795.3465490341187,1057.5057888031006,6.280321502685547,795.3465490341187,completed
2862.110734,30,247.633703,1.0,True,30,0,0,699.8958220481873,940.2699718475342,5.0609134038289385,699.8958220481873,completed
2847.380126,30,247.666897,1.0,True,30,0,0,734.6887884140015,1064.4635877609253,3.514944235483805,734.6887884140015,completed
2954.888581,30,247.699939,1.0,True,30,0,0,722.3821133375168,907.9198729991913,4.2995048522949215,722.3821133375168,completed
3344.21778,30,247.733248,1.0,True,30,0,0,680.4935426712036,879.5328130722046,0.0,680.4935426712036,completed
2834.454259,30,247.7667,1.0,True,30,0,0,757.487621307373,1062.6115427017212,2.7030078570048013,757.487621307373,completed
2889.001951,30,247.800385,1.0,True,30,0,0,751.8340272903442,1104.3984642028809,1.9176553726196288,751.8340272903442,completed
2407.028159,30,247.834617,1.0,True,30,0,0,767.7988463193178,1017.5521709024906,9.29975242614746,767.7988463193178,completed
2846.214592,30,247.869692,1.0,True,30,0,0,742.9306211471558,1005.4096541404724,4.53460693359375,742.9306211471558,completed
2064.497623,30,247.904433,1.0,True,30,0,0,837.6259837150574,1186.3222351074219,11.63287213643392,837.6259837150574,completed
3065.521379,30,247.937884,1.0,True,30,0,0,723.5944225788116,924.6220669746399,2.5539615631103514,723.5944225788116,completed
3435.654242,30,247.971576,1.0,True,30,0,0,695.6774371266365,788.1266323328018,0.0,695.6774371266365,completed
3397.030954,30,248.004926,1.0,True,30,0,0,649.5685954093933,821.9204149246216,0.06859054565429687,649.5685954093933,completed
3192.130681,30,248.038058,1.0,True,30,0,0,644.0861167907715,802.527473449707,3.477290471394857,644.0861167907715,completed
2484.230128,30,248.071291,1.0,True,30,0,0,779.5249705314636,1181.1112661361694,5.313874944051107,779.5249705314636,completed
3437.790373,30,248.104852,1.0,True,30,0,0,633.0095200538635,820.3671951293945,0.0,633.0095200538635,completed
3215.351028,30,248.138552,1.0,True,30,0,0,743.7038493156433,867.4797644615173,1.3199820200602213,743.7038493156433,completed
3221.611911,30,248.171918,1.0,True,30,0,0,718.8430604934692,970.0747747421265,0.0,718.8430604934692,completed
3287.722227,30,248.20518,1.0,True,30,0,0,588.5281183719635,728.9958691596985,3.787757428487142,588.5281183719635,completed
3537.561918,30,248.238479,1.0,True,30,0,0,577.8586262464523,675.6500432491302,1.1251309712727864,577.8586262464523,completed
2710.032545,30,248.271711,1.0,True,30,0,0,730.1167144775391,931.1724328994751,7.460129165649414,730.1167144775391,completed
2920.208118,30,248.304731,1.0,True,30,0,0,655.2139689922333,835.3874716758728,6.878954696655273,655.2139689922333,completed
3565.913562,30,248.338053,1.0,True,30,0,0,606.4570353031158,718.3747429847717,0.0,606.4570353031158,completed
2040.932356,30,248.371546,1.0,True,30,0,0,868.2926777005196,1126.5462394952774,12.814852905273437,868.2926777005196,completed
3134.391287,30,248.404929,1.0,True,30,0,0,702.7292132377625,962.1761264801025,0.926290766398112,702.7292132377625,completed
2797.894267,30,248.439294,1.0,True,30,0,0,778.1261763572693,949.9227705001831,4.338582992553711,778.1261763572693,completed
2833.413262,30,248.473047,1.0,True,30,0,0,704.1385185718536,979.5006251335144,5.610882314046224,704.1385185718536,completed
1435.632584,30,248.506451,1.0,True,30,0,0,1005.5937623977661,1441.5320596694946,15.338764890034993,1005.5937623977661,completed
3172.122311,30,248.539571,1.0,True,30,0,0,694.6433982849121,815.4326677322388,3.485261917114258,694.6433982849121,completed
3505.288325,30,248.573484,1.0,True,30,0,0,584.7819910049438,686.6587767601013,0.9752971013387044,584.7819910049438,completed
2976.989219,30,248.607294,1.0,True,30,0,0,755.584052324295,1011.6865563392639,2.530085627237956,755.584052324295,completed
2395.133503,30,248.640876,1.0,True,30,0,0,870.5231080055237,1156.258448600769,7.1778056462605795,870.5231080055237,completed
2313.632681,30,248.676725,1.0,True,30,0,0,865.4087673425674,1181.4484751224518,7.708812268575032,865.4087673425674,completed
3356.058334,30,248.712008,1.0,True,30,0,0,645.6765313148499,809.7929449081421,1.0127251307169596,645.6765313148499,completed
3070.880815,30,248.74708,1.0,True,30,0,0,789.6094386875629,1032.3150878548622,0.24678208033243815,789.6094386875629,completed
2821.662407,30,248.780444,1.0,True,30,0,0,732.5209749937057,941.1181771755219,5.393250211079915,732.5209749937057,completed
3040.567573,30,248.813632,1.0,True,30,0,0,680.4450998306274,865.1675081253052,3.6580184618632,680.4450998306274,completed
2610.293564,30,248.847199,1.0,True,30,0,0,821.9507806301117,1040.6700990200043,6.613314310709636,821.9507806301117,completed
3127.265184,30,248.880378,1.0,True,30,0,0,722.2250089645386,942.2286224365234,1.6324721018473307,722.2250089645386,completed
3322.648636,30,248.914152,1.0,True,30,0,0,670.0940529108047,867.5120012760162,0.2671955108642578,670.0940529108047,completed
2910.963482,30,248.947395,1.0,True,30,0,0,744.62342274189,950.3751699924469,4.447496287027994,744.62342274189,completed
