#{"t_start": 1781050520.4297862, "env_id": "None"}
r,l,t,completion_rate,feasible,served_customers,unserved_customers,invalid_actions,makespan,total_distance,average_regret,penalized_makespan,terminal_status
3074.330617,30,2.508573,1.0,True,30,0,0,658.7151935100555,832.0690236091614,3.9194056828816732,658.7151935100555,completed
291.498218,30,2.543746,1.0,True,30,0,0,1041.6600518226624,1570.2829065322876,29.186575889587402,1041.6600518226624,completed
1995.774146,30,2.579177,1.0,True,30,0,0,785.747695684433,1096.246642589569,13.698432159423827,785.747695684433,completed
597.186636,30,2.615479,1.0,True,30,0,0,1084.6016018390656,1593.01274061203,24.91230646769206,1084.6016018390656,completed
3047.891898,30,2.651637,1.0,True,30,0,0,651.759407043457,781.1605195999146,4.946264775594075,651.759407043457,completed
2582.732805,30,2.687435,1.0,True,30,0,0,710.1334750652313,882.1549582481384,9.43027760187785,710.1334750652313,completed
971.127603,30,2.730792,1.0,True,30,0,0,1030.5000824928284,1353.621220588684,23.60981674194336,1030.5000824928284,completed
1655.659865,30,2.769271,1.0,True,30,0,0,930.9831908047199,1288.7351251244545,14.802359708150227,930.9831908047199,completed
3199.987233,30,2.817627,1.0,True,30,0,0,692.1074595451355,828.5313386917114,1.972730318705241,692.1074595451355,completed
2095.936991,30,2.860086,1.0,True,30,0,0,756.4609663486481,1079.1766610145569,13.468201700846354,756.4609663486481,completed
1365.248929,30,2.897932,1.0,True,30,0,0,956.3546550273895,1315.8319087028503,17.642052968343098,956.3546550273895,completed
2125.826312,30,2.933162,1.0,True,30,0,0,883.7712917327881,1096.05495262146,10.97084108988444,883.7712917327881,completed
2035.478513,30,2.970903,1.0,True,30,0,0,840.7212750911713,1104.4942688941956,13.16908377011617,840.7212750911713,completed
1563.038686,30,3.007464,1.0,True,30,0,0,933.8718507289886,1417.4045948982239,13.54155248006185,933.8718507289886,completed
2828.217151,30,3.043444,1.0,True,30,0,0,628.7373628616333,914.2698278427124,6.39739367167155,628.7373628616333,completed
483.934206,30,3.07872,1.0,True,30,0,0,1149.954788684845,1607.304765701294,25.050961303710938,1149.954788684845,completed
1641.282867,30,3.114118,1.0,True,30,0,0,1023.862847328186,1351.9640789031982,13.787315622965496,1023.862847328186,completed
2912.019699,30,3.149082,1.0,True,30,0,0,741.037832736969,940.6771402359009,4.226879119873047,741.037832736969,completed
2495.182688,30,3.184635,1.0,True,30,0,0,795.9999696016312,951.5130751132965,10.425882466634114,795.9999696016312,completed
3422.412031,30,3.218975,1.0,True,30,0,0,667.1169629096985,815.7434463500977,0.0,667.1169629096985,completed
1594.674539,30,3.253967,1.0,True,30,0,0,776.0373966693878,1223.0447850227356,17.739229329427083,776.0373966693878,completed
1324.910674,30,3.289922,1.0,True,30,0,0,952.6308376789093,1397.9188618659973,17.26333459218343,952.6308376789093,completed
1772.546849,30,3.325647,1.0,True,30,0,0,964.3516798019409,1308.2624082565308,12.162558237711588,964.3516798019409,completed
1043.123667,30,3.360741,1.0,True,30,0,0,1025.674105167389,1430.909662246704,21.874520683288573,1025.674105167389,completed
623.04871,30,3.396416,1.0,True,30,0,0,978.061297416687,1471.1229305267334,26.531321461995443,978.061297416687,completed
1808.727745,30,3.431794,1.0,True,30,0,0,906.7606036663055,1312.394236087799,13.309703890482584,906.7606036663055,completed
2836.497165,30,3.467626,1.0,True,30,0,0,735.4329314231873,875.5304651260376,5.069326082865397,735.4329314231873,completed
2860.447514,30,3.50867,1.0,True,30,0,0,572.3847241401672,803.9619665145874,8.029391479492187,572.3847241401672,completed
1848.452299,30,3.551557,1.0,True,30,0,0,939.5184506177902,1181.2256734371185,13.4748064994812,939.5184506177902,completed
1939.468415,30,3.588943,1.0,True,30,0,0,887.8704733848572,1218.001561164856,12.216793060302734,887.8704733848572,completed
1741.866776,30,3.626965,1.0,True,30,0,0,878.8481945991516,1385.2063188552856,12.534955946604411,878.8481945991516,completed
3165.581624,30,3.666218,1.0,True,30,0,0,623.500687122345,746.2126932144165,3.908066685994466,623.500687122345,completed
2504.382192,30,3.702781,1.0,True,30,0,0,815.8126809298992,991.2923564314842,8.511810127894083,815.8126809298992,completed
477.29413,30,3.741902,1.0,True,30,0,0,1078.6069741249084,1555.4940938949585,27.24163637161255,1078.6069741249084,completed
982.007851,30,3.777012,1.0,True,30,0,0,1016.9272999763489,1400.299304008484,21.875108909606933,1016.9272999763489,completed
1410.593528,30,3.817005,1.0,True,30,0,0,1047.6414365768433,1444.7332210540771,15.276917775472006,1047.6414365768433,completed
3059.439721,30,3.853559,1.0,True,30,0,0,688.3601126670837,817.2512292861938,4.142797660827637,688.3601126670837,completed
893.493798,30,3.893563,1.0,True,30,0,0,988.9629402160645,1459.0316047668457,22.553227869669595,988.9629402160645,completed
2708.02359,30,3.930743,1.0,True,30,0,0,714.4806175231934,986.778902053833,6.213854122161865,714.4806175231934,completed
2065.366995,30,3.96639,1.0,True,30,0,0,910.7512295246124,1067.7798709869385,13.477073478698731,910.7512295246124,completed
1440.308218,30,4.006055,1.0,True,30,0,0,968.6447153091431,1283.7275218963623,16.856744639078777,968.6447153091431,completed
2276.791482,30,4.041682,1.0,True,30,0,0,919.3324967622757,1180.118328332901,7.807980982462565,919.3324967622757,completed
2333.278311,30,4.080928,1.0,True,30,0,0,751.4207739830017,943.3845834732056,12.052436383565267,751.4207739830017,completed
1254.278567,30,4.116675,1.0,True,30,0,0,952.5815181732178,1333.2075662612915,17.960736656188963,952.5815181732178,completed
2855.960726,30,4.155489,1.0,True,30,0,0,748.6298773288727,838.4549927711487,6.126014264424642,748.6298773288727,completed
1672.435908,30,4.190778,1.0,True,30,0,0,969.1442012786865,1378.8216066360474,12.48956340154012,969.1442012786865,completed
1032.616694,30,4.229057,1.0,True,30,0,0,1073.385794043541,1539.3609483242035,17.91757977803548,1073.385794043541,completed
1689.775461,30,4.265228,1.0,True,30,0,0,953.3672304153442,1216.516056060791,15.333942317962647,953.3672304153442,completed
3016.290344,30,4.305025,1.0,True,30,0,0,725.0549132823944,889.8983101844788,3.5798094431559244,725.0549132823944,completed
2326.888335,30,4.341927,1.0,True,30,0,0,762.6851592063904,1001.9484930038452,11.389287122090657,762.6851592063904,completed
2170.281806,30,4.377161,1.0,True,30,0,0,902.1795458495617,1218.670336663723,8.21455160776774,902.1795458495617,completed
2370.510522,30,4.417887,1.0,True,30,0,0,818.5318237543106,1014.5089838504791,9.87350835800171,818.5318237543106,completed
1975.906586,30,4.454159,1.0,True,30,0,0,828.3390183448792,1088.6431255340576,13.326376088460286,828.3390183448792,completed
-161.781719,30,4.49221,1.0,True,30,0,0,1106.7793650627136,1749.9103803634644,32.380211353302,1106.7793650627136,completed
546.538006,30,4.52811,1.0,True,30,0,0,1178.269409418106,1578.6704716682434,24.24938049316406,1178.269409418106,completed
1292.024206,30,4.57318,1.0,True,30,0,0,958.0642466545105,1350.3591041564941,18.629037189483643,958.0642466545105,completed
1408.050976,30,4.609746,1.0,True,30,0,0,985.5621553659439,1368.2209827899933,15.676144154866536,985.5621553659439,completed
3302.501253,30,4.648233,1.0,True,30,0,0,636.1266345977783,730.0125999450684,2.630148442586263,636.1266345977783,completed
2266.018736,30,4.684322,1.0,True,30,0,0,822.1374051570892,1112.8165545463562,9.36001017888387,822.1374051570892,completed
1707.60029,30,4.722536,1.0,True,30,0,0,932.0611298084259,1269.1745476722717,12.617850494384765,932.0611298084259,completed
2659.61127,30,4.762836,1.0,True,30,0,0,755.0846281051636,908.4933624267578,7.6332542419433596,755.0846281051636,completed
1402.391645,30,4.81175,1.0,True,30,0,0,908.0881533622742,1323.6442565917969,18.612446339925132,908.0881533622742,completed
1499.563314,30,4.848074,1.0,True,30,0,0,919.3058853149414,1369.5099201202393,17.28987070719401,919.3058853149414,completed
2223.19439,30,4.887191,1.0,True,30,0,0,912.578275680542,1092.1574063301086,9.548091634114583,912.578275680542,completed
2403.198582,30,4.923842,1.0,True,30,0,0,789.6122961044312,952.9028511047363,10.747348403930664,789.6122961044312,completed
812.858174,30,4.959726,1.0,True,30,0,0,1044.3077156543732,1555.9415221214294,22.400358708699546,1044.3077156543732,completed
2406.263385,30,4.998554,1.0,True,30,0,0,832.2945351600647,1065.4314126968384,7.789755662282308,832.2945351600647,completed
2740.835444,30,5.034306,1.0,True,30,0,0,781.5604782104492,1020.8164644241333,5.205502637227377,781.5604782104492,completed
1344.296999,30,6.433417,1.0,True,30,0,0,1007.4728136062622,1311.6300640106201,18.390437380472818,1007.4728136062622,completed
829.439569,30,6.469269,1.0,True,30,0,0,1164.0543375015259,1424.1688289642334,21.675701936086018,1164.0543375015259,completed
1765.912409,30,6.505433,1.0,True,30,0,0,883.3359365463257,1253.3628635406494,14.923114649454753,883.3359365463257,completed
2328.677469,30,6.541885,1.0,True,30,0,0,809.927857875824,1018.12255859375,11.007183361053468,809.927857875824,completed
469.643165,30,6.580799,1.0,True,30,0,0,1040.5667190551758,1618.2319469451904,25.34936103820801,1040.5667190551758,completed
1306.433315,30,6.614605,1.0,True,30,0,0,978.0906229019165,1291.3123321533203,19.687812423706056,978.0906229019165,completed
990.254038,30,6.650959,1.0,True,30,0,0,963.3583338260651,1478.4375822544098,20.840827027956646,963.3583338260651,completed
2129.010226,30,6.685224,1.0,True,30,0,0,723.0116381645203,1035.2190175056458,12.80736452738444,723.0116381645203,completed
1053.995325,30,6.718535,1.0,True,30,0,0,1112.291265964508,1436.9188327789307,19.883653322855633,1112.291265964508,completed
1596.492672,30,6.754802,1.0,True,30,0,0,892.3670783042908,1152.590244293213,17.837296867370604,892.3670783042908,completed
1224.586542,30,6.788783,1.0,True,30,0,0,1024.971637248993,1408.1261463165283,18.44152857462565,1024.971637248993,completed
1184.126755,30,6.827676,1.0,True,30,0,0,996.2628899812698,1381.3441083431244,19.893949858347575,996.2628899812698,completed
1847.99763,30,6.861419,1.0,True,30,0,0,972.0665736198425,1431.2066354751587,9.823918787638346,972.0665736198425,completed
3014.060449,30,6.896612,1.0,True,30,0,0,816.1807387173176,967.9033227562904,1.6922908782958985,816.1807387173176,completed
1273.806658,30,6.932429,1.0,True,30,0,0,941.4669902920723,1413.6151252985,17.93894182840983,941.4669902920723,completed
863.063856,30,6.965956,1.0,True,30,0,0,1114.2306963205338,1485.7734282016754,22.150782585144043,1114.2306963205338,completed
2047.478593,30,7.00465,1.0,True,30,0,0,883.5471920967102,1227.7958421707153,9.863627751668295,883.5471920967102,completed
1756.79243,30,7.040544,1.0,True,30,0,0,834.1776690483093,1269.4771981239319,14.854600842793783,834.1776690483093,completed
1210.952127,30,7.081569,1.0,True,30,0,0,1010.3082132339478,1354.5666637420654,19.380660247802734,1010.3082132339478,completed
1654.888581,30,7.115551,1.0,True,30,0,0,998.3885397911072,1312.744330406189,13.284325536092123,998.3885397911072,completed
1823.631313,30,7.152725,1.0,True,30,0,0,873.4835495948792,1292.9854655265808,11.66657574971517,873.4835495948792,completed
2499.604727,30,7.188039,1.0,True,30,0,0,798.3204174041748,1135.1970806121826,5.711437225341797,798.3204174041748,completed
933.983457,30,7.221968,1.0,True,30,0,0,1006.8866567611694,1527.7522592544556,19.60595105489095,1006.8866567611694,completed
2255.191778,30,7.257175,1.0,True,30,0,0,717.3278961181641,1061.929250717163,10.688155142466227,717.3278961181641,completed
1830.570181,30,7.291505,1.0,True,30,0,0,888.3667943477631,1229.3270108699799,12.569167176882425,888.3667943477631,completed
2414.737897,30,7.336531,1.0,True,30,0,0,780.672975063324,1063.3353910446167,9.036489804585775,780.672975063324,completed
1901.766792,30,7.370705,1.0,True,30,0,0,970.1443548202515,1269.997537612915,11.485821723937988,970.1443548202515,completed
1860.649391,30,7.406671,1.0,True,30,0,0,925.7027063369751,1204.9393949508667,13.808260854085287,925.7027063369751,completed
1769.0094,30,7.441428,1.0,True,30,0,0,922.292946100235,1207.1140546798706,13.663156207402547,922.292946100235,completed
976.618766,30,7.476908,1.0,True,30,0,0,1055.2399187088013,1484.0786962509155,20.04584528605143,1055.2399187088013,completed
2475.347004,30,7.518882,1.0,True,30,0,0,716.244589805603,962.4101638793945,9.687584368387858,716.244589805603,completed
1587.301773,30,7.559409,1.0,True,30,0,0,950.5308818817139,1398.0473585128784,14.158793385823568,950.5308818817139,completed
2716.090359,30,7.596995,1.0,True,30,0,0,700.032285451889,921.3420827388763,7.006899642944336,700.032285451889,completed
1724.509816,30,7.631416,1.0,True,30,0,0,870.5998668670654,1121.2661819458008,16.912291065851846,870.5998668670654,completed
1904.99934,30,7.668054,1.0,True,30,0,0,902.3314371109009,1143.9485483169556,13.17097323735555,902.3314371109009,completed
1644.742354,30,7.702518,1.0,True,30,0,0,876.4742116928101,1294.8441972732544,15.41740837097168,876.4742116928101,completed
1343.429333,30,7.738631,1.0,True,30,0,0,1048.3916273117065,1399.3326778411865,15.971162414550781,1048.3916273117065,completed
54.921231,30,7.77494,1.0,True,30,0,0,1175.0257444381714,1842.6809711456299,26.801904233296714,1175.0257444381714,completed
1197.879207,30,7.819236,1.0,True,30,0,0,1059.6314997971058,1427.5568781495094,16.51715545654297,1059.6314997971058,completed
2727.559559,30,7.854223,1.0,True,30,0,0,807.2011766433716,950.0211954116821,6.051607004801432,807.2011766433716,completed
1343.069515,30,7.888544,1.0,True,30,0,0,1131.4398484230042,1399.3956985473633,15.145521799723307,1131.4398484230042,completed
651.127308,30,7.924146,1.0,True,30,0,0,1000.2136220932007,1457.4067206382751,27.343285433451335,1000.2136220932007,completed
926.681425,30,7.957612,1.0,True,30,0,0,969.966474533081,1437.2743711471558,23.422281360626222,969.966474533081,completed
1758.962753,30,7.993966,1.0,True,30,0,0,860.882571220398,1209.2885751724243,15.238171195983886,860.882571220398,completed
1119.712856,30,8.028142,1.0,True,30,0,0,1098.9047312736511,1551.8918256759644,15.98105494181315,1098.9047312736511,completed
2223.128506,30,8.067553,1.0,True,30,0,0,803.3146572113037,1201.7153253555298,9.04993069966634,803.3146572113037,completed
2055.144978,30,8.101446,1.0,True,30,0,0,802.2365283966064,1111.3083419799805,12.267898813883464,802.2365283966064,completed
768.41941,30,8.135097,1.0,True,30,0,0,1043.2846598625183,1585.1739735603333,20.948640394210816,1043.2846598625183,completed
1704.869727,30,8.172151,1.0,True,30,0,0,888.01917552948,1298.8574771881104,13.392925707499186,888.01917552948,completed
2298.625386,30,8.205489,1.0,True,30,0,0,867.0148906707764,1120.3188424110413,8.64691588083903,867.0148906707764,completed
2668.22399,30,8.242539,1.0,True,30,0,0,815.22740650177,991.7048759460449,6.196070035298665,815.22740650177,completed
1934.743093,30,8.277486,1.0,True,30,0,0,797.5854425430298,1164.128791809082,13.352732849121093,797.5854425430298,completed
1978.968112,30,8.316975,1.0,True,30,0,0,865.3929941058159,1141.8595527410507,12.34584306081136,865.3929941058159,completed
1875.258956,30,8.35155,1.0,True,30,0,0,894.2343635559082,1232.398904800415,13.376027170817057,894.2343635559082,completed
1207.530395,30,8.386814,1.0,True,30,0,0,1084.9294695854187,1350.2855429649353,18.769963773091636,1084.9294695854187,completed
1945.43693,30,8.422885,1.0,True,30,0,0,864.3518133163452,1207.1694679260254,12.967759450276693,864.3518133163452,completed
507.928537,30,8.457266,1.0,True,30,0,0,1101.9854221343994,1569.6079759597778,26.655190594991048,1101.9854221343994,completed
1294.799559,30,8.493,1.0,True,30,0,0,1056.4620385169983,1467.4968147277832,15.451278686523438,1056.4620385169983,completed
2481.583876,30,8.527227,1.0,True,30,0,0,769.1278013586998,960.4481800794601,9.924107424418132,769.1278013586998,completed
2354.21265,30,8.565101,1.0,True,30,0,0,774.8113174438477,1119.234820842743,9.079037602742513,774.8113174438477,completed
2582.714269,30,8.600008,1.0,True,30,0,0,769.3991758823395,1007.8559918403625,6.950077247619629,769.3991758823395,completed
2347.697986,30,8.633265,1.0,True,30,0,0,809.8579483032227,961.0924081802368,11.736426607767742,809.8579483032227,completed
536.279613,30,8.669486,1.0,True,30,0,0,1005.651846408844,1551.1288537979126,27.068125661214193,1005.651846408844,completed
2627.83941,30,8.702991,1.0,True,30,0,0,761.6273210644722,869.2917190790176,8.399388440450032,761.6273210644722,completed
977.56738,30,8.739059,1.0,True,30,0,0,1030.3637263774872,1425.0931963920593,21.77686446507772,1030.3637263774872,completed
105.255389,30,8.775743,1.0,True,30,0,0,1157.5188159942627,1733.7992362976074,27.30090268452962,1157.5188159942627,completed
2087.859385,30,8.814977,1.0,True,30,0,0,898.4982538223267,1129.8464136123657,11.253510125478108,898.4982538223267,completed
395.07189,30,8.850831,1.0,True,30,0,0,1104.9963293075562,1610.6471872329712,27.336973444620767,1104.9963293075562,completed
-162.181623,30,10.338463,1.0,True,30,0,0,1063.2977635860443,1640.8657939434052,34.40417652130127,1063.2977635860443,completed
1215.449006,30,10.376257,1.0,True,30,0,0,963.2087533473969,1376.2619950771332,20.212292448679605,963.2087533473969,completed
2776.879794,30,10.416733,1.0,True,30,0,0,750.9989795684814,867.298092842102,6.058215268452963,750.9989795684814,completed
1051.203977,30,10.45702,1.0,True,30,0,0,942.9721937179565,1509.3009986877441,19.046360143025716,942.9721937179565,completed
2621.015578,30,10.495274,1.0,True,30,0,0,749.8767886161804,889.3313384056091,8.679897944132486,749.8767886161804,completed
2283.277164,30,10.531289,1.0,True,30,0,0,812.9534831047058,1096.8362755775452,9.457180722554524,812.9534831047058,completed
2914.08185,30,10.572229,1.0,True,30,0,0,710.6882729530334,850.9449405670166,6.141095860799154,710.6882729530334,completed
1973.341869,30,10.614106,1.0,True,30,0,0,900.0384731292725,1339.8934478759766,9.712537574768067,900.0384731292725,completed
1293.485605,30,10.655226,1.0,True,30,0,0,920.9824303388596,1415.9648683071136,17.772726360956828,920.9824303388596,completed
1652.645459,30,10.696742,1.0,True,30,0,0,869.1816565990448,1332.9073576927185,13.82745755513509,869.1816565990448,completed
2201.877043,30,10.737727,1.0,True,30,0,0,888.6333096027374,1162.3908801078796,9.271883392333985,888.6333096027374,completed
347.41424,30,10.774971,1.0,True,30,0,0,1153.7675592899323,1631.9536232948303,26.4196039835612,1153.7675592899323,completed
325.209682,30,10.816805,1.0,True,30,0,0,1208.2942810356617,1659.1181717514992,24.496396001180013,1208.2942810356617,completed
2033.690335,30,10.85566,1.0,True,30,0,0,854.5756978988647,1111.8009977340698,12.09305248260498,854.5756978988647,completed
1273.680585,30,10.900318,1.0,True,30,0,0,972.7170712947845,1517.335331439972,16.56033846537272,972.7170712947845,completed
985.141049,30,10.936506,1.0,True,30,0,0,1031.7011070251465,1423.002287864685,20.842262840270998,1031.7011070251465,completed
1896.980418,30,10.971923,1.0,True,30,0,0,963.4196186065674,1207.1751289367676,11.534586143493652,963.4196186065674,completed
2060.33505,30,11.007625,1.0,True,30,0,0,901.9540333747864,1214.0086040496826,11.384717766443888,901.9540333747864,completed
2022.593733,30,11.042364,1.0,True,30,0,0,850.1291122436523,1118.9755277633667,13.024261983235677,850.1291122436523,completed
-25.19247,30,11.082459,1.0,True,30,0,0,1117.8259744644165,1716.9288759231567,30.597918701171874,1117.8259744644165,completed
834.771407,30,11.121623,1.0,True,30,0,0,1081.0524234771729,1495.0394382476807,22.784229278564453,1081.0524234771729,completed
2135.164256,30,11.161555,1.0,True,30,0,0,841.8922877311707,1076.4927110671997,12.009306494394938,841.8922877311707,completed
247.739603,30,11.198127,1.0,True,30,0,0,1088.5340003967285,1640.4345245361328,29.41103366216024,1088.5340003967285,completed
1812.721909,30,11.234488,1.0,True,30,0,0,925.5575459003448,1250.1784253120422,13.779121589660644,925.5575459003448,completed
335.306521,30,11.273127,1.0,True,30,0,0,1064.2687287330627,1591.9724426269531,27.832709248860677,1064.2687287330627,completed
2150.672191,30,11.31681,1.0,True,30,0,0,859.3647317886353,1112.3744659423828,11.334950955708821,859.3647317886353,completed
1688.230186,30,11.353653,1.0,True,30,0,0,902.9682483673096,1335.6990089416504,13.261999257405598,902.9682483673096,completed
2354.524152,30,11.396873,1.0,True,30,0,0,745.9409370422363,979.4658370018005,11.508314418792725,745.9409370422363,completed
1206.819874,30,11.434261,1.0,True,30,0,0,936.0774593353271,1413.8865909576416,19.52097333272298,936.0774593353271,completed
2261.363638,30,11.471899,1.0,True,30,0,0,820.8215236663818,1127.2879095077515,9.602112452189127,820.8215236663818,completed
1012.785797,30,11.50764,1.0,True,30,0,0,993.2184987068176,1359.9775958061218,22.33846247990926,993.2184987068176,completed
2485.566792,30,11.543158,1.0,True,30,0,0,715.4087924957275,948.3895330429077,9.782657432556153,715.4087924957275,completed
2592.215173,30,11.578643,1.0,True,30,0,0,753.3851885795593,970.9475193023682,8.045190715789795,753.3851885795593,completed
2336.726201,30,11.614649,1.0,True,30,0,0,770.3250904083252,1071.2093524932861,9.045807615915935,770.3250904083252,completed
2868.151821,30,11.650459,1.0,True,30,0,0,596.4093132019043,794.2175059318542,7.839388910929362,596.4093132019043,completed
1550.716825,30,11.685831,1.0,True,30,0,0,857.230465888977,1183.1528911590576,17.97461191813151,857.230465888977,completed
2368.325037,30,11.721309,1.0,True,30,0,0,708.599319934845,933.5040874481201,12.494347922007243,708.599319934845,completed
1336.973835,30,11.756816,1.0,True,30,0,0,928.043619632721,1371.4405527114868,18.626923084259033,928.043619632721,completed
1603.198065,30,11.792212,1.0,True,30,0,0,1003.9481488466263,1288.9216740131378,14.526986742019654,1003.9481488466263,completed
-81.518578,30,11.827539,1.0,True,30,0,0,1237.8539304733276,1761.2141580581665,29.107844098409018,1237.8539304733276,completed
2123.663694,30,11.862817,1.0,True,30,0,0,891.0610003471375,1075.5538864135742,12.143173853556315,891.0610003471375,completed
1199.645333,30,11.898516,1.0,True,30,0,0,938.870626449585,1308.4183235168457,21.546202246348063,938.870626449585,completed
1930.182961,30,11.934131,1.0,True,30,0,0,964.3760826587677,1194.177873134613,12.043262147903443,964.3760826587677,completed
1875.256457,30,11.970333,1.0,True,30,0,0,855.162647485733,1171.9051325321198,11.959171803792318,855.162647485733,completed
1428.472507,30,12.005453,1.0,True,30,0,0,918.4280877113342,1198.0501918792725,19.12692381540934,918.4280877113342,completed
1134.194757,30,12.041529,1.0,True,30,0,0,900.5767612457275,1251.915906906128,22.805861473083496,900.5767612457275,completed
3094.34093,30,12.07636,1.0,True,30,0,0,657.6782812774181,785.7760619521141,4.444973882039388,657.6782812774181,completed
1997.037592,30,12.112242,1.0,True,30,0,0,866.8962380886078,1207.8411574363708,12.486656538645427,866.8962380886078,completed
2795.641049,30,12.147472,1.0,True,30,0,0,722.3975820541382,833.8569221496582,7.061296463012695,722.3975820541382,completed
2212.948626,30,12.183164,1.0,True,30,0,0,815.465482711792,1088.6468257904053,10.754342937469483,815.465482711792,completed
1666.16188,30,12.218838,1.0,True,30,0,0,933.1896386146545,1387.8152303695679,13.205459721883138,933.1896386146545,completed
1135.085976,30,12.258105,1.0,True,30,0,0,1072.0893898010254,1397.8571434020996,20.066958872477212,1072.0893898010254,completed
-40.304612,30,12.29667,1.0,True,30,0,0,1184.354302406311,1758.876916885376,29.832123692830404,1184.354302406311,completed
1511.511557,30,12.338893,1.0,True,30,0,0,847.4411993026733,1240.053734779358,17.68274358113607,847.4411993026733,completed
1859.334568,30,12.376463,1.0,True,30,0,0,794.0605421066284,1216.652006149292,15.348531659444173,794.0605421066284,completed
2660.427829,30,12.412392,1.0,True,30,0,0,701.093612909317,973.4021821022034,6.969560050964356,701.093612909317,completed
1307.467515,30,12.449041,1.0,True,30,0,0,1041.435315132141,1247.3956336975098,19.00893497467041,1041.435315132141,completed
2420.496869,30,12.492658,1.0,True,30,0,0,755.5467367172241,924.8638029098511,10.897081756591797,755.5467367172241,completed
1964.506147,30,12.532256,1.0,True,30,0,0,900.1802129745483,1197.7281379699707,11.214746220906575,900.1802129745483,completed
636.98381,30,12.573776,1.0,True,30,0,0,1058.585286140442,1513.7315273284912,25.96267229715983,1058.585286140442,completed
772.754453,30,12.61019,1.0,True,30,0,0,1023.6299962997437,1387.4594593048096,23.864369074503582,1023.6299962997437,completed
1795.940503,30,12.645861,1.0,True,30,0,0,911.5394368171692,1264.3898057937622,12.688450813293457,911.5394368171692,completed
1281.828581,30,12.681182,1.0,True,30,0,0,1024.2897663116455,1360.6885375976562,18.78066946665446,1024.2897663116455,completed
397.892344,30,12.718434,1.0,True,30,0,0,1122.9380350112915,1615.3619537353516,25.357444763183594,1122.9380350112915,completed
766.447137,30,12.754588,1.0,True,30,0,0,1051.6871280670166,1574.926845550537,21.50201759338379,1051.6871280670166,completed
1780.367615,30,12.794985,1.0,True,30,0,0,869.3142561912537,1191.6966733932495,14.702958170572916,869.3142561912537,completed
2065.873724,30,12.839636,1.0,True,30,0,0,792.9574316740036,1105.2044875621796,11.460448010762532,792.9574316740036,completed
2047.673084,30,12.875644,1.0,True,30,0,0,896.073579788208,1105.3789110183716,11.562766106923421,896.073579788208,completed
1956.515588,30,14.133632,1.0,True,30,0,0,823.2079668045044,1050.0574321746826,13.991607602437337,823.2079668045044,completed
2276.395832,30,14.168461,1.0,True,30,0,0,747.6070380210876,1022.8225440979004,11.582252438863119,747.6070380210876,completed
1873.122657,30,14.201962,1.0,True,30,0,0,790.5086543560028,1124.357132434845,14.346321741739908,790.5086543560028,completed
2763.384114,30,14.236093,1.0,True,30,0,0,721.5229635238647,986.5360069274902,6.475208346048991,721.5229635238647,completed
-375.649661,30,14.270896,1.0,True,30,0,0,1149.4615840911865,1762.4437742233276,34.45474265416463,1149.4615840911865,completed
1199.951723,30,14.307188,1.0,True,30,0,0,999.1937246322632,1407.7827472686768,19.11618366241455,999.1937246322632,completed
1705.442729,30,14.344802,1.0,True,30,0,0,811.4784069061279,1126.3532047271729,16.894695027669272,811.4784069061279,completed
1323.246565,30,14.378808,1.0,True,30,0,0,978.8499059677124,1267.1429052352905,19.00977160135905,978.8499059677124,completed
1230.887555,30,14.411978,1.0,True,30,0,0,1038.5194039344788,1401.278748512268,19.159902985890707,1038.5194039344788,completed
1916.827074,30,14.44619,1.0,True,30,0,0,889.4946858882904,1216.9038481712341,11.348031361897787,889.4946858882904,completed
1548.096917,30,14.481025,1.0,True,30,0,0,895.5757865905762,1178.5075426101685,18.553321901957194,895.5757865905762,completed
2476.024692,30,14.514639,1.0,True,30,0,0,775.1443347930908,967.8412809371948,8.1543883005778,775.1443347930908,completed
3001.956354,30,14.54747,1.0,True,30,0,0,695.2607636451721,799.5966444015503,5.7721813201904295,695.2607636451721,completed
754.948906,30,14.582894,1.0,True,30,0,0,975.1470656394958,1465.726674079895,24.044391886393228,975.1470656394958,completed
2779.806375,30,14.617712,1.0,True,30,0,0,760.0535806417465,916.8789193630219,5.843244425455729,760.0535806417465,completed
2963.273696,30,14.651819,1.0,True,30,0,0,697.1160490214825,847.2943891882896,5.5238807678222654,697.1160490214825,completed
2351.028399,30,14.686113,1.0,True,30,0,0,801.5470440387726,1177.5528101921082,7.7955880482991535,801.5470440387726,completed
2255.314606,30,14.721016,1.0,True,30,0,0,856.4460390806198,1105.3191678524017,10.166111437479655,856.4460390806198,completed
2286.795432,30,14.755305,1.0,True,30,0,0,852.775007724762,1128.9009490013123,8.412475331624348,852.775007724762,completed
1609.559387,30,14.79026,1.0,True,30,0,0,854.9280071258545,1233.3625984191895,18.17974917093913,854.9280071258545,completed
1912.414498,30,14.823425,1.0,True,30,0,0,907.4294672012329,1202.2209920883179,11.928078842163085,907.4294672012329,completed
1160.080896,30,14.856721,1.0,True,30,0,0,1111.6903541088104,1568.117145061493,14.882933870951335,1111.6903541088104,completed
457.761479,30,14.891132,1.0,True,30,0,0,1048.8808517456055,1528.863302230835,26.686006291707358,1048.8808517456055,completed
1831.055086,30,14.92519,1.0,True,30,0,0,854.8676743507385,1265.525486946106,13.899104563395182,854.8676743507385,completed
2799.27235,30,14.958656,1.0,True,30,0,0,862.7397041320801,959.1317486763,4.550648403167725,862.7397041320801,completed
1772.078408,30,14.992208,1.0,True,30,0,0,863.3540635108948,1092.8865971565247,17.128898286819457,863.3540635108948,completed
1057.518293,30,15.025673,1.0,True,30,0,0,1041.5854759216309,1372.8391571044922,20.456789143880208,1041.5854759216309,completed
1725.617917,30,15.059654,1.0,True,30,0,0,916.7332706451416,1193.3241367340088,15.111426162719727,916.7332706451416,completed
1436.761879,30,15.095394,1.0,True,30,0,0,946.4466209411621,1391.469560623169,16.829227193196616,946.4466209411621,completed
2207.007399,30,15.13069,1.0,True,30,0,0,848.8410196304321,1153.3837757110596,9.332763926188152,848.8410196304321,completed
2153.015306,30,15.165114,1.0,True,30,0,0,879.885365486145,1183.8899478912354,9.362908871968587,879.885365486145,completed
1490.731715,30,15.199317,1.0,True,30,0,0,1098.6320219039917,1301.30659866333,14.394196891784668,1098.6320219039917,completed
1644.475652,30,15.23297,1.0,True,30,0,0,1014.8842530250549,1197.0030255317688,14.581507809956868,1014.8842530250549,completed
1759.171242,30,15.267308,1.0,True,30,0,0,861.4089839458466,1218.799346446991,14.638401444753011,861.4089839458466,completed
1664.589767,30,15.303327,1.0,True,30,0,0,964.792839050293,1135.81343460083,16.702329190572105,964.792839050293,completed
1667.923991,30,15.337889,1.0,True,30,0,0,939.4498233795166,1232.727728843689,15.54009354909261,939.4498233795166,completed
659.612449,30,15.373287,1.0,True,30,0,0,1067.0692119598389,1648.8546724319458,23.44009806315104,1067.0692119598389,completed
2331.811632,30,15.4086,1.0,True,30,0,0,810.2570157051086,1020.8142004013062,10.485642306009929,810.2570157051086,completed
99.53233,30,15.443394,1.0,True,30,0,0,1177.490782737732,1663.9679069519043,30.14347503980001,1177.490782737732,completed
634.338928,30,15.478799,1.0,True,30,0,0,1005.5547759532928,1537.903796672821,25.26056717236837,1005.5547759532928,completed
1509.069066,30,15.514575,1.0,True,30,0,0,902.4375147819519,1345.715853691101,17.319683106740317,902.4375147819519,completed
1247.859274,30,15.554818,1.0,True,30,0,0,1001.7786417007446,1513.1476516723633,17.610185400644937,1001.7786417007446,completed
3072.796645,30,15.594232,1.0,True,30,0,0,606.5224304199219,733.5686583518982,5.8560728708903,606.5224304199219,completed
2967.797435,30,15.630456,1.0,True,30,0,0,735.4024658203125,916.2231750488281,3.801926549275716,735.4024658203125,completed
880.144426,30,15.664755,1.0,True,30,0,0,1022.3487682342529,1447.0429134368896,22.244985135396323,1022.3487682342529,completed
29.285501,30,15.698237,1.0,True,30,0,0,1139.2138004302979,1621.0695171356201,29.98349583943685,1139.2138004302979,completed
2285.320733,30,15.73181,1.0,True,30,0,0,791.2991018295288,1091.8143348693848,10.981733957926432,791.2991018295288,completed
1848.923013,30,15.766032,1.0,True,30,0,0,820.5285954475403,1110.4075908660889,15.121857992808025,820.5285954475403,completed
1162.42753,30,15.799979,1.0,True,30,0,0,1023.3641028404236,1344.4986929893494,19.410090764363606,1023.3641028404236,completed
-53.112004,30,15.834399,1.0,True,30,0,0,1132.4598968029022,1757.0796637535095,30.597473923365275,1132.4598968029022,completed
2804.333729,30,15.869189,1.0,True,30,0,0,750.7972130775452,916.2973232269287,5.121014785766602,750.7972130775452,completed
2161.399524,30,15.90326,1.0,True,30,0,0,853.345232963562,1173.5031566619873,10.51233107248942,853.345232963562,completed
2434.534792,30,15.937233,1.0,True,30,0,0,825.6590251922607,1018.180492401123,8.251187515258788,825.6590251922607,completed
620.639733,30,15.970837,1.0,True,30,0,0,1068.9448981285095,1499.1453380584717,25.148890940348306,1068.9448981285095,completed
2016.90331,30,16.004165,1.0,True,30,0,0,850.2381369769573,1027.4222320914268,13.54648920694987,850.2381369769573,completed
681.338026,30,16.037929,1.0,True,30,0,0,977.4525628089905,1432.1592388153076,26.280254554748534,977.4525628089905,completed
660.041622,30,16.072067,1.0,True,30,0,0,1021.5216642618179,1514.5785591602325,25.100149408976236,1021.5216642618179,completed
2424.804489,30,16.105857,1.0,True,30,0,0,753.3072595596313,1027.9335479736328,9.374737548828126,753.3072595596313,completed
977.594652,30,16.139678,1.0,True,30,0,0,1096.8620128631592,1484.0962677001953,19.196370760599773,1096.8620128631592,completed
1927.05707,30,16.173688,1.0,True,30,0,0,933.9509110450745,1154.6572198867798,11.040824031829834,933.9509110450745,completed
2884.704855,30,16.207368,1.0,True,30,0,0,734.4479191303253,855.5831990242004,5.891414578755697,734.4479191303253,completed
1900.075335,30,16.24122,1.0,True,30,0,0,954.9853358268738,1117.918683052063,13.20371519724528,954.9853358268738,completed
2813.432607,30,16.275281,1.0,True,30,0,0,636.9233117103577,835.3599824905396,7.175290425618489,636.9233117103577,completed
2422.644549,30,16.310444,1.0,True,30,0,0,727.5864322185516,974.2071042060852,10.236262957255045,727.5864322185516,completed
2233.377895,30,16.348679,1.0,True,30,0,0,848.2955884933472,1171.167202949524,8.989347139994303,848.2955884933472,completed
1975.121398,30,16.383471,1.0,True,30,0,0,885.5593671798706,1021.7328968048096,13.993946584065755,885.5593671798706,completed
1532.481515,30,16.417323,1.0,True,30,0,0,956.6290543079376,1198.329525232315,16.589642906188963,956.6290543079376,completed
1807.742499,30,16.452546,1.0,True,30,0,0,912.7434573173523,1185.2850980758667,13.929963652292887,912.7434573173523,completed
1295.420039,30,16.486523,1.0,True,30,0,0,911.5957224369049,1364.3741171360016,19.613516640663146,911.5957224369049,completed
1687.82152,30,18.013193,1.0,True,30,0,0,780.878359079361,1137.3868718147278,18.958765093485514,780.878359079361,completed
3291.014482,30,18.047876,1.0,True,30,0,0,726.4865851402283,835.8110466003418,0.39502360026041666,726.4865851402283,completed
2435.933769,30,18.082917,1.0,True,30,0,0,804.7735462188721,1027.681739807129,8.67920316060384,804.7735462188721,completed
1366.470449,30,18.117865,1.0,True,30,0,0,1005.6329712867737,1352.4651432037354,17.70730183919271,1005.6329712867737,completed
1690.482173,30,18.151892,1.0,True,30,0,0,941.4070353507996,1146.7321681976318,15.887803681691487,941.4070353507996,completed
1685.364771,30,18.186597,1.0,True,30,0,0,937.7676277160645,1142.1044082641602,17.344330056508383,937.7676277160645,completed
2237.810102,30,18.221045,1.0,True,30,0,0,845.3363084793091,1089.8766422271729,10.435396766662597,845.3363084793091,completed
1675.272739,30,18.254995,1.0,True,30,0,0,947.0791039466858,1238.306694984436,15.239040565490722,947.0791039466858,completed
3187.508239,30,18.288648,1.0,True,30,0,0,535.9309264421463,689.4986102581024,6.291412226359049,535.9309264421463,completed
1371.087916,30,18.329631,1.0,True,30,0,0,989.1396970748901,1350.8386516571045,17.825095812479656,989.1396970748901,completed
2205.307115,30,18.380102,1.0,True,30,0,0,818.1525831222534,1060.178882598877,11.376742744445801,818.1525831222534,completed
1146.06013,30,18.420467,1.0,True,30,0,0,854.2042076587677,1273.256660938263,21.84725030263265,854.2042076587677,completed
1057.976024,30,18.463482,1.0,True,30,0,0,1021.7545282840729,1366.8403964042664,20.757447052001954,1021.7545282840729,completed
492.486319,30,18.614901,1.0,True,30,0,0,1093.2045140266418,1614.364191532135,24.929839372634888,1093.2045140266418,completed
2302.387956,30,18.660602,1.0,True,30,0,0,868.9600310325623,1060.384919166565,10.080210240681966,868.9600310325623,completed
1529.470405,30,18.695845,1.0,True,30,0,0,995.860641002655,1200.1182470321655,16.21471897761027,995.860641002655,completed
1712.868927,30,18.731919,1.0,True,30,0,0,934.728593826294,1228.3230991363525,14.502308464050293,934.728593826294,completed
1890.548352,30,18.767553,1.0,True,30,0,0,859.7178657054901,1179.7000975608826,14.432513682047526,859.7178657054901,completed
2192.632663,30,18.804484,1.0,True,30,0,0,802.0540895462036,959.9856662750244,13.585844167073567,802.0540895462036,completed
2937.794458,30,18.849542,1.0,True,30,0,0,714.1362953186035,861.9280052185059,5.09338264465332,714.1362953186035,completed
2723.463058,30,18.888776,1.0,True,30,0,0,754.0663890838623,900.7274675369263,6.304948234558106,754.0663890838623,completed
987.745182,30,18.925338,1.0,True,30,0,0,1049.5444736480713,1452.1721858978271,20.50231215159098,1049.5444736480713,completed
3681.828236,30,18.960379,1.0,True,30,0,0,571.2098447978497,632.2235063910484,0.0,571.2098447978497,completed
2940.94714,30,18.994997,1.0,True,30,0,0,728.8294742107391,846.8459210395813,3.9204110463460284,728.8294742107391,completed
1263.473792,30,19.028143,1.0,True,30,0,0,989.9105854034424,1386.6854543685913,17.70376427968343,989.9105854034424,completed
1280.943699,30,19.061537,1.0,True,30,0,0,1029.7476534843445,1438.1363878250122,17.32096138000488,1029.7476534843445,completed
605.543904,30,19.095906,1.0,True,30,0,0,1102.5238590240479,1640.1611404418945,21.22940877278646,1102.5238590240479,completed
364.044868,30,19.129557,1.0,True,30,0,0,1082.764166355133,1746.6545362472534,24.332944043477376,1082.764166355133,completed
1576.132301,30,19.167807,1.0,True,30,0,0,921.9934166669846,1181.4421870708466,15.684754061698914,921.9934166669846,completed
1261.196173,30,19.207945,1.0,True,30,0,0,1150.7818446159363,1444.4357452392578,16.324256674448648,1150.7818446159363,completed
1745.213892,30,19.244081,1.0,True,30,0,0,980.7727793455124,1280.0279128551483,13.388195610046386,980.7727793455124,completed
103.919612,30,19.278817,1.0,True,30,0,0,1160.127568244934,1643.1605405807495,30.62545420328776,1160.127568244934,completed
1616.423379,30,19.312367,1.0,True,30,0,0,920.0348443984985,1203.2400259971619,16.299861431121826,920.0348443984985,completed
833.557309,30,19.346513,1.0,True,30,0,0,1074.5059543401003,1419.4007035791874,23.423305733998617,1074.5059543401003,completed
1924.865523,30,19.381216,1.0,True,30,0,0,857.4846935272217,1074.9544343948364,14.969896380106608,857.4846935272217,completed
251.256135,30,19.415842,1.0,True,30,0,0,1140.4478096961975,1589.2481660842896,27.27170327504476,1140.4478096961975,completed
2770.612399,30,19.44965,1.0,True,30,0,0,794.2852401733398,1051.5585956573486,3.601700019836426,794.2852401733398,completed
2798.247016,30,19.484857,1.0,True,30,0,0,680.1313416957855,839.9753432273865,7.328355026245117,680.1313416957855,completed
2121.222437,30,19.519822,1.0,True,30,0,0,784.506796836853,1028.3620738983154,13.697920068105061,784.506796836853,completed
788.760953,30,19.560705,1.0,True,30,0,0,973.7691850662231,1378.9173822402954,25.919473584493,973.7691850662231,completed
1888.245438,30,19.603048,1.0,True,30,0,0,841.6880331039429,1234.0295867919922,13.655153274536133,841.6880331039429,completed
1731.278034,30,19.640323,1.0,True,30,0,0,994.2813067436218,1467.9201707839966,10.874016571044923,994.2813067436218,completed
1570.886855,30,19.711576,1.0,True,30,0,0,900.4901008605957,1314.56058883667,16.88004061381022,900.4901008605957,completed
1171.271179,30,19.765316,1.0,True,30,0,0,986.8512692451477,1438.5457563400269,19.57029546101888,986.8512692451477,completed
1566.919016,30,19.801966,1.0,True,30,0,0,901.8365049362183,1399.9370441436768,14.950805536905925,901.8365049362183,completed
1430.216922,30,19.840153,1.0,True,30,0,0,968.9930481910706,1362.959719657898,16.402192624409995,968.9930481910706,completed
2191.223087,30,19.878535,1.0,True,30,0,0,708.4438745975494,1026.2059226036072,12.91473455429077,708.4438745975494,completed
1454.0475,30,19.914088,1.0,True,30,0,0,922.1545414924622,1288.814329624176,18.666066869099936,922.1545414924622,completed
1730.287331,30,19.952406,1.0,True,30,0,0,860.712100982666,1196.9685401916504,14.277000236511231,860.712100982666,completed
2229.333079,30,19.996366,1.0,True,30,0,0,767.4713082313538,1039.0559911727905,11.453709093729655,767.4713082313538,completed
2760.410085,30,20.033194,1.0,True,30,0,0,841.585042476654,1030.850757598877,4.51171760559082,841.585042476654,completed
1974.806952,30,20.068758,1.0,True,30,0,0,909.4681878089905,1098.0375490188599,12.777847194671631,909.4681878089905,completed
2173.167097,30,20.112029,1.0,True,30,0,0,812.3089528083801,1160.992313861847,10.122599760691324,812.3089528083801,completed
1847.229666,30,20.148142,1.0,True,30,0,0,818.6953444480896,1204.211169242859,13.86534735361735,818.6953444480896,completed
440.382578,30,20.182597,1.0,True,30,0,0,1194.7739923000336,1553.253749370575,25.902898375193278,1194.7739923000336,completed
1748.904062,30,20.217311,1.0,True,30,0,0,948.3284878730774,1232.3491697311401,14.108579317728678,948.3284878730774,completed
992.613801,30,20.252151,1.0,True,30,0,0,1043.9925787448883,1426.6886429786682,21.360552406311037,1043.9925787448883,completed
1629.607261,30,20.285327,1.0,True,30,0,0,935.4954249858856,1312.749219417572,15.167855707804362,935.4954249858856,completed
1768.348807,30,20.320223,1.0,True,30,0,0,987.6030344963074,1464.437716960907,9.553464730580648,987.6030344963074,completed
1726.769886,30,20.354987,1.0,True,30,0,0,864.2426023483276,1107.4613790512085,15.941283925374348,864.2426023483276,completed
2585.418707,30,20.392512,1.0,True,30,0,0,802.9976086616516,933.979001045227,7.923430442810059,802.9976086616516,completed
1842.415417,30,20.428015,1.0,True,30,0,0,916.3458752632141,1210.9988372325897,13.261305618286134,916.3458752632141,completed
2084.58097,30,20.46218,1.0,True,30,0,0,866.7170114517212,1112.7239665985107,11.523207664489746,866.7170114517212,completed
1156.351448,30,20.496961,1.0,True,30,0,0,1052.8171138763428,1417.627384185791,19.126136016845702,1052.8171138763428,completed
2721.907103,30,20.530837,1.0,True,30,0,0,766.9004679918289,875.3376753330231,7.5013528823852536,766.9004679918289,completed
2640.692685,30,20.564795,1.0,True,30,0,0,801.4898796081543,968.1678514480591,7.640479183197021,801.4898796081543,completed
1120.149857,30,20.601852,1.0,True,30,0,0,941.8411321640015,1434.4576988220215,20.114033253987632,941.8411321640015,completed
812.614351,30,20.638072,1.0,True,30,0,0,1014.6801753044128,1334.0813627243042,24.684800752003987,1014.6801753044128,completed
375.848043,30,21.933529,1.0,True,30,0,0,1077.1486263275146,1589.1321859359741,25.830289618174234,1077.1486263275146,completed
2902.451729,30,21.96748,1.0,True,30,0,0,732.6971569061279,884.7370328903198,5.495320669809977,732.6971569061279,completed
2794.930709,30,22.000325,1.0,True,30,0,0,869.9582226276398,959.1853308677673,4.549841562906901,869.9582226276398,completed
86.122408,30,22.034273,1.0,True,30,0,0,1080.4403495788574,1683.4275350570679,30.147384897867838,1080.4403495788574,completed
2269.763602,30,22.068677,1.0,True,30,0,0,853.1747617721558,1237.1031866073608,7.9586339314778645,853.1747617721558,completed
1620.925389,30,22.101436,1.0,True,30,0,0,983.6100569963455,1213.394607782364,17.069575134913126,983.6100569963455,completed
1697.715467,30,22.135239,1.0,True,30,0,0,963.8748030662537,1197.193030834198,15.034121958414714,963.8748030662537,completed
1887.654216,30,22.168374,1.0,True,30,0,0,848.6502704620361,1196.5146369934082,14.283158683776856,848.6502704620361,completed
1956.556636,30,22.201874,1.0,True,30,0,0,808.4842305183411,1084.281590461731,14.76071793238322,808.4842305183411,completed
1851.7609,30,22.235366,1.0,True,30,0,0,887.7806339263916,1160.251564025879,12.654899978637696,887.7806339263916,completed
1075.469337,30,22.26864,1.0,True,30,0,0,965.1142425537109,1392.8941459655762,20.97130928039551,965.1142425537109,completed
2580.944264,30,22.302359,1.0,True,30,0,0,798.9662742614746,1009.5477495193481,7.069557444254557,798.9662742614746,completed
3226.251751,30,22.335669,1.0,True,30,0,0,675.4813656210899,760.392009139061,3.3671369870503742,675.4813656210899,completed
939.881954,30,22.369767,1.0,True,30,0,0,1069.4332211017609,1498.1507840156555,21.508204174041747,1069.4332211017609,completed
1947.761696,30,22.403522,1.0,True,30,0,0,802.4865064620972,1118.8913264274597,13.082765690485637,802.4865064620972,completed
1851.56071,30,22.437221,1.0,True,30,0,0,884.7292675971985,1146.5990648269653,13.772379302978516,884.7292675971985,completed
1091.594214,30,22.470632,1.0,True,30,0,0,1098.5571174621582,1449.7657642364502,18.74215291341146,1098.5571174621582,completed
1655.467059,30,22.504746,1.0,True,30,0,0,888.773449420929,1248.6474990844727,14.295943705240886,888.773449420929,completed
1167.258472,30,22.538226,1.0,True,30,0,0,957.1552267074585,1261.6080598831177,21.094658772150677,957.1552267074585,completed
1901.653279,30,22.571961,1.0,True,30,0,0,892.062557220459,1104.0809059143066,14.477003161112467,892.062557220459,completed
1972.534144,30,22.606031,1.0,True,30,0,0,837.325207233429,1090.974352836609,14.49998238881429,837.325207233429,completed
543.392456,30,22.639913,1.0,True,30,0,0,987.833911895752,1554.521640777588,24.98222319285075,987.833911895752,completed
2625.944677,30,22.673811,1.0,True,30,0,0,820.5844144821167,1077.6687107086182,4.437818209330241,820.5844144821167,completed
3370.884636,30,22.707079,1.0,True,30,0,0,641.2760801315308,741.7323513031006,1.6407354990641276,641.2760801315308,completed
2842.131143,30,22.740483,1.0,True,30,0,0,767.6987044811249,1015.4715528488159,3.7538487752278646,767.6987044811249,completed
2332.791942,30,22.773736,1.0,True,30,0,0,836.9417352676392,1102.3828945159912,9.123697217305502,836.9417352676392,completed
1841.395008,30,22.811391,1.0,True,30,0,0,831.1893672943115,1179.0840072631836,15.548316065470377,831.1893672943115,completed
1531.31382,30,22.846973,1.0,True,30,0,0,883.2546129226685,1324.449052810669,16.697324244181313,883.2546129226685,completed
1720.423146,30,22.880073,1.0,True,30,0,0,976.2884368896484,1156.9652671813965,15.269033304850261,976.2884368896484,completed
2218.948833,30,22.913974,1.0,True,30,0,0,808.0401169061661,1238.5237991809845,9.230848630269369,808.0401169061661,completed
3000.072579,30,22.947627,1.0,True,30,0,0,718.8800015449524,862.0287857055664,4.006129264831543,718.8800015449524,completed
377.041883,30,22.981141,1.0,True,30,0,0,1032.8513135910034,1557.7298698425293,27.245741208394367,1032.8513135910034,completed
1636.550391,30,23.014236,1.0,True,30,0,0,966.2120048999786,1317.0012154579163,14.2503511428833,966.2120048999786,completed
2506.120994,30,23.048284,1.0,True,30,0,0,830.131594657898,991.9037246704102,7.91176586151123,830.131594657898,completed
1582.354453,30,23.081102,1.0,True,30,0,0,909.472496509552,1238.8417825698853,16.73726812998454,909.472496509552,completed
556.832989,30,23.114978,1.0,True,30,0,0,1163.9662055969238,1652.7664699554443,23.27906951904297,1163.9662055969238,completed
1581.000513,30,23.149024,1.0,True,30,0,0,856.5353112220764,1225.054325580597,17.958642371495564,856.5353112220764,completed
2919.831861,30,23.182866,1.0,True,30,0,0,700.1161441802979,918.7780160903931,4.490710576375325,700.1161441802979,completed
2154.209683,30,23.216924,1.0,True,30,0,0,924.679399728775,1210.7384247779846,8.8195068359375,924.679399728775,completed
2583.272674,30,23.251178,1.0,True,30,0,0,714.8629879951477,994.1449990272522,7.73750057220459,714.8629879951477,completed
1587.654805,30,23.284181,1.0,True,30,0,0,994.3010387420654,1329.3163452148438,14.975276533762614,994.3010387420654,completed
1104.563788,30,23.317765,1.0,True,30,0,0,1039.7727766036987,1388.956976890564,20.228664525349934,1039.7727766036987,completed
1532.589412,30,23.351142,1.0,True,30,0,0,901.098655462265,1429.6922430992126,13.734832127888998,901.098655462265,completed
693.689288,30,23.385198,1.0,True,30,0,0,1050.6965098381042,1528.1264109611511,23.99922924041748,1050.6965098381042,completed
1317.202095,30,23.4184,1.0,True,30,0,0,1083.1540727615356,1535.3252129554749,13.150795459747314,1083.1540727615356,completed
1942.441168,30,23.452407,1.0,True,30,0,0,821.0617499351501,1094.2186586856842,15.104687627156576,821.0617499351501,completed
1921.905592,30,23.486314,1.0,True,30,0,0,930.6561193466187,1188.4980869293213,11.789214007059734,930.6561193466187,completed
3010.042235,30,23.520023,1.0,True,30,0,0,639.9284648895264,791.554557800293,6.338177871704102,639.9284648895264,completed
2328.872226,30,23.558011,1.0,True,30,0,0,803.0755004882812,1136.9046640396118,8.478122393290201,803.0755004882812,completed
935.765665,30,23.609965,1.0,True,30,0,0,988.3120074272156,1442.0001831054688,21.7507821559906,988.3120074272156,completed
1515.78535,30,23.647921,1.0,True,30,0,0,906.5096225738525,1302.920705795288,17.118268330891926,906.5096225738525,completed
-562.059788,30,23.690913,1.0,True,30,0,0,1319.788502216339,2222.324921607971,27.843821207682293,1319.788502216339,completed
846.398949,30,23.73061,1.0,True,30,0,0,1061.4769694805145,1481.1140084266663,21.37482433319092,1061.4769694805145,completed
1667.568995,30,23.773608,1.0,True,30,0,0,908.8246772289276,1216.9978423118591,16.557309532165526,908.8246772289276,completed
2414.212541,30,23.812212,1.0,True,30,0,0,836.2940320968628,972.011589050293,10.163304869333903,836.2940320968628,completed
1685.528591,30,23.846631,1.0,True,30,0,0,890.6882629394531,1169.3983726501465,16.06200402577718,890.6882629394531,completed
1078.96747,30,23.886249,1.0,True,30,0,0,1013.6162219047546,1449.0217866897583,21.482313855489096,1013.6162219047546,completed
1188.121563,30,23.920885,1.0,True,30,0,0,968.1228611469269,1326.7575402259827,20.69285710652669,968.1228611469269,completed
2294.229316,30,23.955416,1.0,True,30,0,0,839.3068189620972,975.9571361541748,11.22722905476888,839.3068189620972,completed
1200.082406,30,23.988553,1.0,True,30,0,0,1033.0964622497559,1351.4721655845642,18.140672238667808,1033.0964622497559,completed
1739.506258,30,24.023026,1.0,True,30,0,0,887.3234310150146,1214.0730295181274,15.210322507222493,887.3234310150146,completed
1898.946144,30,24.056881,1.0,True,30,0,0,775.719899892807,1148.901511669159,15.697170893351236,775.719899892807,completed
1942.375821,30,24.090722,1.0,True,30,0,0,846.8782968521118,1056.491187095642,15.539281590779622,846.8782968521118,completed
2030.689398,30,24.12409,1.0,True,30,0,0,836.4600958824158,1180.477554321289,12.31515391667684,836.4600958824158,completed
2790.215186,30,24.15881,1.0,True,30,0,0,807.4900894165039,919.9518036842346,5.555729611714681,807.4900894165039,completed
2132.338365,30,24.195544,1.0,True,30,0,0,807.4861170053482,1033.4631531238556,13.606008275349934,807.4861170053482,completed
709.490637,30,24.230608,1.0,True,30,0,0,1022.1564922332764,1514.8092346191406,24.682088486353557,1022.1564922332764,completed
1947.86181,30,24.26401,1.0,True,30,0,0,813.2716794013977,1132.6272602081299,13.971419938405354,813.2716794013977,completed
2174.906368,30,25.520723,1.0,True,30,0,0,900.9547228813171,1099.9063777923584,9.493729718526204,900.9547228813171,completed
1064.687605,30,25.555195,1.0,True,30,0,0,949.2911682128906,1364.273717880249,23.08394339879354,949.2911682128906,completed
1849.117882,30,25.59012,1.0,True,30,0,0,870.3565287590027,1243.0751791000366,13.438091723124186,870.3565287590027,completed
1844.272387,30,25.637511,1.0,True,30,0,0,902.1509351730347,1207.6849155426025,13.43306074142456,902.1509351730347,completed
2216.84858,30,25.703521,1.0,True,30,0,0,904.4318370819092,1121.5769562721252,9.195961101849873,904.4318370819092,completed
2128.524007,30,25.742087,1.0,True,30,0,0,940.7540541887283,1232.6216413974762,8.268995920817057,940.7540541887283,completed
2809.972333,30,25.778282,1.0,True,30,0,0,791.0199909210205,887.0516624450684,5.160980733235677,791.0199909210205,completed
1430.549316,30,25.814561,1.0,True,30,0,0,854.396806716919,1221.812578201294,19.71364606221517,854.396806716919,completed
160.292775,30,25.866531,1.0,True,30,0,0,1158.9742059707642,1704.0963687896729,29.413611602783202,1158.9742059707642,completed
1056.755599,30,25.907371,1.0,True,30,0,0,1039.4056658744812,1529.0455384254456,18.8775151570638,1039.4056658744812,completed
2206.187419,30,25.944681,1.0,True,30,0,0,834.3712630271912,1120.803035736084,10.088441403706868,834.3712630271912,completed
925.452091,30,25.979714,1.0,True,30,0,0,1160.8645043373108,1420.7109994888306,21.0041184425354,1160.8645043373108,completed
2449.825386,30,26.014238,1.0,True,30,0,0,745.0227341651917,963.3373670578003,9.808164501190186,745.0227341651917,completed
1917.350336,30,26.049925,1.0,True,30,0,0,946.5645561218262,1406.3922538757324,8.961324183146159,946.5645561218262,completed
2609.904372,30,26.083612,1.0,True,30,0,0,742.8380351066589,927.5792760848999,8.650926717122395,742.8380351066589,completed
1527.659037,30,26.117366,1.0,True,30,0,0,975.3508005142212,1246.9904928207397,16.007349014282227,975.3508005142212,completed
1603.762612,30,26.165961,1.0,True,30,0,0,1001.3602609634399,1364.8398876190186,13.984955914815266,1001.3602609634399,completed
1519.012437,30,26.204071,1.0,True,30,0,0,828.3343839645386,1194.4064655303955,19.41899700164795,828.3343839645386,completed
598.047367,30,26.239593,1.0,True,30,0,0,1095.7734870910645,1467.9121780395508,25.413085746765137,1095.7734870910645,completed
2643.165671,30,26.273461,1.0,True,30,0,0,769.8077388554811,1064.1675683557987,5.322756004333496,769.8077388554811,completed
1467.456226,30,26.306724,1.0,True,30,0,0,843.9845447540283,1203.7963600158691,19.949617513020833,843.9845447540283,completed
2457.260016,30,26.340833,1.0,True,30,0,0,751.6752586364746,925.2000255584717,9.90024668375651,751.6752586364746,completed
1134.600559,30,26.374937,1.0,True,30,0,0,1026.361335515976,1549.3675875663757,17.33797156016032,1026.361335515976,completed
2752.664209,30,26.411374,1.0,True,30,0,0,730.368453502655,1032.3908729553223,4.474745972951253,730.368453502655,completed
967.82799,30,26.449675,1.0,True,30,0,0,1010.2025051116943,1443.2161421775818,21.391879177093507,1010.2025051116943,completed
1841.90947,30,26.486508,1.0,True,30,0,0,843.1087670326233,1250.7741832733154,12.856227811177572,843.1087670326233,completed
2402.273419,30,26.522498,1.0,True,30,0,0,796.5485768318176,1008.6706075668335,9.670996109644571,796.5485768318176,completed
2659.802385,30,26.557032,1.0,True,30,0,0,780.3151944875717,1076.487293958664,4.714541244506836,780.3151944875717,completed
2672.445831,30,26.591204,1.0,True,30,0,0,810.2474122047424,980.3865938186646,6.3830078125,810.2474122047424,completed
-296.913489,30,26.624432,1.0,True,30,0,0,1335.048933506012,2253.3415880203247,23.536806360880533,1335.048933506012,completed
1615.927267,30,26.65991,1.0,True,30,0,0,839.4241456985474,1259.1316452026367,14.422890599568685,839.4241456985474,completed
2148.463886,30,26.701176,1.0,True,30,0,0,855.628279209137,1130.9826250076294,11.484637641906739,855.628279209137,completed
1839.994646,30,26.736519,1.0,True,30,0,0,888.6754131317139,1220.0688762664795,13.82873903910319,888.6754131317139,completed
844.24923,30,26.771821,1.0,True,30,0,0,1011.861768245697,1450.006932258606,23.31043472290039,1011.861768245697,completed
1842.994395,30,26.806008,1.0,True,30,0,0,946.7416958808899,1436.6279582977295,10.47783055305481,946.7416958808899,completed
1417.550873,30,26.840445,1.0,True,30,0,0,947.0050296783447,1411.7444796562195,16.35545303026835,947.0050296783447,completed
2557.528942,30,26.87461,1.0,True,30,0,0,859.6232328414917,952.9313254356384,7.474544334411621,859.6232328414917,completed
1324.467749,30,26.911254,1.0,True,30,0,0,966.8855781555176,1435.0824327468872,16.446837139129638,966.8855781555176,completed
1569.314228,30,26.95117,1.0,True,30,0,0,969.52765417099,1345.7824745178223,14.393474292755126,969.52765417099,completed
2431.8861,30,26.990772,1.0,True,30,0,0,723.7505407333374,990.9756927490234,9.396505228678386,723.7505407333374,completed
-176.156413,30,27.028833,1.0,True,30,0,0,1230.45068693161,1810.628993988037,30.26990178426107,1230.45068693161,completed
1641.056504,30,27.068161,1.0,True,30,0,0,875.5098831653595,1292.2024385929108,15.536914730072022,875.5098831653595,completed
3190.335937,30,27.104433,1.0,True,30,0,0,734.0482940673828,829.0217714309692,1.705185635884603,734.0482940673828,completed
2525.655158,30,27.147173,1.0,True,30,0,0,813.1155006885529,1064.1803545951843,6.431285858154297,813.1155006885529,completed
3233.611532,30,27.182229,1.0,True,30,0,0,603.174222111702,762.3082163333893,3.932414944966634,603.174222111702,completed
2531.619833,30,27.223528,1.0,True,30,0,0,730.4509792327881,891.1342606544495,9.914364878336588,730.4509792327881,completed
2395.137712,30,27.25832,1.0,True,30,0,0,791.9259188175201,1065.9123635292053,9.620052274068197,791.9259188175201,completed
2159.910799,30,27.292767,1.0,True,30,0,0,744.8202078342438,1074.199053287506,12.609635289510091,744.8202078342438,completed
2484.903864,30,27.327364,1.0,True,30,0,0,863.2145133018494,1016.9123086929321,7.892731475830078,863.2145133018494,completed
2124.618546,30,27.363428,1.0,True,30,0,0,808.1146134734154,1199.5579994916916,10.683314768473307,808.1146134734154,completed
2596.100678,30,27.399097,1.0,True,30,0,0,737.3087258338928,949.1047191619873,8.958314927419027,737.3087258338928,completed
1907.363795,30,27.432975,1.0,True,30,0,0,964.458544254303,1132.257818698883,12.724624633789062,964.458544254303,completed
2311.352964,30,27.466876,1.0,True,30,0,0,853.6679493188858,1061.4945585727692,9.646704196929932,853.6679493188858,completed
431.346799,30,27.501222,1.0,True,30,0,0,1049.7421493530273,1518.2697887420654,27.72851905822754,1049.7421493530273,completed
1799.654939,30,27.535053,1.0,True,30,0,0,932.4326605796814,1310.5370473861694,12.821578534444173,932.4326605796814,completed
1262.533696,30,27.568473,1.0,True,30,0,0,917.9358997344971,1365.6947612762451,19.657342116038006,917.9358997344971,completed
2190.821189,30,27.602013,1.0,True,30,0,0,876.5017194747925,1111.7854733467102,10.088562647501627,876.5017194747925,completed
509.542351,30,27.635539,1.0,True,30,0,0,1178.173743724823,1570.3939409255981,24.18533445994059,1178.173743724823,completed
2395.06482,30,27.669148,1.0,True,30,0,0,868.2231101691723,1155.8599490523338,6.792589505513509,868.2231101691723,completed
2794.309151,30,27.702498,1.0,True,30,0,0,705.7228765487671,925.6872043609619,5.98335329691569,705.7228765487671,completed
1603.093683,30,27.735525,1.0,True,30,0,0,844.835578918457,1152.4433298110962,19.038621775309245,844.835578918457,completed
1682.340899,30,27.76956,1.0,True,30,0,0,840.4459819793701,1249.9844760894775,15.55680980682373,840.4459819793701,completed
2302.490585,30,27.805034,1.0,True,30,0,0,749.8781850337982,964.5119957923889,11.776988476514816,749.8781850337982,completed
2245.269476,30,27.842435,1.0,True,30,0,0,835.8762176036835,1053.2221341133118,11.077674102783202,835.8762176036835,completed
1647.079423,30,27.876231,1.0,True,30,0,0,999.0484409332275,1319.6567831039429,13.697817516326904,999.0484409332275,completed
827.613101,30,27.90957,1.0,True,30,0,0,1020.4945039749146,1498.9241075515747,22.18789463043213,1020.4945039749146,completed
1726.06333,30,27.943692,1.0,True,30,0,0,871.6836937665939,1135.561413526535,17.446814982096353,871.6836937665939,completed
1290.031634,30,27.978102,1.0,True,30,0,0,901.3592417240143,1253.9425625801086,19.3302666982015,901.3592417240143,completed
736.316496,30,29.276065,1.0,True,30,0,0,912.6523604393005,1401.6122841835022,25.738642915089926,912.6523604393005,completed
1365.080443,30,29.31137,1.0,True,30,0,0,1027.0480268001556,1225.5546832084656,18.593009821573894,1027.0480268001556,completed
1303.626772,30,29.350237,1.0,True,30,0,0,1000.0013837814331,1388.7967567443848,17.72826608022054,1000.0013837814331,completed
2933.902324,30,29.393727,1.0,True,30,0,0,701.066737651825,858.2632856369019,5.356133651733399,701.066737651825,completed
2553.867491,30,29.428393,1.0,True,30,0,0,756.560585975647,977.3985137939453,7.7009632110595705,756.560585975647,completed
2147.307495,30,29.470742,1.0,True,30,0,0,910.7729458808899,1064.5079736709595,11.337832768758139,910.7729458808899,completed
1799.006664,30,29.520021,1.0,True,30,0,0,941.5144939422607,1288.7799444198608,12.307111676534017,941.5144939422607,completed
2360.983821,30,29.607406,1.0,True,30,0,0,802.4091701507568,1058.0462732315063,9.395329602559407,802.4091701507568,completed
-834.856301,30,29.642586,1.0,True,30,0,0,1257.329988002777,2113.1729707717896,34.59946734110515,1257.329988002777,completed
1750.9699,30,29.681301,1.0,True,30,0,0,969.1823182106018,1164.2858638763428,14.696770985921225,969.1823182106018,completed
1427.225267,30,29.728991,1.0,True,30,0,0,912.1980299949646,1327.0927057266235,17.677565638224284,912.1980299949646,completed
2017.529871,30,29.764467,1.0,True,30,0,0,808.9784905910492,1058.8915343284607,15.038372453053793,808.9784905910492,completed
764.428645,30,29.800713,1.0,True,30,0,0,1052.7968746423721,1527.9524681568146,22.38575859069824,1052.7968746423721,completed
1799.220355,30,29.836372,1.0,True,30,0,0,930.3461399078369,1165.124752998352,14.682245540618897,930.3461399078369,completed
2161.188227,30,29.869705,1.0,True,30,0,0,888.5793371200562,1137.3179569244385,9.576906967163087,888.5793371200562,completed
1941.164069,30,29.903481,1.0,True,30,0,0,890.8837842941284,1180.1647396087646,13.268740781148274,890.8837842941284,completed
1714.07488,30,29.937143,1.0,True,30,0,0,920.5354607105255,1330.9872813224792,12.32529722849528,920.5354607105255,completed
1153.803344,30,29.970752,1.0,True,30,0,0,1045.1698951721191,1415.9833970069885,18.858549706141154,1045.1698951721191,completed
1181.617538,30,30.004444,1.0,True,30,0,0,956.4215202331543,1377.1583290100098,20.410923131306966,956.4215202331543,completed
2442.346618,30,30.038071,1.0,True,30,0,0,784.063250541687,981.0643930435181,7.967409992218018,784.063250541687,completed
661.040347,30,30.072303,1.0,True,30,0,0,1123.1228485107422,1574.9271240234375,22.961101786295572,1123.1228485107422,completed
2422.001903,30,30.106197,1.0,True,30,0,0,869.1497311592102,1029.497187614441,8.234355862935384,869.1497311592102,completed
2031.826049,30,30.14265,1.0,True,30,0,0,842.4195380210876,1096.6229066848755,12.940617179870605,842.4195380210876,completed
757.789526,30,30.176498,1.0,True,30,0,0,1024.9199295043945,1640.2018928527832,21.5506072362264,1024.9199295043945,completed
936.493573,30,30.210231,1.0,True,30,0,0,1096.3794736862183,1427.6184930801392,21.338306681315103,1096.3794736862183,completed
1337.782311,30,30.24406,1.0,True,30,0,0,976.3345079421997,1255.3134651184082,18.176202869415285,976.3345079421997,completed
2479.150171,30,30.278176,1.0,True,30,0,0,705.0876941680908,936.6369485855103,11.041609477996825,705.0876941680908,completed
1511.037359,30,30.31171,1.0,True,30,0,0,894.9170296192169,1286.8753695487976,17.190825271606446,894.9170296192169,completed
2722.85051,30,30.345397,1.0,True,30,0,0,743.4063718318939,1088.5672755241394,3.81136105855306,743.4063718318939,completed
435.835356,30,30.378749,1.0,True,30,0,0,986.8506067991257,1595.1630427837372,27.289582220713296,986.8506067991257,completed
1876.429522,30,30.412381,1.0,True,30,0,0,880.6367273330688,1262.6306438446045,13.35491221745809,880.6367273330688,completed
-677.944327,30,30.445914,1.0,True,30,0,0,1419.7254405021667,1963.427939414978,33.10563882191976,1419.7254405021667,completed
2660.343784,30,30.479654,1.0,True,30,0,0,742.3295402526855,937.565315246582,7.632277425130209,742.3295402526855,completed
2145.820618,30,30.512808,1.0,True,30,0,0,896.2836456298828,1091.2119808197021,10.601266924540202,896.2836456298828,completed
2905.329914,30,30.545813,1.0,True,30,0,0,658.4538588523865,855.3713397979736,5.894821612040202,658.4538588523865,completed
1893.954483,30,30.578702,1.0,True,30,0,0,952.0289286375046,1063.062085390091,14.340997759501139,952.0289286375046,completed
984.079077,30,30.611919,1.0,True,30,0,0,1045.0625648498535,1393.0068683624268,20.859597142537435,1045.0625648498535,completed
1684.789455,30,30.645719,1.0,True,30,0,0,979.8972311019897,1271.7209873199463,13.306318664550782,979.8972311019897,completed
1282.489244,30,30.679067,1.0,True,30,0,0,957.5886534452438,1253.110729932785,20.57559601465861,957.5886534452438,completed
2661.927455,30,30.713075,1.0,True,30,0,0,765.7044603824615,930.3965039253235,6.670228576660156,765.7044603824615,completed
2656.119431,30,30.747091,1.0,True,30,0,0,741.6457643508911,975.3447217941284,7.433565266927084,741.6457643508911,completed
1652.085229,30,30.780948,1.0,True,30,0,0,867.2027759552002,1317.573076248169,14.971045366923015,867.2027759552002,completed
1837.954569,30,30.814607,1.0,True,30,0,0,976.2001476287842,1304.1206970214844,11.02987626393636,976.2001476287842,completed
2043.881758,30,30.848412,1.0,True,30,0,0,814.5400258898735,1212.4088243246078,12.145742003122965,814.5400258898735,completed
1039.12026,30,30.882875,1.0,True,30,0,0,1044.7510693073273,1483.706377029419,19.949201393127442,1044.7510693073273,completed
2724.717954,30,30.916572,1.0,True,30,0,0,734.5042552947998,1015.638692855835,5.206282170613607,734.5042552947998,completed
2163.727764,30,30.950192,1.0,True,30,0,0,783.8664946556091,1081.3133764266968,12.025127092997232,783.8664946556091,completed
1992.795573,30,30.984641,1.0,True,30,0,0,821.2775120735168,1052.934546470642,12.936831982930501,821.2775120735168,completed
1782.284501,30,31.018305,1.0,True,30,0,0,904.1578562259674,1224.6989912986755,13.71753158569336,904.1578562259674,completed
1661.355327,30,31.051397,1.0,True,30,0,0,1001.8053069114685,1376.6910309791565,11.136689249674479,1001.8053069114685,completed
1122.113494,30,31.084585,1.0,True,30,0,0,1097.9545259475708,1425.4663276672363,18.26834716796875,1097.9545259475708,completed
2378.223414,30,31.117931,1.0,True,30,0,0,857.0421990156174,1063.3588416576385,8.464275677998861,857.0421990156174,completed
2633.57173,30,31.151347,1.0,True,30,0,0,725.7666487693787,832.8649482727051,9.746947288513184,725.7666487693787,completed
2017.342927,30,31.184278,1.0,True,30,0,0,902.7740602493286,1114.5118980407715,12.250492477416993,902.7740602493286,completed
1461.535181,30,31.217825,1.0,True,30,0,0,1029.8345851898193,1334.8501586914062,16.203814888000487,1029.8345851898193,completed
739.391151,30,31.251033,1.0,True,30,0,0,1062.6476557254791,1561.5066072940826,22.089383125305176,1062.6476557254791,completed
1944.117129,30,31.284803,1.0,True,30,0,0,930.454954624176,1141.9521231651306,12.691042709350587,930.454954624176,completed
614.98831,30,31.317848,1.0,True,30,0,0,996.3890132904053,1457.0940036773682,25.906247965494792,996.3890132904053,completed
2465.650168,30,31.350603,1.0,True,30,0,0,823.9326736927032,1102.4052867889404,7.039073530832926,823.9326736927032,completed
1175.051669,30,31.384446,1.0,True,30,0,0,926.2599983215332,1498.7906951904297,17.758709462483726,926.2599983215332,completed
2045.219793,30,31.417671,1.0,True,30,0,0,835.6634602546692,1086.9494986534119,13.378961372375489,835.6634602546692,completed
-182.143328,30,31.458238,1.0,True,30,0,0,1068.6769349575043,1660.2229297161102,34.328199076652524,1068.6769349575043,completed
2971.126204,30,31.493291,1.0,True,30,0,0,651.6566452682018,793.1171054244041,6.424183209737142,651.6566452682018,completed
2195.384025,30,31.527211,1.0,True,30,0,0,929.1668105125427,1184.9891242980957,8.1437975247701,929.1668105125427,completed
2953.057586,30,31.560658,1.0,True,30,0,0,743.7125418484211,875.6913686394691,4.290906397501628,743.7125418484211,completed
2314.827821,30,31.594073,1.0,True,30,0,0,822.4672448635101,1070.767961025238,9.73078457514445,822.4672448635101,completed
1960.359002,30,31.627014,1.0,True,30,0,0,978.2344307899475,1103.4544973373413,12.231673208872477,978.2344307899475,completed
2217.555904,30,31.660418,1.0,True,30,0,0,836.5280776023865,1090.264144897461,11.270611508687336,836.5280776023865,completed
1263.753608,30,31.694096,1.0,True,30,0,0,897.1707067489624,1353.2247772216797,18.8232785542806,897.1707067489624,completed
2435.582071,30,32.935976,1.0,True,30,0,0,779.118124961853,910.1768198013306,11.095875867207845,779.118124961853,completed
2257.340628,30,32.97139,1.0,True,30,0,0,893.3515672683716,1010.8110551834106,9.829271189371745,893.3515672683716,completed
-1450.056876,30,33.005933,1.0,True,30,0,0,1469.5900835990906,2191.788468360901,41.7055918375651,1469.5900835990906,completed
1253.899298,30,33.042481,1.0,True,30,0,0,937.2254505157471,1308.6761627197266,19.820360883076987,937.2254505157471,completed
2927.850819,30,33.077258,1.0,True,30,0,0,710.2890191078186,852.0746164321899,5.894894854227702,710.2890191078186,completed
2344.813848,30,33.112986,1.0,True,30,0,0,779.1796913146973,1084.4497547149658,8.16306012471517,779.1796913146973,completed
856.777876,30,33.149061,1.0,True,30,0,0,1153.782070159912,1547.855954170227,20.721855545043944,1153.782070159912,completed
1811.679601,30,33.186141,1.0,True,30,0,0,819.5442433357239,1236.1096768379211,13.864553467432659,819.5442433357239,completed
1491.958869,30,33.221993,1.0,True,30,0,0,979.5703463554382,1381.2999272346497,14.93115005493164,979.5703463554382,completed
1491.210151,30,33.257688,1.0,True,30,0,0,903.0955429077148,1344.572841644287,15.548373285929362,903.0955429077148,completed
1830.207918,30,33.293697,1.0,True,30,0,0,819.4343056678772,1106.3389749526978,15.935977109273274,819.4343056678772,completed
1738.046162,30,33.329776,1.0,True,30,0,0,820.3183002471924,1263.080165863037,14.172911262512207,820.3183002471924,completed
1570.564978,30,33.36482,1.0,True,30,0,0,856.5929532051086,1282.404772758484,16.663899993896486,856.5929532051086,completed
2169.762279,30,33.400348,1.0,True,30,0,0,958.1307864189148,1128.4694051742554,10.15071506500244,958.1307864189148,completed
1313.303944,30,33.435579,1.0,True,30,0,0,936.1925935745239,1385.9364318847656,18.67417375246684,936.1925935745239,completed
3316.359371,30,33.470642,1.0,True,30,0,0,631.1996536254883,730.7203378677368,2.0188077608744304,631.1996536254883,completed
2828.156101,30,33.504958,1.0,True,30,0,0,590.1306147575378,797.8979868888855,9.334629074732463,590.1306147575378,completed
2162.793578,30,33.540833,1.0,True,30,0,0,866.3389799594879,1069.4417119026184,11.850285847981771,866.3389799594879,completed
1379.193555,30,33.57748,1.0,True,30,0,0,996.1799111366272,1356.877360343933,17.508890024820964,996.1799111366272,completed
1474.514358,30,33.612774,1.0,True,30,0,0,892.9492712020874,1310.2108688354492,18.22473538716634,892.9492712020874,completed
2233.949687,30,33.647959,1.0,True,30,0,0,829.8733215332031,1074.097370147705,11.360320218404134,829.8733215332031,completed
1415.627242,30,33.683238,1.0,True,30,0,0,1020.0591306686401,1258.5469121932983,18.048927942911785,1020.0591306686401,completed
2337.058488,30,33.717872,1.0,True,30,0,0,759.3213334083557,1013.6583766937256,10.20540828704834,759.3213334083557,completed
1426.162195,30,33.753294,1.0,True,30,0,0,1011.1417388916016,1471.3112106323242,14.061840502421061,1011.1417388916016,completed
2533.817512,30,33.788257,1.0,True,30,0,0,842.7497487068176,1022.9266633987427,6.755221811930339,842.7497487068176,completed
959.917681,30,33.823001,1.0,True,30,0,0,1042.307939529419,1438.1136074066162,21.71287644704183,1042.307939529419,completed
340.338914,30,33.85777,1.0,True,30,0,0,1143.496259689331,1537.0763244628906,28.37965621948242,1143.496259689331,completed
2895.529292,30,33.893096,1.0,True,30,0,0,707.6819767951965,946.0961217880249,4.319263140360515,707.6819767951965,completed
2238.535199,30,33.928807,1.0,True,30,0,0,784.8111015558243,1176.9105179309845,9.432942835489909,784.8111015558243,completed
2163.470983,30,33.963017,1.0,True,30,0,0,832.836131811142,1141.7608942985535,10.014839235941569,832.836131811142,completed
2232.281485,30,33.998417,1.0,True,30,0,0,842.719838142395,1040.2586116790771,10.213368988037109,842.719838142395,completed
1300.702995,30,34.033915,1.0,True,30,0,0,901.6815972328186,1369.9520936012268,19.105679066975913,901.6815972328186,completed
1193.264909,30,34.068047,1.0,True,30,0,0,870.0751755237579,1255.2425789833069,21.648719151814777,870.0751755237579,completed
1227.883869,30,34.103366,1.0,True,30,0,0,1089.580685377121,1476.2011771202087,16.49244041442871,1089.580685377121,completed
2181.53934,30,34.1387,1.0,True,30,0,0,733.5472538471222,1002.4220013618469,12.427801767985025,733.5472538471222,completed
1904.885839,30,34.172458,1.0,True,30,0,0,905.199921131134,1132.9293661117554,14.17953176498413,905.199921131134,completed
846.646749,30,34.207843,1.0,True,30,0,0,1023.843056678772,1545.1461553573608,21.8231107711792,1023.843056678772,completed
2868.412751,30,34.243779,1.0,True,30,0,0,649.5304174423218,850.4781489372253,7.939050579071045,649.5304174423218,completed
1765.37246,30,34.279622,1.0,True,30,0,0,902.8948950767517,1183.6792364120483,14.764057381947834,902.8948950767517,completed
2937.229541,30,34.315313,1.0,True,30,0,0,757.2633190155029,961.6868410110474,2.8426156997680665,757.2633190155029,completed
1649.558307,30,34.350346,1.0,True,30,0,0,1035.0130290985107,1418.5425844192505,10.650617218017578,1035.0130290985107,completed
2027.694508,30,34.385591,1.0,True,30,0,0,837.8374910354614,1164.5964193344116,11.809115600585937,837.8374910354614,completed
2012.134979,30,34.421334,1.0,True,30,0,0,834.4379267692566,1149.1423382759094,12.385761547088624,834.4379267692566,completed
2391.934823,30,34.456655,1.0,True,30,0,0,868.9314532279968,1002.6834163665771,8.81257578531901,868.9314532279968,completed
2206.876961,30,34.491536,1.0,True,30,0,0,834.6931762695312,1038.9677467346191,10.7407101949056,834.6931762695312,completed
2450.127418,30,34.526938,1.0,True,30,0,0,734.2675459384918,1031.7339606285095,9.490078290303549,734.2675459384918,completed
1811.292434,30,34.56234,1.0,True,30,0,0,957.2299709320068,1362.2821044921875,11.01432113647461,957.2299709320068,completed
2461.181667,30,34.599044,1.0,True,30,0,0,704.5733933448792,898.6991586685181,10.791753705342611,704.5733933448792,completed
2756.787673,30,34.634267,1.0,True,30,0,0,854.3808890581131,1127.7704756259918,2.6672711690266926,854.3808890581131,completed
2279.529142,30,34.669528,1.0,True,30,0,0,793.2758383750916,1076.3923425674438,10.507896296183269,793.2758383750916,completed
221.578877,30,34.704419,1.0,True,30,0,0,1159.599407672882,1817.014443397522,25.482426516215007,1159.599407672882,completed
3106.619353,30,34.739598,1.0,True,30,0,0,648.0211210250854,758.6653833389282,4.833934211730957,648.0211210250854,completed
2257.748615,30,34.776599,1.0,True,30,0,0,791.6233739852905,1087.4932289123535,11.100580151875814,791.6233739852905,completed
2169.914897,30,34.815164,1.0,True,30,0,0,880.5457892417908,1068.4980669021606,10.773495928446453,880.5457892417908,completed
1138.186074,30,34.851547,1.0,True,30,0,0,984.392502784729,1378.8227615356445,19.991223112742105,984.392502784729,completed
1428.450705,30,34.886855,1.0,True,30,0,0,944.902416229248,1303.0457649230957,17.770958391825356,944.902416229248,completed
1318.03235,30,34.923342,1.0,True,30,0,0,887.1559295654297,1297.7260837554932,20.286256663004558,887.1559295654297,completed
531.528569,30,34.965489,1.0,True,30,0,0,1197.6314115524292,1658.0722827911377,23.266884549458823,1197.6314115524292,completed
1544.058688,30,35.003735,1.0,True,30,0,0,873.2332718372345,1287.6492159366608,16.843120193481447,873.2332718372345,completed
1558.708105,30,35.038388,1.0,True,30,0,0,926.4472346305847,1243.2556190490723,16.46403954823812,926.4472346305847,completed
1091.058104,30,35.073465,1.0,True,30,0,0,939.9213256835938,1346.0118646621704,20.98960081736247,939.9213256835938,completed
2053.477771,30,35.108156,1.0,True,30,0,0,910.4050631523132,1043.6033782958984,12.038591241836547,910.4050631523132,completed
1406.521718,30,35.143719,1.0,True,30,0,0,909.8932015895844,1331.7701063156128,17.959920740127565,909.8932015895844,completed
1832.068147,30,35.179725,1.0,True,30,0,0,896.7945518493652,1275.0986242294312,14.120777257283528,896.7945518493652,completed
1025.077621,30,35.215737,1.0,True,30,0,0,945.29128074646,1517.3011207580566,18.895272954305014,945.29128074646,completed
1456.584515,30,35.250956,1.0,True,30,0,0,1022.3064703941345,1388.3218050003052,15.381293614705404,1022.3064703941345,completed
-467.922978,30,35.286234,1.0,True,30,0,0,1345.5382293462753,1983.9960448741913,31.220073191324868,1345.5382293462753,completed
2446.350842,30,35.320775,1.0,True,30,0,0,798.975926399231,973.8540363311768,9.133736038208008,798.975926399231,completed
2066.924882,30,36.553779,1.0,True,30,0,0,909.0796649456024,1234.5657210350037,9.57675043741862,909.0796649456024,completed
1929.294033,30,36.58822,1.0,True,30,0,0,793.5764193534851,1110.8279848098755,14.460822200775146,793.5764193534851,completed
1848.869096,30,36.62177,1.0,True,30,0,0,918.1273326873779,1250.246747493744,12.833051363627115,918.1273326873779,completed
1999.192288,30,36.655345,1.0,True,30,0,0,839.2761096954346,1308.9187965393066,9.623856163024902,839.2761096954346,completed
2801.883099,30,36.689179,1.0,True,30,0,0,769.6211175918579,855.1668577194214,6.511011441548665,769.6211175918579,completed
2347.243191,30,36.723172,1.0,True,30,0,0,901.3304181098938,1088.863956451416,7.653470102945963,901.3304181098938,completed
2231.033538,30,36.757503,1.0,True,30,0,0,859.5569276809692,1042.586148262024,11.689792378743489,859.5569276809692,completed
2356.439467,30,36.791782,1.0,True,30,0,0,765.6099243164062,1040.4359798431396,10.995250002543132,765.6099243164062,completed
1782.091214,30,36.825954,1.0,True,30,0,0,838.5658860206604,1168.7569160461426,14.9856107711792,838.5658860206604,completed
1923.374683,30,36.859551,1.0,True,30,0,0,801.1633529663086,1153.3684453964233,14.120366923014323,801.1633529663086,completed
2530.131777,30,36.893916,1.0,True,30,0,0,921.0139570236206,1208.946865081787,4.290304946899414,921.0139570236206,completed
2468.505308,30,36.927914,1.0,True,30,0,0,845.5769090652466,1034.7824425697327,8.014797655741374,845.5769090652466,completed
2352.318295,30,36.961787,1.0,True,30,0,0,852.6469655036926,1036.4344897270203,9.433593114217123,852.6469655036926,completed
2238.999244,30,36.995598,1.0,True,30,0,0,772.04287981987,1055.1586146354675,11.368342526753743,772.04287981987,completed
1256.514138,30,37.029163,1.0,True,30,0,0,1070.638685464859,1372.639729976654,16.853315798441567,1070.638685464859,completed
2835.247173,30,37.062425,1.0,True,30,0,0,780.7218725681305,990.3223433494568,3.366085433959961,780.7218725681305,completed
1215.081627,30,37.096476,1.0,True,30,0,0,1013.805006980896,1554.4042587280273,15.613178062438966,1013.805006980896,completed
2519.365847,30,37.129398,1.0,True,30,0,0,824.8047552108765,1149.161406993866,5.694562530517578,824.8047552108765,completed
2493.745336,30,37.163152,1.0,True,30,0,0,846.3335824012756,1102.5826444625854,6.760226758321126,846.3335824012756,completed
1821.995689,30,37.196996,1.0,True,30,0,0,816.4918751716614,1116.5275311470032,15.915481694539388,816.4918751716614,completed
2071.904779,30,37.230927,1.0,True,30,0,0,817.9746291637421,1273.5534262657166,10.106694571177165,817.9746291637421,completed
1685.492077,30,37.264473,1.0,True,30,0,0,866.1438941955566,1136.5718507766724,17.3265425046285,866.1438941955566,completed
2715.082517,30,37.297692,1.0,True,30,0,0,685.5924019813538,902.0509819984436,7.105099360148112,685.5924019813538,completed
1108.24145,30,37.331174,1.0,True,30,0,0,984.5273270606995,1364.6380243301392,20.749005444844563,984.5273270606995,completed
1547.352598,30,37.36525,1.0,True,30,0,0,920.4514265060425,1313.078010559082,17.09984556833903,920.4514265060425,completed
3109.868198,30,37.398403,1.0,True,30,0,0,685.546377658844,871.0884387493134,2.7601115544637045,685.546377658844,completed
2595.67848,30,37.432468,1.0,True,30,0,0,721.8070907592773,965.4036111831665,7.154888216654459,721.8070907592773,completed
1375.579119,30,37.46602,1.0,True,30,0,0,1020.6801874637604,1542.073832988739,13.512192535400391,1020.6801874637604,completed
2509.834787,30,37.49957,1.0,True,30,0,0,831.4689333438873,998.2309737205505,6.470496368408203,831.4689333438873,completed
1534.54624,30,37.53471,1.0,True,30,0,0,968.4295854568481,1252.9116344451904,16.686553510030112,968.4295854568481,completed
2595.955842,30,37.568502,1.0,True,30,0,0,737.7986192703247,936.7949571609497,8.348175557454427,737.7986192703247,completed
1901.157239,30,37.602409,1.0,True,30,0,0,872.5755496025085,1184.5742025375366,14.03776346842448,872.5755496025085,completed
2135.795766,30,37.639723,1.0,True,30,0,0,835.3597176074982,1043.4045929908752,12.2540558497111,835.3597176074982,completed
2163.069145,30,37.70061,1.0,True,30,0,0,840.6558065414429,1151.9163188934326,11.00715700785319,840.6558065414429,completed
2318.849188,30,37.745061,1.0,True,30,0,0,771.2343801856041,1125.797532916069,9.167214965820312,771.2343801856041,completed
1615.00022,30,37.780162,1.0,True,30,0,0,896.4703965187073,1161.1139726638794,18.581536197662352,896.4703965187073,completed
2273.967441,30,37.82017,1.0,True,30,0,0,749.9097756147385,1043.8936412334442,11.21339480082194,749.9097756147385,completed
1962.790905,30,37.861176,1.0,True,30,0,0,846.9813318252563,1140.8662357330322,14.067790603637695,846.9813318252563,completed
2059.606445,30,37.896574,1.0,True,30,0,0,927.3413095474243,1115.2118682861328,11.704261906941731,927.3413095474243,completed
2636.53896,30,37.930563,1.0,True,30,0,0,734.7806446552277,909.3773941993713,8.20462532043457,734.7806446552277,completed
3104.069633,30,37.964072,1.0,True,30,0,0,703.886969089508,778.413462638855,3.955722935994466,703.886969089508,completed
2562.912726,30,37.997031,1.0,True,30,0,0,797.552994966507,991.6360020637512,8.129264577229817,797.552994966507,completed
2268.956928,30,38.031155,1.0,True,30,0,0,740.8156223297119,1030.4854679107666,11.633661397298177,740.8156223297119,completed
1205.127413,30,38.065318,1.0,True,30,0,0,1157.4867107868195,1507.5173935890198,15.618523788452148,1157.4867107868195,completed
3039.89484,30,38.098927,1.0,True,30,0,0,712.6715869903564,840.1039876937866,3.389797019958496,712.6715869903564,completed
1397.393424,30,38.132434,1.0,True,30,0,0,1023.0109572410583,1456.704384803772,15.1070863087972,1023.0109572410583,completed
2371.918282,30,38.166217,1.0,True,30,0,0,792.9281711578369,1034.139615058899,9.746187305450439,792.9281711578369,completed
2165.056836,30,38.199729,1.0,True,30,0,0,899.5516555309296,1078.5615515708923,10.896574401855469,899.5516555309296,completed
1990.366095,30,38.233575,1.0,True,30,0,0,868.9917159080505,1146.2439594268799,12.456175327301025,868.9917159080505,completed
1268.834569,30,38.267448,1.0,True,30,0,0,951.7749376296997,1476.341293334961,17.602084096272787,951.7749376296997,completed
1149.361503,30,38.300998,1.0,True,30,0,0,984.2845306396484,1321.4880046844482,21.273849550882975,984.2845306396484,completed
2866.881693,30,38.349732,1.0,True,30,0,0,729.450357913971,870.8082637786865,5.542650032043457,729.450357913971,completed
1984.909607,30,38.384696,1.0,True,30,0,0,867.2142691612244,1116.0851345062256,13.534469731648763,867.2142691612244,completed
1552.815216,30,38.418799,1.0,True,30,0,0,1004.7793426513672,1322.6105995178223,14.324091974894205,1004.7793426513672,completed
1913.142763,30,38.452676,1.0,True,30,0,0,807.6181693077087,1171.7158994674683,14.30664742787679,807.6181693077087,completed
1661.354057,30,38.486551,1.0,True,30,0,0,870.2388694286346,1156.581473827362,16.904383341471355,870.2388694286346,completed
1292.539328,30,38.520231,1.0,True,30,0,0,927.6208143234253,1272.8247122764587,19.09635000228882,927.6208143234253,completed
1384.195305,30,38.553795,1.0,True,30,0,0,954.0780658721924,1356.2073955535889,15.358828671773274,954.0780658721924,completed
486.140349,30,38.5872,1.0,True,30,0,0,930.1009283065796,1409.1651000976562,29.595291392008463,930.1009283065796,completed
1943.447033,30,38.620407,1.0,True,30,0,0,831.8888087272644,1145.7320957183838,13.20190626780192,831.8888087272644,completed
709.55817,30,38.654243,1.0,True,30,0,0,1133.5120515823364,1570.1417026519775,22.55297876993815,1133.5120515823364,completed
2979.608687,30,38.68824,1.0,True,30,0,0,682.9170455932617,813.8373317718506,5.173667017618815,682.9170455932617,completed
3022.358686,30,38.723158,1.0,True,30,0,0,629.8295130729675,795.7758741378784,4.906502405802409,629.8295130729675,completed
1908.154988,30,38.757673,1.0,True,30,0,0,867.9659004211426,1315.799882888794,11.978093338012695,867.9659004211426,completed
1648.434017,30,38.791364,1.0,True,30,0,0,1030.3015003204346,1311.7475900650024,12.257712237040202,1030.3015003204346,completed
1774.38767,30,38.825187,1.0,True,30,0,0,960.9415283203125,1254.0709028244019,13.99282366434733,960.9415283203125,completed
1839.022102,30,38.858312,1.0,True,30,0,0,839.5942945480347,1209.22975730896,14.117809804280599,839.5942945480347,completed
1492.436102,30,38.891546,1.0,True,30,0,0,992.3238611221313,1331.9569416046143,15.700282430648803,992.3238611221313,completed
2632.869405,30,40.12123,1.0,True,30,0,0,784.308269739151,970.9531345367432,6.641619745890299,784.308269739151,completed
2338.752642,30,40.155258,1.0,True,30,0,0,791.9482431411743,990.0900974273682,10.282988421122234,791.9482431411743,completed
1880.037388,30,40.18857,1.0,True,30,0,0,942.2475389838219,1117.6096123456955,14.087391916910807,942.2475389838219,completed
1854.48633,30,40.222513,1.0,True,30,0,0,791.3204898834229,1172.697940826416,15.012560685475668,791.3204898834229,completed
382.172304,30,40.255866,1.0,True,30,0,0,1089.1388275623322,1649.8182826042175,26.159071477254233,1089.1388275623322,completed
2706.376715,30,40.28951,1.0,True,30,0,0,668.0281834602356,840.1825704574585,8.976759115854898,668.0281834602356,completed
2513.538714,30,40.324326,1.0,True,30,0,0,755.546745300293,970.8934965133667,8.085839875539143,755.546745300293,completed
2129.631893,30,40.3579,1.0,True,30,0,0,849.4222338199615,1167.0593256950378,10.782491811116536,849.4222338199615,completed
2099.648158,30,40.391299,1.0,True,30,0,0,847.1082843542099,1030.671783208847,12.555798490842184,847.1082843542099,completed
437.729336,30,40.424654,1.0,True,30,0,0,1101.0748229026794,1742.9552869796753,24.239582570393882,1101.0748229026794,completed
3217.161302,30,40.458107,1.0,True,30,0,0,621.3472309112549,728.5164451599121,4.227704493204753,621.3472309112549,completed
2066.857654,30,40.491621,1.0,True,30,0,0,826.285304069519,1076.5494718551636,13.719445737202962,826.285304069519,completed
1215.692448,30,40.525166,1.0,True,30,0,0,996.653388261795,1380.357005596161,19.382046874364217,996.653388261795,completed
2064.536424,30,40.559419,1.0,True,30,0,0,845.2328426837921,1190.3093190193176,11.48306032816569,845.2328426837921,completed
2312.067043,30,40.592612,1.0,True,30,0,0,824.0420756340027,1154.6892223358154,8.222492790222168,824.0420756340027,completed
492.245303,30,40.62585,1.0,True,30,0,0,1256.3682289123535,2044.8424577713013,16.66011759440104,1256.3682289123535,completed
2508.548275,30,40.659687,1.0,True,30,0,0,795.7728905677795,1009.2473459243774,8.313598505655925,795.7728905677795,completed
720.641262,30,40.692634,1.0,True,30,0,0,1172.8177604675293,1543.7055988311768,22.04319871266683,1172.8177604675293,completed
2978.56231,30,40.730093,1.0,True,30,0,0,651.1650185585022,811.3748145103455,4.720439720153808,651.1650185585022,completed
2384.143675,30,40.766836,1.0,True,30,0,0,766.4176614284515,992.546463727951,8.903410307566325,766.4176614284515,completed
1945.035508,30,40.800586,1.0,True,30,0,0,932.1578469276428,1250.3095998764038,11.088820393880209,932.1578469276428,completed
1537.153271,30,40.834521,1.0,True,30,0,0,995.639066696167,1316.7064208984375,14.784770425160726,995.639066696167,completed
1334.745887,30,40.868996,1.0,True,30,0,0,974.1913330554962,1273.621265888214,17.912598673502604,974.1913330554962,completed
2293.603348,30,40.902221,1.0,True,30,0,0,768.930278301239,1104.426601409912,10.419487063090006,768.930278301239,completed
640.97146,30,40.935986,1.0,True,30,0,0,1027.4964008331299,1473.2047472000122,25.283424631754556,1027.4964008331299,completed
3051.544996,30,40.969698,1.0,True,30,0,0,641.0536618232727,771.5312657356262,4.752306906382243,641.0536618232727,completed
2281.751232,30,41.003064,1.0,True,30,0,0,840.7815799713135,1018.9567985534668,9.798789024353027,840.7815799713135,completed
1983.805038,30,41.036706,1.0,True,30,0,0,902.2390546798706,1239.6435976028442,10.104059537251791,902.2390546798706,completed
833.372144,30,41.070105,1.0,True,30,0,0,1115.1210708618164,1413.7484197616577,22.290532525380453,1115.1210708618164,completed
1485.235684,30,41.103621,1.0,True,30,0,0,1005.165976524353,1394.3356084823608,15.381592686971029,1005.165976524353,completed
1894.216516,30,41.137173,1.0,True,30,0,0,889.5571756362915,1093.5734100341797,14.401973787943522,889.5571756362915,completed
1870.003996,30,41.171192,1.0,True,30,0,0,885.6663484573364,1141.0565843582153,13.973899205525717,885.6663484573364,completed
407.475539,30,41.204503,1.0,True,30,0,0,1038.207969903946,1570.297115802765,26.037880865732827,1038.207969903946,completed
2127.51048,30,41.238025,1.0,True,30,0,0,856.5489602088928,1148.9552593231201,10.245155970255533,856.5489602088928,completed
1895.307984,30,41.271248,1.0,True,30,0,0,856.8226222991943,1195.6326427459717,12.84004225730896,856.8226222991943,completed
2399.178114,30,41.305009,1.0,True,30,0,0,830.8918719291687,1012.6395597457886,9.723054122924804,830.8918719291687,completed
3175.946033,30,41.338491,1.0,True,30,0,0,642.8021273612976,774.124005317688,3.863938077290853,642.8021273612976,completed
2030.772592,30,41.37257,1.0,True,30,0,0,870.7844338417053,1075.6667652130127,13.058721764882405,870.7844338417053,completed
2342.105737,30,41.406029,1.0,True,30,0,0,748.5043346881866,1068.2322573661804,10.47893632253011,748.5043346881866,completed
2049.00932,30,41.440235,1.0,True,30,0,0,837.78360247612,1095.1734373569489,12.310495630900066,837.78360247612,completed
2088.059221,30,41.473213,1.0,True,30,0,0,818.4904170036316,1064.9262008666992,11.573795127868653,818.4904170036316,completed
377.952216,30,41.506675,1.0,True,30,0,0,1115.6649265289307,1607.555739402771,26.32229191462199,1115.6649265289307,completed
1379.093059,30,41.540893,1.0,True,30,0,0,938.0406868457794,1334.621330499649,17.666651089986164,938.0406868457794,completed
1779.43997,30,41.574901,1.0,True,30,0,0,896.627965927124,1212.978524684906,14.055114555358887,896.627965927124,completed
-87.729336,30,41.608625,1.0,True,30,0,0,1205.8202784061432,1647.8627095222473,31.60980313618978,1205.8202784061432,completed
2012.97469,30,41.642026,1.0,True,30,0,0,813.6454105377197,1097.7431812286377,13.938676071166991,813.6454105377197,completed
2600.775765,30,41.675518,1.0,True,30,0,0,730.0361251831055,971.7698783874512,8.120928223927816,730.0361251831055,completed
2478.33603,30,41.709686,1.0,True,30,0,0,672.1328105926514,975.8264636993408,10.249586232503255,672.1328105926514,completed
2729.140481,30,41.743577,1.0,True,30,0,0,749.2799601554871,993.5667667388916,5.806134986877441,749.2799601554871,completed
771.592307,30,41.776913,1.0,True,30,0,0,1061.775083065033,1610.6236543655396,21.9109437306722,1061.775083065033,completed
1704.51751,30,41.811209,1.0,True,30,0,0,868.8405423164368,1205.1409034729004,16.97538617451986,868.8405423164368,completed
2131.300562,30,41.84467,1.0,True,30,0,0,1000.1511106491089,1319.9912776947021,6.860306104024251,1000.1511106491089,completed
1957.909582,30,41.877998,1.0,True,30,0,0,896.6159238815308,1144.6292724609375,12.750477727254232,896.6159238815308,completed
2739.382977,30,41.91245,1.0,True,30,0,0,741.5220227241516,902.639081954956,6.130013656616211,741.5220227241516,completed
2028.266182,30,41.945495,1.0,True,30,0,0,839.1027150154114,1175.6886281967163,12.000244967142741,839.1027150154114,completed
2427.656794,30,41.978678,1.0,True,30,0,0,835.6342859268188,1094.0812854766846,7.707887013753255,835.6342859268188,completed
2889.964306,30,42.012556,1.0,True,30,0,0,702.5309002399445,880.2241158485413,4.421177101135254,702.5309002399445,completed
1929.455181,30,42.045791,1.0,True,30,0,0,873.6578364372253,1084.0611238479614,14.564714686075847,873.6578364372253,completed
1471.394994,30,42.079626,1.0,True,30,0,0,872.8610302209854,1312.546641588211,16.351451365152993,872.8610302209854,completed
2408.213587,30,42.11322,1.0,True,30,0,0,771.2809987068176,1029.9237260818481,9.435028584798177,771.2809987068176,completed
1093.016671,30,42.146545,1.0,True,30,0,0,1057.467315196991,1396.5346479415894,20.10524711608887,1057.467315196991,completed
2153.317574,30,42.18019,1.0,True,30,0,0,815.0158276557922,1034.2301230430603,12.333663241068523,815.0158276557922,completed
1600.096891,30,42.21459,1.0,True,30,0,0,897.9206042289734,1362.584568977356,14.70512866973877,897.9206042289734,completed
1257.275018,30,42.248282,1.0,True,30,0,0,914.1401948928833,1424.222505569458,18.70993515650431,914.1401948928833,completed
1439.266656,30,42.282549,1.0,True,30,0,0,915.3610234260559,1258.2776365280151,17.873522154490153,915.3610234260559,completed
1562.901385,30,42.316057,1.0,True,30,0,0,998.6414413452148,1283.3451538085938,14.937234687805176,998.6414413452148,completed
935.595802,30,42.350332,1.0,True,30,0,0,1039.7679753303528,1561.3263473510742,20.301407178243,1039.7679753303528,completed
1144.27544,30,42.383685,1.0,True,30,0,0,1018.9568319320679,1469.273009300232,17.469169171651206,1018.9568319320679,completed
2109.373541,30,43.597471,1.0,True,30,0,0,828.2992792129517,1151.8491077423096,10.360214551289877,828.2992792129517,completed
2527.382527,30,43.632402,1.0,True,30,0,0,736.1667885780334,984.9721832275391,9.040799967447917,736.1667885780334,completed
1081.642484,30,43.666338,1.0,True,30,0,0,1013.7749760150909,1397.5592637062073,19.879622332255046,1013.7749760150909,completed
1504.7685,30,43.700444,1.0,True,30,0,0,877.4810857772827,1304.740077972412,17.14214604695638,877.4810857772827,completed
1783.009781,30,43.734944,1.0,True,30,0,0,992.6097974777222,1170.3162536621094,14.234607696533203,992.6097974777222,completed
1322.437476,30,43.769794,1.0,True,30,0,0,939.855836391449,1377.264578819275,17.394299761454263,939.855836391449,completed
1304.61427,30,43.804181,1.0,True,30,0,0,972.9286453723907,1366.8023324012756,17.969099617004396,972.9286453723907,completed
2256.112378,30,43.837857,1.0,True,30,0,0,814.2915923595428,1098.0474181175232,10.70767510732015,814.2915923595428,completed
1985.759126,30,43.871118,1.0,True,30,0,0,833.8704237937927,1138.0760145187378,13.45058339436849,833.8704237937927,completed
1245.207121,30,43.905343,1.0,True,30,0,0,950.9270572662354,1387.802261352539,18.794235960642496,950.9270572662354,completed
465.971966,30,43.939133,1.0,True,30,0,0,1114.1472725868225,1522.7021112442017,26.842789141337075,1114.1472725868225,completed
1812.563175,30,43.973045,1.0,True,30,0,0,936.4727141857147,1212.3297352790833,13.533174800872803,936.4727141857147,completed
1903.854416,30,44.00638,1.0,True,30,0,0,891.4790549278259,1161.9044542312622,12.969387531280518,891.4790549278259,completed
2869.966746,30,44.040491,1.0,True,30,0,0,727.4571352005005,882.4727368354797,5.713982709248861,727.4571352005005,completed
-548.167691,30,44.074786,1.0,True,30,0,0,1178.971905708313,1908.1872777938843,33.94630902608235,1178.971905708313,completed
2395.330097,30,44.108391,1.0,True,30,0,0,810.9090938568115,1056.1662044525146,9.189027023315429,810.9090938568115,completed
1974.134333,30,44.142431,1.0,True,30,0,0,964.6032433509827,1191.8426885604858,11.351279385884602,964.6032433509827,completed
1967.499975,30,44.176308,1.0,True,30,0,0,966.3951969146729,1082.0346698760986,13.45707950592041,966.3951969146729,completed
2318.703815,30,44.210206,1.0,True,30,0,0,876.0562210083008,1223.2211303710938,7.16865348815918,876.0562210083008,completed
1032.710147,30,44.244265,1.0,True,30,0,0,982.441481590271,1547.9911785125732,19.0839111328125,982.441481590271,completed
3249.674867,30,44.277981,1.0,True,30,0,0,707.9293718338013,813.603874206543,2.09338747660319,707.9293718338013,completed
2344.702901,30,44.31114,1.0,True,30,0,0,900.0903987884521,1075.4561433792114,7.954018370310465,900.0903987884521,completed
2280.023099,30,44.344697,1.0,True,30,0,0,791.1614043712616,1079.9944987297058,9.204768498738607,791.1614043712616,completed
2349.770866,30,44.379285,1.0,True,30,0,0,783.0666071772575,1113.6568402051926,8.339444096883138,783.0666071772575,completed
1844.271176,30,44.413205,1.0,True,30,0,0,922.2397050857544,1236.856650352478,12.280711428324382,922.2397050857544,completed
2924.489464,30,44.44655,1.0,True,30,0,0,691.0741644501686,823.8230372667313,5.411011600494385,691.0741644501686,completed
1909.343607,30,44.480639,1.0,True,30,0,0,859.5327253341675,1171.0882720947266,13.028994305928547,859.5327253341675,completed
2022.565004,30,44.515918,1.0,True,30,0,0,896.2355318069458,1093.5642490386963,13.029550043741862,896.2355318069458,completed
1695.869406,30,44.550277,1.0,True,30,0,0,852.586787045002,1234.8385483026505,15.487601979573567,852.586787045002,completed
1387.694732,30,44.5845,1.0,True,30,0,0,1004.4099388122559,1299.84055519104,17.080578231811522,1004.4099388122559,completed
1613.979101,30,44.618374,1.0,True,30,0,0,936.7970957756042,1246.855749130249,15.790021959940592,936.7970957756042,completed
940.105516,30,44.651634,1.0,True,30,0,0,997.9130284786224,1476.2618803977966,21.370976638793945,997.9130284786224,completed
2746.055432,30,44.68566,1.0,True,30,0,0,689.6134541034698,958.1098599433899,5.520927492777506,689.6134541034698,completed
1634.332738,30,44.720315,1.0,True,30,0,0,942.4057410359383,1367.227676987648,14.021222877502442,942.4057410359383,completed
611.436437,30,44.754626,1.0,True,30,0,0,1114.2640991210938,1668.9973344802856,22.15180060068766,1114.2640991210938,completed
2221.367056,30,44.788538,1.0,True,30,0,0,728.6377801895142,989.6778697967529,13.296743647257488,728.6377801895142,completed
1986.677536,30,44.822143,1.0,True,30,0,0,923.5683403015137,1255.7715902328491,10.797211837768554,923.5683403015137,completed
1944.568403,30,44.856276,1.0,True,30,0,0,885.6225342750549,1247.749080657959,12.025568135579427,885.6225342750549,completed
1969.65582,30,44.889563,1.0,True,30,0,0,911.6410715579987,1330.255346775055,9.417977587382,911.6410715579987,completed
2438.827557,30,44.923332,1.0,True,30,0,0,716.0501484870911,963.4092807769775,10.69653574625651,716.0501484870911,completed
1262.466123,30,44.957866,1.0,True,30,0,0,886.1329913139343,1292.1267757415771,20.908577156066894,886.1329913139343,completed
1120.379159,30,44.991304,1.0,True,30,0,0,988.2243452072144,1509.9551882743835,18.678925450642904,988.2243452072144,completed
1611.661602,30,45.025225,1.0,True,30,0,0,946.6275794506073,1251.2967162132263,15.64892438252767,946.6275794506073,completed
53.07482,30,45.058726,1.0,True,30,0,0,1138.0070624351501,1604.3876104354858,31.571576182047526,1138.0070624351501,completed
1823.281978,30,45.092034,1.0,True,30,0,0,1007.9539676457644,1314.0456382334232,10.774923992156982,1007.9539676457644,completed
2158.187076,30,45.126264,1.0,True,30,0,0,802.3388235569,1087.7341561317444,11.815034294128418,802.3388235569,completed
2165.89955,30,45.159881,1.0,True,30,0,0,886.337694644928,1090.7578287124634,11.207737032572428,886.337694644928,completed
2035.805917,30,45.193059,1.0,True,30,0,0,836.6992740631104,1124.5716905593872,12.0024276415507,836.6992740631104,completed
854.063878,30,45.227309,1.0,True,30,0,0,996.4739053249359,1483.2742924690247,21.857500950495403,996.4739053249359,completed
1623.967927,30,45.261842,1.0,True,30,0,0,955.8244895935059,1297.2220239639282,14.509885883331298,955.8244895935059,completed
455.398524,30,45.296048,1.0,True,30,0,0,1001.9757740497589,1497.3115229606628,27.356222279866536,1001.9757740497589,completed
1240.078622,30,45.3289,1.0,True,30,0,0,1098.1794867515564,1409.8561811447144,17.002864774068197,1098.1794867515564,completed
994.336617,30,45.362468,1.0,True,30,0,0,1004.3446125984192,1408.8268671035767,22.055784352620442,1004.3446125984192,completed
2215.374444,30,45.397091,1.0,True,30,0,0,828.3074626922607,1063.7726106643677,10.624853452046713,828.3074626922607,completed
1063.927116,30,45.430508,1.0,True,30,0,0,955.053174495697,1412.0160479545593,21.330388768514,955.053174495697,completed
425.675952,30,45.463846,1.0,True,30,0,0,1055.7631540298462,1684.3523044586182,25.134643681844075,1055.7631540298462,completed
1675.865586,30,45.497324,1.0,True,30,0,0,904.5802001953125,1254.9591746330261,14.932186698913574,904.5802001953125,completed
2196.547241,30,45.531439,1.0,True,30,0,0,763.599901676178,1117.303747177124,10.604311593373616,763.599901676178,completed
468.489648,30,45.565695,1.0,True,30,0,0,1121.6644616127014,1522.4908046722412,26.729529825846353,1121.6644616127014,completed
3073.810973,30,45.599792,1.0,True,30,0,0,640.3709586858749,847.6209247112274,4.6597239176432295,640.3709586858749,completed
1598.26198,30,45.633723,1.0,True,30,0,0,802.4139807224274,1244.4891610145569,17.855859247843423,802.4139807224274,completed
1410.689769,30,45.666874,1.0,True,30,0,0,1052.3539667129517,1401.7986755371094,15.181988461812336,1052.3539667129517,completed
3015.841409,30,45.69973,1.0,True,30,0,0,677.4302701950073,819.7917356491089,4.932158660888672,677.4302701950073,completed
2219.256394,30,45.733231,1.0,True,30,0,0,768.5360971689224,1010.9902813434601,11.292210642496745,768.5360971689224,completed
2767.298275,30,45.766585,1.0,True,30,0,0,818.437445640564,1018.0511322021484,4.029716873168946,818.437445640564,completed
3014.948608,30,45.799856,1.0,True,30,0,0,710.9354114532471,871.3436183929443,3.6668694178263346,710.9354114532471,completed
2338.896818,30,45.833621,1.0,True,30,0,0,945.6020035743713,1055.967695236206,7.952958583831787,945.6020035743713,completed
1806.849351,30,45.867333,1.0,True,30,0,0,875.3333387374878,1282.0985870361328,12.960703341166179,875.3333387374878,completed
2332.183086,30,45.900855,1.0,True,30,0,0,832.9460234642029,1162.0351190567017,8.496844482421874,832.9460234642029,completed
2571.536604,30,47.106091,1.0,True,30,0,0,790.6910624504089,1000.5705528259277,6.640352503458659,790.6910624504089,completed
1071.542668,30,47.139963,1.0,True,30,0,0,1093.1267845630646,1509.066176891327,19.293474451700845,1093.1267845630646,completed
1483.274284,30,47.174639,1.0,True,30,0,0,977.0030102729797,1332.9703550338745,16.404275321960448,977.0030102729797,completed
1834.219496,30,47.208041,1.0,True,30,0,0,887.778247833252,1242.3691864013672,13.941790835062664,887.778247833252,completed
-102.809988,30,47.24192,1.0,True,30,0,0,1181.3826475143433,1694.8248596191406,30.827884229024253,1181.3826475143433,completed
2136.721576,30,47.275511,1.0,True,30,0,0,829.2330250740051,1083.917114496231,12.807163055737814,829.2330250740051,completed
2251.369606,30,47.310323,1.0,True,30,0,0,806.5571740865707,954.9092123508453,12.23826592763265,806.5571740865707,completed
2945.472177,30,47.34361,1.0,True,30,0,0,684.2038428783417,851.1454577445984,5.462425231933594,684.2038428783417,completed
1311.555193,30,47.378074,1.0,True,30,0,0,988.3844661712646,1396.2842597961426,17.99169069925944,988.3844661712646,completed
1557.248462,30,47.412606,1.0,True,30,0,0,945.6404604911804,1321.4299306869507,15.696572303771973,945.6404604911804,completed
907.828368,30,47.445902,1.0,True,30,0,0,1159.8399357795715,1420.6296844482422,20.89291696548462,1159.8399357795715,completed
1013.897338,30,47.479182,1.0,True,30,0,0,943.2895984649658,1392.8541564941406,21.38315550486247,943.2895984649658,completed
1412.47811,30,47.513573,1.0,True,30,0,0,1011.2425498962402,1479.3396310806274,14.55837942759196,1011.2425498962402,completed
2525.83409,30,47.547609,1.0,True,30,0,0,762.9483046531677,973.3035869598389,8.596049690246582,762.9483046531677,completed
1447.017074,30,47.581635,1.0,True,30,0,0,961.6268129348755,1253.1229801177979,18.6261926651001,961.6268129348755,completed
1976.683037,30,47.615445,1.0,True,30,0,0,938.5212917327881,1198.867699623108,12.27416197458903,938.5212917327881,completed
1103.93774,30,47.649033,1.0,True,30,0,0,1041.2529854774475,1339.294054031372,21.13478349049886,1041.2529854774475,completed
2515.351812,30,47.68266,1.0,True,30,0,0,751.4905369281769,932.3802514076233,9.635593159993489,751.4905369281769,completed
1876.09777,30,47.716595,1.0,True,30,0,0,869.0251121520996,1185.6670417785645,13.63755695025126,869.0251121520996,completed
1980.490054,30,47.750765,1.0,True,30,0,0,929.2220463752747,1124.705919265747,12.413336785634359,929.2220463752747,completed
2716.57882,30,47.784755,1.0,True,30,0,0,735.5638749599457,1009.818576335907,5.438040351867675,735.5638749599457,completed
2197.914,30,47.824748,1.0,True,30,0,0,909.1949849128723,1046.0681824684143,10.848233477274578,909.1949849128723,completed
1970.782444,30,47.862449,1.0,True,30,0,0,923.0071897506714,1207.2966175079346,11.53978271484375,923.0071897506714,completed
1882.950309,30,47.8958,1.0,True,30,0,0,899.2057046890259,1149.3482885360718,13.054052511850992,899.2057046890259,completed
1336.402121,30,47.929584,1.0,True,30,0,0,931.1228986382484,1375.898644566536,18.940593846638997,931.1228986382484,completed
1724.399801,30,47.962913,1.0,True,30,0,0,845.3053340911865,1165.1395406723022,16.362725067138673,845.3053340911865,completed
1737.533393,30,47.996501,1.0,True,30,0,0,915.4738652706146,1280.7200541496277,14.156503804524739,915.4738652706146,completed
2251.472096,30,48.030109,1.0,True,30,0,0,811.4107756614685,1059.9265117645264,11.096037928263346,811.4107756614685,completed
-341.035575,30,48.064821,1.0,True,30,0,0,1204.9183626174927,1878.4230670928955,31.196986389160156,1204.9183626174927,completed
1307.772827,30,48.098659,1.0,True,30,0,0,950.7329382896423,1280.2313413619995,18.47554890314738,950.7329382896423,completed
2842.364841,30,48.132806,1.0,True,30,0,0,671.538863658905,900.0173768997192,5.994878768920898,671.538863658905,completed
1894.515281,30,48.166364,1.0,True,30,0,0,932.6902809143066,1265.6960215568542,12.06008211771647,932.6902809143066,completed
1247.827978,30,48.19957,1.0,True,30,0,0,963.6366510391235,1260.2731285095215,19.711493174235027,963.6366510391235,completed
2121.259964,30,48.233638,1.0,True,30,0,0,854.8345532417297,1149.1209383010864,11.613437859217326,854.8345532417297,completed
1662.832274,30,48.267136,1.0,True,30,0,0,947.9180932044983,1301.9204263687134,13.43840668996175,947.9180932044983,completed
1384.676069,30,48.301091,1.0,True,30,0,0,939.8518781661987,1294.2912607192993,17.04487361907959,939.8518781661987,completed
1851.427304,30,48.334995,1.0,True,30,0,0,878.9428281784058,1152.6300764083862,14.971898587544759,878.9428281784058,completed
2119.905753,30,48.368583,1.0,True,30,0,0,847.3867900371552,1139.0899996757507,11.477719561258953,847.3867900371552,completed
1297.365899,30,48.402127,1.0,True,30,0,0,1034.8871340751648,1444.429165840149,16.463828976949056,1034.8871340751648,completed
2549.246125,30,48.435063,1.0,True,30,0,0,826.0041670799255,961.1315031051636,7.381778685251872,826.0041670799255,completed
989.466372,30,48.468324,1.0,True,30,0,0,1041.5378074645996,1614.6755294799805,17.991131019592284,1041.5378074645996,completed
2432.965235,30,48.501968,1.0,True,30,0,0,798.5186138153076,940.9444613456726,9.964744822184246,798.5186138153076,completed
1552.498143,30,48.535406,1.0,True,30,0,0,859.7227177619934,1264.854091644287,17.67214543024699,859.7227177619934,completed
2075.468838,30,48.568932,1.0,True,30,0,0,814.1347231864929,1035.8326034545898,13.193907737731934,814.1347231864929,completed
1285.558324,30,48.603,1.0,True,30,0,0,992.6895275115967,1373.3976364135742,18.80150931676229,992.6895275115967,completed
1865.554803,30,48.637398,1.0,True,30,0,0,832.9272367954254,1127.4210152626038,15.658762296040853,832.9272367954254,completed
1524.92839,30,48.671279,1.0,True,30,0,0,890.1214187145233,1269.2995653152466,17.32948727607727,890.1214187145233,completed
1616.401026,30,48.704899,1.0,True,30,0,0,973.4611377716064,1423.1561298370361,13.81750914255778,973.4611377716064,completed
2654.638834,30,48.739354,1.0,True,30,0,0,781.3264629840851,1154.639660358429,3.357694371541341,781.3264629840851,completed
-426.319203,30,48.772817,1.0,True,30,0,0,1228.8579034805298,2056.228801727295,30.369212977091472,1228.8579034805298,completed
1814.262959,30,48.807241,1.0,True,30,0,0,960.239987373352,1354.1199111938477,11.084352429707845,960.239987373352,completed
1173.03246,30,48.840666,1.0,True,30,0,0,1000.1565549373627,1437.5765986442566,19.008989143371583,1000.1565549373627,completed
2594.232053,30,48.874429,1.0,True,30,0,0,790.4780995845795,982.6222167015076,7.009944152832031,790.4780995845795,completed
2394.862873,30,48.90849,1.0,True,30,0,0,759.2010354995728,1041.5408926010132,9.148692067464193,759.2010354995728,completed
1483.39522,30,48.9421,1.0,True,30,0,0,965.1980209350586,1251.106671333313,18.02114381790161,965.1980209350586,completed
1494.1194,30,48.97529,1.0,True,30,0,0,843.0589046478271,1226.883295059204,18.257893880208332,843.0589046478271,completed
1585.089836,30,49.008966,1.0,True,30,0,0,972.8165977746248,1354.160522133112,14.777393849690755,972.8165977746248,completed
2536.115936,30,49.042345,1.0,True,30,0,0,727.5538439750671,964.5288858413696,9.772833061218261,727.5538439750671,completed
1793.220219,30,49.077352,1.0,True,30,0,0,946.0509603023529,1256.4371311664581,13.784472672144572,946.0509603023529,completed
974.477102,30,49.110775,1.0,True,30,0,0,1070.676649093628,1606.5509233474731,18.098514874776203,1070.676649093628,completed
1892.778999,30,49.144536,1.0,True,30,0,0,822.0558109283447,1200.829321861267,13.967921002705891,822.0558109283447,completed
3073.977832,30,49.177339,1.0,True,30,0,0,648.0935182571411,857.9331240653992,4.3906603495279946,648.0935182571411,completed
1978.269557,30,49.210886,1.0,True,30,0,0,925.808244228363,1354.5016632080078,9.521561113993327,925.808244228363,completed
1934.35585,30,49.245042,1.0,True,30,0,0,911.2218556404114,1116.679383277893,13.926061916351319,911.2218556404114,completed
1484.306664,30,49.278326,1.0,True,30,0,0,993.1760497093201,1319.506905555725,15.222168509165446,993.1760497093201,completed
1516.219772,30,49.312706,1.0,True,30,0,0,864.7645893096924,1281.2576065063477,16.258968448638917,864.7645893096924,completed
1857.243829,30,49.346024,1.0,True,30,0,0,975.8452806472778,1338.2628059387207,10.919331932067871,975.8452806472778,completed
1828.820283,30,49.379593,1.0,True,30,0,0,958.7333271503448,1262.395534992218,12.121743869781493,958.7333271503448,completed
1884.609095,30,50.569702,1.0,True,30,0,0,927.1511347293854,1298.2324471473694,12.100742212931316,927.1511347293854,completed
2029.82554,30,50.60471,1.0,True,30,0,0,866.6102485656738,1279.3124923706055,9.799409484863281,866.6102485656738,completed
1918.846415,30,50.638641,1.0,True,30,0,0,919.3494710922241,1296.294020652771,11.227007993062337,919.3494710922241,completed
1104.837745,30,50.672539,1.0,True,30,0,0,1024.0433039665222,1498.3977417945862,17.958312606811525,1024.0433039665222,completed
1464.536316,30,50.706332,1.0,True,30,0,0,886.0651187896729,1239.5900564193726,19.754592514038087,886.0651187896729,completed
2790.406074,30,50.74025,1.0,True,30,0,0,756.116072177887,874.8240947723389,6.893629646301269,756.116072177887,completed
3281.750265,30,50.773811,1.0,True,30,0,0,646.2258629798889,807.4860210418701,2.287993240356445,646.2258629798889,completed
1643.686431,30,50.8073,1.0,True,30,0,0,1015.3357803821564,1321.3435139656067,13.560570589701335,1015.3357803821564,completed
2121.247508,30,50.840997,1.0,True,30,0,0,828.0732183456421,1130.4626731872559,11.389993667602539,828.0732183456421,completed
1337.006731,30,50.874536,1.0,True,30,0,0,936.6675808429718,1247.1695981025696,19.985102717081705,936.6675808429718,completed
2442.076816,30,50.907866,1.0,True,30,0,0,828.0809054374695,1070.9264116287231,7.550926462809245,828.0809054374695,completed
796.313102,30,50.94292,1.0,True,30,0,0,1060.1821768283844,1526.5305371284485,23.056566683451333,1060.1821768283844,completed
1680.738316,30,50.975497,1.0,True,30,0,0,916.7029552459717,1282.7875337600708,13.802893733978271,916.7029552459717,completed
2705.107783,30,51.008604,1.0,True,30,0,0,671.5861678123474,861.2006025314331,8.993664232889811,671.5861678123474,completed
2070.520894,30,51.042161,1.0,True,30,0,0,823.0699396133423,1164.0782752037048,12.502517318725586,823.0699396133423,completed
1895.075367,30,51.075699,1.0,True,30,0,0,873.8532099723816,1148.2206172943115,13.542833805084229,873.8532099723816,completed
2186.245793,30,51.109457,1.0,True,30,0,0,876.1903297901154,1095.49080991745,9.216668637593587,876.1903297901154,completed
1928.068323,30,51.14371,1.0,True,30,0,0,889.7320809364319,1187.8399958610535,12.94114055633545,889.7320809364319,completed
439.170256,30,51.177521,1.0,True,30,0,0,1076.4897193908691,1587.4907836914062,26.89493417739868,1076.4897193908691,completed
858.637199,30,51.212092,1.0,True,30,0,0,1023.6787881851196,1420.4232153892517,22.66149984995524,1023.6787881851196,completed
1493.383107,30,51.246253,1.0,True,30,0,0,1000.7677323818207,1382.9188470840454,15.082425355911255,1000.7677323818207,completed
2850.128275,30,51.282854,1.0,True,30,0,0,723.469988822937,833.7520618438721,5.311041069030762,723.469988822937,completed
2520.403256,30,51.316637,1.0,True,30,0,0,810.1380625516176,1049.4465600550175,6.818711503346761,810.1380625516176,completed
2251.451086,30,51.350135,1.0,True,30,0,0,877.5018311738968,1174.0123522281647,8.76057046254476,877.5018311738968,completed
1926.440698,30,51.383733,1.0,True,30,0,0,930.4940679073334,1354.584201335907,9.503670660654704,930.4940679073334,completed
1464.794997,30,51.417898,1.0,True,30,0,0,885.9988327026367,1295.504249572754,19.142517153422038,885.9988327026367,completed
1811.982483,30,51.451133,1.0,True,30,0,0,953.9125695228577,1296.2678422927856,11.829589144388835,953.9125695228577,completed
1047.553967,30,51.484457,1.0,True,30,0,0,989.025933265686,1466.9570140838623,20.25629596710205,989.025933265686,completed
1331.676814,30,51.517545,1.0,True,30,0,0,963.605966091156,1291.0836124420166,19.41612720489502,963.605966091156,completed
1198.850669,30,51.551483,1.0,True,30,0,0,1007.030745267868,1435.3550429344177,18.967338943481444,1007.030745267868,completed
2027.359415,30,51.585264,1.0,True,30,0,0,924.9917669296265,1125.7919883728027,11.237905629475911,924.9917669296265,completed
2442.305661,30,51.626921,1.0,True,30,0,0,706.3420515060425,1016.7392501831055,9.757932217915853,706.3420515060425,completed
1918.210448,30,51.669345,1.0,True,30,0,0,954.4257733821869,1127.948365688324,13.556514755884807,954.4257733821869,completed
2675.181491,30,51.707254,1.0,True,30,0,0,779.6151971817017,987.1570053100586,5.686278088887533,779.6151971817017,completed
2893.068327,30,51.749952,1.0,True,30,0,0,694.3700820207596,944.6999361515045,5.352328236897787,694.3700820207596,completed
2040.968403,30,51.79673,1.0,True,30,0,0,823.8903098106384,1088.282766342163,13.126439476013184,823.8903098106384,completed
2457.589253,30,51.844683,1.0,True,30,0,0,763.5892188549042,1085.2045664787292,8.092203203837077,763.5892188549042,completed
-372.85723,30,51.878893,1.0,True,30,0,0,1151.2065200805664,1854.9257469177246,32.69524993896484,1151.2065200805664,completed
1819.07765,30,51.913245,1.0,True,30,0,0,836.4735908508301,1117.1674613952637,15.752566464742024,836.4735908508301,completed
912.430884,30,51.947196,1.0,True,30,0,0,1029.9202003479004,1452.3895845413208,21.949807548522948,1029.9202003479004,completed
1491.468606,30,51.980357,1.0,True,30,0,0,1006.7307415008545,1368.3715391159058,16.154737599690755,1006.7307415008545,completed
2046.232272,30,52.014428,1.0,True,30,0,0,857.3409104347229,1057.950846672058,12.426954174041748,857.3409104347229,completed
34.82657,30,52.049108,1.0,True,30,0,0,1019.4173898696899,1693.5448398590088,30.59372787475586,1019.4173898696899,completed
1512.483975,30,52.082854,1.0,True,30,0,0,952.5167627334595,1406.4837341308594,13.564564323425293,952.5167627334595,completed
2238.917048,30,52.115879,1.0,True,30,0,0,745.8794636726379,1009.0345306396484,12.893621508280436,745.8794636726379,completed
1302.545871,30,52.149077,1.0,True,30,0,0,1123.52032995224,1522.9084367752075,14.469044176737468,1123.52032995224,completed
2129.501725,30,52.181979,1.0,True,30,0,0,828.8869527578354,1078.1034395694733,11.370871988932292,828.8869527578354,completed
898.942978,30,52.215063,1.0,True,30,0,0,1040.0374746322632,1446.119782447815,22.188379605611164,1040.0374746322632,completed
1973.636467,30,52.248515,1.0,True,30,0,0,914.7587795257568,1146.8349380493164,12.683163897196453,914.7587795257568,completed
2307.661236,30,52.282149,1.0,True,30,0,0,844.7113943099976,1192.3079633712769,8.232886123657227,844.7113943099976,completed
1928.537868,30,52.31629,1.0,True,30,0,0,773.8426911830902,1030.3752329349518,15.729062684377034,773.8426911830902,completed
852.30369,30,52.350171,1.0,True,30,0,0,947.8434028625488,1477.7065725326538,22.89188397725423,947.8434028625488,completed
2007.260454,30,52.384653,1.0,True,30,0,0,726.3168559074402,999.8888411521912,15.867861779530843,726.3168559074402,completed
2054.935467,30,52.418582,1.0,True,30,0,0,913.2208142280579,1259.441731452942,9.69576899210612,913.2208142280579,completed
2231.353917,30,52.452723,1.0,True,30,0,0,892.9666833877563,1229.1039237976074,7.097529284159342,892.9666833877563,completed
1808.605462,30,52.486438,1.0,True,30,0,0,992.6996722221375,1382.7419729232788,11.162642733256023,992.6996722221375,completed
2387.076292,30,52.520028,1.0,True,30,0,0,715.9826693534851,1017.3605966567993,10.153957494099934,715.9826693534851,completed
906.536327,30,52.553264,1.0,True,30,0,0,954.7949628829956,1478.3931407928467,21.489237340291343,954.7949628829956,completed
1234.464622,30,52.587252,1.0,True,30,0,0,980.0905485153198,1333.0463933944702,18.85216693878174,980.0905485153198,completed
2073.630256,30,52.621203,1.0,True,30,0,0,861.409999370575,1130.6953859329224,12.262646993001303,861.409999370575,completed
857.212872,30,52.654314,1.0,True,30,0,0,974.6753792762756,1418.4590940475464,24.461281617482502,974.6753792762756,completed
2952.605132,30,52.86545,1.0,True,30,0,0,756.6080050468445,932.4862079620361,3.5449206034342446,756.6080050468445,completed
2568.132604,30,52.899146,1.0,True,30,0,0,827.928674697876,927.9629650115967,7.6558488210042315,827.928674697876,completed
1581.150073,30,52.932331,1.0,True,30,0,0,916.5929419994354,1318.280692577362,15.229756673177084,916.5929419994354,completed
765.733495,30,52.967025,1.0,True,30,0,0,1002.3925023078918,1477.211787700653,23.381633949279784,1002.3925023078918,completed
1682.335109,30,53.00137,1.0,True,30,0,0,990.1372804641724,1217.0549488067627,14.663701311747234,990.1372804641724,completed
2297.69479,30,53.035304,1.0,True,30,0,0,741.0533199310303,1036.5831518173218,11.457195854187011,741.0533199310303,completed
1642.63315,30,53.070095,1.0,True,30,0,0,870.4536039829254,1201.6571953296661,15.971196206410726,870.4536039829254,completed
1845.350508,30,54.250313,1.0,True,30,0,0,843.6539397239685,1097.639057636261,16.434236081441245,843.6539397239685,completed
448.21644,30,54.287147,1.0,True,30,0,0,1143.9075922966003,1638.22962474823,24.723106956481935,1143.9075922966003,completed
2224.537095,30,54.322235,1.0,True,30,0,0,806.6373400688171,1169.0648183822632,10.008486684163412,806.6373400688171,completed
1822.764147,30,54.3565,1.0,True,30,0,0,945.3009445667267,1157.1207013130188,14.703708585103353,945.3009445667267,completed
1789.48738,30,54.392416,1.0,True,30,0,0,838.6800458431244,1121.1509881019592,16.983975092569988,838.6800458431244,completed
2718.812678,30,54.427361,1.0,True,30,0,0,708.2961237430573,901.1495575904846,6.41575223604838,708.2961237430573,completed
2591.215304,30,54.463606,1.0,True,30,0,0,801.752685546875,1033.8561239242554,6.841522471110026,801.752685546875,completed
1395.077251,30,54.49852,1.0,True,30,0,0,922.5592412948608,1285.9332733154297,18.44767672220866,922.5592412948608,completed
2042.697528,30,54.533533,1.0,True,30,0,0,906.2247071266174,1370.389241218567,7.518991374969483,906.2247071266174,completed
2095.671291,30,54.568892,1.0,True,30,0,0,886.92686855793,1176.8910734653473,9.959873453776042,886.92686855793,completed
1517.194227,30,54.604491,1.0,True,30,0,0,974.1018686294556,1280.6512775421143,16.41047077178955,974.1018686294556,completed
2821.718525,30,54.639883,1.0,True,30,0,0,713.1979985237122,883.8068246841431,6.219586149851481,713.1979985237122,completed
1608.566784,30,54.674996,1.0,True,30,0,0,852.5689380168915,1207.1627671718597,16.2002134958903,852.5689380168915,completed
1151.085098,30,54.710318,1.0,True,30,0,0,1062.3450059890747,1475.3824529647827,18.05978666941325,1062.3450059890747,completed
2861.869368,30,54.745177,1.0,True,30,0,0,673.2042293548584,846.3041191101074,7.471226056416829,673.2042293548584,completed
709.547362,30,54.780799,1.0,True,30,0,0,1102.7829103767872,1561.38022428751,21.35441074371338,1102.7829103767872,completed
2179.810204,30,54.816395,1.0,True,30,0,0,859.2677388191223,1084.2453651428223,10.949320856730143,859.2677388191223,completed
3157.98874,30,54.851812,1.0,True,30,0,0,691.5700969696045,829.6383647918701,2.657783349355062,691.5700969696045,completed
1249.809687,30,54.887148,1.0,True,30,0,0,1009.6981773376465,1321.0181703567505,19.354190317789712,1009.6981773376465,completed
1779.543259,30,54.922209,1.0,True,30,0,0,884.95955991745,1250.4970955848694,13.482236671447755,884.95955991745,completed
2686.368527,30,54.957486,1.0,True,30,0,0,736.5991158485413,982.8985691070557,5.591392962137858,736.5991158485413,completed
2013.327445,30,54.992465,1.0,True,30,0,0,759.3241295814514,1048.550805091858,14.127869860331218,759.3241295814514,completed
-1375.270614,30,55.031116,1.0,True,30,0,0,1386.3011116981506,2221.8387384414673,40.32445557912191,1386.3011116981506,completed
2004.026636,30,55.066152,1.0,True,30,0,0,909.5435271263123,1269.8941297531128,10.806061744689941,909.5435271263123,completed
1960.084804,30,55.10159,1.0,True,30,0,0,877.5147130489349,1174.4431548118591,13.608648300170898,877.5147130489349,completed
2812.492886,30,55.137175,1.0,True,30,0,0,807.4854774475098,1035.0946807861328,3.49019463857015,807.4854774475098,completed
813.900924,30,55.172324,1.0,True,30,0,0,1024.0469508171082,1464.9799342155457,23.836549631754558,1024.0469508171082,completed
1379.028412,30,55.207096,1.0,True,30,0,0,955.2513790130615,1406.1771907806396,15.767097504933675,955.2513790130615,completed
2743.2516,30,55.243054,1.0,True,30,0,0,774.3877074718475,985.7321853637695,5.880172856648763,774.3877074718475,completed
1384.050926,30,55.278867,1.0,True,30,0,0,901.365204334259,1266.1717500686646,20.039017105102538,901.365204334259,completed
1719.169767,30,55.315012,1.0,True,30,0,0,981.9231762886047,1447.0055775642395,10.74950319925944,981.9231762886047,completed
2046.474202,30,55.350337,1.0,True,30,0,0,819.8263074159622,1213.3316223621368,11.199420483907064,819.8263074159622,completed
3051.048551,30,55.384995,1.0,True,30,0,0,744.5131320953369,870.8970813751221,3.154279677073161,744.5131320953369,completed
1802.532777,30,55.419992,1.0,True,30,0,0,858.0210046768188,1152.210132598877,14.337057908376059,858.0210046768188,completed
854.380632,30,55.45639,1.0,True,30,0,0,1160.0223665237427,1486.426676273346,20.992276740074157,1160.0223665237427,completed
2589.192454,30,55.490763,1.0,True,30,0,0,755.0331449508667,905.2350721359253,9.28381799062093,755.0331449508667,completed
1415.24344,30,55.526237,1.0,True,30,0,0,997.2963845729828,1212.3305983543396,18.29691785176595,997.2963845729828,completed
2285.904466,30,55.561393,1.0,True,30,0,0,810.3934409618378,1057.86323595047,9.736831823984781,810.3934409618378,completed
2589.77602,30,55.595854,1.0,True,30,0,0,721.6748993098736,931.4140424132347,8.71105990409851,721.6748993098736,completed
2122.976195,30,55.631112,1.0,True,30,0,0,867.0003910064697,1040.9541568756104,12.196233304341634,867.0003910064697,completed
2857.062248,30,55.666565,1.0,True,30,0,0,719.7770755290985,877.061927318573,5.27172311147054,719.7770755290985,completed
2193.699762,30,55.701538,1.0,True,30,0,0,843.8383773565292,1179.1024081707,9.966409381230672,843.8383773565292,completed
2145.510675,30,55.737419,1.0,True,30,0,0,833.2913775444031,1044.1551189422607,12.93239779472351,833.2913775444031,completed
1699.38198,30,55.773243,1.0,True,30,0,0,1006.1725635528564,1253.8947582244873,13.543837467829386,1006.1725635528564,completed
2253.734284,30,55.808803,1.0,True,30,0,0,744.3447399139404,1060.8492755889893,11.712077808380126,744.3447399139404,completed
1188.009519,30,55.844679,1.0,True,30,0,0,1004.7760535478592,1477.0445539951324,18.822930653889973,1004.7760535478592,completed
733.400202,30,55.881319,1.0,True,30,0,0,1049.9802827835083,1547.1841230392456,23.82848488489787,1049.9802827835083,completed
2358.58464,30,55.917103,1.0,True,30,0,0,730.6420345306396,1025.5415859222412,11.58223991394043,730.6420345306396,completed
3247.363846,30,55.95275,1.0,True,30,0,0,627.4572582244873,731.3473529815674,3.19466183980306,627.4572582244873,completed
2933.39144,30,55.988626,1.0,True,30,0,0,815.5689589977264,970.7257876396179,2.991146977742513,815.5689589977264,completed
2379.011681,30,56.023529,1.0,True,30,0,0,795.0109599232674,1002.5711008310318,10.18589220046997,795.0109599232674,completed
2449.416353,30,56.059326,1.0,True,30,0,0,813.7638416290283,1087.2935886383057,8.105039914449057,813.7638416290283,completed
1984.420806,30,56.094305,1.0,True,30,0,0,969.2418742179871,1235.9159088134766,11.158776156107585,969.2418742179871,completed
1925.40906,30,56.129346,1.0,True,30,0,0,1001.5000629425049,1345.0145473480225,8.986248334248861,1001.5000629425049,completed
2575.428869,30,56.164655,1.0,True,30,0,0,774.857684135437,1030.666021347046,7.015398279825846,774.857684135437,completed
1369.698108,30,56.199808,1.0,True,30,0,0,969.9665994644165,1475.7321224212646,14.916943295796711,969.9665994644165,completed
2344.663724,30,56.234708,1.0,True,30,0,0,852.4966359138489,1029.5267443656921,9.272647921244303,852.4966359138489,completed
2265.762975,30,56.269911,1.0,True,30,0,0,913.5069999694824,1021.4639081954956,9.292042096455893,913.5069999694824,completed
2715.443203,30,56.304771,1.0,True,30,0,0,731.5927858352661,871.2453060150146,7.620521481831869,731.5927858352661,completed
1264.652123,30,56.339627,1.0,True,30,0,0,935.6119544506073,1399.235110759735,17.580368041992188,935.6119544506073,completed
2521.598606,30,56.375199,1.0,True,30,0,0,833.3282060623169,988.3305063247681,7.687348556518555,833.3282060623169,completed
3350.980729,30,56.411299,1.0,True,30,0,0,663.8516798019409,721.6182188987732,1.6988037109375,663.8516798019409,completed
470.165747,30,56.446994,1.0,True,30,0,0,1133.9755721092224,1776.6143102645874,23.16955280303955,1133.9755721092224,completed
1853.212176,30,56.482389,1.0,True,30,0,0,802.4806399345398,1179.0026245117188,14.38994255065918,802.4806399345398,completed
650.966866,30,56.517862,1.0,True,30,0,0,1063.7760939598083,1422.876883506775,25.26004842122396,1063.7760939598083,completed
1103.917809,30,56.552613,1.0,True,30,0,0,948.2918310165405,1355.1437950134277,21.357481956481934,948.2918310165405,completed
2359.334267,30,56.587819,1.0,True,30,0,0,841.4898681640625,1126.2346591949463,8.19856144587199,841.4898681640625,completed
1702.724133,30,56.623335,1.0,True,30,0,0,923.7223899364471,1322.3914275169373,13.473531039555867,923.7223899364471,completed
3225.798523,30,56.662552,1.0,True,30,0,0,709.0789797306061,765.4443707466125,2.5294213612874348,709.0789797306061,completed
2769.326554,30,57.867227,1.0,True,30,0,0,776.854905128479,951.794490814209,4.793109385172526,776.854905128479,completed
1543.929997,30,57.901309,1.0,True,30,0,0,939.2778763771057,1397.5899229049683,15.002572695414225,939.2778763771057,completed
2914.204648,30,57.935371,1.0,True,30,0,0,740.861777305603,1002.6059408187866,2.640195846557617,740.861777305603,completed
1883.662998,30,57.969453,1.0,True,30,0,0,783.8955912590027,1125.6733407974243,15.462649536132812,783.8955912590027,completed
2029.750582,30,58.002868,1.0,True,30,0,0,880.3326780796051,1240.7342417240143,9.120702425638834,880.3326780796051,completed
1924.87323,30,58.035937,1.0,True,30,0,0,838.888866186142,1208.446635723114,13.125035858154297,838.888866186142,completed
2053.002768,30,58.069658,1.0,True,30,0,0,895.1614236831665,1163.5113620758057,12.083964665730795,895.1614236831665,completed
2415.017534,30,58.10354,1.0,True,30,0,0,739.6149072647095,1026.5880146026611,9.699445088704428,739.6149072647095,completed
2166.718927,30,58.139388,1.0,True,30,0,0,753.0132787227631,1099.1360812187195,11.123723602294922,753.0132787227631,completed
2283.078087,30,58.172646,1.0,True,30,0,0,718.557361125946,984.6930332183838,12.043752670288086,718.557361125946,completed
2911.318495,30,58.206269,1.0,True,30,0,0,681.1338597536087,942.4334499835968,4.80540657043457,681.1338597536087,completed
1951.287117,30,58.239453,1.0,True,30,0,0,800.5341949462891,1212.5337734222412,12.576753584543864,800.5341949462891,completed
2533.026107,30,58.272824,1.0,True,30,0,0,759.4187359809875,889.0151481628418,8.390099811553956,759.4187359809875,completed
1757.278999,30,58.30584,1.0,True,30,0,0,1014.1416749954224,1424.586549282074,11.036513201395671,1014.1416749954224,completed
2322.344039,30,58.339159,1.0,True,30,0,0,834.0349025726318,1075.913179397583,9.395508702596029,834.0349025726318,completed
3006.597078,30,58.373576,1.0,True,30,0,0,671.297425031662,784.5519061088562,5.793622843424479,671.297425031662,completed
1414.417267,30,58.410125,1.0,True,30,0,0,861.905378818512,1224.2937240600586,20.278606828053793,861.905378818512,completed
2121.407383,30,58.446099,1.0,True,30,0,0,854.2756161689758,1189.8630723953247,9.619631131490072,854.2756161689758,completed
2568.377341,30,58.480072,1.0,True,30,0,0,700.8272051811218,906.8109521865845,9.72723814646403,700.8272051811218,completed
1419.09998,30,58.513966,1.0,True,30,0,0,861.2603706121445,1224.9700677394867,19.36127872467041,861.2603706121445,completed
1789.199126,30,58.547502,1.0,True,30,0,0,892.5538988113403,1208.8612842559814,14.42535203297933,892.5538988113403,completed
1018.276651,30,58.581422,1.0,True,30,0,0,949.187665939331,1316.1230545043945,23.074589816729226,949.187665939331,completed
1582.095674,30,58.614852,1.0,True,30,0,0,928.447523355484,1227.957056760788,16.75138416290283,928.447523355484,completed
2035.460707,30,58.648295,1.0,True,30,0,0,896.692232131958,1223.5009746551514,10.84454803466797,896.692232131958,completed
1870.342112,30,58.682015,1.0,True,30,0,0,856.9066436290741,1178.4517855644226,13.570282300313314,856.9066436290741,completed
2844.620436,30,58.715574,1.0,True,30,0,0,657.961428642273,853.9100332260132,6.938361167907715,657.961428642273,completed
2552.089468,30,58.749153,1.0,True,30,0,0,694.6828241348267,933.8358240127563,8.731357192993164,694.6828241348267,completed
1500.363967,30,58.783088,1.0,True,30,0,0,947.5737986564636,1305.1909003257751,16.5063627243042,947.5737986564636,completed
3320.795656,30,58.815998,1.0,True,30,0,0,601.8231807947159,748.0111000537872,2.3383037567138674,601.8231807947159,completed
1935.723303,30,58.849486,1.0,True,30,0,0,861.6132364273071,1276.8164834976196,11.046843719482421,861.6132364273071,completed
2621.530303,30,58.884614,1.0,True,30,0,0,810.8966243267059,1080.118975162506,5.39668083190918,810.8966243267059,completed
1159.285855,30,58.918419,1.0,True,30,0,0,1060.2370238304138,1488.6169576644897,17.701554616292317,1060.2370238304138,completed
1831.783191,30,58.951871,1.0,True,30,0,0,821.1941719055176,1170.2965564727783,14.302901554107667,821.1941719055176,completed
2534.154471,30,58.986633,1.0,True,30,0,0,722.4559092521667,951.3865041732788,9.264113807678223,722.4559092521667,completed
1993.858716,30,59.019993,1.0,True,30,0,0,893.138117313385,1146.4904108047485,12.568649355570475,893.138117313385,completed
1726.83104,30,59.054,1.0,True,30,0,0,890.9709620475769,1189.1102628707886,15.009418233235676,890.9709620475769,completed
1804.647899,30,59.089611,1.0,True,30,0,0,938.3940801620483,1273.6939640045166,12.520871543884278,938.3940801620483,completed
2196.925671,30,59.122723,1.0,True,30,0,0,829.9934630393982,1094.8306760787964,10.762741788228352,829.9934630393982,completed
2117.495875,30,59.155755,1.0,True,30,0,0,895.68297123909,1127.2637495994568,10.418403625488281,895.68297123909,completed
994.75488,30,59.18976,1.0,True,30,0,0,932.1578311920166,1344.877046585083,22.69309450785319,932.1578311920166,completed
3080.615383,30,59.223671,1.0,True,30,0,0,730.0928852558136,888.1740965843201,2.0722896575927736,730.0928852558136,completed
2231.074783,30,59.257366,1.0,True,30,0,0,865.9501457214355,1102.3487854003906,8.029524421691894,865.9501457214355,completed
830.012983,30,59.291109,1.0,True,30,0,0,901.0820407867432,1404.6775131225586,25.069875462849936,901.0820407867432,completed
1877.129734,30,59.32506,1.0,True,30,0,0,858.9710857868195,1188.4159789085388,12.83716729482015,858.9710857868195,completed
1312.370128,30,59.358052,1.0,True,30,0,0,921.8909029960632,1408.2008290290833,18.42457364400228,921.8909029960632,completed
2116.816611,30,59.391235,1.0,True,30,0,0,785.4032936096191,1112.3835887908936,12.638657760620116,785.4032936096191,completed
2587.40973,30,59.424456,1.0,True,30,0,0,809.3089094161987,973.463415145874,7.103252792358399,809.3089094161987,completed
2341.549142,30,59.457638,1.0,True,30,0,0,788.4413375854492,1079.7497148513794,9.461022822062175,788.4413375854492,completed
1111.322377,30,59.490896,1.0,True,30,0,0,956.9184322357178,1496.1214570999146,19.39654935201009,956.9184322357178,completed
1405.659041,30,59.52439,1.0,True,30,0,0,998.5808897018433,1306.3845825195312,17.552823066711426,998.5808897018433,completed
2135.189868,30,59.558094,1.0,True,30,0,0,758.4029667377472,1038.3679332733154,14.376060422261556,758.4029667377472,completed
2520.992338,30,59.590858,1.0,True,30,0,0,817.2335004806519,1040.3292894363403,7.738422393798828,817.2335004806519,completed
2879.55338,30,59.624303,1.0,True,30,0,0,692.9937019348145,832.9894886016846,6.806032689412435,692.9937019348145,completed
2285.624822,30,59.658071,1.0,True,30,0,0,698.8897686004639,986.1417179107666,12.58809045155843,698.8897686004639,completed
2149.25937,30,59.691597,1.0,True,30,0,0,838.0719106197357,1070.0837235450745,10.680089791615805,838.0719106197357,completed
1931.572492,30,59.724931,1.0,True,30,0,0,836.7020382881165,1204.4833970069885,12.69124247233073,836.7020382881165,completed
598.677282,30,59.758765,1.0,True,30,0,0,999.956470489502,1549.5738344192505,25.280293623606365,999.956470489502,completed
1524.781116,30,59.792781,1.0,True,30,0,0,895.9284648895264,1266.311996459961,16.49531014760335,895.9284648895264,completed
1767.567487,30,59.826797,1.0,True,30,0,0,998.7678589820862,1347.6907377243042,11.5951997756958,998.7678589820862,completed
1874.060443,30,59.86888,1.0,True,30,0,0,851.7535824775696,1233.5066690444946,14.217167854309082,851.7535824775696,completed
2980.227164,30,59.902453,1.0,True,30,0,0,652.8128118515015,817.3232517242432,5.817159525553385,652.8128118515015,completed
3154.957484,30,59.935746,1.0,True,30,0,0,725.0873785018921,856.4001598358154,2.299165217081706,725.0873785018921,completed
2830.839792,30,59.96954,1.0,True,30,0,0,590.3136639595032,804.7284955978394,8.329511070251465,590.3136639595032,completed
2288.009203,30,60.002767,1.0,True,30,0,0,869.0905232429504,1126.3139791488647,9.526518440246582,869.0905232429504,completed
325.402352,30,60.035939,1.0,True,30,0,0,1113.757490158081,1613.6719608306885,25.43839995066325,1113.757490158081,completed
2325.428158,30,60.069174,1.0,True,30,0,0,837.9382739067078,1061.7055525779724,9.982212829589844,837.9382739067078,completed
1813.491851,30,60.102558,1.0,True,30,0,0,838.0423679351807,1206.0713720321655,15.450070317586263,838.0423679351807,completed
1986.763278,30,60.135644,1.0,True,30,0,0,825.7690267562866,1133.0019369125366,13.191219584147136,825.7690267562866,completed
2423.551262,30,61.302943,1.0,True,30,0,0,814.9275233745575,1010.0460505485535,9.107359472910563,814.9275233745575,completed
2036.996506,30,61.337705,1.0,True,30,0,0,903.5262141227722,1216.7349157333374,10.457989311218261,903.5262141227722,completed
1849.934677,30,61.371331,1.0,True,30,0,0,980.8772773742676,1300.003999710083,11.275575955708822,980.8772773742676,completed
2347.423323,30,61.405182,1.0,True,30,0,0,850.0651655197144,1061.0735397338867,9.505944728851318,850.0651655197144,completed
2335.255006,30,61.438708,1.0,True,30,0,0,847.8295290470123,1073.2709374427795,9.50748742421468,847.8295290470123,completed
1977.458889,30,61.472343,1.0,True,30,0,0,864.6153197288513,1215.5807876586914,12.277217547098795,864.6153197288513,completed
1223.199153,30,61.506448,1.0,True,30,0,0,956.2034158706665,1339.731692314148,20.406232261657713,956.2034158706665,completed
1780.70612,30,61.539546,1.0,True,30,0,0,890.2130174636841,1195.397325515747,14.420483525594076,890.2130174636841,completed
1288.754773,30,61.572687,1.0,True,30,0,0,911.9884927272797,1347.2914500236511,20.450525601704914,911.9884927272797,completed
2115.513544,30,61.607246,1.0,True,30,0,0,826.6253643035889,1226.4243569374084,9.324074077606202,826.6253643035889,completed
2533.97911,30,61.641144,1.0,True,30,0,0,762.4798364639282,1024.0110006332397,7.535348129272461,762.4798364639282,completed
1526.95402,30,61.674623,1.0,True,30,0,0,988.4040131568909,1247.3183736801147,16.715889358520506,988.4040131568909,completed
2505.819209,30,61.708463,1.0,True,30,0,0,792.3928389549255,1009.1529302597046,8.39461441040039,792.3928389549255,completed
3116.409841,30,61.742472,1.0,True,30,0,0,586.2384921312332,740.4577586650848,5.205725479125976,586.2384921312332,completed
525.063621,30,61.776722,1.0,True,30,0,0,1076.6441488265991,1532.3338956832886,26.473043409983315,1076.6441488265991,completed
1388.253958,30,61.810341,1.0,True,30,0,0,955.1140327453613,1346.0912342071533,18.382954406738282,955.1140327453613,completed
3100.659977,30,61.84419,1.0,True,30,0,0,649.4990656375885,774.9170603752136,3.78719695409139,649.4990656375885,completed
1848.500478,30,61.876672,1.0,True,30,0,0,904.2140965461731,1118.339877128601,14.979953320821126,904.2140965461731,completed
2701.912001,30,61.910809,1.0,True,30,0,0,738.0030999183655,941.3032445907593,7.330876159667969,738.0030999183655,completed
2103.32557,30,61.94444,1.0,True,30,0,0,936.2912840843201,1371.2109460830688,6.609460322062175,936.2912840843201,completed
61.423134,30,61.978164,1.0,True,30,0,0,1154.5579476356506,1717.3994789123535,29.19504451751709,1154.5579476356506,completed
1875.217839,30,62.011083,1.0,True,30,0,0,952.595654964447,1334.6283674240112,9.252226066589355,952.595654964447,completed
2592.287985,30,62.044216,1.0,True,30,0,0,813.3195655345917,1184.6652598381042,4.359808158874512,813.3195655345917,completed
1560.973901,30,62.076931,1.0,True,30,0,0,921.3708477020264,1238.5332069396973,17.39695103963216,921.3708477020264,completed
1968.954642,30,62.11049,1.0,True,30,0,0,797.3095369338989,1078.5259141921997,14.771352163950603,797.3095369338989,completed
1867.249485,30,62.143474,1.0,True,30,0,0,823.604850769043,1150.9795761108398,15.708501180013021,823.604850769043,completed
1929.687291,30,62.177109,1.0,True,30,0,0,926.1093697547913,1145.9786291122437,12.067843246459962,926.1093697547913,completed
2538.545385,30,62.210321,1.0,True,30,0,0,673.1176874637604,906.5274662971497,10.090063158671061,673.1176874637604,completed
1378.781931,30,62.2441,1.0,True,30,0,0,912.6051340103149,1248.957043647766,18.663370672861735,912.6051340103149,completed
2937.490568,30,62.276908,1.0,True,30,0,0,765.4454827308655,930.8829851150513,3.737847646077474,765.4454827308655,completed
2091.086136,30,62.310446,1.0,True,30,0,0,839.135828256607,1268.4857468605042,9.668300755818684,839.135828256607,completed
1099.793752,30,62.34418,1.0,True,30,0,0,1025.75070810318,1392.8579659461975,20.37686767578125,1025.75070810318,completed
3121.343142,30,62.377175,1.0,True,30,0,0,663.6007733345032,808.2967157363892,3.5228334426879884,663.6007733345032,completed
2103.350762,30,62.410159,1.0,True,30,0,0,781.6489388942719,1075.0037598609924,13.58592898050944,781.6489388942719,completed
2646.610679,30,62.443966,1.0,True,30,0,0,760.9944444894791,1110.2335827350616,5.342261886596679,760.9944444894791,completed
2336.96696,30,62.477141,1.0,True,30,0,0,825.7549095153809,1110.0942792892456,9.024606450398762,825.7549095153809,completed
1412.8342,30,62.510489,1.0,True,30,0,0,1005.9335346221924,1360.0904960632324,15.958435567220052,1005.9335346221924,completed
2772.426777,30,62.542985,1.0,True,30,0,0,699.7166316509247,883.4464993476868,7.599201583862305,699.7166316509247,completed
2755.605015,30,62.57688,1.0,True,30,0,0,673.9069905281067,1000.5245275497437,5.157896836598714,673.9069905281067,completed
3428.768808,30,62.610571,1.0,True,30,0,0,615.3563287258148,733.949456691742,1.077883211771647,615.3563287258148,completed
2651.377778,30,62.643978,1.0,True,30,0,0,721.3795669078827,920.4379625320435,7.8885453859965,721.3795669078827,completed
1498.790089,30,62.677168,1.0,True,30,0,0,877.6116218566895,1260.9397382736206,18.460153770446777,877.6116218566895,completed
1089.888894,30,62.711188,1.0,True,30,0,0,964.2628283500671,1378.2071714401245,21.00875867207845,964.2628283500671,completed
886.252304,30,62.744532,1.0,True,30,0,0,1015.2387275695801,1508.3343033790588,21.923945426940918,1015.2387275695801,completed
2634.638114,30,62.777542,1.0,True,30,0,0,755.1469657421112,912.775288105011,8.3870148340861,755.1469657421112,completed
2742.86091,30,62.81209,1.0,True,30,0,0,760.6525927782059,1014.0420620441437,5.088354428609212,760.6525927782059,completed
-1827.881669,30,62.851867,1.0,True,30,0,0,1437.0218925476074,2472.55677986145,43.59760125478109,1437.0218925476074,completed
2243.89085,30,62.886212,1.0,True,30,0,0,820.0439491271973,1057.9003639221191,11.58987299601237,820.0439491271973,completed
1550.507235,30,62.919648,1.0,True,30,0,0,841.9044952392578,1347.1386451721191,15.958292643229166,841.9044952392578,completed
1682.720749,30,62.953524,1.0,True,30,0,0,1037.8360328674316,1254.7641983032227,13.905616887410481,1037.8360328674316,completed
1911.668098,30,62.987255,1.0,True,30,0,0,982.4343576431274,1324.9813213348389,9.773197237650553,982.4343576431274,completed
2018.209568,30,63.021888,1.0,True,30,0,0,949.9932880401611,1059.3711776733398,12.358102734883627,949.9932880401611,completed
3123.664276,30,63.054953,1.0,True,30,0,0,641.4284472465515,792.7207765579224,3.9914300282796225,641.4284472465515,completed
1917.221886,30,63.088124,1.0,True,30,0,0,928.3275718688965,1272.4037313461304,10.352291107177734,928.3275718688965,completed
2144.696634,30,63.121691,1.0,True,30,0,0,810.3524241447449,1075.9513750076294,11.342423311869304,810.3524241447449,completed
1233.178383,30,63.154838,1.0,True,30,0,0,935.2239117622375,1353.7611656188965,18.94249979654948,935.2239117622375,completed
2149.981251,30,63.188058,1.0,True,30,0,0,776.0186986923218,1117.6913433074951,11.249117533365885,776.0186986923218,completed
2261.016041,30,63.221696,1.0,True,30,0,0,813.2337069511414,1120.5452961921692,9.390731811523438,813.2337069511414,completed
2680.536618,30,63.255134,1.0,True,30,0,0,768.9920897483826,935.8539009094238,7.4771472930908205,768.9920897483826,completed
2567.58504,30,63.288361,1.0,True,30,0,0,715.7717423439026,1024.7832136154175,7.4281729857126875,715.7717423439026,completed
2458.777295,30,63.322308,1.0,True,30,0,0,773.9309506416321,1034.5477628707886,8.897693252563476,773.9309506416321,completed
2227.851935,30,63.355335,1.0,True,30,0,0,847.6454410552979,1169.8186054229736,9.112672233581543,847.6454410552979,completed
2499.831654,30,63.388119,1.0,True,30,0,0,811.7776193618774,1050.928113937378,7.951347478230795,811.7776193618774,completed
1903.466909,30,63.421961,1.0,True,30,0,0,812.7308572530746,1214.9239175319672,14.041304461161296,812.7308572530746,completed
2654.609457,30,63.455965,1.0,True,30,0,0,696.2643091678619,1055.0987277030945,5.200389289855957,696.2643091678619,completed
2141.33516,30,63.48954,1.0,True,30,0,0,816.8518800735474,1217.9510588645935,10.396792459487916,816.8518800735474,completed
1761.452744,30,63.523345,1.0,True,30,0,0,833.6211233139038,1109.4849615097046,16.88235206604004,833.6211233139038,completed
1119.390112,30,63.55653,1.0,True,30,0,0,1060.2884707450867,1459.2947072982788,18.486877123514812,1060.2884707450867,completed
2906.974828,30,64.776305,1.0,True,30,0,0,734.0927352905273,893.9327592849731,3.9873915990193685,734.0927352905273,completed
2551.319831,30,64.810444,1.0,True,30,0,0,702.2934308052063,975.2942895889282,8.741339874267577,702.2934308052063,completed
2119.838862,30,64.845163,1.0,True,30,0,0,856.1844481825829,1061.9876354932785,12.387734508514404,856.1844481825829,completed
2106.259573,30,64.879081,1.0,True,30,0,0,866.8012328147888,1067.5383377075195,12.406125259399413,866.8012328147888,completed
2641.177585,30,64.912825,1.0,True,30,0,0,747.7173947691917,891.11831843853,7.916030470530192,747.7173947691917,completed
2833.343407,30,64.945755,1.0,True,30,0,0,708.8689723014832,884.4813423156738,6.473428885142009,708.8689723014832,completed
2857.406147,30,64.979181,1.0,True,30,0,0,713.7706179618835,896.715256690979,5.382411670684815,713.7706179618835,completed
2305.524293,30,65.012734,1.0,True,30,0,0,837.8891118764877,1123.2922236919403,8.768679904937745,837.8891118764877,completed
2237.33343,30,65.04649,1.0,True,30,0,0,826.5695791244507,1187.2572422027588,8.42903094291687,826.5695791244507,completed
1964.196077,30,65.080682,1.0,True,30,0,0,878.7302508354187,1203.844479560852,11.322280756632487,878.7302508354187,completed
2069.327892,30,65.114161,1.0,True,30,0,0,785.275456905365,1033.7877779006958,14.455671310424805,785.275456905365,completed
877.184844,30,65.147733,1.0,True,30,0,0,1045.2308087348938,1534.3126010894775,20.4655468304952,1045.2308087348938,completed
1959.060197,30,65.181454,1.0,True,30,0,0,877.3882858753204,1203.4043707847595,12.262700398763021,877.3882858753204,completed
1842.623611,30,65.215906,1.0,True,30,0,0,920.8899941444397,1388.3564920425415,10.377504189809164,920.8899941444397,completed
862.707508,30,65.252385,1.0,True,30,0,0,1068.0953750610352,1705.596981048584,17.754643122355144,1068.0953750610352,completed
3076.416062,30,65.287396,1.0,True,30,0,0,663.4523816108704,841.9390525817871,4.072992515563965,663.4523816108704,completed
2854.510796,30,65.320785,1.0,True,30,0,0,741.9413533210754,920.4917440414429,5.546391232808431,741.9413533210754,completed
1286.776129,30,65.355206,1.0,True,30,0,0,968.7038946151733,1448.727954864502,17.640013058980305,968.7038946151733,completed
247.083508,30,65.388751,1.0,True,30,0,0,1165.8468763828278,1633.071133852005,27.53383530775706,1165.8468763828278,completed
2055.207782,30,65.422797,1.0,True,30,0,0,871.5819811820984,1155.1492204666138,11.602981440226237,871.5819811820984,completed
1924.260664,30,65.455981,1.0,True,30,0,0,944.7533903121948,1316.5266933441162,9.261798985799153,944.7533903121948,completed
2145.761618,30,65.489931,1.0,True,30,0,0,913.5092041492462,1208.2583765983582,8.700810750325521,913.5092041492462,completed
1085.086211,30,65.523703,1.0,True,30,0,0,1050.196993112564,1409.0645108222961,19.663743845621745,1050.196993112564,completed
932.470115,30,65.557945,1.0,True,30,0,0,1051.8182134628296,1451.3357543945312,20.99949378967285,1051.8182134628296,completed
2901.601001,30,65.592071,1.0,True,30,0,0,749.5522961616516,897.2443418502808,4.2783140818278,749.5522961616516,completed
2667.321828,30,65.624841,1.0,True,30,0,0,733.125547170639,965.4729609489441,7.096376450856527,733.125547170639,completed
744.549541,30,65.658829,1.0,True,30,0,0,957.2919542789459,1455.7665808200836,24.995534125963847,957.2919542789459,completed
2807.394257,30,65.692142,1.0,True,30,0,0,725.5682382583618,966.9727072715759,4.809913698832194,725.5682382583618,completed
2486.84499,30,65.72667,1.0,True,30,0,0,752.2863771915436,1028.5543160438538,8.756223932902019,752.2863771915436,completed
2261.01521,30,65.760648,1.0,True,30,0,0,842.6596555709839,1039.9125156402588,11.408087158203125,842.6596555709839,completed
1985.65873,30,65.794343,1.0,True,30,0,0,939.8114628791809,1122.4576544761658,12.262516212463378,939.8114628791809,completed
1685.274752,30,65.827177,1.0,True,30,0,0,966.1693797111511,1439.0947923660278,11.200322469075521,966.1693797111511,completed
1167.642665,30,65.860969,1.0,True,30,0,0,997.9279155731201,1429.1117992401123,18.442960103352863,997.9279155731201,completed
1943.825209,30,65.894666,1.0,True,30,0,0,905.1392753124237,1291.5623898506165,11.456209945678712,905.1392753124237,completed
1569.570491,30,65.928384,1.0,True,30,0,0,808.3161528110504,1199.2906947135925,18.27033421198527,808.3161528110504,completed
1175.783218,30,65.961206,1.0,True,30,0,0,977.726824760437,1256.501706123352,20.84048016866048,977.726824760437,completed
1318.219884,30,65.994316,1.0,True,30,0,0,980.4135370254517,1279.8161067962646,18.428904596964518,980.4135370254517,completed
2785.790331,30,66.027356,1.0,True,30,0,0,742.3005764484406,857.9604687690735,7.001213455200196,742.3005764484406,completed
1914.807324,30,66.060189,1.0,True,30,0,0,878.8643045425415,1268.290539741516,11.795908323923747,878.8643045425415,completed
1682.198411,30,66.094052,1.0,True,30,0,0,838.1282830238342,1181.0163097381592,17.68011131286621,838.1282830238342,completed
1662.74357,30,66.127432,1.0,True,30,0,0,928.2085065841675,1313.642110824585,13.838750076293945,928.2085065841675,completed
1098.287266,30,66.160975,1.0,True,30,0,0,1127.0162143707275,1319.6231365203857,19.065292580922446,1127.0162143707275,completed
2457.33035,30,66.194165,1.0,True,30,0,0,807.3999938964844,1136.2770614624023,6.305414772033691,807.3999938964844,completed
2232.526542,30,66.228394,1.0,True,30,0,0,807.7616248130798,1136.9984993934631,9.201968892415364,807.7616248130798,completed
2707.325424,30,66.26216,1.0,True,30,0,0,698.2152090072632,982.0029220581055,6.475703938802083,698.2152090072632,completed
2261.249208,30,66.295378,1.0,True,30,0,0,835.1082255840302,1053.6877012252808,10.810489749908447,835.1082255840302,completed
3000.312068,30,66.328738,1.0,True,30,0,0,713.1426272392273,921.1578702926636,3.392144966125488,713.1426272392273,completed
2538.67251,30,66.37058,1.0,True,30,0,0,749.6875619888306,1022.8817081451416,8.022417894999187,749.6875619888306,completed
1139.170469,30,66.409304,1.0,True,30,0,0,1003.45667552948,1461.8894386291504,18.677952384948732,1003.45667552948,completed
2025.334887,30,66.447755,1.0,True,30,0,0,855.4427614212036,1190.2917032241821,11.201309712727864,855.4427614212036,completed
1352.479103,30,66.491446,1.0,True,30,0,0,1006.9411115646362,1355.5998039245605,17.453274091084797,1006.9411115646362,completed
2179.274434,30,66.526868,1.0,True,30,0,0,886.8826537132263,1165.7597970962524,9.60433661142985,886.8826537132263,completed
1543.064542,30,66.561003,1.0,True,30,0,0,940.39919090271,1308.9540376663208,15.380775038401286,940.39919090271,completed
2276.583363,30,66.597286,1.0,True,30,0,0,786.6548497676849,1195.7532649040222,8.434918928146363,786.6548497676849,completed
2028.903947,30,66.63184,1.0,True,30,0,0,858.3353033065796,1114.0001430511475,13.761578559875488,858.3353033065796,completed
2300.787157,30,66.666185,1.0,True,30,0,0,917.7170562744141,1092.8810606002808,9.023557376861572,917.7170562744141,completed
2166.727198,30,66.700739,1.0,True,30,0,0,904.5800631046295,1140.0228488445282,9.691660499572754,904.5800631046295,completed
834.765411,30,66.7346,1.0,True,30,0,0,1027.6869721412659,1551.0487880706787,21.874478975931805,1027.6869721412659,completed
2974.962744,30,66.76896,1.0,True,30,0,0,801.2282800674438,1067.0362181663513,1.0926741282145183,801.2282800674438,completed
1615.655258,30,66.802515,1.0,True,30,0,0,945.2978600263596,1298.0725781917572,14.321436500549316,945.2978600263596,completed
2055.333928,30,66.836327,1.0,True,30,0,0,870.0810179710388,1193.2567377090454,11.750584157307943,870.0810179710388,completed
2323.52322,30,66.869742,1.0,True,30,0,0,848.0428290367126,1053.591031551361,9.228349129358927,848.0428290367126,completed
2455.786366,30,66.902823,1.0,True,30,0,0,880.9529972076416,1123.6976566314697,4.992906888326009,880.9529972076416,completed
1603.808809,30,66.936043,1.0,True,30,0,0,928.3302092552185,1386.413317680359,13.902306938171387,928.3302092552185,completed
2091.127997,30,66.969332,1.0,True,30,0,0,940.1503112316132,1287.7998261451721,8.303366788228352,940.1503112316132,completed
2188.005752,30,67.003619,1.0,True,30,0,0,760.9432067871094,1043.5066661834717,12.542849858601889,760.9432067871094,completed
2156.318494,30,67.037367,1.0,True,30,0,0,825.541093826294,1135.6481952667236,10.735730584462484,825.541093826294,completed
3463.0769,30,67.071911,1.0,True,30,0,0,628.8708291053772,670.5285139083862,1.1169872919718424,628.8708291053772,completed
2570.483328,30,68.278096,1.0,True,30,0,0,787.1048665046692,960.4987940788269,8.261751302083333,787.1048665046692,completed
2413.690627,30,68.312007,1.0,True,30,0,0,902.4995012283325,1110.302230834961,6.974620310465495,902.4995012283325,completed
1750.777768,30,68.345562,1.0,True,30,0,0,873.2146453857422,1247.2340908050537,14.55559908548991,873.2146453857422,completed
2085.788254,30,68.379049,1.0,True,30,0,0,852.2774168252945,1233.3729093074799,10.268918259938557,852.2774168252945,completed
2553.014598,30,68.412725,1.0,True,30,0,0,749.5220065116882,1060.7901005744934,7.50671812693278,749.5220065116882,completed
2915.775246,30,68.446149,1.0,True,30,0,0,668.6109428405762,802.8709506988525,6.581669044494629,668.6109428405762,completed
2359.824089,30,68.479985,1.0,True,30,0,0,882.12162733078,1127.8591604232788,6.9209643046061196,882.12162733078,completed
2985.956952,30,68.51324,1.0,True,30,0,0,651.7120885848999,845.2865962982178,5.220008977254232,651.7120885848999,completed
2883.661307,30,68.546526,1.0,True,30,0,0,777.1522669792175,939.7610816955566,4.3551690419514975,777.1522669792175,completed
2843.772114,30,68.579985,1.0,True,30,0,0,699.2995791435242,892.8711824417114,5.40816396077474,699.2995791435242,completed
2105.313593,30,68.613225,1.0,True,30,0,0,910.1237163543701,1128.4957628250122,11.287780634562175,910.1237163543701,completed
2420.642391,30,68.647921,1.0,True,30,0,0,803.1136078834534,1072.6937198638916,8.125439198811849,803.1136078834534,completed
885.692548,30,68.681778,1.0,True,30,0,0,1018.8994541168213,1456.58003616333,21.178829002380372,1018.8994541168213,completed
1166.543475,30,68.714887,1.0,True,30,0,0,1032.3630724698305,1432.9510451853275,18.463208866119384,1032.3630724698305,completed
2516.86391,30,68.748106,1.0,True,30,0,0,715.7543439865112,902.6403570175171,10.929651514689128,715.7543439865112,completed
2498.052944,30,68.781991,1.0,True,30,0,0,754.775285243988,936.0366926193237,9.40735870997111,754.775285243988,completed
2399.949305,30,68.816065,1.0,True,30,0,0,814.5111352205276,1069.7671673297882,8.826668826738993,814.5111352205276,completed
3183.565723,30,68.849415,1.0,True,30,0,0,629.9949700832367,789.3836216926575,3.585255177815755,629.9949700832367,completed
2397.081915,30,68.883534,1.0,True,30,0,0,775.7065105438232,1012.2907238006592,9.482906373341878,775.7065105438232,completed
928.875871,30,68.917192,1.0,True,30,0,0,1110.5593056678772,1636.4515810012817,17.911530113220216,1110.5593056678772,completed
1570.351629,30,68.951606,1.0,True,30,0,0,864.8191742897034,1243.8072690963745,16.876147842407228,864.8191742897034,completed
2201.882956,30,68.984984,1.0,True,30,0,0,958.6380968093872,1237.9985675811768,7.185596021016439,958.6380968093872,completed
1579.850629,30,69.017967,1.0,True,30,0,0,857.9968476295471,1150.7355861663818,19.74236863454183,857.9968476295471,completed
2253.836579,30,69.051716,1.0,True,30,0,0,868.4118137359619,1147.8973560333252,9.290487353006998,868.4118137359619,completed
1842.727774,30,69.085708,1.0,True,30,0,0,886.5555067062378,1109.7607622146606,14.99336805343628,886.5555067062378,completed
2386.856466,30,69.119355,1.0,True,30,0,0,795.644495010376,1038.5990915298462,9.388297271728515,795.644495010376,completed
2376.142917,30,69.152332,1.0,True,30,0,0,792.3311737775803,994.030483007431,11.250414117177327,792.3311737775803,completed
1305.994906,30,69.1858,1.0,True,30,0,0,911.3457446098328,1364.756552696228,18.599423980712892,911.3457446098328,completed
3144.602416,30,69.219236,1.0,True,30,0,0,669.7574344873428,882.8834373950958,1.7061890284220378,669.7574344873428,completed
2721.253913,30,69.25272,1.0,True,30,0,0,714.2574281692505,947.8182725906372,6.709858830769857,714.2574281692505,completed
1760.329708,30,69.286785,1.0,True,30,0,0,890.9919464588165,1284.6814274787903,13.948759237925211,890.9919464588165,completed
2865.28653,30,69.320818,1.0,True,30,0,0,851.197061419487,999.1361739635468,2.4157573699951174,851.197061419487,completed
1955.31558,30,69.353519,1.0,True,30,0,0,913.1502203941345,1147.1267828941345,13.832580439249675,913.1502203941345,completed
1751.887865,30,69.387341,1.0,True,30,0,0,966.5128502845764,1363.236828804016,12.727398554484049,966.5128502845764,completed
1430.778261,30,69.420591,1.0,True,30,0,0,860.2411812543869,1341.9441916942596,17.86564032236735,860.2411812543869,completed
2452.516247,30,69.454019,1.0,True,30,0,0,729.9006342887878,978.5419940948486,10.052452977498373,729.9006342887878,completed
2126.837267,30,69.487968,1.0,True,30,0,0,822.5728740692139,1108.618037223816,12.585652796427409,822.5728740692139,completed
2362.286803,30,69.521906,1.0,True,30,0,0,876.2170736789703,1026.0309691429138,9.222481441497802,876.2170736789703,completed
2277.395892,30,69.555571,1.0,True,30,0,0,742.4344100952148,1053.3884906768799,11.056935373942057,742.4344100952148,completed
2034.082612,30,69.589179,1.0,True,30,0,0,852.4578056335449,1145.6349649429321,11.904070727030437,852.4578056335449,completed
2489.793519,30,69.622556,1.0,True,30,0,0,714.9498286247253,911.5482258796692,10.392225583394369,714.9498286247253,completed
1373.528966,30,69.656489,1.0,True,30,0,0,1049.3103609085083,1435.6431741714478,15.627955436706543,1049.3103609085083,completed
3079.959895,30,69.689995,1.0,True,30,0,0,763.8178153038025,861.716522693634,2.6476873397827148,763.8178153038025,completed
1306.469723,30,69.723598,1.0,True,30,0,0,938.1547017097473,1385.6371440887451,17.940609963734946,938.1547017097473,completed
2026.393774,30,69.756695,1.0,True,30,0,0,782.8418884277344,1072.905577659607,14.06174929936727,782.8418884277344,completed
3026.493663,30,69.789915,1.0,True,30,0,0,669.7834300994873,903.8394746780396,3.2902142842610678,669.7834300994873,completed
1382.311999,30,69.82349,1.0,True,30,0,0,939.1505546569824,1417.391092300415,16.50112444559733,939.1505546569824,completed
107.540026,30,69.857507,1.0,True,30,0,0,1088.1178982257843,1654.9701113700867,31.068701871236165,1088.1178982257843,completed
2861.607389,30,69.891188,1.0,True,30,0,0,698.8956127166748,873.3614511489868,6.305960782368978,698.8956127166748,completed
2108.934346,30,69.924254,1.0,True,30,0,0,846.3224449157715,1232.815975189209,9.119576899210612,846.3224449157715,completed
2110.922415,30,69.958054,1.0,True,30,0,0,858.7472486495972,1153.357666015625,11.252263387044271,858.7472486495972,completed
488.166228,30,69.991728,1.0,True,30,0,0,971.1647647619247,1563.7913587093353,27.149406973520914,971.1647647619247,completed
1955.699922,30,70.025242,1.0,True,30,0,0,866.1317965984344,1200.6141085624695,12.482424672444662,866.1317965984344,completed
1302.841291,30,70.059307,1.0,True,30,0,0,1104.195354938507,1334.1695673465729,18.534249528249106,1104.195354938507,completed
883.428352,30,70.093173,1.0,True,30,0,0,1062.648178100586,1460.8148288726807,21.95144049326579,1062.648178100586,completed
2363.287206,30,70.126709,1.0,True,30,0,0,732.9498658180237,1045.5169081687927,9.864571253458658,732.9498658180237,completed
1382.62662,30,70.1612,1.0,True,30,0,0,945.7602114677429,1324.1439142227173,16.889315795898437,945.7602114677429,completed
2494.67727,30,70.194457,1.0,True,30,0,0,770.4568514823914,965.1824855804443,9.189131418863932,770.4568514823914,completed
1734.061441,30,70.22771,1.0,True,30,0,0,912.031102180481,1301.2515392303467,13.455720074971516,912.031102180481,completed
1078.868089,30,70.260937,1.0,True,30,0,0,1030.336588382721,1315.5951480865479,20.846254920959474,1030.336588382721,completed
2560.536728,30,70.295031,1.0,True,30,0,0,794.7749967575073,994.580680847168,6.89265874226888,794.7749967575073,completed
1976.43175,30,70.32895,1.0,True,30,0,0,805.2468619942665,1202.3909598588943,13.546501286824544,805.2468619942665,completed
2248.167739,30,70.362943,1.0,True,30,0,0,796.355046749115,1067.0817728042603,10.337154706319174,796.355046749115,completed
990.401451,30,70.396903,1.0,True,30,0,0,1037.3416955471039,1471.4095969200134,20.22738291422526,1037.3416955471039,completed
2667.371393,30,70.431331,1.0,True,30,0,0,781.6946563720703,1055.3401794433594,4.962293593088786,781.6946563720703,completed
2212.059353,30,70.464724,1.0,True,30,0,0,871.6479716300964,1179.0816268920898,8.549367904663086,871.6479716300964,completed
2722.619903,30,70.498008,1.0,True,30,0,0,651.7785375118256,900.7742254734039,8.591022109985351,651.7785375118256,completed
2408.724755,30,70.53102,1.0,True,30,0,0,705.2400496006012,910.7960209846497,11.02092653910319,705.2400496006012,completed
1046.185472,30,70.565261,1.0,True,30,0,0,1031.9872875213623,1510.7613830566406,19.463077227274578,1031.9872875213623,completed
1491.203443,30,71.799629,1.0,True,30,0,0,963.5245046615601,1437.999496459961,14.898040135701498,963.5245046615601,completed
3287.813958,30,71.833442,1.0,True,30,0,0,615.4540867805481,771.9147148132324,2.313456726074219,615.4540867805481,completed
1825.215384,30,71.868134,1.0,True,30,0,0,805.622636795044,1215.8457775115967,15.399677975972493,805.622636795044,completed
2650.116222,30,71.902383,1.0,True,30,0,0,670.5860629081726,843.1803855895996,9.00056193669637,670.5860629081726,completed
1605.961064,30,71.935542,1.0,True,30,0,0,926.399436712265,1257.113440990448,15.839574813842773,926.399436712265,completed
987.349058,30,71.97004,1.0,True,30,0,0,1034.1080946922302,1433.7584867477417,21.417529169718424,1034.1080946922302,completed
1948.837951,30,72.004594,1.0,True,30,0,0,851.5519108772278,1247.3811054229736,12.301861445109049,851.5519108772278,completed
3326.14533,30,72.038339,1.0,True,30,0,0,653.8542985916138,802.7375965118408,1.1421789169311523,653.8542985916138,completed
2144.512886,30,72.072713,1.0,True,30,0,0,807.4922199249268,1145.7381029129028,11.344664478302002,807.4922199249268,completed
2227.784705,30,72.107154,1.0,True,30,0,0,752.4532632827759,1086.2289409637451,10.764858373006184,752.4532632827759,completed
2494.661039,30,72.140949,1.0,True,30,0,0,722.3642711639404,1073.259464263916,8.105583127339681,722.3642711639404,completed
2521.469683,30,72.17533,1.0,True,30,0,0,734.8932085037231,972.4541962146759,9.381579605738322,734.8932085037231,completed
2441.365083,30,72.209469,1.0,True,30,0,0,871.3412877321243,1030.940892457962,8.279919370015461,871.3412877321243,completed
1823.01023,30,72.243803,1.0,True,30,0,0,858.3754982948303,1177.1980257034302,13.950777371724447,858.3754982948303,completed
1730.807993,30,72.277513,1.0,True,30,0,0,920.9425392150879,1152.7881650924683,16.142658360799153,920.9425392150879,completed
859.287944,30,72.311963,1.0,True,30,0,0,1133.2750172615051,1594.0422630310059,19.205009269714356,1133.2750172615051,completed
80.109054,30,72.346001,1.0,True,30,0,0,1116.7724523544312,1735.9745979309082,30.17092361450195,1116.7724523544312,completed
3049.983856,30,72.379715,1.0,True,30,0,0,703.5108327865601,856.945966720581,3.8378180185953776,703.5108327865601,completed
189.391899,30,72.41437,1.0,True,30,0,0,1231.3136842250824,1897.7427372932434,22.571714655558267,1231.3136842250824,completed
496.384162,30,72.447875,1.0,True,30,0,0,1037.6225957870483,1517.0220017433167,27.205301316579185,1037.6225957870483,completed
284.690136,30,72.482208,1.0,True,30,0,0,1115.545105934143,1650.3621368408203,27.093074162801106,1115.545105934143,completed
1198.75093,30,72.516368,1.0,True,30,0,0,1072.7619791030884,1652.8816585540771,14.740367635091145,1072.7619791030884,completed
1830.620359,30,72.550957,1.0,True,30,0,0,833.8165207654238,1180.6923877298832,14.838801701863607,833.8165207654238,completed
1995.551798,30,72.585944,1.0,True,30,0,0,880.3906745910645,1118.9709491729736,12.755762545267741,880.3906745910645,completed
2649.170053,30,72.619799,1.0,True,30,0,0,764.6905484199524,912.1730184555054,8.060421625773111,764.6905484199524,completed
2397.456693,30,72.653628,1.0,True,30,0,0,854.1985874176025,1077.2062683105469,7.918287658691407,854.1985874176025,completed
1606.100646,30,72.68802,1.0,True,30,0,0,902.286050081253,1423.0489802360535,13.869564088185628,902.286050081253,completed
1242.485923,30,72.724156,1.0,True,30,0,0,888.6811571121216,1367.4662580490112,19.83487497965495,888.6811571121216,completed
2039.157151,30,72.76317,1.0,True,30,0,0,756.9641592502594,1142.6424641609192,13.245960712432861,756.9641592502594,completed
2657.157285,30,72.800667,1.0,True,30,0,0,740.8130741119385,1014.7933444976807,6.701369857788086,740.8130741119385,completed
2440.041091,30,72.838453,1.0,True,30,0,0,865.3776858448982,1080.2931886911392,7.456829833984375,865.3776858448982,completed
1454.643685,30,72.876851,1.0,True,30,0,0,882.3710231781006,1339.171718597412,17.297413508097332,882.3710231781006,completed
1909.061749,30,72.910082,1.0,True,30,0,0,852.7558300495148,1206.0301117897034,14.127527173360189,852.7558300495148,completed
1194.301115,30,72.943782,1.0,True,30,0,0,968.1653680801392,1387.0644035339355,19.483813667297362,968.1653680801392,completed
2070.68166,30,72.977893,1.0,True,30,0,0,869.9474830627441,1176.309700012207,11.806819661458333,869.9474830627441,completed
1688.741603,30,73.01141,1.0,True,30,0,0,835.6761493682861,1159.7805099487305,16.318235778808592,835.6761493682861,completed
1358.050231,30,73.045139,1.0,True,30,0,0,886.0245127677917,1279.6826343536377,19.54473606745402,886.0245127677917,completed
1742.083324,30,73.07899,1.0,True,30,0,0,863.6241478919983,1192.2593460083008,16.220948441823325,863.6241478919983,completed
437.482239,30,73.112776,1.0,True,30,0,0,1132.8347277641296,1651.079182624817,23.94383039474487,1132.8347277641296,completed
3187.907639,30,73.146678,1.0,True,30,0,0,700.4354792833328,834.0478823184967,2.4063067118326824,700.4354792833328,completed
2904.853545,30,73.180055,1.0,True,30,0,0,696.4123783111572,957.1893186569214,4.48984629313151,696.4123783111572,completed
1144.104519,30,73.213974,1.0,True,30,0,0,989.5275702476501,1324.1253933906555,20.844016774495444,989.5275702476501,completed
1466.659455,30,73.250365,1.0,True,30,0,0,963.4402093887329,1379.9439296722412,15.538968276977538,963.4402093887329,completed
2868.716468,30,73.283797,1.0,True,30,0,0,813.7511131763458,1117.8981022834778,1.3890825271606446,813.7511131763458,completed
1628.246835,30,73.317479,1.0,True,30,0,0,861.5346002578735,1177.5052795410156,16.742943286895752,861.5346002578735,completed
3126.062761,30,73.35111,1.0,True,30,0,0,674.4221628904343,818.6905882358551,3.5620715777079264,674.4221628904343,completed
2726.8117,30,73.384815,1.0,True,30,0,0,759.7781510353088,956.2036962509155,6.4249557177225745,759.7781510353088,completed
2967.825576,30,73.418636,1.0,True,30,0,0,675.3324522972107,977.7538299560547,2.4407623291015623,675.3324522972107,completed
2304.899606,30,73.452243,1.0,True,30,0,0,794.6783475875854,1151.5067262649536,8.277266438802084,794.6783475875854,completed
-65.64476,30,73.485936,1.0,True,30,0,0,1265.923373222351,1897.7359476089478,27.30968656539917,1265.923373222351,completed
1702.945908,30,73.51992,1.0,True,30,0,0,996.2359924316406,1235.9700937271118,13.912423229217529,996.2359924316406,completed
1945.075637,30,73.554916,1.0,True,30,0,0,820.8069360256195,1162.8201022148132,12.972301483154297,820.8069360256195,completed
801.882166,30,73.588508,1.0,True,30,0,0,1066.536865234375,1477.732548713684,21.711498514811197,1066.536865234375,completed
1896.110333,30,73.622816,1.0,True,30,0,0,899.1984369754791,1229.0489678382874,13.040279006958007,899.1984369754791,completed
2142.243761,30,73.656314,1.0,True,30,0,0,751.4715993404388,1008.2507739067078,12.796623802185058,751.4715993404388,completed
2651.356542,30,73.690776,1.0,True,30,0,0,815.839882850647,987.2255859375,6.136523056030273,815.839882850647,completed
1136.858625,30,73.724851,1.0,True,30,0,0,1027.0231049656868,1425.8041025400162,18.725716654459635,1027.0231049656868,completed
2071.732862,30,73.759092,1.0,True,30,0,0,920.4405508041382,1309.8791847229004,8.418928400675457,920.4405508041382,completed
2941.742347,30,73.793352,1.0,True,30,0,0,655.9074187278748,799.1584343910217,6.343982060750325,655.9074187278748,completed
3278.200626,30,73.827586,1.0,True,30,0,0,654.0750226974487,773.1610956192017,2.064619255065918,654.0750226974487,completed
968.779697,30,73.861255,1.0,True,30,0,0,1067.9971551895142,1419.7093143463135,20.812362734476725,1067.9971551895142,completed
1453.617202,30,73.895587,1.0,True,30,0,0,961.5639839172363,1286.7049751281738,17.067815589904786,961.5639839172363,completed
261.416862,30,73.930465,1.0,True,30,0,0,1110.4008316993713,1716.4765033721924,26.73697474797567,1110.4008316993713,completed
2247.150252,30,73.965191,1.0,True,30,0,0,822.5451030731201,1033.5533933639526,11.956899229685465,822.5451030731201,completed
1255.856763,30,73.999606,1.0,True,30,0,0,978.1567511558533,1324.1873245239258,18.677385489145916,978.1567511558533,completed
1505.76612,30,74.034381,1.0,True,30,0,0,892.5127143859863,1340.922124862671,16.311865234375,892.5127143859863,completed
1770.70939,30,74.068622,1.0,True,30,0,0,881.6965382099152,1275.862871646881,13.197058804829915,881.6965382099152,completed
2913.208128,30,74.101959,1.0,True,30,0,0,666.5655188560486,895.0780506134033,5.787778409322103,666.5655188560486,completed
2210.977673,30,75.328138,1.0,True,30,0,0,822.8769221305847,1064.9471912384033,10.730904388427735,822.8769221305847,completed
2631.492405,30,75.362436,1.0,True,30,0,0,778.778747677803,939.4491140842438,8.547438685099284,778.778747677803,completed
2646.139684,30,75.39619,1.0,True,30,0,0,730.025839805603,950.7935934066772,7.749530982971192,730.025839805603,completed
3435.778339,30,75.429956,1.0,True,30,0,0,581.4749708175659,689.4115018844604,1.6997337659200034,581.4749708175659,completed
1861.299887,30,75.463901,1.0,True,30,0,0,880.7846360206604,1140.2073421478271,15.01668758392334,880.7846360206604,completed
1005.685198,30,75.497925,1.0,True,30,0,0,901.7363805770874,1369.9724197387695,21.52172187169393,901.7363805770874,completed
1748.353535,30,75.531821,1.0,True,30,0,0,802.2373900413513,1223.2765474319458,16.161663818359376,802.2373900413513,completed
2033.365155,30,75.566655,1.0,True,30,0,0,881.8199853897095,1157.2549781799316,12.242706298828125,881.8199853897095,completed
2277.393723,30,75.601439,1.0,True,30,0,0,748.3431599140167,1092.852641582489,10.691041247049968,748.3431599140167,completed
1928.645024,30,75.635178,1.0,True,30,0,0,897.8110799789429,1258.0960626602173,11.146044317881266,897.8110799789429,completed
2706.00135,30,75.670368,1.0,True,30,0,0,739.3417489230633,919.7684192061424,8.060805654525756,739.3417489230633,completed
1969.667212,30,75.708594,1.0,True,30,0,0,884.9713435173035,1127.639651298523,12.982439422607422,884.9713435173035,completed
1432.363216,30,75.748212,1.0,True,30,0,0,943.5665578842163,1463.222885131836,14.782527923583984,943.5665578842163,completed
2544.503137,30,75.80292,1.0,True,30,0,0,711.708797454834,900.2263450622559,10.970376745859783,711.708797454834,completed
2885.656258,30,75.848337,1.0,True,30,0,0,669.4092040061951,893.1665630340576,5.003583335876465,669.4092040061951,completed
2174.806936,30,75.904261,1.0,True,30,0,0,814.4014046192169,1076.0325393676758,11.215273793538412,814.4014046192169,completed
1170.515882,30,75.949056,1.0,True,30,0,0,874.6264734268188,1315.2272758483887,21.715970516204834,874.6264734268188,completed
1256.355232,30,75.982777,1.0,True,30,0,0,991.0546324253082,1472.605309009552,16.23576914469401,991.0546324253082,completed
1667.453565,30,76.016529,1.0,True,30,0,0,940.2058176994324,1358.3049573898315,11.98812484741211,940.2058176994324,completed
1988.981474,30,76.050018,1.0,True,30,0,0,840.9376382827759,1194.881160736084,12.284777768452962,840.9376382827759,completed
1746.380792,30,76.084279,1.0,True,30,0,0,936.946590423584,1405.3250904083252,11.50989424387614,936.946590423584,completed
1903.967252,30,76.118181,1.0,True,30,0,0,872.2235350608826,1115.516453742981,13.177175458272298,872.2235350608826,completed
2085.895403,30,76.1519,1.0,True,30,0,0,844.9305552244186,1167.8493230342865,11.541866811116536,844.9305552244186,completed
1439.798754,30,76.185879,1.0,True,30,0,0,917.3469896316528,1283.9682092666626,17.79046703974406,917.3469896316528,completed
2864.786222,30,76.219351,1.0,True,30,0,0,751.4832377433777,997.5978593826294,3.4494365056355796,751.4832377433777,completed
2489.044446,30,76.252172,1.0,True,30,0,0,786.4077932834625,971.6410031318665,9.005096244812012,786.4077932834625,completed
2242.531796,30,76.285356,1.0,True,30,0,0,907.7774615287781,1222.5621309280396,7.716389719645182,907.7774615287781,completed
1659.456219,30,76.319755,1.0,True,30,0,0,861.8954215049744,1320.8698472976685,14.424161593119303,861.8954215049744,completed
637.774774,30,76.352966,1.0,True,30,0,0,1075.3526015281677,1641.9876871109009,23.013786824544272,1075.3526015281677,completed
1885.189417,30,76.386461,1.0,True,30,0,0,814.1642646789551,1089.7197036743164,14.960339164733886,814.1642646789551,completed
2746.841189,30,76.422014,1.0,True,30,0,0,748.6880097389221,973.1857767105103,5.474027506510416,748.6880097389221,completed
2947.643957,30,76.455022,1.0,True,30,0,0,728.1276984959841,973.7892953455448,3.155186653137207,728.1276984959841,completed
1851.622309,30,76.488738,1.0,True,30,0,0,900.9430029392242,1227.7105584144592,13.37217124303182,900.9430029392242,completed
1363.882481,30,76.522206,1.0,True,30,0,0,921.3256378173828,1245.068021774292,18.895788542429607,921.3256378173828,completed
2035.394493,30,76.556192,1.0,True,30,0,0,843.0221138000488,1286.77463722229,10.222335624694825,843.0221138000488,completed
2307.099816,30,76.588892,1.0,True,30,0,0,857.6711506843567,1261.5413393974304,7.260033671061198,857.6711506843567,completed
1427.834294,30,76.622191,1.0,True,30,0,0,984.6167302131653,1430.8528985977173,15.040957991282145,984.6167302131653,completed
1231.466814,30,76.656821,1.0,True,30,0,0,897.9587783813477,1409.9189682006836,18.3141175587972,897.9587783813477,completed
1956.338365,30,76.691247,1.0,True,30,0,0,965.0713448524475,1268.9876174926758,9.812207476298015,965.0713448524475,completed
2522.116722,30,76.725188,1.0,True,30,0,0,803.1783268451691,913.4069790840149,9.353810087839763,803.1783268451691,completed
1142.549316,30,76.758488,1.0,True,30,0,0,913.3781313896179,1378.7528100013733,21.46326190630595,913.3781313896179,completed
1240.089042,30,76.791638,1.0,True,30,0,0,1080.1923565864563,1508.4551134109497,16.624915313720702,1080.1923565864563,completed
2692.450344,30,76.825098,1.0,True,30,0,0,667.0248403549194,914.6217317581177,8.270847447713216,667.0248403549194,completed
1979.438992,30,76.862148,1.0,True,30,0,0,809.3180816173553,1105.2670800685883,14.402939510345458,809.3180816173553,completed
1932.953281,30,76.897613,1.0,True,30,0,0,800.9175968170166,1200.4522018432617,11.433312320709229,800.9175968170166,completed
2685.929377,30,76.930731,1.0,True,30,0,0,691.6882095336914,893.7875709533691,8.098189481099446,691.6882095336914,completed
2545.166614,30,76.96437,1.0,True,30,0,0,778.1812086105347,1021.3970680236816,7.656464767456055,778.1812086105347,completed
1533.126247,30,76.997757,1.0,True,30,0,0,995.6028671264648,1382.2578563690186,14.067139848073323,995.6028671264648,completed
2442.000068,30,77.031904,1.0,True,30,0,0,799.8062744140625,1028.7917346954346,8.607420984903971,799.8062744140625,completed
1828.161281,30,77.067578,1.0,True,30,0,0,844.2157504558563,1152.5192568302155,15.292301432291667,844.2157504558563,completed
2837.509516,30,77.101418,1.0,True,30,0,0,734.942054271698,1000.7502865791321,4.844998931884765,734.942054271698,completed
2992.722985,30,77.134482,1.0,True,30,0,0,698.4275920391083,875.0060381889343,4.928563626607259,698.4275920391083,completed
2870.646532,30,77.167723,1.0,True,30,0,0,697.8209594488144,866.7248375415802,5.871059513092041,697.8209594488144,completed
2566.028034,30,77.201814,1.0,True,30,0,0,786.3864297866821,1026.8695154190063,6.709727350870768,786.3864297866821,completed
1558.444046,30,77.235404,1.0,True,30,0,0,908.348206281662,1269.4786715507507,16.585341517130534,908.348206281662,completed
3105.651326,30,77.268803,1.0,True,30,0,0,641.1590490341187,823.8950996398926,4.139477252960205,641.1590490341187,completed
1732.107025,30,77.302774,1.0,True,30,0,0,932.7477512359619,1274.4966773986816,13.77163298924764,932.7477512359619,completed
884.163566,30,77.337206,1.0,True,30,0,0,969.5315301418304,1496.1393389701843,23.056070709228514,969.5315301418304,completed
2696.871901,30,77.371047,1.0,True,30,0,0,780.4642562866211,920.841682434082,6.948728243509929,780.4642562866211,completed
2833.692809,30,77.405821,1.0,True,30,0,0,706.4171772003174,993.1187286376953,4.500438054402669,706.4171772003174,completed
1411.32958,30,77.439979,1.0,True,30,0,0,922.6358736157417,1258.5023790597916,19.09560464223226,922.6358736157417,completed
2096.236731,30,77.474592,1.0,True,30,0,0,840.6979901790619,1099.0037503242493,12.674005826314291,840.6979901790619,completed
2434.843723,30,77.507745,1.0,True,30,0,0,761.5103764533997,958.1044611930847,9.572252400716145,761.5103764533997,completed
2656.658612,30,77.542705,1.0,True,30,0,0,722.8846037387848,885.9613099098206,8.000886408487956,722.8846037387848,completed
3109.861901,30,77.582162,1.0,True,30,0,0,621.106776714325,846.0328011512756,3.0306325276692707,621.106776714325,completed
1876.082318,30,77.618596,1.0,True,30,0,0,930.996497631073,1148.1502304077148,13.705908838907877,930.996497631073,completed
2058.771589,30,77.655659,1.0,True,30,0,0,871.4381971359253,1168.0262050628662,10.89227778116862,871.4381971359253,completed
1618.833198,30,77.710771,1.0,True,30,0,0,923.4463782310486,1333.6086959838867,15.085490163167318,923.4463782310486,completed
2102.668464,30,78.992782,1.0,True,30,0,0,793.2679471969604,1103.580358505249,13.373872884114583,793.2679471969604,completed
2825.860309,30,79.026807,1.0,True,30,0,0,695.3752887248993,912.1540431976318,5.392417844136556,695.3752887248993,completed
1409.378124,30,79.061346,1.0,True,30,0,0,941.1904788017273,1235.9785075187683,18.105520502726236,941.1904788017273,completed
2578.565387,30,79.095065,1.0,True,30,0,0,746.3628678321838,981.5952043533325,8.981036122639974,746.3628678321838,completed
2660.480955,30,79.128751,1.0,True,30,0,0,685.7882217168808,867.3303029537201,9.066379642486572,685.7882217168808,completed
2502.244134,30,79.163078,1.0,True,30,0,0,886.1640911102295,1183.4019107818604,4.7385884920756025,886.1640911102295,completed
2524.174252,30,79.197659,1.0,True,30,0,0,853.5062136650085,1046.6002969741821,7.207694880167643,853.5062136650085,completed
2186.804544,30,79.231793,1.0,True,30,0,0,832.8607775568962,1156.6141308546066,9.770057423909504,832.8607775568962,completed
2460.360181,30,79.267052,1.0,True,30,0,0,728.1159234046936,945.3512811660767,10.548064263661702,728.1159234046936,completed
2679.636123,30,79.300819,1.0,True,30,0,0,712.7963004112244,887.7375173568726,8.519580459594726,712.7963004112244,completed
2523.015584,30,79.334698,1.0,True,30,0,0,892.4857845306396,1070.0238409042358,5.991112009684245,892.4857845306396,completed
2558.903095,30,79.36839,1.0,True,30,0,0,833.0195646286011,1084.4046840667725,6.5573335647583,833.0195646286011,completed
1352.53084,30,79.401908,1.0,True,30,0,0,1002.0466737747192,1470.620496749878,15.392643483479818,1002.0466737747192,completed
2338.674649,30,79.435809,1.0,True,30,0,0,803.8233337402344,1037.3537282943726,10.132370821634929,803.8233337402344,completed
2860.917803,30,79.469638,1.0,True,30,0,0,714.8127932548523,885.785083770752,5.930515480041504,714.8127932548523,completed
359.807027,30,79.503929,1.0,True,30,0,0,1050.0252213478088,1648.0403509140015,26.122224235534667,1050.0252213478088,completed
2114.866571,30,79.538035,1.0,True,30,0,0,800.6519941091537,1195.1842048168182,11.000660117467245,800.6519941091537,completed
2280.903596,30,79.571175,1.0,True,30,0,0,859.9135738611221,1233.7390978336334,7.350587526957194,859.9135738611221,completed
2596.300299,30,79.604409,1.0,True,30,0,0,838.3856801986694,1172.4462003707886,3.8496245384216308,838.3856801986694,completed
2323.880157,30,79.638749,1.0,True,30,0,0,912.1431889533997,1304.2765970230103,5.235494550069173,912.1431889533997,completed
994.402576,30,79.672066,1.0,True,30,0,0,982.5556030273438,1417.7817306518555,21.27506930033366,982.5556030273438,completed
1758.222512,30,79.706573,1.0,True,30,0,0,803.9030237197876,1171.8683738708496,15.673007710774739,803.9030237197876,completed
2233.10173,30,79.740668,1.0,True,30,0,0,800.0663771629333,1155.9228925704956,9.755721028645834,800.0663771629333,completed
2324.211929,30,79.775076,1.0,True,30,0,0,835.8925366401672,1074.9833374023438,10.196181297302246,835.8925366401672,completed
2671.107129,30,79.808249,1.0,True,30,0,0,743.4126510620117,970.1258821487427,7.261780166625977,743.4126510620117,completed
1673.306134,30,79.841965,1.0,True,30,0,0,863.3619775772095,1265.3689212799072,15.61284777323405,863.3619775772095,completed
2356.246313,30,79.876352,1.0,True,30,0,0,791.3065676689148,1072.8103160858154,9.731306648254394,791.3065676689148,completed
763.861937,30,79.911516,1.0,True,30,0,0,1108.5860052108765,1601.0110440254211,22.164571857452394,1108.5860052108765,completed
1940.980176,30,79.946181,1.0,True,30,0,0,860.1764612197876,1268.84814453125,10.703016471862792,860.1764612197876,completed
2186.009588,30,79.980323,1.0,True,30,0,0,791.6408090591431,1007.9634532928467,12.087435468037922,791.6408090591431,completed
1841.460664,30,80.014553,1.0,True,30,0,0,879.7209906578064,1313.7083988189697,13.84379170735677,879.7209906578064,completed
2064.890194,30,80.048248,1.0,True,30,0,0,850.1982083320618,1158.2945947647095,11.181113783518473,850.1982083320618,completed
2717.290085,30,80.082036,1.0,True,30,0,0,756.0149736404419,988.61146068573,5.6104720751444495,756.0149736404419,completed
2367.877622,30,80.115678,1.0,True,30,0,0,756.8227853775024,1024.9392538070679,9.50992546081543,756.8227853775024,completed
1333.781302,30,80.149683,1.0,True,30,0,0,986.7988076210022,1355.7657327651978,17.963285128275555,986.7988076210022,completed
1334.880585,30,80.183717,1.0,True,30,0,0,945.5330362319946,1357.8787631988525,17.485549227396646,945.5330362319946,completed
2210.867543,30,80.217218,1.0,True,30,0,0,872.7844758033752,1146.2831897735596,8.742504374186199,872.7844758033752,completed
3042.964871,30,80.25065,1.0,True,30,0,0,751.4545578956604,904.3010663986206,3.0238536834716796,751.4545578956604,completed
2692.564512,30,80.284482,1.0,True,30,0,0,691.0076489448547,900.4551801681519,8.705503336588542,691.0076489448547,completed
2195.266817,30,80.317263,1.0,True,30,0,0,980.3516457080841,1474.5136380195618,3.9926198959350585,980.3516457080841,completed
1313.132893,30,80.351002,1.0,True,30,0,0,942.0552129745483,1469.910135269165,17.078880500793456,942.0552129745483,completed
2753.143798,30,80.385808,1.0,True,30,0,0,730.6817693710327,978.963191986084,5.443127155303955,730.6817693710327,completed
2331.950379,30,80.419415,1.0,True,30,0,0,821.0297589302063,1011.9672555923462,9.704463068644205,821.0297589302063,completed
2291.769333,30,80.452627,1.0,True,30,0,0,820.7908469438553,1082.3265907764435,9.919948482513428,820.7908469438553,completed
904.521537,30,80.486935,1.0,True,30,0,0,916.3151054382324,1392.4617853164673,24.31635726292928,916.3151054382324,completed
1942.859603,30,80.520712,1.0,True,30,0,0,863.0509994029999,1203.5352206230164,12.257017580668132,863.0509994029999,completed
2722.671805,30,80.555717,1.0,True,30,0,0,761.9759540557861,1072.8054866790771,4.334276453653971,761.9759540557861,completed
2146.15009,30,80.590143,1.0,True,30,0,0,895.4363813400269,1075.9629650115967,11.717147000630696,895.4363813400269,completed
2789.162308,30,80.624587,1.0,True,30,0,0,677.7238292694092,904.3018817901611,6.741188748677572,677.7238292694092,completed
2258.1537,30,80.658814,1.0,True,30,0,0,895.3346600532532,1253.826717376709,6.590601921081543,895.3346600532532,completed
3178.09764,30,80.692606,1.0,True,30,0,0,659.7844905853271,848.9626626968384,2.702878952026367,659.7844905853271,completed
1757.480485,30,80.726137,1.0,True,30,0,0,822.8045339584351,1208.699535369873,15.237788422902424,822.8045339584351,completed
1666.307001,30,80.760503,1.0,True,30,0,0,1033.351173877716,1277.0548572540283,14.232032521565754,1033.351173877716,completed
2738.404955,30,80.794165,1.0,True,30,0,0,721.1050186157227,912.9811720848083,6.9942124048868815,721.1050186157227,completed
1263.29288,30,80.827492,1.0,True,30,0,0,1046.0492267608643,1377.2091751098633,18.15245819091797,1046.0492267608643,completed
2082.320846,30,80.862236,1.0,True,30,0,0,855.9721250534058,1188.0204772949219,9.871222559611002,855.9721250534058,completed
2943.065592,30,80.895715,1.0,True,30,0,0,766.5758194923401,892.4913873672485,4.337473169962565,766.5758194923401,completed
1948.322388,30,80.929205,1.0,True,30,0,0,773.1968789100647,1108.1398453712463,15.646760908762614,773.1968789100647,completed
1627.315611,30,80.96336,1.0,True,30,0,0,1058.731775522232,1419.2331070899963,11.188148434956869,1058.731775522232,completed
1710.711145,30,80.997657,1.0,True,30,0,0,799.3357634544373,1160.585389137268,16.717391141255696,799.3357634544373,completed
2220.075154,30,81.031979,1.0,True,30,0,0,791.9524245262146,1180.1688833236694,9.609460322062175,791.9524245262146,completed
1730.311528,30,81.065502,1.0,True,30,0,0,872.9318058490753,1246.3820633888245,15.748485310872395,872.9318058490753,completed
2713.252147,30,81.099539,1.0,True,30,0,0,748.4872627258301,928.2493114471436,6.85968755086263,748.4872627258301,completed
2640.313315,30,81.132946,1.0,True,30,0,0,675.1568729877472,892.6224026679993,9.461798636118571,675.1568729877472,completed
2890.12272,30,81.166967,1.0,True,30,0,0,674.6509566307068,893.9384336471558,6.11257381439209,674.6509566307068,completed
2759.0939,30,81.201336,1.0,True,30,0,0,737.664225101471,1008.7576580047607,4.311235682169596,737.664225101471,completed
2584.069253,30,81.238348,1.0,True,30,0,0,731.3491702079773,961.397322177887,7.326403172810872,731.3491702079773,completed
3112.126041,30,81.274771,1.0,True,30,0,0,710.8229733705521,921.6937448978424,1.5419509251912435,710.8229733705521,completed
3178.347418,30,82.518855,1.0,True,30,0,0,723.0913890600204,915.2137725353241,1.267709986368815,723.0913890600204,completed
2642.847486,30,82.553781,1.0,True,30,0,0,751.3033447265625,971.0851230621338,7.219614537556966,751.3033447265625,completed
1871.09246,30,82.587387,1.0,True,30,0,0,828.7873044013977,1185.4828214645386,14.126734224955241,828.7873044013977,completed
2289.898094,30,82.620958,1.0,True,30,0,0,790.454342842102,1171.0126295089722,9.045256805419921,790.454342842102,completed
2660.823511,30,82.654938,1.0,True,30,0,0,689.8352531790733,918.7307914495468,7.661191113789877,689.8352531790733,completed
851.566427,30,82.68899,1.0,True,30,0,0,1122.928083896637,1508.8494691848755,20.165705108642577,1122.928083896637,completed
3306.155924,30,82.723644,1.0,True,30,0,0,658.4634819030762,796.424262046814,1.5449883143107097,658.4634819030762,completed
2191.53261,30,82.757614,1.0,True,30,0,0,805.656153678894,1126.6112880706787,10.513354682922364,805.656153678894,completed
1368.825658,30,82.791897,1.0,True,30,0,0,992.7781352996826,1432.31489944458,15.916017850240072,992.7781352996826,completed
2512.918827,30,82.826243,1.0,True,30,0,0,859.5527210235596,1027.565803527832,6.850452613830567,859.5527210235596,completed
2893.159818,30,82.863722,1.0,True,30,0,0,733.4809746742249,877.3110227584839,5.361824544270833,733.4809746742249,completed
2459.166781,30,82.902336,1.0,True,30,0,0,741.6869484782219,1058.0434883832932,8.782886870702107,741.6869484782219,completed
2676.452149,30,82.936701,1.0,True,30,0,0,772.8414540290833,1159.5192918777466,2.989529291788737,772.8414540290833,completed
2675.163809,30,82.97056,1.0,True,30,0,0,824.7796580791473,1038.373902797699,5.129285049438477,824.7796580791473,completed
2479.945369,30,83.00445,1.0,True,30,0,0,854.1931636333466,1266.412456035614,4.741417185465495,854.1931636333466,completed
2297.320944,30,83.037634,1.0,True,30,0,0,754.843189239502,1112.1998100280762,9.939222526550292,754.843189239502,completed
1665.889747,30,83.071197,1.0,True,30,0,0,1016.88347697258,1383.3255801200867,11.622033818562825,1016.88347697258,completed
1426.687721,30,83.105148,1.0,True,30,0,0,955.2032299041748,1237.754153251648,18.89434620539347,955.2032299041748,completed
2998.586717,30,83.139002,1.0,True,30,0,0,707.3537894487381,970.0776064395905,2.998594029744466,707.3537894487381,completed
1881.50095,30,83.172256,1.0,True,30,0,0,883.2019464969635,1245.935579776764,11.884145736694336,883.2019464969635,completed
2736.719979,30,83.205224,1.0,True,30,0,0,762.9576797485352,897.5796613693237,6.469463094075521,762.9576797485352,completed
1422.06446,30,83.238685,1.0,True,30,0,0,932.3156137466431,1381.0950527191162,18.239026896158855,932.3156137466431,completed
2132.961351,30,83.273177,1.0,True,30,0,0,774.1654686927795,1068.9048700332642,12.862400182088216,774.1654686927795,completed
2420.2912,30,83.30653,1.0,True,30,0,0,809.3660879135132,1024.608178138733,8.117002518971761,809.3660879135132,completed
2155.144659,30,83.339807,1.0,True,30,0,0,800.795220375061,1037.4623355865479,12.38616065979004,800.795220375061,completed
2339.265467,30,83.373175,1.0,True,30,0,0,831.3005704879761,1149.757968902588,7.370340410868327,831.3005704879761,completed
3125.760102,30,83.407189,1.0,True,30,0,0,617.3916816711426,746.6994786262512,4.62392438252767,617.3916816711426,completed
2692.163968,30,83.440656,1.0,True,30,0,0,774.9392099380493,1150.608829498291,2.870046552022298,774.9392099380493,completed
3318.52263,30,83.474489,1.0,True,30,0,0,682.8069455623627,840.3374600410461,0.7070332845052083,682.8069455623627,completed
1231.01206,30,83.508524,1.0,True,30,0,0,920.7731137275696,1321.3854541778564,19.716667874654135,920.7731137275696,completed
1601.870919,30,83.542052,1.0,True,30,0,0,876.4488654136658,1334.3400993347168,15.824760882059733,876.4488654136658,completed
1511.945244,30,83.575035,1.0,True,30,0,0,856.1060433387756,1286.787075996399,16.315422439575194,856.1060433387756,completed
1792.242826,30,83.608385,1.0,True,30,0,0,893.316960811615,1197.1158418655396,14.165659523010254,893.316960811615,completed
1605.533496,30,83.642641,1.0,True,30,0,0,956.9841389656067,1468.484860420227,11.665711243947348,956.9841389656067,completed
2505.603161,30,83.67653,1.0,True,30,0,0,730.2608227729797,1027.0876903533936,8.274064763387043,730.2608227729797,completed
2810.069195,30,83.710476,1.0,True,30,0,0,732.8979797363281,930.5105662345886,6.193839899698893,732.8979797363281,completed
2186.719735,30,83.743944,1.0,True,30,0,0,864.3832559585571,1079.6582145690918,10.450437927246094,864.3832559585571,completed
1542.754116,30,83.77805,1.0,True,30,0,0,923.4861879348755,1356.8643674850464,15.093389447530111,923.4861879348755,completed
2836.099609,30,83.811169,1.0,True,30,0,0,708.7711591720581,912.4952669143677,5.08154837290446,708.7711591720581,completed
2713.949356,30,83.845584,1.0,True,30,0,0,709.0826873779297,943.6225051879883,6.543604596455892,709.0826873779297,completed
2506.321105,30,83.879112,1.0,True,30,0,0,824.0898567438126,1101.2759239673615,6.797024408976237,824.0898567438126,completed
2352.566553,30,83.913146,1.0,True,30,0,0,804.6808338165283,1037.2329120635986,9.89447905222575,804.6808338165283,completed
1909.656398,30,83.946944,1.0,True,30,0,0,838.1396250724792,1168.2928047180176,14.538962364196777,838.1396250724792,completed
1598.853638,30,83.980774,1.0,True,30,0,0,904.5482639074326,1286.6914575099945,16.884280014038087,904.5482639074326,completed
1761.057391,30,84.014171,1.0,True,30,0,0,842.3208818435669,1201.1345710754395,15.121700859069824,842.3208818435669,completed
747.417214,30,84.048575,1.0,True,30,0,0,989.0026485919952,1551.513057231903,23.70861390431722,989.0026485919952,completed
2676.738314,30,84.082253,1.0,True,30,0,0,656.6634268760681,917.3820009231567,8.169057146708171,656.6634268760681,completed
3046.018235,30,84.115492,1.0,True,30,0,0,736.9735388755798,888.9735450744629,2.9821123758951824,736.9735388755798,completed
3126.023847,30,84.148614,1.0,True,30,0,0,723.4078521728516,831.9665803909302,1.996136728922526,723.4078521728516,completed
2770.553324,30,84.182101,1.0,True,30,0,0,691.353805065155,885.692843914032,7.256204414367676,691.353805065155,completed
2659.635231,30,84.215473,1.0,True,30,0,0,749.4628300666809,964.8105430603027,6.65659122467041,749.4628300666809,completed
1648.894308,30,84.248549,1.0,True,30,0,0,849.7211894989014,1184.079921722412,17.22975107828776,849.7211894989014,completed
1671.175266,30,84.282874,1.0,True,30,0,0,896.7352428436279,1265.3483681678772,14.898339716593425,896.7352428436279,completed
1739.271449,30,84.316863,1.0,True,30,0,0,864.6625289916992,1293.6942195892334,13.981123193105061,864.6625289916992,completed
2213.826209,30,84.350636,1.0,True,30,0,0,840.9616675376892,1038.496787071228,11.404172070821126,840.9616675376892,completed
2771.540772,30,84.384347,1.0,True,30,0,0,746.590255022049,922.0286297798157,5.604559707641601,746.590255022049,completed
2875.259529,30,84.418975,1.0,True,30,0,0,656.5608355998993,830.8599257469177,6.447634188334147,656.5608355998993,completed
1608.726382,30,84.452879,1.0,True,30,0,0,939.8553845882416,1414.6625525951385,12.77052632967631,939.8553845882416,completed
2789.006555,30,84.486152,1.0,True,30,0,0,660.2897095680237,849.0275354385376,7.514822165171306,660.2897095680237,completed
1356.185066,30,84.520242,1.0,True,30,0,0,998.6148791313171,1402.807541847229,17.025961844126382,998.6148791313171,completed
2998.368344,30,84.553204,1.0,True,30,0,0,714.3960158824921,887.1177582740784,4.036075210571289,714.3960158824921,completed
2050.836684,30,84.586536,1.0,True,30,0,0,888.6843967437744,1148.1623277664185,11.216235287984212,888.6843967437744,completed
607.064047,30,84.620343,1.0,True,30,0,0,1001.8761179447174,1398.360592365265,28.726893838246664,1001.8761179447174,completed
1890.383102,30,84.654712,1.0,True,30,0,0,842.04296875,1183.5735454559326,14.124336942036946,842.04296875,completed
2917.993706,30,84.688535,1.0,True,30,0,0,717.7689604759216,931.9685363769531,3.686325454711914,717.7689604759216,completed
2546.228759,30,84.722512,1.0,True,30,0,0,809.0108783245087,1129.0946116447449,5.35601069132487,809.0108783245087,completed
2305.422021,30,84.755986,1.0,True,30,0,0,855.1008491516113,1128.0141639709473,8.928364817301432,855.1008491516113,completed
2413.347964,30,84.79001,1.0,True,30,0,0,793.7385530471802,1077.3049969673157,8.672890122731527,793.7385530471802,completed
3155.051911,30,84.824654,1.0,True,30,0,0,610.3142213821411,758.7375507354736,3.9858041763305665,610.3142213821411,completed
2653.937871,30,86.116772,1.0,True,30,0,0,732.0282871723175,957.8031258583069,8.304361979166666,732.0282871723175,completed
2542.664834,30,86.150932,1.0,True,30,0,0,920.4024595022202,1095.0214326381683,4.926168568929037,920.4024595022202,completed
1365.003157,30,86.184625,1.0,True,30,0,0,903.4914243221283,1429.723433971405,16.086770184834798,903.4914243221283,completed
2574.144742,30,86.218388,1.0,True,30,0,0,781.7126479148865,978.8294515609741,7.918587875366211,781.7126479148865,completed
2743.761617,30,86.252362,1.0,True,30,0,0,733.1185994148254,938.2587690353394,6.321376291910807,733.1185994148254,completed
1836.980273,30,86.285629,1.0,True,30,0,0,876.3484406471252,1163.1809854507446,14.628526306152343,876.3484406471252,completed
2047.754628,30,86.318956,1.0,True,30,0,0,900.5709807872772,1203.4463648796082,11.385196367899576,900.5709807872772,completed
2954.889513,30,86.353659,1.0,True,30,0,0,661.2658896446228,776.6021876335144,6.068142445882161,661.2658896446228,completed
2812.904675,30,86.387094,1.0,True,30,0,0,717.0650715827942,945.8471717834473,6.440406545003255,717.0650715827942,completed
2382.194047,30,86.421118,1.0,True,30,0,0,770.7362957000732,1040.960199356079,9.255132611592611,770.7362957000732,completed
2493.219357,30,86.456085,1.0,True,30,0,0,724.8473019599915,1015.3485498428345,8.749814287821453,724.8473019599915,completed
2276.844686,30,86.49308,1.0,True,30,0,0,914.6461942195892,1250.391399860382,6.5656176249186196,914.6461942195892,completed
2860.524125,30,86.527478,1.0,True,30,0,0,740.2984318733215,999.5481090545654,3.179898262023926,740.2984318733215,completed
561.486174,30,86.561719,1.0,True,30,0,0,990.777509689331,1644.8846740722656,23.82790298461914,990.777509689331,completed
2516.361155,30,86.595633,1.0,True,30,0,0,751.5856876373291,964.280460357666,9.0329820950826,751.5856876373291,completed
1427.463919,30,86.630132,1.0,True,30,0,0,947.7904658317566,1403.4486117362976,16.334472147623696,947.7904658317566,completed
2534.713976,30,86.663952,1.0,True,30,0,0,759.1586918830872,1017.0471429824829,6.433982531229655,759.1586918830872,completed
1791.084737,30,86.698418,1.0,True,30,0,0,833.4382376670837,1197.1499586105347,14.78312276204427,833.4382376670837,completed
2308.740091,30,86.732282,1.0,True,30,0,0,778.8421621322632,1061.0932512283325,10.445867252349853,778.8421621322632,completed
1482.224016,30,86.767551,1.0,True,30,0,0,1042.0707986354828,1347.8918108940125,16.330875205993653,1042.0707986354828,completed
2591.77399,30,86.802357,1.0,True,30,0,0,781.4291417598724,994.1633019447327,6.513148212432862,781.4291417598724,completed
1208.822639,30,86.838734,1.0,True,30,0,0,896.4737367630005,1347.6415719985962,20.681456502278646,896.4737367630005,completed
1613.641405,30,86.873052,1.0,True,30,0,0,845.7065119743347,1274.5948572158813,15.781339073181153,845.7065119743347,completed
1444.57808,30,86.906769,1.0,True,30,0,0,910.6829018592834,1360.752257347107,15.53641160329183,910.6829018592834,completed
2066.325503,30,86.944849,1.0,True,30,0,0,819.1953177452087,1155.7222690582275,11.931046835581462,819.1953177452087,completed
1724.117181,30,86.978146,1.0,True,30,0,0,810.2235932350159,1175.9028415679932,16.937592283884683,810.2235932350159,completed
3170.981385,30,87.012032,1.0,True,30,0,0,721.4287805557251,788.6580381393433,2.477291742960612,721.4287805557251,completed
2686.275177,30,87.045673,1.0,True,30,0,0,804.3230128288269,985.2992177009583,4.871697934468587,804.3230128288269,completed
1970.980462,30,87.079463,1.0,True,30,0,0,825.9704325199127,1138.621323108673,12.932563718159994,825.9704325199127,completed
1198.004082,30,87.113312,1.0,True,30,0,0,1001.2826743125916,1428.4463472366333,18.332255522410076,1001.2826743125916,completed
745.980575,30,87.147121,1.0,True,30,0,0,1039.4319579601288,1466.949731349945,23.528592427571613,1039.4319579601288,completed
2509.980825,30,87.181308,1.0,True,30,0,0,754.6458206176758,971.060230255127,8.984423828125,754.6458206176758,completed
2268.585425,30,87.214551,1.0,True,30,0,0,834.2128586769104,1069.2680597305298,9.994866561889648,834.2128586769104,completed
2705.937998,30,87.247745,1.0,True,30,0,0,727.1959414482117,933.1059083938599,6.272132301330567,727.1959414482117,completed
3043.274214,30,87.282548,1.0,True,30,0,0,705.8533983230591,965.9732141494751,2.344053522745768,705.8533983230591,completed
2114.344864,30,87.316358,1.0,True,30,0,0,874.262734413147,1169.1385955810547,9.917417335510255,874.262734413147,completed
2452.796274,30,87.349941,1.0,True,30,0,0,783.1293797492981,968.3137588500977,10.11968272527059,783.1293797492981,completed
1613.191709,30,87.383998,1.0,True,30,0,0,994.2857856750488,1459.4572792053223,12.58056354522705,994.2857856750488,completed
1222.590423,30,87.417783,1.0,True,30,0,0,922.3945615291595,1441.1121356487274,18.062491512298585,922.3945615291595,completed
1711.626913,30,87.45172,1.0,True,30,0,0,926.0334405899048,1367.5745162963867,12.473684247334798,926.0334405899048,completed
2680.812201,30,87.486595,1.0,True,30,0,0,686.0744552612305,906.923131942749,7.998794682820638,686.0744552612305,completed
1482.633585,30,87.520458,1.0,True,30,0,0,943.9469132423401,1402.9958782196045,15.878380012512206,943.9469132423401,completed
2727.049356,30,87.554609,1.0,True,30,0,0,758.3153324127197,992.2224769592285,5.7752786636352536,758.3153324127197,completed
2155.341008,30,87.588773,1.0,True,30,0,0,884.4832644462585,1133.2995805740356,10.20565824508667,884.4832644462585,completed
2127.903313,30,87.622237,1.0,True,30,0,0,818.467803478241,1086.7820029258728,11.759263356526693,818.467803478241,completed
2947.373474,30,87.656988,1.0,True,30,0,0,752.6445829868317,908.7015500068665,4.107801183064779,752.6445829868317,completed
2592.286623,30,87.691236,1.0,True,30,0,0,800.7576627731323,968.3021125793457,7.61877425511678,800.7576627731323,completed
2503.715708,30,87.725477,1.0,True,30,0,0,838.6002150774002,1038.9045145511627,7.005486615498861,838.6002150774002,completed
3473.770445,30,87.759739,1.0,True,30,0,0,672.6811647415161,727.3878645896912,0.2915700912475586,672.6811647415161,completed
2449.633574,30,87.793319,1.0,True,30,0,0,810.0518178939819,1012.8537023067474,8.669937705993652,810.0518178939819,completed
2998.122561,30,87.827421,1.0,True,30,0,0,736.9786462783813,932.0911417007446,3.4064999262491864,736.9786462783813,completed
2518.601273,30,87.86436,1.0,True,30,0,0,759.0964865684509,1000.9330339431763,9.081908289591471,759.0964865684509,completed
2231.440703,30,87.899824,1.0,True,30,0,0,868.6987924575806,1218.592607498169,7.5314692179361975,868.6987924575806,completed
2071.123399,30,87.933802,1.0,True,30,0,0,835.6347222328186,1067.605980873108,12.46881980895996,835.6347222328186,completed
1921.75458,30,87.968895,1.0,True,30,0,0,892.8472270965576,1280.1862382888794,10.905537033081055,892.8472270965576,completed
2079.26177,30,88.003025,1.0,True,30,0,0,917.9949378967285,1248.630220413208,9.857467079162598,917.9949378967285,completed
1814.446205,30,88.037043,1.0,True,30,0,0,940.2940738648176,1399.622317880392,10.863213348388673,940.2940738648176,completed
2399.279134,30,88.071127,1.0,True,30,0,0,831.6052932739258,1072.7743701934814,7.778431383768718,831.6052932739258,completed
2976.990878,30,88.105491,1.0,True,30,0,0,668.3370056152344,774.3337173461914,6.920663833618164,668.3370056152344,completed
2162.143649,30,88.139323,1.0,True,30,0,0,769.7094459533691,1105.601201057434,12.581156031290691,769.7094459533691,completed
2741.656389,30,88.173789,1.0,True,30,0,0,819.8843488693237,1004.956789970398,5.516008885701497,819.8843488693237,completed
1404.426236,30,88.207358,1.0,True,30,0,0,1009.6421036720276,1551.3902072906494,13.804321225484212,1009.6421036720276,completed
2534.088371,30,88.241123,1.0,True,30,0,0,794.9585273265839,1151.4116778373718,5.706394449869792,794.9585273265839,completed
2090.062106,30,88.274462,1.0,True,30,0,0,850.6943039894104,1183.357220172882,10.297139485677084,850.6943039894104,completed
2493.66667,30,88.313234,1.0,True,30,0,0,765.8415627479553,1083.7353730201721,7.078658040364584,765.8415627479553,completed
2628.359369,30,88.355422,1.0,True,30,0,0,699.2877759933472,930.9642057418823,8.716788991292317,699.2877759933472,completed
3016.698674,30,88.394741,1.0,True,30,0,0,756.8883447647095,860.875958442688,4.203412755330404,756.8883447647095,completed
1351.942403,30,88.431884,1.0,True,30,0,0,896.8322496414185,1245.286569595337,21.41905034383138,896.8322496414185,completed
2399.768929,30,89.635088,1.0,True,30,0,0,813.7868599891663,1066.9998874664307,8.88765131632487,813.7868599891663,completed
1854.244083,30,89.669003,1.0,True,30,0,0,872.0601119995117,1221.0005903244019,13.323653348286946,872.0601119995117,completed
1673.615915,30,89.703008,1.0,True,30,0,0,909.9103298187256,1196.6150159835815,15.569356155395507,909.9103298187256,completed
2023.032271,30,89.73753,1.0,True,30,0,0,801.2380838394165,1124.5859441757202,12.153005663553873,801.2380838394165,completed
2558.083798,30,89.772218,1.0,True,30,0,0,841.2251611948013,1026.5102379322052,7.133664067586263,841.2251611948013,completed
2972.797275,30,89.806329,1.0,True,30,0,0,729.2380654811859,886.3473753929138,4.327962875366211,729.2380654811859,completed
2822.605177,30,89.839318,1.0,True,30,0,0,712.2771773338318,889.5657434463501,6.525103314717611,712.2771773338318,completed
2677.450338,30,89.873297,1.0,True,30,0,0,758.806437253952,966.8537845611572,6.228777281443278,758.806437253952,completed
2077.002802,30,89.906705,1.0,True,30,0,0,840.3613543510437,1187.5602560043335,10.957735061645508,840.3613543510437,completed
1829.661341,30,89.940628,1.0,True,30,0,0,915.2244181632996,1426.7128705978394,11.61366418202718,915.2244181632996,completed
1642.238499,30,89.975775,1.0,True,30,0,0,955.8201141357422,1503.6269626617432,11.254662895202637,955.8201141357422,completed
2774.434919,30,90.008796,1.0,True,30,0,0,787.8932862281799,1049.0713119506836,4.06417776743571,787.8932862281799,completed
2200.637756,30,90.042415,1.0,True,30,0,0,850.8830952644348,1227.2728114128113,8.480538241068523,850.8830952644348,completed
1876.289001,30,90.075858,1.0,True,30,0,0,864.8771820068359,1224.3652267456055,13.799715677897135,864.8771820068359,completed
2486.211551,30,90.109246,1.0,True,30,0,0,743.9799780845642,985.594316482544,9.637445227305095,743.9799780845642,completed
1970.639355,30,90.143112,1.0,True,30,0,0,811.4295666217804,1179.2417340278625,14.00561663309733,811.4295666217804,completed
704.362281,30,90.176194,1.0,True,30,0,0,1124.4774992465973,1564.6386771202087,22.4141445795695,1124.4774992465973,completed
1098.537128,30,90.210154,1.0,True,30,0,0,1082.3295140266418,1542.9767065048218,17.49651311238607,1082.3295140266418,completed
220.284783,30,90.24479,1.0,True,30,0,0,1140.4365530014038,1856.2980394363403,25.392090702056883,1140.4365530014038,completed
2950.450178,30,90.278569,1.0,True,30,0,0,728.463593006134,946.4209833145142,4.023476409912109,728.463593006134,completed
2216.50419,30,90.315835,1.0,True,30,0,0,831.5260417461395,1060.5092377662659,11.467000389099121,831.5260417461395,completed
1643.573167,30,90.350669,1.0,True,30,0,0,888.4194626808167,1239.625454902649,16.329785919189455,888.4194626808167,completed
1227.333499,30,90.384411,1.0,True,30,0,0,1042.749992609024,1496.0781950950623,17.02217485109965,1042.749992609024,completed
2077.412879,30,90.418432,1.0,True,30,0,0,827.6634364128113,1079.5956554412842,13.057230631510416,827.6634364128113,completed
2384.775825,30,90.452206,1.0,True,30,0,0,883.8672518730164,1058.094711303711,7.766660690307617,883.8672518730164,completed
2831.733998,30,90.485852,1.0,True,30,0,0,822.2527303695679,1030.4008140563965,3.10789114634196,822.2527303695679,completed
1622.831689,30,90.519329,1.0,True,30,0,0,906.7084066867828,1265.1581110954285,16.02448908487956,906.7084066867828,completed
1943.172292,30,90.553467,1.0,True,30,0,0,804.5100569725037,1165.7556071281433,13.946508439381917,804.5100569725037,completed
3139.274492,30,90.587147,1.0,True,30,0,0,675.8018165826797,833.5320866107941,2.222652053833008,675.8018165826797,completed
2610.688132,30,90.620977,1.0,True,30,0,0,794.1357082128525,970.0836827754974,7.345639864603679,794.1357082128525,completed
1663.536287,30,90.654601,1.0,True,30,0,0,921.3035655021667,1284.156780719757,14.43515191078186,921.3035655021667,completed
2777.193131,30,90.68869,1.0,True,30,0,0,780.9633207321167,1014.4234142303467,4.306052017211914,780.9633207321167,completed
1942.76457,30,90.722553,1.0,True,30,0,0,853.99036693573,1140.0400161743164,13.513286526997884,853.99036693573,completed
3227.186735,30,90.756607,1.0,True,30,0,0,708.3208084106445,830.7998332977295,1.3156827290852864,708.3208084106445,completed
3256.198541,30,90.790488,1.0,True,30,0,0,567.9316000938416,795.055718421936,2.891353480021159,567.9316000938416,completed
2584.472546,30,90.824737,1.0,True,30,0,0,764.8863762617111,1074.9152247905731,6.986481348673503,764.8863762617111,completed
2305.06173,30,90.858766,1.0,True,30,0,0,818.1604769974947,1123.7018610537052,9.382832272847493,818.1604769974947,completed
2075.864817,30,90.891716,1.0,True,30,0,0,837.7476638555527,1088.5595467090607,11.567851384480795,837.7476638555527,completed
2884.126787,30,90.926263,1.0,True,30,0,0,731.4655957221985,1047.1192836761475,2.8360440572102865,731.4655957221985,completed
3103.925863,30,90.960673,1.0,True,30,0,0,600.4366626739502,760.1550550460815,5.32735964457194,600.4366626739502,completed
1609.833836,30,90.99433,1.0,True,30,0,0,861.3234055042267,1312.433177471161,15.411593755086264,861.3234055042267,completed
2263.194155,30,91.028164,1.0,True,30,0,0,858.5407447814941,1031.9244072437286,10.109409173329672,858.5407447814941,completed
2819.901901,30,91.06222,1.0,True,30,0,0,745.5576875209808,871.5119376182556,5.73500591913859,745.5576875209808,completed
2813.153808,30,91.095558,1.0,True,30,0,0,771.3654942512512,999.6423006057739,4.907006072998047,771.3654942512512,completed
1882.443052,30,91.129529,1.0,True,30,0,0,965.8489031791687,1159.3623809814453,13.045816453297933,965.8489031791687,completed
2278.312243,30,91.163234,1.0,True,30,0,0,825.6507091522217,1032.0556058883667,11.850602753957112,825.6507091522217,completed
2351.471722,30,91.196525,1.0,True,30,0,0,771.144392490387,1081.4877614974976,9.436751747131348,771.144392490387,completed
1670.864621,30,91.229544,1.0,True,30,0,0,859.6624431610107,1202.5452699661255,16.008968607584634,859.6624431610107,completed
2803.825113,30,91.263109,1.0,True,30,0,0,654.7661936283112,839.4533715248108,7.915274365743001,654.7661936283112,completed
1619.827669,30,91.297085,1.0,True,30,0,0,910.7853574752808,1295.8956756591797,15.470264561971028,910.7853574752808,completed
2780.398773,30,91.331023,1.0,True,30,0,0,741.6397762298584,967.760871887207,5.08467337290446,741.6397762298584,completed
1769.469248,30,91.364751,1.0,True,30,0,0,865.4121217727661,1176.3405237197876,15.621815045674643,865.4121217727661,completed
2126.770779,30,91.399173,1.0,True,30,0,0,799.2781644463539,1170.6297847032547,11.26615931193034,799.2781644463539,completed
2577.729118,30,91.433398,1.0,True,30,0,0,651.4351588487625,918.4838073253632,9.01795997619629,651.4351588487625,completed
2863.601518,30,91.467678,1.0,True,30,0,0,712.1105628013611,900.528730392456,4.809175682067871,712.1105628013611,completed
2212.206256,30,91.501729,1.0,True,30,0,0,823.175717830658,1127.2683506011963,10.398218790690104,823.175717830658,completed
2211.003486,30,91.53599,1.0,True,30,0,0,816.0732116699219,1100.9847040176392,10.554490216573079,816.0732116699219,completed
1665.333452,30,91.569762,1.0,True,30,0,0,989.7130365371704,1399.0636234283447,10.781145668029785,989.7130365371704,completed
1008.677661,30,91.603393,1.0,True,30,0,0,933.7840547561646,1346.9581670761108,22.823298708597818,933.7840547561646,completed
2782.55874,30,91.637532,1.0,True,30,0,0,787.0071310997009,1052.96764087677,3.866209602355957,787.0071310997009,completed
1365.549781,30,91.67193,1.0,True,30,0,0,923.569854080677,1267.6807218790054,19.264325205485026,923.569854080677,completed
1856.571705,30,91.705388,1.0,True,30,0,0,957.2917656898499,1239.2523794174194,12.51459363301595,957.2917656898499,completed
2654.134566,30,91.739947,1.0,True,30,0,0,762.7490539550781,930.9432392120361,7.652973969777425,762.7490539550781,completed
2376.930952,30,91.774085,1.0,True,30,0,0,775.5970211029053,1084.3612384796143,8.498557885487875,775.5970211029053,completed
2558.177149,30,91.808871,1.0,True,30,0,0,809.3615622520447,1087.7212076187134,5.911876424153646,809.3615622520447,completed
2298.502311,30,91.843517,1.0,True,30,0,0,769.9747196435928,1046.6767032146454,11.386141395568847,769.9747196435928,completed
1660.798627,30,91.879066,1.0,True,30,0,0,1046.0661363601685,1380.2091598510742,11.472193590799968,1046.0661363601685,completed
2981.128721,30,91.912355,1.0,True,30,0,0,646.1528441905975,889.76740026474,4.540590540568034,646.1528441905975,completed
1869.742231,30,93.117194,1.0,True,30,0,0,815.4851276874542,1301.9402470588684,12.147207005818684,815.4851276874542,completed
585.035063,30,93.153556,1.0,True,30,0,0,1091.652549147606,1668.7330033779144,23.239451726277668,1091.652549147606,completed
2942.739202,30,93.187721,1.0,True,30,0,0,766.1456760168076,953.7312572002411,2.807816823323568,766.1456760168076,completed
1837.094466,30,93.221513,1.0,True,30,0,0,830.990562915802,1117.8469543457031,15.07799243927002,830.990562915802,completed
2176.889209,30,93.255676,1.0,True,30,0,0,917.6762793064117,1249.4858860969543,8.217842483520508,917.6762793064117,completed
2590.67114,30,93.289292,1.0,True,30,0,0,738.4227385520935,990.4258642196655,7.863446108500162,738.4227385520935,completed
2907.196431,30,93.322961,1.0,True,30,0,0,696.8525004386902,830.848256111145,5.9293164571126304,696.8525004386902,completed
1081.072408,30,93.356406,1.0,True,30,0,0,1065.9928426742554,1491.757122039795,19.30665086110433,1065.9928426742554,completed
1808.364467,30,93.391881,1.0,True,30,0,0,877.6097655296326,1277.0770435333252,13.421415424346923,877.6097655296326,completed
2854.474908,30,93.425356,1.0,True,30,0,0,733.7634296417236,932.9581747055054,5.400217374165853,733.7634296417236,completed
1445.459076,30,93.459885,1.0,True,30,0,0,974.0143945217133,1312.0833983421326,17.030675824483236,974.0143945217133,completed
1683.549046,30,93.493786,1.0,True,30,0,0,824.2755897045135,1311.1757197380066,14.576538467407227,824.2755897045135,completed
3023.674212,30,93.526961,1.0,True,30,0,0,679.0463047027588,854.8944187164307,4.141902414957682,679.0463047027588,completed
2034.998459,30,93.563543,1.0,True,30,0,0,860.814624786377,1093.7078533172607,12.757235463460287,860.814624786377,completed
1942.401149,30,93.597613,1.0,True,30,0,0,854.3003737926483,1140.4716172218323,13.091664123535157,854.3003737926483,completed
1779.548467,30,93.633142,1.0,True,30,0,0,981.9388902187347,1314.3968396186829,12.174194590250652,981.9388902187347,completed
2279.579888,30,93.668661,1.0,True,30,0,0,834.6552348136902,1184.609450340271,7.692609596252441,834.6552348136902,completed
1876.997536,30,93.705103,1.0,True,30,0,0,864.2259097099304,1208.2367839813232,13.673440933227539,864.2259097099304,completed
2916.987027,30,93.738165,1.0,True,30,0,0,687.8379039764404,778.2133140563965,6.821259752909342,687.8379039764404,completed
1945.711389,30,93.771861,1.0,True,30,0,0,938.7594094276428,1161.8724117279053,12.63288853963216,938.7594094276428,completed
2777.053839,30,93.805337,1.0,True,30,0,0,685.6331238746643,936.1900281906128,6.695954259236654,685.6331238746643,completed
1412.426597,30,93.83903,1.0,True,30,0,0,954.4585483074188,1312.2351250648499,18.190660603841145,954.4585483074188,completed
3405.936966,30,93.872821,1.0,True,30,0,0,665.781822681427,761.1320285797119,0.8724784851074219,665.781822681427,completed
2910.823713,30,93.907264,1.0,True,30,0,0,780.0106587409973,890.0744524002075,4.3681332270304365,780.0106587409973,completed
2814.716083,30,93.941481,1.0,True,30,0,0,670.1922824382782,937.8462767601013,6.192294057210287,670.1922824382782,completed
3084.196754,30,93.978988,1.0,True,30,0,0,726.4730653762817,883.2968835830688,2.971547253926595,726.4730653762817,completed
1076.954302,30,94.013044,1.0,True,30,0,0,1003.5433030128479,1480.7719526290894,19.367842801411946,1003.5433030128479,completed
1072.472293,30,94.046717,1.0,True,30,0,0,1062.1654148101807,1484.5967483520508,17.95286725362142,1062.1654148101807,completed
3162.76956,30,94.080237,1.0,True,30,0,0,665.7622075080872,776.0438385009766,3.8187482198079428,665.7622075080872,completed
1768.933161,30,94.11464,1.0,True,30,0,0,877.6828031539917,1274.2036266326904,13.297219467163085,877.6828031539917,completed
2566.998396,30,94.14867,1.0,True,30,0,0,781.4843289852142,1061.8416867256165,6.518085861206055,781.4843289852142,completed
1528.053213,30,94.181938,1.0,True,30,0,0,857.7069668769836,1296.7092962265015,17.932373015085854,857.7069668769836,completed
2824.133236,30,94.215536,1.0,True,30,0,0,791.4863414764404,965.8105592727661,4.72638905843099,791.4863414764404,completed
2350.338024,30,94.248603,1.0,True,30,0,0,781.4365289211273,1058.1013960838318,8.948142051696777,781.4365289211273,completed
2618.186463,30,94.28306,1.0,True,30,0,0,782.851033449173,851.9639067649841,8.665710322062175,782.851033449173,completed
1185.985186,30,94.31722,1.0,True,30,0,0,1056.5088529586792,1302.1032419204712,20.296598943074546,1056.5088529586792,completed
3085.884653,30,94.35114,1.0,True,30,0,0,600.7040083408356,791.122965335846,4.640961329142253,600.7040083408356,completed
2458.632802,30,94.385278,1.0,True,30,0,0,721.3140001296997,952.1424741744995,10.520367940266928,721.3140001296997,completed
2412.917919,30,94.418511,1.0,True,30,0,0,831.7745389938354,1018.5381774902344,8.960422706604003,831.7745389938354,completed
2442.331928,30,94.451895,1.0,True,30,0,0,787.5828828811646,1004.5368423461914,9.585463587443034,787.5828828811646,completed
2406.310024,30,94.486253,1.0,True,30,0,0,845.5582580566406,1098.9598903656006,7.458319028218587,845.5582580566406,completed
1112.508127,30,94.519106,1.0,True,30,0,0,1026.1004276275635,1543.549153327942,18.648792457580566,1026.1004276275635,completed
1785.940565,30,94.552236,1.0,True,30,0,0,977.7667684555054,1227.1360759735107,12.875828170776368,977.7667684555054,completed
2585.420733,30,94.58552,1.0,True,30,0,0,869.2716236114502,1016.2791996002197,6.168486213684082,869.2716236114502,completed
1767.923747,30,94.619691,1.0,True,30,0,0,980.5326085090637,1272.0451231002808,13.15845087369283,980.5326085090637,completed
3190.99577,30,94.653708,1.0,True,30,0,0,622.0813026428223,786.0250244140625,3.602132034301758,622.0813026428223,completed
2333.880793,30,94.686277,1.0,True,30,0,0,844.9910500049591,1130.9928183555603,8.500541273752848,844.9910500049591,completed
3250.161325,30,94.719041,1.0,True,30,0,0,620.2916502952576,776.0597367286682,2.399966239929199,620.2916502952576,completed
3038.86107,30,94.753156,1.0,True,30,0,0,680.9449248313904,836.6227331161499,4.204782803853353,680.9449248313904,completed
1454.48697,30,94.790053,1.0,True,30,0,0,943.5156445503235,1298.284737586975,17.85484053293864,943.5156445503235,completed
3245.744624,30,94.826225,1.0,True,30,0,0,693.8771405220032,789.1462316513062,2.331137275695801,693.8771405220032,completed
1353.071864,30,94.860219,1.0,True,30,0,0,975.1148331165314,1215.4582681655884,20.33091901143392,975.1148331165314,completed
2665.210317,30,94.894476,1.0,True,30,0,0,787.5674834251404,975.346643447876,6.406131426493327,787.5674834251404,completed
2684.693391,30,94.927535,1.0,True,30,0,0,773.075581073761,933.9778642654419,6.984760157267252,773.075581073761,completed
2673.07551,30,94.96233,1.0,True,30,0,0,757.7760796546936,955.2693276405334,6.524376360575358,757.7760796546936,completed
1110.501611,30,94.995876,1.0,True,30,0,0,897.171441078186,1386.2401180267334,22.438856569925942,897.171441078186,completed
1986.341001,30,95.03107,1.0,True,30,0,0,889.6653327941895,1222.5855884552002,11.75026086171468,889.6653327941895,completed
2785.315826,30,95.065694,1.0,True,30,0,0,647.9924943447113,847.1761775016785,7.3165813763936365,647.9924943447113,completed
2061.839604,30,95.099642,1.0,True,30,0,0,807.380485534668,1014.5517382621765,14.295419883728027,807.380485534668,completed
2393.385117,30,95.134433,1.0,True,30,0,0,782.3750095367432,1069.0273275375366,8.437663618723551,782.3750095367432,completed
2342.69291,30,95.168938,1.0,True,30,0,0,777.4881646633148,1125.118567943573,7.886396106084188,777.4881646633148,completed
2295.538486,30,95.202583,1.0,True,30,0,0,857.2692589759827,1018.8057956695557,10.656893062591553,857.2692589759827,completed
2942.687641,30,95.23683,1.0,True,30,0,0,723.5875420570374,861.5258111953735,4.508024024963379,723.5875420570374,completed
3511.293011,30,95.271545,1.0,True,30,0,0,573.3808720111847,650.6755719184875,1.648922284444173,573.3808720111847,completed
3183.894848,30,95.304867,1.0,True,30,0,0,664.9095964431763,801.5706157684326,3.4238619486490887,664.9095964431763,completed
1940.181063,30,95.338447,1.0,True,30,0,0,855.3465218544006,1191.7080869674683,12.595535469055175,855.3465218544006,completed
2444.539454,30,95.373298,1.0,True,30,0,0,798.6062915325165,978.5292077064514,8.66524403889974,798.6062915325165,completed
2029.588987,30,95.407346,1.0,True,30,0,0,1012.2805624008179,1283.8398056030273,7.430314826965332,1012.2805624008179,completed
1969.01328,30,96.626148,1.0,True,30,0,0,831.8263502120972,1107.365177154541,13.063153584798178,831.8263502120972,completed
3369.992472,30,96.666251,1.0,True,30,0,0,633.0555200576782,733.651704788208,1.4692890167236328,633.0555200576782,completed
2162.132821,30,96.707925,1.0,True,30,0,0,776.5140242576599,1086.1952447891235,11.202399921417236,776.5140242576599,completed
1940.580037,30,96.750843,1.0,True,30,0,0,840.9182150363922,1265.9749846458435,13.03827584584554,840.9182150363922,completed
2977.050852,30,96.787161,1.0,True,30,0,0,780.9231753349304,848.325231552124,4.4372914632161455,780.9231753349304,completed
1338.537844,30,96.822843,1.0,True,30,0,0,901.274585723877,1259.6014623641968,20.502263259887695,901.274585723877,completed
2187.087564,30,96.858796,1.0,True,30,0,0,768.9199573993683,1208.8099064826965,9.864492734273275,768.9199573993683,completed
3000.777133,30,96.895168,1.0,True,30,0,0,688.0123379230499,901.2758269309998,4.000200907389323,688.0123379230499,completed
1906.530294,30,96.932083,1.0,True,30,0,0,923.9573230743408,1208.5183560848236,12.578752009073893,923.9573230743408,completed
1705.214156,30,96.970907,1.0,True,30,0,0,935.2371625900269,1241.9750204086304,15.207850392659505,935.2371625900269,completed
1941.334061,30,97.008379,1.0,True,30,0,0,837.0994058847427,1201.6334774494171,12.993491172790527,837.0994058847427,completed
3144.237152,30,97.045636,1.0,True,30,0,0,697.7654762268066,976.1030035018921,0.9731709798177083,697.7654762268066,completed
2816.513507,30,97.081042,1.0,True,30,0,0,792.000568151474,1105.563136100769,2.70277837117513,792.000568151474,completed
984.778326,30,97.117574,1.0,True,30,0,0,1019.8559406995773,1497.9648492336273,20.842446263631185,1019.8559406995773,completed
1436.393341,30,97.153676,1.0,True,30,0,0,869.6497678756714,1341.6343364715576,17.266983795166016,869.6497678756714,completed
2167.522556,30,97.189148,1.0,True,30,0,0,848.5473668575287,1099.2868301868439,11.402225176493326,848.5473668575287,completed
774.775223,30,97.224012,1.0,True,30,0,0,1055.6756353378296,1518.3006343841553,23.61147829691569,1055.6756353378296,completed
2854.276009,30,97.259118,1.0,True,30,0,0,604.6976418495178,810.7941632270813,7.683863766988119,604.6976418495178,completed
2092.026566,30,97.294157,1.0,True,30,0,0,831.8731799125671,1088.2153797149658,12.196876811981202,831.8731799125671,completed
1716.392317,30,97.329025,1.0,True,30,0,0,837.6531562805176,1199.5959539413452,16.774337323506675,837.6531562805176,completed
2537.778051,30,97.364175,1.0,True,30,0,0,819.3634128570557,1130.4682130813599,6.201481119791667,819.3634128570557,completed
515.710555,30,97.399217,1.0,True,30,0,0,1182.1026339530945,1961.6746473312378,18.953095881144204,1182.1026339530945,completed
2370.382191,30,97.43441,1.0,True,30,0,0,906.3647451400757,1037.2454919815063,8.997148672739664,906.3647451400757,completed
2595.033194,30,97.470244,1.0,True,30,0,0,826.0352830886841,986.7305250167847,7.399034309387207,826.0352830886841,completed
1572.463155,30,97.505672,1.0,True,30,0,0,965.8899064064026,1464.6477251052856,11.781506729125976,965.8899064064026,completed
944.02886,30,97.541436,1.0,True,30,0,0,1022.3485789299011,1417.1777515411377,21.311107762654622,1022.3485789299011,completed
1870.510899,30,97.577176,1.0,True,30,0,0,871.1634149551392,1265.345043182373,12.665191745758056,871.1634149551392,completed
2882.820921,30,97.612564,1.0,True,30,0,0,759.9883804321289,963.2316837310791,3.6938533147176105,759.9883804321289,completed
1783.559159,30,97.646895,1.0,True,30,0,0,933.334792137146,1348.6301593780518,11.96577984491984,933.334792137146,completed
2463.026803,30,97.682779,1.0,True,30,0,0,747.8674883842468,1035.6079168319702,8.23473326365153,747.8674883842468,completed
2589.451472,30,97.718166,1.0,True,30,0,0,714.1658793091774,946.1976557970047,8.937192980448405,714.1658793091774,completed
2652.005423,30,97.754024,1.0,True,30,0,0,788.3583602905273,1013.8166842460632,5.913020133972168,788.3583602905273,completed
3223.772114,30,97.789211,1.0,True,30,0,0,660.0270867347717,810.2513542175293,2.2322524070739744,660.0270867347717,completed
2049.822829,30,97.825097,1.0,True,30,0,0,876.3326004743576,1150.4665563106537,11.731073315938314,876.3326004743576,completed
1098.186951,30,97.863361,1.0,True,30,0,0,1034.130648612976,1456.746660232544,19.565222231547036,1034.130648612976,completed
1594.034081,30,97.900895,1.0,True,30,0,0,892.148334980011,1186.5335397720337,17.674833742777505,892.148334980011,completed
2476.505362,30,97.936497,1.0,True,30,0,0,836.4899382591248,1043.6640424728394,7.392837142944336,836.4899382591248,completed
2645.530859,30,97.971275,1.0,True,30,0,0,755.033096075058,1016.256637096405,6.309449704488118,755.033096075058,completed
2556.742697,30,98.005326,1.0,True,30,0,0,742.7343921661377,989.7460927963257,7.981599426269531,742.7343921661377,completed
3387.222775,30,98.041439,1.0,True,30,0,0,679.4570841789246,764.5749111175537,0.5678428649902344,679.4570841789246,completed
2528.813662,30,98.075743,1.0,True,30,0,0,864.1087875366211,1135.2247829437256,5.399563407897949,864.1087875366211,completed
1888.039892,30,98.111543,1.0,True,30,0,0,885.618342757225,1343.7573335170746,10.790933926900228,885.618342757225,completed
2519.323002,30,98.146187,1.0,True,30,0,0,749.6315450668335,1045.6236400604248,7.928534444173177,749.6315450668335,completed
1242.744967,30,98.18122,1.0,True,30,0,0,984.2163486480713,1436.6369075775146,17.607077089945474,984.2163486480713,completed
2223.720436,30,98.216784,1.0,True,30,0,0,779.8473324775696,1154.7806758880615,9.71854035059611,779.8473324775696,completed
1918.767652,30,98.251383,1.0,True,30,0,0,852.6301209926605,1116.9203097820282,14.35069891611735,852.6301209926605,completed
1230.293532,30,98.286613,1.0,True,30,0,0,938.9514918327332,1327.940595626831,20.6766819636027,938.9514918327332,completed
2960.383258,30,98.321575,1.0,True,30,0,0,695.8398976325989,836.19921875,6.204894383748372,695.8398976325989,completed
2257.943375,30,98.356976,1.0,True,30,0,0,852.402010679245,1067.7673525810242,9.184522183736165,852.402010679245,completed
2399.717081,30,98.392817,1.0,True,30,0,0,757.4819798469543,1067.596760749817,8.607288233439128,757.4819798469543,completed
2205.176193,30,98.428399,1.0,True,30,0,0,742.4624543190002,1065.0906391143799,11.212443860371907,742.4624543190002,completed
2123.748904,30,98.463758,1.0,True,30,0,0,932.4302268028259,1328.0178508758545,6.682888730367025,932.4302268028259,completed
2791.54279,30,98.499529,1.0,True,30,0,0,742.2330784797668,920.5082874298096,5.759304110209147,742.2330784797668,completed
1842.972562,30,98.534719,1.0,True,30,0,0,848.0152235031128,1270.4891691207886,12.428003629048666,848.0152235031128,completed
2459.816876,30,98.569932,1.0,True,30,0,0,820.8702793121338,1004.4798164367676,8.545552635192871,820.8702793121338,completed
2270.631867,30,98.604939,1.0,True,30,0,0,745.445821762085,1002.5892715454102,12.487540690104167,745.445821762085,completed
2605.46096,30,98.64045,1.0,True,30,0,0,832.2838840484619,1123.6510372161865,4.652542813618978,832.2838840484619,completed
2423.329224,30,98.676147,1.0,True,30,0,0,821.4667103290558,1098.6958146095276,7.83708922068278,821.4667103290558,completed
2986.774786,30,98.71182,1.0,True,30,0,0,719.4872210025787,856.3500962257385,3.909129587809245,719.4872210025787,completed
3338.712415,30,98.748348,1.0,True,30,0,0,570.0746103525162,670.058812379837,2.9529687563578286,570.0746103525162,completed
1251.414978,30,98.785911,1.0,True,30,0,0,1054.997742176056,1612.0212106704712,14.789384078979491,1054.997742176056,completed
1792.314085,30,98.826319,1.0,True,30,0,0,852.88316822052,1329.4870281219482,13.392004712422688,852.88316822052,completed
2033.232881,30,98.865084,1.0,True,30,0,0,875.4220271110535,1178.8079643249512,10.663752365112305,875.4220271110535,completed
2198.580786,30,98.903326,1.0,True,30,0,0,808.0022294521332,1082.9582133293152,11.172730700174968,808.0022294521332,completed
1218.097102,30,98.940066,1.0,True,30,0,0,931.7538957595825,1356.8884944915771,20.42122027079264,931.7538957595825,completed
1693.782311,30,98.975867,1.0,True,30,0,0,976.7376146316528,1451.0562019348145,11.5668883005778,976.7376146316528,completed
2417.659083,30,99.012242,1.0,True,30,0,0,768.1102828979492,1116.8917570114136,8.131563568115235,768.1102828979492,completed
2130.516328,30,99.048304,1.0,True,30,0,0,874.9107818603516,1227.9897499084473,8.97914129892985,874.9107818603516,completed
1781.317451,30,99.087223,1.0,True,30,0,0,884.2501769065857,1296.5415544509888,12.61561222076416,884.2501769065857,completed
2979.716616,30,100.351665,1.0,True,30,0,0,689.9398403167725,818.7912292480469,5.427485466003418,689.9398403167725,completed
3071.225439,30,100.386691,1.0,True,30,0,0,744.0952259302139,1002.102401971817,0.8334130605061849,744.0952259302139,completed
3231.370852,30,100.420931,1.0,True,30,0,0,673.0418543815613,856.0604257583618,1.55229279200236,673.0418543815613,completed
2638.259896,30,100.48124,1.0,True,30,0,0,695.7888407707214,1029.1818494796753,6.369446086883545,695.7888407707214,completed
1416.713488,30,100.519471,1.0,True,30,0,0,912.6621131896973,1218.8739128112793,19.41546567281087,912.6621131896973,completed
1059.353519,30,100.553495,1.0,True,30,0,0,968.6728320121765,1395.5261588096619,21.989400116602578,968.6728320121765,completed
1941.071039,30,100.587271,1.0,True,30,0,0,928.9081017971039,1200.7564625740051,11.679199854532877,928.9081017971039,completed
2847.420204,30,100.620135,1.0,True,30,0,0,732.4912981987,865.4113721847534,6.3522084554036455,732.4912981987,completed
1353.170241,30,100.653759,1.0,True,30,0,0,935.5908374786377,1411.8583011627197,17.123852094014484,935.5908374786377,completed
2566.897111,30,100.687371,1.0,True,30,0,0,750.2150211334229,996.9827060699463,8.021548334757487,750.2150211334229,completed
2560.22222,30,100.721129,1.0,True,30,0,0,731.6856281161308,981.8778709173203,9.428345743815104,731.6856281161308,completed
855.235207,30,100.755277,1.0,True,30,0,0,996.2620539665222,1478.1719245910645,23.183640734354654,996.2620539665222,completed
2729.541635,30,100.789385,1.0,True,30,0,0,672.7073400020599,915.8684067726135,7.156311893463135,672.7073400020599,completed
740.277173,30,100.823456,1.0,True,30,0,0,955.3346261978149,1470.9613437652588,24.807742881774903,955.3346261978149,completed
2132.654565,30,100.856881,1.0,True,30,0,0,839.5370798110962,1109.7013530731201,11.882528305053711,839.5370798110962,completed
1754.362162,30,100.890573,1.0,True,30,0,0,958.7463388442993,1330.7639684677124,11.275827821095785,958.7463388442993,completed
1265.608749,30,100.925349,1.0,True,30,0,0,949.6869859695435,1496.4529762268066,16.891346422831216,949.6869859695435,completed
1842.527669,30,100.957825,1.0,True,30,0,0,875.4551246166229,1141.1906523704529,14.531492312749227,875.4551246166229,completed
2967.738769,30,100.991066,1.0,True,30,0,0,709.6560604572296,814.0514798164368,4.683516120910644,709.6560604572296,completed
1773.937514,30,101.024302,1.0,True,30,0,0,826.1926774978638,1217.936999320984,14.760269673665364,826.1926774978638,completed
2933.806305,30,101.058017,1.0,True,30,0,0,753.2672576904297,958.7994136810303,2.5758997599283853,753.2672576904297,completed
2051.623715,30,101.092019,1.0,True,30,0,0,948.3584805727005,1270.454561471939,9.614352989196778,948.3584805727005,completed
2516.765416,30,101.125362,1.0,True,30,0,0,839.3328123092651,1271.8781833648682,3.3428149223327637,839.3328123092651,completed
3010.682443,30,101.159753,1.0,True,30,0,0,680.993714094162,833.831974029541,4.7251026153564455,680.993714094162,completed
1131.378132,30,101.195257,1.0,True,30,0,0,1044.8144516944885,1552.7863006591797,17.14447110493978,1044.8144516944885,completed
1695.165458,30,101.228573,1.0,True,30,0,0,1014.4854583740234,1247.2317209243774,14.069806226094563,1014.4854583740234,completed
1810.257255,30,101.262209,1.0,True,30,0,0,874.8893857002258,1196.9580264091492,14.46925474802653,874.8893857002258,completed
2766.914962,30,101.300103,1.0,True,30,0,0,695.8156762123108,848.5685291290283,7.119504165649414,695.8156762123108,completed
3090.592037,30,101.335103,1.0,True,30,0,0,617.050320982933,783.9310958385468,4.530892753601075,617.050320982933,completed
2519.230684,30,101.369105,1.0,True,30,0,0,798.36279129982,975.1934418678284,8.317314259211223,798.36279129982,completed
1443.366525,30,101.402957,1.0,True,30,0,0,941.8303527832031,1426.714982509613,16.53581304550171,941.8303527832031,completed
2002.962835,30,101.437464,1.0,True,30,0,0,802.1920096874237,1111.5174012184143,13.550880304972331,802.1920096874237,completed
2389.619563,30,101.470897,1.0,True,30,0,0,701.1525031328201,982.4707367420197,10.066185410817464,701.1525031328201,completed
2456.77022,30,101.504162,1.0,True,30,0,0,788.0001382827759,959.2551074028015,9.337484645843507,788.0001382827759,completed
1458.201584,30,101.537684,1.0,True,30,0,0,960.9939196109772,1384.2318234443665,16.04245096842448,960.9939196109772,completed
2408.043351,30,101.570984,1.0,True,30,0,0,788.0887298583984,1126.8309803009033,8.74315554300944,788.0887298583984,completed
2204.270492,30,101.603792,1.0,True,30,0,0,784.6326122283936,1060.0071382522583,12.982368151346842,784.6326122283936,completed
2584.349336,30,101.637417,1.0,True,30,0,0,773.7340257167816,981.9023871421814,7.355293718973796,773.7340257167816,completed
2947.047416,30,101.671493,1.0,True,30,0,0,710.7352782487869,889.552916765213,4.050053469340006,710.7352782487869,completed
2595.114724,30,101.70465,1.0,True,30,0,0,755.6278488636017,963.627001285553,8.525314426422119,755.6278488636017,completed
1901.200077,30,101.738122,1.0,True,30,0,0,868.2758960723877,1218.061312675476,13.882782363891602,868.2758960723877,completed
1120.224854,30,101.771667,1.0,True,30,0,0,1056.100655078888,1497.515712738037,17.814124488830565,1056.100655078888,completed
1187.56612,30,101.805169,1.0,True,30,0,0,965.358865737915,1522.7044658660889,17.554060808817546,965.358865737915,completed
1710.32134,30,101.839078,1.0,True,30,0,0,908.871630191803,1297.733479499817,14.364147567749024,908.871630191803,completed
2214.125389,30,101.872825,1.0,True,30,0,0,825.580363035202,1085.2396941184998,11.529378827412923,825.580363035202,completed
2583.621934,30,101.906794,1.0,True,30,0,0,867.3120069503784,1083.6173610687256,5.81686274210612,867.3120069503784,completed
2766.105529,30,101.940173,1.0,True,30,0,0,708.5259594917297,948.6275854110718,5.17147585550944,708.5259594917297,completed
2392.912507,30,101.973885,1.0,True,30,0,0,813.3075587749481,1136.2054858207703,7.737948719660441,813.3075587749481,completed
2171.836679,30,102.007127,1.0,True,30,0,0,866.2680990695953,1327.9163076877594,7.794908714294434,866.2680990695953,completed
1371.212496,30,102.039833,1.0,True,30,0,0,1002.3514838218689,1506.5177330970764,15.670118459065755,1002.3514838218689,completed
1331.588184,30,102.074957,1.0,True,30,0,0,943.4169466495514,1395.4816222190857,18.538864390055338,943.4169466495514,completed
2341.279495,30,102.13939,1.0,True,30,0,0,804.3576181530952,993.4141260385513,11.305839920043946,804.3576181530952,completed
1640.513139,30,102.175538,1.0,True,30,0,0,822.13649725914,1228.411549091339,17.665870984395344,822.13649725914,completed
2446.411778,30,102.209013,1.0,True,30,0,0,734.0956172943115,1017.0454578399658,9.406347465515136,734.0956172943115,completed
3175.774274,30,102.242847,1.0,True,30,0,0,686.375997543335,796.4057331085205,3.022563680013021,686.375997543335,completed
2368.153048,30,102.276242,1.0,True,30,0,0,800.394845366478,1033.936075925827,9.738006019592286,800.394845366478,completed
2245.335607,30,102.310641,1.0,True,30,0,0,769.8624606132507,1050.0142555236816,12.212187258402507,769.8624606132507,completed
1862.79686,30,102.343944,1.0,True,30,0,0,879.8212380409241,1355.9065103530884,11.463553937276204,879.8212380409241,completed
2615.502051,30,102.378316,1.0,True,30,0,0,708.8830380439758,947.1597576141357,8.538206545511882,708.8830380439758,completed
2039.779289,30,102.411779,1.0,True,30,0,0,830.702784538269,1158.7251996994019,12.203355344136556,830.702784538269,completed
2024.671919,30,102.445217,1.0,True,30,0,0,925.1950950622559,1258.0561819076538,10.105820401509602,925.1950950622559,completed
2294.809308,30,102.478443,1.0,True,30,0,0,760.4879693984985,1071.571921825409,10.669479942321777,760.4879693984985,completed
2189.020011,30,102.512277,1.0,True,30,0,0,783.6363134384155,1130.8236713409424,10.6982027053833,783.6363134384155,completed
1898.308008,30,102.545896,1.0,True,30,0,0,844.9757888317108,1222.286344051361,12.003192329406739,844.9757888317108,completed
1823.358473,30,102.578832,1.0,True,30,0,0,879.3283965587616,1270.362675189972,13.694092432657877,879.3283965587616,completed
1387.32094,30,102.613085,1.0,True,30,0,0,930.684919834137,1309.6550970077515,18.06079168319702,930.684919834137,completed
2833.538482,30,102.646398,1.0,True,30,0,0,733.7725400924683,1048.1171312332153,4.054485829671224,733.7725400924683,completed
3157.135925,30,102.679556,1.0,True,30,0,0,692.924307346344,854.332441329956,2.6223967552185057,692.924307346344,completed
1790.799012,30,103.942099,1.0,True,30,0,0,859.1237111091614,1184.8875951766968,15.589173444112141,859.1237111091614,completed
1868.788825,30,103.976568,1.0,True,30,0,0,846.46533370018,1175.6440043449402,15.002059507369996,846.46533370018,completed
1894.618896,30,104.010868,1.0,True,30,0,0,846.5379505157471,1185.4497437477112,13.557726923624674,846.5379505157471,completed
2123.90109,30,104.045669,1.0,True,30,0,0,833.332188129425,1148.1056861877441,10.553055699666341,833.332188129425,completed
1666.874857,30,104.078894,1.0,True,30,0,0,930.8590552806854,1356.8530507087708,12.951189231872558,930.8590552806854,completed
1509.055172,30,104.112367,1.0,True,30,0,0,1010.4161992073059,1398.627314567566,14.85341771443685,1010.4161992073059,completed
2564.549624,30,104.146691,1.0,True,30,0,0,806.0736184120178,1009.3935527801514,6.85788828531901,806.0736184120178,completed
1789.145353,30,104.179865,1.0,True,30,0,0,961.1292474269867,1239.9980902671814,13.586319986979166,961.1292474269867,completed
1411.337931,30,104.213544,1.0,True,30,0,0,964.7177257537842,1422.5736770629883,15.250006484985352,964.7177257537842,completed
2822.200562,30,104.247832,1.0,True,30,0,0,732.7153487205505,987.2882099151611,4.535886637369791,732.7153487205505,completed
1645.826953,30,104.281257,1.0,True,30,0,0,973.3185968399048,1293.3631343841553,13.624707349141438,973.3185968399048,completed
2368.786311,30,104.314852,1.0,True,30,0,0,839.2489233016968,1070.8529224395752,8.245435333251953,839.2489233016968,completed
2234.043395,30,104.348134,1.0,True,30,0,0,805.0297780036926,1054.004744052887,10.308891995747883,805.0297780036926,completed
2781.153509,30,104.382429,1.0,True,30,0,0,688.3431415557861,907.4184513092041,7.128005154927572,688.3431415557861,completed
2220.586145,30,104.417506,1.0,True,30,0,0,793.7865493297577,1250.1976389884949,8.298742039998372,793.7865493297577,completed
2822.506735,30,104.451083,1.0,True,30,0,0,675.8232128620148,920.1660962104797,6.746943855285645,675.8232128620148,completed
2671.32944,30,104.485963,1.0,True,30,0,0,723.3830444812775,885.2552981376648,8.180998420715332,723.3830444812775,completed
2569.860357,30,104.524884,1.0,True,30,0,0,894.958981513977,1024.526912689209,5.603077507019043,894.958981513977,completed
2604.284744,30,104.559959,1.0,True,30,0,0,762.4804735183716,958.708327293396,7.560796864827474,762.4804735183716,completed
3227.854836,30,104.593809,1.0,True,30,0,0,769.8206479549408,879.2291655540466,0.6350115458170573,769.8206479549408,completed
1864.698186,30,104.627814,1.0,True,30,0,0,906.6096897125244,1227.2109084129333,12.690066687266032,906.6096897125244,completed
2488.257545,30,104.664728,1.0,True,30,0,0,705.0278782844543,974.9795370101929,10.604137293497722,705.0278782844543,completed
3135.675005,30,104.698313,1.0,True,30,0,0,678.4351778030396,812.6145057678223,3.4731321970621747,678.4351778030396,completed
1923.535379,30,104.732045,1.0,True,30,0,0,826.4975323677063,1154.5660905838013,13.009056695302327,826.4975323677063,completed
2236.688216,30,104.766652,1.0,True,30,0,0,815.6924748420715,1079.5978145599365,10.938978385925292,815.6924748420715,completed
2375.001814,30,104.800733,1.0,True,30,0,0,825.3067498207092,1086.1822128295898,8.416895039876302,825.3067498207092,completed
2148.768978,30,104.834409,1.0,True,30,0,0,759.2249155044556,1099.7451934814453,11.766272672017415,759.2249155044556,completed
1682.121521,30,104.867911,1.0,True,30,0,0,874.4125312566757,1214.5139033794403,15.871094449361165,874.4125312566757,completed
2320.975904,30,104.902257,1.0,True,30,0,0,841.3386130332947,1166.0016975402832,7.693651008605957,841.3386130332947,completed
1538.948784,30,104.936387,1.0,True,30,0,0,961.5788412094116,1395.0876083374023,13.658459027608236,961.5788412094116,completed
3213.829205,30,104.96974,1.0,True,30,0,0,664.4293937683105,814.6807708740234,2.6894051869710287,664.4293937683105,completed
2313.659684,30,105.003522,1.0,True,30,0,0,777.3774425983429,1032.5532927513123,10.485087140401204,777.3774425983429,completed
3328.788992,30,105.036332,1.0,True,30,0,0,568.9650692939758,742.4285955429077,2.219341850280762,568.9650692939758,completed
2320.807541,30,105.069443,1.0,True,30,0,0,768.2805452346802,1028.7255020141602,10.943767992655436,768.2805452346802,completed
2698.805479,30,105.102687,1.0,True,30,0,0,853.5135618448257,1146.7330029010773,2.4613346735636394,853.5135618448257,completed
2901.436137,30,105.136448,1.0,True,30,0,0,753.9774188995361,939.8586254119873,4.705548731486003,753.9774188995361,completed
2810.811253,30,105.169895,1.0,True,30,0,0,689.1630561351776,920.1939940452576,6.391291999816895,689.1630561351776,completed
2628.620819,30,105.378637,1.0,True,30,0,0,652.1049060821533,841.8650188446045,9.567745272318522,652.1049060821533,completed
2403.12976,30,105.413895,1.0,True,30,0,0,866.4293539524078,1098.6038041114807,7.309140714009603,866.4293539524078,completed
2636.604246,30,105.447711,1.0,True,30,0,0,843.5229004621506,1043.846642255783,5.4841784556706745,843.5229004621506,completed
1554.434167,30,105.481859,1.0,True,30,0,0,936.4826636314392,1388.3186407089233,15.858762168884278,936.4826636314392,completed
1922.660296,30,105.516476,1.0,True,30,0,0,817.746098279953,1153.7846808433533,13.542148272196451,817.746098279953,completed
1675.780311,30,105.549965,1.0,True,30,0,0,877.4595584869385,1290.6046018600464,14.134648195902507,877.4595584869385,completed
2486.771003,30,105.584529,1.0,True,30,0,0,791.9010138511658,979.6276636123657,9.258299318949382,791.9010138511658,completed
1389.400748,30,105.617496,1.0,True,30,0,0,950.1826601028442,1376.276180267334,17.443097623189292,950.1826601028442,completed
2566.245117,30,105.652026,1.0,True,30,0,0,754.6550064086914,969.9914200305939,8.482855288187663,754.6550064086914,completed
2126.712315,30,105.684969,1.0,True,30,0,0,857.7780759334564,1117.8959975242615,12.065587361653646,857.7780759334564,completed
2583.059391,30,105.718781,1.0,True,30,0,0,691.3722109794617,909.205982208252,9.949845027923583,691.3722109794617,completed
2432.29499,30,105.752636,1.0,True,30,0,0,787.7519690990448,1092.2629017829895,8.14274393717448,787.7519690990448,completed
2721.675613,30,105.786108,1.0,True,30,0,0,677.6847400665283,897.2318992614746,7.995974222819011,677.6847400665283,completed
2869.278003,30,105.819141,1.0,True,30,0,0,693.9478106498718,1021.8314199447632,3.9223124821980795,693.9478106498718,completed
2413.693523,30,105.853035,1.0,True,30,0,0,866.9732949733734,1150.3511765003204,6.178936767578125,866.9732949733734,completed
1868.111372,30,105.887048,1.0,True,30,0,0,946.5472896099091,1318.0626921653748,12.234854888916015,946.5472896099091,completed
1679.597858,30,105.920805,1.0,True,30,0,0,956.5770206451416,1324.8556423187256,14.318578720092773,956.5770206451416,completed
2317.630154,30,105.954792,1.0,True,30,0,0,756.2966089248657,1031.8966341018677,11.475093046824137,756.2966089248657,completed
1327.165014,30,105.988797,1.0,True,30,0,0,1102.7709293365479,1589.5471267700195,12.211176490783691,1102.7709293365479,completed
3136.213491,30,106.022602,1.0,True,30,0,0,666.4244560599327,770.2741903066635,3.9438371022542316,666.4244560599327,completed
1876.723073,30,106.055844,1.0,True,30,0,0,951.9027290344238,1199.225881576538,12.549780337015788,951.9027290344238,completed
1423.412215,30,106.089053,1.0,True,30,0,0,846.1496953964233,1242.5214834213257,20.36873893737793,846.1496953964233,completed
1524.321899,30,106.122164,1.0,True,30,0,0,879.1562299728394,1304.5401401519775,15.969836807250976,879.1562299728394,completed
2811.839529,30,106.155452,1.0,True,30,0,0,723.1898892521858,1004.7044664621353,4.067860412597656,723.1898892521858,completed
2452.507016,30,106.188848,1.0,True,30,0,0,738.90394115448,1026.9272956848145,9.075509897867839,738.90394115448,completed
1387.97988,30,106.222438,1.0,True,30,0,0,962.1218795776367,1406.5495529174805,15.542374738057454,962.1218795776367,completed
2074.867718,30,106.25602,1.0,True,30,0,0,878.2904725074768,1307.3879704475403,9.250520515441895,878.2904725074768,completed
1931.217832,30,106.289817,1.0,True,30,0,0,808.6341094970703,1141.2497806549072,14.970449066162109,808.6341094970703,completed
3045.09326,30,106.323471,1.0,True,30,0,0,680.9011627435684,885.878066778183,3.6150028228759767,680.9011627435684,completed
3056.636697,30,106.357109,1.0,True,30,0,0,697.0288996696472,866.2380995750427,3.621400896708171,697.0288996696472,completed
1699.663487,30,106.390673,1.0,True,30,0,0,912.5080919265747,1402.7711420059204,12.579723358154297,912.5080919265747,completed
1357.902456,30,107.591431,1.0,True,30,0,0,1005.1164560317993,1310.9732999801636,16.53261734644572,1005.1164560317993,completed
2119.766008,30,107.626066,1.0,True,30,0,0,870.2181475162506,1216.5250220298767,9.832092984517415,870.2181475162506,completed
2589.928561,30,107.66009,1.0,True,30,0,0,720.1911716461182,848.3243370056152,10.246666081746419,720.1911716461182,completed
1718.264115,30,107.694154,1.0,True,30,0,0,875.2935318946838,1215.4180173873901,15.243332449595133,875.2935318946838,completed
3350.849057,30,107.727104,1.0,True,30,0,0,543.291753411293,704.2202641963959,4.0588933308919275,543.291753411293,completed
2439.225376,30,107.760605,1.0,True,30,0,0,799.3436460494995,1074.5710563659668,9.485671234130859,799.3436460494995,completed
1635.238865,30,107.795108,1.0,True,30,0,0,869.188892364502,1230.345359325409,16.831131744384766,869.188892364502,completed
1485.74565,30,107.828913,1.0,True,30,0,0,933.1967058181763,1353.2056913375854,16.013501103719076,933.1967058181763,completed
2606.100018,30,107.863088,1.0,True,30,0,0,779.2193822860718,934.0465631484985,7.815285555521647,779.2193822860718,completed
2848.766175,30,107.902847,1.0,True,30,0,0,692.2883901596069,903.8801965713501,5.609876251220703,692.2883901596069,completed
2897.166176,30,107.936816,1.0,True,30,0,0,761.6347424983978,1044.8314847946167,2.358972422281901,761.6347424983978,completed
2711.617647,30,107.970658,1.0,True,30,0,0,726.3852891921997,927.9613857269287,7.11322758992513,726.3852891921997,completed
2742.660573,30,108.003686,1.0,True,30,0,0,745.1159971952438,983.7639405727386,5.802158228556315,745.1159971952438,completed
3063.231327,30,108.036467,1.0,True,30,0,0,614.1262744069099,746.1184459924698,5.709376970926921,614.1262744069099,completed
1765.357366,30,108.070466,1.0,True,30,0,0,964.0660920143127,1171.0930018424988,14.800011285146077,964.0660920143127,completed
2286.640016,30,108.103558,1.0,True,30,0,0,871.0086088180542,1255.9291677474976,7.153878911336263,871.0086088180542,completed
1234.691557,30,108.137647,1.0,True,30,0,0,973.347264289856,1333.4696731567383,20.158057403564452,973.347264289856,completed
1558.192149,30,108.172036,1.0,True,30,0,0,910.6718373298645,1313.0095930099487,16.60156993865967,910.6718373298645,completed
2967.003305,30,108.206271,1.0,True,30,0,0,700.6485366821289,900.4026679992676,4.452743975321452,700.6485366821289,completed
2192.234296,30,108.239756,1.0,True,30,0,0,798.2076382637024,1105.7704815864563,11.791559855143229,798.2076382637024,completed
2414.344938,30,108.273544,1.0,True,30,0,0,867.0573815107346,1110.9733006954193,6.889166704813639,867.0573815107346,completed
2352.25485,30,108.307015,1.0,True,30,0,0,757.2127223014832,950.3607573509216,10.717011388142904,757.2127223014832,completed
950.097785,30,108.340674,1.0,True,30,0,0,910.2800142765045,1440.0033497810364,23.162175369262695,910.2800142765045,completed
2941.617967,30,108.374386,1.0,True,30,0,0,645.2727967500687,834.9103319644928,5.796949831644694,645.2727967500687,completed
2565.97309,30,108.407757,1.0,True,30,0,0,763.2133610248566,1110.5652766227722,6.241284815470378,763.2133610248566,completed
1724.915402,30,108.441014,1.0,True,30,0,0,937.2346296310425,1310.302978515625,12.356842390696208,937.2346296310425,completed
2786.653577,30,108.4742,1.0,True,30,0,0,689.5352299213409,869.4513278007507,7.303813743591308,689.5352299213409,completed
2990.409886,30,108.50734,1.0,True,30,0,0,722.5381355285645,876.980058670044,3.856486129760742,722.5381355285645,completed
2594.129625,30,108.540886,1.0,True,30,0,0,755.3638300895691,934.9481964111328,8.653484344482422,755.3638300895691,completed
1692.549232,30,108.574405,1.0,True,30,0,0,913.9035820960999,1319.7561602592468,13.372947374979654,913.9035820960999,completed
2713.42603,30,108.608029,1.0,True,30,0,0,747.8046123981476,961.0309853553772,6.6792853037516275,747.8046123981476,completed
2089.948877,30,108.641138,1.0,True,30,0,0,908.8367581367493,1147.1154222488403,9.965368398030598,908.8367581367493,completed
2384.470956,30,108.674429,1.0,True,30,0,0,752.5799508094788,1038.0030908584595,9.036294555664062,752.5799508094788,completed
1948.991725,30,108.706995,1.0,True,30,0,0,897.291540145874,1195.4041814804077,12.794812520345053,897.291540145874,completed
2577.247226,30,108.740827,1.0,True,30,0,0,722.3759313821793,1024.31645321846,5.959651947021484,722.3759313821793,completed
2243.985441,30,108.77393,1.0,True,30,0,0,888.2407584190369,1228.7464151382446,7.774150784810384,888.2407584190369,completed
1060.640523,30,108.807202,1.0,True,30,0,0,1083.6741604804993,1752.5255212783813,13.85628178914388,1083.6741604804993,completed
980.122062,30,108.841453,1.0,True,30,0,0,1083.8311383724213,1521.8621516227722,19.0088481426239,1083.8311383724213,completed
1662.119768,30,108.875198,1.0,True,30,0,0,902.6078290939331,1296.0684900283813,14.427336597442627,902.6078290939331,completed
2367.782379,30,108.908702,1.0,True,30,0,0,794.0053572654724,1143.8008527755737,8.210557810465495,794.0053572654724,completed
1936.913181,30,108.942797,1.0,True,30,0,0,816.7294602394104,1078.9682731628418,15.519734032948811,816.7294602394104,completed
2177.217075,30,108.976569,1.0,True,30,0,0,835.9077906608582,1073.8898782730103,10.999323081970214,835.9077906608582,completed
2462.451891,30,109.010343,1.0,True,30,0,0,722.250150680542,993.3545246124268,10.5251340230306,722.250150680542,completed
2124.726392,30,109.044254,1.0,True,30,0,0,846.0332102775574,1066.8475303649902,12.318689982096354,846.0332102775574,completed
1402.762278,30,109.078182,1.0,True,30,0,0,1003.5245733261108,1318.5078830718994,16.912738450368245,1003.5245733261108,completed
2975.147255,30,109.111573,1.0,True,30,0,0,684.7116649150848,835.7436900138855,4.828461456298828,684.7116649150848,completed
1703.684918,30,109.144981,1.0,True,30,0,0,856.2083344459534,1242.403305053711,15.599107424418131,856.2083344459534,completed
2913.28664,30,109.178086,1.0,True,30,0,0,690.8289823532104,975.9012718200684,4.478742853800456,690.8289823532104,completed
2868.644196,30,109.211634,1.0,True,30,0,0,709.0331563949585,908.8082265853882,5.020781008402507,709.0331563949585,completed
2874.36883,30,109.244793,1.0,True,30,0,0,701.4467582702637,965.6897773742676,4.791739336649576,701.4467582702637,completed
2863.014862,30,109.279014,1.0,True,30,0,0,743.9771733283997,893.2116451263428,5.467767079671224,743.9771733283997,completed
1243.885746,30,109.31288,1.0,True,30,0,0,1002.4924025535583,1580.4097385406494,15.186135005950927,1002.4924025535583,completed
2585.858395,30,109.346514,1.0,True,30,0,0,791.5085825920105,1149.6060643196106,5.327829742431641,791.5085825920105,completed
2468.356318,30,109.380009,1.0,True,30,0,0,728.4067459106445,889.9111557006836,11.011622714996339,728.4067459106445,completed
2786.250983,30,109.414746,1.0,True,30,0,0,791.277072429657,960.7440490722656,4.61940533320109,791.277072429657,completed
3243.47887,30,109.447852,1.0,True,30,0,0,649.2255847454071,806.6997532844543,1.6602675120035808,649.2255847454071,completed
1516.896345,30,109.481407,1.0,True,30,0,0,977.1569685935974,1529.7388706207275,12.651611932118733,977.1569685935974,completed
3216.793846,30,109.513809,1.0,True,30,0,0,708.0086975097656,956.805034160614,0.015256627400716146,708.0086975097656,completed
2963.933639,30,109.546966,1.0,True,30,0,0,747.5640878677368,988.4503171443939,2.4205426534016925,747.5640878677368,completed
-29.157628,30,109.580576,1.0,True,30,0,0,1153.300136566162,1673.7953834533691,30.683377075195313,1153.300136566162,completed
2455.305115,30,109.614161,1.0,True,30,0,0,748.6445224285126,1117.6960825920105,6.8507080078125,748.6445224285126,completed
2298.89451,30,109.648103,1.0,True,30,0,0,849.0343782901764,1198.064445734024,6.980232874552409,849.0343782901764,completed
1105.863422,30,109.682008,1.0,True,30,0,0,941.6874341964722,1510.093427658081,18.550355784098308,941.6874341964722,completed
2427.095798,30,109.71721,1.0,True,30,0,0,791.7934355735779,1035.4619636535645,9.230333010355631,791.7934355735779,completed
2989.972506,30,109.751088,1.0,True,30,0,0,748.7457830905914,861.6934399604797,3.881954002380371,748.7457830905914,completed
1991.572505,30,109.787377,1.0,True,30,0,0,878.5255851745605,1171.2721519470215,12.715212949117024,878.5255851745605,completed
1614.216065,30,109.82116,1.0,True,30,0,0,834.1708376407623,1297.055820941925,16.308667151133218,834.1708376407623,completed
2008.916371,30,109.854475,1.0,True,30,0,0,961.7612652778625,1227.9637327194214,9.30444606145223,961.7612652778625,completed
2992.504859,30,109.888067,1.0,True,30,0,0,615.9575111865997,808.3035340309143,5.729779116312662,615.9575111865997,completed
2648.370262,30,111.081427,1.0,True,30,0,0,753.6108604669571,930.3252956867218,7.851756604512532,753.6108604669571,completed
2404.221838,30,111.115754,1.0,True,30,0,0,790.8031628131866,1080.4793543815613,8.796149571736654,790.8031628131866,completed
2264.766668,30,111.149563,1.0,True,30,0,0,889.1613702774048,1135.817603111267,9.538952445983886,889.1613702774048,completed
2085.438631,30,111.18301,1.0,True,30,0,0,924.732679605484,1447.3628182411194,6.8770443598429365,924.732679605484,completed
3331.572593,30,111.217266,1.0,True,30,0,0,654.5093424320221,732.5108022689819,2.3326653162638347,654.5093424320221,completed
2285.329828,30,111.252122,1.0,True,30,0,0,777.7151618003845,1145.1474332809448,8.889648310343425,777.7151618003845,completed
2252.948338,30,111.285553,1.0,True,30,0,0,751.7965121269226,1174.5630159378052,9.565907287597657,751.7965121269226,completed
746.27245,30,111.319766,1.0,True,30,0,0,1083.7888050079346,1723.5373249053955,19.209386825561523,1083.7888050079346,completed
3183.464087,30,111.352862,1.0,True,30,0,0,699.7972345352173,796.9554433822632,2.7501097361246747,699.7972345352173,completed
3224.56802,30,111.385631,1.0,True,30,0,0,663.5342938899994,717.3396253585815,4.30396359761556,663.5342938899994,completed
2230.896678,30,111.418915,1.0,True,30,0,0,870.0991439819336,1043.6996984481812,9.48290278116862,870.0991439819336,completed
2475.03089,30,111.452372,1.0,True,30,0,0,732.0700423121452,947.8210996389389,9.802064577738443,732.0700423121452,completed
2257.211304,30,111.485897,1.0,True,30,0,0,890.4321217536926,1332.5876321792603,6.461383787790934,890.4321217536926,completed
2658.631406,30,111.520174,1.0,True,30,0,0,747.275873541832,953.0908086299896,7.326719665527344,747.275873541832,completed
2825.727373,30,111.554165,1.0,True,30,0,0,664.6739749908447,840.2426319122314,7.436689122517904,664.6739749908447,completed
2497.666926,30,111.587764,1.0,True,30,0,0,755.308695435524,955.8656113147736,9.461594732602437,755.308695435524,completed
2565.690207,30,111.621591,1.0,True,30,0,0,760.0439231395721,1093.8415312767029,6.584295908610026,760.0439231395721,completed
2124.420497,30,111.655292,1.0,True,30,0,0,926.4949336051941,1121.389380455017,8.852570406595866,926.4949336051941,completed
2807.770454,30,111.689384,1.0,True,30,0,0,702.2650947570801,859.4771642684937,7.007426802317301,702.2650947570801,completed
2696.687169,30,111.723142,1.0,True,30,0,0,748.3753409385681,972.7786378860474,6.320518747965495,748.3753409385681,completed
2234.882443,30,111.756238,1.0,True,30,0,0,742.9852614402771,1060.3420372009277,12.049169317881267,742.9852614402771,completed
3112.069927,30,111.789388,1.0,True,30,0,0,710.749363899231,841.7267723083496,3.0096834182739256,710.749363899231,completed
2056.060843,30,111.823208,1.0,True,30,0,0,825.6353152245283,1170.3048005998135,11.770378112792969,825.6353152245283,completed
2285.636644,30,111.857642,1.0,True,30,0,0,781.5742473602295,1086.9201517105103,9.913444010416667,781.5742473602295,completed
3189.303905,30,111.891419,1.0,True,30,0,0,602.9704113006592,738.2804203033447,5.1134230931599935,602.9704113006592,completed
2887.453702,30,111.924878,1.0,True,30,0,0,595.8692065477371,809.3751704692841,8.495201444625854,595.8692065477371,completed
2128.933203,30,111.958406,1.0,True,30,0,0,848.7397153377533,1197.4751217365265,10.243338894844054,848.7397153377533,completed
1515.208347,30,111.991424,1.0,True,30,0,0,930.0974979400635,1336.8244132995605,17.10377165476481,930.0974979400635,completed
2529.404437,30,112.024769,1.0,True,30,0,0,785.1112756729126,1099.6626148223877,5.9983320236206055,785.1112756729126,completed
2520.794589,30,112.057801,1.0,True,30,0,0,802.9942944049835,1141.861934185028,4.772678438822428,802.9942944049835,completed
2389.400414,30,112.091364,1.0,True,30,0,0,716.3030307292938,963.9972643852234,10.673679606119792,716.3030307292938,completed
1712.319326,30,112.124667,1.0,True,30,0,0,957.6647653579712,1223.5680017471313,14.785950215657552,957.6647653579712,completed
1651.490685,30,112.158505,1.0,True,30,0,0,861.2814102172852,1224.0362186431885,17.17167714436849,861.2814102172852,completed
2852.611134,30,112.191976,1.0,True,30,0,0,782.7402911186218,1001.8953161239624,4.094330724080404,782.7402911186218,completed
2152.796736,30,112.225518,1.0,True,30,0,0,808.0422253608704,1127.4316711425781,11.53671817779541,808.0422253608704,completed
2532.321644,30,112.259269,1.0,True,30,0,0,787.6791214942932,1118.5028095245361,6.828629875183106,787.6791214942932,completed
1023.79534,30,112.292672,1.0,True,30,0,0,939.6334207057953,1517.7258069515228,20.63210366566976,939.6334207057953,completed
2028.259737,30,112.326027,1.0,True,30,0,0,941.0817294120789,1176.709997177124,11.378503799438477,941.0817294120789,completed
2476.835246,30,112.359184,1.0,True,30,0,0,724.0695009231567,954.6569375991821,9.310007031758627,724.0695009231567,completed
2312.305823,30,112.392122,1.0,True,30,0,0,780.0318577289581,1052.7414898872375,11.360990397135417,780.0318577289581,completed
2540.42682,30,112.42598,1.0,True,30,0,0,821.0790988206863,1042.2592723369598,7.340675354003906,821.0790988206863,completed
2268.221189,30,112.459622,1.0,True,30,0,0,780.2689478993416,1041.7034870386124,11.87906010945638,780.2689478993416,completed
2045.855522,30,112.493809,1.0,True,30,0,0,804.6802945137024,1175.0145349502563,12.063671875,804.6802945137024,completed
2673.427101,30,112.527783,1.0,True,30,0,0,747.9513683319092,954.7794132232666,7.04241205851237,747.9513683319092,completed
1729.841117,30,112.56133,1.0,True,30,0,0,883.5019955635071,1330.094458580017,13.699229685465495,883.5019955635071,completed
2321.953969,30,112.59485,1.0,True,30,0,0,750.9439907073975,1060.9543299674988,9.257164557774862,750.9439907073975,completed
1996.552683,30,112.628438,1.0,True,30,0,0,864.773272395134,1175.7052896022797,11.02179225285848,864.773272395134,completed
2301.154594,30,112.661697,1.0,True,30,0,0,822.1899998188019,1135.864947795868,9.184666061401368,822.1899998188019,completed
2606.57092,30,112.696069,1.0,True,30,0,0,768.8991408348083,1065.8680686950684,5.9105786641438804,768.8991408348083,completed
2619.368861,30,112.729107,1.0,True,30,0,0,728.386269569397,1008.6265573501587,6.735169410705566,728.386269569397,completed
2854.227944,30,112.763024,1.0,True,30,0,0,636.8364810943604,832.9546918869019,7.373666763305664,636.8364810943604,completed
2465.84609,30,112.797147,1.0,True,30,0,0,837.1899106502533,1145.4833064079285,6.530138778686523,837.1899106502533,completed
2750.913551,30,112.831219,1.0,True,30,0,0,760.8889403343201,1016.3887434005737,4.4920911153157554,760.8889403343201,completed
2270.202339,30,112.865677,1.0,True,30,0,0,684.9299340248108,971.2587475776672,13.257584635416666,684.9299340248108,completed
2694.731093,30,112.903965,1.0,True,30,0,0,715.285493850708,952.2765493392944,7.476556777954102,715.285493850708,completed
2106.506092,30,112.938203,1.0,True,30,0,0,913.2323203086853,1208.3076944351196,10.190267531077067,913.2323203086853,completed
1624.217133,30,112.972234,1.0,True,30,0,0,869.542596578598,1293.951711177826,17.095173772176107,869.542596578598,completed
2721.830708,30,113.005525,1.0,True,30,0,0,757.3105554580688,922.07204246521,7.575061861673991,757.3105554580688,completed
2808.405717,30,113.04057,1.0,True,30,0,0,745.3919851779938,1017.5353717803955,4.084503046671549,745.3919851779938,completed
1900.606739,30,113.073678,1.0,True,30,0,0,887.0132143497467,1325.34161901474,11.321825853983562,887.0132143497467,completed
2079.723854,30,113.108091,1.0,True,30,0,0,856.3624405860901,1136.9936637878418,12.096094195048014,856.3624405860901,completed
1429.723473,30,113.141384,1.0,True,30,0,0,865.1338486671448,1314.5543088912964,18.75310796101888,865.1338486671448,completed
2527.331741,30,113.174853,1.0,True,30,0,0,803.6715354919434,927.9306259155273,9.412360827128092,803.6715354919434,completed
1748.746517,30,113.208222,1.0,True,30,0,0,785.948718547821,1112.6815366744995,17.9289093653361,785.948718547821,completed
2007.037439,30,113.241312,1.0,True,30,0,0,835.4910244941711,1193.6560616493225,12.060771306355795,835.4910244941711,completed
2567.584393,30,113.274344,1.0,True,30,0,0,711.3597993850708,942.0230150222778,8.989573510487874,711.3597993850708,completed
48.796435,30,113.308076,1.0,True,30,0,0,1305.0428743362427,2012.7502193450928,22.90254332224528,1305.0428743362427,completed
1146.289759,30,113.340695,1.0,True,30,0,0,933.5789635181427,1371.2261929512024,21.753567504882813,933.5789635181427,completed
-111.502468,30,114.529767,1.0,True,30,0,0,1138.5650151222944,1700.6628156602383,32.96057268778483,1138.5650151222944,completed
2330.72226,30,114.563393,1.0,True,30,0,0,788.8891611099243,1134.2578830718994,9.054342873891194,788.8891611099243,completed
2526.31864,30,114.59767,1.0,True,30,0,0,806.3245916366577,934.8444786071777,8.85929463704427,806.3245916366577,completed
2201.446729,30,114.631401,1.0,True,30,0,0,891.7186985015869,1095.0108332633972,10.066835594177245,891.7186985015869,completed
363.010812,30,114.665193,1.0,True,30,0,0,1128.8097805976868,1702.5994806289673,24.69739818572998,1128.8097805976868,completed
2918.271556,30,114.699364,1.0,True,30,0,0,685.4057006835938,852.0891222953796,6.30311648050944,685.4057006835938,completed
1756.848755,30,114.732845,1.0,True,30,0,0,889.5450778007507,1242.4874753952026,14.378132915496826,889.5450778007507,completed
1559.93274,30,114.766586,1.0,True,30,0,0,967.6533290147781,1355.5507566928864,14.80615717569987,967.6533290147781,completed
1363.368928,30,114.799869,1.0,True,30,0,0,1047.94362282753,1403.1328387260437,15.990312925974528,1047.94362282753,completed
2936.800742,30,114.833303,1.0,True,30,0,0,738.7081851959229,963.8258819580078,3.412764612833659,738.7081851959229,completed
2767.794565,30,114.867116,1.0,True,30,0,0,748.7552882432938,990.3199756145477,4.810004806518554,748.7552882432938,completed
1197.3369,30,114.900502,1.0,True,30,0,0,1101.0609817504883,1530.033320426941,16.316497643788654,1101.0609817504883,completed
2451.430358,30,114.934154,1.0,True,30,0,0,759.2699828147888,964.0653886795044,10.458928743998209,759.2699828147888,completed
1715.902196,30,114.967629,1.0,True,30,0,0,864.0083341598511,1309.3120307922363,14.090826161702473,864.0083341598511,completed
1360.80367,30,115.001317,1.0,True,30,0,0,925.528778553009,1285.197904586792,18.169356123606363,925.528778553009,completed
1830.385983,30,115.040504,1.0,True,30,0,0,797.2232619524002,1210.0135595798492,15.087752405802409,797.2232619524002,completed
1115.577802,30,115.074209,1.0,True,30,0,0,1009.7043628692627,1551.0213098526,16.95793565114339,1009.7043628692627,completed
2648.629766,30,115.108297,1.0,True,30,0,0,715.207733631134,999.2086963653564,6.135267130533854,715.207733631134,completed
2266.040245,30,115.142445,1.0,True,30,0,0,717.5717940330505,1036.9489312171936,11.37954756418864,717.5717940330505,completed
2286.718267,30,115.175425,1.0,True,30,0,0,856.2937521934509,1017.3067216873169,10.841134802500408,856.2937521934509,completed
2194.851724,30,115.2091,1.0,True,30,0,0,855.7067565917969,1124.2175617218018,9.584748395284016,855.7067565917969,completed
1888.657828,30,115.242417,1.0,True,30,0,0,869.7791521549225,1249.148672580719,13.090185674031575,869.7791521549225,completed
56.415385,30,115.275504,1.0,True,30,0,0,1164.496829032898,1901.8196544647217,27.464748287200926,1164.496829032898,completed
3017.330198,30,115.308912,1.0,True,30,0,0,736.6981415748596,897.6650657653809,3.303655751546224,736.6981415748596,completed
2648.003698,30,115.342187,1.0,True,30,0,0,789.2163739204407,981.3251266479492,6.566813977559407,789.2163739204407,completed
2459.637092,30,115.375493,1.0,True,30,0,0,802.602306842804,1081.708625793457,8.56536725362142,802.602306842804,completed
3366.288087,30,115.409103,1.0,True,30,0,0,650.0051531791687,773.7564783096313,1.0429449081420898,650.0051531791687,completed
3066.544225,30,115.441921,1.0,True,30,0,0,717.4087419509888,967.2061376571655,1.4013963063557944,717.4087419509888,completed
1939.413864,30,115.475257,1.0,True,30,0,0,844.5112075805664,1230.33962059021,12.425097147623697,844.5112075805664,completed
1135.473335,30,115.508362,1.0,True,30,0,0,991.4905581474304,1581.4941110610962,16.666480127970377,991.4905581474304,completed
1690.239032,30,115.54236,1.0,True,30,0,0,931.2233147621155,1309.989441871643,13.000643221537272,931.2233147621155,completed
3215.351028,30,115.576195,1.0,True,30,0,0,743.7038493156433,867.4797644615173,1.3199820200602213,743.7038493156433,completed
1162.529756,30,115.610174,1.0,True,30,0,0,1069.4297335594893,1545.9545198380947,17.337707201639812,1069.4297335594893,completed
2494.469587,30,115.643679,1.0,True,30,0,0,845.9725587368011,1159.2712082862854,6.129142475128174,845.9725587368011,completed
2263.880171,30,115.676588,1.0,True,30,0,0,789.0863332748413,1096.9133920669556,10.434388287862141,789.0863332748413,completed
2973.488115,30,115.710148,1.0,True,30,0,0,713.5265369415283,863.8713607788086,4.468957773844401,713.5265369415283,completed
1987.290538,30,115.743135,1.0,True,30,0,0,909.033992767334,1302.2760009765625,9.246424420674641,909.033992767334,completed
2829.845543,30,115.775946,1.0,True,30,0,0,736.9137086868286,896.1596775054932,5.620509783426921,736.9137086868286,completed
2997.012349,30,115.808767,1.0,True,30,0,0,751.833685874939,865.6579065322876,4.077729034423828,751.833685874939,completed
2652.915953,30,115.842725,1.0,True,30,0,0,723.4396085739136,1066.0930624008179,6.005298550923666,723.4396085739136,completed
3109.968398,30,115.875701,1.0,True,30,0,0,695.7146196365356,875.9105587005615,2.9850202560424806,695.7146196365356,completed
3444.555763,30,115.908837,1.0,True,30,0,0,577.9662392139435,650.7755055427551,2.2968572934468585,577.9662392139435,completed
1599.756767,30,115.941995,1.0,True,30,0,0,888.7164475917816,1406.1470408439636,14.420860322316488,888.7164475917816,completed
2918.78335,30,115.975452,1.0,True,30,0,0,674.303384065628,888.9847073554993,5.72919069925944,674.303384065628,completed
2306.987838,30,116.008479,1.0,True,30,0,0,780.3567771911621,1029.5677738189697,11.037892405192057,780.3567771911621,completed
2272.851106,30,116.042488,1.0,True,30,0,0,786.8994166851044,1212.257798910141,9.442094421386718,786.8994166851044,completed
1625.076161,30,116.075857,1.0,True,30,0,0,1099.9638266563416,1469.6971111297607,10.304645347595216,1099.9638266563416,completed
1500.758941,30,116.108972,1.0,True,30,0,0,976.1272382736206,1314.7833008766174,16.45505142211914,976.1272382736206,completed
2288.922041,30,116.142202,1.0,True,30,0,0,759.5479135513306,1145.6117057800293,9.419605573018393,759.5479135513306,completed
2943.146666,30,116.175463,1.0,True,30,0,0,714.6655216217041,904.0639266967773,4.6430617014567055,714.6655216217041,completed
2313.206581,30,116.208518,1.0,True,30,0,0,755.8077077865601,1032.6865549087524,11.122559738159179,755.8077077865601,completed
2706.991604,30,116.241897,1.0,True,30,0,0,727.3540716171265,936.0407762527466,6.615851656595866,727.3540716171265,completed
2853.460071,30,116.276055,1.0,True,30,0,0,760.0356616973877,922.5368432998657,5.345466740926107,760.0356616973877,completed
1957.895737,30,116.309862,1.0,True,30,0,0,888.6342797279358,1303.362114906311,10.337089474995931,888.6342797279358,completed
2371.300115,30,116.343177,1.0,True,30,0,0,791.9969007968903,1119.0481886863708,8.625812276204426,791.9969007968903,completed
2340.853114,30,116.376256,1.0,True,30,0,0,800.9454641342163,1170.684157371521,8.513783899943034,800.9454641342163,completed
2617.173588,30,116.409822,1.0,True,30,0,0,735.1205539703369,966.6717233657837,7.473586400349935,735.1205539703369,completed
2430.064836,30,116.443227,1.0,True,30,0,0,759.6174931526184,1061.130760192871,9.032013861338298,759.6174931526184,completed
1712.85686,30,116.476217,1.0,True,30,0,0,874.6231994628906,1246.9318351745605,14.345736694335937,874.6231994628906,completed
538.251324,30,116.509979,1.0,True,30,0,0,1020.5823431015015,1570.086208820343,26.5384073416392,1020.5823431015015,completed
2857.768568,30,116.550281,1.0,True,30,0,0,761.6641235351562,937.4717020988464,4.150234762827555,761.6641235351562,completed
2097.097801,30,116.583592,1.0,True,30,0,0,821.3483290672302,1070.0370950698853,12.9675399462382,821.3483290672302,completed
1918.321262,30,116.617047,1.0,True,30,0,0,818.3774356842041,1153.1116428375244,13.20382448832194,818.3774356842041,completed
2897.496465,30,116.650926,1.0,True,30,0,0,664.1748802661896,856.9053645133972,5.52337843577067,664.1748802661896,completed
2260.990868,30,116.683837,1.0,True,30,0,0,807.1162463128567,1101.5942212939262,10.633095677693685,807.1162463128567,completed
1976.354574,30,116.71767,1.0,True,30,0,0,920.2740406990051,1200.5283966064453,11.598329416910808,920.2740406990051,completed
2521.878848,30,116.751269,1.0,True,30,0,0,744.0986561775208,1011.703896522522,8.14646120071411,744.0986561775208,completed
2416.49215,30,116.784912,1.0,True,30,0,0,803.8746700286865,1171.1618523597717,5.965083503723145,803.8746700286865,completed
2679.769472,30,118.010887,1.0,True,30,0,0,711.2500941753387,949.5275664329529,7.400002479553223,711.2500941753387,completed
2135.371069,30,118.044409,1.0,True,30,0,0,858.5518851280212,1183.1709785461426,10.3001620610555,858.5518851280212,completed
2352.93876,30,118.078737,1.0,True,30,0,0,749.7957363128662,1092.8312015533447,9.001157935460409,749.7957363128662,completed
1882.642582,30,118.112663,1.0,True,30,0,0,838.6399331092834,1201.6196718215942,13.123196983337403,838.6399331092834,completed
2283.527039,30,118.145822,1.0,True,30,0,0,727.6321737766266,1075.3785214424133,10.28295472462972,727.6321737766266,completed
2654.192015,30,118.178923,1.0,True,30,0,0,906.109381198883,1288.5506610870361,1.3289438247680665,906.109381198883,completed
2667.195414,30,118.212398,1.0,True,30,0,0,751.0371289253235,1041.9385251998901,6.350832176208496,751.0371289253235,completed
2794.831281,30,118.245789,1.0,True,30,0,0,727.5531597137451,935.2938365936279,6.41356004079183,727.5531597137451,completed
2195.562472,30,118.278636,1.0,True,30,0,0,908.311607837677,1261.1284623146057,7.370154253641764,908.311607837677,completed
2678.196222,30,118.312037,1.0,True,30,0,0,758.2989101409912,967.462158203125,7.04360097249349,758.2989101409912,completed
1671.155702,30,118.345256,1.0,True,30,0,0,909.0292935371399,1301.5626201629639,14.945130666097006,909.0292935371399,completed
3198.274174,30,118.379384,1.0,True,30,0,0,635.3722333908081,734.4593353271484,3.4599536259969077,635.3722333908081,completed
2199.453609,30,118.412377,1.0,True,30,0,0,795.8692178726196,1045.6710796356201,11.963111209869385,795.8692178726196,completed
1942.262341,30,118.445683,1.0,True,30,0,0,776.0830283164978,1102.0670413970947,16.24690160751343,776.0830283164978,completed
2094.309115,30,118.479313,1.0,True,30,0,0,885.071385383606,1207.2427344322205,10.694684092203776,885.071385383606,completed
2817.853544,30,118.513776,1.0,True,30,0,0,730.4318790435791,931.9993724822998,5.6448003133138025,730.4318790435791,completed
3181.383809,30,118.54724,1.0,True,30,0,0,642.0649271011353,803.3808126449585,3.2443056742350262,642.0649271011353,completed
1260.68915,30,118.580363,1.0,True,30,0,0,1000.6362776756287,1625.4219770431519,15.349415143330893,1000.6362776756287,completed
2291.43036,30,118.613888,1.0,True,30,0,0,828.2282354831696,1119.1176476478577,9.593388112386068,828.2282354831696,completed
2835.753303,30,118.64732,1.0,True,30,0,0,656.4310524463654,905.4557070732117,6.573113123575847,656.4310524463654,completed
2124.462252,30,118.680921,1.0,True,30,0,0,856.4151430130005,1376.1599407196045,6.965212122599284,856.4151430130005,completed
1784.917009,30,118.714726,1.0,True,30,0,0,890.3437924385071,1300.2709503173828,12.84297784169515,890.3437924385071,completed
2407.585507,30,118.74833,1.0,True,30,0,0,764.9248871803284,993.3861684799194,10.595579592386882,764.9248871803284,completed
2190.655084,30,118.782195,1.0,True,30,0,0,808.559877872467,1037.555549621582,11.714964739481609,808.559877872467,completed
581.58606,30,118.815864,1.0,True,30,0,0,1165.7699642181396,1863.6459283828735,19.39902400970459,1165.7699642181396,completed
2141.575582,30,118.849246,1.0,True,30,0,0,786.4161329269409,1045.9478454589844,13.017201805114746,786.4161329269409,completed
1202.031225,30,118.883106,1.0,True,30,0,0,1029.4780611991882,1357.9827513694763,19.69168186187744,1029.4780611991882,completed
2829.342618,30,118.915933,1.0,True,30,0,0,749.5423188209534,923.3051738739014,4.588271649678548,749.5423188209534,completed
2952.622787,30,118.949015,1.0,True,30,0,0,768.2360353469849,878.241135597229,4.006172370910645,768.2360353469849,completed
2217.604294,30,118.982187,1.0,True,30,0,0,797.5740385055542,1112.1925411224365,10.840658124287923,797.5740385055542,completed
2949.131463,30,119.015428,1.0,True,30,0,0,751.0808358192444,882.2247352600098,4.579547119140625,751.0808358192444,completed
1348.281113,30,119.04932,1.0,True,30,0,0,909.0319924354553,1485.2278909683228,14.875816853841146,909.0319924354553,completed
2206.541142,30,119.083046,1.0,True,30,0,0,843.7822511196136,1105.5499205589294,10.268076578776041,843.7822511196136,completed
2135.820418,30,119.116616,1.0,True,30,0,0,869.2041861712933,1031.7636789679527,12.961950397491455,869.2041861712933,completed
2093.266028,30,119.14976,1.0,True,30,0,0,917.5700047016144,1250.552439212799,10.0097380956014,917.5700047016144,completed
-247.927047,30,119.183504,1.0,True,30,0,0,1229.1610107421875,1767.8859062194824,33.09593238830566,1229.1610107421875,completed
2334.724142,30,119.216654,1.0,True,30,0,0,864.2519145011902,1295.2471895217896,5.282546679178874,864.2519145011902,completed
2719.846711,30,119.250809,1.0,True,30,0,0,677.4325256347656,896.7274703979492,8.03822593688965,677.4325256347656,completed
2795.118015,30,119.283996,1.0,True,30,0,0,864.1006760597229,990.4382963180542,3.6156575520833334,864.1006760597229,completed
1574.725425,30,119.316837,1.0,True,30,0,0,959.6489969491959,1354.35826420784,15.078184763590494,959.6489969491959,completed
3262.860639,30,119.350185,1.0,True,30,0,0,643.5618007779121,806.3745599985123,2.6498377482096354,643.5618007779121,completed
2385.057222,30,119.383774,1.0,True,30,0,0,835.7837138175964,1074.803786277771,9.186473083496093,835.7837138175964,completed
1784.76474,30,119.417104,1.0,True,30,0,0,852.9338145256042,1187.883069038391,15.280059925715129,852.9338145256042,completed
2206.192394,30,119.450863,1.0,True,30,0,0,843.5875520706177,1152.1861543655396,9.420838419596354,843.5875520706177,completed
2795.465818,30,119.484247,1.0,True,30,0,0,742.332840681076,982.5836653709412,4.554874102274577,742.332840681076,completed
2902.974441,30,119.51787,1.0,True,30,0,0,677.4051656723022,938.5047435760498,4.6371206919352215,677.4051656723022,completed
3259.081703,30,119.551506,1.0,True,30,0,0,732.9780855178833,846.0282368659973,1.0916730880737304,732.9780855178833,completed
3182.4546,30,119.584936,1.0,True,30,0,0,699.2390632629395,952.7445440292358,0.749716059366862,699.2390632629395,completed
3183.291312,30,119.61904,1.0,True,30,0,0,628.0088772773743,831.1214818954468,2.8444955190022787,628.0088772773743,completed
1963.592806,30,119.652697,1.0,True,30,0,0,792.5773705244064,1040.6018841266632,15.186644983291625,792.5773705244064,completed
2631.917746,30,119.687801,1.0,True,30,0,0,835.3931350708008,1013.0228307247162,5.375354321797689,835.3931350708008,completed
2794.448653,30,119.721254,1.0,True,30,0,0,725.6674704551697,888.0734090805054,6.887835248311361,725.6674704551697,completed
2913.65848,30,119.754761,1.0,True,30,0,0,773.898068189621,924.1614508628845,3.34041805267334,773.898068189621,completed
2291.406508,30,119.788347,1.0,True,30,0,0,924.9480926990509,1164.6102271080017,6.95922311147054,924.9480926990509,completed
2124.105606,30,119.822154,1.0,True,30,0,0,840.6078419685364,1194.9899911880493,10.03401165008545,840.6078419685364,completed
1851.576152,30,119.855368,1.0,True,30,0,0,817.1569607257843,1276.414388179779,13.317897415161132,817.1569607257843,completed
2777.51791,30,119.888736,1.0,True,30,0,0,730.0210165977478,1030.7494611740112,4.094084548950195,730.0210165977478,completed
2690.316057,30,119.921779,1.0,True,30,0,0,783.3126592636108,1021.1878042221069,4.773162714640299,783.3126592636108,completed
2393.780865,30,119.955526,1.0,True,30,0,0,806.1798410415649,1169.8907260894775,7.593857192993164,806.1798410415649,completed
2515.517292,30,119.988793,1.0,True,30,0,0,861.1416521072388,1021.0003583431244,7.744955380757649,861.1416521072388,completed
2538.677265,30,120.02192,1.0,True,30,0,0,804.104772567749,1173.0514812469482,4.725054041544596,804.104772567749,completed
2779.503312,30,120.055305,1.0,True,30,0,0,728.4367513656616,857.6002140045166,6.417906697591146,728.4367513656616,completed
2372.802472,30,120.088973,1.0,True,30,0,0,859.638153553009,1149.6515493392944,7.779965527852377,859.638153553009,completed
2162.113164,30,120.122789,1.0,True,30,0,0,877.4265105724335,1073.4332973957062,10.844238376617431,877.4265105724335,completed
3039.887877,30,120.155982,1.0,True,30,0,0,701.8651384115219,814.3612320423126,3.55326140721639,701.8651384115219,completed
3095.686635,30,120.189332,1.0,True,30,0,0,732.3520736694336,896.6079349517822,2.893889872233073,732.3520736694336,completed
1528.477086,30,120.222807,1.0,True,30,0,0,920.6211171150208,1245.4349875450134,17.402862628300984,920.6211171150208,completed
2011.326656,30,120.255716,1.0,True,30,0,0,842.2085409164429,1113.296711921692,12.978697268168132,842.2085409164429,completed
2340.459916,30,121.47008,1.0,True,30,0,0,764.9308791160583,1019.3052797317505,10.405762481689454,764.9308791160583,completed
2414.713943,30,121.504146,1.0,True,30,0,0,958.552059173584,1332.5984745025635,3.1549416542053224,958.552059173584,completed
2536.59067,30,121.53761,1.0,True,30,0,0,813.0527095794678,1086.201822757721,6.262594985961914,813.0527095794678,completed
412.081126,30,121.570554,1.0,True,30,0,0,1130.1562666893005,1715.9850435256958,24.45402609507243,1130.1562666893005,completed
2822.464024,30,121.60384,1.0,True,30,0,0,781.0731081962585,998.0093851089478,4.26802978515625,781.0731081962585,completed
2472.387088,30,121.637245,1.0,True,30,0,0,778.2613379955292,1021.1540505886078,8.873110898335774,778.2613379955292,completed
3496.828206,30,121.670975,1.0,True,30,0,0,646.6198770999908,759.2726073265076,0.0,646.6198770999908,completed
1572.118293,30,121.704674,1.0,True,30,0,0,828.7555010318756,1230.0009331703186,16.627123006184895,828.7555010318756,completed
2634.02403,30,121.73805,1.0,True,30,0,0,734.7203497886658,1053.1351118087769,6.028252283732097,734.7203497886658,completed
3349.317294,30,121.771911,1.0,True,30,0,0,680.0811066627502,834.8950967788696,0.3208239237467448,680.0811066627502,completed
706.621308,30,121.804935,1.0,True,30,0,0,1129.5318088531494,1857.5766124725342,18.20542221069336,1129.5318088531494,completed
3005.718391,30,121.83846,1.0,True,30,0,0,689.9812109470367,857.9517483711243,3.8590993245442706,689.9812109470367,completed
2371.217962,30,121.871874,1.0,True,30,0,0,754.9221143722534,1105.2243382930756,8.834699948628744,754.9221143722534,completed
2848.652906,30,121.905798,1.0,True,30,0,0,686.9394335746765,1055.5889616012573,3.7172595977783205,686.9394335746765,completed
1137.789069,30,121.939146,1.0,True,30,0,0,856.65709400177,1289.3997325897217,22.081282806396484,856.65709400177,completed
2979.482513,30,121.973064,1.0,True,30,0,0,664.6466029882431,896.1722133159637,5.099001502990722,664.6466029882431,completed
2378.686053,30,122.00644,1.0,True,30,0,0,842.2683255076408,1165.758488535881,7.143643569946289,842.2683255076408,completed
611.980653,30,122.039841,1.0,True,30,0,0,1058.9153838157654,1784.9946737289429,21.81959959665934,1058.9153838157654,completed
3094.706079,30,122.073379,1.0,True,30,0,0,735.2982382774353,839.9850072860718,2.6688578287760416,735.2982382774353,completed
3010.091403,30,122.106888,1.0,True,30,0,0,714.1024655103683,868.7527854442596,3.763650894165039,714.1024655103683,completed
2472.240541,30,122.141149,1.0,True,30,0,0,756.7911620140076,983.4285864830017,8.948555278778077,756.7911620140076,completed
2930.749035,30,122.174259,1.0,True,30,0,0,788.2254803180695,948.3219037055969,3.3026930491129556,788.2254803180695,completed
2013.658561,30,122.208177,1.0,True,30,0,0,943.8090698719025,1260.0788407325745,9.64948787689209,943.8090698719025,completed
2870.81463,30,122.243097,1.0,True,30,0,0,761.5205135345459,979.9222674369812,3.5726428031921387,761.5205135345459,completed
2779.064728,30,122.276461,1.0,True,30,0,0,752.1233895421028,930.0862175226212,6.526106643676758,752.1233895421028,completed
2134.547537,30,122.30977,1.0,True,30,0,0,789.5618224143982,1133.3900623321533,11.499771690368652,789.5618224143982,completed
3021.098545,30,122.343728,1.0,True,30,0,0,683.7645931243896,792.525800704956,4.8644053141276045,683.7645931243896,completed
2270.662149,30,122.376911,1.0,True,30,0,0,829.5948580503464,1134.4325015544891,9.228419748942057,829.5948580503464,completed
3072.663865,30,122.410608,1.0,True,30,0,0,732.323667049408,938.5436544418335,1.6757319132486979,732.323667049408,completed
794.146169,30,122.444201,1.0,True,30,0,0,1107.4650464057922,1702.003581047058,18.569514401753743,1107.4650464057922,completed
2089.968304,30,122.478276,1.0,True,30,0,0,893.8215246200562,1184.52024269104,10.262775230407716,893.8215246200562,completed
2918.489977,30,122.511834,1.0,True,30,0,0,805.6187462806702,968.695779800415,3.376223627726237,805.6187462806702,completed
1841.103366,30,122.545671,1.0,True,30,0,0,903.0012669563293,1217.4410343170166,13.715178934733073,903.0012669563293,completed
2538.648218,30,122.579158,1.0,True,30,0,0,782.6167678833008,1058.9800872802734,7.865060424804687,782.6167678833008,completed
2919.107799,30,122.61342,1.0,True,30,0,0,763.1412010192871,906.009635925293,4.106614685058593,763.1412010192871,completed
2233.758365,30,122.646717,1.0,True,30,0,0,846.1967387199402,1154.4512014389038,8.893787829081218,846.1967387199402,completed
1984.96392,30,122.680037,1.0,True,30,0,0,911.5994758605957,1242.4724349975586,11.605945269266764,911.5994758605957,completed
3099.027807,30,122.713489,1.0,True,30,0,0,714.942898273468,849.228515625,3.8809181213378907,714.942898273468,completed
3363.362126,30,122.748229,1.0,True,30,0,0,670.3650045394897,819.9329538345337,0.04154370625813802,670.3650045394897,completed
1918.892658,30,122.78316,1.0,True,30,0,0,820.6824741363525,1187.9951305389404,13.781720225016276,820.6824741363525,completed
3112.10756,30,122.816529,1.0,True,30,0,0,689.3635656833649,782.1393733024597,4.315349833170573,689.3635656833649,completed
2747.689318,30,122.850549,1.0,True,30,0,0,664.572696685791,868.1294231414795,8.2270783106486,664.572696685791,completed
2726.991887,30,122.886046,1.0,True,30,0,0,710.6648445129395,970.1839122772217,6.65678170522054,710.6648445129395,completed
2544.526991,30,122.923795,1.0,True,30,0,0,818.1084172725677,1010.2847247123718,6.221579360961914,818.1084172725677,completed
2376.361421,30,122.957644,1.0,True,30,0,0,851.5546193122864,1286.217453956604,5.297776794433593,851.5546193122864,completed
2388.933289,30,122.990951,1.0,True,30,0,0,816.5720319747925,1003.690746307373,9.367727851867675,816.5720319747925,completed
2865.341164,30,123.023912,1.0,True,30,0,0,680.0005813837051,839.308854341507,7.056979115804037,680.0005813837051,completed
1757.002344,30,123.057263,1.0,True,30,0,0,974.1919412612915,1195.2990417480469,14.810892422993978,974.1919412612915,completed
2223.725342,30,123.09187,1.0,True,30,0,0,905.4697828292847,1122.2823524475098,9.47470334370931,905.4697828292847,completed
3418.36165,30,123.125283,1.0,True,30,0,0,655.4868454933167,731.5883684158325,1.3099839528401693,655.4868454933167,completed
2850.441196,30,123.159081,1.0,True,30,0,0,770.7033805847168,968.7796363830566,4.441319592793783,770.7033805847168,completed
2104.728428,30,123.192207,1.0,True,30,0,0,856.1386682987213,1003.2503628730774,13.716882864634195,856.1386682987213,completed
2710.23331,30,123.22536,1.0,True,30,0,0,782.5142161846161,986.2424855232239,5.506523768107097,782.5142161846161,completed
3112.534113,30,123.258657,1.0,True,30,0,0,670.6861329078674,960.5861110687256,1.6401580810546874,670.6861329078674,completed
588.021021,30,123.292238,1.0,True,30,0,0,973.14697265625,1584.1792488098145,23.84156036376953,973.14697265625,completed
2312.260038,30,123.325129,1.0,True,30,0,0,916.5994095802307,1036.8692545890808,9.453735605875652,916.5994095802307,completed
2818.579821,30,123.358288,1.0,True,30,0,0,789.6464223861694,930.6626071929932,5.065057627360026,789.6464223861694,completed
1979.816206,30,123.391672,1.0,True,30,0,0,875.6696038246155,1169.0199298858643,12.147668488820393,875.6696038246155,completed
1696.780672,30,123.424871,1.0,True,30,0,0,906.5635256767273,1287.4185152053833,14.385347429911295,906.5635256767273,completed
2182.645442,30,123.458397,1.0,True,30,0,0,869.0459794998169,1163.343165397644,9.354158147176106,869.0459794998169,completed
2700.891452,30,123.491684,1.0,True,30,0,0,702.5098457336426,943.581600189209,7.244381332397461,702.5098457336426,completed
2297.219383,30,123.525608,1.0,True,30,0,0,764.7770731449127,959.9010796546936,11.800386428833008,764.7770731449127,completed
2361.858118,30,123.558806,1.0,True,30,0,0,790.2581486701965,1076.7549715042114,7.909275404612223,790.2581486701965,completed
2195.54229,30,123.592653,1.0,True,30,0,0,801.314779996872,1112.219928264618,11.170448684692383,801.314779996872,completed
2638.158408,30,123.626851,1.0,True,30,0,0,726.6054368913174,922.519733607769,6.768443711598715,726.6054368913174,completed
1995.829816,30,123.660828,1.0,True,30,0,0,880.2254948616028,1211.8100233078003,12.30073102315267,880.2254948616028,completed
2399.427046,30,123.693774,1.0,True,30,0,0,829.9483383893967,937.0437104701996,10.697597821553549,829.9483383893967,completed
2320.184046,30,123.726795,1.0,True,30,0,0,878.4890415668488,1171.0737671852112,8.075689760843913,878.4890415668488,completed
1776.379829,30,123.760249,1.0,True,30,0,0,882.4631920456886,1150.9635668992996,15.801372210184732,882.4631920456886,completed
2994.055192,30,124.965009,1.0,True,30,0,0,668.391055226326,892.7418825626373,4.464901733398437,668.391055226326,completed
1824.499396,30,125.000693,1.0,True,30,0,0,781.2849322557449,1122.8619558811188,16.10969155629476,781.2849322557449,completed
2344.934378,30,125.035409,1.0,True,30,0,0,845.1819171905518,1032.5653800964355,9.702242565155029,845.1819171905518,completed
1860.103614,30,125.070273,1.0,True,30,0,0,931.1216548085213,1260.4964834451675,12.32795435587565,931.1216548085213,completed
2295.545785,30,125.105906,1.0,True,30,0,0,768.3325777053833,1045.0558767318726,10.64822006225586,768.3325777053833,completed
795.09407,30,125.141174,1.0,True,30,0,0,935.8474861383438,1399.5495436191559,24.981549008687338,935.8474861383438,completed
2226.586353,30,125.176525,1.0,True,30,0,0,881.1106190681458,1244.8511276245117,7.840183925628662,881.1106190681458,completed
2836.059397,30,125.210556,1.0,True,30,0,0,771.5186973810196,1056.9493448734283,3.0564184188842773,771.5186973810196,completed
2149.513692,30,125.246262,1.0,True,30,0,0,828.6117434501648,1171.7931365966797,10.572446854909261,828.6117434501648,completed
3007.405276,30,125.281599,1.0,True,30,0,0,699.4536957740784,952.7047109603882,2.8324554125467936,699.4536957740784,completed
2421.259913,30,125.316367,1.0,True,30,0,0,774.5588321685791,1040.5024690628052,9.407534535725912,774.5588321685791,completed
2857.643039,30,125.350924,1.0,True,30,0,0,654.0968419313431,868.4857752323151,5.659408378601074,654.0968419313431,completed
1963.242316,30,125.385954,1.0,True,30,0,0,895.96364402771,1174.3570575714111,12.539778900146484,895.96364402771,completed
1825.464994,30,125.421034,1.0,True,30,0,0,951.8261485099792,1278.2695055007935,11.539047686258952,951.8261485099792,completed
2150.04572,30,125.456255,1.0,True,30,0,0,818.4837353229523,1098.7253108024597,11.58776995340983,818.4837353229523,completed
1753.701565,30,125.491943,1.0,True,30,0,0,934.8337874412537,1424.184157371521,9.813259824117024,934.8337874412537,completed
1919.999758,30,125.527167,1.0,True,30,0,0,844.9785962104797,1136.2179908752441,14.886221567789713,844.9785962104797,completed
1435.070517,30,125.562141,1.0,True,30,0,0,899.9329932928085,1293.9438688755035,18.693857192993164,899.9329932928085,completed
2791.519229,30,125.596641,1.0,True,30,0,0,675.6797372996807,808.6321920752525,8.059625291824341,675.6797372996807,completed
3377.098558,30,125.631988,1.0,True,30,0,0,609.5180728435516,798.2837507724762,0.8179745356241862,609.5180728435516,completed
2153.522736,30,125.666659,1.0,True,30,0,0,882.4939975738525,1207.8407249450684,9.305934460957845,882.4939975738525,completed
993.693227,30,125.701914,1.0,True,30,0,0,969.6547250747681,1569.6760272979736,19.04783846537272,969.6547250747681,completed
2908.344059,30,125.736753,1.0,True,30,0,0,699.9861629009247,824.3742070198059,5.9975435892740885,699.9861629009247,completed
1778.785502,30,125.772317,1.0,True,30,0,0,887.012464761734,1364.239019870758,13.055734952290853,887.012464761734,completed
2235.300567,30,125.807363,1.0,True,30,0,0,827.9155673980713,1105.0680131912231,11.206254641215006,827.9155673980713,completed
2175.193379,30,125.842389,1.0,True,30,0,0,763.3087537288666,1116.4038739204407,11.812951787312825,763.3087537288666,completed
2849.837957,30,125.877013,1.0,True,30,0,0,625.4328460693359,804.0134525299072,8.50812562306722,625.4328460693359,completed
2513.802294,30,125.912046,1.0,True,30,0,0,847.4909663200378,950.4835987091064,7.9528527895609535,847.4909663200378,completed
1698.602735,30,125.947405,1.0,True,30,0,0,927.6892585754395,1355.701771736145,12.891862678527833,927.6892585754395,completed
2444.967239,30,125.982212,1.0,True,30,0,0,852.7820158004761,1145.024899482727,6.730602709452311,852.7820158004761,completed
1858.073242,30,126.016716,1.0,True,30,0,0,774.7077600955963,1131.658028125763,16.287971178690594,774.7077600955963,completed
2711.910552,30,126.051565,1.0,True,30,0,0,710.2730293273926,916.4896960258484,7.8964494069417315,710.2730293273926,completed
2758.553792,30,126.087043,1.0,True,30,0,0,675.7400276660919,910.804434299469,5.901955223083496,675.7400276660919,completed
1859.497479,30,126.12204,1.0,True,30,0,0,948.2667691707611,1331.4343609809875,11.282744375864665,948.2667691707611,completed
2092.936757,30,126.156566,1.0,True,30,0,0,905.5880103111267,1150.3690538406372,10.72174129486084,905.5880103111267,completed
1953.216178,30,126.19186,1.0,True,30,0,0,950.8972244262695,1200.1566486358643,11.684552892049153,950.8972244262695,completed
2225.454566,30,126.227009,1.0,True,30,0,0,932.220227599144,1397.0649182796478,4.974031448364258,932.220227599144,completed
2810.363273,30,126.26248,1.0,True,30,0,0,681.4229106903076,952.9497652053833,5.87563730875651,681.4229106903076,completed
2399.00055,30,126.296537,1.0,True,30,0,0,764.2365341186523,1057.0286722183228,9.162099838256836,764.2365341186523,completed
1661.849996,30,126.332021,1.0,True,30,0,0,968.4093852043152,1387.6258459091187,13.345265706380209,968.4093852043152,completed
3478.689178,30,126.367368,1.0,True,30,0,0,572.1375148892403,648.0967508554459,2.252031453450521,572.1375148892403,completed
1401.353382,30,126.402413,1.0,True,30,0,0,1022.8211421966553,1449.6241731643677,15.589455699920654,1022.8211421966553,completed
2665.612203,30,126.43751,1.0,True,30,0,0,720.0110473632812,1006.7096853256226,6.083341916402181,720.0110473632812,completed
2690.606166,30,126.471716,1.0,True,30,0,0,779.1254968643188,994.6657276153564,6.129770596822103,779.1254968643188,completed
1862.166638,30,126.506673,1.0,True,30,0,0,834.7377593517303,1130.832573890686,16.884581247965496,834.7377593517303,completed
1612.520361,30,126.54125,1.0,True,30,0,0,925.6101665496826,1259.7451677322388,16.106564235687255,925.6101665496826,completed
2396.742351,30,126.576243,1.0,True,30,0,0,727.7880883216858,1049.9225797653198,9.277832635243733,727.7880883216858,completed
2339.967742,30,126.61224,1.0,True,30,0,0,822.7319624423981,1031.9479880332947,9.604171562194825,822.7319624423981,completed
1485.273069,30,126.648173,1.0,True,30,0,0,941.3257640600204,1513.74423289299,12.996880276997883,941.3257640600204,completed
3289.59135,30,126.68317,1.0,True,30,0,0,684.2182126045227,787.7791442871094,2.138677724202474,684.2182126045227,completed
1218.492782,30,126.718471,1.0,True,30,0,0,1017.2764670848846,1504.3994898796082,17.271698315938313,1017.2764670848846,completed
2340.600079,30,126.753846,1.0,True,30,0,0,775.2893154621124,1120.5165584087372,8.860968621571859,775.2893154621124,completed
2720.044293,30,126.788692,1.0,True,30,0,0,747.6933648586273,973.4618144035339,6.34219487508138,747.6933648586273,completed
3448.060592,30,126.822999,1.0,True,30,0,0,681.2264113426208,760.1979532241821,0.03309688568115234,681.2264113426208,completed
3066.628953,30,126.858064,1.0,True,30,0,0,667.4554076194763,954.1246604919434,2.55601126352946,667.4554076194763,completed
2411.801298,30,126.89321,1.0,True,30,0,0,794.0657858848572,1027.5577392578125,8.357428614298502,794.0657858848572,completed
2569.841563,30,126.927998,1.0,True,30,0,0,736.4724282026291,943.3972165584564,8.67563403447469,736.4724282026291,completed
2137.239385,30,126.962534,1.0,True,30,0,0,880.9450786113739,1072.1135039329529,11.247811889648437,880.9450786113739,completed
2769.262653,30,126.997643,1.0,True,30,0,0,737.1935012340546,929.2304170131683,6.854463132222493,737.1935012340546,completed
3020.291372,30,127.032896,1.0,True,30,0,0,658.7083921432495,886.0413284301758,4.247302182515463,658.7083921432495,completed
2928.705233,30,127.067549,1.0,True,30,0,0,789.7971444129944,865.0786237716675,4.847166570027669,789.7971444129944,completed
3199.029732,30,127.102799,1.0,True,30,0,0,671.1747369766235,890.4672513008118,1.0625241597493489,671.1747369766235,completed
2631.881228,30,127.13767,1.0,True,30,0,0,768.3648153543472,1043.5671780109406,6.736266454060872,768.3648153543472,completed
2747.109762,30,127.17296,1.0,True,30,0,0,764.0968611240387,958.0373940467834,4.343183135986328,764.0968611240387,completed
1784.053085,30,127.208482,1.0,True,30,0,0,1035.78937458992,1669.4762082099915,6.717491022745768,1035.78937458992,completed
1458.439827,30,127.243841,1.0,True,30,0,0,847.559229016304,1237.5820372104645,19.44473991394043,847.559229016304,completed
2765.052755,30,127.279606,1.0,True,30,0,0,699.031555891037,966.5827822685242,5.78812084197998,699.031555891037,completed
2522.317389,30,127.31457,1.0,True,30,0,0,739.4910855293274,1029.0323972702026,8.284205373128255,739.4910855293274,completed
3078.572465,30,128.539358,1.0,True,30,0,0,642.7086817026138,867.9641654491425,2.100695737202962,642.7086817026138,completed
1892.659008,30,128.573209,1.0,True,30,0,0,857.2152106165886,1253.4907063245773,13.069534810384114,857.2152106165886,completed
1867.186535,30,128.607344,1.0,True,30,0,0,897.7079269886017,1305.0062222480774,12.56136441230774,897.7079269886017,completed
3489.155145,30,128.640961,1.0,True,30,0,0,648.8559350967407,697.572422504425,0.8200271606445313,648.8559350967407,completed
2480.597973,30,128.674926,1.0,True,30,0,0,811.4899886250496,1078.4630762338638,6.936644172668457,811.4899886250496,completed
2875.032078,30,128.709565,1.0,True,30,0,0,690.6275796890259,915.8049259185791,5.386765925089518,690.6275796890259,completed
2398.202712,30,128.742817,1.0,True,30,0,0,767.1459760665894,1077.3860216140747,8.77308464050293,767.1459760665894,completed
1581.138961,30,128.777702,1.0,True,30,0,0,977.4358549118042,1265.0563793182373,16.43062515258789,977.4358549118042,completed
2957.775383,30,128.811517,1.0,True,30,0,0,652.4228599071503,872.7984519004822,4.761543401082357,652.4228599071503,completed
2735.043688,30,128.844759,1.0,True,30,0,0,795.3979721069336,992.7807540893555,4.844311650594076,795.3979721069336,completed
2128.236853,30,128.877818,1.0,True,30,0,0,790.6292364001274,1127.8886550664902,12.11180140177409,790.6292364001274,completed
2183.859008,30,128.911793,1.0,True,30,0,0,864.3448305130005,1195.5023517608643,9.20802510579427,864.3448305130005,completed
2536.498266,30,128.944933,1.0,True,30,0,0,778.9357974529266,1001.6474299430847,7.738801383972168,778.9357974529266,completed
2316.774407,30,128.978687,1.0,True,30,0,0,869.0447068214417,1172.5958681106567,6.94905522664388,869.0447068214417,completed
2743.007073,30,129.012065,1.0,True,30,0,0,770.0354189872742,927.8975400924683,6.571406364440918,770.0354189872742,completed
2817.590362,30,129.045913,1.0,True,30,0,0,697.896913766861,941.5010018348694,6.217006460825602,697.896913766861,completed
2212.485652,30,129.079182,1.0,True,30,0,0,911.0295395851135,1164.6785135269165,9.245837656656901,911.0295395851135,completed
898.780024,30,129.113027,1.0,True,30,0,0,1002.2469329833984,1517.8706483840942,20.420235045750935,1002.2469329833984,completed
2842.514303,30,129.146863,1.0,True,30,0,0,721.0512075424194,1013.7563810348511,4.245382563273112,721.0512075424194,completed
2593.891229,30,129.179699,1.0,True,30,0,0,731.3782298564911,1022.4538245201111,6.876377105712891,731.3782298564911,completed
2759.211813,30,129.2131,1.0,True,30,0,0,684.2267775535583,883.487850189209,7.973591423034668,684.2267775535583,completed
2664.817459,30,129.246788,1.0,True,30,0,0,729.6079216003418,941.4333338737488,8.030685345331827,729.6079216003418,completed
2737.376532,30,129.280552,1.0,True,30,0,0,714.394232749939,913.1341161727905,7.075656668345133,714.394232749939,completed
928.777904,30,129.314824,1.0,True,30,0,0,1030.8799109458923,1544.9030618667603,19.138346354166668,1030.8799109458923,completed
2042.590499,30,129.3485,1.0,True,30,0,0,747.1658120155334,1074.1997060775757,14.54150562286377,747.1658120155334,completed
2166.273139,30,129.382174,1.0,True,30,0,0,861.0341053009033,1217.7430505752563,8.293150711059571,861.0341053009033,completed
2168.276305,30,129.415562,1.0,True,30,0,0,802.0909821987152,1196.1686987876892,10.078058942159016,802.0909821987152,completed
3146.477499,30,129.448818,1.0,True,30,0,0,655.4591245651245,770.7915201187134,3.456272570292155,655.4591245651245,completed
3023.051578,30,129.482366,1.0,True,30,0,0,654.4465236663818,827.6337728500366,4.481389300028483,654.4465236663818,completed
2227.546471,30,129.516215,1.0,True,30,0,0,777.3489183187485,1146.6476333141327,11.078863016764323,777.3489183187485,completed
3388.049832,30,129.549873,1.0,True,30,0,0,687.5087702274323,759.4514474868774,0.5674718856811524,687.5087702274323,completed
2508.2614,30,129.584082,1.0,True,30,0,0,900.4490346908569,1186.7934226989746,4.4332735697428385,900.4490346908569,completed
2592.208804,30,129.617777,1.0,True,30,0,0,729.8562226295471,1061.4622621536255,7.0378162384033205,729.8562226295471,completed
3260.247153,30,129.650926,1.0,True,30,0,0,635.5137732028961,783.6661524772644,2.7735302607218424,635.5137732028961,completed
2637.429151,30,129.684061,1.0,True,30,0,0,789.2575025558472,1027.702880859375,5.892386309305826,789.2575025558472,completed
2599.063139,30,129.717905,1.0,True,30,0,0,785.9952487945557,1122.797523021698,5.237707265218099,785.9952487945557,completed
1093.496482,30,129.750987,1.0,True,30,0,0,1002.5948867797852,1482.6355619430542,19.900791136423745,1002.5948867797852,completed
2263.627082,30,129.784567,1.0,True,30,0,0,785.3397078514099,1085.9783964157104,10.676547622680664,785.3397078514099,completed
2483.453969,30,129.817759,1.0,True,30,0,0,741.5070259571075,994.7199339866638,9.124164803822834,741.5070259571075,completed
2167.432725,30,129.851172,1.0,True,30,0,0,794.7041683197021,1191.9217681884766,9.827180480957031,794.7041683197021,completed
1991.29613,30,129.885193,1.0,True,30,0,0,874.8191666603088,1170.7749586105347,12.349331919352213,874.8191666603088,completed
1863.774152,30,129.924336,1.0,True,30,0,0,860.4839849472046,1151.068232536316,14.56267334620158,860.4839849472046,completed
2526.246614,30,129.968676,1.0,True,30,0,0,788.1086449623108,1007.7380056381226,7.706273206075033,788.1086449623108,completed
2379.471986,30,130.006523,1.0,True,30,0,0,725.3847246170044,1001.2575283050537,10.481898307800293,725.3847246170044,completed
2284.414786,30,130.046547,1.0,True,30,0,0,846.8835453987122,1182.6829957962036,8.358396530151367,846.8835453987122,completed
2229.218855,30,130.082026,1.0,True,30,0,0,775.5644037723541,1222.0987992286682,8.435563723246256,775.5644037723541,completed
2739.778922,30,130.115873,1.0,True,30,0,0,709.0573589205742,964.7449001073837,6.142787869771322,709.0573589205742,completed
3207.067987,30,130.149723,1.0,True,30,0,0,688.4160633087158,861.3134460449219,2.1239597320556642,688.4160633087158,completed
3121.446976,30,130.183282,1.0,True,30,0,0,633.900764465332,755.899320602417,3.9453885396321615,633.900764465332,completed
2652.995824,30,130.217504,1.0,True,30,0,0,795.6267443597317,1078.6152173876762,5.05252316792806,795.6267443597317,completed
2945.728737,30,130.251571,1.0,True,30,0,0,739.4919595718384,880.3758697509766,5.2027105013529455,739.4919595718384,completed
726.934902,30,130.285206,1.0,True,30,0,0,1100.840564250946,1733.7871284484863,19.589915307362876,1100.840564250946,completed
2793.050756,30,130.318388,1.0,True,30,0,0,651.3914284706116,871.3025274276733,6.711360104878744,651.3914284706116,completed
2366.078744,30,130.352129,1.0,True,30,0,0,829.8243248462677,1223.7109761238098,5.582409795125326,829.8243248462677,completed
2292.594141,30,130.385319,1.0,True,30,0,0,856.0658986568451,1085.52472448349,9.494818719228109,856.0658986568451,completed
2772.613807,30,130.418069,1.0,True,30,0,0,818.4612174034119,957.8278584480286,5.044980303446452,818.4612174034119,completed
2088.612107,30,130.451679,1.0,True,30,0,0,844.7246432304382,1125.5506572723389,12.274123064676921,844.7246432304382,completed
1479.305457,30,130.485141,1.0,True,30,0,0,1028.5689401626587,1633.7035818099976,12.107987308502198,1028.5689401626587,completed
3521.059054,30,130.519348,1.0,True,30,0,0,597.1509976387024,691.6126375198364,0.49794076283772787,597.1509976387024,completed
2442.018291,30,130.552869,1.0,True,30,0,0,824.0776472091675,1035.0744647979736,8.665886815388998,824.0776472091675,completed
1832.811763,30,130.58575,1.0,True,30,0,0,957.437037229538,1240.3393425941467,12.889212290445963,957.437037229538,completed
2604.451433,30,130.618821,1.0,True,30,0,0,726.3309803009033,939.191632270813,9.11065305074056,726.3309803009033,completed
2894.629478,30,130.653156,1.0,True,30,0,0,704.9312834739685,958.2559938430786,4.555502637227376,704.9312834739685,completed
2803.317782,30,130.686778,1.0,True,30,0,0,805.8634986877441,1014.9990034103394,3.1944202423095702,805.8634986877441,completed
2971.824279,30,130.719515,1.0,True,30,0,0,692.9610614776611,927.4991245269775,4.785834121704101,692.9610614776611,completed
3084.61635,30,130.753233,1.0,True,30,0,0,664.0473065376282,947.3084583282471,1.998599370320638,664.0473065376282,completed
2625.884094,30,130.787381,1.0,True,30,0,0,847.0253372192383,1245.7740631103516,1.9258205731709799,847.0253372192383,completed
3437.871815,30,130.820631,1.0,True,30,0,0,595.3386960029602,666.5611562728882,2.361794916788737,595.3386960029602,completed
3269.450643,30,132.04049,1.0,True,30,0,0,626.5082063674927,773.1817531585693,2.4857417424519856,626.5082063674927,completed
2092.532352,30,132.074504,1.0,True,30,0,0,775.9155712127686,1070.8541321754456,13.066312662760417,775.9155712127686,completed
3035.170305,30,132.108234,1.0,True,30,0,0,663.5634528398514,729.324295759201,6.407248306274414,663.5634528398514,completed
2234.715676,30,132.142418,1.0,True,30,0,0,826.6819448471069,1210.5482091903687,7.627868779500326,826.6819448471069,completed
2516.585847,30,132.176285,1.0,True,30,0,0,797.8170428276062,1058.4537982940674,7.257079156239827,797.8170428276062,completed
2323.796706,30,132.209597,1.0,True,30,0,0,791.8466584682465,1050.2472233772278,10.680389213562012,791.8466584682465,completed
2885.293849,30,132.243567,1.0,True,30,0,0,736.3133254051208,917.8113780021667,4.305427328745524,736.3133254051208,completed
3202.325443,30,132.277188,1.0,True,30,0,0,558.9334235191345,782.5407762527466,3.2753274917602537,558.9334235191345,completed
2440.910529,30,132.311137,1.0,True,30,0,0,833.5077033042908,1220.812726020813,5.601514180501302,833.5077033042908,completed
1548.712434,30,132.344744,1.0,True,30,0,0,821.4704804420471,1222.809042930603,18.888588841756185,821.4704804420471,completed
1279.904492,30,132.378874,1.0,True,30,0,0,1049.6523132324219,1509.8155117034912,15.40845095316569,1049.6523132324219,completed
2211.949438,30,132.412751,1.0,True,30,0,0,775.0021829605103,1129.7653827667236,10.421788851420084,775.0021829605103,completed
2182.088899,30,132.445925,1.0,True,30,0,0,755.95161485672,1068.8428792953491,12.643549410502116,755.95161485672,completed
1524.14103,30,132.47994,1.0,True,30,0,0,871.8548259735107,1292.5638751983643,18.348763529459635,871.8548259735107,completed
2038.513956,30,132.51331,1.0,True,30,0,0,810.2010717391968,1163.441354751587,12.342998504638672,810.2010717391968,completed
2033.962619,30,132.546823,1.0,True,30,0,0,829.9501438140869,1155.5000610351562,11.533620452880859,829.9501438140869,completed
2787.882999,30,132.580773,1.0,True,30,0,0,655.4694168567657,827.2464728355408,7.564403851826985,655.4694168567657,completed
1997.587342,30,132.616954,1.0,True,30,0,0,844.1475164890289,1172.141945362091,12.526133473714193,844.1475164890289,completed
3075.058267,30,132.651411,1.0,True,30,0,0,708.0937461853027,848.0912799835205,3.5364179611206055,708.0937461853027,completed
2631.240633,30,132.684942,1.0,True,30,0,0,698.2447826862335,891.7349324226379,8.981734530131023,698.2447826862335,completed
2268.720764,30,132.717916,1.0,True,30,0,0,798.711511850357,999.5532078742981,12.042396672566731,798.711511850357,completed
2001.327516,30,132.751635,1.0,True,30,0,0,739.6490240097046,1161.0081424713135,13.296235211690266,739.6490240097046,completed
3019.187756,30,132.785686,1.0,True,30,0,0,648.0651195049286,893.5919508934021,4.233700434366862,648.0651195049286,completed
3276.835408,30,132.819744,1.0,True,30,0,0,652.122905254364,758.2271947860718,2.3806822458902994,652.122905254364,completed
1931.501014,30,132.853771,1.0,True,30,0,0,876.0410101413727,1180.891023159027,13.98157091140747,876.0410101413727,completed
3111.075829,30,132.888618,1.0,True,30,0,0,726.5745277404785,910.0603675842285,1.6152174949645997,726.5745277404785,completed
2576.471566,30,132.928192,1.0,True,30,0,0,816.9340991973877,1097.6243181228638,6.183020401000976,816.9340991973877,completed
2692.930035,30,132.962171,1.0,True,30,0,0,756.1756720542908,1028.098334312439,5.707606569925944,756.1756720542908,completed
1778.301075,30,132.995708,1.0,True,30,0,0,841.0764045715332,1238.0864448547363,14.16929988861084,841.0764045715332,completed
1477.980427,30,133.028497,1.0,True,30,0,0,987.0486164093018,1430.1162109375,13.777709515889486,987.0486164093018,completed
2186.548894,30,133.061993,1.0,True,30,0,0,894.9226069450378,1279.7654294967651,7.31259282430013,894.9226069450378,completed
2690.178602,30,133.095545,1.0,True,30,0,0,703.9548490047455,872.626570224762,8.292654355367025,703.9548490047455,completed
1964.20367,30,133.129264,1.0,True,30,0,0,848.1603815555573,1174.325867176056,12.169027455647786,848.1603815555573,completed
1439.409943,30,133.162527,1.0,True,30,0,0,963.3940658569336,1384.38321018219,16.74553476969401,963.3940658569336,completed
2043.315172,30,133.196207,1.0,True,30,0,0,808.8517489433289,1130.8245544433594,12.457779471079508,808.8517489433289,completed
2611.671623,30,133.229563,1.0,True,30,0,0,754.3159931898117,987.6607100963593,7.405200004577637,754.3159931898117,completed
3306.849289,30,133.262881,1.0,True,30,0,0,669.4185376167297,826.109363079071,0.8796548207600912,669.4185376167297,completed
2272.795214,30,133.295986,1.0,True,30,0,0,811.9085693359375,1261.7024421691895,7.036449305216471,811.9085693359375,completed
2997.192235,30,133.330122,1.0,True,30,0,0,688.7830152511597,910.4092197418213,3.884796905517578,688.7830152511597,completed
2095.609693,30,133.363962,1.0,True,30,0,0,894.1943826675415,1230.1235313415527,10.162296549479167,894.1943826675415,completed
3093.750568,30,133.397267,1.0,True,30,0,0,637.321007668972,799.0380915403366,4.415248775482178,637.321007668972,completed
2399.399906,30,133.431134,1.0,True,30,0,0,847.5018787384033,1017.7681436538696,9.875900141398112,847.5018787384033,completed
2918.82049,30,133.464956,1.0,True,30,0,0,697.2830982208252,888.2966756820679,5.094721794128418,697.2830982208252,completed
2078.058117,30,133.498606,1.0,True,30,0,0,801.5347385406494,1102.358410358429,12.057113138834636,801.5347385406494,completed
1375.976364,30,133.533052,1.0,True,30,0,0,966.0444490909576,1410.0940022468567,17.30489273071289,966.0444490909576,completed
2475.295818,30,133.566323,1.0,True,30,0,0,713.1095623970032,990.3158578872681,8.374850018819172,713.1095623970032,completed
683.943248,30,133.599457,1.0,True,30,0,0,1141.5597167015076,1724.7094478607178,20.482342147827147,1141.5597167015076,completed
2026.130635,30,133.632967,1.0,True,30,0,0,780.4895119667053,1038.265929698944,14.308052253723144,780.4895119667053,completed
2656.492492,30,133.666591,1.0,True,30,0,0,768.760500907898,946.395022392273,7.686944707234701,768.760500907898,completed
2255.315933,30,133.699729,1.0,True,30,0,0,853.175989151001,1159.7336654663086,9.617857360839844,853.175989151001,completed
1945.5673,30,133.732706,1.0,True,30,0,0,831.4945232868195,1094.7527470588684,14.521799405415853,831.4945232868195,completed
3354.620343,30,133.765804,1.0,True,30,0,0,690.7911559343338,831.9432718753815,0.1794560750325521,690.7911559343338,completed
2834.331095,30,133.798977,1.0,True,30,0,0,705.277220249176,1004.6478943824768,3.456498146057129,705.277220249176,completed
1335.751122,30,133.832393,1.0,True,30,0,0,905.3432929515839,1449.1455514431,17.866379928588866,905.3432929515839,completed
2264.631821,30,133.865614,1.0,True,30,0,0,800.5496778488159,1050.7288036346436,11.153944810231527,800.5496778488159,completed
3251.236992,30,133.899237,1.0,True,30,0,0,660.5594552755356,790.3495724201202,1.7173800786336264,660.5594552755356,completed
2790.872766,30,133.933258,1.0,True,30,0,0,752.787472486496,949.036630153656,5.975240961710612,752.787472486496,completed
2872.31258,30,133.966112,1.0,True,30,0,0,718.7491517812014,995.1643697321415,3.279285367329915,718.7491517812014,completed
1631.865368,30,133.999655,1.0,True,30,0,0,922.9123494625092,1334.3472647666931,14.443420521418254,922.9123494625092,completed
2829.663425,30,134.033196,1.0,True,30,0,0,724.2985697537661,1006.2632056772709,4.1477984428405765,724.2985697537661,completed
2618.830941,30,134.065703,1.0,True,30,0,0,776.0239248275757,967.2546157836914,7.859577115376791,776.0239248275757,completed
1844.530156,30,134.099497,1.0,True,30,0,0,850.6961894035339,1156.8754777908325,14.45815175374349,850.6961894035339,completed
2383.870673,30,134.132934,1.0,True,30,0,0,816.9281058311462,1049.4286069869995,9.860016600290935,816.9281058311462,completed
2375.859097,30,134.166409,1.0,True,30,0,0,805.5817742347717,1086.1882429122925,9.433079528808594,805.5817742347717,completed
3066.886286,30,134.200003,1.0,True,30,0,0,719.1990661621094,865.7710075378418,3.2374361038208006,719.1990661621094,completed
2915.492591,30,134.232883,1.0,True,30,0,0,702.4843170642853,883.9966855049133,4.76034107208252,702.4843170642853,completed
3159.839977,30,134.266268,1.0,True,30,0,0,669.2039861679077,887.2621955871582,2.6274869283040365,669.2039861679077,completed
2814.450458,30,134.29932,1.0,True,30,0,0,687.9106693267822,1009.757137298584,5.11783816019694,687.9106693267822,completed
3126.863766,30,135.528417,1.0,True,30,0,0,685.0985341072083,845.5619497299194,2.5326494852701824,685.0985341072083,completed
2802.71166,30,135.562116,1.0,True,30,0,0,735.361072063446,871.4776258468628,6.9574384689331055,735.361072063446,completed
2466.37441,30,135.595493,1.0,True,30,0,0,732.5590705871582,1013.9717197418213,9.562020937601725,732.5590705871582,completed
2857.104711,30,135.629245,1.0,True,30,0,0,800.3787565231323,1037.8574767112732,3.600413513183594,800.3787565231323,completed
2310.299485,30,135.663111,1.0,True,30,0,0,751.9672155380249,1060.874080657959,11.525978279113769,751.9672155380249,completed
2770.125617,30,135.696645,1.0,True,30,0,0,729.9173101186752,930.2869803905487,6.893471972147624,729.9173101186752,completed
2267.334109,30,135.729536,1.0,True,30,0,0,698.1132621765137,1024.7574462890625,12.609412384033202,698.1132621765137,completed
3535.415268,30,135.763155,1.0,True,30,0,0,530.5458984375,619.557933807373,1.829057757059733,530.5458984375,completed
2754.101779,30,135.797071,1.0,True,30,0,0,642.409384727478,853.509708404541,8.193198521931967,642.409384727478,completed
2752.412819,30,135.830186,1.0,True,30,0,0,690.9705665111542,866.3073592185974,8.334445762634278,690.9705665111542,completed
3490.752262,30,135.864461,1.0,True,30,0,0,610.7756609916687,784.3475828170776,0.0,610.7756609916687,completed
1642.194293,30,135.898081,1.0,True,30,0,0,823.6779651641846,1224.3518772125244,16.446864382425943,823.6779651641846,completed
2758.703958,30,135.932032,1.0,True,30,0,0,753.4005374908447,1054.4373750686646,3.739576784769694,753.4005374908447,completed
2421.395357,30,135.965308,1.0,True,30,0,0,782.2531566619873,1061.5902938842773,9.358390426635742,782.2531566619873,completed
2165.192892,30,135.998989,1.0,True,30,0,0,898.0146487951279,1222.8687884807587,9.097377522786458,898.0146487951279,completed
2300.686289,30,136.031708,1.0,True,30,0,0,846.6893532276154,1137.3088841438293,8.9210054397583,846.6893532276154,completed
1584.004126,30,136.065002,1.0,True,30,0,0,967.0929934978485,1300.6381087303162,15.417302640279134,967.0929934978485,completed
2316.002592,30,136.100469,1.0,True,30,0,0,738.3637206554413,1007.3963446617126,10.880719947814942,738.3637206554413,completed
1182.790461,30,136.134065,1.0,True,30,0,0,955.2038726806641,1456.487057685852,18.532524204254152,955.2038726806641,completed
2896.4803,30,136.167741,1.0,True,30,0,0,683.6841918230057,879.9907405376434,5.75532283782959,683.6841918230057,completed
1810.109096,30,136.200953,1.0,True,30,0,0,889.7231302261353,1345.5287742614746,11.599589570363362,889.7231302261353,completed
2511.438826,30,136.233792,1.0,True,30,0,0,712.5421280860901,978.1003837585449,8.835424582163492,712.5421280860901,completed
2411.939239,30,136.267461,1.0,True,30,0,0,812.4860053062439,1168.1165771484375,6.844015375773112,812.4860053062439,completed
3427.242612,30,136.30079,1.0,True,30,0,0,651.8192799091339,706.0075650215149,1.2509583155314128,651.8192799091339,completed
3468.364606,30,136.334485,1.0,True,30,0,0,636.966579914093,749.8169240951538,0.32761383056640625,636.966579914093,completed
2479.256209,30,136.367394,1.0,True,30,0,0,805.4250197410583,990.4244785308838,9.050364208221435,805.4250197410583,completed
1360.520004,30,136.4013,1.0,True,30,0,0,890.1275143623352,1424.5339441299438,17.223602485656738,890.1275143623352,completed
2777.674213,30,136.435009,1.0,True,30,0,0,715.8379735946655,959.4810047149658,5.539898300170899,715.8379735946655,completed
2509.15001,30,136.468711,1.0,True,30,0,0,785.1532621383667,981.9217252731323,8.077402242024739,785.1532621383667,completed
1334.612502,30,136.50199,1.0,True,30,0,0,963.1883487701416,1388.554449081421,18.001076571146648,963.1883487701416,completed
1151.582347,30,136.535423,1.0,True,30,0,0,1106.6006712913513,1795.817172050476,10.900972684224447,1106.6006712913513,completed
2468.856473,30,136.568594,1.0,True,30,0,0,742.8090081214905,1052.184061050415,9.134260908762615,742.8090081214905,completed
2787.335672,30,136.602196,1.0,True,30,0,0,610.022748708725,850.619793176651,8.849481773376464,610.022748708725,completed
2174.623989,30,136.635686,1.0,True,30,0,0,713.515088558197,1086.222695350647,13.290366554260254,713.515088558197,completed
3119.151801,30,136.668878,1.0,True,30,0,0,675.8227021694183,809.9711308479309,3.4064388910929364,675.8227021694183,completed
2418.875001,30,136.70155,1.0,True,30,0,0,802.816890001297,1042.9152340888977,8.287135124206543,802.816890001297,completed
1806.154981,30,136.73538,1.0,True,30,0,0,879.3522171974182,1250.0789365768433,15.185780970255534,879.3522171974182,completed
2761.852943,30,136.768784,1.0,True,30,0,0,761.6233015060425,949.3924741744995,6.364022572835286,761.6233015060425,completed
1756.82061,30,136.802183,1.0,True,30,0,0,927.9688119888306,1294.2998371124268,13.877804692586263,927.9688119888306,completed
2981.085454,30,136.835741,1.0,True,30,0,0,695.8215970993042,1011.252197265625,1.8174028396606445,695.8215970993042,completed
1284.862677,30,136.868863,1.0,True,30,0,0,1042.2307901382446,1482.555519104004,16.31646296183268,1042.2307901382446,completed
2612.693202,30,136.903105,1.0,True,30,0,0,600.0737142562866,859.3399467468262,10.866477139790852,600.0737142562866,completed
3213.4656,30,136.936484,1.0,True,30,0,0,695.3081774711609,960.3954992294312,0.1319073994954427,695.3081774711609,completed
2075.511643,30,136.969081,1.0,True,30,0,0,801.6097078323364,1089.711124420166,12.747338263193766,801.6097078323364,completed
3104.30402,30,137.002232,1.0,True,30,0,0,712.3046216964722,883.7894344329834,3.1857471466064453,712.3046216964722,completed
2168.844195,30,137.035327,1.0,True,30,0,0,889.5704388618469,1294.6532182693481,7.804916699727376,889.5704388618469,completed
2404.031344,30,137.068703,1.0,True,30,0,0,860.4147043228149,1131.9031372070312,7.577106380462647,860.4147043228149,completed
2871.502403,30,137.101724,1.0,True,30,0,0,684.8832082748413,918.6206398010254,5.868082809448242,684.8832082748413,completed
1326.234841,30,137.134968,1.0,True,30,0,0,926.1139922142029,1373.33495759964,17.540471839904786,926.1139922142029,completed
1633.001413,30,137.168769,1.0,True,30,0,0,992.0383701324463,1497.8870868682861,11.568329493204752,992.0383701324463,completed
1769.784586,30,137.2021,1.0,True,30,0,0,924.8104691505432,1308.8628597259521,12.592999776204428,924.8104691505432,completed
2471.338068,30,137.235968,1.0,True,30,0,0,771.0493445396423,1021.7145862579346,8.119104671478272,771.0493445396423,completed
2479.435046,30,137.268936,1.0,True,30,0,0,773.681263923645,1125.6721930503845,7.3019463857014975,773.681263923645,completed
2169.591094,30,137.302284,1.0,True,30,0,0,859.6947737932205,1196.5036089420319,9.473967870076498,859.6947737932205,completed
3056.321412,30,137.335581,1.0,True,30,0,0,651.6267466545105,839.3703413009644,4.156586074829102,651.6267466545105,completed
2338.052102,30,137.368494,1.0,True,30,0,0,815.0277783870697,1138.7032856941223,9.005960273742676,815.0277783870697,completed
2872.359067,30,137.403092,1.0,True,30,0,0,729.212363243103,943.9816951751709,4.9455608367919925,729.212363243103,completed
1721.924564,30,137.435862,1.0,True,30,0,0,917.1776666641235,1223.3206882476807,15.868601322174072,917.1776666641235,completed
2036.575212,30,137.469322,1.0,True,30,0,0,883.0403797626495,1323.4578783512115,9.129948234558105,883.0403797626495,completed
2444.167059,30,137.502926,1.0,True,30,0,0,915.6674194335938,1229.1198120117188,4.990011596679688,915.6674194335938,completed
2687.380463,30,137.536133,1.0,True,30,0,0,827.4929900169373,963.6240859031677,5.852287483215332,827.4929900169373,completed
1318.882595,30,137.569491,1.0,True,30,0,0,885.590518951416,1314.033857345581,20.405430841445924,885.590518951416,completed
2353.977286,30,137.603221,1.0,True,30,0,0,820.3036727905273,1215.2949771881104,6.450267251332601,820.3036727905273,completed
2543.616788,30,137.636674,1.0,True,30,0,0,786.8194150924683,1129.5986022949219,5.6122183481852215,786.8194150924683,completed
2439.192004,30,137.670728,1.0,True,30,0,0,812.2681347131729,1021.2522747516632,9.08449354171753,812.2681347131729,completed
3115.892415,30,137.703651,1.0,True,30,0,0,677.6386542320251,820.2886972427368,4.086780420939127,677.6386542320251,completed
3000.26962,30,137.737412,1.0,True,30,0,0,713.4254455566406,844.8931217193604,4.371544647216797,713.4254455566406,completed
2693.221512,30,137.771002,1.0,True,30,0,0,803.9366025924683,1099.2215032577515,4.754547882080078,803.9366025924683,completed
2626.993715,30,137.804108,1.0,True,30,0,0,724.1938165426254,1035.1571938991547,6.163618024190267,724.1938165426254,completed
3163.268099,30,139.029424,1.0,True,30,0,0,722.6815094947815,910.5084800720215,0.7760611216227213,722.6815094947815,completed
2685.953402,30,139.065633,1.0,True,30,0,0,693.6611351966858,958.7128438949585,7.721096483866374,693.6611351966858,completed
2818.190016,30,139.100986,1.0,True,30,0,0,858.9171838760376,1084.1301021575928,1.9819426854451498,858.9171838760376,completed
1811.325043,30,139.135599,1.0,True,30,0,0,940.2085609436035,1378.9934406280518,11.710950597127278,940.2085609436035,completed
1850.943513,30,139.170349,1.0,True,30,0,0,945.761830329895,1420.1960725784302,9.823061815897624,945.761830329895,completed
3113.089402,30,139.205968,1.0,True,30,0,0,651.4362504482269,809.5727887153625,3.341979662577311,651.4362504482269,completed
945.989032,30,139.241605,1.0,True,30,0,0,992.3965549468994,1513.714632511139,21.47478232383728,992.3965549468994,completed
2623.291753,30,139.276971,1.0,True,30,0,0,718.9513220787048,986.1437211036682,7.592989349365235,718.9513220787048,completed
2703.553759,30,139.311731,1.0,True,30,0,0,742.3498475551605,966.8196442127228,6.792245395978292,742.3498475551605,completed
2547.972763,30,139.346047,1.0,True,30,0,0,797.4494619369507,1061.3573088645935,7.517741998036702,797.4494619369507,completed
2379.958286,30,139.380892,1.0,True,30,0,0,749.9567070007324,1006.1675157546997,10.55472370783488,749.9567070007324,completed
2646.370509,30,139.416247,1.0,True,30,0,0,818.2925047874451,1117.7331371307373,4.219125620524088,818.2925047874451,completed
2848.751724,30,139.451322,1.0,True,30,0,0,758.0010539293289,1016.0499060153961,4.146545791625977,758.0010539293289,completed
2247.763222,30,139.486855,1.0,True,30,0,0,891.7868356704712,1244.7017011642456,6.966546758015951,891.7868356704712,completed
3049.506175,30,139.521079,1.0,True,30,0,0,737.2014527320862,846.3266496658325,3.703560638427734,737.2014527320862,completed
2020.570298,30,139.556436,1.0,True,30,0,0,904.7371959686279,1227.0142517089844,10.114528465270997,904.7371959686279,completed
2647.9478,30,139.590936,1.0,True,30,0,0,815.0527992248535,1174.2447566986084,3.605854797363281,815.0527992248535,completed
2887.40723,30,139.626173,1.0,True,30,0,0,709.2585210800171,856.5955095291138,5.246376609802246,709.2585210800171,completed
2973.3143,30,139.662397,1.0,True,30,0,0,716.1906085014343,935.4023349285126,3.1338127772013347,716.1906085014343,completed
3348.243501,30,139.697622,1.0,True,30,0,0,554.3909521102905,710.1807837486267,3.4653844197591144,554.3909521102905,completed
3218.596911,30,139.732885,1.0,True,30,0,0,600.9306848049164,752.3494486808777,3.9710047403971354,600.9306848049164,completed
939.035875,30,139.768474,1.0,True,30,0,0,1024.9572343826294,1565.426809310913,20.733671569824217,1024.9572343826294,completed
1918.10262,30,139.803152,1.0,True,30,0,0,772.9458504915237,1106.1837923526764,14.938794962565105,772.9458504915237,completed
3250.83829,30,139.837996,1.0,True,30,0,0,716.9152097702026,833.6909718513489,1.615875244140625,716.9152097702026,completed
805.083508,30,139.873669,1.0,True,30,0,0,1081.5069637298584,1712.6748208999634,19.2845001856486,1081.5069637298584,completed
2458.798936,30,139.908673,1.0,True,30,0,0,861.8153207302094,1212.3421912193298,5.175591023763021,861.8153207302094,completed
2924.613127,30,139.943865,1.0,True,30,0,0,701.1653521060944,858.4798722267151,5.0893300374348955,701.1653521060944,completed
2811.046923,30,139.979354,1.0,True,30,0,0,764.7600267231464,960.3592582345009,4.478364610671997,764.7600267231464,completed
2205.631331,30,140.014054,1.0,True,30,0,0,871.7132835388184,1332.272053718567,7.097357336680094,871.7132835388184,completed
2987.144111,30,140.049542,1.0,True,30,0,0,714.2972519397736,920.6080584526062,3.610144551595052,714.2972519397736,completed
3069.270383,30,140.084282,1.0,True,30,0,0,670.7719502449036,830.413369178772,4.330195681254069,670.7719502449036,completed
2632.556239,30,140.119558,1.0,True,30,0,0,757.4183549880981,1076.467721939087,5.397970898946126,757.4183549880981,completed
2696.71613,30,140.154717,1.0,True,30,0,0,750.2705011367798,1001.1125392913818,5.7816295941670734,750.2705011367798,completed
2766.105895,30,140.189878,1.0,True,30,0,0,716.5567626953125,930.8921298980713,6.249645074208577,716.5567626953125,completed
1242.275595,30,140.225142,1.0,True,30,0,0,1047.7993865013123,1307.2850241661072,19.350520769755047,1047.7993865013123,completed
2658.598534,30,140.260483,1.0,True,30,0,0,835.7212381362915,1003.2996435165405,5.9389852523803714,835.7212381362915,completed
2855.954694,30,140.295869,1.0,True,30,0,0,743.1885423660278,1050.7961077690125,3.537607701619466,743.1885423660278,completed
1215.449939,30,140.330639,1.0,True,30,0,0,994.8188917636871,1448.0449090003967,18.16348876953125,994.8188917636871,completed
2247.752603,30,140.365873,1.0,True,30,0,0,835.6160191297531,1049.5829713344574,11.105608622233072,835.6160191297531,completed
3589.017099,30,140.400549,1.0,True,30,0,0,611.448691368103,694.6488056182861,0.0,611.448691368103,completed
3231.05833,30,140.435605,1.0,True,30,0,0,680.0203132629395,857.958610534668,1.4529168446858725,680.0203132629395,completed
2560.935031,30,140.47016,1.0,True,30,0,0,796.5873422622681,1146.9720039367676,5.324055989583333,796.5873422622681,completed
1183.384536,30,140.50545,1.0,True,30,0,0,940.6505928039551,1418.1530532836914,18.537612501780192,940.6505928039551,completed
2366.817845,30,140.540098,1.0,True,30,0,0,866.7374229431152,1049.260992050171,7.982543500264486,866.7374229431152,completed
2517.220522,30,140.575165,1.0,True,30,0,0,731.6680266857147,915.642005443573,10.52620760599772,731.6680266857147,completed
1788.322868,30,140.611143,1.0,True,30,0,0,956.6786222457886,1258.5664911270142,12.887446975708007,956.6786222457886,completed
2941.706609,30,140.646907,1.0,True,30,0,0,689.6770508289337,932.677481174469,4.392365519205729,689.6770508289337,completed
3417.707138,30,140.681145,1.0,True,30,0,0,641.7304015159607,785.6536111831665,0.46726080576578777,641.7304015159607,completed
2348.687867,30,140.71595,1.0,True,30,0,0,975.7678091526031,1465.3459649085999,2.4828481038411456,975.7678091526031,completed
2660.972515,30,140.751419,1.0,True,30,0,0,810.9711208343506,1011.3168504238129,6.416604614257812,810.9711208343506,completed
2069.675427,30,140.786292,1.0,True,30,0,0,863.4621217250824,1225.7972722053528,10.981171671549479,863.4621217250824,completed
3362.61206,30,140.821689,1.0,True,30,0,0,615.584627866745,796.0930361747742,1.4555803934733074,615.584627866745,completed
3140.07653,30,140.857068,1.0,True,30,0,0,674.5295227766037,774.0590698719025,4.145679664611817,674.5295227766037,completed
2682.101589,30,140.892027,1.0,True,30,0,0,753.1719365119934,989.464319229126,6.626408290863037,753.1719365119934,completed
3023.438331,30,140.926891,1.0,True,30,0,0,779.492027759552,888.8151159286499,2.5194970766703286,779.492027759552,completed
2002.176108,30,140.962203,1.0,True,30,0,0,894.446084022522,1288.3797760009766,11.06564146677653,894.446084022522,completed
1924.239717,30,140.997596,1.0,True,30,0,0,946.0790061950684,1245.624478340149,11.382099215189616,946.0790061950684,completed
1692.058698,30,141.032488,1.0,True,30,0,0,852.5621366500854,1248.1634845733643,16.557069778442383,852.5621366500854,completed
2761.147447,30,141.06768,1.0,True,30,0,0,694.5812492370605,865.6048355102539,6.915641403198242,694.5812492370605,completed
1868.524077,30,141.103027,1.0,True,30,0,0,940.4066696166992,1265.5423622131348,12.41892204284668,940.4066696166992,completed
1745.133362,30,141.138321,1.0,True,30,0,0,978.0970506668091,1425.1921844482422,12.00495007832845,978.0970506668091,completed
3018.435556,30,141.173901,1.0,True,30,0,0,684.4486050605774,820.973141670227,4.380413754781087,684.4486050605774,completed
3132.998187,30,141.20915,1.0,True,30,0,0,671.9461441040039,835.2667903900146,3.584010950724284,671.9461441040039,completed
3013.774272,30,141.245196,1.0,True,30,0,0,745.9501800537109,893.0957889556885,3.354170862833659,745.9501800537109,completed
2034.664975,30,141.281277,1.0,True,30,0,0,832.55277967453,1263.4478597640991,9.933511861165364,832.55277967453,completed
2516.224967,30,141.316623,1.0,True,30,0,0,844.2492299079895,1068.4631633758545,7.448600260416667,844.2492299079895,completed
3004.23097,30,141.351562,1.0,True,30,0,0,761.8909916877747,938.6937894821167,2.9345211029052733,761.8909916877747,completed
2784.234099,30,141.387089,1.0,True,30,0,0,792.7633032798767,991.865159034729,4.484270731608073,792.7633032798767,completed
2342.731474,30,142.621707,1.0,True,30,0,0,819.3595638275146,1208.5622692108154,7.187238184611003,819.3595638275146,completed
1424.12311,30,142.655499,1.0,True,30,0,0,931.1068048477173,1347.1255493164062,16.756245040893553,931.1068048477173,completed
1239.167397,30,142.689015,1.0,True,30,0,0,968.5330715179443,1521.2268962860107,17.106052907307944,968.5330715179443,completed
2995.2377,30,142.723285,1.0,True,30,0,0,677.8890724182129,853.0887870788574,5.077186520894369,677.8890724182129,completed
2987.512099,30,142.756411,1.0,True,30,0,0,685.7518186569214,938.1912279129028,3.150440979003906,685.7518186569214,completed
2570.123329,30,142.790091,1.0,True,30,0,0,767.4990134239197,972.1707053184509,8.249824778238933,767.4990134239197,completed
2792.704959,30,142.823217,1.0,True,30,0,0,810.1890740394592,1069.005947113037,2.754584248860677,810.1890740394592,completed
2541.609707,30,142.85729,1.0,True,30,0,0,717.288348197937,944.0911703109741,9.741949939727784,717.288348197937,completed
2835.449652,30,142.891498,1.0,True,30,0,0,749.3067326545715,1052.4107847213745,3.371907424926758,749.3067326545715,completed
2690.381594,30,142.931123,1.0,True,30,0,0,791.1527614593506,993.5589714050293,5.2001980145772295,791.1527614593506,completed
2526.682709,30,142.96522,1.0,True,30,0,0,810.4306437969208,970.1401124000549,8.998413022359212,810.4306437969208,completed
2657.779672,30,142.999307,1.0,True,30,0,0,753.3758863210678,1070.1860520839691,5.966502316792806,753.3758863210678,completed
2567.313434,30,143.032625,1.0,True,30,0,0,786.6497912406921,1062.295569896698,6.036192735036214,786.6497912406921,completed
3094.239532,30,143.065803,1.0,True,30,0,0,632.966394752264,781.5858547091484,5.603936513264974,632.966394752264,completed
1791.770346,30,143.099869,1.0,True,30,0,0,941.3944420814514,1181.0600118637085,13.98711625734965,941.3944420814514,completed
3192.159589,30,143.133297,1.0,True,30,0,0,736.9926481246948,881.4362277984619,1.5177495320638021,736.9926481246948,completed
2625.331164,30,143.166712,1.0,True,30,0,0,747.9946985244751,965.0203914642334,8.072493108113607,747.9946985244751,completed
2982.444019,30,143.199847,1.0,True,30,0,0,741.078831911087,888.3153443336487,4.012696711222331,741.078831911087,completed
2926.010709,30,143.233724,1.0,True,30,0,0,799.0050141811371,998.8523707389832,2.347477912902832,799.0050141811371,completed
2504.861141,30,143.266971,1.0,True,30,0,0,789.9160232543945,1120.6196856498718,6.808459854125976,789.9160232543945,completed
2960.873907,30,143.300631,1.0,True,30,0,0,713.3041523694992,901.8510901927948,3.1517900466918944,713.3041523694992,completed
2719.965872,30,143.333861,1.0,True,30,0,0,732.3394460678101,880.5466022491455,8.200486628214518,732.3394460678101,completed
2398.084637,30,143.367427,1.0,True,30,0,0,800.8648817539215,1102.2482151985168,8.81538995107015,800.8648817539215,completed
2940.700819,30,143.400885,1.0,True,30,0,0,814.2542524337769,1086.6423540115356,1.1740006764729818,814.2542524337769,completed
2916.463508,30,143.434562,1.0,True,30,0,0,662.2299642562866,815.4778327941895,6.81954828898112,662.2299642562866,completed
2667.414095,30,143.468152,1.0,True,30,0,0,789.2801218032837,964.2044429779053,6.556549072265625,789.2801218032837,completed
2307.574149,30,143.501442,1.0,True,30,0,0,730.732982635498,1020.3066740036011,10.860811996459962,730.732982635498,completed
2704.459678,30,143.534745,1.0,True,30,0,0,741.5472497940063,944.8605861663818,6.771088790893555,741.5472497940063,completed
2717.803446,30,143.567983,1.0,True,30,0,0,735.479663848877,964.7058792114258,6.662204806009928,735.479663848877,completed
2438.578759,30,143.601822,1.0,True,30,0,0,845.2140275239944,1190.4758532047272,6.079489771525065,845.2140275239944,completed
2843.419577,30,143.635542,1.0,True,30,0,0,832.5927348136902,1047.4088525772095,2.0812507311503095,832.5927348136902,completed
2484.554093,30,143.669145,1.0,True,30,0,0,901.0396540164948,1315.889654636383,2.8723915735880534,901.0396540164948,completed
1550.692241,30,143.702973,1.0,True,30,0,0,999.702995300293,1290.372564315796,16.2512690226237,999.702995300293,completed
1931.988231,30,143.736914,1.0,True,30,0,0,918.194406747818,1284.2109761238098,11.241050847371419,918.194406747818,completed
2049.028525,30,143.770359,1.0,True,30,0,0,897.5019087791443,1078.3847360610962,12.43745199839274,897.5019087791443,completed
2291.872897,30,143.80357,1.0,True,30,0,0,809.3450298309326,1168.467966079712,8.870088704427083,809.3450298309326,completed
2871.024137,30,143.837849,1.0,True,30,0,0,663.5052881240845,898.6645421981812,6.039028231302897,663.5052881240845,completed
2550.844438,30,143.870938,1.0,True,30,0,0,905.7235631942749,1119.9804515838623,5.3123821258544925,905.7235631942749,completed
2721.768493,30,143.904545,1.0,True,30,0,0,797.3317129611969,979.0973329544067,5.297090212504069,797.3317129611969,completed
2980.622536,30,143.938202,1.0,True,30,0,0,731.5028920173645,865.4898920059204,4.140614128112793,731.5028920173645,completed
2209.628861,30,143.971741,1.0,True,30,0,0,807.9101822376251,1153.8183274269104,10.107081158955891,807.9101822376251,completed
2811.839562,30,144.005503,1.0,True,30,0,0,712.1305204033852,917.7587891817093,6.189124298095703,712.1305204033852,completed
1527.657251,30,144.038806,1.0,True,30,0,0,886.4989156723022,1307.2449932098389,16.20789845784505,886.4989156723022,completed
2311.184579,30,144.072055,1.0,True,30,0,0,872.4502062797546,1209.7436304092407,6.743788401285808,872.4502062797546,completed
2571.35791,30,144.106195,1.0,True,30,0,0,710.7895183563232,985.6413631439209,7.71604798634847,710.7895183563232,completed
2217.917158,30,144.139594,1.0,True,30,0,0,973.3184566497803,1147.5451483726501,9.263201745351155,973.3184566497803,completed
2057.502108,30,144.173885,1.0,True,30,0,0,793.1745929718018,1178.2464218139648,12.758701197306316,793.1745929718018,completed
2593.151796,30,144.206738,1.0,True,30,0,0,735.0665059089661,914.2616624832153,8.835341199239094,735.0665059089661,completed
2881.080764,30,144.241161,1.0,True,30,0,0,647.0672602653503,833.1185503005981,7.237474568684896,647.0672602653503,completed
3411.646373,30,144.275048,1.0,True,30,0,0,658.8411412239075,732.8950567245483,1.3644063313802084,658.8411412239075,completed
2294.890842,30,144.307667,1.0,True,30,0,0,883.4507985115051,1139.614408493042,9.024380493164063,883.4507985115051,completed
2836.642104,30,144.341666,1.0,True,30,0,0,693.7763679027557,914.8766293525696,6.012129720052084,693.7763679027557,completed
3097.141126,30,144.374846,1.0,True,30,0,0,697.6746950149536,886.6976881027222,2.981443341573079,697.6746950149536,completed
3082.142709,30,144.408118,1.0,True,30,0,0,695.3129360675812,794.0381140708923,4.537126731872559,695.3129360675812,completed
2968.451029,30,144.441839,1.0,True,30,0,0,751.7577052116394,1011.1857442855835,2.303167152404785,751.7577052116394,completed
2448.766549,30,144.4749,1.0,True,30,0,0,817.6310534477234,1061.4953050613403,8.966833051045736,817.6310534477234,completed
2027.950923,30,144.508171,1.0,True,30,0,0,820.2256555557251,1112.8745746612549,13.345860862731934,820.2256555557251,completed
1758.813286,30,144.542158,1.0,True,30,0,0,946.8683252334595,1302.4475469589233,13.089556948343914,946.8683252334595,completed
2181.794699,30,144.576388,1.0,True,30,0,0,854.4242866039276,1092.76380777359,11.225175666809083,854.4242866039276,completed
3091.409543,30,144.610105,1.0,True,30,0,0,639.5007872581482,763.1423907279968,4.257222588857015,639.5007872581482,completed
2308.81533,30,144.643836,1.0,True,30,0,0,887.8045291900635,1294.6432285308838,5.489906692504883,887.8045291900635,completed
2805.119634,30,144.678384,1.0,True,30,0,0,674.9306201934814,835.5116748809814,7.347652530670166,674.9306201934814,completed
2196.941378,30,144.712395,1.0,True,30,0,0,831.0932021141052,1035.3765439987183,12.258141708374023,831.0932021141052,completed
3092.02394,30,144.746438,1.0,True,30,0,0,634.4558894634247,791.3872895240784,5.446275138854981,634.4558894634247,completed
2491.561064,30,144.779373,1.0,True,30,0,0,771.4219431877136,1066.5817575454712,6.955763943990072,771.4219431877136,completed
2929.192033,30,144.812646,1.0,True,30,0,0,783.775529384613,1007.4474763870239,2.2891737620035806,783.775529384613,completed
2072.403734,30,144.845619,1.0,True,30,0,0,821.9754996299744,1101.8964748382568,13.622080739339193,821.9754996299744,completed
3382.85333,30,144.878819,1.0,True,30,0,0,611.4265451431274,729.504542350769,1.9639291127522787,611.4265451431274,completed
3436.044166,30,146.39745,1.0,True,30,0,0,620.2654523849487,755.5651998519897,0.5112473805745442,620.2654523849487,completed
1752.892387,30,146.431912,1.0,True,30,0,0,872.0670747756958,1239.4669876098633,14.257561365763346,872.0670747756958,completed
2267.106166,30,146.465789,1.0,True,30,0,0,787.7967925071716,1064.2770862579346,10.158516057332356,787.7967925071716,completed
2706.567808,30,146.499216,1.0,True,30,0,0,713.13316822052,1040.010853767395,5.275672531127929,713.13316822052,completed
2966.899131,30,146.533006,1.0,True,30,0,0,699.2821145057678,978.4323110580444,2.6209342956542967,699.2821145057678,completed
3400.019152,30,146.566478,1.0,True,30,0,0,631.2953785061836,781.8417154550552,0.9362955729166667,631.2953785061836,completed
2977.056848,30,146.599807,1.0,True,30,0,0,645.2078115940094,806.8794484138489,6.137517865498861,645.2078115940094,completed
3306.539375,30,146.633071,1.0,True,30,0,0,659.7128429412842,902.3325481414795,0.0011185963948567709,659.7128429412842,completed
2559.25052,30,146.666263,1.0,True,30,0,0,782.8104343414307,1032.2728624343872,7.592717838287354,782.8104343414307,completed
2268.697288,30,146.699823,1.0,True,30,0,0,842.745362997055,1125.0893783569336,9.30095297495524,842.745362997055,completed
2562.241569,30,146.736097,1.0,True,30,0,0,815.471363067627,1076.6423387527466,5.986150677998861,815.471363067627,completed
1917.96333,30,146.770192,1.0,True,30,0,0,852.0336604118347,1183.4848012924194,13.566386540730795,852.0336604118347,completed
2697.334723,30,146.803873,1.0,True,30,0,0,738.270140171051,1021.5329732894897,5.516948699951172,738.270140171051,completed
2717.266218,30,146.843138,1.0,True,30,0,0,756.9726438522339,965.3043212890625,6.028590710957845,756.9726438522339,completed
1320.789051,30,146.877418,1.0,True,30,0,0,1005.6430525779724,1593.9019346237183,12.792216491699218,1005.6430525779724,completed
3106.167932,30,146.910595,1.0,True,30,0,0,757.580367565155,926.2344636917114,1.5070989608764649,757.580367565155,completed
2268.121217,30,146.944487,1.0,True,30,0,0,853.7043106555939,1099.553104877472,9.669129689534506,853.7043106555939,completed
2857.89115,30,146.978336,1.0,True,30,0,0,711.55309009552,869.2079524993896,6.31747080485026,711.55309009552,completed
2015.201343,30,147.011748,1.0,True,30,0,0,821.001148223877,1173.4342060089111,12.85700569152832,821.001148223877,completed
2785.519474,30,147.04587,1.0,True,30,0,0,764.4738883972168,956.3206520080566,5.397391255696615,764.4738883972168,completed
2613.614145,30,147.079693,1.0,True,30,0,0,717.7230565547943,978.4092154502869,8.325031407674153,717.7230565547943,completed
2461.360254,30,147.113466,1.0,True,30,0,0,728.2124025821686,1000.807945728302,9.097059408823648,728.2124025821686,completed
2229.281256,30,147.147214,1.0,True,30,0,0,850.5868194103241,1201.795994758606,9.723184299468993,850.5868194103241,completed
2509.877296,30,147.180271,1.0,True,30,0,0,750.9781141281128,1030.0191287994385,8.775246556599935,750.9781141281128,completed
2817.183216,30,147.213605,1.0,True,30,0,0,709.1405928134918,926.1341795921326,5.55974718729655,709.1405928134918,completed
2560.325416,30,147.246892,1.0,True,30,0,0,747.5107984542847,1038.0608081817627,7.821686935424805,747.5107984542847,completed
2041.163027,30,147.280984,1.0,True,30,0,0,912.3507415354252,1233.4353888630867,10.82746000289917,912.3507415354252,completed
2148.045778,30,147.314983,1.0,True,30,0,0,716.904637336731,1002.3289451599121,13.987493324279786,716.904637336731,completed
3000.011412,30,147.348618,1.0,True,30,0,0,756.8198401927948,1035.2016801834106,1.7029139200846355,756.8198401927948,completed
2761.64122,30,147.382408,1.0,True,30,0,0,712.5703196525574,967.0030584335327,5.701887067159017,712.5703196525574,completed
2575.805784,30,147.415444,1.0,True,30,0,0,754.667293548584,1057.7280139923096,7.131550407409668,754.667293548584,completed
2618.058372,30,147.450611,1.0,True,30,0,0,745.7710294723511,1015.3137159347534,6.877232042948405,745.7710294723511,completed
1533.008596,30,147.483965,1.0,True,30,0,0,1006.7571177482605,1260.9417791366577,16.181686274210612,1006.7571177482605,completed
1916.300191,30,147.517213,1.0,True,30,0,0,827.5889873504639,1193.9034004211426,13.647544606526692,827.5889873504639,completed
2251.307514,30,147.551146,1.0,True,30,0,0,839.1873826980591,1062.7725868225098,11.185503514607747,839.1873826980591,completed
1975.111691,30,147.584997,1.0,True,30,0,0,931.2406257390976,1451.943454504013,8.150102233886718,931.2406257390976,completed
2457.558166,30,147.618659,1.0,True,30,0,0,808.7055742740631,1098.3097138404846,7.817963409423828,808.7055742740631,completed
2435.258634,30,147.651319,1.0,True,30,0,0,750.6806964874268,1042.1490321159363,9.799483553568523,750.6806964874268,completed
3147.732278,30,147.684776,1.0,True,30,0,0,724.4680576324463,925.9513473510742,1.1506734212239584,724.4680576324463,completed
3693.352782,30,147.718624,1.0,True,30,0,0,509.21726536750793,586.7357354164124,0.8451258341471354,509.21726536750793,completed
3187.890612,30,147.752797,1.0,True,30,0,0,621.4778965711594,831.0439803600311,2.417904535929362,621.4778965711594,completed
3275.122294,30,147.786534,1.0,True,30,0,0,678.9408984184265,823.1788415908813,1.366940689086914,678.9408984184265,completed
1694.097656,30,147.820274,1.0,True,30,0,0,914.1583909988403,1226.874168395996,15.464095401763917,914.1583909988403,completed
2121.006975,30,147.853509,1.0,True,30,0,0,825.4038851261139,1197.7232098579407,10.60425271987915,825.4038851261139,completed
2341.105855,30,147.887234,1.0,True,30,0,0,784.4717211723328,1123.291597366333,9.126505915323893,784.4717211723328,completed
1790.260526,30,147.92557,1.0,True,30,0,0,742.5444526672363,1122.7525911331177,17.48641586303711,742.5444526672363,completed
2782.381874,30,147.964599,1.0,True,30,0,0,714.4976851940155,950.4706201553345,5.223363876342773,714.4976851940155,completed
3042.168656,30,147.998906,1.0,True,30,0,0,814.7569856643677,939.5366654396057,1.7581136703491211,814.7569856643677,completed
2515.201799,30,148.032793,1.0,True,30,0,0,831.792887210846,958.7910261154175,8.350872325897218,831.792887210846,completed
2426.65086,30,148.066841,1.0,True,30,0,0,753.6003007888794,1020.7809886932373,10.722164535522461,753.6003007888794,completed
2890.815405,30,148.100518,1.0,True,30,0,0,763.6115503311157,1058.121250152588,3.0347381591796876,763.6115503311157,completed
2751.33245,30,148.133992,1.0,True,30,0,0,782.1104745864868,983.9470157623291,4.867659123738607,782.1104745864868,completed
3064.742167,30,148.167423,1.0,True,30,0,0,709.9100208282471,938.3657693862915,2.4518245697021483,709.9100208282471,completed
2639.640024,30,148.200493,1.0,True,30,0,0,687.256294965744,925.000669002533,8.758424377441406,687.256294965744,completed
2748.145926,30,148.234482,1.0,True,30,0,0,751.169665813446,933.7089529037476,6.15120709737142,751.169665813446,completed
2922.165159,30,148.267571,1.0,True,30,0,0,677.0868128538132,852.5537292957306,5.896227518717448,677.0868128538132,completed
2251.062974,30,148.301155,1.0,True,30,0,0,871.7640428543091,1165.7956476211548,8.975056457519532,871.7640428543091,completed
2261.584831,30,148.333847,1.0,True,30,0,0,831.8825612068176,1145.7196006774902,9.149901199340821,831.8825612068176,completed
2314.742236,30,148.366672,1.0,True,30,0,0,831.830961227417,1148.1596546173096,9.05305945078532,831.830961227417,completed
1796.633393,30,148.400878,1.0,True,30,0,0,951.0659937858582,1209.4107313156128,13.289586766560872,951.0659937858582,completed
2381.963047,30,148.434749,1.0,True,30,0,0,803.752763748169,1046.206371307373,9.665971438090006,803.752763748169,completed
2361.955778,30,148.468718,1.0,True,30,0,0,847.4803450107574,1292.0396943092346,5.4718725204467775,847.4803450107574,completed
2891.365428,30,148.502241,1.0,True,30,0,0,720.3782625198364,966.9367690086365,3.8796194712320964,720.3782625198364,completed
2639.131668,30,148.535033,1.0,True,30,0,0,788.5320196151733,1027.3391819000244,5.877933661142985,788.5320196151733,completed
2053.525425,30,148.568195,1.0,True,30,0,0,863.7878513336182,1154.6118421554565,10.885480626424153,863.7878513336182,completed
3089.562409,30,148.602342,1.0,True,30,0,0,651.7059242725372,769.8743481636047,4.875870895385742,651.7059242725372,completed
2785.062479,30,148.635548,1.0,True,30,0,0,694.2461621761322,959.19975233078,6.471168263753255,694.2461621761322,completed
2444.795432,30,148.669072,1.0,True,30,0,0,752.8297853469849,978.6837964057922,10.365908686319987,752.8297853469849,completed
2772.199156,30,149.9901,1.0,True,30,0,0,668.0524106025696,845.7453656196594,8.194158252080282,668.0524106025696,completed
2544.260636,30,150.025702,1.0,True,30,0,0,805.5828448534012,987.0474464893341,8.443957773844401,805.5828448534012,completed
2102.296931,30,150.059063,1.0,True,30,0,0,841.2946262359619,1098.5700688362122,12.158320299784343,841.2946262359619,completed
2759.695477,30,150.092327,1.0,True,30,0,0,670.3844177722931,980.4300351142883,6.3266805648803714,670.3844177722931,completed
2203.3211,30,150.126279,1.0,True,30,0,0,882.6315755844116,1108.8009090423584,10.70698258082072,882.6315755844116,completed
2593.777389,30,150.159873,1.0,True,30,0,0,687.9806871414185,942.1436834335327,8.784602451324464,687.9806871414185,completed
3194.020529,30,150.193664,1.0,True,30,0,0,660.6967625617981,820.0925068855286,2.1243275960286456,660.6967625617981,completed
2197.031229,30,150.227624,1.0,True,30,0,0,842.2052488327026,1274.6245880126953,9.009309577941895,842.2052488327026,completed
2016.841237,30,150.261172,1.0,True,30,0,0,826.5519976615906,1288.818736076355,10.658782577514648,826.5519976615906,completed
3201.729182,30,150.29468,1.0,True,30,0,0,623.4815678596497,803.9027853012085,3.0814802169799806,623.4815678596497,completed
2729.256053,30,150.328452,1.0,True,30,0,0,702.9671354293823,925.2376871109009,7.103370157877604,702.9671354293823,completed
2532.969511,30,150.36213,1.0,True,30,0,0,790.9112977981567,1050.8535900115967,7.609079360961914,790.9112977981567,completed
2833.12768,30,150.396007,1.0,True,30,0,0,732.601692199707,956.551682472229,5.335074234008789,732.601692199707,completed
2916.589529,30,150.433176,1.0,True,30,0,0,738.1138806343079,1021.2559609413147,2.28600975672404,738.1138806343079,completed
2668.342903,30,150.466483,1.0,True,30,0,0,778.1576035022736,990.0209670066833,5.762324523925781,778.1576035022736,completed
2064.496867,30,150.500516,1.0,True,30,0,0,822.0844144821167,1217.782691001892,11.628192075093587,822.0844144821167,completed
3563.226024,30,150.53403,1.0,True,30,0,0,612.5597877502441,669.6389989852905,0.4605867385864258,612.5597877502441,completed
2870.965956,30,150.567271,1.0,True,30,0,0,671.3745708465576,945.2625732421875,5.107007853190104,671.3745708465576,completed
1809.929468,30,150.600458,1.0,True,30,0,0,947.9368648529053,1332.849931716919,12.08622481028239,947.9368648529053,completed
2486.557529,30,150.634939,1.0,True,30,0,0,733.5552635192871,1017.3326196670532,9.154057184855143,733.5552635192871,completed
3022.576806,30,150.668825,1.0,True,30,0,0,727.2432141304016,889.5517339706421,3.876172637939453,727.2432141304016,completed
3053.796087,30,150.702256,1.0,True,30,0,0,673.5042109489441,916.3331212997437,3.4022492090861003,673.5042109489441,completed
2408.167893,30,150.736871,1.0,True,30,0,0,815.9540066719055,1068.7085676193237,8.694671312967936,815.9540066719055,completed
2415.71546,30,150.770182,1.0,True,30,0,0,736.8975419998169,1053.4122605323792,9.223208808898926,736.8975419998169,completed
2618.171946,30,150.803696,1.0,True,30,0,0,852.7601976394653,1184.787992477417,3.115085728963216,852.7601976394653,completed
2934.130804,30,150.83793,1.0,True,30,0,0,747.1624429225922,862.596143245697,4.811932881673177,747.1624429225922,completed
2831.163765,30,150.871179,1.0,True,30,0,0,740.5542047023773,970.9018950462341,4.608527119954427,740.5542047023773,completed
1522.535237,30,150.904212,1.0,True,30,0,0,964.9677786827087,1425.6103973388672,14.171877638498943,964.9677786827087,completed
2376.050677,30,150.93754,1.0,True,30,0,0,788.0286161899567,1068.0707869529724,9.104238128662109,788.0286161899567,completed
3256.067755,30,150.971685,1.0,True,30,0,0,599.0517134666443,784.6501331329346,3.189767837524414,599.0517134666443,completed
3080.826997,30,151.005075,1.0,True,30,0,0,758.3163137435913,924.0835590362549,1.9615216573079428,758.3163137435913,completed
2908.780184,30,151.038546,1.0,True,30,0,0,695.236279964447,1009.6864051818848,3.4737167040507,695.236279964447,completed
1977.388128,30,151.072082,1.0,True,30,0,0,877.9568378925323,1117.924753665924,13.935342343648275,877.9568378925323,completed
2824.427777,30,151.105732,1.0,True,30,0,0,772.7271151542664,1088.167799949646,2.6658562342325847,772.7271151542664,completed
1917.955389,30,151.14007,1.0,True,30,0,0,917.2344155311584,1431.9382104873657,7.5261988321940105,917.2344155311584,completed
1605.825871,30,151.173264,1.0,True,30,0,0,894.198333978653,1371.5641922950745,14.898908615112305,894.198333978653,completed
1892.032936,30,151.207031,1.0,True,30,0,0,795.1038360595703,1136.5352210998535,15.01193364461263,795.1038360595703,completed
1703.652826,30,151.240569,1.0,True,30,0,0,818.5199680328369,1300.3695907592773,14.913810729980469,818.5199680328369,completed
2149.342375,30,151.273905,1.0,True,30,0,0,800.4041213989258,1124.314826965332,12.14448070526123,800.4041213989258,completed
1785.128631,30,151.30662,1.0,True,30,0,0,786.7714514732361,1255.2529973983765,14.283836682637533,786.7714514732361,completed
2530.480544,30,151.341021,1.0,True,30,0,0,714.6376042366028,1088.6900930404663,6.469629859924316,714.6376042366028,completed
3151.615292,30,151.374185,1.0,True,30,0,0,754.0043425559998,898.1624402999878,1.3000569661458334,754.0043425559998,completed
2006.868662,30,151.408209,1.0,True,30,0,0,834.8053140640259,1250.905990600586,11.854192670186361,834.8053140640259,completed
1956.367557,30,151.44291,1.0,True,30,0,0,908.7739276885986,1295.7597064971924,10.71720682779948,908.7739276885986,completed
2862.754638,30,151.476034,1.0,True,30,0,0,771.1232221126556,863.7724690437317,5.323695214589437,771.1232221126556,completed
2786.660213,30,151.509884,1.0,True,30,0,0,735.305006980896,939.7840347290039,5.556572405497233,735.305006980896,completed
3519.770342,30,151.543748,1.0,True,30,0,0,527.4179114103317,656.2347023487091,1.8653456370035808,527.4179114103317,completed
2275.342834,30,151.576807,1.0,True,30,0,0,783.975480556488,1057.850025177002,10.593947505950927,783.975480556488,completed
3349.737471,30,151.610004,1.0,True,30,0,0,608.4187016487122,768.2547173500061,1.8355186462402344,608.4187016487122,completed
1774.287078,30,151.642897,1.0,True,30,0,0,871.8070368766785,1270.5570707321167,14.166932042439779,871.8070368766785,completed
2379.598667,30,151.676017,1.0,True,30,0,0,810.2592198848724,1110.3119254112244,8.048378054300944,810.2592198848724,completed
1579.2177,30,151.70943,1.0,True,30,0,0,869.7192542552948,1255.573302745819,16.463668568929037,869.7192542552948,completed
2543.024638,30,151.742987,1.0,True,30,0,0,745.4077095985413,1002.7991223335266,8.360861698786417,745.4077095985413,completed
3071.353083,30,151.776173,1.0,True,30,0,0,656.5387907028198,874.8236689567566,4.0402934392293295,656.5387907028198,completed
2939.968698,30,151.809418,1.0,True,30,0,0,640.1020944714546,779.7887159585953,6.886707623799642,640.1020944714546,completed
2223.993528,30,151.84342,1.0,True,30,0,0,840.5908617973328,1198.335925102234,8.308040618896484,840.5908617973328,completed
2624.774998,30,151.87732,1.0,True,30,0,0,838.2081906795502,1081.994164943695,5.868441772460938,838.2081906795502,completed
2113.744355,30,151.91122,1.0,True,30,0,0,810.272403717041,1159.0689067840576,11.168606758117676,810.272403717041,completed
2398.311695,30,151.945415,1.0,True,30,0,0,811.900583833456,1111.162896335125,7.704479471842448,811.900583833456,completed
2747.21577,30,151.979818,1.0,True,30,0,0,676.4310518503189,939.7385413646698,6.8035533905029295,676.4310518503189,completed
2631.622307,30,152.012715,1.0,True,30,0,0,773.8640183210373,954.0227715969086,7.910570557912191,773.8640183210373,completed
3089.76469,30,152.046258,1.0,True,30,0,0,678.0536873340607,880.0889363288879,3.4217544555664063,678.0536873340607,completed
2746.247245,30,152.079649,1.0,True,30,0,0,832.8048858642578,1026.5099430084229,4.498481432596843,832.8048858642578,completed
1660.79848,30,152.112826,1.0,True,30,0,0,877.546623468399,1298.531054019928,14.654823112487794,877.546623468399,completed
3260.606698,30,152.146066,1.0,True,30,0,0,656.9515582323074,707.2081625461578,3.538223139444987,656.9515582323074,completed
2995.906551,30,152.179314,1.0,True,30,0,0,696.8723415136337,863.590945482254,3.850333404541016,696.8723415136337,completed
2479.721811,30,152.212726,1.0,True,30,0,0,839.7943079471588,1182.2871384620667,4.7647625287373865,839.7943079471588,completed
3151.142766,30,152.246904,1.0,True,30,0,0,657.0147204399109,883.3541402816772,2.1326474507649738,657.0147204399109,completed
2503.113992,30,152.28029,1.0,True,30,0,0,778.4533455371857,969.5734467506409,8.471386814117432,778.4533455371857,completed
3075.144567,30,153.523324,1.0,True,30,0,0,695.1873807907104,841.1033916473389,3.79215456644694,695.1873807907104,completed
2575.389508,30,153.556724,1.0,True,30,0,0,817.7459520101547,1079.166321516037,5.697999445597331,817.7459520101547,completed
2527.449334,30,153.590432,1.0,True,30,0,0,896.6372149288654,1126.4524636864662,6.091177113850912,896.6372149288654,completed
3053.273699,30,153.623702,1.0,True,30,0,0,697.5613760948181,916.9802646636963,2.3251864115397134,697.5613760948181,completed
2912.957359,30,153.656892,1.0,True,30,0,0,740.6139273643494,1063.4592428207397,1.9644852956136067,740.6139273643494,completed
2469.258312,30,153.690049,1.0,True,30,0,0,697.488240480423,896.3778710365295,11.603884760538737,697.488240480423,completed
2681.687746,30,153.723317,1.0,True,30,0,0,723.1322548389435,1002.0486989021301,5.869655545552572,723.1322548389435,completed
672.785951,30,153.756344,1.0,True,30,0,0,1115.72918176651,1789.3856773376465,19.74087158838908,1115.72918176651,completed
1785.913567,30,153.789784,1.0,True,30,0,0,915.3821258544922,1279.392050743103,13.79209836324056,915.3821258544922,completed
2320.975933,30,153.824111,1.0,True,30,0,0,758.2072930335999,1151.9461317062378,8.782649103800455,758.2072930335999,completed
3073.313669,30,153.857984,1.0,True,30,0,0,682.9630260467529,838.8167085647583,3.9868356068929036,682.9630260467529,completed
2394.891683,30,153.891485,1.0,True,30,0,0,726.4824597835541,972.5484948158264,10.740258280436198,726.4824597835541,completed
3054.715784,30,153.924332,1.0,True,30,0,0,697.5966202020645,753.0626003742218,5.305956395467122,697.5966202020645,completed
2146.068275,30,153.958204,1.0,True,30,0,0,867.1418299674988,1097.1079251766205,11.197131824493407,867.1418299674988,completed
2789.376956,30,153.991759,1.0,True,30,0,0,705.2966480255127,850.2590751647949,7.452667872111003,705.2966480255127,completed
2407.989981,30,154.024201,1.0,True,30,0,0,918.3793096542358,1107.8942623138428,6.95497907002767,918.3793096542358,completed
1256.524607,30,154.058442,1.0,True,30,0,0,938.6296277046204,1399.7825388908386,19.342280387878418,938.6296277046204,completed
3179.826271,30,154.091298,1.0,True,30,0,0,717.1900501251221,863.0397691726685,1.4252658843994142,717.1900501251221,completed
1500.852435,30,154.125127,1.0,True,30,0,0,1006.205014705658,1499.4835176467896,12.76654478708903,1006.205014705658,completed
1981.825958,30,154.15844,1.0,True,30,0,0,830.9610548019409,1217.81880569458,12.083278719584147,830.9610548019409,completed
1720.531586,30,154.192425,1.0,True,30,0,0,906.7502002716064,1318.16721534729,13.007239278157552,906.7502002716064,completed
3439.213845,30,154.22554,1.0,True,30,0,0,616.6122579574585,771.3336238861084,0.6225302378336589,616.6122579574585,completed
2814.982187,30,154.258857,1.0,True,30,0,0,694.0284905433655,974.0653810501099,4.868813323974609,694.0284905433655,completed
2193.260731,30,154.292611,1.0,True,30,0,0,868.7803964614868,1150.6883726119995,10.245230356852213,868.7803964614868,completed
2953.754035,30,154.325391,1.0,True,30,0,0,739.5332028865814,886.7765860557556,4.534529972076416,739.5332028865814,completed
2955.108024,30,154.359489,1.0,True,30,0,0,710.904803276062,900.9746446609497,4.12128308614095,710.904803276062,completed
2468.88031,30,154.393422,1.0,True,30,0,0,838.8484530448914,1067.0715148448944,7.900532531738281,838.8484530448914,completed
2071.255451,30,154.426401,1.0,True,30,0,0,840.429281949997,1202.136071920395,10.785621682802836,840.429281949997,completed
2302.860487,30,154.459901,1.0,True,30,0,0,796.2789917886257,1079.9197122454643,10.441007232666015,796.2789917886257,completed
2144.304109,30,154.492838,1.0,True,30,0,0,827.1841418743134,1127.1054627895355,11.492823282877604,827.1841418743134,completed
2394.968068,30,154.526387,1.0,True,30,0,0,792.175950050354,1050.0162467956543,8.661808172861734,792.175950050354,completed
2402.200106,30,154.559738,1.0,True,30,0,0,823.739146232605,1158.6642894744873,7.067094802856445,823.739146232605,completed
2156.710311,30,154.593461,1.0,True,30,0,0,803.7388205528259,1117.86589717865,10.856565157572428,803.7388205528259,completed
2658.006909,30,154.626497,1.0,True,30,0,0,671.5139625072479,907.95170545578,9.338963953653971,671.5139625072479,completed
2722.170453,30,154.660428,1.0,True,30,0,0,826.8785530328751,1020.9563133716583,4.6441745122273765,826.8785530328751,completed
2981.24196,30,154.69359,1.0,True,30,0,0,710.7847776412964,941.7348957061768,3.772979799906413,710.7847776412964,completed
2127.948394,30,154.727054,1.0,True,30,0,0,838.5367298126221,1231.8645191192627,9.314643287658692,838.5367298126221,completed
3047.386734,30,154.761662,1.0,True,30,0,0,692.3653427362442,905.4448487758636,3.936745452880859,692.3653427362442,completed
2471.612692,30,154.797578,1.0,True,30,0,0,885.7979147434235,1285.4061760902405,3.7993627548217774,885.7979147434235,completed
2425.087407,30,154.833765,1.0,True,30,0,0,788.4963564872742,1069.8198890686035,8.666881688435872,788.4963564872742,completed
1160.189254,30,154.867731,1.0,True,30,0,0,1073.6311655044556,1640.0043811798096,14.777120463053386,1073.6311655044556,completed
2678.863259,30,154.900604,1.0,True,30,0,0,687.3187576532364,956.6896774768829,7.939780680338542,687.3187576532364,completed
3682.28598,30,154.935727,1.0,True,30,0,0,547.9885652065277,621.2282814979553,0.009496180216471355,547.9885652065277,completed
2312.147571,30,154.988346,1.0,True,30,0,0,775.3340759277344,1097.7868738174438,10.168107032775879,775.3340759277344,completed
2890.318693,30,155.021102,1.0,True,30,0,0,789.641077041626,914.0404448509216,5.007536188761393,789.641077041626,completed
1696.13012,30,155.054109,1.0,True,30,0,0,895.4924960136414,1236.01651096344,13.365937010447185,895.4924960136414,completed
2251.282256,30,155.087872,1.0,True,30,0,0,876.3916948139668,1188.8483939766884,7.66915823618571,876.3916948139668,completed
2827.098923,30,155.121032,1.0,True,30,0,0,745.337037563324,899.7222986221313,6.3500720977783205,745.337037563324,completed
3113.675382,30,155.154487,1.0,True,30,0,0,751.0916204452515,965.9393606185913,1.135605812072754,751.0916204452515,completed
1747.227471,30,155.18818,1.0,True,30,0,0,900.1125693321228,1217.9604349136353,14.882475153605144,900.1125693321228,completed
2568.859147,30,155.222246,1.0,True,30,0,0,821.8584809303284,1062.990445137024,6.062271245320638,821.8584809303284,completed
3469.968989,30,155.258383,1.0,True,30,0,0,635.3718121051788,756.1373467445374,0.20094738006591797,635.3718121051788,completed
2154.788209,30,155.293121,1.0,True,30,0,0,823.221791267395,1099.1741485595703,11.036452547709148,823.221791267395,completed
3028.926918,30,155.325913,1.0,True,30,0,0,746.6586313247681,845.9087648391724,3.9596377054850262,746.6586313247681,completed
2684.753654,30,155.359376,1.0,True,30,0,0,782.579195022583,940.5671863555908,6.767915407816569,782.579195022583,completed
2210.81162,30,155.393061,1.0,True,30,0,0,812.6952192187309,1105.8742393255234,10.501826413472493,812.6952192187309,completed
2649.337281,30,155.42591,1.0,True,30,0,0,784.7363424301147,1137.673065662384,3.7230090141296386,784.7363424301147,completed
2541.644964,30,155.458812,1.0,True,30,0,0,783.0163154602051,983.7179203033447,8.357592233022054,783.0163154602051,completed
2601.685066,30,155.492342,1.0,True,30,0,0,860.2650022506714,1117.4301385879517,4.549713007609049,860.2650022506714,completed
2833.695833,30,155.525717,1.0,True,30,0,0,824.1157159805298,960.2745761871338,4.342211723327637,824.1157159805298,completed
1432.015998,30,155.559598,1.0,True,30,0,0,917.7692232131958,1259.4699096679688,19.19842611948649,917.7692232131958,completed
1599.650542,30,155.59335,1.0,True,30,0,0,907.289299249649,1309.8435826301575,15.169132296244303,907.289299249649,completed
2454.531151,30,155.626983,1.0,True,30,0,0,744.0985954999924,1109.6590201854706,7.473079490661621,744.0985954999924,completed
2469.941381,30,155.660304,1.0,True,30,0,0,853.3425555229187,1258.4084997177124,4.230062262217204,853.3425555229187,completed
2754.757131,30,155.693179,1.0,True,30,0,0,820.1620926856995,1076.967872619629,3.558015886942546,820.1620926856995,completed
2801.784359,30,155.729018,1.0,True,30,0,0,726.6915788650513,952.4887523651123,5.991051101684571,726.6915788650513,completed
1090.429711,30,155.763503,1.0,True,30,0,0,970.5411748886108,1336.6561279296875,20.865397389729818,970.5411748886108,completed
2520.607109,30,155.796878,1.0,True,30,0,0,858.7091293334961,1082.6178722381592,6.554795900980632,858.7091293334961,completed
1880.062066,30,157.036151,1.0,True,30,0,0,883.1999073028564,1163.9151067733765,12.578522872924804,883.1999073028564,completed
2980.314054,30,157.070104,1.0,True,30,0,0,740.4708969593048,842.0624089241028,4.485579299926758,740.4708969593048,completed
2782.153623,30,157.103909,1.0,True,30,0,0,742.028603553772,905.3759298324585,6.611928208669027,742.028603553772,completed
3056.592805,30,157.137005,1.0,True,30,0,0,641.7868180274963,902.7874813079834,3.504481252034505,641.7868180274963,completed
1929.934983,30,157.170743,1.0,True,30,0,0,872.4719424247742,1209.5908422470093,11.850532086690267,872.4719424247742,completed
1444.96068,30,157.204084,1.0,True,30,0,0,913.0754033923149,1256.1180557012558,18.674403603871664,913.0754033923149,completed
2702.880313,30,157.238015,1.0,True,30,0,0,791.8825042247772,1075.5755093097687,4.7309520721435545,791.8825042247772,completed
2857.074567,30,157.27165,1.0,True,30,0,0,782.2029132843018,1038.5154185295105,3.3539454142252603,782.2029132843018,completed
1810.024846,30,157.305366,1.0,True,30,0,0,887.3357328176498,1312.2303779125214,12.235338306427002,887.3357328176498,completed
2616.494433,30,157.338505,1.0,True,30,0,0,809.3944674730301,984.7393572330475,7.660926564534505,809.3944674730301,completed
2930.810312,30,157.371434,1.0,True,30,0,0,660.1590340137482,895.9482216835022,5.125853729248047,660.1590340137482,completed
2481.63434,30,157.405125,1.0,True,30,0,0,803.9037089347839,1230.5480031967163,4.623677190144857,803.9037089347839,completed
2335.594115,30,157.438995,1.0,True,30,0,0,878.8369460105896,1086.8392839431763,9.359675089518229,878.8369460105896,completed
2034.621928,30,157.649484,1.0,True,30,0,0,850.3159589767456,1127.684784412384,13.078920555114745,850.3159589767456,completed
2981.382008,30,157.683901,1.0,True,30,0,0,611.0007792711258,834.0754354000092,5.492242431640625,611.0007792711258,completed
2896.833172,30,157.718005,1.0,True,30,0,0,714.6127591133118,914.6090865135193,4.8054862976074215,714.6127591133118,completed
2689.611784,30,157.751127,1.0,True,30,0,0,720.1705121994019,911.4486427307129,7.428206698099772,720.1705121994019,completed
2852.200383,30,157.78462,1.0,True,30,0,0,760.1578667163849,942.3163485527039,4.58594856262207,760.1578667163849,completed
2686.010532,30,157.817392,1.0,True,30,0,0,704.3417909145355,927.7798480987549,8.597109349568685,704.3417909145355,completed
2756.28645,30,157.851698,1.0,True,30,0,0,718.2289633750916,1019.8045654296875,5.183185831705729,718.2289633750916,completed
1973.949839,30,157.885874,1.0,True,30,0,0,924.7432684898376,1231.464867591858,10.193214098612467,924.7432684898376,completed
2498.588623,30,157.922634,1.0,True,30,0,0,821.887366771698,1034.0514755249023,8.18037223815918,821.887366771698,completed
2537.121072,30,157.96076,1.0,True,30,0,0,801.35633289814,969.6006186008453,8.925074132283529,801.35633289814,completed
3484.365857,30,157.994722,1.0,True,30,0,0,612.9595510959625,731.3797745704651,0.639011001586914,612.9595510959625,completed
2597.081733,30,158.028473,1.0,True,30,0,0,735.9250078201294,958.2001638412476,8.372384707132975,735.9250078201294,completed
1242.839182,30,158.062337,1.0,True,30,0,0,1026.971442937851,1600.1705660820007,15.429838832219442,1026.971442937851,completed
2721.801683,30,158.096664,1.0,True,30,0,0,840.7722861766815,1110.5453991889954,2.452250099182129,840.7722861766815,completed
2525.908503,30,158.129553,1.0,True,30,0,0,700.1179509162903,961.9819893836975,10.264008967081706,700.1179509162903,completed
2599.520162,30,158.163039,1.0,True,30,0,0,731.8048186302185,1003.9875764846802,7.533510208129883,731.8048186302185,completed
3000.351533,30,158.197002,1.0,True,30,0,0,748.947548866272,936.4362888336182,2.336666997273763,748.947548866272,completed
2132.378087,30,158.231725,1.0,True,30,0,0,827.046403169632,1151.1826128959656,11.251553281148274,827.046403169632,completed
3224.757764,30,158.265498,1.0,True,30,0,0,617.0689161419868,752.0037294626236,4.129946390787761,617.0689161419868,completed
2164.338257,30,158.299108,1.0,True,30,0,0,845.7124605178833,1141.7000637054443,11.122736612955729,845.7124605178833,completed
2615.485907,30,158.332686,1.0,True,30,0,0,763.0488119125366,965.5237913131714,7.243477249145508,763.0488119125366,completed
1223.595073,30,158.366871,1.0,True,30,0,0,1006.6803088188171,1544.7925271987915,16.552082697550457,1006.6803088188171,completed
2295.282989,30,158.402289,1.0,True,30,0,0,876.0993218421936,1255.083818435669,6.974420293172201,876.0993218421936,completed
2287.575154,30,158.436383,1.0,True,30,0,0,767.9382586479187,1155.0903625488281,9.60104153951009,767.9382586479187,completed
2576.977339,30,158.470711,1.0,True,30,0,0,825.9939975738525,1013.2150859832764,7.214827791849772,825.9939975738525,completed
2758.804389,30,158.504481,1.0,True,30,0,0,672.8445847034454,944.0058579444885,6.568040275573731,672.8445847034454,completed
2426.674328,30,158.537932,1.0,True,30,0,0,790.1877789497375,1101.8508076667786,8.03628527323405,790.1877789497375,completed
2570.584626,30,158.57194,1.0,True,30,0,0,767.9181224107742,977.3696238994598,8.559298578898112,767.9181224107742,completed
1764.495872,30,158.606377,1.0,True,30,0,0,921.7882399559021,1363.790343284607,11.704363441467285,921.7882399559021,completed
2908.615057,30,158.644204,1.0,True,30,0,0,760.7384176254272,1103.7082233428955,1.5143807729085286,760.7384176254272,completed
2216.724008,30,158.678663,1.0,True,30,0,0,814.011420249939,1211.1903648376465,9.292662302652994,814.011420249939,completed
3215.660604,30,158.712348,1.0,True,30,0,0,706.6403517723083,834.7121896743774,1.4528629302978515,706.6403517723083,completed
2611.243553,30,158.745824,1.0,True,30,0,0,769.0393013954163,1047.433807849884,6.585927963256836,769.0393013954163,completed
2407.853159,30,158.779106,1.0,True,30,0,0,735.7199387550354,1014.4790887832642,10.91313133239746,735.7199387550354,completed
2862.221443,30,158.813066,1.0,True,30,0,0,742.3814602643251,1042.428986698389,2.761296590169271,742.3814602643251,completed
2297.124329,30,158.846506,1.0,True,30,0,0,880.0894992351532,1149.553607225418,8.838550059000651,880.0894992351532,completed
2671.194813,30,158.879661,1.0,True,30,0,0,798.4288449287415,990.2357530593872,7.174809201558431,798.4288449287415,completed
2914.073843,30,158.912829,1.0,True,30,0,0,783.6037640571594,978.2812566757202,2.2442419370015463,783.6037640571594,completed
3230.802803,30,158.946522,1.0,True,30,0,0,633.9429280757904,798.4960074424744,2.5914305369059245,633.9429280757904,completed
1953.493302,30,158.979851,1.0,True,30,0,0,907.6217103004456,1239.05295753479,12.232923634847005,907.6217103004456,completed
1136.870139,30,159.013324,1.0,True,30,0,0,949.1332718133926,1529.3592483997345,17.189245414733886,949.1332718133926,completed
1992.915745,30,159.046335,1.0,True,30,0,0,959.8607428073883,1213.403578042984,11.107064565022787,959.8607428073883,completed
2404.426573,30,159.079409,1.0,True,30,0,0,768.4953067302704,1003.0240292549133,10.019163513183594,768.4953067302704,completed
2660.130803,30,159.112244,1.0,True,30,0,0,690.37899518013,984.8131375312805,6.8724558035532635,690.37899518013,completed
2007.88163,30,159.145688,1.0,True,30,0,0,883.6332497596741,1258.614797592163,11.207702382405598,883.6332497596741,completed
2273.991747,30,159.179079,1.0,True,30,0,0,729.3520438671112,1056.1657996177673,12.443577448527018,729.3520438671112,completed
2709.519836,30,159.212518,1.0,True,30,0,0,773.8535873889923,1043.5534501075745,4.554320271809896,773.8535873889923,completed
2307.965932,30,159.246971,1.0,True,30,0,0,800.6823954582214,1092.5842294692993,9.663032976786296,800.6823954582214,completed
1560.031902,30,159.280689,1.0,True,30,0,0,921.1343660354614,1463.7305612564087,14.119731012980143,921.1343660354614,completed
2921.36902,30,159.314652,1.0,True,30,0,0,729.3006541728973,980.1633081436157,4.297849146525065,729.3006541728973,completed
2043.077099,30,159.348047,1.0,True,30,0,0,825.4580903053284,1212.4108037948608,12.883269373575846,825.4580903053284,completed
2829.0421,30,159.38146,1.0,True,30,0,0,651.4897029399872,853.0566534996033,6.861695988972982,651.4897029399872,completed
1816.024209,30,159.415186,1.0,True,30,0,0,849.8999266624451,1204.0771617889404,14.909182612101237,849.8999266624451,completed
2345.767952,30,159.449042,1.0,True,30,0,0,813.7225575447083,1127.4408042430878,9.096893819173177,813.7225575447083,completed
2926.759875,30,159.485112,1.0,True,30,0,0,708.3990478515625,933.8425598144531,3.5995646794637044,708.3990478515625,completed
2429.242948,30,160.749053,1.0,True,30,0,0,807.6558184623718,1165.1116514205933,7.075679079691569,807.6558184623718,completed
3117.91351,30,160.78511,1.0,True,30,0,0,674.5051507949829,779.1908540725708,4.004557673136393,674.5051507949829,completed
2410.094202,30,160.821115,1.0,True,30,0,0,790.6568853855133,1129.5209774971008,7.800643189748128,790.6568853855133,completed
3255.124038,30,160.856297,1.0,True,30,0,0,589.8272409439087,761.2056903839111,2.060889307657878,589.8272409439087,completed
3290.135084,30,160.892226,1.0,True,30,0,0,647.2734022140503,701.4539070129395,3.2483596165974933,647.2734022140503,completed
2677.667853,30,160.927779,1.0,True,30,0,0,817.9072716236115,1013.8149228096008,6.023189481099447,817.9072716236115,completed
2619.629568,30,160.96392,1.0,True,30,0,0,709.8497414588928,990.4069108963013,7.666883087158203,709.8497414588928,completed
2736.716539,30,160.999451,1.0,True,30,0,0,850.6124811172485,941.6677813529968,5.61802355448405,850.6124811172485,completed
2856.846627,30,161.034844,1.0,True,30,0,0,771.8147149085999,985.6455783843994,3.180906804402669,771.8147149085999,completed
3326.39142,30,161.070669,1.0,True,30,0,0,614.1140524744987,802.8976963758469,1.5325447082519532,614.1140524744987,completed
2690.435227,30,161.106077,1.0,True,30,0,0,761.8000590503216,939.8414062857628,7.310986518859863,761.8000590503216,completed
3254.195894,30,161.14184,1.0,True,30,0,0,637.6188185214996,791.7014622688293,2.289353434244792,637.6188185214996,completed
3612.890029,30,161.17745,1.0,True,30,0,0,504.6460248231888,626.9288070201874,1.078344472249349,504.6460248231888,completed
2092.286271,30,161.212759,1.0,True,30,0,0,826.6019198894501,1030.1888401508331,12.892414220174153,826.6019198894501,completed
3612.093631,30,161.248898,1.0,True,30,0,0,579.3829998970032,660.8390350341797,0.13922716776529948,579.3829998970032,completed
3079.959099,30,161.283749,1.0,True,30,0,0,763.7406730651855,892.6694383621216,2.914335250854492,763.7406730651855,completed
2866.142093,30,161.319031,1.0,True,30,0,0,732.5654487609863,865.2872982025146,6.458376820882162,732.5654487609863,completed
2930.68742,30,161.355106,1.0,True,30,0,0,642.3188676834106,850.8200445175171,4.883653513590494,642.3188676834106,completed
2686.192841,30,161.391093,1.0,True,30,0,0,683.2117726802826,927.4070763587952,7.9788718541463215,683.2117726802826,completed
3132.594216,30,161.426309,1.0,True,30,0,0,777.8764128684998,953.0108480453491,0.7894667307535808,777.8764128684998,completed
1548.017154,30,161.461913,1.0,True,30,0,0,1051.960477590561,1449.2182803153992,12.444440857569377,1051.960477590561,completed
2590.060707,30,161.497733,1.0,True,30,0,0,823.915894985199,1230.063178062439,3.458670997619629,823.915894985199,completed
2898.727378,30,161.53398,1.0,True,30,0,0,730.7837891578674,898.9536657333374,5.315888595581055,730.7837891578674,completed
2649.820036,30,161.568749,1.0,True,30,0,0,831.6230306327343,1082.6597899794579,5.088006273905436,831.6230306327343,completed
3155.410019,30,161.603695,1.0,True,30,0,0,648.1636219024658,834.8249444961548,3.4564061482747395,648.1636219024658,completed
1632.372058,30,161.639307,1.0,True,30,0,0,784.7848825454712,1159.4107303619385,19.023420143127442,784.7848825454712,completed
2484.484416,30,161.675176,1.0,True,30,0,0,801.2091407775879,1086.0785388946533,7.251728439331055,801.2091407775879,completed
1936.49915,30,161.710972,1.0,True,30,0,0,929.6857402324677,1286.6187796592712,10.173479143778483,929.6857402324677,completed
2408.325683,30,161.746858,1.0,True,30,0,0,849.6063673496246,1126.1480717658997,7.3024602890014645,849.6063673496246,completed
2650.472892,30,161.782569,1.0,True,30,0,0,799.82528424263,1182.7587838172913,3.5599545796712238,799.82528424263,completed
2447.124877,30,161.818041,1.0,True,30,0,0,782.3178400993347,1004.9856147766113,9.133337370554607,782.3178400993347,completed
2850.119281,30,161.853528,1.0,True,30,0,0,740.0924587249756,836.1650595664978,6.767394638061523,740.0924587249756,completed
2367.265492,30,161.888953,1.0,True,30,0,0,821.0530536174774,1223.3927359580994,6.906177775065104,821.0530536174774,completed
2681.341383,30,161.924949,1.0,True,30,0,0,758.7960884571075,957.2991108894348,6.755865701039633,758.7960884571075,completed
2359.463545,30,161.96075,1.0,True,30,0,0,829.8919794559479,1255.1640684604645,6.365346527099609,829.8919794559479,completed
2461.150635,30,161.996321,1.0,True,30,0,0,782.0525681972504,998.3250164985657,9.024338436126708,782.0525681972504,completed
2989.165662,30,162.031911,1.0,True,30,0,0,678.421549141407,876.094056725502,3.9179657618204753,678.421549141407,completed
1888.797564,30,162.067262,1.0,True,30,0,0,829.5902690887451,1238.7977147102356,12.846179803212484,829.5902690887451,completed
2418.422009,30,162.102807,1.0,True,30,0,0,780.9409642219543,1053.2302265167236,9.157669385274252,780.9409642219543,completed
3057.210499,30,162.137734,1.0,True,30,0,0,675.7729349136353,866.5801649093628,3.8181259791056315,675.7729349136353,completed
2586.303712,30,162.173566,1.0,True,30,0,0,744.6139907836914,912.7356748580933,8.881977526346843,744.6139907836914,completed
2212.662261,30,162.209236,1.0,True,30,0,0,790.298318862915,1039.4733142852783,12.328968365987143,790.298318862915,completed
3137.616728,30,162.244309,1.0,True,30,0,0,712.5839738845825,963.6656484603882,1.1633445739746093,712.5839738845825,completed
1875.024365,30,162.279579,1.0,True,30,0,0,770.6786026954651,1098.2968549728394,17.07403221130371,770.6786026954651,completed
2111.628929,30,162.315425,1.0,True,30,0,0,947.6944937705994,1358.9920768737793,6.997718175252278,947.6944937705994,completed
2522.33444,30,162.350816,1.0,True,30,0,0,842.1096882820129,1011.8947715759277,7.155258305867513,842.1096882820129,completed
2384.291838,30,162.38631,1.0,True,30,0,0,791.186892747879,1028.963777065277,9.65226453145345,791.186892747879,completed
3019.834968,30,162.422215,1.0,True,30,0,0,672.2269353866577,851.9691295623779,3.9110471407572427,672.2269353866577,completed
2729.149289,30,162.458046,1.0,True,30,0,0,794.2268254756927,1036.2758135795593,4.573520342508952,794.2268254756927,completed
2088.899951,30,162.494627,1.0,True,30,0,0,811.0163040161133,1241.6416110992432,9.644741566975911,811.0163040161133,completed
2216.62836,30,162.530645,1.0,True,30,0,0,843.220064163208,1201.9477634429932,8.754951032002767,843.220064163208,completed
2998.118021,30,162.568146,1.0,True,30,0,0,695.2689321041107,869.5659155845642,4.136635208129883,695.2689321041107,completed
1379.255176,30,162.604318,1.0,True,30,0,0,906.0248627662659,1340.8678011894226,18.286255423227946,906.0248627662659,completed
2355.556543,30,162.640329,1.0,True,30,0,0,820.9053633213043,1086.1754405498505,9.201787567138672,820.9053633213043,completed
2922.253661,30,162.675823,1.0,True,30,0,0,752.8891611099243,1008.415997505188,2.6959207534790037,752.8891611099243,completed
2058.233062,30,162.711561,1.0,True,30,0,0,858.6208834648132,1151.7281427383423,12.578224182128906,858.6208834648132,completed
3136.74734,30,162.771531,1.0,True,30,0,0,705.7010073661804,901.5991954803467,1.9678823471069335,705.7010073661804,completed
2910.51457,30,162.815932,1.0,True,30,0,0,718.6434741020203,967.9558515548706,3.975798479715983,718.6434741020203,completed
1450.534182,30,162.863682,1.0,True,30,0,0,888.2551491260529,1317.6929705142975,17.284174346923827,888.2551491260529,completed
2517.79732,30,162.902142,1.0,True,30,0,0,754.8619637489319,987.1571493148804,7.3068772951761884,754.8619637489319,completed
1850.940376,30,162.966921,1.0,True,30,0,0,1007.0262656211853,1455.6021809577942,8.561357752482097,1007.0262656211853,completed
1738.177598,30,163.017874,1.0,True,30,0,0,943.5922555923462,1252.24849319458,14.38656177520752,943.5922555923462,completed
3264.341187,30,163.056745,1.0,True,30,0,0,637.801923751831,784.8100500106812,2.6614433924357095,637.801923751831,completed
2254.048607,30,163.093324,1.0,True,30,0,0,900.5042788982391,1159.4954190254211,8.753397750854493,900.5042788982391,completed
2881.531457,30,163.129111,1.0,True,30,0,0,780.7318544387817,1019.9538974761963,2.0513357162475585,780.7318544387817,completed
3187.449936,30,163.16574,1.0,True,30,0,0,616.2105560302734,804.0750780105591,2.972352409362793,616.2105560302734,completed
2528.796149,30,163.201662,1.0,True,30,0,0,808.9815301895142,1092.7822351455688,6.312574577331543,808.9815301895142,completed
2761.781742,30,163.237311,1.0,True,30,0,0,696.8430845737457,975.9286770820618,6.526514371236165,696.8430845737457,completed
1802.544665,30,163.273672,1.0,True,30,0,0,871.7594995498657,1199.0823574066162,12.92348403930664,871.7594995498657,completed
1972.453841,30,164.534964,1.0,True,30,0,0,854.7520635128021,1205.8554615974426,11.804231882095337,854.7520635128021,completed
2461.010502,30,164.568297,1.0,True,30,0,0,779.7774066925049,1023.2045450210571,8.593300914764404,779.7774066925049,completed
1885.716704,30,164.602628,1.0,True,30,0,0,835.0925102233887,1196.4087047576904,13.619636917114258,835.0925102233887,completed
2722.729899,30,164.636614,1.0,True,30,0,0,725.6763023138046,869.6469452381134,7.170877997080485,725.6763023138046,completed
2900.129655,30,164.67018,1.0,True,30,0,0,771.9015302658081,1108.222083568573,1.8780855814615884,771.9015302658081,completed
1965.726901,30,164.703541,1.0,True,30,0,0,881.667947769165,1289.4308528900146,9.698306528727214,881.667947769165,completed
3163.378392,30,164.738604,1.0,True,30,0,0,632.9531733989716,841.536500453949,2.9359925587972007,632.9531733989716,completed
3508.169703,30,164.774494,1.0,True,30,0,0,618.7027721405029,726.2750129699707,0.27843532562255857,618.7027721405029,completed
2229.250068,30,164.808664,1.0,True,30,0,0,814.5917775630951,1055.293142080307,11.519540158907573,814.5917775630951,completed
1763.763075,30,164.842229,1.0,True,30,0,0,870.0857110023499,1212.5946855545044,15.838855743408203,870.0857110023499,completed
2544.361208,30,164.875825,1.0,True,30,0,0,832.2610824108124,1222.5482935905457,3.8579836527506512,832.2610824108124,completed
2449.871561,30,164.909178,1.0,True,30,0,0,882.2344818115234,1384.0779666900635,2.8050331115722655,882.2344818115234,completed
1889.869926,30,164.942809,1.0,True,30,0,0,915.2319812774658,1162.5460729599,13.369836743672689,915.2319812774658,completed
3242.699375,30,164.975927,1.0,True,30,0,0,639.8156234025955,797.9671785831451,2.760789235432943,639.8156234025955,completed
1956.845914,30,165.010479,1.0,True,30,0,0,841.87415599823,1310.8372373580933,10.685143852233887,841.87415599823,completed
2375.667197,30,165.043514,1.0,True,30,0,0,810.2421445846558,1287.6481952667236,4.446241696675618,810.2421445846558,completed
1008.845486,30,165.077348,1.0,True,30,0,0,1066.6695914268494,1768.2968587875366,15.850436909993489,1066.6695914268494,completed
1610.205607,30,165.110623,1.0,True,30,0,0,884.6436042785645,1381.1709337234497,14.745336723327636,884.6436042785645,completed
1942.399029,30,165.144303,1.0,True,30,0,0,950.4592400789261,1294.4476692676544,10.9738831837972,950.4592400789261,completed
2099.302946,30,165.177958,1.0,True,30,0,0,802.9308574795723,1136.2699543237686,11.484026495615641,802.9308574795723,completed
3135.752271,30,165.211186,1.0,True,30,0,0,656.3697117567062,785.5872890949249,4.187998072306315,656.3697117567062,completed
2949.047652,30,165.244359,1.0,True,30,0,0,679.9351372718811,979.0841197967529,3.9333122253417967,679.9351372718811,completed
2228.882888,30,165.277501,1.0,True,30,0,0,873.7840008735657,1199.8329000473022,8.70050868988037,873.7840008735657,completed
998.758974,30,165.311931,1.0,True,30,0,0,1031.7228927612305,1524.5738077163696,18.752935028076173,1031.7228927612305,completed
2079.500649,30,165.345033,1.0,True,30,0,0,833.3329238891602,1093.4305672645569,12.712099552154541,833.3329238891602,completed
2500.075828,30,165.378394,1.0,True,30,0,0,749.2591309547424,975.1311655044556,7.878740183512369,749.2591309547424,completed
2512.16897,30,165.411407,1.0,True,30,0,0,753.2395663261414,1015.9936065673828,9.388238716125489,753.2395663261414,completed
1788.257472,30,165.444535,1.0,True,30,0,0,820.9436640739441,1196.771336555481,14.962130991617839,820.9436640739441,completed
2224.297476,30,165.477791,1.0,True,30,0,0,952.1887707710266,1189.5017747879028,7.765621821085612,952.1887707710266,completed
2882.610039,30,165.511495,1.0,True,30,0,0,735.4895411729813,965.8089716434479,4.3117727915445965,735.4895411729813,completed
1374.890362,30,165.545552,1.0,True,30,0,0,884.3232787847519,1399.739262342453,17.080041376749673,884.3232787847519,completed
3134.056031,30,165.578563,1.0,True,30,0,0,654.3842525482178,784.5782623291016,4.254622141520183,654.3842525482178,completed
2680.951416,30,165.611872,1.0,True,30,0,0,770.2822484970093,989.9255304336548,6.4660191853841145,770.2822484970093,completed
2956.352891,30,165.646526,1.0,True,30,0,0,644.8697137832642,872.6462898254395,4.863572692871093,644.8697137832642,completed
3328.81957,30,165.680113,1.0,True,30,0,0,640.7056892514229,800.6623369455338,1.267140769958496,640.7056892514229,completed
2396.124184,30,165.713901,1.0,True,30,0,0,756.169837474823,1095.6863136291504,8.16531613667806,756.169837474823,completed
3174.589775,30,165.747647,1.0,True,30,0,0,597.7480916976929,787.4459800720215,3.2595132033030194,597.7480916976929,completed
2442.595354,30,165.780983,1.0,True,30,0,0,806.3159177303314,1133.2078280448914,7.034774748484294,806.3159177303314,completed
2558.959491,30,165.814769,1.0,True,30,0,0,757.3096075057983,1011.8153114318848,6.977631696065267,757.3096075057983,completed
1479.671322,30,165.849028,1.0,True,30,0,0,1040.1099939346313,1466.3679447174072,13.804299036661783,1040.1099939346313,completed
2996.37318,30,165.882504,1.0,True,30,0,0,797.6138432025909,1095.7461380958557,0.24562937418619793,797.6138432025909,completed
2639.820272,30,165.915791,1.0,True,30,0,0,814.2408038377762,1097.5126020908356,5.156189727783203,814.2408038377762,completed
2484.585212,30,165.94904,1.0,True,30,0,0,732.5992374420166,1014.052698135376,9.673287963867187,732.5992374420166,completed
2268.428616,30,165.98231,1.0,True,30,0,0,768.0508666038513,1057.807294845581,11.285880661010742,768.0508666038513,completed
1324.642727,30,166.015055,1.0,True,30,0,0,1026.8810102939606,1497.6907200813293,15.529481252034506,1026.8810102939606,completed
2853.280749,30,166.048902,1.0,True,30,0,0,765.4034514427185,902.0206203460693,5.670908292134603,765.4034514427185,completed
2489.760737,30,166.082521,1.0,True,30,0,0,830.9995069503784,1017.4552450180054,8.540646489461263,830.9995069503784,completed
2904.970882,30,166.116489,1.0,True,30,0,0,731.8207607269287,985.6312408447266,1.9457049369812012,731.8207607269287,completed
2780.991105,30,166.149522,1.0,True,30,0,0,747.8986291885376,876.0605335235596,7.526718839009603,747.8986291885376,completed
3334.215178,30,166.182719,1.0,True,30,0,0,679.1081776618958,777.594090461731,0.7994402567545573,679.1081776618958,completed
3045.592474,30,166.215553,1.0,True,30,0,0,731.4240808486938,902.2743291854858,3.2175219217936197,731.4240808486938,completed
2521.332084,30,166.249067,1.0,True,30,0,0,721.7516207695007,947.792275428772,9.550757344563802,721.7516207695007,completed
2103.926479,30,166.282571,1.0,True,30,0,0,770.4179990291595,1082.0186703205109,12.726703071594239,770.4179990291595,completed
2936.491793,30,166.316041,1.0,True,30,0,0,702.8559427261353,944.2095861434937,4.5527349472045895,702.8559427261353,completed
2175.883997,30,166.349672,1.0,True,30,0,0,781.7551033496857,1203.1714062690735,10.026239903767904,781.7551033496857,completed
2596.332958,30,166.383775,1.0,True,30,0,0,779.6643362045288,1031.7519359588623,7.015688514709472,779.6643362045288,completed
2755.953375,30,166.417893,1.0,True,30,0,0,773.3763461112976,932.6811952590942,6.234525044759114,773.3763461112976,completed
2341.26147,30,166.451011,1.0,True,30,0,0,786.8852806091309,1174.500970840454,7.327604897816976,786.8852806091309,completed
2218.73353,30,166.485226,1.0,True,30,0,0,806.5285556316376,1111.9301400184631,10.320436382293702,806.5285556316376,completed
3393.237663,30,166.518778,1.0,True,30,0,0,653.8379883766174,754.1912517547607,0.9141527811686198,653.8379883766174,completed
2679.0871,30,166.551887,1.0,True,30,0,0,684.0504078865051,957.8871822357178,7.530112584431966,684.0504078865051,completed
1698.187234,30,166.585667,1.0,True,30,0,0,903.5469522476196,1396.7738285064697,11.970556386311848,903.5469522476196,completed
2675.918751,30,166.619038,1.0,True,30,0,0,647.7096905708313,849.8958911895752,9.092832565307617,647.7096905708313,completed
2629.615789,30,166.652462,1.0,True,30,0,0,825.718165397644,968.4398927688599,7.161157162984212,825.718165397644,completed
1996.871712,30,166.686181,1.0,True,30,0,0,856.2731320858002,1179.8723549842834,13.108413632710775,856.2731320858002,completed
2688.344493,30,166.719376,1.0,True,30,0,0,804.8790307044983,1065.8115763664246,3.7722559134165445,804.8790307044983,completed
2444.805534,30,166.7534,1.0,True,30,0,0,862.1159539222717,1066.4513931274414,7.663806025187174,862.1159539222717,completed
2167.469977,30,166.787195,1.0,True,30,0,0,941.4776921272278,1481.468379020691,5.133803176879883,941.4776921272278,completed
3154.160931,30,168.062368,1.0,True,30,0,0,678.1029586791992,815.3861083984375,3.1175429026285806,678.1029586791992,completed
2101.966073,30,168.100301,1.0,True,30,0,0,837.6044585704803,1147.6327443122864,11.717920557657878,837.6044585704803,completed
2199.330549,30,168.137657,1.0,True,30,0,0,769.562218785286,1131.0742342472076,11.495841026306152,769.562218785286,completed
1725.627487,30,168.175699,1.0,True,30,0,0,980.3650747537613,1430.5767052173615,11.37531820933024,980.3650747537613,completed
2734.37738,30,168.21337,1.0,True,30,0,0,740.0709209442139,1074.2352957725525,3.915354029337565,740.0709209442139,completed
1349.14751,30,168.251297,1.0,True,30,0,0,871.4601154327393,1289.5652179718018,20.074244689941406,871.4601154327393,completed
2711.225365,30,168.289049,1.0,True,30,0,0,749.3159818649292,930.8485851287842,6.83752670288086,749.3159818649292,completed
1994.181256,30,168.326655,1.0,True,30,0,0,808.742778301239,1154.2379922866821,13.265188090006511,808.742778301239,completed
2808.204246,30,168.363917,1.0,True,30,0,0,789.4395747184753,1006.29474401474,4.686796506245931,789.4395747184753,completed
2929.088117,30,168.403346,1.0,True,30,0,0,808.7402155399323,1018.3227734565735,2.2585450490315755,808.7402155399323,completed
1336.443311,30,168.440952,1.0,True,30,0,0,1018.3523218631744,1539.403166294098,15.48669687906901,1018.3523218631744,completed
2696.685691,30,168.478484,1.0,True,30,0,0,745.2602996826172,960.366861820221,6.995909690856934,745.2602996826172,completed
2196.769424,30,168.516045,1.0,True,30,0,0,881.3122924119234,1222.8543001711369,7.905057843526205,881.3122924119234,completed
2497.210508,30,168.553457,1.0,True,30,0,0,715.8343553543091,986.0168657302856,9.311172103881836,715.8343553543091,completed
3193.578427,30,168.59106,1.0,True,30,0,0,650.645423412323,824.074070930481,2.992547353108724,650.645423412323,completed
2619.329608,30,168.628365,1.0,True,30,0,0,719.4298870563507,957.9560403823853,7.754346927007039,719.4298870563507,completed
2222.630914,30,168.66559,1.0,True,30,0,0,963.6431555747986,1176.426474571228,8.335234514872234,963.6431555747986,completed
3198.547063,30,168.702972,1.0,True,30,0,0,618.3325231075287,840.4842939376831,2.93201166788737,618.3325231075287,completed
1917.461601,30,168.740757,1.0,True,30,0,0,902.6369976997375,1432.7839250564575,8.914898045857747,902.6369976997375,completed
2556.226618,30,168.778511,1.0,True,30,0,0,790.4775891304016,963.8223476409912,7.571370760599772,790.4775891304016,completed
1007.560794,30,168.816276,1.0,True,30,0,0,1059.109530210495,1667.8799538612366,16.95509230295817,1059.109530210495,completed
2274.917797,30,168.853672,1.0,True,30,0,0,762.0783038139343,1093.4813070297241,11.000096384684245,762.0783038139343,completed
2449.404552,30,168.891611,1.0,True,30,0,0,741.0249111652374,1101.4931435585022,8.572300720214844,741.0249111652374,completed
1515.065514,30,168.929185,1.0,True,30,0,0,924.3337073326111,1471.4079999923706,13.86309102376302,924.3337073326111,completed
2294.40951,30,168.966467,1.0,True,30,0,0,823.162269115448,1265.5383834838867,7.326681772867839,823.162269115448,completed
3161.178789,30,169.003559,1.0,True,30,0,0,662.888087272644,908.6830368041992,1.4422836303710938,662.888087272644,completed
2519.250885,30,169.040886,1.0,True,30,0,0,776.3032758235931,1083.989705324173,7.376307900746664,776.3032758235931,completed
2536.393276,30,169.078501,1.0,True,30,0,0,816.3393812179565,1022.5356941223145,7.816897201538086,816.3393812179565,completed
3347.544733,30,169.115788,1.0,True,30,0,0,635.607194185257,853.4568963050842,0.4548060735066732,635.607194185257,completed
2941.200049,30,169.152894,1.0,True,30,0,0,672.9685578346252,890.3202562332153,4.511108907063802,672.9685578346252,completed
3264.694585,30,169.190155,1.0,True,30,0,0,684.1540632247925,828.7528562545776,1.3864139238993327,684.1540632247925,completed
3260.206871,30,169.227539,1.0,True,30,0,0,601.2469607591629,720.8298532962799,3.8522019068400066,601.2469607591629,completed
2620.758699,30,169.264876,1.0,True,30,0,0,746.5441122055054,1050.02787399292,5.771402867635091,746.5441122055054,completed
2716.898057,30,169.302254,1.0,True,30,0,0,746.0587289333344,987.674418926239,6.56708075205485,746.0587289333344,completed
3186.094548,30,169.339465,1.0,True,30,0,0,754.1259336471558,816.1460962295532,2.2278197606404624,754.1259336471558,completed
3162.581409,30,169.376832,1.0,True,30,0,0,721.9012942314148,908.8139772415161,1.2430406570434571,721.9012942314148,completed
3041.519312,30,169.414902,1.0,True,30,0,0,658.6721389293671,844.6681714057922,4.235706933339437,658.6721389293671,completed
2658.066423,30,169.452123,1.0,True,30,0,0,786.087401509285,937.1788170337677,7.6564072926839195,786.087401509285,completed
2628.056702,30,169.489577,1.0,True,30,0,0,825.6015255451202,1035.6369581222534,6.373028818766276,825.6015255451202,completed
2302.463817,30,169.529296,1.0,True,30,0,0,855.9667782783508,1258.1325945854187,6.583504358927409,855.9667782783508,completed
2858.874756,30,169.56714,1.0,True,30,0,0,745.7894170284271,953.1453757286072,4.419861348470052,745.7894170284271,completed
2607.702523,30,169.604795,1.0,True,30,0,0,839.5475826263428,1131.1351771354675,4.405337206522623,839.5475826263428,completed
1985.096363,30,169.642214,1.0,True,30,0,0,916.5739116668701,1311.5186767578125,9.038145764668782,916.5739116668701,completed
3125.132541,30,169.679497,1.0,True,30,0,0,703.413911819458,910.3508479595184,1.607219656308492,703.413911819458,completed
2819.55098,30,169.716858,1.0,True,30,0,0,655.1277486085892,868.1485097408295,7.123483498891194,655.1277486085892,completed
1795.189929,30,169.754227,1.0,True,30,0,0,976.6283721923828,1328.9941425323486,11.282324854532877,976.6283721923828,completed
2584.772348,30,169.791909,1.0,True,30,0,0,794.701509475708,1032.7142333984375,6.623684819539388,794.701509475708,completed
3136.044881,30,169.830084,1.0,True,30,0,0,701.3685587644577,865.8927638530731,2.2608657201131184,701.3685587644577,completed
3205.529577,30,169.867804,1.0,True,30,0,0,703.4466009140015,886.0961465835571,1.5449450174967447,703.4466009140015,completed
2627.238547,30,169.905443,1.0,True,30,0,0,763.3051710128784,1021.102126121521,6.859433523813883,763.3051710128784,completed
3229.757561,30,169.942861,1.0,True,30,0,0,654.959840297699,876.485725402832,0.9688706080118815,654.959840297699,completed
2476.029016,30,169.980064,1.0,True,30,0,0,701.5836410522461,928.9135704040527,10.436931196848551,701.5836410522461,completed
1716.132091,30,170.01737,1.0,True,30,0,0,974.1062445640564,1404.5017852783203,12.074203300476075,974.1062445640564,completed
2575.014468,30,170.054819,1.0,True,30,0,0,794.2662739753723,1255.6964540481567,3.1193277994791666,794.2662739753723,completed
3138.920384,30,170.092081,1.0,True,30,0,0,724.8805198669434,823.467526435852,2.755617078145345,724.8805198669434,completed
2897.769036,30,170.129272,1.0,True,30,0,0,776.5482640266418,1006.7917356491089,2.897184944152832,776.5482640266418,completed
2017.154988,30,170.166605,1.0,True,30,0,0,930.6537437438965,1180.357027053833,11.184333928426106,930.6537437438965,completed
2035.30183,30,170.204515,1.0,True,30,0,0,898.8706314563751,1380.9087872505188,7.939602088928223,898.8706314563751,completed
2517.419745,30,170.242033,1.0,True,30,0,0,855.1816792488098,1241.7952680587769,4.141607538859049,855.1816792488098,completed
979.775795,30,170.279857,1.0,True,30,0,0,944.7123079299927,1463.0862293243408,22.733366139729817,944.7123079299927,completed
1137.906468,30,170.317224,1.0,True,30,0,0,923.8061857223511,1404.5520210266113,20.963376617431642,923.8061857223511,completed
1511.497344,30,170.354463,1.0,True,30,0,0,1054.3859103918076,1558.684345960617,11.855305480957032,1054.3859103918076,completed
2223.831397,30,170.392204,1.0,True,30,0,0,848.7335555553436,1169.018096446991,8.350142733256023,848.7335555553436,completed
2590.333571,30,170.429892,1.0,True,30,0,0,831.2490332424641,1133.3624768853188,5.570304743448893,831.2490332424641,completed
3471.696037,30,170.467638,1.0,True,30,0,0,648.8890929222107,717.1209049224854,0.3356252034505208,648.8890929222107,completed
2468.933998,30,170.505288,1.0,True,30,0,0,795.2635607719421,1063.25772190094,7.988739522298177,795.2635607719421,completed
2493.385088,30,170.542707,1.0,True,30,0,0,818.9880061149597,1086.603811264038,6.915965270996094,818.9880061149597,completed
2129.944917,30,170.580149,1.0,True,30,0,0,791.021657705307,1140.884024143219,11.424494361877441,791.021657705307,completed
2104.219449,30,171.787097,1.0,True,30,0,0,909.546196937561,1161.0472173690796,10.715014902750651,909.546196937561,completed
2313.769246,30,171.821435,1.0,True,30,0,0,801.8798723220825,1232.4738903045654,7.4063591957092285,801.8798723220825,completed
1960.19928,30,171.8551,1.0,True,30,0,0,777.96471118927,1135.7975044250488,14.060743967692057,777.96471118927,completed
2698.818783,30,171.89025,1.0,True,30,0,0,764.5843300819397,1125.4326944351196,3.7409109115600585,764.5843300819397,completed
1680.074634,30,171.924509,1.0,True,30,0,0,974.1229300498962,1321.5633001327515,13.778866291046143,974.1229300498962,completed
3104.587482,30,171.958774,1.0,True,30,0,0,613.0228593349457,776.5337977409363,4.890193748474121,613.0228593349457,completed
2700.665292,30,171.992425,1.0,True,30,0,0,782.7860069274902,991.5255694389343,5.983082962036133,782.7860069274902,completed
2731.141388,30,172.026985,1.0,True,30,0,0,724.4212265014648,863.0662441253662,8.413883463541667,724.4212265014648,completed
2492.055794,30,172.061013,1.0,True,30,0,0,972.9159803390503,1302.9642133712769,2.6822330474853517,972.9159803390503,completed
1920.504853,30,172.095418,1.0,True,30,0,0,934.2656993865967,1390.0292110443115,9.748393249511718,934.2656993865967,completed
1738.916857,30,172.129686,1.0,True,30,0,0,853.7943148612976,1264.5282793045044,15.880424118041992,853.7943148612976,completed
1888.899615,30,172.163841,1.0,True,30,0,0,909.7318468093872,1443.613115310669,9.538114166259765,909.7318468093872,completed
2262.803669,30,172.197309,1.0,True,30,0,0,802.526579618454,1063.456708431244,10.097966734568278,802.526579618454,completed
1726.10804,30,172.2309,1.0,True,30,0,0,971.297642827034,1362.40283036232,11.87450434366862,971.297642827034,completed
2537.922408,30,172.265059,1.0,True,30,0,0,823.2498738765717,987.2305097579956,7.5362351099650065,823.2498738765717,completed
2020.090156,30,172.299005,1.0,True,30,0,0,895.8014273643494,1150.2080278396606,12.036669286092122,895.8014273643494,completed
2889.181449,30,172.332923,1.0,True,30,0,0,709.0519094467163,983.7176752090454,4.138299369812012,709.0519094467163,completed
3104.612007,30,172.366697,1.0,True,30,0,0,755.6424250602722,976.296238899231,1.0512779235839844,755.6424250602722,completed
1317.705521,30,172.40109,1.0,True,30,0,0,964.254979133606,1423.4671840667725,16.382126490275066,964.254979133606,completed
3249.564767,30,172.434934,1.0,True,30,0,0,630.7807903289795,740.1956214904785,3.379192924499512,630.7807903289795,completed
2269.422956,30,172.468878,1.0,True,30,0,0,804.3885340690613,1006.3813190460205,11.432074546813965,804.3885340690613,completed
2350.26042,30,172.502885,1.0,True,30,0,0,861.5603275299072,1281.1542415618896,4.892228635152181,861.5603275299072,completed
2708.324687,30,172.537087,1.0,True,30,0,0,703.9423604011536,922.2399606704712,7.4974323272705075,703.9423604011536,completed
2473.44655,30,172.570538,1.0,True,30,0,0,770.0370588302612,1069.20667552948,7.640064525604248,770.0370588302612,completed
2412.248502,30,172.604247,1.0,True,30,0,0,843.4215342998505,1110.7513842582703,7.997867584228516,843.4215342998505,completed
3193.354866,30,172.638633,1.0,True,30,0,0,636.1909432411194,762.1857032775879,3.858771578470866,636.1909432411194,completed
3093.861695,30,172.673617,1.0,True,30,0,0,614.2004737854004,815.2773852348328,3.5135482788085937,614.2004737854004,completed
1636.541388,30,172.708791,1.0,True,30,0,0,841.5850024223328,1262.787181377411,16.490695190429687,841.5850024223328,completed
3243.008037,30,172.743197,1.0,True,30,0,0,647.1476602554321,843.1488990783691,1.4373263041178386,647.1476602554321,completed
2588.975986,30,172.777002,1.0,True,30,0,0,772.9099726676941,1093.8391981124878,5.234248542785645,772.9099726676941,completed
2669.968243,30,172.810756,1.0,True,30,0,0,724.0317945480347,984.9049186706543,6.786954498291015,724.0317945480347,completed
3154.529698,30,172.844573,1.0,True,30,0,0,663.6426446437836,749.2295789718628,4.468869638442993,663.6426446437836,completed
2183.219089,30,172.878253,1.0,True,30,0,0,877.844612121582,1246.4812202453613,8.565746688842774,877.844612121582,completed
2979.736362,30,172.912318,1.0,True,30,0,0,722.4837296009064,919.71351313591,3.2514755884806315,722.4837296009064,completed
2530.266131,30,172.950859,1.0,True,30,0,0,839.9941809177399,1096.3947529792786,5.911718877156575,839.9941809177399,completed
2714.140991,30,172.987637,1.0,True,30,0,0,688.3293609619141,915.1564226150513,8.103155453999838,688.3293609619141,completed
2887.832592,30,173.02206,1.0,True,30,0,0,831.1733455657959,955.2257595062256,3.0452510833740236,831.1733455657959,completed
2418.582879,30,173.056729,1.0,True,30,0,0,778.498215675354,1089.385085105896,8.09990997314453,778.498215675354,completed
2839.621885,30,173.090901,1.0,True,30,0,0,848.2467234432697,998.112034380436,3.7251140594482424,848.2467234432697,completed
2781.882048,30,173.124755,1.0,True,30,0,0,692.7561564445496,937.3968191146851,6.522129281361898,692.7561564445496,completed
2880.366994,30,173.158822,1.0,True,30,0,0,770.5594930648804,1007.6770505905151,3.6475425720214845,770.5594930648804,completed
1635.650998,30,173.193312,1.0,True,30,0,0,898.5376615524292,1262.3500089645386,16.36068992614746,898.5376615524292,completed
3030.376461,30,173.226826,1.0,True,30,0,0,688.777295589447,806.3635663986206,5.239287312825521,688.777295589447,completed
2475.752144,30,173.262034,1.0,True,30,0,0,776.7736659049988,1034.0241832733154,7.762617588043213,776.7736659049988,completed
2270.791493,30,173.296795,1.0,True,30,0,0,756.1376000642776,1083.5562860965729,10.476900545756022,756.1376000642776,completed
2400.790765,30,173.331146,1.0,True,30,0,0,854.9462015628815,1184.55468416214,6.720522689819336,854.9462015628815,completed
2743.538869,30,173.36598,1.0,True,30,0,0,751.1731400489807,894.0145349502563,6.9556876500447595,751.1731400489807,completed
2576.318805,30,173.401269,1.0,True,30,0,0,685.7341890335083,944.1443395614624,9.478031794230143,685.7341890335083,completed
1752.90892,30,173.4362,1.0,True,30,0,0,850.0947117805481,1226.4341115951538,14.715945498148601,850.0947117805481,completed
2884.522919,30,173.471338,1.0,True,30,0,0,675.9057002067566,1008.8366613388062,4.0868888854980465,675.9057002067566,completed
2871.444334,30,173.505407,1.0,True,30,0,0,781.9859328269958,1102.0626907348633,1.5349191029866536,781.9859328269958,completed
2493.751937,30,173.539505,1.0,True,30,0,0,842.15159034729,1088.2079877853394,7.065472030639649,842.15159034729,completed
2224.278883,30,173.573194,1.0,True,30,0,0,753.7283668518066,1071.87575674057,12.323679415384929,753.7283668518066,completed
2442.408147,30,173.609772,1.0,True,30,0,0,898.0245938301086,1079.657624721527,7.935895156860352,898.0245938301086,completed
2133.467296,30,173.643314,1.0,True,30,0,0,805.5412092208862,1140.0039410591125,11.236727380752564,805.5412092208862,completed
1821.001753,30,173.677338,1.0,True,30,0,0,992.1547107696533,1204.3642749786377,15.065078639984131,992.1547107696533,completed
1674.40436,30,173.711465,1.0,True,30,0,0,929.9063334465027,1255.001914024353,15.119162241617838,929.9063334465027,completed
1865.328139,30,173.745555,1.0,True,30,0,0,773.5235966444016,1147.3619134426117,16.307659975687663,773.5235966444016,completed
2280.776325,30,173.779188,1.0,True,30,0,0,802.26930809021,1136.1512002944946,10.134929498036703,802.26930809021,completed
2209.031216,30,173.814555,1.0,True,30,0,0,846.1733198165894,1123.255669593811,9.878059260050456,846.1733198165894,completed
3518.194017,30,173.84854,1.0,True,30,0,0,587.6401972770691,673.3682341575623,0.9752801259358724,587.6401972770691,completed
2491.458177,30,173.882323,1.0,True,30,0,0,838.87158203125,1095.5556297302246,7.001794687906901,838.87158203125,completed
1458.537364,30,173.916544,1.0,True,30,0,0,913.033332824707,1357.4985752105713,16.173236719767253,913.033332824707,completed
1927.206275,30,173.950619,1.0,True,30,0,0,873.6807842254639,1308.684154510498,10.900544738769531,873.6807842254639,completed
2860.650889,30,173.983964,1.0,True,30,0,0,709.8443059921265,976.4063119888306,5.156593068440755,709.8443059921265,completed
1426.553487,30,174.017904,1.0,True,30,0,0,851.6452867984772,1258.8412156105042,19.128900067011514,851.6452867984772,completed
3204.592479,30,174.052655,1.0,True,30,0,0,694.6151435375214,898.8206553459167,0.9989285628000896,694.6151435375214,completed
3523.352646,30,174.086878,1.0,True,30,0,0,594.8909938037395,679.5858044028282,1.1194728851318358,594.8909938037395,completed
2679.749899,30,175.381081,1.0,True,30,0,0,678.4266242980957,1025.2512464523315,5.9236292521158855,678.4266242980957,completed
2811.18316,30,175.416771,1.0,True,30,0,0,718.9344520568848,890.891300201416,6.207928975423177,718.9344520568848,completed
2157.872472,30,175.45115,1.0,True,30,0,0,765.925000667572,1092.9280700683594,12.089194170633952,765.925000667572,completed
2000.436841,30,175.485841,1.0,True,30,0,0,789.1826686859131,1127.219560623169,14.685200691223145,789.1826686859131,completed
2595.769406,30,175.52077,1.0,True,30,0,0,739.5948266983032,1045.778552532196,6.335288174947103,739.5948266983032,completed
1795.129809,30,175.554452,1.0,True,30,0,0,943.0426044464111,1331.0705842971802,11.997783088684082,943.0426044464111,completed
1455.214207,30,175.588106,1.0,True,30,0,0,1047.0908494740725,1385.6740714609623,15.204830074310303,1047.0908494740725,completed
2969.601808,30,175.622007,1.0,True,30,0,0,732.6931918859482,846.6428592205048,4.657918866475423,732.6931918859482,completed
1599.8412,30,175.655796,1.0,True,30,0,0,913.7794108390808,1346.5929918289185,14.843981043497722,913.7794108390808,completed
2257.885372,30,175.689521,1.0,True,30,0,0,809.2524544596672,1193.1745003461838,9.401186752319337,809.2524544596672,completed
3011.690368,30,175.723719,1.0,True,30,0,0,700.4180951118469,952.2535042762756,2.759665330251058,700.4180951118469,completed
2202.792859,30,175.757556,1.0,True,30,0,0,875.012856721878,1138.7704977989197,8.992531331380208,875.012856721878,completed
2387.742058,30,175.79135,1.0,True,30,0,0,825.6740210056305,1099.7135109901428,8.369477780659993,825.6740210056305,completed
3471.154786,30,175.825279,1.0,True,30,0,0,639.0345187187195,751.8152093887329,0.22379620869954428,639.0345187187195,completed
3583.302935,30,175.85934,1.0,True,30,0,0,560.7667906284332,626.9942536354065,1.009055201212565,560.7667906284332,completed
3089.958503,30,175.894016,1.0,True,30,0,0,622.2116150856018,808.6807470321655,4.869428443908691,622.2116150856018,completed
3273.331272,30,175.927734,1.0,True,30,0,0,615.4583797454834,727.2459211349487,2.9570531209309894,615.4583797454834,completed
1066.205261,30,175.961088,1.0,True,30,0,0,1056.355396270752,1405.2014894485474,19.570997714996338,1056.355396270752,completed
2757.430352,30,175.996188,1.0,True,30,0,0,768.0439703464508,1036.6063923835754,4.774603907267252,768.0439703464508,completed
3420.468577,30,176.03106,1.0,True,30,0,0,599.3661513328552,764.6422481536865,1.230087661743164,599.3661513328552,completed
3241.87722,30,176.065069,1.0,True,30,0,0,608.1802773475647,758.2229738235474,2.986155700683594,608.1802773475647,completed
2605.952089,30,176.099143,1.0,True,30,0,0,733.8751204013824,991.7318024635315,8.046964263916015,733.8751204013824,completed
3691.509926,30,176.13339,1.0,True,30,0,0,541.5597906112671,615.4591789245605,0.025818379720052083,541.5597906112671,completed
2896.618651,30,176.169538,1.0,True,30,0,0,723.3080620765686,932.7887353897095,5.22214838663737,723.3080620765686,completed
1767.402892,30,176.204585,1.0,True,30,0,0,1002.9799280166626,1603.8573150634766,7.692768414815267,1002.9799280166626,completed
2841.040364,30,176.238355,1.0,True,30,0,0,735.7343459129333,880.2800893783569,5.736848831176758,735.7343459129333,completed
2643.876336,30,176.272544,1.0,True,30,0,0,795.5185776948929,1091.084953546524,5.393651135762533,795.5185776948929,completed
3114.582449,30,176.311168,1.0,True,30,0,0,743.9705529212952,966.8944845199585,1.1741881052652994,743.9705529212952,completed
1976.411997,30,176.348033,1.0,True,30,0,0,883.5427808761597,1277.4084758758545,10.971883519490559,883.5427808761597,completed
3186.140047,30,176.383627,1.0,True,30,0,0,649.552125453949,728.833694934845,4.040193557739258,649.552125453949,completed
2147.927425,30,176.418457,1.0,True,30,0,0,899.8803768157959,1180.3213367462158,10.146514638264973,899.8803768157959,completed
3077.831339,30,176.453588,1.0,True,30,0,0,717.1049542427063,976.1056823730469,1.8864906311035157,717.1049542427063,completed
2557.602998,30,176.488463,1.0,True,30,0,0,853.6883945465088,976.0334968566895,6.692451985677083,853.6883945465088,completed
1349.552808,30,176.523664,1.0,True,30,0,0,961.4544076919556,1443.5303745269775,16.344852256774903,961.4544076919556,completed
1560.07601,30,176.560485,1.0,True,30,0,0,887.8129208087921,1358.7933659553528,16.376058912277223,887.8129208087921,completed
2279.250864,30,176.595143,1.0,True,30,0,0,866.2116441726685,1140.808443069458,9.852214368184407,866.2116441726685,completed
3286.041659,30,176.630567,1.0,True,30,0,0,607.9896221160889,784.6701831817627,2.6004561106363933,607.9896221160889,completed
2774.597029,30,176.665985,1.0,True,30,0,0,791.6156809329987,1017.6581218242645,5.016827138264974,791.6156809329987,completed
1910.128348,30,176.700017,1.0,True,30,0,0,916.9299278259277,1339.8794345855713,10.180771954854329,916.9299278259277,completed
2478.85877,30,176.73547,1.0,True,30,0,0,798.7557390928268,1060.6671245098114,8.252565828959147,798.7557390928268,completed
1509.848334,30,176.774366,1.0,True,30,0,0,967.5623397827148,1454.1588497161865,14.250658798217774,967.5623397827148,completed
2634.072585,30,176.809738,1.0,True,30,0,0,793.5321626663208,1034.0517883300781,6.622519175211589,793.5321626663208,completed
2735.846935,30,176.842964,1.0,True,30,0,0,851.2215414047241,1108.2967624664307,3.40489501953125,851.2215414047241,completed
3376.720627,30,176.877557,1.0,True,30,0,0,640.4847724437714,792.9532480239868,1.0289989471435548,640.4847724437714,completed
3024.030832,30,176.911536,1.0,True,30,0,0,704.367281794548,1030.196392774582,1.5022127787272135,704.367281794548,completed
2831.185583,30,176.944732,1.0,True,30,0,0,730.4638257026672,984.4342355728149,4.877641042073567,730.4638257026672,completed
2396.001882,30,176.978774,1.0,True,30,0,0,822.5523438453674,998.3701038360596,10.120993296305338,822.5523438453674,completed
1947.315713,30,177.011759,1.0,True,30,0,0,909.6629326343536,1215.5129475593567,11.913704744974773,909.6629326343536,completed
2955.618367,30,177.045498,1.0,True,30,0,0,722.7186870574951,903.5712232589722,4.363701248168946,722.7186870574951,completed
2729.210721,30,177.07997,1.0,True,30,0,0,748.0366831570864,1053.7394324839115,5.130898221333822,748.0366831570864,completed
1661.749897,30,177.114089,1.0,True,30,0,0,971.2732644081116,1356.4035377502441,13.474037551879883,971.2732644081116,completed
3214.613901,30,177.148314,1.0,True,30,0,0,662.8152685165405,879.896954536438,1.0801714579264323,662.8152685165405,completed
2065.224461,30,177.181686,1.0,True,30,0,0,934.9344801902771,1163.7861433029175,11.47750155131022,934.9344801902771,completed
2996.431285,30,177.214771,1.0,True,30,0,0,749.6042728424072,944.7381649017334,2.659902826944987,749.6042728424072,completed
1892.760265,30,177.248972,1.0,True,30,0,0,986.6636500358582,1414.133864402771,8.8282382329305,986.6636500358582,completed
3070.748393,30,177.282599,1.0,True,30,0,0,666.3936779499054,860.2290406227112,2.552724266052246,666.3936779499054,completed
3346.218471,30,177.316334,1.0,True,30,0,0,719.815137386322,819.693338394165,0.2538295745849609,719.815137386322,completed
2912.247824,30,177.350526,1.0,True,30,0,0,711.675253868103,941.1193242073059,3.675262784957886,711.675253868103,completed
1905.976116,30,177.384581,1.0,True,30,0,0,1021.0508079528809,1370.173420906067,9.486710611979166,1021.0508079528809,completed
2340.908666,30,177.418517,1.0,True,30,0,0,879.9327130317688,1202.2116432189941,7.561648305257162,879.9327130317688,completed
2458.578112,30,177.452101,1.0,True,30,0,0,756.2399201393127,1063.133360862732,8.553853988647461,756.2399201393127,completed
1951.505738,30,177.486004,1.0,True,30,0,0,941.1734554767609,1222.0954937934875,11.408085759480795,941.1734554767609,completed
2324.978353,30,177.519683,1.0,True,30,0,0,704.2357196807861,969.8440227508545,12.59419651031494,704.2357196807861,completed
2635.686751,30,177.554473,1.0,True,30,0,0,684.4691472053528,969.4780125617981,8.03676578203837,684.4691472053528,completed
2590.241197,30,177.588627,1.0,True,30,0,0,792.560067653656,1036.4791688919067,6.484927940368652,792.560067653656,completed
2756.511901,30,177.62262,1.0,True,30,0,0,745.7920160293579,1050.7454051971436,4.753215726216634,745.7920160293579,completed
2330.701462,30,177.657071,1.0,True,30,0,0,836.5406363010406,1110.9068779945374,9.006276512145996,836.5406363010406,completed
2435.181345,30,177.690878,1.0,True,30,0,0,741.5076457858086,1022.8965495824814,9.828797721862793,741.5076457858086,completed
2548.837527,30,177.728455,1.0,True,30,0,0,800.784937620163,1159.5960040092468,5.252265103658041,800.784937620163,completed
3161.876913,30,178.993761,1.0,True,30,0,0,613.4876964092255,830.7946405410767,3.3526060740152994,613.4876964092255,completed
2833.053137,30,179.028698,1.0,True,30,0,0,740.2461314201355,975.3221521377563,4.082413609822591,740.2461314201355,completed
3191.022927,30,179.062816,1.0,True,30,0,0,650.0683710575104,825.1703743934631,2.6041439692179362,650.0683710575104,completed
2730.902277,30,179.097223,1.0,True,30,0,0,771.9198145866394,974.1903820037842,6.738940238952637,771.9198145866394,completed
2827.248747,30,179.131749,1.0,True,30,0,0,726.17019790411,1035.6691683530807,4.463550821940104,726.17019790411,completed
2124.854288,30,179.166413,1.0,True,30,0,0,918.1115393638611,1255.6368074417114,8.967971674601237,918.1115393638611,completed
2028.702752,30,179.200782,1.0,True,30,0,0,887.0761957168579,1180.236967086792,11.429847780863444,887.0761957168579,completed
3124.455694,30,179.235209,1.0,True,30,0,0,618.7325620651245,820.3719863891602,3.698259735107422,618.7325620651245,completed
3064.751128,30,179.268972,1.0,True,30,0,0,721.1681957244873,838.1161322593689,3.7603368123372394,721.1681957244873,completed
1948.81191,30,179.303,1.0,True,30,0,0,908.5448083877563,1158.8930492401123,13.354647509257,908.5448083877563,completed
2738.001082,30,179.337422,1.0,True,30,0,0,714.1655445098877,936.0631613731384,6.230501890182495,714.1655445098877,completed
2388.886026,30,179.371508,1.0,True,30,0,0,800.2407417297363,1180.8025121688843,7.1181127548217775,800.2407417297363,completed
2557.730381,30,179.405601,1.0,True,30,0,0,795.7321286201477,1015.733039855957,7.792066637674967,795.7321286201477,completed
2990.698556,30,179.439533,1.0,True,30,0,0,707.7203190326691,967.7836346626282,2.751787567138672,707.7203190326691,completed
2972.443266,30,179.47288,1.0,True,30,0,0,742.4732251167297,921.5554876327515,3.5560293833414716,742.4732251167297,completed
3397.814368,30,179.506683,1.0,True,30,0,0,604.4519577026367,784.5340690612793,0.7754496892293294,604.4519577026367,completed
3335.744557,30,179.541063,1.0,True,30,0,0,627.6419119238853,714.4878886938095,2.862226963043213,627.6419119238853,completed
3073.231634,30,179.577171,1.0,True,30,0,0,630.7622174024582,781.457225561142,5.978468132019043,630.7622174024582,completed
1865.8032,30,179.611923,1.0,True,30,0,0,897.1659548282623,1191.4773755073547,13.42120189666748,897.1659548282623,completed
3166.835167,30,179.647366,1.0,True,30,0,0,677.1405518054962,845.6147217750549,2.778405125935872,677.1405518054962,completed
2391.094933,30,179.681885,1.0,True,30,0,0,757.0682764053345,1048.6863193511963,9.518485832214356,757.0682764053345,completed
1867.56294,30,179.715981,1.0,True,30,0,0,946.9847021102905,1353.5680809020996,10.338689168294271,946.9847021102905,completed
3214.151873,30,179.750625,1.0,True,30,0,0,731.8634157180786,782.1772890090942,3.022251001993815,731.8634157180786,completed
2362.48254,30,179.785467,1.0,True,30,0,0,809.6099050045013,1231.5531058311462,6.950718339284261,809.6099050045013,completed
3024.692914,30,179.819533,1.0,True,30,0,0,712.1025559902191,948.2753005027771,2.915712038675944,712.1025559902191,completed
2455.041615,30,179.85442,1.0,True,30,0,0,827.1663408279419,1227.1586780548096,4.479733912150065,827.1663408279419,completed
1930.94919,30,179.889801,1.0,True,30,0,0,993.0358324050903,1518.177664756775,6.220564651489258,993.0358324050903,completed
2656.225597,30,179.925009,1.0,True,30,0,0,728.0298244953156,932.9107041358948,8.345912233988445,728.0298244953156,completed
2686.217959,30,179.959804,1.0,True,30,0,0,848.1804122924805,1078.1186246871948,3.982388432820638,848.1804122924805,completed
2142.389502,30,179.994012,1.0,True,30,0,0,920.303951382637,1313.6064455509186,8.007683944702148,920.303951382637,completed
2344.915752,30,180.028211,1.0,True,30,0,0,992.1789336204529,1516.4638671875,0.6111105600992839,992.1789336204529,completed
2023.979124,30,180.062648,1.0,True,30,0,0,881.7771186828613,1277.4661874771118,9.362363306681315,881.7771186828613,completed
2931.520107,30,180.097142,1.0,True,30,0,0,654.6137561798096,804.2565116882324,6.850491269429525,654.6137561798096,completed
2386.177643,30,180.130507,1.0,True,30,0,0,734.7173142433167,1036.0006732940674,10.056520462036133,734.7173142433167,completed
1825.445052,30,180.164314,1.0,True,30,0,0,966.8702955245972,1506.7684841156006,8.866457303365072,966.8702955245972,completed
2036.498113,30,180.197776,1.0,True,30,0,0,857.0974998474121,1290.7607011795044,9.990110270182292,857.0974998474121,completed
1904.874053,30,180.23213,1.0,True,30,0,0,864.6552543640137,1261.4165086746216,11.812910588582357,864.6552543640137,completed
2568.707318,30,180.266237,1.0,True,30,0,0,875.5498342514038,1043.2109642028809,5.473845354715983,875.5498342514038,completed
3070.087611,30,180.299643,1.0,True,30,0,0,797.854437828064,848.1683111190796,3.5535764058430988,797.854437828064,completed
2905.739069,30,180.333517,1.0,True,30,0,0,789.9086456298828,945.0053834915161,4.596830368041992,789.9086456298828,completed
1414.21748,30,180.368251,1.0,True,30,0,0,902.860419511795,1316.4239983558655,18.18333117167155,902.860419511795,completed
1236.572512,30,180.402275,1.0,True,30,0,0,1013.4982182979584,1497.4726214408875,16.718477884928387,1013.4982182979584,completed
2551.335435,30,180.436258,1.0,True,30,0,0,719.6880967617035,964.6140246391296,8.762937990824382,719.6880967617035,completed
3130.182988,30,180.470277,1.0,True,30,0,0,718.0027689933777,833.149411201477,2.7925166447957355,718.0027689933777,completed
2027.309478,30,180.504814,1.0,True,30,0,0,836.5168933868408,1221.8880100250244,12.028392918904622,836.5168933868408,completed
2746.235487,30,180.538559,1.0,True,30,0,0,746.0150728225708,992.114408493042,5.580493672688802,746.0150728225708,completed
2470.322632,30,180.572357,1.0,True,30,0,0,900.1963243484497,1259.847713470459,4.1454514821370445,900.1963243484497,completed
3313.647631,30,180.605504,1.0,True,30,0,0,625.3090913295746,819.9428820610046,0.9038290659586589,625.3090913295746,completed
3330.490761,30,180.64041,1.0,True,30,0,0,662.6327457427979,772.1357622146606,1.5430042266845703,662.6327457427979,completed
2823.120618,30,180.674804,1.0,True,30,0,0,753.0213906764984,1014.6905102729797,4.231783103942871,753.0213906764984,completed
3616.546701,30,180.708605,1.0,True,30,0,0,586.0113935470581,683.4967842102051,0.0,586.0113935470581,completed
1311.739217,30,180.742107,1.0,True,30,0,0,1157.663999080658,1835.5418615341187,9.07610559463501,1157.663999080658,completed
2132.023729,30,180.77642,1.0,True,30,0,0,863.4720621109009,1133.8558597564697,11.627526473999023,863.4720621109009,completed
2970.797247,30,180.810951,1.0,True,30,0,0,668.7422950267792,927.1995387077332,3.8006313959757487,668.7422950267792,completed
3577.152439,30,180.845103,1.0,True,30,0,0,635.7755055427551,692.1656885147095,0.0,635.7755055427551,completed
3012.170937,30,180.878555,1.0,True,30,0,0,751.60045337677,847.1761837005615,3.7495831489562987,751.60045337677,completed
2170.25155,30,180.913165,1.0,True,30,0,0,841.9930820465088,1217.1533603668213,9.261398410797119,841.9930820465088,completed
1579.597479,30,180.947496,1.0,True,30,0,0,1176.8453557789326,1517.487758219242,10.250979550679524,1176.8453557789326,completed
2556.672927,30,180.981355,1.0,True,30,0,0,786.511360168457,982.6712303161621,8.508031717936198,786.511360168457,completed
2407.567288,30,181.015166,1.0,True,30,0,0,745.8655216693878,1120.445188999176,8.040394846598307,745.8655216693878,completed
1872.591656,30,181.049355,1.0,True,30,0,0,874.2702775001526,1415.7044610977173,10.676187833150228,874.2702775001526,completed
1872.722514,30,181.083359,1.0,True,30,0,0,863.4786987304688,1281.2238149642944,13.247401173909505,863.4786987304688,completed
1975.200359,30,181.11741,1.0,True,30,0,0,911.988757610321,1296.3470268249512,10.777077611287435,911.988757610321,completed
2683.068168,30,181.151165,1.0,True,30,0,0,832.0736408233643,1038.2094402313232,5.7609543800354,832.0736408233643,completed
3211.823656,30,181.184636,1.0,True,30,0,0,716.1466546058655,830.0384397506714,2.3407677968343097,716.1466546058655,completed
3534.255656,30,181.218177,1.0,True,30,0,0,617.467267036438,706.685956954956,0.21515719095865884,617.467267036438,completed
2712.640581,30,181.251772,1.0,True,30,0,0,735.5655438899994,1044.8847727775574,5.27744738260905,735.5655438899994,completed
1533.352843,30,181.286653,1.0,True,30,0,0,996.7130799293518,1417.3127164840698,13.82625535329183,996.7130799293518,completed
2780.982318,30,182.534623,1.0,True,30,0,0,810.4577944278717,1026.4933724403381,4.56000493367513,810.4577944278717,completed
2565.294043,30,182.568087,1.0,True,30,0,0,788.4400689601898,1044.2062287330627,6.800251070658366,788.4400689601898,completed
2257.135776,30,182.601551,1.0,True,30,0,0,863.0862617492676,1179.5189323425293,8.29236068725586,863.0862617492676,completed
3277.643792,30,182.635464,1.0,True,30,0,0,663.2698590755463,829.0525937080383,1.373940658569336,663.2698590755463,completed
3353.989013,30,182.669363,1.0,True,30,0,0,548.3166190385818,714.2699954509735,3.7720670064290363,548.3166190385818,completed
2662.924582,30,182.702918,1.0,True,30,0,0,789.7396421432495,983.8899755477905,6.26587766011556,789.7396421432495,completed
2143.503263,30,182.736577,1.0,True,30,0,0,919.882474899292,1175.4351210594177,10.109810320536296,919.882474899292,completed
2791.170873,30,182.770961,1.0,True,30,0,0,786.4301986694336,1123.456380367279,2.436149819691976,786.4301986694336,completed
2467.631887,30,182.804683,1.0,True,30,0,0,821.709949016571,1154.790919303894,6.484535535176595,821.709949016571,completed
2410.904668,30,182.838611,1.0,True,30,0,0,834.5768647193909,1115.5467128753662,6.770797157287598,834.5768647193909,completed
3127.41888,30,182.871807,1.0,True,30,0,0,654.5302600860596,801.5149269104004,4.05327574412028,654.5302600860596,completed
3174.079683,30,182.904905,1.0,True,30,0,0,687.3464050292969,905.5589880943298,1.4566264470418295,687.3464050292969,completed
3006.361481,30,182.941136,1.0,True,30,0,0,722.2244911193848,985.2366213798523,2.442392349243164,722.2244911193848,completed
2670.315015,30,182.979655,1.0,True,30,0,0,740.7596697807312,974.1591954231262,6.394234466552734,740.7596697807312,completed
3224.663075,30,183.013107,1.0,True,30,0,0,599.0833921432495,710.0828995704651,4.246595001220703,599.0833921432495,completed
2527.346236,30,183.046157,1.0,True,30,0,0,765.5109488964081,1193.6464381217957,4.922268549601237,765.5109488964081,completed
2867.324935,30,183.080002,1.0,True,30,0,0,770.179948747158,855.1647266149521,5.831431611378988,770.179948747158,completed
1943.080219,30,183.113091,1.0,True,30,0,0,887.7798836231232,1168.4399771690369,13.066131273905436,887.7798836231232,completed
3165.5166,30,183.146234,1.0,True,30,0,0,667.852952003479,816.243483543396,2.59839661916097,667.852952003479,completed
3477.751044,30,183.179936,1.0,True,30,0,0,667.7584767341614,765.0853366851807,0.0,667.7584767341614,completed
2031.804321,30,183.213399,1.0,True,30,0,0,930.5138807296753,1107.5749139785767,11.85924908320109,930.5138807296753,completed
2034.07014,30,183.246964,1.0,True,30,0,0,879.2622582912445,1221.227430343628,11.083705520629882,879.2622582912445,completed
2572.588843,30,183.280373,1.0,True,30,0,0,784.2367391586304,1097.1762113571167,6.1662546793619795,784.2367391586304,completed
2425.787377,30,183.313517,1.0,True,30,0,0,735.7958436012268,1054.4985494613647,9.463111877441406,735.7958436012268,completed
2413.598493,30,183.347422,1.0,True,30,0,0,824.9622194766998,1228.2341041564941,6.422777684529622,824.9622194766998,completed
3017.663023,30,183.381091,1.0,True,30,0,0,687.12744140625,883.461085319519,4.470888646443685,687.12744140625,completed
2248.304446,30,183.414545,1.0,True,30,0,0,795.7877659797668,1137.2827062606812,9.886865297953287,795.7877659797668,completed
1876.117846,30,183.447636,1.0,True,30,0,0,851.2674579620361,1140.4831256866455,15.059837341308594,851.2674579620361,completed
3166.654603,30,183.480844,1.0,True,30,0,0,670.8063676357269,768.3372912406921,3.8448425928751626,670.8063676357269,completed
1830.539264,30,183.514713,1.0,True,30,0,0,934.9603190422058,1331.978362083435,11.471805763244628,934.9603190422058,completed
2899.021897,30,183.547489,1.0,True,30,0,0,715.8311519622803,857.5640954971313,5.385981782277425,715.8311519622803,completed
2295.431411,30,183.582656,1.0,True,30,0,0,849.3953814506531,1179.840030670166,7.785122108459473,849.3953814506531,completed
2252.334616,30,183.616767,1.0,True,30,0,0,783.3781752586365,1045.7722387313843,11.20481694539388,783.3781752586365,completed
2561.037339,30,183.650036,1.0,True,30,0,0,790.5833839774132,1164.4955404996872,4.644458929697673,790.5833839774132,completed
3029.716427,30,183.683139,1.0,True,30,0,0,648.834062576294,742.4307250976562,5.988488960266113,648.834062576294,completed
2403.517555,30,183.716609,1.0,True,30,0,0,856.0306761264801,1087.5120329856873,8.443346722920735,856.0306761264801,completed
2984.666932,30,183.750523,1.0,True,30,0,0,695.1257112026215,868.4022765159607,5.2169189453125,695.1257112026215,completed
2693.198506,30,183.783916,1.0,True,30,0,0,728.8572279214859,964.5520031452179,7.141332562764486,728.8572279214859,completed
2834.381687,30,183.817178,1.0,True,30,0,0,735.1771097183228,1008.6296329498291,4.333657519022624,735.1771097183228,completed
2769.425881,30,183.850678,1.0,True,30,0,0,699.1432571411133,990.1837501525879,5.698100662231445,699.1432571411133,completed
1544.405145,30,183.885363,1.0,True,30,0,0,906.8069548606873,1375.643027305603,14.888389205932617,906.8069548606873,completed
1828.307695,30,183.919262,1.0,True,30,0,0,853.3141618520021,1188.5828019678593,14.537712097167969,853.3141618520021,completed
2428.540028,30,183.952156,1.0,True,30,0,0,803.6115989685059,1084.021975517273,8.6144806543986,803.6115989685059,completed
3175.195,30,183.985693,1.0,True,30,0,0,674.3806285858154,764.6816825866699,3.733779525756836,674.3806285858154,completed
2463.094436,30,184.019398,1.0,True,30,0,0,823.7812280654907,1151.0854804515839,5.774046643575033,823.7812280654907,completed
2209.200971,30,184.053979,1.0,True,30,0,0,843.9577341079712,1164.5140380859375,9.974315770467122,843.9577341079712,completed
2644.774927,30,184.087771,1.0,True,30,0,0,817.5968852043152,1016.9783320426941,6.0998462835947675,817.5968852043152,completed
3163.288066,30,184.121026,1.0,True,30,0,0,696.7512350082397,852.6826610565186,2.9285044352213543,696.7512350082397,completed
3031.41917,30,184.154496,1.0,True,30,0,0,654.4771616458893,776.2398924827576,5.2838441848754885,654.4771616458893,completed
2580.430337,30,184.187812,1.0,True,30,0,0,786.4425163269043,987.8251390457153,8.018275006612141,786.4425163269043,completed
2793.238749,30,184.222388,1.0,True,30,0,0,712.5244579315186,913.9479188919067,6.565064430236816,712.5244579315186,completed
2785.452586,30,184.255771,1.0,True,30,0,0,812.2503242492676,1061.6006121635437,3.823942438761393,812.2503242492676,completed
2099.278477,30,184.289821,1.0,True,30,0,0,746.9036937952042,1045.2757637500763,12.046266110738118,746.9036937952042,completed
3232.176952,30,184.322858,1.0,True,30,0,0,674.5981726646423,793.387378692627,2.6723004659016927,674.5981726646423,completed
2406.209404,30,184.356211,1.0,True,30,0,0,855.2473177909851,1176.0550661087036,5.949693870544434,855.2473177909851,completed
2980.528841,30,184.389935,1.0,True,30,0,0,679.7842416763306,903.0585632324219,4.387269910176595,679.7842416763306,completed
2603.507074,30,184.423639,1.0,True,30,0,0,811.7055616378784,1123.406812429428,5.312034924825032,811.7055616378784,completed
2967.889585,30,184.457252,1.0,True,30,0,0,628.2536149024963,782.2023992538452,5.66226011912028,628.2536149024963,completed
2361.955414,30,184.490483,1.0,True,30,0,0,851.4504871368408,1086.2611284255981,8.37145086924235,851.4504871368408,completed
2980.504239,30,184.524515,1.0,True,30,0,0,753.4778158664703,1018.987386226654,1.525382439295451,753.4778158664703,completed
2903.16903,30,184.557828,1.0,True,30,0,0,758.86754155159,1016.8423810005188,2.3830637613932293,758.86754155159,completed
2729.024604,30,184.591268,1.0,True,30,0,0,775.775194644928,987.4135580062866,5.655922762552897,775.775194644928,completed
1774.792892,30,184.624859,1.0,True,30,0,0,939.0161061286926,1244.8349905014038,13.541315905253093,939.0161061286926,completed
2878.83247,30,184.658239,1.0,True,30,0,0,726.4421377182007,988.3607115745544,3.6350910822550455,726.4421377182007,completed
459.732021,30,184.691757,1.0,True,30,0,0,1115.95276927948,1682.6380519866943,23.99657433827718,1115.95276927948,completed
3082.041245,30,184.72511,1.0,True,30,0,0,726.8723673820496,903.2843294143677,2.6370428721110026,726.8723673820496,completed
3062.026336,30,184.758239,1.0,True,30,0,0,738.6956448554993,934.30260181427,2.7003902435302733,738.6956448554993,completed
2901.676448,30,184.7922,1.0,True,30,0,0,672.1966452598572,846.5860986709595,6.396014277140299,672.1966452598572,completed
2648.206217,30,185.987962,1.0,True,30,0,0,772.3137780427933,1044.6753542423248,6.404377110799154,772.3137780427933,completed
3022.861937,30,186.023745,1.0,True,30,0,0,726.6630167365074,872.7037686109543,4.1861017862955725,726.6630167365074,completed
3029.671066,30,186.059162,1.0,True,30,0,0,641.1399130821228,787.0862693786621,6.080834833780925,641.1399130821228,completed
3218.889452,30,186.098587,1.0,True,30,0,0,589.3973270654678,722.7134244441986,4.624789746602376,589.3973270654678,completed
3239.897994,30,186.134225,1.0,True,30,0,0,668.9182861745358,757.6578351855278,2.83879025777181,668.9182861745358,completed
2399.361387,30,186.170323,1.0,True,30,0,0,808.5761499404907,1077.5970296859741,8.335603173573812,808.5761499404907,completed
3030.179877,30,186.2065,1.0,True,30,0,0,656.8425297737122,784.119815826416,5.136380132039388,656.8425297737122,completed
2927.730575,30,186.242168,1.0,True,30,0,0,710.6683192253113,811.0260896682739,6.228995577494303,710.6683192253113,completed
2222.046978,30,186.278484,1.0,True,30,0,0,806.2164521217346,1092.3995685577393,11.459727096557618,806.2164521217346,completed
2693.94829,30,186.314369,1.0,True,30,0,0,752.3146524429321,916.9191293716431,6.51753126780192,752.3146524429321,completed
2263.446212,30,186.350654,1.0,True,30,0,0,758.09641456604,1070.5409841537476,11.235014279683432,758.09641456604,completed
1719.783024,30,186.38603,1.0,True,30,0,0,1040.6316323280334,1413.1000547409058,11.607132275899252,1040.6316323280334,completed
2013.654926,30,186.42151,1.0,True,30,0,0,779.3531994819641,1140.7261657714844,13.89890619913737,779.3531994819641,completed
1722.545801,30,186.4577,1.0,True,30,0,0,869.3870037794113,1227.0242516994476,14.6015886704127,869.3870037794113,completed
3326.791192,30,186.493388,1.0,True,30,0,0,611.0975704193115,753.5041246414185,2.8782621383666993,611.0975704193115,completed
2202.461445,30,186.529723,1.0,True,30,0,0,781.2186291217804,1142.164855480194,11.123767280578614,781.2186291217804,completed
3457.700474,30,186.565755,1.0,True,30,0,0,646.2988901138306,690.2642097473145,1.5038260142008464,646.2988901138306,completed
2393.855063,30,186.601333,1.0,True,30,0,0,865.5646984577179,1081.3907551765442,8.204604784647623,865.5646984577179,completed
2430.706189,30,186.637099,1.0,True,30,0,0,826.8371814489365,1114.80268740654,7.781809107462565,826.8371814489365,completed
3223.054055,30,186.673407,1.0,True,30,0,0,683.1182637214661,932.8025722503662,0.5998692830403646,683.1182637214661,completed
2934.711165,30,186.710928,1.0,True,30,0,0,759.1597900390625,1073.1106395721436,1.6561876296997071,759.1597900390625,completed
3367.066337,30,186.746943,1.0,True,30,0,0,600.203583240509,736.5240144729614,1.3772516250610352,600.203583240509,completed
3401.860091,30,186.782903,1.0,True,30,0,0,597.5395984649658,766.7331628799438,0.6868278503417968,597.5395984649658,completed
2506.402702,30,186.818665,1.0,True,30,0,0,742.4750175476074,1035.1721277236938,8.407049115498861,742.4750175476074,completed
2393.658755,30,186.860162,1.0,True,30,0,0,784.3571782112122,1063.7307195663452,7.677052434285482,784.3571782112122,completed
3375.226122,30,186.895484,1.0,True,30,0,0,644.0934419631958,770.7341718673706,1.0085037231445313,644.0934419631958,completed
2055.565462,30,186.931258,1.0,True,30,0,0,822.8259968757629,1178.039797782898,11.664919376373291,822.8259968757629,completed
3025.228469,30,186.966919,1.0,True,30,0,0,646.9947357177734,874.5615224838257,4.075950241088867,646.9947357177734,completed
2558.081251,30,187.002088,1.0,True,30,0,0,772.008148431778,1053.60666513443,7.329108810424804,772.008148431778,completed
2556.890454,30,187.036965,1.0,True,30,0,0,804.4865643978119,1120.598023891449,5.795996348063151,804.4865643978119,completed
2456.640332,30,187.073302,1.0,True,30,0,0,775.6013979911804,1050.2958574295044,8.21122309366862,775.6013979911804,completed
1712.279788,30,187.109293,1.0,True,30,0,0,924.0388126373291,1411.4660816192627,11.678070576985677,924.0388126373291,completed
3111.607493,30,187.144779,1.0,True,30,0,0,699.5428528785706,850.4447393417358,3.3862930297851563,699.5428528785706,completed
2231.686229,30,187.181585,1.0,True,30,0,0,862.2256076335907,1336.784511089325,6.675257396697998,862.2256076335907,completed
1705.460802,30,187.217703,1.0,True,30,0,0,870.7057676315308,1333.3087711334229,14.174601491292318,870.7057676315308,completed
3137.958593,30,187.253162,1.0,True,30,0,0,673.5762462615967,805.2931823730469,4.034552637736002,673.5762462615967,completed
3164.133756,30,187.288708,1.0,True,30,0,0,584.1914117336273,798.9571192264557,4.608309427897136,584.1914117336273,completed
2663.918076,30,187.325333,1.0,True,30,0,0,827.4975869655609,1070.0181002616882,4.709391021728516,827.4975869655609,completed
2872.846413,30,187.364511,1.0,True,30,0,0,765.6320452690125,910.5847158432007,4.35218620300293,765.6320452690125,completed
2549.034537,30,187.401814,1.0,True,30,0,0,769.5841603279114,1008.9158153533936,7.073459498087565,769.5841603279114,completed
2323.27648,30,187.438266,1.0,True,30,0,0,824.2104630470276,1079.8827304840088,9.82210397720337,824.2104630470276,completed
2040.643583,30,187.475154,1.0,True,30,0,0,805.7014923095703,1161.105845451355,12.395318190256754,805.7014923095703,completed
2647.064488,30,187.510746,1.0,True,30,0,0,728.9701209962368,926.2532936930656,8.194580268859863,728.9701209962368,completed
2753.944324,30,187.546526,1.0,True,30,0,0,873.7490801811218,1154.505368232727,1.6141720453898112,873.7490801811218,completed
3026.436664,30,187.581962,1.0,True,30,0,0,684.5311675071716,880.7793636322021,3.9831222534179687,684.5311675071716,completed
1472.648948,30,187.617582,1.0,True,30,0,0,876.4766664505005,1303.0035591125488,17.719352277119956,876.4766664505005,completed
3122.238266,30,187.653605,1.0,True,30,0,0,676.7734333276749,880.8707602024078,2.878997294108073,676.7734333276749,completed
2069.263153,30,187.689251,1.0,True,30,0,0,902.4450912475586,1228.9340744018555,10.1240385055542,902.4450912475586,completed
3381.858756,30,187.725161,1.0,True,30,0,0,634.954975605011,724.1609153747559,1.8431875228881835,634.954975605011,completed
2632.334962,30,187.760685,1.0,True,30,0,0,709.240641117096,964.9462766647339,7.094662475585937,709.240641117096,completed
2496.930195,30,187.797395,1.0,True,30,0,0,764.7307176589966,1016.8772764205933,8.677772839864096,764.7307176589966,completed
2635.155377,30,187.83383,1.0,True,30,0,0,882.1269698143005,1243.611496925354,2.293263244628906,882.1269698143005,completed
2584.501893,30,187.870131,1.0,True,30,0,0,741.0952768325806,1010.253454208374,7.576035690307617,741.0952768325806,completed
2955.70203,30,187.905704,1.0,True,30,0,0,704.2320576906204,1002.3443319797516,2.736332829793294,704.2320576906204,completed
2657.209073,30,187.943967,1.0,True,30,0,0,737.8841607570648,1016.9509937763214,6.273572285970052,737.8841607570648,completed
2564.04973,30,187.983281,1.0,True,30,0,0,697.2373338937759,906.670405626297,10.254507064819336,697.2373338937759,completed
1305.135128,30,188.019302,1.0,True,30,0,0,1016.7847962379456,1470.1884422302246,16.04311180114746,1016.7847962379456,completed
2192.795108,30,188.054509,1.0,True,30,0,0,873.6102095842361,1071.6087477207184,10.821152400970458,873.6102095842361,completed
2783.112293,30,188.090027,1.0,True,30,0,0,734.2072372436523,947.6174192428589,5.899736722310384,734.2072372436523,completed
2642.098421,30,188.125606,1.0,True,30,0,0,742.4221138954163,969.0173749923706,8.192153294881185,742.4221138954163,completed
3090.861115,30,188.161322,1.0,True,30,0,0,734.8014607429504,907.160059928894,2.3396990458170572,734.8014607429504,completed
1060.302696,30,188.19698,1.0,True,30,0,0,1009.6646194458008,1573.8458213806152,18.29446881612142,1009.6646194458008,completed
2864.752071,30,188.232456,1.0,True,30,0,0,698.1145421266556,925.047159910202,5.313788795471192,698.1145421266556,completed
2388.537357,30,188.268957,1.0,True,30,0,0,778.9348711967468,1108.7159566879272,7.825236129760742,778.9348711967468,completed
2807.96785,30,188.30494,1.0,True,30,0,0,775.5235676765442,1046.6469087600708,3.673440170288086,775.5235676765442,completed
2448.237652,30,188.341311,1.0,True,30,0,0,776.368246793747,1013.8994536399841,8.594200007120769,776.368246793747,completed
2796.899883,30,188.378812,1.0,True,30,0,0,777.2450394630432,1150.7541131973267,2.765392812093099,777.2450394630432,completed
1871.894426,30,188.441642,1.0,True,30,0,0,888.4375801086426,1440.2048149108887,10.096962165832519,888.4375801086426,completed
3359.607966,30,189.915968,1.0,True,30,0,0,636.1287693977356,826.6056938171387,0.7408084869384766,636.1287693977356,completed
2641.800584,30,189.954738,1.0,True,30,0,0,683.2244095802307,932.102765083313,8.215862147013347,683.2244095802307,completed
1981.76257,30,189.994248,1.0,True,30,0,0,1048.9566006958485,1473.1483126282692,6.473338762919108,1048.9566006958485,completed
2289.934021,30,190.034457,1.0,True,30,0,0,742.492574930191,1087.4985814094543,11.055366579691569,742.492574930191,completed
1373.854276,30,190.085895,1.0,True,30,0,0,897.6261587142944,1266.3018579483032,19.82729975382487,897.6261587142944,completed
1579.44792,30,190.128251,1.0,True,30,0,0,1073.272088766098,1418.701138973236,12.26695957183838,1073.272088766098,completed
1896.580864,30,190.168728,1.0,True,30,0,0,949.5121376514435,1216.8868050575256,12.335606129964193,949.5121376514435,completed
2926.406362,30,190.206817,1.0,True,30,0,0,750.0348753929138,1042.1326417922974,2.453780110677083,750.0348753929138,completed
2775.415163,30,190.244571,1.0,True,30,0,0,697.3281004428864,855.7266545295715,7.248144276936849,697.3281004428864,completed
2517.429214,30,190.284119,1.0,True,30,0,0,819.8872146606445,1043.6755380630493,8.126589425404866,819.8872146606445,completed
2542.674426,30,190.334436,1.0,True,30,0,0,735.7868776321411,982.5102100372314,8.418203608194988,735.7868776321411,completed
2529.340257,30,190.378131,1.0,True,30,0,0,781.5597887039185,1045.074055671692,7.035706806182861,781.5597887039185,completed
2603.867467,30,190.427079,1.0,True,30,0,0,747.7415391206741,906.4668686389923,8.672900899251301,747.7415391206741,completed
3128.719038,30,190.473506,1.0,True,30,0,0,712.5857105255127,885.6161508560181,1.9091961542765299,712.5857105255127,completed
2230.464302,30,190.512336,1.0,True,30,0,0,846.1480047702789,1305.7946763038635,8.257879193623861,846.1480047702789,completed
2423.066171,30,190.558923,1.0,True,30,0,0,765.0638236999512,1104.815279006958,7.876645469665528,765.0638236999512,completed
2023.610727,30,190.610378,1.0,True,30,0,0,863.4740896224976,1264.7209463119507,10.201862970987955,863.4740896224976,completed
2879.345708,30,190.655787,1.0,True,30,0,0,741.0001392364502,934.2651767730713,4.889375241597493,741.0001392364502,completed
2325.610046,30,190.700114,1.0,True,30,0,0,723.19382417202,932.7212908267975,13.074670664469402,723.19382417202,completed
2805.986443,30,190.738295,1.0,True,30,0,0,732.6163630485535,962.1738276481628,5.2675421396891275,732.6163630485535,completed
2911.527521,30,190.787387,1.0,True,30,0,0,801.8914161920547,1056.1225893497467,1.926713021596273,801.8914161920547,completed
1586.973256,30,190.832486,1.0,True,30,0,0,895.4004244804382,1373.9090642929077,14.741441980997722,895.4004244804382,completed
3521.362295,30,190.882011,1.0,True,30,0,0,659.5693101882935,729.905562877655,0.0,659.5693101882935,completed
2835.538289,30,190.940425,1.0,True,30,0,0,752.5948221683502,1118.688311100006,2.5391279220581056,752.5948221683502,completed
2291.429204,30,190.994794,1.0,True,30,0,0,772.5622081756592,1093.9786396026611,11.027616119384765,772.5622081756592,completed
2143.308792,30,191.042335,1.0,True,30,0,0,884.4830474853516,1163.4216194152832,9.853959973653158,884.4830474853516,completed
3210.403659,30,191.086655,1.0,True,30,0,0,660.7815885543823,887.7454862594604,1.0267892201741537,660.7815885543823,completed
2483.809001,30,191.135815,1.0,True,30,0,0,748.3757495880127,948.4303760528564,9.898202260335287,748.3757495880127,completed
2553.38032,30,191.174317,1.0,True,30,0,0,742.7123913764954,1051.3347282409668,8.158734067281086,742.7123913764954,completed
2718.158733,30,191.213193,1.0,True,30,0,0,864.3160586357117,1135.6393251419067,2.6508062362670897,864.3160586357117,completed
3105.198401,30,191.254688,1.0,True,30,0,0,728.9513716697693,939.4122638702393,1.9846214294433593,728.9513716697693,completed
3077.888441,30,191.296767,1.0,True,30,0,0,764.4121768474579,926.1025938987732,1.4958566665649413,764.4121768474579,completed
3352.838589,30,191.335341,1.0,True,30,0,0,717.0012221336365,816.8403205871582,0.22393875122070311,717.0012221336365,completed
3079.561489,30,191.373213,1.0,True,30,0,0,676.5016136169434,871.5098419189453,3.347945276896159,676.5016136169434,completed
2319.796995,30,191.411562,1.0,True,30,0,0,775.7619795799255,1137.4574995040894,9.309042803446452,775.7619795799255,completed
2356.024452,30,191.460219,1.0,True,30,0,0,877.7853078842163,1136.4702849388123,8.536450831095378,877.7853078842163,completed
3066.086875,30,191.517633,1.0,True,30,0,0,709.0965814590454,936.7388906478882,2.884039942423503,709.0965814590454,completed
2458.620406,30,191.558569,1.0,True,30,0,0,821.8331098556519,1181.5880136489868,6.558881886800131,821.8331098556519,completed
1899.425007,30,191.597466,1.0,True,30,0,0,876.6332678794861,1268.5958795547485,10.818992741902669,876.6332678794861,completed
2806.833221,30,191.635069,1.0,True,30,0,0,809.1969976425171,1094.2037525177002,2.9004075368245443,809.1969976425171,completed
2543.322444,30,191.672864,1.0,True,30,0,0,744.7554359436035,1034.8983135223389,7.357269159952799,744.7554359436035,completed
2620.884059,30,191.711752,1.0,True,30,0,0,812.6890106201172,1074.8271012306213,4.653212054570516,812.6890106201172,completed
3233.516854,30,191.751262,1.0,True,30,0,0,660.823230266571,788.1248178482056,2.4675318082173665,660.823230266571,completed
2922.727414,30,191.790911,1.0,True,30,0,0,745.9717471599579,974.0634434223175,3.8036624908447267,745.9717471599579,completed
1856.641786,30,191.831049,1.0,True,30,0,0,875.0677905082703,1300.1858072280884,13.05188585917155,875.0677905082703,completed
3531.881998,30,191.874094,1.0,True,30,0,0,565.384685754776,650.2558197975159,1.3934298197428385,565.384685754776,completed
2715.811193,30,191.915233,1.0,True,30,0,0,842.6852469444275,1168.4909400939941,2.7206270853678385,842.6852469444275,completed
1699.131454,30,191.953304,1.0,True,30,0,0,898.690197467804,1289.459888458252,12.720809173583984,898.690197467804,completed
2368.200863,30,191.99206,1.0,True,30,0,0,816.9764595031738,1001.6282920837402,10.99703566233317,816.9764595031738,completed
2362.472106,30,192.034469,1.0,True,30,0,0,858.9036808013916,1196.7607402801514,7.512481180826823,858.9036808013916,completed
2443.013597,30,192.074062,1.0,True,30,0,0,761.9623565673828,1063.8659167289734,9.159274673461914,761.9623565673828,completed
2437.293939,30,192.124456,1.0,True,30,0,0,881.3303725719452,1194.2369780540466,6.087452697753906,881.3303725719452,completed
2832.269601,30,192.168248,1.0,True,30,0,0,698.2171261310577,926.6242301464081,5.825224494934082,698.2171261310577,completed
1302.096604,30,192.20682,1.0,True,30,0,0,1034.004888534546,1600.115777015686,14.372885131835938,1034.004888534546,completed
2010.452431,30,192.245977,1.0,True,30,0,0,958.0121059417725,1536.2204418182373,5.748296991984049,958.0121059417725,completed
1757.861715,30,192.289203,1.0,True,30,0,0,851.5396718978882,1274.399154663086,14.156256866455077,851.5396718978882,completed
3109.282234,30,192.331562,1.0,True,30,0,0,716.1688349246979,893.9042115211487,2.462030537923177,716.1688349246979,completed
2974.379089,30,192.373817,1.0,True,30,0,0,663.4406228065491,849.6644697189331,5.215427017211914,663.4406228065491,completed
2996.19247,30,192.414428,1.0,True,30,0,0,681.9364223480225,897.3020524978638,4.210223642985026,681.9364223480225,completed
3513.425911,30,192.456879,1.0,True,30,0,0,616.1657104492188,705.4382381439209,0.5982100168863932,616.1657104492188,completed
2966.901943,30,192.498535,1.0,True,30,0,0,748.36647605896,866.3852643966675,3.7675730069478353,748.36647605896,completed
3308.242687,30,192.542044,1.0,True,30,0,0,615.7247986793518,770.4336271286011,2.8307573954264322,615.7247986793518,completed
2641.826269,30,192.58332,1.0,True,30,0,0,785.037938117981,1050.6883358955383,5.856563313802083,785.037938117981,completed
2479.671751,30,192.62214,1.0,True,30,0,0,765.5291013717651,1010.2611474990845,9.912058766682943,765.5291013717651,completed
2757.953908,30,192.659575,1.0,True,30,0,0,715.4885830879211,946.0114612579346,7.369005584716797,715.4885830879211,completed
2185.911803,30,192.697298,1.0,True,30,0,0,861.9100098609924,1128.668957710266,10.006772295633953,861.9100098609924,completed
2461.664499,30,192.736372,1.0,True,30,0,0,822.2983267307281,1106.1631951332092,7.886283175150553,822.2983267307281,completed
2063.100805,30,192.791784,1.0,True,30,0,0,804.2034583091736,1147.0518827438354,13.12700080871582,804.2034583091736,completed
3188.786625,30,192.833595,1.0,True,30,0,0,669.5948598384857,837.1077036857605,2.6439664204915365,669.5948598384857,completed
3383.360971,30,194.082638,1.0,True,30,0,0,555.918564081192,670.3032650947571,3.595904986063639,555.918564081192,completed
2524.738729,30,194.118731,1.0,True,30,0,0,792.226532459259,1003.5936508178711,8.182872263590495,792.226532459259,completed
2125.561575,30,194.153612,1.0,True,30,0,0,951.9438903331757,1371.2138714790344,6.498947207132975,951.9438903331757,completed
1798.903833,30,194.18763,1.0,True,30,0,0,915.4555209875107,1367.9486911296844,11.951321570078532,915.4555209875107,completed
2652.647585,30,194.221751,1.0,True,30,0,0,782.8145935535431,967.0417551994324,6.815295473734538,782.8145935535431,completed
2925.75102,30,194.255405,1.0,True,30,0,0,706.8422062397003,997.9317111968994,3.290312894185384,706.8422062397003,completed
2725.269516,30,194.289325,1.0,True,30,0,0,808.1422963142395,1000.718499660492,5.150912602742513,808.1422963142395,completed
2772.07192,30,194.322861,1.0,True,30,0,0,698.4959735870361,887.3877353668213,6.711733118693034,698.4959735870361,completed
3159.560311,30,194.356973,1.0,True,30,0,0,655.7004384994507,778.9081134796143,3.5036750157674152,655.7004384994507,completed
3124.561825,30,194.390855,1.0,True,30,0,0,647.5463767051697,857.8890142440796,3.1372072219848635,647.5463767051697,completed
2899.903181,30,194.424571,1.0,True,30,0,0,684.3858332633972,943.4128661155701,4.5285194396972654,684.3858332633972,completed
1055.361075,30,194.458374,1.0,True,30,0,0,1081.6580920219421,1761.8291788101196,15.043866221110026,1081.6580920219421,completed
2605.754633,30,194.491942,1.0,True,30,0,0,729.5157074928284,972.6118021011353,8.444382667541504,729.5157074928284,completed
3160.862765,30,194.525602,1.0,True,30,0,0,602.7882622480392,721.9266049861908,4.639083544413249,602.7882622480392,completed
2920.858009,30,194.560027,1.0,True,30,0,0,727.6738119125366,1034.9648003578186,2.901273727416992,727.6738119125366,completed
2841.268607,30,194.595074,1.0,True,30,0,0,672.319014787674,984.29922914505,5.2935138702392575,672.319014787674,completed
2123.426169,30,194.629265,1.0,True,30,0,0,835.3990561962128,1138.1242032051086,11.973296229044596,835.3990561962128,completed
2238.749024,30,194.664079,1.0,True,30,0,0,947.5281448364258,1300.6016788482666,5.951204045613607,947.5281448364258,completed
2500.325182,30,194.698347,1.0,True,30,0,0,800.2608004808426,1100.5693991184235,7.98153330485026,800.2608004808426,completed
2694.204296,30,194.732548,1.0,True,30,0,0,688.8322883844376,917.6532299518585,7.967962964375814,688.8322883844376,completed
2556.61428,30,194.766867,1.0,True,30,0,0,791.263674736023,994.3784914016724,8.246852906545003,791.263674736023,completed
3288.01763,30,194.800662,1.0,True,30,0,0,619.7170951366425,782.3972926139832,2.491918182373047,619.7170951366425,completed
2497.664658,30,194.83458,1.0,True,30,0,0,842.0496206283569,1058.1304669380188,7.969367599487304,842.0496206283569,completed
3048.304889,30,194.869209,1.0,True,30,0,0,674.8593220710754,913.9995365142822,3.1063337961832684,674.8593220710754,completed
2403.454049,30,194.924537,1.0,True,30,0,0,805.3281338214874,1138.564480304718,8.015469042460124,805.3281338214874,completed
2733.319796,30,194.95884,1.0,True,30,0,0,831.8653447628021,1056.7776007652283,3.7517606099446614,831.8653447628021,completed
2877.385923,30,194.993489,1.0,True,30,0,0,702.1849598735571,833.36703774333,7.159989325205485,702.1849598735571,completed
2930.073471,30,195.029665,1.0,True,30,0,0,841.0583662986755,1093.1904611587524,0.5463666915893555,841.0583662986755,completed
3135.567915,30,195.078951,1.0,True,30,0,0,762.2988667488098,1024.593422651291,0.0,762.2988667488098,completed
2814.408276,30,195.113863,1.0,True,30,0,0,672.9879055023193,866.6770515441895,7.474237060546875,672.9879055023193,completed
2719.339745,30,195.149967,1.0,True,30,0,0,722.9748673439026,964.0794916152954,6.35646489461263,722.9748673439026,completed
1619.688533,30,195.184773,1.0,True,30,0,0,982.2058615684509,1272.1132354736328,14.777723185221355,982.2058615684509,completed
3178.964102,30,195.219004,1.0,True,30,0,0,673.0110836029053,849.3572063446045,2.548938687642415,673.0110836029053,completed
2785.625197,30,195.253211,1.0,True,30,0,0,753.6969277858734,981.8944411277771,5.034546025594076,753.6969277858734,completed
2619.78432,30,195.286804,1.0,True,30,0,0,789.3517932891846,973.2061462402344,7.601297378540039,789.3517932891846,completed
3081.390532,30,195.321417,1.0,True,30,0,0,650.9329099655151,840.3635206222534,4.144164148966471,650.9329099655151,completed
2789.681375,30,195.355313,1.0,True,30,0,0,675.4507691860199,865.2736382484436,7.054119364420573,675.4507691860199,completed
2092.695042,30,195.389304,1.0,True,30,0,0,976.0367531776428,1534.765721321106,4.640676879882813,976.0367531776428,completed
2363.341354,30,195.423686,1.0,True,30,0,0,885.5607583224773,1190.535245358944,6.92889035542806,885.5607583224773,completed
2431.836254,30,195.456678,1.0,True,30,0,0,842.5968060493469,1067.7705249786377,7.21763474146525,842.5968060493469,completed
2627.292645,30,195.493366,1.0,True,30,0,0,733.1795601844788,996.1169996261597,7.2011819839477536,733.1795601844788,completed
1770.523421,30,195.527939,1.0,True,30,0,0,898.104908823967,1377.695395231247,12.002478313446044,898.104908823967,completed
2619.310744,30,195.567288,1.0,True,30,0,0,740.1502978801727,978.2185797691345,7.59264399210612,740.1502978801727,completed
2795.69664,30,195.601109,1.0,True,30,0,0,767.3812806606293,957.3704562187195,5.5961181640625,767.3812806606293,completed
3189.580143,30,195.634522,1.0,True,30,0,0,697.6768407821655,896.4030675888062,1.262839635213216,697.6768407821655,completed
3314.459476,30,195.670125,1.0,True,30,0,0,618.811904668808,721.9282574653625,3.1688716252644857,618.811904668808,completed
3349.731376,30,195.703642,1.0,True,30,0,0,608.1907706260681,711.4105405807495,3.296709442138672,608.1907706260681,completed
2383.684793,30,195.737316,1.0,True,30,0,0,766.6991765499115,1105.0204548835754,8.512886683146158,766.6991765499115,completed
3418.035192,30,195.770715,1.0,True,30,0,0,576.5570905208588,698.4508528709412,1.8789102554321289,576.5570905208588,completed
2446.374113,30,195.804308,1.0,True,30,0,0,839.2790098190308,1261.72554397583,4.702673037846883,839.2790098190308,completed
1797.37223,30,195.837813,1.0,True,30,0,0,871.1704254150391,1233.689148902893,14.464457511901855,871.1704254150391,completed
2556.895354,30,195.871519,1.0,True,30,0,0,853.9431257247925,1083.9645986557007,5.972961870829264,853.9431257247925,completed
2600.951983,30,195.905629,1.0,True,30,0,0,793.4449343681335,960.4437780380249,6.4415483474731445,793.4449343681335,completed
2628.644739,30,195.939426,1.0,True,30,0,0,710.6557664871216,1071.280005455017,6.025896581013997,710.6557664871216,completed
3002.9682,30,195.973212,1.0,True,30,0,0,730.6685161590576,952.7115345001221,3.010800043741862,730.6685161590576,completed
2964.170804,30,196.010882,1.0,True,30,0,0,666.3614542484283,895.5469079017639,4.098512077331543,666.3614542484283,completed
2174.17717,30,196.044963,1.0,True,30,0,0,740.6024601459503,1095.2422757148743,12.028247515360514,740.6024601459503,completed
2936.375899,30,196.07862,1.0,True,30,0,0,720.0897574424744,877.5347471237183,4.354700406392415,720.0897574424744,completed
1827.814612,30,196.112923,1.0,True,30,0,0,931.0002770423889,1349.0740423202515,11.243396250406901,931.0002770423889,completed
2845.121368,30,196.147321,1.0,True,30,0,0,771.4961669445038,947.3745703697205,4.081148401896159,771.4961669445038,completed
3130.096636,30,196.181128,1.0,True,30,0,0,800.7840840816498,1008.575376033783,0.0,800.7840840816498,completed
2101.886696,30,196.214805,1.0,True,30,0,0,806.3848474025726,1140.6779074668884,11.742278289794921,806.3848474025726,completed
2917.897829,30,196.247936,1.0,True,30,0,0,749.2558259963989,979.9755353927612,3.3262597719828286,749.2558259963989,completed
2737.612381,30,196.281989,1.0,True,30,0,0,693.7789077758789,900.5694618225098,7.508231099446615,693.7789077758789,completed
1876.40233,30,196.315409,1.0,True,30,0,0,858.043906211853,1184.7124691009521,14.593126837412516,858.043906211853,completed
2782.528095,30,196.34973,1.0,True,30,0,0,805.1883889436722,959.2858850955963,5.402406628926595,805.1883889436722,completed
2739.15547,30,196.383084,1.0,True,30,0,0,790.5867357254028,932.6963701248169,5.508774693806966,790.5867357254028,completed
2599.483843,30,196.417418,1.0,True,30,0,0,740.3097095489502,1000.6478805541992,7.093627707163493,740.3097095489502,completed
3205.767595,30,197.66724,1.0,True,30,0,0,625.024082660675,745.8714799880981,3.6459887822469077,625.024082660675,completed
2214.617303,30,197.703505,1.0,True,30,0,0,802.3195447921753,1126.4966020584106,10.164078458150227,802.3195447921753,completed
2504.24876,30,197.737464,1.0,True,30,0,0,865.6814737319946,1012.9753303527832,7.617824872334798,865.6814737319946,completed
2788.200349,30,197.771466,1.0,True,30,0,0,659.9546341896057,909.3942956924438,6.4248857498168945,659.9546341896057,completed
2185.491305,30,197.805301,1.0,True,30,0,0,774.512345790863,1162.769208908081,11.095919291178385,774.512345790863,completed
2590.225119,30,197.839179,1.0,True,30,0,0,829.8269910812378,1158.2303009033203,4.297089258829753,829.8269910812378,completed
2258.351493,30,197.873296,1.0,True,30,0,0,803.9904356002808,1079.3932447433472,11.11536127726237,803.9904356002808,completed
2782.936461,30,197.909632,1.0,True,30,0,0,727.6309537887573,1059.8624114990234,4.327271906534831,727.6309537887573,completed
2930.702506,30,197.944322,1.0,True,30,0,0,695.9753980636597,913.6563577651978,4.861504364013672,695.9753980636597,completed
3645.251088,30,197.983789,1.0,True,30,0,0,564.9523138999939,668.8886575698853,0.0,564.9523138999939,completed
2169.034258,30,198.018515,1.0,True,30,0,0,802.1503069400787,1275.2706055641174,9.031298192342122,802.1503069400787,completed
3159.129779,30,198.052114,1.0,True,30,0,0,700.600269317627,859.146014213562,2.424157396952311,700.600269317627,completed
2398.256127,30,198.085932,1.0,True,30,0,0,707.9668176174164,990.100145816803,11.38089370727539,707.9668176174164,completed
2790.607254,30,198.120078,1.0,True,30,0,0,705.3487019538879,992.717170715332,5.6532439549764,705.3487019538879,completed
2443.201321,30,198.153317,1.0,True,30,0,0,890.1435222625732,1271.6353425979614,4.481894810994466,890.1435222625732,completed
2907.756578,30,198.187486,1.0,True,30,0,0,695.4291272163391,846.5034618377686,6.480535634358724,695.4291272163391,completed
2466.456385,30,198.222088,1.0,True,30,0,0,763.2242889404297,1057.3467273712158,8.458794021606446,763.2242889404297,completed
2780.687227,30,198.256246,1.0,True,30,0,0,865.1293740272522,1018.0983757972717,3.755448913574219,865.1293740272522,completed
2827.517464,30,198.29046,1.0,True,30,0,0,707.129919052124,987.8737001419067,4.69239190419515,707.129919052124,completed
3039.605388,30,198.3245,1.0,True,30,0,0,587.3274916410446,726.0870373249054,6.738372929890951,587.3274916410446,completed
2614.678223,30,198.357629,1.0,True,30,0,0,801.903829574585,1159.8081741333008,4.973174794514974,801.903829574585,completed
2768.53914,30,198.392018,1.0,True,30,0,0,683.608448266983,942.8470501899719,7.152733929951986,683.608448266983,completed
3085.169392,30,198.425972,1.0,True,30,0,0,702.1587891578674,833.8859615325928,4.10434627532959,702.1587891578674,completed
2572.049614,30,198.460291,1.0,True,30,0,0,752.8563306331635,983.8635153770447,9.399778683980307,752.8563306331635,completed
1854.340035,30,198.49472,1.0,True,30,0,0,855.5663068294525,1242.7451977729797,13.08834106127421,855.5663068294525,completed
3121.748153,30,198.52889,1.0,True,30,0,0,709.9409065246582,975.6719512939453,1.2341359456380208,709.9409065246582,completed
2328.87211,30,198.562741,1.0,True,30,0,0,762.7475111484528,1044.2357478141785,10.580334345499674,762.7475111484528,completed
2527.188571,30,198.59792,1.0,True,30,0,0,760.2693395614624,979.7188701629639,9.315984471638997,760.2693395614624,completed
3325.851585,30,198.632209,1.0,True,30,0,0,642.964004278183,756.8340220451355,1.6808764775594076,642.964004278183,completed
2687.376814,30,198.66648,1.0,True,30,0,0,744.6870746612549,1108.9831523895264,4.015491231282552,744.6870746612549,completed
2923.860159,30,198.699847,1.0,True,30,0,0,699.2498831748962,853.3276529312134,5.632158215840658,699.2498831748962,completed
1974.056918,30,198.734303,1.0,True,30,0,0,845.7294545173645,1146.7308807373047,13.368357340494791,845.7294545173645,completed
3286.501366,30,198.768429,1.0,True,30,0,0,640.3578518033028,799.9666620492935,1.5720099131266276,640.3578518033028,completed
2870.023968,30,198.802274,1.0,True,30,0,0,753.4015984535217,951.2633609771729,4.6090895970662435,753.4015984535217,completed
3156.869965,30,198.836079,1.0,True,30,0,0,688.3228240013123,797.2603254318237,3.719166374206543,688.3228240013123,completed
2166.635238,30,198.870055,1.0,True,30,0,0,886.40925770998,1302.4834896326065,8.146456146240235,886.40925770998,completed
2966.897474,30,198.903879,1.0,True,30,0,0,712.1966805458069,975.0468816757202,3.8038824717203776,712.1966805458069,completed
2579.436782,30,198.941744,1.0,True,30,0,0,798.4861993789673,1086.8130645751953,6.516285451253255,798.4861993789673,completed
3422.167635,30,198.97785,1.0,True,30,0,0,596.4799432754517,741.2553806304932,0.8260580062866211,596.4799432754517,completed
2642.453704,30,199.017837,1.0,True,30,0,0,691.5653538703918,949.0406532287598,8.644372749328614,691.5653538703918,completed
3058.830598,30,199.053278,1.0,True,30,0,0,623.2309828996658,858.5358426570892,4.047356414794922,623.2309828996658,completed
2326.132469,30,199.086908,1.0,True,30,0,0,728.385089635849,1015.0567746162415,11.921233749389648,728.385089635849,completed
3375.5243,30,199.120526,1.0,True,30,0,0,629.1798250675201,724.3925032615662,2.418934186299642,629.1798250675201,completed
1985.273534,30,199.154361,1.0,True,30,0,0,973.6569540500641,1360.3811838626862,8.81854985555013,973.6569540500641,completed
2451.609758,30,199.18838,1.0,True,30,0,0,823.9752752780914,1096.1898829936981,7.386603418986002,823.9752752780914,completed
1821.143993,30,199.222047,1.0,True,30,0,0,1054.0873079299927,1625.194275856018,6.311498641967773,1054.0873079299927,completed
2678.100265,30,199.256062,1.0,True,30,0,0,738.2453243732452,1091.1140332221985,4.9787850697835285,738.2453243732452,completed
2906.869533,30,199.290128,1.0,True,30,0,0,724.7637872695923,1003.324893951416,2.9102468490600586,724.7637872695923,completed
2497.695532,30,199.323721,1.0,True,30,0,0,758.5966196060181,1001.4456214904785,9.42593854268392,758.5966196060181,completed
2090.275597,30,199.358087,1.0,True,30,0,0,872.0213385820389,1244.090475320816,10.216867955525716,872.0213385820389,completed
2678.860854,30,199.392787,1.0,True,30,0,0,809.6400561332703,1105.355351448059,3.9910704294840493,809.6400561332703,completed
2750.786468,30,199.426232,1.0,True,30,0,0,694.8285617828369,927.6442995071411,7.198461087544759,694.8285617828369,completed
3092.284602,30,199.459828,1.0,True,30,0,0,733.3378849029541,928.3505783081055,2.3587838490804036,733.3378849029541,completed
1997.625084,30,199.493706,1.0,True,30,0,0,807.3774080276489,1226.6385412216187,11.894101270039876,807.3774080276489,completed
2535.474682,30,199.526959,1.0,True,30,0,0,705.3188004493713,938.0792856216431,9.657447052001952,705.3188004493713,completed
2730.994164,30,199.559912,1.0,True,30,0,0,870.8387665748596,1069.370475769043,4.0032508850097654,870.8387665748596,completed
3365.179498,30,199.594218,1.0,True,30,0,0,657.0974464416504,746.0986804962158,1.4975580851236978,657.0974464416504,completed
3081.372997,30,199.627163,1.0,True,30,0,0,689.0236029028893,801.007864356041,4.485069847106933,689.0236029028893,completed
2889.692144,30,199.659982,1.0,True,30,0,0,720.0428557395935,926.1826181411743,4.658021036783854,720.0428557395935,completed
1465.751094,30,199.693753,1.0,True,30,0,0,992.2724318504333,1530.7439017295837,14.584452581405639,992.2724318504333,completed
2259.813366,30,199.727411,1.0,True,30,0,0,863.3656795024872,1116.7505621910095,9.812360127766928,863.3656795024872,completed
3240.178374,30,199.761222,1.0,True,30,0,0,620.920934677124,810.532808303833,3.178049596150716,620.920934677124,completed
2291.493196,30,199.795213,1.0,True,30,0,0,884.4564700126648,1237.4550333023071,6.0272064208984375,884.4564700126648,completed
2225.625183,30,199.828977,1.0,True,30,0,0,892.7806808948517,1173.5928235054016,9.045905049641927,892.7806808948517,completed
2455.791087,30,199.862561,1.0,True,30,0,0,757.8470158576965,1047.5432929992676,8.453384685516358,757.8470158576965,completed
2768.649808,30,199.897299,1.0,True,30,0,0,767.193384885788,944.7116684913635,5.864188766479492,767.193384885788,completed
3176.840557,30,199.931814,1.0,True,30,0,0,653.6417009830475,792.6771245002747,3.400493097305298,653.6417009830475,completed
2366.591186,30,199.964787,1.0,True,30,0,0,914.7532067298889,1236.5136213302612,5.739865112304687,914.7532067298889,completed
2337.011529,30,201.210712,1.0,True,30,0,0,777.9568190574646,1200.1925535202026,7.433376185099283,777.9568190574646,completed
3048.27022,30,201.245644,1.0,True,30,0,0,700.05433177948,948.9628868103027,3.047300084431966,700.05433177948,completed
2298.815919,30,201.282245,1.0,True,30,0,0,885.0605835914612,1365.5636100769043,5.217129325866699,885.0605835914612,completed
2343.17197,30,201.316897,1.0,True,30,0,0,806.4261846542358,1106.2330722808838,8.76859900156657,806.4261846542358,completed
2866.836417,30,201.350848,1.0,True,30,0,0,757.3424406051636,1054.883113861084,2.3064448833465576,757.3424406051636,completed
2598.054899,30,201.38449,1.0,True,30,0,0,740.2039251327515,1020.4277067184448,7.589204470316569,740.2039251327515,completed
2862.018316,30,201.417952,1.0,True,30,0,0,727.448179602623,978.4893147945404,4.502908833821615,727.448179602623,completed
2689.549535,30,201.452431,1.0,True,30,0,0,809.095531463623,1081.9419975280762,4.247615814208984,809.095531463623,completed
2036.693141,30,201.485884,1.0,True,30,0,0,845.1575536727905,1217.6390008926392,12.280157089233398,845.1575536727905,completed
2629.350027,30,201.519975,1.0,True,30,0,0,780.1717567443848,981.2266120910645,6.553294086456299,780.1717567443848,completed
2300.633314,30,201.554326,1.0,True,30,0,0,1019.0722343921661,1551.9548153877258,1.2628841400146484,1019.0722343921661,completed
2678.00898,30,201.588474,1.0,True,30,0,0,787.8345563411713,1025.214114665985,6.109245999654134,787.8345563411713,completed
2818.83263,30,201.62222,1.0,True,30,0,0,746.9121732711792,1113.433349609375,2.5540563583374025,746.9121732711792,completed
3250.572341,30,201.656191,1.0,True,30,0,0,702.0316867828369,952.9169521331787,0.0,702.0316867828369,completed
2191.101384,30,201.690341,1.0,True,30,0,0,842.3469223976135,1177.8217964172363,10.881441434224447,842.3469223976135,completed
2102.604498,30,201.724366,1.0,True,30,0,0,871.8242697715759,1178.2037134170532,10.387947591145833,871.8242697715759,completed
2267.773669,30,201.758561,1.0,True,30,0,0,740.1044704914093,1089.527114391327,11.411397043863932,740.1044704914093,completed
3261.075643,30,201.792375,1.0,True,30,0,0,638.6472563743591,786.5106439590454,2.676238250732422,638.6472563743591,completed
2451.594508,30,201.825817,1.0,True,30,0,0,803.0518712997437,1134.1666431427002,7.733184369405111,803.0518712997437,completed
2727.209976,30,201.859728,1.0,True,30,0,0,774.6797726154327,945.3214468955994,5.635476144154866,774.6797726154327,completed
2420.677223,30,201.894231,1.0,True,30,0,0,863.4593968391418,1171.4240403175354,5.711344909667969,863.4593968391418,completed
2669.261822,30,201.9284,1.0,True,30,0,0,795.7678914070129,1082.8840808868408,4.701749229431153,795.7678914070129,completed
2087.728375,30,201.962699,1.0,True,30,0,0,854.626630783081,1096.3147897720337,11.892489624023437,854.626630783081,completed
2899.94568,30,201.997306,1.0,True,30,0,0,732.4342648983002,970.349155664444,3.5534948348999023,732.4342648983002,completed
1538.119769,30,202.031405,1.0,True,30,0,0,932.6079983711243,1426.7106199264526,15.465562502543131,932.6079983711243,completed
1977.182493,30,202.06564,1.0,True,30,0,0,941.5256597995758,1273.8883938789368,10.443747965494792,941.5256597995758,completed
3488.090455,30,202.09909,1.0,True,30,0,0,658.3629465103149,727.492835521698,0.19416097005208333,658.3629465103149,completed
2343.997745,30,202.133123,1.0,True,30,0,0,761.3951063156128,1104.0855751037598,9.661184310913086,761.3951063156128,completed
1576.673841,30,202.167239,1.0,True,30,0,0,903.2348680496216,1299.9102191925049,16.608066622416178,903.2348680496216,completed
3033.130073,30,202.201079,1.0,True,30,0,0,733.8777339458466,940.7796936035156,2.278093719482422,733.8777339458466,completed
2658.967879,30,202.234932,1.0,True,30,0,0,714.9644997119904,1021.9157338142395,7.63243522644043,714.9644997119904,completed
1871.713241,30,202.268887,1.0,True,30,0,0,872.6145606040955,1297.3028745651245,12.044747670491537,872.6145606040955,completed
2304.821434,30,202.302399,1.0,True,30,0,0,866.6084034442902,1328.596916437149,5.979281934102376,866.6084034442902,completed
3220.075665,30,202.336876,1.0,True,30,0,0,688.0682498216629,779.4205334186554,2.9953466415405274,688.0682498216629,completed
2455.748943,30,202.370529,1.0,True,30,0,0,888.2735204398632,1167.7776812911034,5.778858248392741,888.2735204398632,completed
1878.827916,30,202.405095,1.0,True,30,0,0,1033.548984527588,1554.1714572906494,6.857568168640137,1033.548984527588,completed
2704.376376,30,202.439637,1.0,True,30,0,0,744.3079476356506,988.7001581192017,5.941144688924154,744.3079476356506,completed
3072.969157,30,202.473574,1.0,True,30,0,0,757.8041114807129,859.6247711181641,3.2793521245320636,757.8041114807129,completed
2285.122368,30,202.50775,1.0,True,30,0,0,793.1997382640839,1059.2614731788635,11.146169471740723,793.1997382640839,completed
682.857334,30,202.541764,1.0,True,30,0,0,1155.9467887878418,1850.1801595687866,18.47294028600057,1155.9467887878418,completed
2768.908793,30,202.577607,1.0,True,30,0,0,722.6805412769318,1011.8640751838684,4.657206662495931,722.6805412769318,completed
3161.146618,30,202.613118,1.0,True,30,0,0,644.3117198944092,933.5375633239746,1.5895838419596353,644.3117198944092,completed
1975.342526,30,202.648059,1.0,True,30,0,0,931.6318666934967,1225.1769967079163,10.633060963948568,931.6318666934967,completed
3099.740912,30,202.683618,1.0,True,30,0,0,746.0461978912354,963.0313997268677,1.4716138203938802,746.0461978912354,completed
2552.417589,30,202.71915,1.0,True,30,0,0,780.059070110321,1103.2627067565918,6.432633193333944,780.059070110321,completed
2962.677757,30,202.755007,1.0,True,30,0,0,703.6582815647125,916.9069314002991,4.192160828908285,703.6582815647125,completed
2274.983568,30,202.790482,1.0,True,30,0,0,840.0327482223511,1261.3521251678467,7.141824086507161,840.0327482223511,completed
2747.325373,30,202.825435,1.0,True,30,0,0,748.2608113288879,1146.747124671936,3.1216050465901692,748.2608113288879,completed
3065.195517,30,202.86086,1.0,True,30,0,0,756.3007996082306,944.5526270866394,2.2836018880208333,756.3007996082306,completed
2830.17748,30,202.895465,1.0,True,30,0,0,802.2670831680298,1080.3439235687256,2.8347325642903645,802.2670831680298,completed
2615.717754,30,202.934981,1.0,True,30,0,0,775.3184263706207,1060.2272210121155,6.630687443415324,775.3184263706207,completed
2415.165066,30,202.976189,1.0,True,30,0,0,832.832909822464,1073.0579752922058,8.329523595174154,832.832909822464,completed
2704.645067,30,203.014569,1.0,True,30,0,0,810.307057261467,1082.5630242824554,3.9725228627522786,810.307057261467,completed
1895.312069,30,203.050435,1.0,True,30,0,0,773.0094822645187,1059.3091247081757,15.760703404744467,773.0094822645187,completed
2382.56743,30,203.085582,1.0,True,30,0,0,735.2962641716003,989.6887946128845,11.376618957519531,735.2962641716003,completed
2731.297303,30,203.120453,1.0,True,30,0,0,841.8532299995422,1018.0825424194336,4.3949993769327795,841.8532299995422,completed
2039.0029,30,203.155483,1.0,True,30,0,0,786.4445610046387,1147.6589965820312,10.77842445373535,786.4445610046387,completed
3546.988727,30,203.19031,1.0,True,30,0,0,589.855397939682,744.6345763206482,0.0,589.855397939682,completed
2645.087321,30,203.225182,1.0,True,30,0,0,713.5821967124939,936.4643459320068,7.777543004353841,713.5821967124939,completed
3191.054396,30,203.259982,1.0,True,30,0,0,686.1969389915466,859.6661658287048,1.6099109649658203,686.1969389915466,completed
3485.574061,30,203.294674,1.0,True,30,0,0,568.7961337566376,768.1665632724762,0.386083984375,568.7961337566376,completed
3359.660634,30,203.329323,1.0,True,30,0,0,654.0471322536469,847.9672045707703,0.16911935806274414,654.0471322536469,completed
1803.604596,30,203.363828,1.0,True,30,0,0,988.8266081809998,1262.2758741378784,13.076599629720052,988.8266081809998,completed
2897.583258,30,203.398798,1.0,True,30,0,0,742.4127252101898,993.4731793403625,3.0691434860229494,742.4127252101898,completed
3373.511213,30,203.433643,1.0,True,30,0,0,645.0078670978546,872.2582421302795,0.0,645.0078670978546,completed
2341.304834,30,203.468879,1.0,True,30,0,0,919.3069131374359,1128.0671303272247,7.687286249796549,919.3069131374359,completed
3020.592965,30,203.503876,1.0,True,30,0,0,682.2828822135925,915.6288890838623,3.880758794148763,682.2828822135925,completed
1672.81082,30,203.538577,1.0,True,30,0,0,906.7179217338562,1363.213749885559,13.393721707661946,906.7179217338562,completed
2712.372242,30,204.83888,1.0,True,30,0,0,770.1142454147339,1038.007095336914,5.479190095265706,770.1142454147339,completed
2746.359919,30,204.874864,1.0,True,30,0,0,685.7311549186707,928.4019594192505,7.765987205505371,685.7311549186707,completed
3261.984932,30,204.910825,1.0,True,30,0,0,722.3549602031708,837.9085459709167,0.8817115147908529,722.3549602031708,completed
2511.123719,30,204.945836,1.0,True,30,0,0,783.7609949111938,1147.139166355133,6.696110026041667,783.7609949111938,completed
2290.355634,30,204.982005,1.0,True,30,0,0,895.9647555351257,1177.0386409759521,8.705383459726969,895.9647555351257,completed
3207.286726,30,205.017546,1.0,True,30,0,0,626.8158802986145,736.8523206710815,3.7681032180786134,626.8158802986145,completed
1026.09419,30,205.054061,1.0,True,30,0,0,1036.5602464675903,1476.5646743774414,20.795808664957683,1036.5602464675903,completed
3297.253768,30,205.089583,1.0,True,30,0,0,584.3702273368835,754.3129587173462,2.7896640141805014,584.3702273368835,completed
2100.289318,30,205.125152,1.0,True,30,0,0,919.0907385349274,1331.0589308738708,8.40152359008789,919.0907385349274,completed
2957.524415,30,205.160278,1.0,True,30,0,0,720.9171752929688,927.6327743530273,4.32548713684082,720.9171752929688,completed
2269.203606,30,205.195877,1.0,True,30,0,0,845.138035774231,1233.8672800064087,7.690992736816407,845.138035774231,completed
2462.285254,30,205.230843,1.0,True,30,0,0,725.5652008056641,927.939151763916,11.694042650858561,725.5652008056641,completed
1776.218516,30,205.265808,1.0,True,30,0,0,751.0023727416992,1118.2395162582397,16.885276540120444,751.0023727416992,completed
2351.211385,30,205.301556,1.0,True,30,0,0,809.2641650140285,1105.89005869627,9.445850849151611,809.2641650140285,completed
2675.459755,30,205.336436,1.0,True,30,0,0,774.5340867042542,984.931342124939,7.023255284627279,774.5340867042542,completed
2773.123744,30,205.371207,1.0,True,30,0,0,722.8282292485237,1037.5536943674088,4.531170908610026,722.8282292485237,completed
2455.03212,30,205.406072,1.0,True,30,0,0,820.709201335907,1054.0520315170288,8.134752082824708,820.709201335907,completed
2708.026378,30,205.44195,1.0,True,30,0,0,785.1964716911316,1062.053526878357,4.959947649637858,785.1964716911316,completed
2229.586336,30,205.4773,1.0,True,30,0,0,810.0195617675781,1170.089349746704,9.87172737121582,810.0195617675781,completed
2991.943911,30,205.511265,1.0,True,30,0,0,780.064884185791,1035.939525604248,1.5913946787516275,780.064884185791,completed
3028.204368,30,205.546074,1.0,True,30,0,0,737.0277943611145,904.4063415527344,3.4121996561686196,737.0277943611145,completed
2839.6256,30,205.581024,1.0,True,30,0,0,817.051700592041,1029.5372915267944,3.4608726501464844,817.051700592041,completed
2181.714627,30,205.615616,1.0,True,30,0,0,800.7660913467407,1130.4537053108215,11.0721107006073,800.7660913467407,completed
3155.07335,30,205.650068,1.0,True,30,0,0,623.6795992851257,750.3444285392761,4.005666987101237,623.6795992851257,completed
3065.167808,30,205.684648,1.0,True,30,0,0,644.6257100105286,814.2109537124634,4.957078615824382,644.6257100105286,completed
2653.449286,30,205.719226,1.0,True,30,0,0,747.2994222640991,1042.9922714233398,6.597992706298828,747.2994222640991,completed
1873.565808,30,205.753911,1.0,True,30,0,0,909.9890187978745,1289.009032011032,12.208847427368164,909.9890187978745,completed
3218.971247,30,205.788923,1.0,True,30,0,0,719.5456190109253,869.441990852356,1.0485865275065105,719.5456190109253,completed
2906.112684,30,205.824198,1.0,True,30,0,0,651.6064057350159,821.630955696106,5.735490353902181,651.6064057350159,completed
3223.353719,30,205.858705,1.0,True,30,0,0,602.0622351169586,688.9093613624573,5.043477376302083,602.0622351169586,completed
2608.915477,30,205.893174,1.0,True,30,0,0,789.0464553833008,1014.5018482208252,6.195076942443848,789.0464553833008,completed
2433.424204,30,205.928214,1.0,True,30,0,0,815.8510847091675,1195.1862525939941,5.956004460652669,815.8510847091675,completed
1445.179091,30,205.962714,1.0,True,30,0,0,983.6850271224976,1402.7389438152313,15.276617582639059,983.6850271224976,completed
2787.714905,30,205.997579,1.0,True,30,0,0,723.7595057487488,976.4692754745483,6.231886482238769,723.7595057487488,completed
937.43647,30,206.032434,1.0,True,30,0,0,1102.1284906864166,1744.8438897132874,17.115969276428224,1102.1284906864166,completed
3522.120677,30,206.067291,1.0,True,30,0,0,637.875919342041,741.0488834381104,0.0,637.875919342041,completed
3027.539167,30,206.102484,1.0,True,30,0,0,730.0062744617462,1088.7266945838928,0.5309617360432942,730.0062744617462,completed
2476.968367,30,206.137192,1.0,True,30,0,0,711.5052192211151,931.6490015983582,10.271909999847413,711.5052192211151,completed
2707.494772,30,206.172295,1.0,True,30,0,0,742.2727907896042,925.8262097835541,7.4788787206014,742.2727907896042,completed
2698.140149,30,206.207542,1.0,True,30,0,0,747.6752941608429,1025.9883961677551,5.744457308451334,747.6752941608429,completed
2205.865874,30,206.242456,1.0,True,30,0,0,803.7329382896423,1101.9576606750488,11.579015604654948,803.7329382896423,completed
2994.672487,30,206.277144,1.0,True,30,0,0,678.0793128013611,815.8910179138184,4.933330090840657,678.0793128013611,completed
2372.117375,30,206.312152,1.0,True,30,0,0,776.4908306598663,1223.9516530036926,6.427355130513509,776.4908306598663,completed
2497.312484,30,206.346625,1.0,True,30,0,0,883.0464191436768,1161.6998147964478,5.249831136067709,883.0464191436768,completed
2408.518913,30,206.381679,1.0,True,30,0,0,721.0167534351349,962.8078932762146,10.74637254079183,721.0167534351349,completed
2555.082005,30,206.416359,1.0,True,30,0,0,859.0654864311218,1187.1290559768677,4.47727902730306,859.0654864311218,completed
2805.467122,30,206.451623,1.0,True,30,0,0,799.5742322206497,1022.1996042728424,3.506146240234375,799.5742322206497,completed
2571.52541,30,206.486986,1.0,True,30,0,0,739.2562279701233,1035.9632534980774,6.922687911987305,739.2562279701233,completed
2523.755341,30,206.521569,1.0,True,30,0,0,800.1473710536957,1118.2331380844116,6.851663080851237,800.1473710536957,completed
2920.914068,30,206.556132,1.0,True,30,0,0,648.3569629192352,872.3440794944763,6.258221117655436,648.3569629192352,completed
3116.341326,30,206.591058,1.0,True,30,0,0,760.0104722976685,916.7667016983032,1.48681697845459,760.0104722976685,completed
2966.480631,30,206.625907,1.0,True,30,0,0,702.2209491729736,890.792046546936,4.621925799051921,702.2209491729736,completed
2228.898438,30,206.659979,1.0,True,30,0,0,851.4615869522095,1072.7284317016602,10.837055587768555,851.4615869522095,completed
3084.47831,30,206.695453,1.0,True,30,0,0,651.0367753505707,871.3982501029968,3.1060258229573567,651.0367753505707,completed
2525.914811,30,206.730773,1.0,True,30,0,0,780.9675450325012,1007.7223262786865,7.3668350537618,780.9675450325012,completed
2674.188272,30,206.765211,1.0,True,30,0,0,748.9641885757446,977.1313219070435,7.443146006266276,748.9641885757446,completed
2537.839364,30,206.800128,1.0,True,30,0,0,758.7641885280609,1180.1529173851013,5.478898557027181,758.7641885280609,completed
2351.093075,30,206.834515,1.0,True,30,0,0,826.0838047266006,1112.0376527309418,8.750253740946452,826.0838047266006,completed
2752.028069,30,206.869814,1.0,True,30,0,0,780.0771508216858,972.1395597457886,5.926202074686686,780.0771508216858,completed
2828.288832,30,206.9049,1.0,True,30,0,0,736.4791357517242,1037.020597934723,4.318350474039714,736.4791357517242,completed
1808.64973,30,206.939109,1.0,True,30,0,0,999.2634878158569,1628.8935527801514,7.833487828572591,999.2634878158569,completed
3007.387147,30,206.973635,1.0,True,30,0,0,759.3325002193451,945.6003375053406,2.36421635945638,759.3325002193451,completed
2253.510704,30,207.008105,1.0,True,30,0,0,783.8025503158569,1065.3837051391602,12.07142817179362,783.8025503158569,completed
2146.271908,30,207.042962,1.0,True,30,0,0,841.8235664367676,1204.0577449798584,9.90284055074056,841.8235664367676,completed
3151.547272,30,207.077159,1.0,True,30,0,0,705.2748155593872,821.3165736198425,3.1973267873128255,705.2748155593872,completed
2946.373877,30,207.111928,1.0,True,30,0,0,773.5683517456055,972.8473701477051,2.7392167409261066,773.5683517456055,completed
1747.101942,30,207.146405,1.0,True,30,0,0,796.6616415977478,1176.669921875,16.676069323221842,796.6616415977478,completed
2553.555577,30,207.18242,1.0,True,30,0,0,813.0041828155518,1149.7800226211548,5.231398137410482,813.0041828155518,completed
3404.37735,30,207.217213,1.0,True,30,0,0,713.4083490371704,806.8887639045715,0.0,713.4083490371704,completed
3181.720184,30,208.493295,1.0,True,30,0,0,675.7605223655701,825.2672166824341,3.3338260650634766,675.7605223655701,completed
3074.407362,30,208.527115,1.0,True,30,0,0,681.6818361282349,875.06130027771,3.733601760864258,681.6818361282349,completed
2466.233601,30,208.559886,1.0,True,30,0,0,882.5671987533569,1234.132480621338,5.278005854288737,882.5671987533569,completed
3134.702403,30,208.593712,1.0,True,30,0,0,697.2436108589172,845.8462553024292,2.692009162902832,697.2436108589172,completed
2480.519244,30,208.626516,1.0,True,30,0,0,802.0016624927521,1032.1040863990784,8.299421056111653,802.0016624927521,completed
2324.163742,30,208.660379,1.0,True,30,0,0,812.884886264801,1164.2438879013062,8.790617497762044,812.884886264801,completed
1416.156732,30,208.694107,1.0,True,30,0,0,971.8332023620605,1503.9011135101318,12.774202028910318,971.8332023620605,completed
2605.09446,30,208.727508,1.0,True,30,0,0,731.1002945899963,1030.2151508331299,6.9668116251627605,731.1002945899963,completed
3327.595887,30,208.760608,1.0,True,30,0,0,700.3564101457596,850.5908663272858,0.19233856201171876,700.3564101457596,completed
2890.121119,30,208.794209,1.0,True,30,0,0,665.7322030067444,880.8135843276978,6.025743611653646,665.7322030067444,completed
2591.190789,30,208.828262,1.0,True,30,0,0,742.8236837387085,1005.2979526519775,7.954787540435791,742.8236837387085,completed
2610.791535,30,208.862472,1.0,True,30,0,0,779.5247094631195,992.3400931358337,7.498658943176269,779.5247094631195,completed
2781.519058,30,208.895848,1.0,True,30,0,0,787.1594760417938,1037.489682674408,3.7491100947062175,787.1594760417938,completed
3326.799881,30,208.929668,1.0,True,30,0,0,682.1788711547852,783.7004613876343,1.1970381418863931,682.1788711547852,completed
3458.548867,30,208.963028,1.0,True,30,0,0,577.9215019345284,673.7089010477066,1.643640677134196,577.9215019345284,completed
2108.582942,30,208.995988,1.0,True,30,0,0,957.4563813209534,1172.3767290115356,10.372147115071614,957.4563813209534,completed
2911.955541,30,209.029577,1.0,True,30,0,0,767.0642516613007,1043.7188715934753,2.495252482096354,767.0642516613007,completed
2636.597241,30,209.06345,1.0,True,30,0,0,818.5216903686523,1017.6730651855469,6.630822881062826,818.5216903686523,completed
1857.428513,30,209.097164,1.0,True,30,0,0,944.5770235061646,1324.1390380859375,11.904538853963215,944.5770235061646,completed
3109.908373,30,209.130579,1.0,True,30,0,0,605.5204916000366,783.6404809951782,4.746246719360352,605.5204916000366,completed
1948.992523,30,209.163819,1.0,True,30,0,0,875.3083443641663,1241.0177154541016,12.595049730936687,875.3083443641663,completed
2843.822441,30,209.197214,1.0,True,30,0,0,724.8938217163086,941.6219868659973,4.674284680684408,724.8938217163086,completed
2665.420022,30,209.230426,1.0,True,30,0,0,848.0873255729675,1292.4386854171753,1.2340838114420574,848.0873255729675,completed
3096.058106,30,209.263388,1.0,True,30,0,0,544.6154499053955,746.0260019302368,5.859067026774088,544.6154499053955,completed
2428.692014,30,209.296442,1.0,True,30,0,0,824.2132413387299,1231.534698009491,4.868197886149089,824.2132413387299,completed
2715.961622,30,209.330229,1.0,True,30,0,0,747.1252632141113,1039.8804149627686,5.198246065775553,747.1252632141113,completed
2780.730318,30,209.363816,1.0,True,30,0,0,779.7966032028198,887.1055088043213,5.759594345092774,779.7966032028198,completed
2093.228375,30,209.398035,1.0,True,30,0,0,924.115927696228,1234.0081624984741,9.83155148824056,924.115927696228,completed
3273.360516,30,209.431492,1.0,True,30,0,0,675.4722496271133,878.2683928012848,0.8376817067464193,675.4722496271133,completed
2144.093465,30,209.464742,1.0,True,30,0,0,891.9932706356049,1157.9723162651062,10.282350413004558,891.9932706356049,completed
2842.727769,30,209.497996,1.0,True,30,0,0,722.8333415985107,997.0839972496033,3.6963304837544757,722.8333415985107,completed
3130.602191,30,209.530892,1.0,True,30,0,0,675.6274433135986,882.2595872879028,2.308929951985677,675.6274433135986,completed
2807.78275,30,209.564335,1.0,True,30,0,0,767.2667535543442,931.3052651882172,5.873690096537272,767.2667535543442,completed
2659.044283,30,209.598193,1.0,True,30,0,0,714.1963897943497,1015.2692172527313,6.510695727666219,714.1963897943497,completed
1498.06768,30,209.632062,1.0,True,30,0,0,881.3411583900452,1329.2483615875244,18.432573795318604,881.3411583900452,completed
3370.628985,30,209.666151,1.0,True,30,0,0,698.9710597991943,793.721860408783,0.5315722147623698,698.9710597991943,completed
2334.633764,30,209.699994,1.0,True,30,0,0,847.0463733673096,1066.2661743164062,9.654093678792318,847.0463733673096,completed
2242.735915,30,209.733298,1.0,True,30,0,0,812.3900592327118,1169.61057639122,9.6376402537028,812.3900592327118,completed
3663.459193,30,209.76687,1.0,True,30,0,0,500.2210918664932,618.0789411067963,0.8586886088053386,500.2210918664932,completed
3335.170518,30,209.800053,1.0,True,30,0,0,670.8108701705933,893.0390543937683,0.0,670.8108701705933,completed
2240.7207,30,209.834315,1.0,True,30,0,0,833.8183636665344,1085.860450744629,10.575696436564128,833.8183636665344,completed
2383.764033,30,209.868286,1.0,True,30,0,0,777.8623416423798,1065.5690760612488,8.289876302083334,777.8623416423798,completed
3191.423947,30,209.901678,1.0,True,30,0,0,720.3483881950378,996.6972913742065,0.0,720.3483881950378,completed
1218.593374,30,209.935034,1.0,True,30,0,0,921.2309011220932,1392.122695684433,19.45555200576782,921.2309011220932,completed
3401.933454,30,209.968979,1.0,True,30,0,0,616.6723327636719,861.8755874633789,0.0,616.6723327636719,completed
2594.217736,30,210.002061,1.0,True,30,0,0,754.0887382030487,919.3283324241638,7.701130930582682,754.0887382030487,completed
2745.880482,30,210.035741,1.0,True,30,0,0,695.1142725944519,1035.988350868225,5.291062800089518,695.1142725944519,completed
1536.180736,30,210.069521,1.0,True,30,0,0,836.2108888626099,1202.1721992492676,19.745055198669434,836.2108888626099,completed
3178.684389,30,210.103221,1.0,True,30,0,0,591.134523153305,812.8433420658112,4.458453687032064,591.134523153305,completed
3519.859246,30,210.138983,1.0,True,30,0,0,578.0450863838196,742.6368789672852,0.19021892547607422,578.0450863838196,completed
3326.215609,30,210.177399,1.0,True,30,0,0,698.7035660743713,820.6546392440796,0.7807024637858073,698.7035660743713,completed
2106.668799,30,210.215312,1.0,True,30,0,0,837.2352955341339,1196.896402835846,11.156733004252116,837.2352955341339,completed
2907.921029,30,210.249489,1.0,True,30,0,0,694.4896473884583,971.7960228919983,3.773492622375488,694.4896473884583,completed
3335.47806,30,210.282881,1.0,True,30,0,0,652.5423460006714,816.782320022583,0.7422663370768229,652.5423460006714,completed
3182.41338,30,210.317102,1.0,True,30,0,0,734.1138858795166,885.3850574493408,0.8032454172770183,734.1138858795166,completed
2383.774934,30,210.350863,1.0,True,30,0,0,828.4703850746155,1204.397379875183,6.4884286244710285,828.4703850746155,completed
2619.297313,30,210.384343,1.0,True,30,0,0,818.5133514404297,1036.0118999481201,6.166359774271647,818.5133514404297,completed
2978.65854,30,210.593214,1.0,True,30,0,0,799.0229042768478,1108.2486054897308,0.2975708643595378,799.0229042768478,completed
2850.348439,30,210.627226,1.0,True,30,0,0,614.3404264450073,881.3913993835449,6.35861275990804,614.3404264450073,completed
3482.053804,30,210.662251,1.0,True,30,0,0,589.0270859003067,700.5423519611359,1.065555953979492,589.0270859003067,completed
2553.969766,30,210.695929,1.0,True,30,0,0,767.8220381140709,1118.9728487730026,6.65778128306071,767.8220381140709,completed
2785.710847,30,210.729358,1.0,True,30,0,0,680.5624613165855,914.0462712049484,6.5916796366373696,680.5624613165855,completed
2405.659817,30,210.762771,1.0,True,30,0,0,827.6710829734802,1238.6888046264648,6.752997461954752,827.6710829734802,completed
2115.580634,30,210.796143,1.0,True,30,0,0,785.1499981880188,1166.168667793274,10.842397212982178,785.1499981880188,completed
2727.845543,30,210.829083,1.0,True,30,0,0,732.7625207901001,971.8732976913452,5.973938624064128,732.7625207901001,completed
3699.35051,30,210.862865,1.0,True,30,0,0,554.7968281209469,625.2467214465141,0.0,554.7968281209469,completed
2865.083176,30,210.896052,1.0,True,30,0,0,688.1685285568237,821.2906665802002,6.476599566141764,688.1685285568237,completed
2225.452779,30,210.929597,1.0,True,30,0,0,765.5504446029663,1085.5249934196472,10.2689910252889,765.5504446029663,completed
2743.648421,30,212.213829,1.0,True,30,0,0,751.0861058235168,950.9302129745483,6.327944691975912,751.0861058235168,completed
2439.085857,30,212.249487,1.0,True,30,0,0,801.3360176086426,1266.0016899108887,4.708511225382487,801.3360176086426,completed
3154.654951,30,212.284615,1.0,True,30,0,0,648.8633308410645,891.9699687957764,2.4143347422281902,648.8633308410645,completed
2579.642618,30,212.319582,1.0,True,30,0,0,770.9098989367485,1088.4499801397324,6.758607737223307,770.9098989367485,completed
2000.226166,30,212.354994,1.0,True,30,0,0,866.3869343996048,1224.9152338504791,11.708915265401204,866.3869343996048,completed
3422.976419,30,212.390513,1.0,True,30,0,0,664.651451587677,816.5751910209656,0.0,664.651451587677,completed
2800.190608,30,212.425773,1.0,True,30,0,0,776.1987533569336,1044.686427116394,3.8322511672973634,776.1987533569336,completed
2949.252769,30,212.460626,1.0,True,30,0,0,769.742041349411,1060.9593324661255,1.5307790120442708,769.742041349411,completed
2493.708249,30,212.496208,1.0,True,30,0,0,769.3675518035889,1132.8285574913025,6.142663447062175,769.3675518035889,completed
3093.054717,30,212.530182,1.0,True,30,0,0,724.0568208694458,962.1163539886475,0.9863866806030274,724.0568208694458,completed
2853.188725,30,212.565661,1.0,True,30,0,0,720.949942111969,900.0337333679199,5.320070044199626,720.949942111969,completed
1713.385416,30,212.600579,1.0,True,30,0,0,1016.1508186459541,1280.4860492944717,13.97315731048584,1016.1508186459541,completed
2710.907331,30,212.635776,1.0,True,30,0,0,717.6919683218002,1022.6687543392181,6.3090309778849285,717.6919683218002,completed
2592.78243,30,212.670735,1.0,True,30,0,0,693.7425604611635,934.8029948771,8.878145662943522,693.7425604611635,completed
3179.705529,30,212.705571,1.0,True,30,0,0,703.7443709373474,808.8806924819946,2.9713181177775065,703.7443709373474,completed
2534.607405,30,212.74215,1.0,True,30,0,0,794.9321208000183,1107.7329559326172,6.915451176961263,794.9321208000183,completed
2788.423774,30,212.777162,1.0,True,30,0,0,754.784679889679,986.0513381958008,5.317482439676921,754.784679889679,completed
2706.443625,30,212.811933,1.0,True,30,0,0,829.3526616096497,1141.8257694244385,3.0822738647460937,829.3526616096497,completed
1828.981786,30,212.847271,1.0,True,30,0,0,824.66668009758,1198.2105059623718,14.636444155375163,824.66668009758,completed
3202.696811,30,212.882358,1.0,True,30,0,0,725.8945932388306,916.9346475601196,0.38563868204752605,725.8945932388306,completed
2246.940083,30,212.917272,1.0,True,30,0,0,771.6131048202515,1027.586844444275,11.745775413513183,771.6131048202515,completed
2338.891739,30,212.953002,1.0,True,30,0,0,763.65154504776,1070.4476566314697,10.34041519165039,763.65154504776,completed
2057.35488,30,212.992748,1.0,True,30,0,0,875.9534976482391,1326.3657174110413,9.21784553527832,875.9534976482391,completed
3101.979721,30,213.029736,1.0,True,30,0,0,747.5730013847351,920.8566694259644,2.1922356923421225,747.5730013847351,completed
2742.22708,30,213.064439,1.0,True,30,0,0,757.7203421592712,911.5011196136475,7.008158047993978,757.7203421592712,completed
3144.154616,30,213.098924,1.0,True,30,0,0,645.5150890350342,774.7047591209412,4.7726849238077795,645.5150890350342,completed
2531.247619,30,213.133747,1.0,True,30,0,0,779.4820976257324,951.3435754776001,9.576419830322266,779.4820976257324,completed
1838.122245,30,213.168643,1.0,True,30,0,0,844.326404094696,1303.2761926651,12.361301676432292,844.326404094696,completed
3118.460737,30,213.2041,1.0,True,30,0,0,706.8237092494965,871.9731450080872,2.3879096349080404,706.8237092494965,completed
2911.590327,30,213.239501,1.0,True,30,0,0,768.2437491416931,1017.9513816833496,2.9619483947753906,768.2437491416931,completed
2251.187838,30,213.275039,1.0,True,30,0,0,783.3168792724609,1161.7197694778442,10.348838138580323,783.3168792724609,completed
3124.264556,30,213.30984,1.0,True,30,0,0,670.4881229400635,878.7615919113159,2.5300803184509277,670.4881229400635,completed
2663.878322,30,213.345806,1.0,True,30,0,0,757.0752090215683,990.226645231247,6.8771207173665365,757.0752090215683,completed
3147.839245,30,213.381245,1.0,True,30,0,0,711.0041756629944,878.9196634292603,2.1457770029703775,711.0041756629944,completed
2164.822275,30,213.416116,1.0,True,30,0,0,1064.4755161106586,1409.344682276249,4.436887741088867,1064.4755161106586,completed
2879.416788,30,213.451109,1.0,True,30,0,0,805.3143339157104,1072.9568691253662,2.119034258524577,805.3143339157104,completed
3167.189949,30,213.486585,1.0,True,30,0,0,574.4694865942001,750.3378527164459,4.712612024943033,574.4694865942001,completed
2106.703134,30,213.521341,1.0,True,30,0,0,841.0515022277832,1185.819004058838,10.487751007080078,841.0515022277832,completed
2578.439337,30,213.555842,1.0,True,30,0,0,774.4074969291687,931.0229721069336,9.213181591033935,774.4074969291687,completed
2611.445171,30,213.590857,1.0,True,30,0,0,785.8914623260498,1138.4705152511597,4.745039749145508,785.8914623260498,completed
2660.714718,30,213.625245,1.0,True,30,0,0,699.5888094902039,925.6391792297363,8.68881498972575,699.5888094902039,completed
2915.331826,30,213.659816,1.0,True,30,0,0,743.1304105520248,858.8520877361298,5.234210522969564,743.1304105520248,completed
1798.190311,30,213.695034,1.0,True,30,0,0,1032.0326797962189,1661.962818622589,6.657183011372884,1032.0326797962189,completed
2834.090057,30,213.72975,1.0,True,30,0,0,753.8376717567444,960.7434797286987,5.029825210571289,753.8376717567444,completed
3653.68557,30,213.76474,1.0,True,30,0,0,485.06425964832306,587.7652766704559,1.3122344970703126,485.06425964832306,completed
2987.07028,30,213.80018,1.0,True,30,0,0,646.027480006218,836.4196984767914,5.837526067097982,646.027480006218,completed
3277.436996,30,213.834278,1.0,True,30,0,0,709.5910320281982,806.3817844390869,1.3298070271809896,709.5910320281982,completed
3430.192564,30,213.869317,1.0,True,30,0,0,623.0004425048828,762.7596206665039,0.8661931355794271,623.0004425048828,completed
3084.637573,30,213.904679,1.0,True,30,0,0,693.4476184844971,958.5492029190063,1.9148288726806642,693.4476184844971,completed
2985.756716,30,213.939786,1.0,True,30,0,0,719.3383255004883,913.4095344543457,4.13149668375651,719.3383255004883,completed
2390.409929,30,213.974518,1.0,True,30,0,0,887.4127297401428,1181.832667350769,6.6187749862670895,887.4127297401428,completed
2713.534445,30,214.009287,1.0,True,30,0,0,687.6105585098267,903.7767210006714,7.49574712117513,687.6105585098267,completed
2853.401442,30,214.04479,1.0,True,30,0,0,709.5603020191193,904.5143265724182,6.5982769648234045,709.5603020191193,completed
3071.423452,30,214.079815,1.0,True,30,0,0,672.3309507369995,786.2602367401123,5.088195292154948,672.3309507369995,completed
2356.309594,30,214.11467,1.0,True,30,0,0,814.3338479995728,1096.1317195892334,9.072420088450114,814.3338479995728,completed
2627.752117,30,214.150175,1.0,True,30,0,0,705.0467371940613,980.8009023666382,6.922314135233561,705.0467371940613,completed
2792.820732,30,214.184776,1.0,True,30,0,0,728.3785049915314,1050.6372265815735,4.740853595733642,728.3785049915314,completed
3194.181817,30,214.221199,1.0,True,30,0,0,709.0782449245453,895.5897116661072,1.5037092208862304,709.0782449245453,completed
1592.677402,30,214.255692,1.0,True,30,0,0,897.6193771362305,1458.5684089660645,13.488762029012044,897.6193771362305,completed
2614.705415,30,214.290643,1.0,True,30,0,0,857.8584222793579,1075.0470027923584,5.550463803609213,857.8584222793579,completed
2321.171313,30,214.325772,1.0,True,30,0,0,867.8878779411316,1039.6541891098022,9.324605878194173,867.8878779411316,completed
2493.967604,30,214.361311,1.0,True,30,0,0,751.6484544277191,1022.0376343727112,9.180032094319662,751.6484544277191,completed
2567.397172,30,214.396049,1.0,True,30,0,0,663.6415405273438,984.0781831741333,9.115531698862712,663.6415405273438,completed
2912.786502,30,214.430791,1.0,True,30,0,0,697.9609620571136,900.0844721794128,4.555733362833659,697.9609620571136,completed
2159.919346,30,214.464641,1.0,True,30,0,0,842.1531178951263,1085.0824799537659,11.853300921122234,842.1531178951263,completed
2220.004299,30,214.499244,1.0,True,30,0,0,838.1879243850708,1207.013656616211,8.656132062276205,838.1879243850708,completed
2849.110716,30,214.53488,1.0,True,30,0,0,783.7587695121765,1034.5384531021118,3.544028727213542,783.7587695121765,completed
1672.460047,30,214.569551,1.0,True,30,0,0,893.5228233337402,1355.347360610962,13.675736045837402,893.5228233337402,completed
3190.740686,30,215.84215,1.0,True,30,0,0,591.896258354187,842.985034942627,2.447300338745117,591.896258354187,completed
1625.071784,30,215.878593,1.0,True,30,0,0,911.2759120464325,1380.577952861786,14.658782005310059,911.2759120464325,completed
2363.072345,30,215.914171,1.0,True,30,0,0,814.8006339073181,1131.84797000885,8.71690845489502,814.8006339073181,completed
3506.211938,30,215.948485,1.0,True,30,0,0,583.3722667694092,666.4055671691895,1.3453096389770507,583.3722667694092,completed
3393.357024,30,215.984542,1.0,True,30,0,0,634.3430881500244,757.5556449890137,1.4620985666910806,634.3430881500244,completed
3003.863984,30,216.019499,1.0,True,30,0,0,684.4208962917328,903.3580775260925,3.529826545715332,684.4208962917328,completed
2423.97651,30,216.05504,1.0,True,30,0,0,827.4508240222931,1046.2844729423523,8.727334594726562,827.4508240222931,completed
2537.804089,30,216.090189,1.0,True,30,0,0,716.0960516929626,1029.7457599639893,8.246965726216635,716.0960516929626,completed
3042.574501,30,216.124946,1.0,True,30,0,0,718.3274582326412,856.5669805407524,3.82008908589681,718.3274582326412,completed
2560.388341,30,216.159885,1.0,True,30,0,0,727.0451937913895,1047.9706041812897,7.010281308492025,727.0451937913895,completed
2220.718777,30,216.195157,1.0,True,30,0,0,947.5103454589844,1302.0278987884521,6.225738779703776,947.5103454589844,completed
3156.981397,30,216.230983,1.0,True,30,0,0,666.8317904472351,872.3085470199585,2.9730021158854165,666.8317904472351,completed
1717.721017,30,216.265915,1.0,True,30,0,0,950.1058502197266,1455.0027599334717,11.361873944600424,950.1058502197266,completed
3327.812588,30,216.300375,1.0,True,30,0,0,681.1348314285278,763.2063136100769,1.5663261413574219,681.1348314285278,completed
2966.97355,30,216.335373,1.0,True,30,0,0,664.1821823120117,892.7833876609802,4.95759023030599,664.1821823120117,completed
2359.769307,30,216.370495,1.0,True,30,0,0,792.1050963401794,1058.2588739395142,9.931381225585938,792.1050963401794,completed
3084.0925,30,216.405252,1.0,True,30,0,0,702.552414894104,797.9746055603027,3.943399747212728,702.552414894104,completed
3319.077631,30,216.440127,1.0,True,30,0,0,652.8548898696899,795.6732950210571,1.3994801839192708,652.8548898696899,completed
2974.862974,30,216.475087,1.0,True,30,0,0,753.5987632274628,1022.5795812606812,1.9690038045247396,753.5987632274628,completed
2557.219851,30,216.510124,1.0,True,30,0,0,782.0302486419678,1005.124979019165,7.2987420399983725,782.0302486419678,completed
2393.613409,30,216.544801,1.0,True,30,0,0,795.900545835495,1127.1110529899597,7.650401751200358,795.900545835495,completed
2545.548328,30,216.57983,1.0,True,30,0,0,714.8710737228394,994.5046253204346,8.359565671284994,714.8710737228394,completed
2712.734435,30,216.615179,1.0,True,30,0,0,788.6572895050049,912.5702681541443,6.337398274739583,788.6572895050049,completed
2975.455842,30,216.650479,1.0,True,30,0,0,684.8284511566162,886.4156379699707,4.726498095194499,684.8284511566162,completed
2082.032444,30,216.685219,1.0,True,30,0,0,869.5080753564835,1238.5468952655792,10.064352099100748,869.5080753564835,completed
2556.378928,30,216.720256,1.0,True,30,0,0,745.0311212539673,980.231029510498,7.305804443359375,745.0311212539673,completed
2402.054764,30,216.755495,1.0,True,30,0,0,874.4314250946045,1244.5376901626587,4.57158203125,874.4314250946045,completed
2831.980482,30,216.791338,1.0,True,30,0,0,790.0388407707214,993.4317827224731,3.6870208740234376,790.0388407707214,completed
2621.623756,30,216.82659,1.0,True,30,0,0,855.2394185066223,1027.3905138969421,5.9183837890625,855.2394185066223,completed
1819.723935,30,216.862129,1.0,True,30,0,0,805.280641078949,1178.3102617263794,15.766106541951498,805.280641078949,completed
2109.331603,30,216.897586,1.0,True,30,0,0,812.6661691665649,1206.627700805664,10.76297041575114,812.6661691665649,completed
3469.544933,30,216.932351,1.0,True,30,0,0,576.1561412811279,693.8892841339111,1.524719492594401,576.1561412811279,completed
3530.007275,30,216.968126,1.0,True,30,0,0,590.4959986209869,642.3490524291992,1.3185194651285808,590.4959986209869,completed
3077.510723,30,217.003709,1.0,True,30,0,0,730.414249420166,1094.7642974853516,0.0,730.414249420166,completed
1822.690568,30,217.038338,1.0,True,30,0,0,928.2457141876221,1388.1040124893188,11.474126497904459,928.2457141876221,completed
2431.684724,30,217.0734,1.0,True,30,0,0,855.7296576499939,1242.390380859375,5.137467702229817,855.7296576499939,completed
2708.908626,30,217.108904,1.0,True,30,0,0,762.0367619991302,1011.0548195838928,4.861816914876302,762.0367619991302,completed
1887.806062,30,217.143301,1.0,True,30,0,0,921.1350765228271,1233.6714639663696,12.457904688517253,921.1350765228271,completed
3125.287063,30,217.178629,1.0,True,30,0,0,760.2114658355713,947.7958068847656,1.1835111618041991,760.2114658355713,completed
2676.708782,30,217.21393,1.0,True,30,0,0,775.9569425582886,973.2327032089233,6.786017990112304,775.9569425582886,completed
1937.247638,30,217.249222,1.0,True,30,0,0,907.0027680397034,1397.4292516708374,8.356308746337891,907.0027680397034,completed
1858.956136,30,217.284243,1.0,True,30,0,0,911.8237633705139,1195.6841535568237,13.311617279052735,911.8237633705139,completed
2656.959256,30,217.320064,1.0,True,30,0,0,778.477912902832,1002.4879951477051,6.553620020548503,778.477912902832,completed
2954.512091,30,217.355034,1.0,True,30,0,0,781.6663722991943,987.9508304595947,2.245702870686849,781.6663722991943,completed
2175.863578,30,217.390207,1.0,True,30,0,0,996.2997562885284,1433.1609387397766,4.914658927917481,996.2997562885284,completed
3386.395435,30,217.425265,1.0,True,30,0,0,700.0781202316284,830.5069932937622,0.0,700.0781202316284,completed
2452.630678,30,217.460514,1.0,True,30,0,0,837.0674722194672,1336.7594847679138,4.078223419189453,837.0674722194672,completed
2742.77378,30,217.496162,1.0,True,30,0,0,757.6161818504333,989.281044960022,5.574122683207194,757.6161818504333,completed
2165.723775,30,217.531173,1.0,True,30,0,0,859.5249795913696,1250.4818687438965,9.383853022257487,859.5249795913696,completed
3231.651874,30,217.56659,1.0,True,30,0,0,640.0920939445496,804.5271964073181,2.4052158991495767,640.0920939445496,completed
2539.91158,30,217.601869,1.0,True,30,0,0,869.890214920044,1127.6071319580078,5.713107426961263,869.890214920044,completed
2174.476381,30,217.636381,1.0,True,30,0,0,897.1480807960033,1214.16895288229,9.527482032775879,897.1480807960033,completed
2850.189042,30,217.67064,1.0,True,30,0,0,706.8337128162384,1028.2908101081848,3.576513989766439,706.8337128162384,completed
2981.164471,30,217.705444,1.0,True,30,0,0,749.033697605133,921.314902305603,3.766148630777995,749.033697605133,completed
2030.700059,30,217.7405,1.0,True,30,0,0,864.4198980331421,1258.8264322280884,11.015648778279623,864.4198980331421,completed
2771.831574,30,217.774999,1.0,True,30,0,0,772.6516852378845,1021.1131277084351,5.189216232299804,772.6516852378845,completed
2473.080912,30,217.809766,1.0,True,30,0,0,794.9964785575867,1096.8305044174194,7.72346076965332,794.9964785575867,completed
3244.253878,30,217.845543,1.0,True,30,0,0,640.9852049350739,717.8807759284973,4.191435750325521,640.9852049350739,completed
2500.938443,30,217.88132,1.0,True,30,0,0,856.6836152076721,1004.7118654251099,7.497805595397949,856.6836152076721,completed
2019.931139,30,217.916285,1.0,True,30,0,0,992.0049662590027,1332.8596830368042,7.728670501708985,992.0049662590027,completed
2879.203457,30,217.951463,1.0,True,30,0,0,758.0680675506592,987.0751390457153,4.1695508321126304,758.0680675506592,completed
2954.716932,30,217.990803,1.0,True,30,0,0,732.5782551765442,988.6630945205688,2.3034451802571616,732.5782551765442,completed
2992.428972,30,218.032021,1.0,True,30,0,0,622.5460097789764,819.2585301399231,6.297650655110677,622.5460097789764,completed
2934.444757,30,218.06872,1.0,True,30,0,0,751.9779415130615,1060.1751022338867,1.5529310862223307,751.9779415130615,completed
2832.600146,30,218.103501,1.0,True,30,0,0,781.4796366691589,1120.8553371429443,1.8428533554077149,781.4796366691589,completed
3004.250916,30,218.138273,1.0,True,30,0,0,756.6290147304535,1034.820029258728,1.2244940439860026,756.6290147304535,completed
2145.10568,30,218.172662,1.0,True,30,0,0,819.3384304046631,1183.6695537567139,10.520912551879883,819.3384304046631,completed
2717.052112,30,218.20781,1.0,True,30,0,0,787.8203690052032,965.7439885139465,6.5489546457926435,787.8203690052032,completed
3277.265972,30,218.243282,1.0,True,30,0,0,661.8195118904114,793.4852862358093,1.2134751001993815,661.8195118904114,completed
3201.647939,30,219.511714,1.0,True,30,0,0,741.4880456924438,829.2551188468933,2.271310043334961,741.4880456924438,completed
2488.831674,30,219.549398,1.0,True,30,0,0,743.7724262475967,1098.8183777332306,7.103410911560059,743.7724262475967,completed
2097.696788,30,219.587577,1.0,True,30,0,0,950.583616733551,1131.8774213790894,10.531464640299479,950.583616733551,completed
3080.365273,30,219.625162,1.0,True,30,0,0,687.8698000907898,837.2935705184937,4.264831988016764,687.8698000907898,completed
2424.605318,30,219.662611,1.0,True,30,0,0,842.335818529129,1074.0462458133698,8.475705337524413,842.335818529129,completed
2191.866898,30,219.70008,1.0,True,30,0,0,832.9433772563934,1223.9128832817078,9.70104840596517,832.9433772563934,completed
3448.349226,30,219.737066,1.0,True,30,0,0,633.8813254833221,745.9135050773621,0.7636187235514323,633.8813254833221,completed
2539.918702,30,219.77575,1.0,True,30,0,0,785.6723799705505,984.3079676628113,7.515651766459147,785.6723799705505,completed
2848.910819,30,219.812889,1.0,True,30,0,0,719.2545166015625,944.85728931427,5.00322421391805,719.2545166015625,completed
2037.135283,30,219.850174,1.0,True,30,0,0,871.9816522598267,1265.8208169937134,10.704547119140624,871.9816522598267,completed
3237.041282,30,219.88793,1.0,True,30,0,0,621.0649684071541,834.0271726846695,2.3814974466959637,621.0649684071541,completed
3009.52606,30,219.925052,1.0,True,30,0,0,658.9728050231934,847.3392915725708,4.716950607299805,658.9728050231934,completed
2543.187768,30,219.961982,1.0,True,30,0,0,848.8762345314026,1108.8261976242065,6.212961228688558,848.8762345314026,completed
2297.711032,30,219.999605,1.0,True,30,0,0,945.0680456161499,1229.9541873931885,7.1216422398885095,945.0680456161499,completed
2903.642473,30,220.036664,1.0,True,30,0,0,800.3128771781921,1011.6994829177856,2.8883394877115887,800.3128771781921,completed
2729.385245,30,220.07382,1.0,True,30,0,0,863.2785611152649,983.1863970756531,4.8523763656616214,863.2785611152649,completed
3116.398649,30,220.11102,1.0,True,30,0,0,787.5698283016682,1028.2358670830727,0.0,787.5698283016682,completed
3011.595143,30,220.147592,1.0,True,30,0,0,676.8001718521118,872.040225982666,4.884675089518229,676.8001718521118,completed
3355.966713,30,220.184548,1.0,True,30,0,0,638.1736776232719,735.5514200925827,2.0337086359659833,638.1736776232719,completed
2911.679561,30,220.221315,1.0,True,30,0,0,725.9702157974243,922.0280075073242,4.725125026702881,725.9702157974243,completed
2032.901979,30,220.258942,1.0,True,30,0,0,852.1142654418945,1367.5581855773926,8.275257619222005,852.1142654418945,completed
2842.410074,30,220.296232,1.0,True,30,0,0,695.7228875160217,995.500922203064,4.835086313883464,695.7228875160217,completed
3371.310009,30,220.333762,1.0,True,30,0,0,677.5703868865967,856.4979629516602,0.0,677.5703868865967,completed
362.368884,30,220.371191,1.0,True,30,0,0,1278.2124223709106,2054.449282646179,18.430157534281413,1278.2124223709106,completed
3392.969239,30,220.408584,1.0,True,30,0,0,625.1049875617027,833.5387476682663,0.1679190953572591,625.1049875617027,completed
3329.666563,30,220.445893,1.0,True,30,0,0,589.534836769104,718.2392826080322,2.8591554005940756,589.534836769104,completed
2468.511914,30,220.48287,1.0,True,30,0,0,823.8813548088074,1191.5773239135742,6.1904036204020185,823.8813548088074,completed
2484.576456,30,220.5198,1.0,True,30,0,0,801.5956598520279,1098.0212090015411,7.444046974182129,801.5956598520279,completed
2183.770204,30,220.557201,1.0,True,30,0,0,873.8049957752228,1345.507450580597,6.781476720174154,873.8049957752228,completed
3018.26241,30,220.593972,1.0,True,30,0,0,734.7442436218262,871.4212274551392,3.7887948989868163,734.7442436218262,completed
2936.630616,30,220.630801,1.0,True,30,0,0,697.2618114948273,989.3643860816956,2.5285245418548583,697.2618114948273,completed
2912.475128,30,220.668172,1.0,True,30,0,0,742.5225119590759,978.425726890564,3.929051081339518,742.5225119590759,completed
3405.395936,30,220.705118,1.0,True,30,0,0,650.2453536987305,765.7877521514893,0.9515054066975911,650.2453536987305,completed
2512.663016,30,220.741996,1.0,True,30,0,0,826.282732963562,1129.0918140411377,4.90943915049235,826.282732963562,completed
2354.408267,30,220.779574,1.0,True,30,0,0,809.4542376995087,1118.3433578014374,9.162358283996582,809.4542376995087,completed
2647.664293,30,220.816808,1.0,True,30,0,0,763.9410336017609,1099.1056551933289,5.499247773488363,763.9410336017609,completed
3282.845742,30,220.853941,1.0,True,30,0,0,678.2235541343689,757.8390588760376,2.4432860056559247,678.2235541343689,completed
3085.968753,30,220.891041,1.0,True,30,0,0,701.9185485839844,795.585207939148,4.378939819335938,701.9185485839844,completed
3344.21778,30,220.927755,1.0,True,30,0,0,680.4935426712036,879.5328130722046,0.0,680.4935426712036,completed
3390.114149,30,220.964795,1.0,True,30,0,0,662.9521713256836,805.1072874069214,0.35827554066975914,662.9521713256836,completed
2441.06692,30,221.00136,1.0,True,30,0,0,780.6613383293152,1049.4770183563232,8.851859283447265,780.6613383293152,completed
2349.974821,30,221.03851,1.0,True,30,0,0,787.1578960418701,1142.6175060272217,7.764186414082845,787.1578960418701,completed
2435.039544,30,221.075379,1.0,True,30,0,0,875.0264196395874,1205.964002609253,5.139736684163411,875.0264196395874,completed
2970.760968,30,221.112107,1.0,True,30,0,0,643.4289660453796,803.9527268409729,6.7305608749389645,643.4289660453796,completed
2232.518447,30,221.149431,1.0,True,30,0,0,723.2015509605408,1040.40997838974,12.235160764058431,723.2015509605408,completed
2616.556791,30,221.186426,1.0,True,30,0,0,838.6948962211609,1143.8765048980713,4.449368604024252,838.6948962211609,completed
2659.162741,30,221.223708,1.0,True,30,0,0,678.7365019917488,949.370239853859,7.654801559448242,678.7365019917488,completed
2747.82836,30,221.26139,1.0,True,30,0,0,884.5099360942841,1236.3459630012512,0.9414186477661133,884.5099360942841,completed
1131.771368,30,221.298489,1.0,True,30,0,0,982.5241079330444,1597.0406436920166,16.94949099222819,982.5241079330444,completed
2618.6292,30,221.335496,1.0,True,30,0,0,714.031794667244,1043.6306250095367,7.082633932431539,714.031794667244,completed
2512.807655,30,221.372675,1.0,True,30,0,0,937.2137994766235,1284.756299495697,3.027202272415161,937.2137994766235,completed
2787.970109,30,221.409454,1.0,True,30,0,0,793.14959025383,1041.9118399620056,3.9172852198282877,793.14959025383,completed
1966.784781,30,221.446545,1.0,True,30,0,0,830.9143486022949,1167.2830381393433,13.260921128590901,830.9143486022949,completed
2100.255783,30,221.483902,1.0,True,30,0,0,875.4961681365967,1343.282476425171,7.780596542358398,875.4961681365967,completed
2640.428832,30,221.520967,1.0,True,30,0,0,756.2916102409363,1060.9766473770142,5.9786981582641605,756.2916102409363,completed
2995.391103,30,221.557849,1.0,True,30,0,0,630.1446566581726,817.2289628982544,5.37617073059082,630.1446566581726,completed
2444.761762,30,221.594674,1.0,True,30,0,0,780.9334573745728,1085.6385717391968,7.707928911844889,780.9334573745728,completed
3010.326204,30,221.632049,1.0,True,30,0,0,697.3629615306854,916.789128780365,3.463132953643799,697.3629615306854,completed
2738.085458,30,221.669085,1.0,True,30,0,0,810.5549321174622,1032.4718389511108,3.9143760045369467,810.5549321174622,completed
2915.727741,30,221.706406,1.0,True,30,0,0,708.250054359436,908.4927864074707,5.083002694447836,708.250054359436,completed
2556.852382,30,221.743715,1.0,True,30,0,0,761.6369032859802,1021.0524110794067,7.2167970657348635,761.6369032859802,completed
2989.939672,30,221.780266,1.0,True,30,0,0,696.1643590927124,801.6927013397217,5.924995676676432,696.1643590927124,completed
2314.368046,30,221.817164,1.0,True,30,0,0,876.5351848602295,1264.2535343170166,5.650532595316569,876.5351848602295,completed
2493.331736,30,221.854107,1.0,True,30,0,0,772.672079205513,997.9669868946075,9.00502217610677,772.672079205513,completed
2987.76834,30,221.891348,1.0,True,30,0,0,663.3584594726562,868.2939205169678,5.901554520924886,663.3584594726562,completed
3575.643243,30,221.928221,1.0,True,30,0,0,577.1903944015503,656.4538240432739,0.43238855997721354,577.1903944015503,completed
1820.043433,30,221.965975,1.0,True,30,0,0,968.1507915258408,1567.3942878246307,7.4155395984649655,968.1507915258408,completed
2784.829253,30,222.002825,1.0,True,30,0,0,738.5831952095032,1069.1531248092651,3.59920654296875,738.5831952095032,completed
3116.955903,30,223.29407,1.0,True,30,0,0,660.658574461937,830.6723539829254,4.048489379882812,660.658574461937,completed
3471.154786,30,223.332149,1.0,True,30,0,0,639.0345187187195,751.8152093887329,0.22379620869954428,639.0345187187195,completed
2297.87691,30,223.370119,1.0,True,30,0,0,842.8446952104568,1209.2823460102081,8.10342820485433,842.8446952104568,completed
2036.193307,30,223.407995,1.0,True,30,0,0,940.4464033842087,1374.596126317978,8.041385205586751,940.4464033842087,completed
1925.443141,30,223.44704,1.0,True,30,0,0,940.4970846176147,1351.2853469848633,9.064078776041667,940.4970846176147,completed
2684.674918,30,223.484704,1.0,True,30,0,0,773.6270055770874,1056.2373895645142,5.154795837402344,773.6270055770874,completed
2579.555685,30,223.522399,1.0,True,30,0,0,794.1922775506973,1088.8957607746124,5.269060198465983,794.1922775506973,completed
3331.957906,30,223.560013,1.0,True,30,0,0,620.9157304763794,790.6856842041016,1.5956400553385417,620.9157304763794,completed
3127.433193,30,223.597646,1.0,True,30,0,0,651.3658714294434,858.0442638397217,3.4649765650431315,651.3658714294434,completed
2482.592439,30,223.635418,1.0,True,30,0,0,742.6470830440521,1073.0678868293762,8.52407725652059,742.6470830440521,completed
3149.002819,30,223.672947,1.0,True,30,0,0,735.1053490638733,900.561450958252,1.9052729288736978,735.1053490638733,completed
2191.094372,30,223.710988,1.0,True,30,0,0,756.92609167099,1094.3544836044312,11.59933401743571,756.92609167099,completed
3064.936829,30,223.748501,1.0,True,30,0,0,747.6970977783203,928.5394535064697,1.83419189453125,747.6970977783203,completed
2825.699512,30,223.786459,1.0,True,30,0,0,703.7346451282501,1036.1834359169006,4.704298686981201,703.7346451282501,completed
2454.977069,30,223.823925,1.0,True,30,0,0,640.0636487007141,939.3198156356812,12.045549074808756,640.0636487007141,completed
3149.38657,30,223.861662,1.0,True,30,0,0,629.3724596500397,867.1545777320862,2.73533198038737,629.3724596500397,completed
3175.161133,30,223.899436,1.0,True,30,0,0,708.1956443786621,895.8885831832886,1.4074006398518881,708.1956443786621,completed
3579.546381,30,223.937192,1.0,True,30,0,0,561.7263904809952,656.3369953632355,0.524118169148763,561.7263904809952,completed
3119.981071,30,223.975155,1.0,True,30,0,0,689.8319602012634,850.7261991500854,3.338682238260905,689.8319602012634,completed
2667.237164,30,224.013024,1.0,True,30,0,0,812.4840975999832,1045.1542532444,5.2600449879964195,812.4840975999832,completed
2143.105559,30,224.05076,1.0,True,30,0,0,852.1760377883911,1219.6510562896729,9.982877604166667,852.1760377883911,completed
1416.667645,30,224.088587,1.0,True,30,0,0,983.7742223739624,1536.9546756744385,12.456961313883463,983.7742223739624,completed
2943.478411,30,224.126228,1.0,True,30,0,0,701.7285480499268,906.9801204204559,3.880105463663737,701.7285480499268,completed
2553.086808,30,224.163842,1.0,True,30,0,0,745.9612967967987,984.9143252372742,8.515510940551758,745.9612967967987,completed
2781.825509,30,224.201685,1.0,True,30,0,0,712.712465763092,912.6972193717957,6.359667841593424,712.712465763092,completed
3154.959891,30,224.23933,1.0,True,30,0,0,750.7683491706848,1013.2537269592285,0.0,750.7683491706848,completed
2739.453992,30,224.277097,1.0,True,30,0,0,764.0048425197601,980.5064578056335,6.143099975585938,764.0048425197601,completed
3326.625226,30,224.314943,1.0,True,30,0,0,631.1725840568542,774.9837741851807,1.4531511942545572,631.1725840568542,completed
2669.510459,30,224.352306,1.0,True,30,0,0,910.5544500350952,1284.266297340393,1.107732391357422,910.5544500350952,completed
3395.683888,30,224.39,1.0,True,30,0,0,668.0810825824738,775.9506487846375,0.3320291519165039,668.0810825824738,completed
2491.784599,30,224.428893,1.0,True,30,0,0,764.401111125946,1031.9281568527222,7.657562700907389,764.401111125946,completed
2800.274435,30,224.466448,1.0,True,30,0,0,669.5269191265106,861.5293488502502,8.255452156066895,669.5269191265106,completed
2790.533374,30,224.504114,1.0,True,30,0,0,715.2890911102295,966.6950302124023,5.615477307637533,715.2890911102295,completed
2791.608827,30,224.541716,1.0,True,30,0,0,690.2354691028595,930.9590172767639,6.503249549865723,690.2354691028595,completed
2758.137645,30,224.579242,1.0,True,30,0,0,806.2709331512451,1105.204327583313,2.7062505722045898,806.2709331512451,completed
2020.536246,30,224.616728,1.0,True,30,0,0,921.4563472718,1339.998767465353,8.709855016072591,921.4563472718,completed
2819.887324,30,224.654211,1.0,True,30,0,0,801.5963945388794,1184.488151550293,1.5202978769938151,801.5963945388794,completed
3233.204727,30,224.69238,1.0,True,30,0,0,596.8138098716736,852.8201379776001,1.9267472585042318,596.8138098716736,completed
2480.808825,30,224.730602,1.0,True,30,0,0,795.4175095558167,1119.7565417289734,6.33680788675944,795.4175095558167,completed
2444.031639,30,224.768404,1.0,True,30,0,0,774.6202719211578,1171.684109210968,7.039061292012533,774.6202719211578,completed
2448.418575,30,224.805905,1.0,True,30,0,0,983.6921167373657,1339.9374017715454,2.207250213623047,983.6921167373657,completed
1980.131672,30,224.843795,1.0,True,30,0,0,916.1531419754028,1308.288568496704,9.600983619689941,916.1531419754028,completed
2555.606002,30,224.88171,1.0,True,30,0,0,792.3059177398682,1139.4028949737549,5.177787717183431,792.3059177398682,completed
2955.591313,30,224.919278,1.0,True,30,0,0,688.393307864666,898.2562106847763,4.388181177775065,688.393307864666,completed
3137.028299,30,224.956909,1.0,True,30,0,0,680.3359303474426,922.6188735961914,2.2481563568115233,680.3359303474426,completed
2295.651751,30,224.994269,1.0,True,30,0,0,870.5840084552765,1253.4487109184265,7.053404362996419,870.5840084552765,completed
2570.855634,30,225.032077,1.0,True,30,0,0,811.1639423370361,1098.1376419067383,5.908243242899577,811.1639423370361,completed
2730.182548,30,225.069592,1.0,True,30,0,0,738.070981502533,1025.9198694229126,4.89105011622111,738.070981502533,completed
1909.840594,30,225.107235,1.0,True,30,0,0,947.1762542724609,1426.458508491516,8.295821571350098,947.1762542724609,completed
3172.478225,30,225.144763,1.0,True,30,0,0,697.8786878585815,880.2386951446533,1.8421999613444011,697.8786878585815,completed
2116.051525,30,225.1824,1.0,True,30,0,0,872.374125957489,1235.9435625076294,9.933101336161295,872.374125957489,completed
2752.781192,30,225.219955,1.0,True,30,0,0,769.6996550559998,1007.2526597976685,4.957018152872721,769.6996550559998,completed
3245.637111,30,225.257607,1.0,True,30,0,0,630.4199652671814,764.3772344589233,3.0049325307210286,630.4199652671814,completed
1234.987508,30,225.295353,1.0,True,30,0,0,925.5064859390259,1483.0053997039795,17.05671100616455,925.5064859390259,completed
3139.616893,30,225.332974,1.0,True,30,0,0,710.1683790683746,904.0069947242737,1.8312397638956706,710.1683790683746,completed
3125.945218,30,225.37075,1.0,True,30,0,0,628.3590881824493,781.6777100563049,4.703230794270834,628.3590881824493,completed
2723.16605,30,225.408322,1.0,True,30,0,0,708.6012227535248,1005.5646262168884,5.675868797302246,708.6012227535248,completed
3019.587796,30,225.445906,1.0,True,30,0,0,794.0707582235336,878.2472779750824,2.631629053751628,794.0707582235336,completed
3383.691133,30,225.483222,1.0,True,30,0,0,688.7380633354187,839.1509351730347,0.0,688.7380633354187,completed
3162.309809,30,225.520731,1.0,True,30,0,0,740.3484792709351,893.3555202484131,1.3465005238850911,740.3484792709351,completed
2838.933791,30,225.558093,1.0,True,30,0,0,759.5435018539429,948.5749096870422,5.115128453572591,759.5435018539429,completed
2550.044289,30,225.595773,1.0,True,30,0,0,931.381872177124,1439.3294458389282,0.04773661295572917,931.381872177124,completed
2912.913053,30,225.633329,1.0,True,30,0,0,685.9956114292145,881.0678658485413,5.021915467580159,685.9956114292145,completed
2087.305772,30,225.671057,1.0,True,30,0,0,866.0007028579712,1262.7550687789917,10.401053841908773,866.0007028579712,completed
2691.820042,30,225.708648,1.0,True,30,0,0,758.6084940433502,1062.0056977272034,5.496809895833334,758.6084940433502,completed
3487.746425,30,225.746148,1.0,True,30,0,0,595.4015960693359,718.49342918396,0.5778307596842448,595.4015960693359,completed
2997.001132,30,225.783614,1.0,True,30,0,0,760.8336505889893,1052.565450668335,1.3946113586425781,760.8336505889893,completed
2830.933289,30,225.821196,1.0,True,30,0,0,710.4308919906616,987.044093132019,4.200994555155436,710.4308919906616,completed
1450.597605,30,227.122218,1.0,True,30,0,0,989.0081858634949,1298.7945709228516,17.038724263509113,989.0081858634949,completed
3394.307999,30,227.157708,1.0,True,30,0,0,631.5505948066711,750.3734774589539,1.18918031056722,631.5505948066711,completed
3205.036023,30,227.192005,1.0,True,30,0,0,717.132878780365,891.1770696640015,0.906491216023763,717.132878780365,completed
2567.164375,30,227.227265,1.0,True,30,0,0,817.7185363769531,1116.9009561538696,5.9768908500671385,817.7185363769531,completed
3350.0138,30,227.261494,1.0,True,30,0,0,599.7577111721039,803.3346700668335,1.2743906021118163,599.7577111721039,completed
2968.110675,30,227.297187,1.0,True,30,0,0,680.665011882782,821.5926041603088,6.078974215189616,680.665011882782,completed
2600.553959,30,227.332496,1.0,True,30,0,0,702.9587273597717,971.2744436264038,7.571148618062337,702.9587273597717,completed
2855.803418,30,227.367828,1.0,True,30,0,0,676.4655714035034,872.4710454940796,6.6433181444803875,676.4655714035034,completed
1804.615683,30,227.403243,1.0,True,30,0,0,915.562262058258,1279.7523231506348,13.888656743367513,915.562262058258,completed
2373.191767,30,227.438152,1.0,True,30,0,0,890.7222945690155,1016.2544641494751,9.491582425435384,890.7222945690155,completed
2816.464041,30,227.472785,1.0,True,30,0,0,756.3981411457062,986.8449635505676,4.402793566385905,756.3981411457062,completed
2534.750982,30,227.507895,1.0,True,30,0,0,758.650262594223,949.837073802948,8.920634651184082,758.650262594223,completed
3038.939866,30,227.5426,1.0,True,30,0,0,739.582465171814,974.5676326751709,1.921437644958496,739.582465171814,completed
2815.265945,30,227.577944,1.0,True,30,0,0,763.6257214546204,1006.2048215866089,4.4122219721476235,763.6257214546204,completed
2705.465952,30,227.612748,1.0,True,30,0,0,714.4718174934387,1031.4570665359497,5.020803070068359,714.4718174934387,completed
2105.241854,30,227.648312,1.0,True,30,0,0,893.0206003189087,1136.3895959854126,10.48195384343465,893.0206003189087,completed
2969.010401,30,227.683863,1.0,True,30,0,0,681.1399645805359,981.4937744140625,2.7110411326090493,681.1399645805359,completed
2852.206766,30,227.719023,1.0,True,30,0,0,810.6515870094299,1097.807186126709,2.063572947184245,810.6515870094299,completed
2606.918578,30,227.754598,1.0,True,30,0,0,819.3849079608917,1045.6743304729462,6.186811892191569,819.3849079608917,completed
2080.848405,30,227.790245,1.0,True,30,0,0,927.0936737060547,1280.6527404785156,9.56962292989095,927.0936737060547,completed
2983.426081,30,227.825301,1.0,True,30,0,0,746.0274663567543,1104.3882285356522,0.4021731376647949,746.0274663567543,completed
2858.624782,30,227.860368,1.0,True,30,0,0,712.6011810302734,890.2137508392334,5.909656397501627,712.6011810302734,completed
2950.410214,30,227.895141,1.0,True,30,0,0,728.3720006942749,1038.9753894805908,2.3282276153564454,728.3720006942749,completed
2402.442835,30,227.931016,1.0,True,30,0,0,823.4790868759155,1314.1220798492432,5.048923746744792,823.4790868759155,completed
2441.214047,30,227.966738,1.0,True,30,0,0,735.6498353481293,1045.0533556938171,9.380622673034669,735.6498353481293,completed
2292.518711,30,228.005658,1.0,True,30,0,0,873.0719330310822,1195.3248362541199,8.146346823374431,873.0719330310822,completed
3120.341302,30,228.042179,1.0,True,30,0,0,741.4148125648499,841.5584669113159,2.568258285522461,741.4148125648499,completed
2685.324053,30,228.077321,1.0,True,30,0,0,807.9159770011902,1094.7853326797485,4.92770824432373,807.9159770011902,completed
2425.158233,30,228.112493,1.0,True,30,0,0,844.9884812831879,1114.281238079071,6.8689886093139645,844.9884812831879,completed
3378.032022,30,228.148464,1.0,True,30,0,0,627.0275537967682,759.5157799720764,1.7547348022460938,627.0275537967682,completed
2675.298124,30,228.183795,1.0,True,30,0,0,941.1531209945679,1345.4636392593384,0.0,941.1531209945679,completed
2307.295384,30,228.219542,1.0,True,30,0,0,788.0503883361816,1057.0838413238525,10.03470261891683,788.0503883361816,completed
2987.900049,30,228.254667,1.0,True,30,0,0,712.7196667194366,905.4059977531433,3.892025883992513,712.7196667194366,completed
2502.14477,30,228.290204,1.0,True,30,0,0,741.6937711238861,1075.2847781181335,7.750428517659505,741.6937711238861,completed
3030.093871,30,228.325298,1.0,True,30,0,0,699.8061411380768,923.5938439369202,3.4011535962422688,699.8061411380768,completed
2159.252164,30,228.360481,1.0,True,30,0,0,842.9941334724426,1217.4201765060425,9.429819361368816,842.9941334724426,completed
2019.078845,30,228.395272,1.0,True,30,0,0,882.9250931739807,1242.3541984558105,11.742941347757975,882.9250931739807,completed
2588.708342,30,228.430064,1.0,True,30,0,0,823.4698114395142,1114.4893460273743,4.771191501617432,823.4698114395142,completed
2616.50998,30,228.465608,1.0,True,30,0,0,707.6304740905762,951.3777961730957,8.873269335428875,707.6304740905762,completed
2814.667175,30,228.501253,1.0,True,30,0,0,707.3328576087952,958.8502960205078,5.8532964070638025,707.3328576087952,completed
2540.134457,30,228.536543,1.0,True,30,0,0,757.3322274684906,1111.743459224701,5.875806681315104,757.3322274684906,completed
2482.915732,30,228.571576,1.0,True,30,0,0,880.4731276035309,1147.8452534675598,5.7695102055867515,880.4731276035309,completed
3210.356913,30,228.60694,1.0,True,30,0,0,678.7956318855286,750.0770378112793,2.538016096750895,678.7956318855286,completed
2966.724477,30,228.647187,1.0,True,30,0,0,677.0822493433952,890.3643420934677,4.460423278808594,677.0822493433952,completed
2420.036917,30,228.681463,1.0,True,30,0,0,697.1935806274414,969.0283608436584,11.928595622380575,697.1935806274414,completed
2763.385272,30,228.716804,1.0,True,30,0,0,756.9762108325958,988.0011029243469,6.093796475728353,756.9762108325958,completed
1896.343309,30,228.7519,1.0,True,30,0,0,881.9346178770065,1205.9829452037811,12.79857800801595,881.9346178770065,completed
3162.929944,30,228.786511,1.0,True,30,0,0,719.6450724601746,1022.9845571517944,0.0,719.6450724601746,completed
2817.912932,30,228.822254,1.0,True,30,0,0,819.4328365325928,1075.965636730194,2.5310860951741536,819.4328365325928,completed
3130.200845,30,228.857138,1.0,True,30,0,0,590.7009534835815,782.8007864952087,4.571628634134928,590.7009534835815,completed
2955.77785,30,228.891957,1.0,True,30,0,0,665.1558999419212,848.8184145689011,5.9404725710550945,665.1558999419212,completed
3042.465733,30,228.926844,1.0,True,30,0,0,708.3456327915192,818.8478169441223,5.029904810587565,708.3456327915192,completed
2346.204566,30,228.961456,1.0,True,30,0,0,779.9662389755249,1089.3273210525513,9.709260622660318,779.9662389755249,completed
3291.34805,30,228.996466,1.0,True,30,0,0,659.5965557098389,778.3733024597168,2.11138973236084,659.5965557098389,completed
1851.988665,30,229.031336,1.0,True,30,0,0,972.6730155944824,1352.170789718628,10.783660952250163,972.6730155944824,completed
2925.352615,30,229.066009,1.0,True,30,0,0,766.1255149841309,935.000901222229,3.8578514099121093,766.1255149841309,completed
3242.593416,30,229.100561,1.0,True,30,0,0,731.1683664321899,866.0616283416748,0.6006295522054036,731.1683664321899,completed
2414.230521,30,229.135989,1.0,True,30,0,0,710.7413530349731,957.8404598236084,10.01166934967041,710.7413530349731,completed
3094.496246,30,229.17124,1.0,True,30,0,0,689.173867225647,859.8116178512573,3.1867775599161785,689.173867225647,completed
1643.868696,30,229.206231,1.0,True,30,0,0,993.7932389974594,1215.153574705124,15.30310713450114,993.7932389974594,completed
1820.736963,30,229.241605,1.0,True,30,0,0,941.1539926528931,1318.7227191925049,11.399594179789226,941.1539926528931,completed
3077.160953,30,229.277483,1.0,True,30,0,0,651.6872581243515,895.3243129253387,3.61616579691569,651.6872581243515,completed
3270.399093,30,229.312146,1.0,True,30,0,0,708.6898508071899,821.9004344940186,1.1716086387634277,708.6898508071899,completed
2760.459993,30,229.347969,1.0,True,30,0,0,798.3828902244568,1054.8996295928955,4.085344664255778,798.3828902244568,completed
2672.550549,30,229.382992,1.0,True,30,0,0,795.1222262382507,931.1721119880676,7.434779866536458,795.1222262382507,completed
2612.540881,30,229.418002,1.0,True,30,0,0,845.6057772636414,1160.2096376419067,3.731084187825521,845.6057772636414,completed
2626.781823,30,229.453171,1.0,True,30,0,0,737.9188067913055,1065.3226408958435,6.310199801127116,737.9188067913055,completed
2914.543673,30,229.487449,1.0,True,30,0,0,706.0976936817169,827.0556855201721,5.78394095102946,706.0976936817169,completed
2715.748984,30,230.76218,1.0,True,30,0,0,689.6307935714722,969.3655309677124,6.652840932210286,689.6307935714722,completed
2688.493176,30,230.796669,1.0,True,30,0,0,751.3814735412598,938.6166095733643,7.469994481404623,751.3814735412598,completed
2629.045568,30,230.83079,1.0,True,30,0,0,803.1491756439209,980.3605098724365,7.59447275797526,803.1491756439209,completed
3245.591713,30,230.864379,1.0,True,30,0,0,691.1529564857483,865.4792566299438,1.378155517578125,691.1529564857483,completed
3001.621413,30,230.898491,1.0,True,30,0,0,730.9527928829193,970.5533146858215,2.2866377512613933,730.9527928829193,completed
2456.518399,30,230.931906,1.0,True,30,0,0,804.1554098129272,1227.919822692871,5.087942504882813,804.1554098129272,completed
2278.684715,30,230.966038,1.0,True,30,0,0,823.1196999549866,1162.3294749259949,8.231350708007813,823.1196999549866,completed
2486.275986,30,231.000055,1.0,True,30,0,0,941.9113550186157,1229.6008014678955,4.433605321248373,941.9113550186157,completed
2847.223797,30,231.032924,1.0,True,30,0,0,717.0793392658234,943.7490468025208,4.240077463785807,717.0793392658234,completed
3087.086109,30,231.066688,1.0,True,30,0,0,681.2906646728516,789.5989265441895,4.259677886962891,681.2906646728516,completed
2499.251817,30,231.100559,1.0,True,30,0,0,700.6061950922012,1023.6559555530548,8.322715250651042,700.6061950922012,completed
2237.506147,30,231.13381,1.0,True,30,0,0,798.1505794525146,1144.694585800171,10.74065767923991,798.1505794525146,completed
2466.311588,30,231.167327,1.0,True,30,0,0,852.3233828544617,1219.945746421814,5.005901018778483,852.3233828544617,completed
2630.306869,30,231.20094,1.0,True,30,0,0,810.9436845779419,1172.6943945884705,3.969384765625,810.9436845779419,completed
2290.586461,30,231.235132,1.0,True,30,0,0,802.635135769844,1082.9121510982513,9.693818187713623,802.635135769844,completed
3294.483698,30,231.269694,1.0,True,30,0,0,592.9676401615143,698.6118140220642,2.521045366923014,592.9676401615143,completed
1618.008074,30,231.303087,1.0,True,30,0,0,1075.9818425178528,1560.0809326171875,9.838563251495362,1075.9818425178528,completed
2844.479779,30,231.336566,1.0,True,30,0,0,812.503803730011,1125.0032966136932,2.091905212402344,812.503803730011,completed
1630.898866,30,231.370043,1.0,True,30,0,0,990.7935171127319,1383.03049659729,12.888191286722819,990.7935171127319,completed
3204.194975,30,231.40288,1.0,True,30,0,0,711.8558034896851,879.8692874908447,1.1805887858072917,711.8558034896851,completed
2950.756543,30,231.436397,1.0,True,30,0,0,738.4127264022827,1058.1208152770996,1.8710487365722657,738.4127264022827,completed
2644.547786,30,231.470136,1.0,True,30,0,0,725.0023627281189,943.1840224266052,8.382472864786784,725.0023627281189,completed
2998.432634,30,231.50372,1.0,True,30,0,0,719.2204542160034,924.7910566329956,3.7127488454182944,719.2204542160034,completed
2278.530795,30,231.537893,1.0,True,30,0,0,831.2679355144501,1071.9592280387878,9.809221553802491,831.2679355144501,completed
3150.609825,30,231.571578,1.0,True,30,0,0,665.974023103714,914.1905541419983,2.3199358622233075,665.974023103714,completed
2584.612172,30,231.604919,1.0,True,30,0,0,805.1332404613495,1087.4047861099243,5.936043643951416,805.1332404613495,completed
2823.751224,30,231.638323,1.0,True,30,0,0,768.213604927063,955.7006931304932,3.4841641743977863,768.213604927063,completed
2169.448011,30,231.671282,1.0,True,30,0,0,817.6792314052582,1090.0488171577454,11.84817918141683,817.6792314052582,completed
3199.495418,30,231.704658,1.0,True,30,0,0,626.7232394218445,784.115382194519,3.8657286326090494,626.7232394218445,completed
2765.274945,30,231.740949,1.0,True,30,0,0,823.2161808013916,1115.4304447174072,2.2303642908732098,823.2161808013916,completed
2924.539307,30,231.776727,1.0,True,30,0,0,670.9429824352264,930.835042476654,4.482939275105794,670.9429824352264,completed
2461.021345,30,231.811394,1.0,True,30,0,0,906.4786705970764,1124.8020930290222,5.8801525115966795,906.4786705970764,completed
2649.000341,30,231.845061,1.0,True,30,0,0,832.2179546356201,1095.5916194915771,4.858635075887045,832.2179546356201,completed
3222.031666,30,231.878706,1.0,True,30,0,0,717.621705532074,858.8373165130615,1.6279043833414713,717.621705532074,completed
3217.455951,30,231.911851,1.0,True,30,0,0,604.053300857544,736.5547180175781,3.8316979726155598,604.053300857544,completed
3128.096603,30,231.946177,1.0,True,30,0,0,668.1463358402252,917.0790457725525,1.3704774220784506,668.1463358402252,completed
2672.487255,30,231.979393,1.0,True,30,0,0,725.1569821834564,975.5651154518127,8.154948806762695,725.1569821834564,completed
1891.576168,30,232.012608,1.0,True,30,0,0,922.3640279769897,1398.525375366211,10.193791707356771,922.3640279769897,completed
2732.485968,30,232.045797,1.0,True,30,0,0,755.7574925422668,1039.4231977462769,4.844900321960449,755.7574925422668,completed
2859.540335,30,232.079139,1.0,True,30,0,0,782.8833689689636,1147.9981260299683,1.2988617579142252,782.8833689689636,completed
2840.139489,30,232.112353,1.0,True,30,0,0,663.3759120106697,857.7901970148087,6.887762451171875,663.3759120106697,completed
3158.683415,30,232.146153,1.0,True,30,0,0,717.918503165245,1027.7868030071259,0.0,717.918503165245,completed
2651.21673,30,232.180059,1.0,True,30,0,0,735.4697713851929,1045.6636600494385,5.87118968963623,735.4697713851929,completed
2185.859589,30,232.213703,1.0,True,30,0,0,925.3252367973328,1233.1424317359924,8.70814323425293,925.3252367973328,completed
3434.024879,30,232.247078,1.0,True,30,0,0,593.0326733589172,711.0248804092407,1.6338024775187174,593.0326733589172,completed
2855.860604,30,232.280496,1.0,True,30,0,0,847.4478278160095,972.6244974136353,3.5130625406901044,847.4478278160095,completed
1685.479851,30,232.314171,1.0,True,30,0,0,939.4306259155273,1262.2951393127441,15.538952000935872,939.4306259155273,completed
3428.767629,30,232.347224,1.0,True,30,0,0,693.3843283653259,766.8317203521729,0.11144803365071615,693.3843283653259,completed
2939.044995,30,232.380717,1.0,True,30,0,0,671.0113999843597,917.6529536247253,4.898831939697265,671.0113999843597,completed
3237.249561,30,232.414008,1.0,True,30,0,0,652.6100902557373,742.6930212974548,3.7370343526204426,652.6100902557373,completed
2705.015631,30,232.447619,1.0,True,30,0,0,839.110179901123,1254.5385255813599,0.9420980453491211,839.110179901123,completed
2666.725672,30,232.48106,1.0,True,30,0,0,713.3825478553772,954.8279962539673,6.248900063832601,713.3825478553772,completed
2468.373037,30,232.51396,1.0,True,30,0,0,842.0585927963257,1038.8933267593384,7.976819133758545,842.0585927963257,completed
3373.511213,30,232.548014,1.0,True,30,0,0,645.0078670978546,872.2582421302795,0.0,645.0078670978546,completed
1972.649276,30,232.581872,1.0,True,30,0,0,908.3341676592827,1301.0245212316513,10.770387506484985,908.3341676592827,completed
3336.665704,30,232.615902,1.0,True,30,0,0,669.3489279747009,753.0485830307007,1.7228583017985026,669.3489279747009,completed
1805.433432,30,232.649179,1.0,True,30,0,0,937.3959536552429,1286.7771654129028,13.52790190378825,937.3959536552429,completed
2415.944948,30,232.682162,1.0,True,30,0,0,782.5419675111771,1076.1147034168243,8.763394959767659,782.5419675111771,completed
2462.720042,30,232.716862,1.0,True,30,0,0,739.3603796958923,1060.7405261993408,8.697485860188802,739.3603796958923,completed
3380.293672,30,232.75073,1.0,True,30,0,0,637.7971067428589,831.5539855957031,0.2886446634928385,637.7971067428589,completed
2874.080367,30,232.783731,1.0,True,30,0,0,771.990462064743,1042.853952884674,3.5097668011983236,771.990462064743,completed
1783.514699,30,232.817532,1.0,True,30,0,0,880.1028127670288,1331.6518669128418,12.810109329223632,880.1028127670288,completed
2683.420732,30,232.851399,1.0,True,30,0,0,755.5665729045868,1020.7235140800476,6.007390975952148,755.5665729045868,completed
2532.738786,30,232.884839,1.0,True,30,0,0,783.424786567688,1097.7477226257324,6.411397457122803,783.424786567688,completed
1623.322244,30,232.918165,1.0,True,30,0,0,896.9492955207825,1272.9266424179077,15.554814529418945,896.9492955207825,completed
2486.312767,30,232.951928,1.0,True,30,0,0,807.819491147995,992.7728247642517,9.282423845926921,807.819491147995,completed
3351.612267,30,232.987469,1.0,True,30,0,0,623.4855706691742,812.6250872612,0.8401465733846029,623.4855706691742,completed
1608.137398,30,233.024264,1.0,True,30,0,0,997.4981939792633,1530.926210641861,10.489080905914307,997.4981939792633,completed
2351.135673,30,233.057428,1.0,True,30,0,0,773.9972763061523,1096.8487758636475,9.965538469950358,773.9972763061523,completed
1893.447575,30,234.33095,1.0,True,30,0,0,810.8335177898407,1260.1260011196136,12.56522855758667,810.8335177898407,completed
3211.350626,30,234.364724,1.0,True,30,0,0,704.8758940696716,839.3201713562012,2.2911941528320314,704.8758940696716,completed
1896.23924,30,234.398111,1.0,True,30,0,0,832.784086227417,1255.672116279602,12.797516345977783,832.784086227417,completed
3234.12542,30,234.43142,1.0,True,30,0,0,634.1193141937256,765.5492706298828,2.7216465632120768,634.1193141937256,completed
2577.707761,30,234.464772,1.0,True,30,0,0,702.8403458595276,942.7099919319153,9.31011734008789,702.8403458595276,completed
2363.850167,30,234.498619,1.0,True,30,0,0,879.3576231002808,1310.4386348724365,5.200879351298014,879.3576231002808,completed
2511.561733,30,234.531529,1.0,True,30,0,0,823.6233077049255,1141.7383995056152,6.389200719197591,823.6233077049255,completed
2936.407077,30,234.565296,1.0,True,30,0,0,683.2645030021667,871.2094926834106,5.255062993367513,683.2645030021667,completed
3150.665601,30,234.598538,1.0,True,30,0,0,711.9570169448853,881.3288898468018,2.0449735005696614,711.9570169448853,completed
2692.752086,30,234.632153,1.0,True,30,0,0,782.0314981937408,961.0896997451782,6.680505752563477,782.0314981937408,completed
3414.86553,30,234.667264,1.0,True,30,0,0,633.013573884964,703.3768124580383,1.693530527750651,633.013573884964,completed
1551.585365,30,234.701962,1.0,True,30,0,0,1202.7808752059937,1886.8322639465332,4.520510323842367,1202.7808752059937,completed
2508.835996,30,234.735753,1.0,True,30,0,0,791.4737516641617,1141.1015408039093,5.934467633565267,791.4737516641617,completed
2361.939762,30,234.769042,1.0,True,30,0,0,726.5397434234619,1050.5411987304688,11.10901788075765,726.5397434234619,completed
3219.538993,30,234.802122,1.0,True,30,0,0,674.6115357875824,838.4876818656921,2.4726272583007813,674.6115357875824,completed
2891.189949,30,234.836435,1.0,True,30,0,0,678.5128626823425,918.9727382659912,5.180538686116536,678.5128626823425,completed
2908.58806,30,234.869809,1.0,True,30,0,0,750.2247479707003,995.0603586733341,3.611844952901204,750.2247479707003,completed
1933.929503,30,234.903394,1.0,True,30,0,0,853.9654779434204,1302.0244097709656,11.94107265472412,853.9654779434204,completed
2253.716411,30,234.937101,1.0,True,30,0,0,860.9595202207565,1311.381243467331,6.369808483123779,860.9595202207565,completed
2887.704596,30,234.969988,1.0,True,30,0,0,740.764764547348,890.8578677177429,4.714881515502929,740.764764547348,completed
2952.368177,30,235.003636,1.0,True,30,0,0,662.0378084182739,906.095383644104,4.145070266723633,662.0378084182739,completed
1913.730888,30,235.042621,1.0,True,30,0,0,857.4692425727844,1336.4490361213684,11.19489377339681,857.4692425727844,completed
2791.681923,30,235.077358,1.0,True,30,0,0,729.5327668190002,989.9317116737366,5.444558906555176,729.5327668190002,completed
1366.367354,30,235.110903,1.0,True,30,0,0,1155.067792415619,1744.9345169067383,10.269400024414063,1155.067792415619,completed
3065.011753,30,235.145328,1.0,True,30,0,0,695.594292640686,863.6118488311768,3.5443106333414716,695.594292640686,completed
2294.475678,30,235.178997,1.0,True,30,0,0,827.4695062637329,1091.3537464141846,10.475891621907552,827.4695062637329,completed
2393.346215,30,235.212215,1.0,True,30,0,0,897.0245335102081,1261.3751578330994,5.015439860026041,897.0245335102081,completed
2682.84978,30,235.245722,1.0,True,30,0,0,742.801351249218,914.0164598226547,7.267521731058756,742.801351249218,completed
3533.834069,30,235.27909,1.0,True,30,0,0,580.2414025068283,680.4155957698822,1.0760655721028647,580.2414025068283,completed
2823.990738,30,235.312249,1.0,True,30,0,0,653.1220126152039,876.9514532089233,6.4914909362792965,653.1220126152039,completed
2330.650213,30,235.345372,1.0,True,30,0,0,878.7959196865559,1114.8139539361,9.346281433105469,878.7959196865559,completed
3126.273026,30,235.378145,1.0,True,30,0,0,645.5619339942932,822.4328517913818,3.778561274210612,645.5619339942932,completed
2953.578866,30,235.411889,1.0,True,30,0,0,721.838544845581,911.4758911132812,4.261575444539388,721.838544845581,completed
1828.955175,30,235.445839,1.0,True,30,0,0,997.850444316864,1402.7080965042114,10.822594197591146,997.850444316864,completed
3041.15085,30,235.479319,1.0,True,30,0,0,709.7650933265686,860.5448679924011,3.023178990681966,709.7650933265686,completed
1893.237678,30,235.512711,1.0,True,30,0,0,848.1544232368469,1213.193356513977,13.889282925923665,848.1544232368469,completed
3154.106725,30,235.546709,1.0,True,30,0,0,676.4319789409637,836.5341944694519,2.747441228230794,676.4319789409637,completed
2318.816448,30,235.579815,1.0,True,30,0,0,789.073525428772,1172.2136859893799,8.138406372070312,789.073525428772,completed
1950.87984,30,235.613529,1.0,True,30,0,0,873.7455983161926,1167.4435510635376,13.511414909362793,873.7455983161926,completed
3148.104316,30,235.647023,1.0,True,30,0,0,672.2915353775024,828.3892917633057,3.0382090250651044,672.2915353775024,completed
2832.92718,30,235.6802,1.0,True,30,0,0,787.0546789169312,1156.3407459259033,1.5477532068888347,787.0546789169312,completed
3268.907275,30,235.713537,1.0,True,30,0,0,714.8772702217102,929.242148399353,0.0,714.8772702217102,completed
3272.546914,30,235.747576,1.0,True,30,0,0,666.9112195968628,857.5963764190674,0.8991723378499349,666.9112195968628,completed
2985.677934,30,235.780452,1.0,True,30,0,0,659.6066957712173,838.6438720226288,4.850829823811849,659.6066957712173,completed
2986.15317,30,235.814009,1.0,True,30,0,0,754.8295292854309,1049.523325920105,1.2745575586954752,754.8295292854309,completed
2458.854722,30,235.848189,1.0,True,30,0,0,825.5838522911072,1200.1353931427002,5.7607672373453775,825.5838522911072,completed
2534.754365,30,235.881421,1.0,True,30,0,0,728.5296082496643,965.1705150604248,8.524005063374837,728.5296082496643,completed
2253.646871,30,235.914259,1.0,True,30,0,0,912.8699774742126,1208.1301717758179,8.161465899149578,912.8699774742126,completed
2847.606679,30,235.94762,1.0,True,30,0,0,721.9983940124512,874.5639748573303,5.869565200805664,721.9983940124512,completed
2952.203802,30,235.981323,1.0,True,30,0,0,777.2662281990051,966.5177145004272,2.7211162567138674,777.2662281990051,completed
2216.724343,30,236.014454,1.0,True,30,0,0,909.9518891572952,1268.2489397525787,7.703844833374023,909.9518891572952,completed
2658.454378,30,236.04779,1.0,True,30,0,0,703.8212566375732,1015.6828818321228,7.450028292338053,703.8212566375732,completed
1789.989788,30,236.081727,1.0,True,30,0,0,959.49374127388,1432.7978291511536,10.88727258046468,959.49374127388,completed
3032.989423,30,236.114945,1.0,True,30,0,0,685.1041016578674,831.1909170150757,3.9439684549967446,685.1041016578674,completed
2259.362419,30,236.148368,1.0,True,30,0,0,808.1524896621704,1127.6056575775146,8.922997728983562,808.1524896621704,completed
2360.788305,30,236.181652,1.0,True,30,0,0,797.6166431903839,1108.1697125434875,8.944250424702963,797.6166431903839,completed
2720.989309,30,236.214868,1.0,True,30,0,0,859.1455202102661,1348.6576175689697,0.0,859.1455202102661,completed
876.213635,30,236.24857,1.0,True,30,0,0,1094.9724712371826,1773.368658065796,17.26828931172689,1094.9724712371826,completed
2518.830223,30,236.282761,1.0,True,30,0,0,886.9638059139252,1149.4217438697815,5.493792915344239,886.9638059139252,completed
3077.748168,30,236.316167,1.0,True,30,0,0,724.8273005485535,815.075813293457,3.9295342763264975,724.8273005485535,completed
3046.341348,30,236.349701,1.0,True,30,0,0,699.6002881526947,871.6238398551941,3.6685375849405926,699.6002881526947,completed
2397.023074,30,236.383538,1.0,True,30,0,0,824.0887916088104,1121.2185463905334,7.419720840454102,824.0887916088104,completed
3440.751378,30,236.416498,1.0,True,30,0,0,584.1500850915909,692.7631947994232,1.528650951385498,584.1500850915909,completed
2746.511421,30,236.449625,1.0,True,30,0,0,840.5457804203033,1194.9019074440002,1.7461502075195312,840.5457804203033,completed
2540.125744,30,236.483309,1.0,True,30,0,0,788.4842128753662,1092.7500629425049,6.3293109893798825,788.4842128753662,completed
2026.207026,30,236.520872,1.0,True,30,0,0,864.6117849349976,1261.612223625183,11.454207611083984,864.6117849349976,completed
2762.877772,30,236.554695,1.0,True,30,0,0,814.14768409729,1063.2803592681885,3.733753712972005,814.14768409729,completed
3269.422339,30,236.587861,1.0,True,30,0,0,651.4300253987312,766.0560775995255,2.3676326751708983,651.4300253987312,completed
1877.028892,30,237.812221,1.0,True,30,0,0,1015.1153898239136,1400.4842681884766,9.889486312866211,1015.1153898239136,completed
2298.020662,30,237.847363,1.0,True,30,0,0,738.8529109954834,1020.7450332641602,11.34746758143107,738.8529109954834,completed
2226.455231,30,237.882664,1.0,True,30,0,0,852.9098901748657,1151.0952262878418,9.843234761555989,852.9098901748657,completed
3215.320347,30,237.917595,1.0,True,30,0,0,619.885365486145,815.4008846282959,2.263457679748535,619.885365486145,completed
2673.722643,30,237.952575,1.0,True,30,0,0,747.3468327522278,1025.4258337020874,5.7483473459879555,747.3468327522278,completed
2661.86729,30,237.988199,1.0,True,30,0,0,813.3203151226044,1188.1352534294128,3.5531956990559896,813.3203151226044,completed
3153.0999,30,238.029857,1.0,True,30,0,0,712.2774143218994,788.3339462280273,3.7061051686604816,712.2774143218994,completed
3214.439723,30,238.065576,1.0,True,30,0,0,662.5039057731628,758.3966631889343,2.8970267295837404,662.5039057731628,completed
3200.830178,30,238.101453,1.0,True,30,0,0,723.5990009307861,918.1370058059692,0.4176619211832682,723.5990009307861,completed
2841.163273,30,238.137494,1.0,True,30,0,0,768.9130582809448,926.2191910743713,5.8107963562011715,768.9130582809448,completed
2595.217872,30,238.172703,1.0,True,30,0,0,778.9309377670288,1090.2505292892456,5.969133059183757,778.9309377670288,completed
2508.702257,30,238.20869,1.0,True,30,0,0,825.1572895050049,1117.127269744873,6.456056213378906,825.1572895050049,completed
3241.493671,30,238.243784,1.0,True,30,0,0,676.2246284484863,924.1032228469849,0.5209667841593425,676.2246284484863,completed
1995.157582,30,238.278504,1.0,True,30,0,0,875.0869293212891,1323.7877206802368,10.727062797546386,875.0869293212891,completed
2850.982136,30,238.313716,1.0,True,30,0,0,772.7901446819305,1035.3737750053406,3.607210413614909,772.7901446819305,completed
2329.414886,30,238.348356,1.0,True,30,0,0,807.8762164115906,1109.1331357955933,8.930215581258137,807.8762164115906,completed
3079.742975,30,238.384099,1.0,True,30,0,0,679.5199382305145,871.0235795974731,3.3236520767211912,679.5199382305145,completed
2702.211543,30,238.419607,1.0,True,30,0,0,722.1634283065796,987.3660678863525,7.056462097167969,722.1634283065796,completed
3271.547997,30,238.454712,1.0,True,30,0,0,679.6676206588745,897.8329420089722,0.46725323994954426,679.6676206588745,completed
2308.815531,30,238.489994,1.0,True,30,0,0,942.4241361618042,1135.0283393859863,8.28664690653483,942.4241361618042,completed
2583.858264,30,238.524681,1.0,True,30,0,0,765.8044364452362,981.190797328949,7.455819956461588,765.8044364452362,completed
2511.456722,30,238.560012,1.0,True,30,0,0,872.6862845420837,1077.6771078109741,7.07477814356486,872.6862845420837,completed
3061.923788,30,238.595044,1.0,True,30,0,0,614.0841856002808,760.5079689025879,5.467782243092855,614.0841856002808,completed
2545.742802,30,238.630333,1.0,True,30,0,0,790.0155823230743,1129.4380450248718,5.547766653696696,790.0155823230743,completed
2130.9036,30,238.665575,1.0,True,30,0,0,851.8983850479126,1168.9634380340576,10.701626459757486,851.8983850479126,completed
2992.710637,30,238.701527,1.0,True,30,0,0,649.3711361885071,951.4528188705444,3.6011430104573567,649.3711361885071,completed
3095.26651,30,238.736299,1.0,True,30,0,0,703.4718049764633,831.1782848834991,3.13923823038737,703.4718049764633,completed
2808.185648,30,238.77209,1.0,True,30,0,0,760.0167760848999,960.5667562484741,4.986347579956055,760.0167760848999,completed
2512.343097,30,238.806857,1.0,True,30,0,0,765.5960130691528,1029.7683448791504,8.592568588256835,765.5960130691528,completed
2619.575687,30,238.842329,1.0,True,30,0,0,764.1357028484344,1119.3926179409027,4.760183525085449,764.1357028484344,completed
2785.686452,30,238.877584,1.0,True,30,0,0,688.877920627594,909.0648250579834,7.016924794514974,688.877920627594,completed
3354.846459,30,238.912499,1.0,True,30,0,0,599.3148822784424,729.9387483596802,2.5438664754231772,599.3148822784424,completed
2633.960967,30,238.947704,1.0,True,30,0,0,733.0982360839844,931.2078609466553,8.697524070739746,733.0982360839844,completed
3193.140762,30,238.98247,1.0,True,30,0,0,616.1725287437439,817.9175615310669,3.4574400583902993,616.1725287437439,completed
2736.671485,30,239.017498,1.0,True,30,0,0,717.7435462474823,978.4501948356628,6.27311954498291,717.7435462474823,completed
2555.388359,30,239.053246,1.0,True,30,0,0,792.3104417324066,1063.648934841156,6.986859130859375,792.3104417324066,completed
2178.59062,30,239.088539,1.0,True,30,0,0,807.7649054527283,1177.0244340896606,11.033725992838542,807.7649054527283,completed
1662.996818,30,239.123797,1.0,True,30,0,0,896.9235405921936,1322.7686052322388,15.23005986213684,896.9235405921936,completed
2498.71259,30,239.159533,1.0,True,30,0,0,764.6979584693909,1009.3625812530518,8.369496599833171,764.6979584693909,completed
2767.509339,30,239.194388,1.0,True,30,0,0,723.5072536468506,906.1519365310669,7.026986312866211,723.5072536468506,completed
3097.299451,30,239.230379,1.0,True,30,0,0,707.0967793464661,908.8044214248657,1.6459602991739908,707.0967793464661,completed
2775.324914,30,239.265148,1.0,True,30,0,0,775.8915908336639,1022.1611218452454,5.079381624857585,775.8915908336639,completed
1891.516205,30,239.299942,1.0,True,30,0,0,752.2505807876587,1078.7455825805664,16.508555094401043,752.2505807876587,completed
1086.919654,30,239.335294,1.0,True,30,0,0,1095.0167274475098,1544.0556449890137,17.12681833902995,1095.0167274475098,completed
2910.961464,30,239.370198,1.0,True,30,0,0,693.1671988368034,961.0039891004562,4.350563812255859,693.1671988368034,completed
2985.509538,30,239.405274,1.0,True,30,0,0,771.7648124694824,923.6016907691956,3.42449525197347,771.7648124694824,completed
2978.232608,30,239.440664,1.0,True,30,0,0,698.1558413505554,1015.5255279541016,2.5965967814127606,698.1558413505554,completed
2246.249838,30,239.476057,1.0,True,30,0,0,844.5545697212219,1204.4081201553345,8.619474792480469,844.5545697212219,completed
2811.496463,30,239.510948,1.0,True,30,0,0,866.9615862369537,1160.8585095405579,1.4397037506103516,866.9615862369537,completed
3085.748094,30,239.545734,1.0,True,30,0,0,725.5029039382935,930.2087526321411,2.5120089213053385,725.5029039382935,completed
1975.092119,30,239.581171,1.0,True,30,0,0,819.9512929916382,1259.511589050293,11.541239293416341,819.9512929916382,completed
3026.489688,30,239.616178,1.0,True,30,0,0,694.0860824584961,901.7525520324707,3.918847592671712,694.0860824584961,completed
3101.335973,30,239.650838,1.0,True,30,0,0,718.903701543808,946.4551320075989,1.603686014811198,718.903701543808,completed
2996.05301,30,239.685201,1.0,True,30,0,0,651.5132987499237,911.4362559318542,4.257652155558268,651.5132987499237,completed
2687.806622,30,239.720204,1.0,True,30,0,0,890.6218881607056,1147.1400842666626,2.682769203186035,890.6218881607056,completed
2434.195667,30,239.755202,1.0,True,30,0,0,833.994951248169,1242.6775341033936,5.30770123799642,833.994951248169,completed
2245.459685,30,239.790811,1.0,True,30,0,0,806.3320293426514,1151.647388458252,9.565482838948567,806.3320293426514,completed
2237.616772,30,239.825859,1.0,True,30,0,0,794.1345376968384,1133.2617683410645,9.738575998942057,794.1345376968384,completed
3292.331493,30,239.860164,1.0,True,30,0,0,549.3592392206192,669.4761211872101,4.360487174987793,549.3592392206192,completed
3124.361655,30,239.895582,1.0,True,30,0,0,707.551778793335,852.5763983726501,3.4712206522623696,707.551778793335,completed
2746.352746,30,239.930831,1.0,True,30,0,0,796.2614440917969,983.9093828201294,4.809834448496501,796.2614440917969,completed
2077.136578,30,239.965902,1.0,True,30,0,0,838.2794351577759,1177.9160594940186,11.986468251546224,838.2794351577759,completed
1066.721553,30,240.000745,1.0,True,30,0,0,992.111358165741,1504.2511777877808,20.472255611419676,992.111358165741,completed
2606.460188,30,240.035913,1.0,True,30,0,0,764.0388715267181,1112.2162976264954,5.527976036071777,764.0388715267181,completed
3305.903337,30,240.071395,1.0,True,30,0,0,711.5248494148254,845.6951508522034,0.5319514592488607,711.5248494148254,completed
3046.007857,30,240.10683,1.0,True,30,0,0,703.5097652673721,941.707083940506,2.766808191935221,703.5097652673721,completed
3057.334155,30,240.142324,1.0,True,30,0,0,704.2510085105896,872.3510828018188,3.0088174819946287,704.2510085105896,completed
926.49192,30,240.176954,1.0,True,30,0,0,966.5605411529541,1487.8645362854004,21.698679415384927,966.5605411529541,completed
2190.052344,30,241.458914,1.0,True,30,0,0,893.122473359108,1181.110443353653,9.497544733683268,893.122473359108,completed
2269.272391,30,241.495127,1.0,True,30,0,0,837.0100541114807,1182.6678371429443,9.543115933736166,837.0100541114807,completed
2935.19661,30,241.530351,1.0,True,30,0,0,792.9674320220947,1123.8566579818726,0.796343453725179,792.9674320220947,completed
3056.667115,30,241.566119,1.0,True,30,0,0,687.7259945869446,942.0180339813232,2.324624188741048,687.7259945869446,completed
3366.503181,30,241.601532,1.0,True,30,0,0,712.1144645214081,808.6628360748291,0.19498367309570314,712.1144645214081,completed
2841.965679,30,241.63683,1.0,True,30,0,0,690.6794543266296,863.2147846221924,6.901506423950195,690.6794543266296,completed
2928.517329,30,241.67156,1.0,True,30,0,0,801.7318391799927,1081.0094385147095,0.7722197532653808,801.7318391799927,completed
2514.643763,30,241.706466,1.0,True,30,0,0,779.2731764316559,979.865170955658,9.332344055175781,779.2731764316559,completed
2798.159723,30,241.74112,1.0,True,30,0,0,781.5455312728882,970.5419940948486,6.005279413859049,781.5455312728882,completed
3018.240882,30,241.775427,1.0,True,30,0,0,726.069854259491,866.3637008666992,3.968618901570638,726.069854259491,completed
3337.306547,30,241.810219,1.0,True,30,0,0,714.8119029998779,867.0966467857361,0.0,714.8119029998779,completed
2696.657287,30,241.845091,1.0,True,30,0,0,766.4884712696075,1105.0003638267517,4.5491538365681965,766.4884712696075,completed
2876.109763,30,241.880079,1.0,True,30,0,0,680.8170981407166,965.6893434524536,4.969028345743815,680.8170981407166,completed
2573.997874,30,241.914637,1.0,True,30,0,0,776.3835353851318,1146.8605246543884,6.143757120768229,776.3835353851318,completed
1713.362262,30,241.94995,1.0,True,30,0,0,996.1104347705841,1293.6059460639954,13.933415603637695,996.1104347705841,completed
2692.494852,30,241.985284,1.0,True,30,0,0,723.746541261673,1044.5720868110657,5.737132136027018,723.746541261673,completed
2768.637102,30,242.020076,1.0,True,30,0,0,835.1320376396179,1252.4954633712769,0.7923110961914063,835.1320376396179,completed
2881.205894,30,242.05526,1.0,True,30,0,0,726.9316320419312,1025.5172300338745,3.7427695592244468,726.9316320419312,completed
3291.593417,30,242.090226,1.0,True,30,0,0,703.1764576435089,915.0006442070007,0.0,703.1764576435089,completed
3455.870511,30,242.125155,1.0,True,30,0,0,564.7904342412949,649.5136592388153,2.263170051574707,564.7904342412949,completed
2339.206708,30,242.159742,1.0,True,30,0,0,832.9716653823853,1167.3005199432373,8.282995351155598,832.9716653823853,completed
2939.165456,30,242.194786,1.0,True,30,0,0,705.2572116851807,974.9334464073181,3.087557093302409,705.2572116851807,completed
2124.444045,30,242.229817,1.0,True,30,0,0,858.1930110454559,1262.6137022972107,8.196084594726562,858.1930110454559,completed
2394.664543,30,242.264609,1.0,True,30,0,0,899.030083656311,1390.4416542053223,3.4405264536539715,899.030083656311,completed
2163.163449,30,242.30042,1.0,True,30,0,0,937.9352717399597,1339.027940750122,7.019077555338542,937.9352717399597,completed
2741.401839,30,242.336078,1.0,True,30,0,0,729.6162784099579,1087.9467024803162,4.068117014567057,729.6162784099579,completed
2591.830165,30,242.372024,1.0,True,30,0,0,834.6134958267212,1220.034017086029,4.339405314127604,834.6134958267212,completed
3038.880611,30,242.406918,1.0,True,30,0,0,717.6341209411621,972.3103179931641,2.183292770385742,717.6341209411621,completed
2712.317124,30,242.441434,1.0,True,30,0,0,815.1070055961609,1014.2699270248413,5.465362548828125,815.1070055961609,completed
2738.213197,30,242.475608,1.0,True,30,0,0,684.5767197608948,911.0158586502075,7.815388774871826,684.5767197608948,completed
2617.545671,30,242.511126,1.0,True,30,0,0,724.7930600643158,946.8967623710632,9.183200899759928,724.7930600643158,completed
2983.943091,30,242.545807,1.0,True,30,0,0,715.1244897842407,948.7947072982788,3.5551339467366536,715.1244897842407,completed
3501.213919,30,242.58116,1.0,True,30,0,0,534.3556362390518,651.4056713581085,2.6104410171508787,534.3556362390518,completed
1774.994109,30,242.617005,1.0,True,30,0,0,943.0580565929413,1426.7030215263367,11.829962221781413,943.0580565929413,completed
3357.223055,30,242.652557,1.0,True,30,0,0,648.9157156944275,787.0960416793823,0.9603645006815592,648.9157156944275,completed
2823.833341,30,242.687831,1.0,True,30,0,0,717.8615446090698,924.5925579071045,6.223298645019531,717.8615446090698,completed
2771.922085,30,242.72294,1.0,True,30,0,0,738.5085453987122,976.5046987533569,5.513626988728841,738.5085453987122,completed
2861.360128,30,242.758366,1.0,True,30,0,0,709.854215323925,1003.0372031927109,4.656440321604411,709.854215323925,completed
2407.348088,30,242.79324,1.0,True,30,0,0,814.5894513130188,1052.0906138420105,9.443309434254964,814.5894513130188,completed
3084.84231,30,242.828395,1.0,True,30,0,0,715.6169548034668,831.0944619178772,4.443060143788656,715.6169548034668,completed
1941.330263,30,242.863132,1.0,True,30,0,0,920.17005610466,1307.6662030220032,11.468914667765299,920.17005610466,completed
1938.485221,30,242.898376,1.0,True,30,0,0,906.0976543426514,1164.0455598831177,13.45676784515381,906.0976543426514,completed
3292.503903,30,242.933293,1.0,True,30,0,0,580.83154296875,694.0026836395264,4.009903653462728,580.83154296875,completed
3159.879845,30,242.96855,1.0,True,30,0,0,727.7424902915955,888.5732145309448,2.0174020767211913,727.7424902915955,completed
2979.960429,30,243.006899,1.0,True,30,0,0,835.9942026138306,1019.0725040435791,1.1243882497151694,835.9942026138306,completed
2404.303874,30,243.044085,1.0,True,30,0,0,875.4795246124268,1227.4630613327026,6.086650721232096,875.4795246124268,completed
2198.220014,30,243.079384,1.0,True,30,0,0,934.043046951294,1221.183084487915,8.634212748209636,934.043046951294,completed
2625.785335,30,243.115462,1.0,True,30,0,0,824.3202669620514,1199.0657868385315,3.8441689809163413,824.3202669620514,completed
2463.841618,30,243.151366,1.0,True,30,0,0,842.1979067325592,1108.0070042610168,6.367198880513509,842.1979067325592,completed
3338.728429,30,243.186007,1.0,True,30,0,0,609.0753438472748,804.9379467964172,1.339910380045573,609.0753438472748,completed
1412.591616,30,243.221942,1.0,True,30,0,0,919.022341966629,1433.4247934818268,17.15379510720571,919.022341966629,completed
2931.143373,30,243.257185,1.0,True,30,0,0,736.8323910236359,955.6911177635193,3.258282709121704,736.8323910236359,completed
2795.104249,30,243.292434,1.0,True,30,0,0,788.4806940555573,1138.4560112953186,2.4917620340983073,788.4806940555573,completed
2335.901552,30,243.327601,1.0,True,30,0,0,725.5135765075684,991.0470094680786,10.977309862772623,725.5135765075684,completed
3571.990378,30,243.362238,1.0,True,30,0,0,611.0007810592651,666.5209856033325,0.38726781209309896,611.0007810592651,completed
2763.787429,30,243.397269,1.0,True,30,0,0,738.0504100322723,987.8067021369934,6.279915873209635,738.0504100322723,completed
2220.163106,30,243.432458,1.0,True,30,0,0,783.602011680603,1040.3780708312988,13.087663491566977,783.602011680603,completed
2408.010645,30,243.468106,1.0,True,30,0,0,751.9982988834381,1049.7037720680237,9.685270436604817,751.9982988834381,completed
2313.564132,30,243.502783,1.0,True,30,0,0,889.5107469558716,1122.1447324752808,8.972836907704671,889.5107469558716,completed
3350.763729,30,243.537705,1.0,True,30,0,0,649.6680481433868,845.0432705879211,0.41479740142822263,649.6680481433868,completed
3157.774269,30,243.572719,1.0,True,30,0,0,650.6526622772217,810.5214557647705,3.4210088729858397,650.6526622772217,completed
2810.687789,30,243.607706,1.0,True,30,0,0,804.3811187744141,1013.7839260101318,3.9420203526814777,804.3811187744141,completed
2432.985204,30,243.642088,1.0,True,30,0,0,933.6566321849823,1345.318368434906,2.8661768595377604,933.6566321849823,completed
3001.880756,30,243.677005,1.0,True,30,0,0,681.724142074585,875.1459121704102,4.9404042561848955,681.724142074585,completed
2661.223502,30,243.712034,1.0,True,30,0,0,764.5204086303711,1103.6820168495178,5.183567237854004,764.5204086303711,completed
2973.148306,30,243.747158,1.0,True,30,0,0,787.5747472047806,942.3487017154694,3.5453879038492837,787.5747472047806,completed
3135.206521,30,243.782502,1.0,True,30,0,0,734.0089015960693,937.0487976074219,1.477241007486979,734.0089015960693,completed
3068.387299,30,243.819979,1.0,True,30,0,0,696.7584257125854,864.4558553695679,3.8776034037272136,696.7584257125854,completed
3485.574061,30,245.034347,1.0,True,30,0,0,568.7961337566376,768.1665632724762,0.386083984375,568.7961337566376,completed
3385.502664,30,245.07025,1.0,True,30,0,0,596.6576237678528,732.299277305603,2.0162259419759114,596.6576237678528,completed
2117.599288,30,245.105711,1.0,True,30,0,0,867.8303604125977,1232.7467937469482,9.178017044067383,867.8303604125977,completed
3153.163846,30,245.141265,1.0,True,30,0,0,718.6339354515076,846.0792684555054,2.166143290201823,718.6339354515076,completed
827.775307,30,245.176184,1.0,True,30,0,0,1135.6863560676575,1870.4964151382446,16.30444704691569,1135.6863560676575,completed
2286.609737,30,245.211856,1.0,True,30,0,0,823.729501247406,1153.478585243225,8.672101974487305,823.729501247406,completed
2795.285874,30,245.246896,1.0,True,30,0,0,776.0993613004684,994.3104979991913,4.838549359639486,776.0993613004684,completed
2922.851782,30,245.281774,1.0,True,30,0,0,698.062420129776,885.3894505500793,5.906372833251953,698.062420129776,completed
2993.685886,30,245.31715,1.0,True,30,0,0,837.7071533203125,953.1502590179443,1.6704089482625326,837.7071533203125,completed
2380.669625,30,245.352027,1.0,True,30,0,0,830.163546204567,1101.0719892978668,8.00088431040446,830.163546204567,completed
3096.599984,30,245.388656,1.0,True,30,0,0,630.3643715381622,793.4468464851379,4.5398310343424475,630.3643715381622,completed
2462.491957,30,245.423979,1.0,True,30,0,0,924.6223745346069,1235.1401023864746,4.0680084228515625,924.6223745346069,completed
3424.784173,30,245.45961,1.0,True,30,0,0,638.2977404594421,742.2340841293335,1.179661496480306,638.2977404594421,completed
2571.017522,30,245.494109,1.0,True,30,0,0,788.63871717453,968.4255237579346,6.425519529978434,788.63871717453,completed
3047.349669,30,245.528929,1.0,True,30,0,0,700.524142742157,957.0488004684448,2.493036079406738,700.524142742157,completed
2154.118255,30,245.564119,1.0,True,30,0,0,871.2462618350983,1245.1910462379456,9.140397278467814,871.2462618350983,completed
1997.472697,30,245.599539,1.0,True,30,0,0,904.6537654399872,1207.2182784080505,12.113248952229817,904.6537654399872,completed
2878.272098,30,245.634151,1.0,True,30,0,0,775.2777967453003,965.9410781860352,3.5671006361643474,775.2777967453003,completed
2755.813022,30,245.668629,1.0,True,30,0,0,739.5750439167023,1020.1615068912506,4.137738227844238,739.5750439167023,completed
2401.161018,30,245.703682,1.0,True,30,0,0,743.0530347824097,1036.9394626617432,9.706229209899902,743.0530347824097,completed
3108.758561,30,245.738349,1.0,True,30,0,0,763.1194381713867,939.7103385925293,0.7448067347208659,763.1194381713867,completed
2852.56309,30,245.773455,1.0,True,30,0,0,734.9011583328247,1064.8883275985718,3.0019842465718587,734.9011583328247,completed
1894.459413,30,245.807836,1.0,True,30,0,0,869.3517780303955,1360.1653852462769,10.129126612345377,869.3517780303955,completed
1061.620697,30,245.843048,1.0,True,30,0,0,1021.3613678216934,1490.4968655109406,19.68359883626302,1021.3613678216934,completed
2974.567342,30,245.878356,1.0,True,30,0,0,707.0022439956665,898.4858074188232,4.714948717753092,707.0022439956665,completed
3233.757077,30,245.913799,1.0,True,30,0,0,706.6557283401489,919.6597127914429,0.4270633697509766,706.6557283401489,completed
3332.234214,30,245.948936,1.0,True,30,0,0,613.3108139038086,809.5284900665283,1.3216326395670572,613.3108139038086,completed
2849.660986,30,245.984337,1.0,True,30,0,0,763.1958742141724,1077.1987738609314,2.958380635579427,763.1958742141724,completed
2983.193558,30,246.018942,1.0,True,30,0,0,701.2439935207367,884.6079361438751,4.0498552719752,701.2439935207367,completed
2919.562818,30,246.054525,1.0,True,30,0,0,722.4200391769409,903.7167549133301,4.54827880859375,722.4200391769409,completed
2646.023303,30,246.089546,1.0,True,30,0,0,734.3983697891235,1062.8901934623718,6.485974375406901,734.3983697891235,completed
2318.401488,30,246.124762,1.0,True,30,0,0,801.3526322841644,1085.6525101661682,10.02615286509196,801.3526322841644,completed
2891.881769,30,246.159925,1.0,True,30,0,0,698.345067024231,963.4737224578857,4.154834938049317,698.345067024231,completed
2172.848464,30,246.19478,1.0,True,30,0,0,807.7300281524658,1278.7897109985352,8.43074728647868,807.7300281524658,completed
3040.018187,30,246.228785,1.0,True,30,0,0,664.7742202281952,847.4264018535614,4.565803972880046,664.7742202281952,completed
1814.523969,30,246.264001,1.0,True,30,0,0,1023.6888320446014,1398.090024471283,10.056061744689941,1023.6888320446014,completed
2802.367399,30,246.298567,1.0,True,30,0,0,683.7669909000397,910.6319088935852,7.177955118815104,683.7669909000397,completed
2604.599201,30,246.332641,1.0,True,30,0,0,740.2295913696289,1012.0717668533325,6.799735005696615,740.2295913696289,completed
3031.421361,30,246.367345,1.0,True,30,0,0,709.962043762207,960.7117266654968,2.596975231170654,709.962043762207,completed
2027.582158,30,246.401753,1.0,True,30,0,0,821.672278881073,1201.284384727478,12.5500275293986,821.672278881073,completed
2926.386397,30,246.436645,1.0,True,30,0,0,751.9090352058411,940.2328042984009,3.8868682861328123,751.9090352058411,completed
1325.785739,30,246.471404,1.0,True,30,0,0,1036.2887825965881,1554.5477619171143,13.957307561238606,1036.2887825965881,completed
2995.404665,30,246.506586,1.0,True,30,0,0,682.8989639282227,861.1566467285156,4.459727414449056,682.8989639282227,completed
2588.053823,30,246.540897,1.0,True,30,0,0,777.3554954528809,985.620020866394,7.605847613016764,777.3554954528809,completed
2864.326106,30,246.575942,1.0,True,30,0,0,681.112955570221,914.8587121963501,6.094358952840169,681.112955570221,completed
3084.062885,30,246.611297,1.0,True,30,0,0,677.9731547832489,803.8081042766571,4.916071796417237,677.9731547832489,completed
3001.643706,30,246.646761,1.0,True,30,0,0,680.328893661499,885.2883977890015,4.355695343017578,680.328893661499,completed
2300.447139,30,246.681353,1.0,True,30,0,0,1006.3697111606598,1526.5497689247131,1.4421048164367676,1006.3697111606598,completed
3391.884404,30,246.715524,1.0,True,30,0,0,624.2291553020477,746.3762946128845,0.542736307779948,624.2291553020477,completed
2653.858079,30,246.750293,1.0,True,30,0,0,706.1144547462463,906.3051156997681,8.258960342407226,706.1144547462463,completed
2514.676666,30,246.785243,1.0,True,30,0,0,780.914585351944,1074.5956082344055,7.578656895955404,780.914585351944,completed
3404.414508,30,246.820526,1.0,True,30,0,0,610.3313544392586,812.5599447488785,0.5095123291015625,610.3313544392586,completed
3368.95786,30,246.855001,1.0,True,30,0,0,602.7544357776642,741.6140751838684,1.6435665925343832,602.7544357776642,completed
2993.267222,30,246.890232,1.0,True,30,0,0,703.4288470745087,910.3807184696198,4.220944658915202,703.4288470745087,completed
3266.682379,30,246.925559,1.0,True,30,0,0,533.1515151262283,683.9397876262665,4.684882418314616,533.1515151262283,completed
2632.627618,30,246.960637,1.0,True,30,0,0,784.8180196285248,1059.429524898529,5.851818211873373,784.8180196285248,completed
2723.950828,30,246.995004,1.0,True,30,0,0,793.2204027175903,1044.90873336792,4.928622055053711,793.2204027175903,completed
2706.61398,30,247.029246,1.0,True,30,0,0,784.1624419689178,1019.6839175224304,6.1872707525889075,784.1624419689178,completed
3303.637616,30,247.064252,1.0,True,30,0,0,681.6569356918335,853.5110521316528,0.725101089477539,681.6569356918335,completed
2701.589943,30,247.099968,1.0,True,30,0,0,798.248236656189,1040.459617614746,4.499258931477865,798.248236656189,completed
2233.727445,30,247.135297,1.0,True,30,0,0,674.6050202846527,979.7843363285065,14.645779546101888,674.6050202846527,completed
2970.121782,30,247.170599,1.0,True,30,0,0,673.8373804092407,976.2056827545166,2.862492307027181,673.8373804092407,completed
1723.560151,30,247.205781,1.0,True,30,0,0,1012.5804314613342,1557.2668628692627,9.181634012858073,1012.5804314613342,completed
3090.734839,30,247.240692,1.0,True,30,0,0,685.38616502285,984.516847372055,1.8344154993693034,685.38616502285,completed
1506.5563,30,247.275367,1.0,True,30,0,0,1051.2571234703064,1582.5044660568237,11.948908551534016,1051.2571234703064,completed
2853.162202,30,247.310313,1.0,True,30,0,0,793.3372960090637,998.6598501205444,4.038493092854818,793.3372960090637,completed
3333.011143,30,247.34535,1.0,True,30,0,0,659.494288444519,794.8723411560059,1.115545145670573,659.494288444519,completed
2974.290811,30,247.380505,1.0,True,30,0,0,672.4604289531708,903.1275305747986,4.146544138590495,672.4604289531708,completed
2221.46562,30,247.415686,1.0,True,30,0,0,781.3663005828857,1097.2823677062988,10.378399912516276,781.3663005828857,completed
2830.053108,30,248.70851,1.0,True,30,0,0,818.0652194023132,1116.7300443649292,2.0117451985677084,818.0652194023132,completed
2253.780026,30,248.744325,1.0,True,30,0,0,911.2088356018066,1400.7273364067078,5.061576716105143,911.2088356018066,completed
1830.743938,30,248.779873,1.0,True,30,0,0,1024.6105375289917,1398.4035778045654,10.187430063883463,1024.6105375289917,completed
2332.916032,30,248.815024,1.0,True,30,0,0,825.646055996418,1106.7752109766006,8.737393379211426,825.646055996418,completed
2615.959891,30,248.850331,1.0,True,30,0,0,810.2176804542542,1026.0601224899292,6.904056104024251,810.2176804542542,completed
2971.607345,30,248.885246,1.0,True,30,0,0,797.9242391586304,1007.011369228363,2.2820934295654296,797.9242391586304,completed
3046.807426,30,248.920685,1.0,True,30,0,0,648.2432813644409,857.2241487503052,4.021667353312174,648.2432813644409,completed
2791.421322,30,248.956622,1.0,True,30,0,0,774.3878003358841,999.4973604679108,5.241648356119792,774.3878003358841,completed
2895.69773,30,248.991463,1.0,True,30,0,0,763.4766590595245,995.1575226783752,3.2757166544596354,763.4766590595245,completed
2848.018227,30,249.027283,1.0,True,30,0,0,702.7736325263977,919.1276521682739,5.654619598388672,702.7736325263977,completed
2308.395354,30,249.062286,1.0,True,30,0,0,828.3180875182152,1239.9649475812912,7.510872522989909,828.3180875182152,completed
2554.018873,30,249.096919,1.0,True,30,0,0,788.5065689086914,1196.6221408843994,4.609880510965983,788.5065689086914,completed
2563.037549,30,249.132023,1.0,True,30,0,0,819.1292510032654,1076.8475885391235,6.765875879923502,819.1292510032654,completed
3071.984011,30,249.167568,1.0,True,30,0,0,716.0932765007019,929.1276545524597,2.4386600494384765,716.0932765007019,completed
2883.383396,30,249.202512,1.0,True,30,0,0,771.5296361446381,917.1781301498413,5.246714655558268,771.5296361446381,completed
2570.40371,30,249.236543,1.0,True,30,0,0,716.4968321323395,1017.2409629821777,8.345552190144856,716.4968321323395,completed
2294.290577,30,249.27244,1.0,True,30,0,0,837.0162016153336,1125.5632359981537,8.923002370198567,837.0162016153336,completed
3400.409288,30,249.307277,1.0,True,30,0,0,591.0582449436188,717.5929260253906,1.2600591023763021,591.0582449436188,completed
3372.335711,30,249.342461,1.0,True,30,0,0,653.2437922954559,785.5156359672546,1.1108469009399413,653.2437922954559,completed
2944.191891,30,249.377959,1.0,True,30,0,0,783.4820737838745,1149.19553565979,0.2767295837402344,783.4820737838745,completed
3209.966205,30,249.412811,1.0,True,30,0,0,675.8522617816925,824.1277871131897,2.883031209309896,675.8522617816925,completed
2496.67478,30,249.448226,1.0,True,30,0,0,852.6348733901978,1215.972906112671,4.152901649475098,852.6348733901978,completed
2842.169922,30,249.48301,1.0,True,30,0,0,761.994786977768,970.643304347992,5.048759524027506,761.994786977768,completed
2746.623163,30,249.517922,1.0,True,30,0,0,745.5127997398376,1064.2309370040894,4.673585446675618,745.5127997398376,completed
3169.411948,30,249.552645,1.0,True,30,0,0,623.983824968338,830.2101578712463,3.5494430541992186,623.983824968338,completed
2827.956248,30,249.588216,1.0,True,30,0,0,766.7924151420593,969.4479990005493,4.426258405049642,766.7924151420593,completed
3035.784551,30,249.62332,1.0,True,30,0,0,650.7810789942741,888.349417090416,4.442707379659017,650.7810789942741,completed
2404.016859,30,249.658477,1.0,True,30,0,0,803.532829284668,1056.5388317108154,9.111178811391195,803.532829284668,completed
2287.459516,30,249.693873,1.0,True,30,0,0,916.7954125404358,1203.4579420089722,8.060991668701172,916.7954125404358,completed
2552.500525,30,249.729141,1.0,True,30,0,0,731.7146196365356,1015.7500839233398,8.51909351348877,731.7146196365356,completed
2813.038743,30,249.763721,1.0,True,30,0,0,738.5544266700745,953.1850805282593,5.2554168701171875,738.5544266700745,completed
2514.493102,30,249.798632,1.0,True,30,0,0,805.3060673475266,1007.3838927745819,8.570016264915466,805.3060673475266,completed
2440.146199,30,249.833185,1.0,True,30,0,0,817.1520110368729,1105.4168169498444,7.06006825764974,817.1520110368729,completed
3049.805402,30,249.868926,1.0,True,30,0,0,667.8951551914215,854.3183975219727,3.4117877960205076,667.8951551914215,completed
2196.873605,30,249.904033,1.0,True,30,0,0,868.6242768764496,1260.8415093421936,7.750436147054036,868.6242768764496,completed
2126.708838,30,249.940131,1.0,True,30,0,0,905.7984356880188,1267.913372039795,8.835123189290364,905.7984356880188,completed
3009.796315,30,249.979816,1.0,True,30,0,0,720.8101894855499,1003.115002155304,2.071517817179362,720.8101894855499,completed
2814.730807,30,250.014557,1.0,True,30,0,0,741.9655900001526,928.2475996017456,5.650291315714518,741.9655900001526,completed
2329.804695,30,250.049076,1.0,True,30,0,0,805.5710911750793,1088.4233102798462,10.15978349049886,805.5710911750793,completed
3164.189848,30,250.084518,1.0,True,30,0,0,632.188470363617,758.4531469345093,3.619976806640625,632.188470363617,completed
2417.177235,30,250.119818,1.0,True,30,0,0,843.385418176651,1094.3861413002014,8.632779312133788,843.385418176651,completed
3223.879542,30,250.1553,1.0,True,30,0,0,688.8424797058105,842.7196102142334,1.3470566431681315,688.8424797058105,completed
2666.231925,30,250.190588,1.0,True,30,0,0,787.9581162929535,921.7664923667908,7.367501052220662,787.9581162929535,completed
2704.047418,30,250.225186,1.0,True,30,0,0,822.7729978561401,979.137035369873,5.337300745646159,822.7729978561401,completed
2744.788654,30,250.260306,1.0,True,30,0,0,803.2573347091675,1060.9519424438477,3.7701634724934894,803.2573347091675,completed
2995.625767,30,250.294637,1.0,True,30,0,0,684.3563876152039,934.6227207183838,4.344590123494466,684.3563876152039,completed
3107.335658,30,250.329259,1.0,True,30,0,0,661.1868511140347,838.0267674326897,3.6520464579264322,661.1868511140347,completed
2339.210863,30,250.364877,1.0,True,30,0,0,939.096531867981,1296.1497173309326,4.859442138671875,939.096531867981,completed
1931.993341,30,250.399393,1.0,True,30,0,0,956.299898147583,1188.4313488006592,12.615870602925618,956.299898147583,completed
2551.879317,30,250.434696,1.0,True,30,0,0,798.8640315532684,1147.3889565467834,5.444573529561361,798.8640315532684,completed
2457.010316,30,250.469712,1.0,True,30,0,0,761.5508669614792,1040.3099944591522,9.361969502766927,761.5508669614792,completed
3347.111724,30,250.505172,1.0,True,30,0,0,715.9152655601501,814.6684074401855,0.3700644810994466,715.9152655601501,completed
3419.049297,30,250.540022,1.0,True,30,0,0,632.7359247207642,751.8219976425171,0.7384158452351888,632.7359247207642,completed
3034.131426,30,250.574925,1.0,True,30,0,0,682.9847843647003,851.3632912635803,4.826301383972168,682.9847843647003,completed
2610.943035,30,250.609891,1.0,True,30,0,0,715.7569046020508,917.8214340209961,9.083320744832356,715.7569046020508,completed
3053.574761,30,250.64505,1.0,True,30,0,0,739.4028148651123,949.9143180847168,2.547963333129883,739.4028148651123,completed
2744.491427,30,250.679656,1.0,True,30,0,0,817.3264933824539,1001.852194070816,5.551254399617513,817.3264933824539,completed
2485.133535,30,250.714348,1.0,True,30,0,0,758.9161744713783,1034.305626988411,8.613009516398112,758.9161744713783,completed
2415.984035,30,250.749169,1.0,True,30,0,0,770.3969404697418,1036.8265843391418,9.187809292475382,770.3969404697418,completed
3043.550224,30,250.784472,1.0,True,30,0,0,759.753321647644,926.9575748443604,2.932407506306966,759.753321647644,completed
1830.415919,30,250.81962,1.0,True,30,0,0,913.7859058380127,1382.362871170044,11.178556315104167,913.7859058380127,completed
3398.413902,30,250.856182,1.0,True,30,0,0,646.0075860023499,805.5955591201782,0.38044052124023436,646.0075860023499,completed
3078.977911,30,250.893756,1.0,True,30,0,0,603.2689213752747,865.7303609848022,3.7792889912923178,603.2689213752747,completed
2816.80417,30,250.929385,1.0,True,30,0,0,724.0180087089539,966.6934537887573,5.507037099202474,724.0180087089539,completed
3001.924667,30,250.965809,1.0,True,30,0,0,688.4697179794312,943.6270265579224,2.3667295455932615,688.4697179794312,completed
3338.086483,30,251.001033,1.0,True,30,0,0,690.5705065727234,778.8861436843872,1.429940923055013,690.5705065727234,completed
2569.228244,30,251.036451,1.0,True,30,0,0,752.8098015785217,939.3608808517456,8.596481768290202,752.8098015785217,completed
2862.541486,30,251.071269,1.0,True,30,0,0,704.8727487325668,994.4399802684784,4.010848108927409,704.8727487325668,completed
3133.770411,30,252.3517,1.0,True,30,0,0,722.9314193725586,888.5478038787842,2.084469223022461,722.9314193725586,completed
2269.168923,30,252.387257,1.0,True,30,0,0,762.4141843318939,1018.7826418876648,12.462027676900227,762.4141843318939,completed
2369.590458,30,252.422606,1.0,True,30,0,0,842.0288970470428,1297.5564608573914,5.714668273925781,842.0288970470428,completed
3112.623414,30,252.45851,1.0,True,30,0,0,744.3140158653259,921.7162656784058,2.031671396891276,744.3140158653259,completed
2153.233265,30,252.493944,1.0,True,30,0,0,831.0896492004395,1090.4543943405151,12.393551858266195,831.0896492004395,completed
2268.995603,30,252.52921,1.0,True,30,0,0,970.0058333873749,1407.3377575874329,4.515489387512207,970.0058333873749,completed
3027.526547,30,252.563978,1.0,True,30,0,0,685.2113423347473,901.1548528671265,4.001271820068359,685.2113423347473,completed
2359.614263,30,252.599028,1.0,True,30,0,0,855.9185203313828,1173.675598859787,7.596524429321289,855.9185203313828,completed
1569.813516,30,252.636387,1.0,True,30,0,0,907.8539147377014,1442.7967548370361,14.473295084635417,907.8539147377014,completed
2853.385436,30,252.673405,1.0,True,30,0,0,673.9792973995209,892.7890527248383,7.1693171183268225,673.9792973995209,completed
2964.226216,30,252.707662,1.0,True,30,0,0,644.7775537967682,871.7976155281067,5.582164573669433,644.7775537967682,completed
2229.660833,30,252.742894,1.0,True,30,0,0,876.8510372638702,1267.512421131134,7.832748031616211,876.8510372638702,completed
2948.879269,30,252.778841,1.0,True,30,0,0,710.044741153717,950.8216505050659,4.153167851765951,710.044741153717,completed
2949.473471,30,252.816767,1.0,True,30,0,0,735.3849220275879,902.1043310165405,4.366346867879232,735.3849220275879,completed
2531.249686,30,252.853443,1.0,True,30,0,0,907.149970293045,1346.1041646003723,1.8957625071207682,907.149970293045,completed
2674.519809,30,252.889051,1.0,True,30,0,0,753.1731452941895,1023.390754699707,6.547441228230794,753.1731452941895,completed
2767.110992,30,252.924973,1.0,True,30,0,0,850.4376134872437,1131.502420425415,2.0495629628499348,850.4376134872437,completed
2346.628503,30,252.960093,1.0,True,30,0,0,789.9545731544495,1119.7820863723755,9.043974304199219,789.9545731544495,completed
2145.718808,30,252.995439,1.0,True,30,0,0,916.9138760566711,1320.901240348816,7.019025039672852,916.9138760566711,completed
2728.560985,30,253.035657,1.0,True,30,0,0,765.7278256416321,1004.5141878128052,5.450611877441406,765.7278256416321,completed
2940.410258,30,253.073518,1.0,True,30,0,0,665.1876101493835,824.4514265060425,5.809676774342855,665.1876101493835,completed
1626.873124,30,253.109127,1.0,True,30,0,0,976.4303619861603,1401.8446621894836,13.587325509389242,976.4303619861603,completed
1629.046537,30,253.144597,1.0,True,30,0,0,926.554536819458,1520.2729797363281,10.628674379984538,926.554536819458,completed
2125.536428,30,253.179281,1.0,True,30,0,0,976.7771530151367,1584.4268474578857,3.1754624684651693,976.7771530151367,completed
1787.038546,30,253.214672,1.0,True,30,0,0,944.8480110168457,1439.356915473938,10.129334004720052,944.8480110168457,completed
2523.177793,30,253.249222,1.0,True,30,0,0,832.0467710494995,1005.5502405166626,8.191481335957844,832.0467710494995,completed
3616.546701,30,253.284583,1.0,True,30,0,0,586.0113935470581,683.4967842102051,0.0,586.0113935470581,completed
2217.854049,30,253.32002,1.0,True,30,0,0,814.5464987754822,1296.2569036483765,7.292257626851399,814.5464987754822,completed
3104.990946,30,253.35476,1.0,True,30,0,0,715.9305447340012,882.13623213768,2.7516812006632487,715.9305447340012,completed
2467.23272,30,253.391491,1.0,True,30,0,0,785.1516904830933,1122.6337761878967,7.862985197703043,785.1516904830933,completed
3198.986019,30,253.426219,1.0,True,30,0,0,659.043794631958,884.2698984146118,1.714846928914388,659.043794631958,completed
3188.533185,30,253.460987,1.0,True,30,0,0,744.7832636833191,985.997142791748,0.0,744.7832636833191,completed
2996.544224,30,253.496261,1.0,True,30,0,0,745.0216526985168,945.2501726150513,2.694459915161133,745.0216526985168,completed
2778.203331,30,253.531414,1.0,True,30,0,0,777.2836005687714,1027.5914268493652,4.917932319641113,777.2836005687714,completed
2152.461936,30,253.566229,1.0,True,30,0,0,900.5101730823517,1261.9064574241638,7.7355809529622395,900.5101730823517,completed
2912.638421,30,253.601396,1.0,True,30,0,0,673.9592478275299,887.7914357185364,5.023590850830078,673.9592478275299,completed
2957.374765,30,253.636692,1.0,True,30,0,0,731.9894495010376,907.2338218688965,4.174572690327962,731.9894495010376,completed
2328.272412,30,253.671812,1.0,True,30,0,0,896.722825050354,1186.595175743103,7.4739866574605305,896.722825050354,completed
2981.472303,30,253.707042,1.0,True,30,0,0,704.3914843797684,887.0088813304901,4.00305061340332,704.3914843797684,completed
3188.959552,30,253.742259,1.0,True,30,0,0,671.8534064292908,899.7073278427124,1.8875057220458984,671.8534064292908,completed
1246.729463,30,253.777794,1.0,True,30,0,0,974.8544940948486,1504.225570678711,16.811828549702962,974.8544940948486,completed
3327.472332,30,253.812588,1.0,True,30,0,0,688.1167734861374,773.0053050518036,0.9058628082275391,688.1167734861374,completed
2837.395566,30,253.847214,1.0,True,30,0,0,725.2430944442749,880.7579255104065,6.7270809809366865,725.2430944442749,completed
2245.891225,30,253.882474,1.0,True,30,0,0,822.0832631587982,1190.3942065238953,7.8570864995320635,822.0832631587982,completed
3024.227441,30,253.917407,1.0,True,30,0,0,770.0560474395752,898.7039399147034,3.2527432759602863,770.0560474395752,completed
3092.127704,30,253.952526,1.0,True,30,0,0,693.3484306335449,903.741325378418,2.37912966410319,693.3484306335449,completed
3116.575542,30,253.987553,1.0,True,30,0,0,609.7339816093445,757.5770711898804,5.07082150777181,609.7339816093445,completed
3293.430892,30,254.022164,1.0,True,30,0,0,709.4094047546387,883.9642705917358,0.05937945048014323,709.4094047546387,completed
2900.251273,30,254.056435,1.0,True,30,0,0,708.3817291259766,933.2272834777832,5.302827962239584,708.3817291259766,completed
2940.368554,30,254.091188,1.0,True,30,0,0,741.5283055305481,884.448561668396,5.61368408203125,741.5283055305481,completed
3046.680932,30,254.127745,1.0,True,30,0,0,721.1477491855621,922.8911118507385,2.5075032552083334,721.1477491855621,completed
2889.333043,30,254.163326,1.0,True,30,0,0,647.2386418581009,910.0443193912506,5.2712503433227536,647.2386418581009,completed
2743.194418,30,254.198506,1.0,True,30,0,0,741.2424321174622,1032.262770652771,5.359517923990885,741.2424321174622,completed
1912.00254,30,254.233639,1.0,True,30,0,0,919.220941066742,1392.9584646224976,7.903509744008383,919.220941066742,completed
3316.022947,30,254.268586,1.0,True,30,0,0,660.5432062149048,793.5096759796143,1.4131747563680013,660.5432062149048,completed
2367.790735,30,254.303609,1.0,True,30,0,0,796.6150496006012,1095.9286217689514,7.395312515894572,796.6150496006012,completed
2945.448575,30,254.338503,1.0,True,30,0,0,641.9346325397491,789.5413861274719,7.431585343678792,641.9346325397491,completed
2301.651322,30,254.374076,1.0,True,30,0,0,879.9936609268188,1310.5833048820496,6.228514099121094,879.9936609268188,completed
2881.512988,30,254.411772,1.0,True,30,0,0,767.0010251998901,931.0087804794312,4.236278978983561,767.0010251998901,completed
2794.645881,30,254.449941,1.0,True,30,0,0,818.2753896713257,1266.9173564910889,0.26299654642740883,818.2753896713257,completed
2696.041935,30,254.484251,1.0,True,30,0,0,840.0544075965881,1254.9951639175415,1.4905123392740884,840.0544075965881,completed
1386.932607,30,254.519089,1.0,True,30,0,0,995.6590151786804,1490.3043279647827,14.938953717549643,995.6590151786804,completed
2878.257504,30,254.554331,1.0,True,30,0,0,808.4551477432251,930.4405393600464,4.303080240885417,808.4551477432251,completed
2441.218295,30,254.589448,1.0,True,30,0,0,726.6612513065338,1031.632167816162,9.299826161066692,726.6612513065338,completed
2631.4898,30,254.625108,1.0,True,30,0,0,829.2215762138367,1100.177918434143,5.096359062194824,829.2215762138367,completed
2556.88594,30,254.660094,1.0,True,30,0,0,738.8762693405151,950.7962961196899,8.315206209818522,738.8762693405151,completed
2260.303804,30,254.69607,1.0,True,30,0,0,888.5702848434448,1308.5724792480469,7.285404968261719,888.5702848434448,completed
2098.377482,30,254.732033,1.0,True,30,0,0,917.7567310333252,1323.917269706726,8.577658049265544,917.7567310333252,completed
3174.387401,30,256.008991,1.0,True,30,0,0,682.2586129903793,805.7978541851044,3.331329854329427,682.2586129903793,completed
2891.656145,30,256.044853,1.0,True,30,0,0,848.6269636154175,1105.0870914459229,1.309531275431315,848.6269636154175,completed
2473.028383,30,256.081041,1.0,True,30,0,0,782.293181180954,1068.1093866825104,8.377923043568929,782.293181180954,completed
2761.971523,30,256.116989,1.0,True,30,0,0,753.9768853187561,1037.9404067993164,5.231798299153646,753.9768853187561,completed
2865.130181,30,256.151445,1.0,True,30,0,0,656.7127270698547,884.1328821182251,6.054933547973633,656.7127270698547,completed
1872.371562,30,256.18652,1.0,True,30,0,0,909.2783560752869,1221.171483039856,13.479546546936035,909.2783560752869,completed
2734.276455,30,256.222162,1.0,True,30,0,0,756.1655235290527,989.7642688751221,5.304725583394369,756.1655235290527,completed
3180.063662,30,256.25758,1.0,True,30,0,0,691.0207033157349,888.3896627426147,2.0515881220499677,691.0207033157349,completed
2461.628568,30,256.292548,1.0,True,30,0,0,784.1003518104553,1093.3160753250122,7.671058972676595,784.1003518104553,completed
2756.496681,30,256.326819,1.0,True,30,0,0,769.3652684688568,952.012140750885,5.494513384501139,769.3652684688568,completed
2325.545147,30,256.361418,1.0,True,30,0,0,812.047776222229,1066.3412952423096,9.320846048990886,812.047776222229,completed
2407.268586,30,256.402987,1.0,True,30,0,0,856.496039390564,1129.2998962402344,7.610065078735351,856.496039390564,completed
2979.53546,30,256.43962,1.0,True,30,0,0,780.7126360833645,1026.5509569048882,1.547181765238444,780.7126360833645,completed
3306.446013,30,256.475592,1.0,True,30,0,0,629.7765879631042,832.1526737213135,1.172001552581787,629.7765879631042,completed
2661.268161,30,256.510681,1.0,True,30,0,0,750.379017829895,1054.4539165496826,4.97675199508667,750.379017829895,completed
2404.004385,30,256.546315,1.0,True,30,0,0,882.6702280044556,1190.8495359420776,6.274316469828288,882.6702280044556,completed
2872.893527,30,256.581605,1.0,True,30,0,0,773.0716876983643,994.2107238769531,3.577194404602051,773.0716876983643,completed
2427.061768,30,256.616897,1.0,True,30,0,0,806.1602468490601,1081.2349004745483,7.414728228251139,806.1602468490601,completed
1720.134771,30,256.651842,1.0,True,30,0,0,985.7619276046753,1243.4272651672363,14.427301343282064,985.7619276046753,completed
3312.873714,30,256.686105,1.0,True,30,0,0,654.9186836481094,896.7138049602509,0.04649817148844401,654.9186836481094,completed
2729.393163,30,256.720203,1.0,True,30,0,0,715.3823959231377,977.3949741125107,6.854048792521159,715.3823959231377,completed
2667.962982,30,256.755966,1.0,True,30,0,0,764.7270978689194,1038.8094007968903,6.258506965637207,764.7270978689194,completed
2700.496294,30,256.792041,1.0,True,30,0,0,765.4826667308807,938.2184271812439,6.719563929239909,765.4826667308807,completed
2799.147107,30,256.827487,1.0,True,30,0,0,715.1983270645142,959.2147297859192,4.776628239949544,715.1983270645142,completed
2260.735855,30,256.862954,1.0,True,30,0,0,778.590826511383,1140.4538202285767,10.21017411549886,778.590826511383,completed
3041.637735,30,256.899085,1.0,True,30,0,0,679.2668542861938,912.8818635940552,3.19386838277181,679.2668542861938,completed
3306.311532,30,256.935728,1.0,True,30,0,0,738.6367713212967,828.0499994754791,0.5775234222412109,738.6367713212967,completed
2258.976972,30,256.971057,1.0,True,30,0,0,748.5780277252197,1101.7565593719482,10.415733273824056,748.5780277252197,completed
2434.097616,30,257.006852,1.0,True,30,0,0,890.6038730144501,1250.1295046806335,4.606626749038696,890.6038730144501,completed
3211.103286,30,257.041808,1.0,True,30,0,0,654.5028581619263,839.7378845214844,1.9580554326375326,654.5028581619263,completed
3104.5823,30,257.076876,1.0,True,30,0,0,789.8108806610107,1037.7556104660034,0.0,789.8108806610107,completed
2285.721133,30,257.11244,1.0,True,30,0,0,831.7662420272827,1112.4779977798462,9.774888737996418,831.7662420272827,completed
3343.715294,30,257.148418,1.0,True,30,0,0,680.7554217576981,879.8467752933502,0.0,680.7554217576981,completed
1761.73864,30,257.183827,1.0,True,30,0,0,886.8929615020752,1355.072551727295,12.259096272786458,886.8929615020752,completed
2939.178392,30,257.218864,1.0,True,30,0,0,712.611576795578,935.9263129234314,3.728928629557292,712.611576795578,completed
1016.012046,30,257.25501,1.0,True,30,0,0,1014.9284791946411,1615.034158706665,17.39155486424764,1014.9284791946411,completed
2316.319068,30,257.290213,1.0,True,30,0,0,729.4508271217346,1027.6948833465576,11.425767739613852,729.4508271217346,completed
2415.059564,30,257.325204,1.0,True,30,0,0,838.0245616436005,1165.8426089286804,7.4116471608479815,838.0245616436005,completed
2421.52497,30,257.360596,1.0,True,30,0,0,839.4240369796753,1202.441029548645,6.202257919311523,839.4240369796753,completed
2878.303358,30,257.396667,1.0,True,30,0,0,689.1920926570892,980.8976168632507,4.569900131225586,689.1920926570892,completed
2149.161728,30,257.431782,1.0,True,30,0,0,883.8947033882141,1307.82723903656,7.531524785359701,883.8947033882141,completed
2578.872747,30,257.467359,1.0,True,30,0,0,810.5291149616241,1142.5334796905518,4.550382614135742,810.5291149616241,completed
2828.983886,30,257.501968,1.0,True,30,0,0,694.679976940155,976.236391544342,4.589134947458903,694.679976940155,completed
2506.811173,30,257.53741,1.0,True,30,0,0,639.7218899726868,910.8107023239136,10.041065343221028,639.7218899726868,completed
2221.678982,30,257.571896,1.0,True,30,0,0,796.1291742324829,1222.5127277374268,8.764658546447754,796.1291742324829,completed
2674.042595,30,257.607408,1.0,True,30,0,0,738.6554913520813,1000.8175668716431,7.1144131024678545,738.6554913520813,completed
1870.579154,30,257.642937,1.0,True,30,0,0,853.2394695281982,1305.5845289230347,12.52223637898763,853.2394695281982,completed
3037.576778,30,257.678834,1.0,True,30,0,0,683.4250003695488,826.0540655851364,4.811812496185302,683.4250003695488,completed
3046.348302,30,257.714269,1.0,True,30,0,0,740.0462074279785,961.823844909668,1.6102957407633463,740.0462074279785,completed
2474.699106,30,257.749483,1.0,True,30,0,0,869.7748432159424,1185.526156425476,5.739286931355794,869.7748432159424,completed
3739.968189,30,257.78509,1.0,True,30,0,0,539.7241201400757,596.543035030365,0.0,539.7241201400757,completed
3131.638478,30,257.820569,1.0,True,30,0,0,724.5778732299805,913.2716703414917,1.6502660115559895,724.5778732299805,completed
2709.325673,30,257.856036,1.0,True,30,0,0,819.7935283184052,1013.5728316307068,4.6478015899658205,819.7935283184052,completed
2373.667624,30,257.891173,1.0,True,30,0,0,804.0462894439697,1212.6930828094482,6.749036852518717,804.0462894439697,completed
3146.623279,30,257.927853,1.0,True,30,0,0,707.6771960258484,948.7239646911621,0.919567362467448,707.6771960258484,completed
2734.959752,30,257.963467,1.0,True,30,0,0,758.5843691825867,987.4467821121216,6.144969431559245,758.5843691825867,completed
2113.107424,30,257.999219,1.0,True,30,0,0,986.1600184440613,1234.8890295028687,8.446977202097575,986.1600184440613,completed
2455.53409,30,258.036701,1.0,True,30,0,0,758.7260293960571,1045.5149593353271,8.902730623881022,758.7260293960571,completed
2906.397636,30,258.072396,1.0,True,30,0,0,720.1283237934113,1004.3189740180969,3.779574966430664,720.1283237934113,completed
3115.442356,30,258.107935,1.0,True,30,0,0,722.6508622169495,1064.5155696868896,0.0,722.6508622169495,completed
2527.562065,30,258.143304,1.0,True,30,0,0,766.4085130691528,1063.5491943359375,7.711478551228841,766.4085130691528,completed
2556.054885,30,258.178763,1.0,True,30,0,0,709.787679195404,1009.3617248535156,9.212910175323486,709.787679195404,completed
3374.583664,30,258.21508,1.0,True,30,0,0,606.6769330501556,716.4111456871033,1.1392985979715984,606.6769330501556,completed
2788.5008,30,258.250226,1.0,True,30,0,0,804.2255783081055,1149.2387957572937,2.6633529663085938,804.2255783081055,completed
2727.159897,30,258.285976,1.0,True,30,0,0,769.9044988155365,938.7985091209412,6.636984062194824,769.9044988155365,completed
2811.715904,30,258.321449,1.0,True,30,0,0,719.9199542999268,927.7685070037842,6.346446100870768,719.9199542999268,completed
3060.767004,30,258.356234,1.0,True,30,0,0,693.5755491256714,971.2896528244019,1.6611508051554362,693.5755491256714,completed
2937.724288,30,258.393341,1.0,True,30,0,0,809.7194585800171,1050.066110610962,1.52285525004069,809.7194585800171,completed
3473.377067,30,259.650977,1.0,True,30,0,0,643.603940486908,782.2368803024292,0.0,643.603940486908,completed
3144.018913,30,259.685921,1.0,True,30,0,0,786.5325622558594,1003.6923179626465,0.0,786.5325622558594,completed
2150.202534,30,259.720407,1.0,True,30,0,0,738.9563442468643,1093.4797241687775,12.4765993754069,738.9563442468643,completed
3592.46669,30,259.75471,1.0,True,30,0,0,585.229527682066,660.262872159481,0.41844056447347006,585.229527682066,completed
3090.703943,30,259.788463,1.0,True,30,0,0,601.9326124191284,860.6603269577026,4.106835492451986,601.9326124191284,completed
2617.121071,30,259.822081,1.0,True,30,0,0,774.4558563232422,1098.9619388580322,5.9057880401611325,774.4558563232422,completed
1565.644625,30,259.857052,1.0,True,30,0,0,998.4255533218384,1500.4319047927856,12.580415789286295,998.4255533218384,completed
1845.745169,30,259.892913,1.0,True,30,0,0,840.0165100097656,1225.025712966919,13.295277341206868,840.0165100097656,completed
2231.880718,30,259.927715,1.0,True,30,0,0,833.9528079032898,1131.7546815872192,10.296957461039225,833.9528079032898,completed
3252.731454,30,259.961838,1.0,True,30,0,0,558.7990877628326,685.8993802070618,5.041662915547689,558.7990877628326,completed
2364.727878,30,259.995824,1.0,True,30,0,0,893.9597427845001,1194.9266934394836,7.157948557535807,893.9597427845001,completed
1864.319209,30,260.029785,1.0,True,30,0,0,831.5661053657532,1136.0020694732666,15.118980852762858,831.5661053657532,completed
2681.413758,30,260.064212,1.0,True,30,0,0,797.6050477027893,1052.8460178375244,5.031543223063151,797.6050477027893,completed
2804.332417,30,260.098116,1.0,True,30,0,0,754.0556824207306,1082.5700869560242,3.2901179631551107,754.0556824207306,completed
3004.685423,30,260.132027,1.0,True,30,0,0,739.1559913158417,999.7872323989868,1.6175837834676108,739.1559913158417,completed
2597.097048,30,260.166359,1.0,True,30,0,0,869.0216228961945,1251.8535923957825,2.074183781941732,869.0216228961945,completed
3314.699518,30,260.200224,1.0,True,30,0,0,660.2745461463928,819.4532403945923,0.9622865041097005,660.2745461463928,completed
3403.322896,30,260.23439,1.0,True,30,0,0,605.0460472106934,719.3082256317139,1.456840451558431,605.0460472106934,completed
3125.527958,30,260.26841,1.0,True,30,0,0,580.3185095787048,819.8295373916626,4.491140747070313,580.3185095787048,completed
3465.115611,30,260.302494,1.0,True,30,0,0,672.9378643035889,773.7469730377197,0.0,672.9378643035889,completed
2454.0628,30,260.336661,1.0,True,30,0,0,802.9104707837105,1135.4859157800674,6.41927350362142,802.9104707837105,completed
3189.191611,30,260.370755,1.0,True,30,0,0,629.5214640498161,845.8301872014999,2.8780384063720703,629.5214640498161,completed
3139.860206,30,260.404907,1.0,True,30,0,0,662.9258589744568,873.1671915054321,2.86500612894694,662.9258589744568,completed
2489.440748,30,260.438614,1.0,True,30,0,0,782.0842938423157,1114.2188138961792,7.261133003234863,782.0842938423157,completed
2824.350861,30,260.472936,1.0,True,30,0,0,821.8546996116638,1036.9080247879028,3.1156248728434246,821.8546996116638,completed
2836.133272,30,260.506622,1.0,True,30,0,0,767.9928636550903,1059.7667169570923,3.4554603576660154,767.9928636550903,completed
3215.59411,30,260.540641,1.0,True,30,0,0,773.2593102455139,919.1057949066162,0.07389882405598959,773.2593102455139,completed
3339.071785,30,260.574483,1.0,True,30,0,0,625.4315779209137,752.0975136756897,2.1393667221069337,625.4315779209137,completed
2608.652122,30,260.609171,1.0,True,30,0,0,861.0147032737732,1099.3396730422974,4.7577569325764975,861.0147032737732,completed
2964.088927,30,260.643324,1.0,True,30,0,0,734.5023918151855,1009.7924227714539,2.573966217041016,734.5023918151855,completed
2967.65927,30,260.676556,1.0,True,30,0,0,682.8360462188721,919.9385099411011,4.678445688883463,682.8360462188721,completed
3180.154208,30,260.710957,1.0,True,30,0,0,654.531896352768,837.619396686554,2.512421957651774,654.531896352768,completed
3519.72134,30,260.745494,1.0,True,30,0,0,580.6130276620388,676.879120528698,1.3723968505859374,580.6130276620388,completed
3113.388863,30,260.779286,1.0,True,30,0,0,735.6928339004517,931.830397605896,1.919699986775716,735.6928339004517,completed
3223.488202,30,260.813215,1.0,True,30,0,0,644.8559334278107,819.1055483818054,2.643035570780436,644.8559334278107,completed
2814.638448,30,260.847285,1.0,True,30,0,0,705.3263702392578,977.2416396141052,4.70333210627238,705.3263702392578,completed
2817.484881,30,260.882091,1.0,True,30,0,0,749.1009955406189,899.1034231185913,5.650679270426433,749.1009955406189,completed
3135.292898,30,260.916649,1.0,True,30,0,0,680.2045929431915,906.1163601875305,2.164272499084473,680.2045929431915,completed
2647.391171,30,260.950599,1.0,True,30,0,0,800.3817038536072,1169.0651216506958,3.8568028767903644,800.3817038536072,completed
2558.350383,30,260.984679,1.0,True,30,0,0,766.8399262428284,1006.1031160354614,7.830537223815918,766.8399262428284,completed
2865.99341,30,261.018225,1.0,True,30,0,0,699.503265619278,911.6451373100281,6.358249664306641,699.503265619278,completed
2883.715111,30,261.051978,1.0,True,30,0,0,725.9795536994934,1035.6535196304321,2.6913047472635907,725.9795536994934,completed
2964.62268,30,261.086231,1.0,True,30,0,0,797.1160986423492,1129.2865843772888,0.1648736317952474,797.1160986423492,completed
2333.244102,30,261.120009,1.0,True,30,0,0,775.3271698951721,977.781078338623,11.183340167999267,775.3271698951721,completed
2371.33322,30,261.154644,1.0,True,30,0,0,858.5987997055054,1100.092493057251,8.306762631734212,858.5987997055054,completed
2870.633122,30,261.188891,1.0,True,30,0,0,772.8361122608185,966.9910426139832,3.69958438873291,772.8361122608185,completed
2878.135536,30,261.222894,1.0,True,30,0,0,738.8719987869263,964.0941457748413,3.9672950744628905,738.8719987869263,completed
2315.750922,30,261.257563,1.0,True,30,0,0,809.6364345550537,1170.079894542694,9.272988891601562,809.6364345550537,completed
3169.286101,30,261.291256,1.0,True,30,0,0,645.4147124290466,902.7131500244141,2.0080101013183596,645.4147124290466,completed
2223.997109,30,261.325034,1.0,True,30,0,0,919.4873294830322,1215.0137376785278,7.629923025767009,919.4873294830322,completed
2000.768249,30,261.359247,1.0,True,30,0,0,924.0313291549683,1426.372323513031,8.26338996887207,924.0313291549683,completed
2621.912783,30,261.392997,1.0,True,30,0,0,710.9634103775024,952.6804838180542,7.892677307128906,710.9634103775024,completed
2974.212472,30,261.427142,1.0,True,30,0,0,655.9211249351501,888.5305881500244,4.164186763763428,655.9211249351501,completed
3187.668931,30,261.461197,1.0,True,30,0,0,659.0085940361023,839.722749710083,2.7205148061116535,659.0085940361023,completed
2666.001689,30,261.494861,1.0,True,30,0,0,813.2569761276245,1181.3050117492676,2.7768102010091145,813.2569761276245,completed
1945.384436,30,261.529159,1.0,True,30,0,0,942.0743563175201,1370.5120930671692,8.780127461751302,942.0743563175201,completed
3167.651231,30,261.563006,1.0,True,30,0,0,684.6339588165283,898.1894402503967,1.3093334833780925,684.6339588165283,completed
2203.877882,30,261.597132,1.0,True,30,0,0,793.3381233215332,1098.3738746643066,11.781799697875977,793.3381233215332,completed
2300.584574,30,261.631427,1.0,True,30,0,0,817.1902446746826,1160.493332862854,8.37597688039144,817.1902446746826,completed
2558.054471,30,261.664882,1.0,True,30,0,0,737.4052298069,1046.3617939949036,6.975073623657226,737.4052298069,completed
3102.9893,30,261.698675,1.0,True,30,0,0,702.45339012146,879.6396636962891,2.9655839284261067,702.45339012146,completed
2930.145064,30,261.73262,1.0,True,30,0,0,708.9512538909912,899.7583837509155,4.995832697550456,708.9512538909912,completed
2635.188562,30,261.767253,1.0,True,30,0,0,735.1250340938568,1010.8115124702454,6.780729230244955,735.1250340938568,completed
2089.60205,30,261.801385,1.0,True,30,0,0,936.5557798147202,1396.7045152187347,7.201491928100586,936.5557798147202,completed
3236.766597,30,261.835599,1.0,True,30,0,0,605.9432969093323,797.4590978622437,2.791040293375651,605.9432969093323,completed
2027.166697,30,261.869311,1.0,True,30,0,0,972.7155432701111,1376.4167308807373,7.835759544372559,972.7155432701111,completed
2020.855536,30,261.904725,1.0,True,30,0,0,882.1555337905884,1257.0758409500122,10.61779530843099,882.1555337905884,completed
3222.10145,30,261.941561,1.0,True,30,0,0,689.3494811058044,857.9019069671631,1.509946060180664,689.3494811058044,completed
3132.573849,30,261.975858,1.0,True,30,0,0,745.6907815933228,1036.3742561340332,0.0,745.6907815933228,completed
2419.575359,30,263.180834,1.0,True,30,0,0,866.6674809455872,1177.840208530426,5.996665382385254,866.6674809455872,completed
3354.974111,30,263.216391,1.0,True,30,0,0,615.4533519744873,750.919958114624,1.9956987380981446,615.4533519744873,completed
2396.771732,30,263.256352,1.0,True,30,0,0,747.5091867446899,1038.0575847625732,10.547656885782878,747.5091867446899,completed
1793.373106,30,263.292824,1.0,True,30,0,0,831.6459126472473,1217.5582427978516,15.222087987263997,831.6459126472473,completed
2947.149282,30,263.32906,1.0,True,30,0,0,704.7336287498474,874.7643022537231,5.212830130259196,704.7336287498474,completed
1773.374826,30,263.365711,1.0,True,30,0,0,909.550998210907,1359.688904762268,11.753946336110433,909.550998210907,completed
2582.66562,30,263.402408,1.0,True,30,0,0,680.2077693939209,929.1064777374268,10.119876543680826,680.2077693939209,completed
3239.015378,30,263.438823,1.0,True,30,0,0,687.8651623725891,927.14763879776,0.39005203247070314,687.8651623725891,completed
2136.601043,30,263.475377,1.0,True,30,0,0,864.7310888767242,1281.8051743507385,8.40957686106364,864.7310888767242,completed
3292.568202,30,263.511481,1.0,True,30,0,0,607.1611995697021,771.4939117431641,2.3248629252115887,607.1611995697021,completed
3182.71785,30,263.547527,1.0,True,30,0,0,669.585239648819,808.5594871044159,2.8519261678059897,669.585239648819,completed
2868.822081,30,263.582889,1.0,True,30,0,0,786.7234644889832,1194.9574799537659,0.6615102132161458,786.7234644889832,completed
3245.647026,30,263.618938,1.0,True,30,0,0,720.504162311554,863.6537766456604,0.7005220413208008,720.504162311554,completed
1999.383193,30,263.654601,1.0,True,30,0,0,855.8710699081421,1290.3889665603638,10.211105028788248,855.8710699081421,completed
2670.040859,30,263.690826,1.0,True,30,0,0,694.8800048828125,934.9554605484009,7.159668858846029,694.8800048828125,completed
3441.828798,30,263.726065,1.0,True,30,0,0,644.391101360321,810.4877643585205,0.0,644.391101360321,completed
2219.195373,30,263.762288,1.0,True,30,0,0,896.7158068418503,1251.4878079891205,7.685642560323079,896.7158068418503,completed
3335.170518,30,263.797884,1.0,True,30,0,0,670.8108701705933,893.0390543937683,0.0,670.8108701705933,completed
3178.752058,30,263.833829,1.0,True,30,0,0,686.2081351280212,833.4595499038696,2.7119592666625976,686.2081351280212,completed
2865.449812,30,263.870243,1.0,True,30,0,0,713.9583606719971,976.3101482391357,5.037233479817709,713.9583606719971,completed
2455.846224,30,263.905764,1.0,True,30,0,0,776.9694576263428,1098.4090909957886,7.745368353525797,776.9694576263428,completed
3330.874674,30,263.942921,1.0,True,30,0,0,636.5510586500168,789.4588887691498,1.0631652196248373,636.5510586500168,completed
2568.669179,30,263.978843,1.0,True,30,0,0,781.1133680343628,1128.9143266677856,6.097617340087891,781.1133680343628,completed
3102.004119,30,264.014747,1.0,True,30,0,0,718.4371600151062,936.9585828781128,1.771319071451823,718.4371600151062,completed
2125.180186,30,264.051005,1.0,True,30,0,0,856.84557056427,1337.8405628204346,8.06813087463379,856.84557056427,completed
2643.307952,30,264.087639,1.0,True,30,0,0,835.6324107646942,1045.250596523285,5.008949089050293,835.6324107646942,completed
2442.572311,30,264.123401,1.0,True,30,0,0,903.0527811050415,1136.8462686538696,6.834418741861979,903.0527811050415,completed
3252.615173,30,264.159223,1.0,True,30,0,0,675.9028797149658,777.723539352417,2.6057867685953777,675.9028797149658,completed
3399.55157,30,264.195029,1.0,True,30,0,0,605.8113205134869,701.4264578223228,2.2565422375996906,605.8113205134869,completed
3156.969656,30,264.23095,1.0,True,30,0,0,724.8816385269165,866.6788034439087,1.6625779469807942,724.8816385269165,completed
3469.137613,30,264.266484,1.0,True,30,0,0,553.1092705726624,678.8180389404297,2.038283030192057,553.1092705726624,completed
3182.581442,30,264.302368,1.0,True,30,0,0,641.6599090099335,803.233241558075,3.2311007817586264,641.6599090099335,completed
2341.350845,30,264.33806,1.0,True,30,0,0,811.4439315795898,1042.6139221191406,9.498458035786946,811.4439315795898,completed
2780.937428,30,264.547501,1.0,True,30,0,0,714.2660872936249,958.805657863617,5.513611602783203,714.2660872936249,completed
2619.632565,30,264.583693,1.0,True,30,0,0,784.8903974890709,971.4868611097336,7.263294156392416,784.8903974890709,completed
3577.152439,30,264.619444,1.0,True,30,0,0,635.7755055427551,692.1656885147095,0.0,635.7755055427551,completed
3227.36873,30,264.656363,1.0,True,30,0,0,614.3687348365784,770.5998888015747,3.3558358510335284,614.3687348365784,completed
3145.229396,30,264.692013,1.0,True,30,0,0,649.1521520614624,814.7681293487549,3.567239507039388,649.1521520614624,completed
3588.088002,30,264.727332,1.0,True,30,0,0,629.6969785690308,685.5398283004761,0.0,629.6969785690308,completed
3594.617662,30,264.763812,1.0,True,30,0,0,580.546781539917,663.1665983200073,0.37618350982666016,580.546781539917,completed
2024.973073,30,264.800041,1.0,True,30,0,0,805.5239260196686,1140.451401233673,12.20360050201416,805.5239260196686,completed
2577.395944,30,264.835904,1.0,True,30,0,0,755.666289806366,1033.190092086792,7.544919681549072,755.666289806366,completed
1995.530646,30,264.871826,1.0,True,30,0,0,910.5736103057861,1241.6009912490845,10.622734959920248,910.5736103057861,completed
2950.127053,30,264.907512,1.0,True,30,0,0,751.5085897445679,1005.7150812149048,2.711353397369385,751.5085897445679,completed
3244.541464,30,264.944035,1.0,True,30,0,0,639.1808216571808,918.0228428840637,0.9520819346110027,639.1808216571808,completed
3561.5195,30,264.979635,1.0,True,30,0,0,604.2652769088745,723.5648488998413,0.0,604.2652769088745,completed
2554.037922,30,265.015513,1.0,True,30,0,0,865.0943204164505,1150.3746988773346,4.69155527750651,865.0943204164505,completed
2920.031317,30,265.050734,1.0,True,30,0,0,715.9232252836227,937.4901463985443,4.402926445007324,715.9232252836227,completed
3257.52935,30,265.086467,1.0,True,30,0,0,666.2185478210449,799.9345817565918,2.2135246912638347,666.2185478210449,completed
2906.290944,30,265.12217,1.0,True,30,0,0,740.9268317222595,914.941897392273,5.211947822570801,740.9268317222595,completed
3206.083109,30,265.157974,1.0,True,30,0,0,729.7787141799927,824.7455205917358,2.3971598307291666,729.7787141799927,completed
3155.075037,30,265.193805,1.0,True,30,0,0,676.7325506210327,934.0371522903442,1.357409413655599,676.7325506210327,completed
2520.39143,30,265.229304,1.0,True,30,0,0,867.3714461326599,1203.7409753799438,5.084510485331218,867.3714461326599,completed
2621.726761,30,265.265138,1.0,True,30,0,0,861.9279479980469,1059.9881744384766,5.668824640909831,861.9279479980469,completed
2754.851184,30,265.301197,1.0,True,30,0,0,721.0722379684448,958.4932670593262,6.302714665730794,721.0722379684448,completed
2242.316494,30,265.336403,1.0,True,30,0,0,793.8238435983658,1174.5241248607635,10.156877708435058,793.8238435983658,completed
3237.83941,30,265.372519,1.0,True,30,0,0,647.0600805282593,784.8620748519897,2.1762709935506184,647.0600805282593,completed
3407.994204,30,265.408166,1.0,True,30,0,0,717.9638910293579,801.1158742904663,0.0,717.9638910293579,completed
2896.691356,30,265.444218,1.0,True,30,0,0,759.0889387130737,1046.2407779693604,2.366507085164388,759.0889387130737,completed
2405.139121,30,265.480342,1.0,True,30,0,0,839.5061011314392,1261.2435903549194,5.396487808227539,839.5061011314392,completed
2976.230585,30,265.515958,1.0,True,30,0,0,760.7572758197784,1111.728641986847,0.6568923950195312,760.7572758197784,completed
3444.583547,30,265.551753,1.0,True,30,0,0,606.9250559806824,780.4809417724609,0.4622063954671224,606.9250559806824,completed
3477.751044,30,265.587851,1.0,True,30,0,0,667.7584767341614,765.0853366851807,0.0,667.7584767341614,completed
1931.44251,30,265.62414,1.0,True,30,0,0,891.6222562789917,1313.8823204040527,11.388559722900391,891.6222562789917,completed
2954.23668,30,265.659701,1.0,True,30,0,0,703.958402633667,974.5476350784302,3.689764658610026,703.958402633667,completed
3432.294471,30,265.695696,1.0,True,30,0,0,622.6586141586304,739.0487957000732,1.2692780812581381,622.6586141586304,completed
2446.07244,30,265.731687,1.0,True,30,0,0,772.4960225820541,1110.0367867946625,8.573158009847004,772.4960225820541,completed
1801.679967,30,265.767705,1.0,True,30,0,0,821.9909958839417,1314.9519834518433,13.811304219563802,821.9909958839417,completed
2726.559436,30,266.978495,1.0,True,30,0,0,759.7169122695923,965.7862195968628,6.670759582519532,759.7169122695923,completed
2153.749795,30,267.015475,1.0,True,30,0,0,851.1543488502502,1165.2908964157104,9.97896016438802,851.1543488502502,completed
3005.846381,30,267.051284,1.0,True,30,0,0,689.8113207817078,946.2534713745117,3.906466801961263,689.8113207817078,completed
2458.753894,30,267.086869,1.0,True,30,0,0,837.530611038208,1132.0719480514526,6.890809949239095,837.530611038208,completed
2666.310368,30,267.122902,1.0,True,30,0,0,769.8418054580688,956.888708114624,6.486782836914062,769.8418054580688,completed
2504.399512,30,267.159028,1.0,True,30,0,0,774.5653977394104,1089.0037355422974,7.549285666147868,774.5653977394104,completed
2773.12022,30,267.194199,1.0,True,30,0,0,768.2278459072113,1026.249177455902,4.284482955932617,768.2278459072113,completed
2803.155789,30,267.230021,1.0,True,30,0,0,703.231148481369,974.9819674491882,4.957089296976725,703.231148481369,completed
2578.449325,30,267.265912,1.0,True,30,0,0,784.0453200340271,1089.9481525421143,6.619675254821777,784.0453200340271,completed
3522.120677,30,267.301193,1.0,True,30,0,0,637.875919342041,741.0488834381104,0.0,637.875919342041,completed
2671.843597,30,267.336912,1.0,True,30,0,0,746.9606120586395,1005.9049272537231,6.558076922098795,746.9606120586395,completed
2753.443953,30,267.37207,1.0,True,30,0,0,793.023549079895,1107.609097957611,3.706198501586914,793.023549079895,completed
3050.336382,30,267.407135,1.0,True,30,0,0,726.9433827400208,1001.2022390365601,1.7862520853678385,726.9433827400208,completed
3129.349626,30,267.443327,1.0,True,30,0,0,709.9949597120285,883.1455657482147,2.3865545908610026,709.9949597120285,completed
3422.468097,30,267.478479,1.0,True,30,0,0,594.6189186573029,764.8679909706116,0.8234293619791667,594.6189186573029,completed
2801.690389,30,267.513389,1.0,True,30,0,0,755.0526115894318,1038.0134358406067,4.141054407755534,755.0526115894318,completed
3222.849793,30,267.54793,1.0,True,30,0,0,712.275228023529,886.2252645492554,1.16562131245931,712.275228023529,completed
3322.685815,30,267.584001,1.0,True,30,0,0,731.8279142379761,871.1067600250244,0.0,731.8279142379761,completed
2553.678753,30,267.61943,1.0,True,30,0,0,794.0102746486664,1109.4957990646362,6.574495061238607,794.0102746486664,completed
2418.948037,30,267.655587,1.0,True,30,0,0,853.5519635677338,1047.383617401123,8.113313420613606,853.5519635677338,completed
3365.941219,30,267.690756,1.0,True,30,0,0,677.3624496459961,782.5961437225342,1.0297592163085938,677.3624496459961,completed
2385.831964,30,267.725338,1.0,True,30,0,0,801.4885268211365,1159.6947536468506,7.543511517842611,801.4885268211365,completed
3344.891438,30,267.760196,1.0,True,30,0,0,615.5532703399658,750.2028069496155,1.7592252095540364,615.5532703399658,completed
2824.989784,30,267.795825,1.0,True,30,0,0,710.6479468345642,959.2590084075928,5.6406089782714846,710.6479468345642,completed
3168.663198,30,267.831747,1.0,True,30,0,0,648.9431583285332,816.3929313421249,3.565644709269206,648.9431583285332,completed
3700.996302,30,267.867704,1.0,True,30,0,0,525.5090641975403,610.2998580932617,0.12280693054199218,525.5090641975403,completed
3201.320614,30,267.90287,1.0,True,30,0,0,623.8910598754883,764.8769145011902,3.799669075012207,623.8910598754883,completed
3285.156669,30,267.93909,1.0,True,30,0,0,609.8000439405441,739.5328786373138,3.4246189753214518,609.8000439405441,completed
3004.241962,30,267.97473,1.0,True,30,0,0,756.6808910369873,1108.7418916225433,0.28555704752604166,756.6808910369873,completed
2934.28979,30,268.013586,1.0,True,30,0,0,702.3567123413086,970.4426803588867,3.2801539103190103,702.3567123413086,completed
2782.085326,30,268.052512,1.0,True,30,0,0,692.3931422233582,888.5742464065552,6.584118620554606,692.3931422233582,completed
3078.788036,30,268.087947,1.0,True,30,0,0,704.2554261684418,958.9989314079285,2.3126647313435873,704.2554261684418,completed
2430.906306,30,268.123294,1.0,True,30,0,0,829.6186420917511,1219.286081790924,5.835130310058593,829.6186420917511,completed
2851.717088,30,268.158789,1.0,True,30,0,0,771.7519164085388,985.5199813842773,3.6859963734944663,771.7519164085388,completed
3219.987807,30,268.19441,1.0,True,30,0,0,680.8861875534058,860.8779697418213,1.5752452214558919,680.8861875534058,completed
2506.368794,30,268.230132,1.0,True,30,0,0,858.6584215164185,1182.3884544372559,5.380147552490234,858.6584215164185,completed
3209.390107,30,268.265705,1.0,True,30,0,0,658.157696723938,834.8611211776733,2.8728006998697917,658.157696723938,completed
3018.708985,30,268.301597,1.0,True,30,0,0,673.2269043922424,965.6676540374756,3.085340881347656,673.2269043922424,completed
3112.035962,30,268.337381,1.0,True,30,0,0,755.3684326410294,1005.5667545795441,0.39365914662679036,755.3684326410294,completed
3217.76999,30,268.373232,1.0,True,30,0,0,634.378084897995,786.634131193161,3.4384269158045453,634.378084897995,completed
3284.962644,30,268.408774,1.0,True,30,0,0,653.717013001442,694.3941099643707,2.982893784840902,653.717013001442,completed
3057.567198,30,268.443554,1.0,True,30,0,0,664.0064330101013,780.683427810669,5.504619534810384,664.0064330101013,completed
3109.954099,30,268.478318,1.0,True,30,0,0,681.8749504089355,822.9300918579102,4.094963836669922,681.8749504089355,completed
2284.47895,30,268.514399,1.0,True,30,0,0,807.7828605175018,1156.7483932971954,9.223801676432291,807.7828605175018,completed
3190.888246,30,268.549747,1.0,True,30,0,0,713.9963760375977,890.1077337265015,1.1932570139567058,713.9963760375977,completed
2833.730442,30,268.584418,1.0,True,30,0,0,763.5384449958801,893.2160453796387,5.7601473490397135,763.5384449958801,completed
3241.658255,30,268.619709,1.0,True,30,0,0,670.3980188369751,813.2193012237549,2.1926950454711913,670.3980188369751,completed
3299.135038,30,268.654959,1.0,True,30,0,0,647.1864635944366,783.6375374794006,1.59252986907959,647.1864635944366,completed
2665.555149,30,268.691799,1.0,True,30,0,0,825.7863984107971,1194.717363357544,3.66306521097819,825.7863984107971,completed
1779.881277,30,268.727175,1.0,True,30,0,0,917.541669845581,1318.4773111343384,13.571144644419352,917.541669845581,completed
2630.529341,30,268.762286,1.0,True,30,0,0,738.6956515312195,1057.2593851089478,6.387799072265625,738.6956515312195,completed
2546.614219,30,268.798079,1.0,True,30,0,0,831.5533127784729,1119.017788887024,5.3089037577311196,831.5533127784729,completed
2865.11243,30,268.833222,1.0,True,30,0,0,784.5357993841171,1086.9403131008148,2.725529098510742,784.5357993841171,completed
2883.047029,30,268.869116,1.0,True,30,0,0,698.9343628883362,955.8085527420044,4.436715761820476,698.9343628883362,completed
2716.026505,30,268.904354,1.0,True,30,0,0,766.5419321060181,1127.177318096161,2.9858880996704102,766.5419321060181,completed
2069.915912,30,268.941671,1.0,True,30,0,0,947.4697849750519,1364.7861256599426,8.005624643961589,947.4697849750519,completed
3071.3142,30,268.977838,1.0,True,30,0,0,771.7503633499146,1043.4964158535004,0.21315873463948568,771.7503633499146,completed
1999.888123,30,269.013208,1.0,True,30,0,0,758.3364782333374,1087.9644889831543,14.055817540486654,758.3364782333374,completed
2892.342704,30,269.048644,1.0,True,30,0,0,717.2879247665405,919.0571689605713,5.188694254557292,717.2879247665405,completed
3089.933066,30,269.084345,1.0,True,30,0,0,720.1790227890015,992.6884407997131,1.3500372568766277,720.1790227890015,completed
2974.06778,30,269.120228,1.0,True,30,0,0,707.0285277366638,879.0684442520142,5.078996912638346,707.0285277366638,completed
2217.640479,30,269.155281,1.0,True,30,0,0,883.8800950050354,1247.1177473068237,7.920032374064127,883.8800950050354,completed
3294.451058,30,269.191124,1.0,True,30,0,0,662.2420258522034,816.0876731872559,1.341788101196289,662.2420258522034,completed
3239.291994,30,269.226739,1.0,True,30,0,0,639.3100605010986,816.6072969436646,2.4808990478515627,639.3100605010986,completed
1931.879462,30,269.262513,1.0,True,30,0,0,843.0829277038574,1235.9437618255615,12.46221071879069,843.0829277038574,completed
2675.406955,30,269.29845,1.0,True,30,0,0,730.0124312639236,1082.4684278964996,5.264505259195963,730.0124312639236,completed
2934.39101,30,269.333887,1.0,True,30,0,0,722.6249656677246,976.1480808258057,2.9711853663126626,722.6249656677246,completed
3217.276105,30,269.369283,1.0,True,30,0,0,708.2603979110718,879.6764421463013,1.0020594914754233,708.2603979110718,completed
