#{"t_start": 1781050352.396344, "env_id": "None"}
r,l,t,completion_rate,feasible,served_customers,unserved_customers,invalid_actions,makespan,total_distance,average_regret,penalized_makespan,terminal_status
1009.294888,20,1.308155,1.0,True,20,0,0,782.1117477416992,1119.1098709106445,16.135430145263673,782.1117477416992,completed
1578.921385,20,1.328279,1.0,True,20,0,0,602.1465444564819,843.0152311325073,12.811848354339599,602.1465444564819,completed
1802.631471,20,1.347919,1.0,True,20,0,0,616.5573945045471,843.0466904640198,7.627068328857422,616.5573945045471,completed
1126.102432,20,1.366982,1.0,True,20,0,0,727.5851907730103,1056.8556823730469,16.37013006210327,727.5851907730103,completed
1564.371025,20,1.386304,1.0,True,20,0,0,562.7588930130005,758.2989091873169,16.096120977401732,562.7588930130005,completed
1672.235479,20,1.405907,1.0,True,20,0,0,622.1229386329651,779.8733997344971,12.540750455856323,622.1229386329651,completed
1364.197593,20,1.425168,1.0,True,20,0,0,692.6728262901306,983.9238805770874,11.69706106185913,692.6728262901306,completed
594.291742,20,1.444815,1.0,True,20,0,0,760.7792634963989,1115.8392972946167,25.045436811447143,760.7792634963989,completed
1673.188253,20,1.463864,1.0,True,20,0,0,661.8205986022949,938.6328439712524,6.3055814743042,661.8205986022949,completed
758.441812,20,1.483531,1.0,True,20,0,0,756.1943531036377,1048.1199550628662,23.497740650177,756.1943531036377,completed
911.839524,20,1.502788,1.0,True,20,0,0,866.9500212669373,1112.608063697815,16.853039836883546,866.9500212669373,completed
1051.888455,20,1.521864,1.0,True,20,0,0,815.8980979919434,1190.6331119537354,11.971906566619873,815.8980979919434,completed
1207.677649,20,1.541109,1.0,True,20,0,0,709.5100545883179,1113.650499343872,13.040019226074218,709.5100545883179,completed
2178.23911,20,1.559883,1.0,True,20,0,0,550.6290605068207,649.0306236743927,3.9362441897392273,550.6290605068207,completed
677.385519,20,1.579231,1.0,True,20,0,0,803.071346282959,1051.0906066894531,24.114300155639647,803.071346282959,completed
1161.74605,20,1.598369,1.0,True,20,0,0,696.0926055908203,962.5248527526855,17.295526218414306,696.0926055908203,completed
1338.840941,20,1.617642,1.0,True,20,0,0,768.3623197078705,1024.8734047412872,10.694523048400878,768.3623197078705,completed
1747.681593,20,1.636627,1.0,True,20,0,0,649.0677623748779,925.1308403015137,6.255845642089843,649.0677623748779,completed
1546.769329,20,1.656165,1.0,True,20,0,0,710.2965993881226,923.5795383453369,8.527880477905274,710.2965993881226,completed
933.674821,20,1.675297,1.0,True,20,0,0,784.3793878555298,1139.1069774627686,16.816996765136718,784.3793878555298,completed
1783.43731,20,1.694666,1.0,True,20,0,0,582.1521902084351,782.4413356781006,9.039647674560547,582.1521902084351,completed
1679.725525,20,1.714065,1.0,True,20,0,0,549.3405094146729,727.2358875274658,13.642767333984375,549.3405094146729,completed
2027.813702,20,1.733036,1.0,True,20,0,0,529.2422733306885,726.3450412750244,5.89153470993042,529.2422733306885,completed
1744.367899,20,1.751463,1.0,True,20,0,0,699.7433595657349,812.5535049438477,8.674430751800537,699.7433595657349,completed
1818.475632,20,1.77,1.0,True,20,0,0,592.0741786956787,804.3468055725098,7.412459373474121,592.0741786956787,completed
1874.23095,20,1.788882,1.0,True,20,0,0,611.7096920013428,672.4830436706543,8.725297164916991,611.7096920013428,completed
1008.074318,20,1.807641,1.0,True,20,0,0,645.7839894294739,962.6262702941895,21.889159774780275,645.7839894294739,completed
1969.419179,20,1.826921,1.0,True,20,0,0,553.1572549343109,720.5220293998718,7.15280590057373,553.1572549343109,completed
2419.4509,20,1.845785,1.0,True,20,0,0,492.14775562286377,599.6213064193726,2.016925239562988,492.14775562286377,completed
1367.289948,20,1.864571,1.0,True,20,0,0,668.3101091384888,1002.1311178207397,11.484493923187255,668.3101091384888,completed
-543.250212,20,1.883318,1.0,True,20,0,0,998.9317507743835,1677.6149911880493,31.33786678314209,998.9317507743835,completed
2170.803526,20,1.902381,1.0,True,20,0,0,562.5709476470947,651.0090618133545,4.513598442077637,562.5709476470947,completed
1402.93441,20,1.921319,1.0,True,20,0,0,725.1348352432251,1051.9549713134766,9.620855522155761,725.1348352432251,completed
2514.380783,20,1.943167,1.0,True,20,0,0,457.79840660095215,506.96864318847656,2.706866645812988,457.79840660095215,completed
1723.047611,20,1.961834,1.0,True,20,0,0,608.4027328491211,738.2943115234375,10.744675159454346,608.4027328491211,completed
1734.539182,20,1.98035,1.0,True,20,0,0,664.5838985443115,853.9574146270752,8.308933067321778,664.5838985443115,completed
1478.86437,20,1.998912,1.0,True,20,0,0,701.1335105895996,894.105712890625,12.423480987548828,701.1335105895996,completed
874.218583,20,2.018226,1.0,True,20,0,0,655.6124649047852,978.937520980835,22.76456661224365,655.6124649047852,completed
676.485703,20,2.0377,1.0,True,20,0,0,739.7038288116455,1083.85103225708,23.561396598815918,739.7038288116455,completed
1597.203963,20,2.056199,1.0,True,20,0,0,622.4822442531586,797.8435626029968,13.291969299316406,622.4822442531586,completed
2221.339072,20,2.074861,1.0,True,20,0,0,507.73557806015015,633.5393199920654,5.178158235549927,507.73557806015015,completed
1585.399808,20,2.093144,1.0,True,20,0,0,718.0799903869629,809.6278944015503,11.829037857055663,718.0799903869629,completed
1504.56406,20,2.112362,1.0,True,20,0,0,675.481369972229,868.6846199035645,11.614850902557373,675.481369972229,completed
1205.874485,20,2.131296,1.0,True,20,0,0,748.7470445632935,1018.53444480896,14.487234973907471,748.7470445632935,completed
2012.722142,20,2.150188,1.0,True,20,0,0,585.7304453849792,839.5349178314209,4.183779525756836,585.7304453849792,completed
1346.266961,20,2.168922,1.0,True,20,0,0,667.5094146728516,1003.1731796264648,12.618422317504884,667.5094146728516,completed
1744.287789,20,2.187843,1.0,True,20,0,0,627.4367351531982,870.2819318771362,8.798501110076904,627.4367351531982,completed
1702.401152,20,2.20706,1.0,True,20,0,0,580.9315128326416,803.1089992523193,9.890501022338867,580.9315128326416,completed
937.60927,20,2.226132,1.0,True,20,0,0,726.6615676879883,995.4480419158936,20.910023593902586,726.6615676879883,completed
1573.244095,20,2.244784,1.0,True,20,0,0,606.2003498077393,842.9531211853027,12.269681549072265,606.2003498077393,completed
2052.604364,20,2.263967,1.0,True,20,0,0,548.0544350147247,835.8230881690979,3.228939437866211,548.0544350147247,completed
1460.347311,20,2.283378,1.0,True,20,0,0,715.3801956176758,903.2752780914307,11.170544147491455,715.3801956176758,completed
1873.173117,20,2.302707,1.0,True,20,0,0,572.5458383560181,729.6468448638916,9.01719627380371,572.5458383560181,completed
2119.854796,20,2.322025,1.0,True,20,0,0,516.6010208129883,675.526180267334,5.177644824981689,516.6010208129883,completed
2288.447359,20,2.340926,1.0,True,20,0,0,462.20219564437866,613.2613101005554,4.741097068786621,462.20219564437866,completed
2143.142415,20,2.359899,1.0,True,20,0,0,544.1241302490234,648.517692565918,5.5503411293029785,544.1241302490234,completed
2078.608046,20,2.378972,1.0,True,20,0,0,566.0102214813232,724.447958946228,4.74732666015625,566.0102214813232,completed
1723.933087,20,2.397337,1.0,True,20,0,0,644.6983042955399,833.5781981945038,8.807797813415528,644.6983042955399,completed
1950.210569,20,2.416027,1.0,True,20,0,0,551.7520451545715,746.6786985397339,7.559790897369385,551.7520451545715,completed
1153.256579,20,2.4354,1.0,True,20,0,0,652.8426995277405,923.7253198623657,19.848498725891112,652.8426995277405,completed
1268.208616,20,2.453688,1.0,True,20,0,0,729.7585763931274,1121.3266506195068,10.386923050880432,729.7585763931274,completed
1339.350557,20,2.472408,1.0,True,20,0,0,593.4863498210907,946.9919505119324,16.071662187576294,593.4863498210907,completed
1717.227509,20,2.49141,1.0,True,20,0,0,694.1612391471863,792.4853496551514,9.988546562194824,694.1612391471863,completed
1990.885625,20,2.510338,1.0,True,20,0,0,552.5431118011475,696.1672554016113,6.045113182067871,552.5431118011475,completed
1767.901385,20,2.529061,1.0,True,20,0,0,649.9171442985535,835.5655374526978,8.200655937194824,649.9171442985535,completed
2190.899833,20,2.547718,1.0,True,20,0,0,589.60333776474,700.1492233276367,3.504350471496582,589.60333776474,completed
1541.041906,20,2.566422,1.0,True,20,0,0,729.1409419775009,905.203207731247,10.76875,729.1409419775009,completed
1739.400706,20,2.585233,1.0,True,20,0,0,643.8839163780212,890.4934968948364,8.11815242767334,643.8839163780212,completed
1303.715383,20,2.603876,1.0,True,20,0,0,733.2662858963013,872.734227180481,15.65792989730835,733.2662858963013,completed
2265.767666,20,2.623197,1.0,True,20,0,0,529.1173810958862,621.0930938720703,4.713987541198731,529.1173810958862,completed
2005.27288,20,2.6436,1.0,True,20,0,0,620.085015296936,803.6622915267944,3.5911897659301757,620.085015296936,completed
1189.162601,20,2.663299,1.0,True,20,0,0,646.6110954284668,930.0121574401855,18.871434211730957,646.6110954284668,completed
1113.821907,20,2.682914,1.0,True,20,0,0,667.8298687934875,957.3409833908081,18.43512725830078,667.8298687934875,completed
1591.50583,20,2.701456,1.0,True,20,0,0,644.1228437423706,852.1393013000488,12.241680812835693,644.1228437423706,completed
1953.557976,20,2.72044,1.0,True,20,0,0,542.3058762550354,753.5731058120728,7.428202056884766,542.3058762550354,completed
1725.376196,20,2.740703,1.0,True,20,0,0,591.3918027877808,782.16539478302,9.735169696807862,591.3918027877808,completed
1735.152958,20,2.760614,1.0,True,20,0,0,657.7959032058716,844.9647359848022,8.642707252502442,657.7959032058716,completed
1218.854384,20,2.779635,1.0,True,20,0,0,706.628170967102,971.912615776062,14.82662091255188,706.628170967102,completed
1924.460755,20,2.798137,1.0,True,20,0,0,537.6340637207031,778.2710285186768,6.9215168952941895,537.6340637207031,completed
1083.829325,20,2.816915,1.0,True,20,0,0,709.0642490386963,915.0621318817139,19.72909450531006,709.0642490386963,completed
1080.863703,20,2.836205,1.0,True,20,0,0,712.5936880111694,1018.4920225143433,18.155971479415893,712.5936880111694,completed
582.81543,20,2.855234,1.0,True,20,0,0,772.7480173110962,1122.0897197723389,24.980926704406738,772.7480173110962,completed
1727.357218,20,2.87419,1.0,True,20,0,0,644.0414018630981,749.5720462799072,11.667217254638672,644.0414018630981,completed
1571.279048,20,2.893572,1.0,True,20,0,0,707.9984130859375,812.0932483673096,11.640483283996582,707.9984130859375,completed
1709.668205,20,2.913053,1.0,True,20,0,0,602.4142088890076,774.9645400047302,12.035556888580322,602.4142088890076,completed
1595.425967,20,2.931853,1.0,True,20,0,0,703.2854681015015,904.6491203308105,9.81221799850464,703.2854681015015,completed
705.293769,20,2.951139,1.0,True,20,0,0,751.5413417816162,1123.6543273925781,24.069041633605956,751.5413417816162,completed
1490.323682,20,2.969981,1.0,True,20,0,0,674.4103517532349,923.2029047012329,11.737672805786133,674.4103517532349,completed
1430.557514,20,2.989096,1.0,True,20,0,0,656.6027116775513,811.9964294433594,14.682119655609132,656.6027116775513,completed
1523.209241,20,3.007947,1.0,True,20,0,0,710.3230519294739,910.667721748352,10.096560859680176,710.3230519294739,completed
2267.084291,20,3.027907,1.0,True,20,0,0,527.4038610458374,639.4083232879639,4.203105926513672,527.4038610458374,completed
1243.252033,20,3.047209,1.0,True,20,0,0,653.62633228302,921.46018409729,18.2741491317749,653.62633228302,completed
1220.730761,20,3.066633,1.0,True,20,0,0,679.3813199996948,926.6437129974365,17.058309078216553,679.3813199996948,completed
1003.57345,20,3.085728,1.0,True,20,0,0,778.7759017944336,1153.4993934631348,14.757791900634766,778.7759017944336,completed
2404.169371,20,3.104919,1.0,True,20,0,0,545.7088034152985,610.8934779167175,1.2855630397796631,545.7088034152985,completed
884.456455,20,3.123944,1.0,True,20,0,0,690.286937713623,993.3958911895752,23.46589756011963,690.286937713623,completed
2175.645626,20,3.143195,1.0,True,20,0,0,482.32657766342163,665.8584146499634,4.562854290008545,482.32657766342163,completed
1717.63774,20,3.161942,1.0,True,20,0,0,664.6258783340454,801.2645568847656,9.554893016815186,664.6258783340454,completed
1842.132866,20,3.180779,1.0,True,20,0,0,601.7196414470673,779.3861727714539,9.237763977050781,601.7196414470673,completed
1305.374171,20,3.1998,1.0,True,20,0,0,657.1526279449463,972.5747375488281,14.637551021575927,657.1526279449463,completed
1337.260985,20,3.21907,1.0,True,20,0,0,673.3795390129089,1109.4197978973389,11.083737850189209,673.3795390129089,completed
1789.628339,20,3.237791,1.0,True,20,0,0,642.0827713012695,915.9882459640503,6.188373184204101,642.0827713012695,completed
724.444133,20,4.415675,1.0,True,20,0,0,811.4564957618713,1209.6185445785522,19.702539253234864,811.4564957618713,completed
2064.296975,20,4.434931,1.0,True,20,0,0,555.9073238372803,650.5520629882812,6.038784027099609,555.9073238372803,completed
631.111626,20,4.454152,1.0,True,20,0,0,851.505763053894,1342.4645433425903,17.156847953796387,851.505763053894,completed
651.790171,20,4.473559,1.0,True,20,0,0,802.071102142334,1059.219482421875,23.920643424987794,802.071102142334,completed
663.804807,20,4.492421,1.0,True,20,0,0,824.5207352638245,1089.312273979187,23.080981254577637,824.5207352638245,completed
2000.433306,20,4.511141,1.0,True,20,0,0,583.9795813560486,769.9132409095764,5.1818595170974735,583.9795813560486,completed
1182.52154,20,4.53099,1.0,True,20,0,0,678.9165735244751,968.364426612854,14.373191165924073,678.9165735244751,completed
2386.625806,20,4.550086,1.0,True,20,0,0,468.9761667251587,572.9560356140137,2.6684213638305665,468.9761667251587,completed
1304.395914,20,4.568707,1.0,True,20,0,0,666.3180360794067,870.1067924499512,16.717394828796387,666.3180360794067,completed
1506.693228,20,4.587662,1.0,True,20,0,0,705.4669151306152,992.3791313171387,9.585239458084107,705.4669151306152,completed
1404.554091,20,4.606317,1.0,True,20,0,0,696.171350479126,947.229076385498,12.269777870178222,696.171350479126,completed
1584.181619,20,4.625073,1.0,True,20,0,0,636.2722864151001,840.1861896514893,12.246255016326904,636.2722864151001,completed
2347.078624,20,4.643921,1.0,True,20,0,0,541.1857423782349,638.0018482208252,2.035197448730469,541.1857423782349,completed
2092.572046,20,4.663151,1.0,True,20,0,0,615.6263031959534,724.6378412246704,3.648763656616211,615.6263031959534,completed
1609.832157,20,4.68213,1.0,True,20,0,0,695.408299446106,925.0156440734863,7.760141372680664,695.408299446106,completed
1386.638497,20,4.70071,1.0,True,20,0,0,534.9410128593445,861.4654188156128,16.244623374938964,534.9410128593445,completed
1240.422024,20,4.719415,1.0,True,20,0,0,780.0826845169067,960.4094619750977,15.376948928833007,780.0826845169067,completed
1862.073419,20,4.738544,1.0,True,20,0,0,592.3387584686279,694.157790184021,9.348743915557861,592.3387584686279,completed
929.127734,20,4.75769,1.0,True,20,0,0,684.7336587905884,1083.7438106536865,18.697846984863283,684.7336587905884,completed
469.768974,20,4.776629,1.0,True,20,0,0,877.442720413208,1270.4315376281738,20.907267570495605,877.442720413208,completed
-22.082568,20,4.795615,1.0,True,20,0,0,867.2367210388184,1390.1624603271484,31.939045715332032,867.2367210388184,completed
1023.037695,20,4.814932,1.0,True,20,0,0,697.4486694335938,1027.1357173919678,18.34109535217285,697.4486694335938,completed
865.582256,20,4.834018,1.0,True,20,0,0,693.444634437561,1056.545874595642,20.903762531280517,693.444634437561,completed
968.307404,20,4.852974,1.0,True,20,0,0,720.8275351524353,1028.3606233596802,19.949984741210937,720.8275351524353,completed
1756.84666,20,4.87222,1.0,True,20,0,0,641.4562993049622,841.8484983444214,8.43115530014038,641.4562993049622,completed
1597.758948,20,4.891184,1.0,True,20,0,0,621.4675016403198,859.3841705322266,10.975949096679688,621.4675016403198,completed
2251.301381,20,4.90993,1.0,True,20,0,0,590.9109048843384,675.7947463989258,2.64444637298584,590.9109048843384,completed
361.7063,20,4.928557,1.0,True,20,0,0,740.742413520813,1072.4522771835327,32.35376868247986,740.742413520813,completed
1697.943094,20,4.946972,1.0,True,20,0,0,616.632931470871,832.073983669281,9.919894123077393,616.632931470871,completed
1904.787326,20,4.965791,1.0,True,20,0,0,622.8651762008667,771.4697332382202,6.946921539306641,622.8651762008667,completed
1774.708263,20,4.984501,1.0,True,20,0,0,612.3528513908386,782.7889986038208,8.795303201675415,612.3528513908386,completed
880.755011,20,5.00327,1.0,True,20,0,0,790.930926322937,1141.1533336639404,17.985444164276124,790.930926322937,completed
1761.634337,20,5.022046,1.0,True,20,0,0,666.4795541763306,1025.0909719467163,4.14694652557373,666.4795541763306,completed
1076.311747,20,5.041392,1.0,True,20,0,0,773.705065369606,1179.3262264728546,12.93015912771225,773.705065369606,completed
842.401466,20,5.060906,1.0,True,20,0,0,801.0304050445557,1085.3390617370605,20.95268306732178,801.0304050445557,completed
1750.541343,20,5.079808,1.0,True,20,0,0,697.9601097106934,944.9651985168457,5.530521821975708,697.9601097106934,completed
1886.625241,20,5.098741,1.0,True,20,0,0,578.7037200927734,718.1131019592285,8.905702877044678,578.7037200927734,completed
1414.3849,20,5.117838,1.0,True,20,0,0,732.4274826049805,887.4822750091553,13.748202705383301,732.4274826049805,completed
1580.612963,20,5.137114,1.0,True,20,0,0,598.9087867736816,739.7848978042603,14.406959438323975,598.9087867736816,completed
1704.599633,20,5.156388,1.0,True,20,0,0,695.9530248641968,822.4378547668457,9.453672790527344,695.9530248641968,completed
1070.020952,20,5.175509,1.0,True,20,0,0,681.7127676010132,955.6944885253906,19.367186260223388,681.7127676010132,completed
1026.981874,20,5.194681,1.0,True,20,0,0,799.459755897522,1113.2642107009888,14.968791007995605,799.459755897522,completed
980.719631,20,5.213183,1.0,True,20,0,0,862.7923717498779,1274.0559215545654,11.378585815429688,862.7923717498779,completed
984.068685,20,5.231764,1.0,True,20,0,0,767.4859867095947,1099.213252067566,15.657628631591797,767.4859867095947,completed
863.450654,20,5.250958,1.0,True,20,0,0,652.5617809295654,1003.3682441711426,23.032680225372314,652.5617809295654,completed
1776.646268,20,5.269918,1.0,True,20,0,0,583.9492797851562,762.3568506240845,10.359790706634522,583.9492797851562,completed
1612.503064,20,5.28847,1.0,True,20,0,0,619.6730756759644,787.9682455062866,12.598200511932372,619.6730756759644,completed
1357.4463,20,5.307642,1.0,True,20,0,0,695.330714225769,961.7571544647217,13.060560035705567,695.330714225769,completed
1796.102471,20,5.326205,1.0,True,20,0,0,592.1787314414978,742.0557613372803,9.683223819732666,592.1787314414978,completed
836.306733,20,5.344627,1.0,True,20,0,0,694.6441679000854,1060.5400829315186,22.757816886901857,694.6441679000854,completed
908.372069,20,5.364095,1.0,True,20,0,0,817.9928541183472,1085.8011493682861,19.036273860931395,817.9928541183472,completed
1906.070131,20,5.383356,1.0,True,20,0,0,633.4401657581329,762.4986729621887,6.377930736541748,633.4401657581329,completed
1300.323092,20,5.402281,1.0,True,20,0,0,653.6090370416641,959.1162903308868,14.562089157104491,653.6090370416641,completed
1727.293782,20,5.422825,1.0,True,20,0,0,590.1510910987854,744.4629120826721,10.742658996582032,590.1510910987854,completed
1883.744998,20,5.442212,1.0,True,20,0,0,672.3679084777832,868.0407657623291,4.074735355377197,672.3679084777832,completed
1000.190244,20,5.461754,1.0,True,20,0,0,692.0009503364563,1128.156018257141,17.465939140319826,692.0009503364563,completed
1527.6708,20,5.480508,1.0,True,20,0,0,650.9012594223022,971.1461429595947,9.838192176818847,650.9012594223022,completed
1296.022417,20,5.498929,1.0,True,20,0,0,643.2128114700317,1053.3943309783936,13.482903289794923,643.2128114700317,completed
2440.511915,20,5.518301,1.0,True,20,0,0,453.9734239578247,521.5844488143921,2.959028434753418,453.9734239578247,completed
2156.63407,20,5.537085,1.0,True,20,0,0,517.4114489555359,695.7758474349976,3.6891407012939452,517.4114489555359,completed
1021.885318,20,5.555924,1.0,True,20,0,0,661.680983543396,1020.6644487380981,19.084379959106446,661.680983543396,completed
680.891452,20,5.574782,1.0,True,20,0,0,784.6487035751343,1135.505729675293,21.356575584411623,784.6487035751343,completed
869.032432,20,5.594196,1.0,True,20,0,0,755.1167197227478,995.9715051651001,22.808222007751464,755.1167197227478,completed
1909.4108,20,5.613163,1.0,True,20,0,0,582.8292119503021,687.2893197536469,7.871835517883301,582.8292119503021,completed
1820.090965,20,5.631746,1.0,True,20,0,0,607.1226744651794,721.5515947341919,8.798216915130615,607.1226744651794,completed
1909.658681,20,5.651289,1.0,True,20,0,0,555.8228034973145,678.1151790618896,9.148023509979248,555.8228034973145,completed
686.818969,20,5.674602,1.0,True,20,0,0,847.223313331604,1052.5628566741943,23.17569751739502,847.223313331604,completed
935.988344,20,5.696583,1.0,True,20,0,0,763.8620882034302,1088.2128686904907,18.46650619506836,763.8620882034302,completed
996.685292,20,5.715602,1.0,True,20,0,0,791.1609869003296,1141.5067825317383,16.32401638031006,791.1609869003296,completed
928.208892,20,5.734864,1.0,True,20,0,0,717.5218114852905,1016.876485824585,21.317847156524657,717.5218114852905,completed
1856.475634,20,5.754406,1.0,True,20,0,0,585.3288798332214,722.2676954269409,10.070814323425292,585.3288798332214,completed
800.946211,20,5.774072,1.0,True,20,0,0,722.1942882537842,1049.1934642791748,22.915610122680665,722.1942882537842,completed
1078.194256,20,5.793461,1.0,True,20,0,0,746.7580709457397,958.4448146820068,18.736540126800538,746.7580709457397,completed
1657.457557,20,5.813078,1.0,True,20,0,0,577.1115107536316,802.2058873176575,12.346226501464844,577.1115107536316,completed
2445.851369,20,5.831823,1.0,True,20,0,0,514.6955528259277,586.7912645339966,1.3715227127075196,514.6955528259277,completed
1506.964071,20,5.850554,1.0,True,20,0,0,593.7401139736176,802.8347172737122,15.841841793060302,593.7401139736176,completed
1444.291466,20,5.869118,1.0,True,20,0,0,607.1882243156433,841.3918962478638,14.27161283493042,607.1882243156433,completed
1256.270143,20,5.888184,1.0,True,20,0,0,722.4055004119873,1084.1407051086426,11.818294525146484,722.4055004119873,completed
1122.171519,20,5.906626,1.0,True,20,0,0,638.5364589691162,934.6066961288452,19.915981006622314,638.5364589691162,completed
413.754966,20,5.925798,1.0,True,20,0,0,821.7586035728455,1267.7943172454834,24.465403079986572,821.7586035728455,completed
1307.410419,20,5.944882,1.0,True,20,0,0,603.0271849632263,866.8189897537231,18.306809520721437,603.0271849632263,completed
348.835372,20,5.963758,1.0,True,20,0,0,689.0763912200928,1099.195785522461,32.71508572101593,689.0763912200928,completed
1758.891272,20,5.982779,1.0,True,20,0,0,621.2605395317078,911.6624822616577,6.7630918502807615,621.2605395317078,completed
1769.763586,20,6.001537,1.0,True,20,0,0,578.357408285141,742.9385075569153,10.524740266799927,578.357408285141,completed
-62.783153,20,6.020402,1.0,True,20,0,0,908.6187725067139,1333.723648071289,33.88789691925049,908.6187725067139,completed
945.35881,20,6.039827,1.0,True,20,0,0,681.4077858924866,1106.9696893692017,18.95324649810791,681.4077858924866,completed
1098.771219,20,6.058689,1.0,True,20,0,0,794.6379137039185,997.953688621521,16.417424392700195,794.6379137039185,completed
1543.459445,20,6.077818,1.0,True,20,0,0,662.8335962295532,911.3346376419067,10.909307384490967,662.8335962295532,completed
1271.400985,20,6.097066,1.0,True,20,0,0,710.7279539108276,929.6639423370361,13.988297653198241,710.7279539108276,completed
1104.979022,20,6.116275,1.0,True,20,0,0,720.1180729866028,981.6629581451416,17.203022003173828,720.1180729866028,completed
1890.825417,20,6.135182,1.0,True,20,0,0,650.6481928825378,782.4551491737366,5.327125072479248,650.6481928825378,completed
2371.712237,20,6.154249,1.0,True,20,0,0,468.1308057308197,546.4882218837738,3.781805896759033,468.1308057308197,completed
917.916467,20,6.172883,1.0,True,20,0,0,629.9791543483734,943.3424181938171,24.285484504699706,629.9791543483734,completed
1693.924076,20,6.192317,1.0,True,20,0,0,705.3498468399048,921.5949172973633,6.22779016494751,705.3498468399048,completed
1970.971707,20,6.211425,1.0,True,20,0,0,587.2252336740494,741.4980175495148,6.651133346557617,587.2252336740494,completed
969.605539,20,6.230231,1.0,True,20,0,0,678.0236747264862,935.8379683494568,21.85396227836609,678.0236747264862,completed
1292.313503,20,6.249551,1.0,True,20,0,0,712.7535190582275,987.0723962783813,13.106368732452392,712.7535190582275,completed
1636.337992,20,6.268568,1.0,True,20,0,0,597.2870597839355,847.9349384307861,11.314033508300781,597.2870597839355,completed
1677.388292,20,6.28678,1.0,True,20,0,0,628.401291847229,773.9998922348022,11.229276275634765,628.401291847229,completed
962.629493,20,6.305472,1.0,True,20,0,0,668.5908603668213,926.507345199585,23.051447772979735,668.5908603668213,completed
1679.477958,20,6.324007,1.0,True,20,0,0,618.6800990104675,792.8788537979126,12.053681087493896,618.6800990104675,completed
863.423618,20,6.343139,1.0,True,20,0,0,656.3967599868774,959.8634815216064,24.797212409973145,656.3967599868774,completed
386.767776,20,7.498754,1.0,True,20,0,0,817.4444332122803,1160.5777740478516,26.278250312805177,817.4444332122803,completed
845.209769,20,7.518331,1.0,True,20,0,0,800.9903321266174,1159.198606967926,18.226939105987547,800.9903321266174,completed
1193.441123,20,7.537742,1.0,True,20,0,0,632.3136501312256,912.5329122543335,18.209612083435058,632.3136501312256,completed
-164.472065,20,7.557384,1.0,True,20,0,0,831.0627975463867,1226.1184253692627,38.0526029586792,831.0627975463867,completed
1512.135534,20,7.576537,1.0,True,20,0,0,636.9433670043945,818.7381725311279,14.627161407470703,636.9433670043945,completed
1416.759217,20,7.595452,1.0,True,20,0,0,704.3215637207031,921.4220314025879,13.177090263366699,704.3215637207031,completed
814.779841,20,7.614751,1.0,True,20,0,0,661.1225304603577,997.248703956604,24.289326667785645,661.1225304603577,completed
896.971838,20,7.633595,1.0,True,20,0,0,757.2852334976196,1023.5495872497559,19.443811893463135,757.2852334976196,completed
1443.190955,20,7.652202,1.0,True,20,0,0,732.140638589859,880.5398554801941,12.598270511627197,732.140638589859,completed
1520.704137,20,7.671337,1.0,True,20,0,0,755.5924615859985,965.1598796844482,8.606612968444825,755.5924615859985,completed
1729.649124,20,7.689929,1.0,True,20,0,0,589.5359597206116,790.7614870071411,11.29479160308838,589.5359597206116,completed
1407.050445,20,7.709088,1.0,True,20,0,0,666.0602922439575,891.3861865997314,13.56971435546875,666.0602922439575,completed
1292.617342,20,7.727983,1.0,True,20,0,0,700.7386436462402,888.1915245056152,16.623219871520995,700.7386436462402,completed
707.027624,20,7.746973,1.0,True,20,0,0,786.6887722015381,1154.22953414917,22.032665634155272,786.6887722015381,completed
1742.681816,20,7.766375,1.0,True,20,0,0,531.6933603286743,712.1275863647461,12.12404556274414,531.6933603286743,completed
1634.736587,20,7.788603,1.0,True,20,0,0,619.6133861541748,932.2908344268799,9.324386596679688,619.6133861541748,completed
1281.74543,20,7.807953,1.0,True,20,0,0,663.6624174118042,902.1817035675049,17.69143114089966,663.6624174118042,completed
1807.929855,20,7.827071,1.0,True,20,0,0,582.672975063324,776.6583232879639,9.8285551071167,582.672975063324,completed
1472.165744,20,7.846071,1.0,True,20,0,0,668.8049879074097,1007.9334545135498,9.945611572265625,668.8049879074097,completed
2043.089044,20,7.864904,1.0,True,20,0,0,496.8808879852295,615.1919612884521,9.05178165435791,496.8808879852295,completed
2072.675038,20,7.883293,1.0,True,20,0,0,515.3057413101196,695.2354564666748,6.459562873840332,515.3057413101196,completed
1823.978315,20,7.90194,1.0,True,20,0,0,615.4422454833984,783.8863458633423,8.737033939361572,615.4422454833984,completed
2037.878319,20,7.920724,1.0,True,20,0,0,540.4477741718292,627.620728969574,7.56175537109375,540.4477741718292,completed
677.681523,20,7.940375,1.0,True,20,0,0,855.3987555503845,1038.7891912460327,23.035277843475342,855.3987555503845,completed
2165.600113,20,7.962602,1.0,True,20,0,0,548.0812511444092,798.3195190429688,1.4349916458129883,548.0812511444092,completed
1102.369603,20,7.982252,1.0,True,20,0,0,818.9411134719849,1087.595760345459,14.122759819030762,818.9411134719849,completed
724.764882,20,8.016488,1.0,True,20,0,0,690.9263515472412,1077.7446689605713,24.504004287719727,690.9263515472412,completed
433.0191,20,8.04865,1.0,True,20,0,0,863.5938863754272,1110.4691715240479,27.05771198272705,863.5938863754272,completed
1398.633108,20,8.070166,1.0,True,20,0,0,638.2200899124146,956.2045402526855,14.290246105194091,638.2200899124146,completed
440.084175,20,8.09054,1.0,True,20,0,0,885.2599143981934,1184.7269978523254,24.514004468917847,885.2599143981934,completed
1595.508508,20,8.113857,1.0,True,20,0,0,690.7712445259094,917.747633934021,9.01265869140625,690.7712445259094,completed
2053.35841,20,8.139581,1.0,True,20,0,0,574.3906071186066,707.2110238075256,6.351877498626709,574.3906071186066,completed
2237.666994,20,8.163445,1.0,True,20,0,0,534.7172780036926,642.8845281600952,2.8582414627075194,534.7172780036926,completed
1089.745279,20,8.219786,1.0,True,20,0,0,675.7631778717041,1025.1988430023193,17.051952171325684,675.7631778717041,completed
1777.168814,20,8.346404,1.0,True,20,0,0,593.0360553264618,736.9294085502625,9.659680080413818,593.0360553264618,completed
1379.817267,20,8.367851,1.0,True,20,0,0,640.8204832077026,809.0964841842651,16.89210777282715,640.8204832077026,completed
1696.077148,20,8.38828,1.0,True,20,0,0,665.4723517894745,852.0537362098694,9.309508275985717,665.4723517894745,completed
1639.814993,20,8.408414,1.0,True,20,0,0,604.2708225250244,810.9629344940186,11.514082145690917,604.2708225250244,completed
1165.45609,20,8.429141,1.0,True,20,0,0,618.6197199821472,917.2183995246887,20.235795974731445,618.6197199821472,completed
1094.019134,20,8.450432,1.0,True,20,0,0,683.2153158187866,948.6234931945801,17.064145851135255,683.2153158187866,completed
648.395347,20,8.474067,1.0,True,20,0,0,736.6943626403809,1123.823886871338,23.834543991088868,736.6943626403809,completed
1346.872419,20,8.499582,1.0,True,20,0,0,651.0878524780273,909.3711786270142,15.42916431427002,651.0878524780273,completed
1023.127526,20,8.52009,1.0,True,20,0,0,726.7230010032654,988.7874159812927,18.954312896728517,726.7230010032654,completed
1706.280921,20,8.543823,1.0,True,20,0,0,599.566036939621,801.8502316474915,9.548605060577392,599.566036939621,completed
921.526444,20,8.568222,1.0,True,20,0,0,679.992021560669,1007.1008777618408,21.691684436798095,679.992021560669,completed
1647.816184,20,8.590067,1.0,True,20,0,0,656.4382762908936,910.9724178314209,8.406279754638671,656.4382762908936,completed
1637.922992,20,8.611034,1.0,True,20,0,0,782.6249127388,952.6270265579224,5.6153082847595215,782.6249127388,completed
2041.16271,20,8.631564,1.0,True,20,0,0,575.6512858867645,670.3402714729309,6.40180549621582,575.6512858867645,completed
2505.213455,20,8.651515,1.0,True,20,0,0,478.9922912120819,572.1921019554138,0.8244964599609375,478.9922912120819,completed
633.437867,20,8.671007,1.0,True,20,0,0,791.4067811965942,1053.487452507019,24.69704666137695,791.4067811965942,completed
1530.787848,20,8.692833,1.0,True,20,0,0,625.108868598938,922.4348058700562,10.23671360015869,625.108868598938,completed
1603.083426,20,8.71178,1.0,True,20,0,0,664.6566495895386,876.3867626190186,10.35242862701416,664.6566495895386,completed
-50.125541,20,8.73157,1.0,True,20,0,0,864.3245000839233,1317.5316648483276,32.8061502456665,864.3245000839233,completed
1832.093247,20,8.751389,1.0,True,20,0,0,581.0376784801483,726.1291270256042,10.01355266571045,581.0376784801483,completed
1313.264765,20,8.771395,1.0,True,20,0,0,746.2510366439819,956.4584016799927,13.54700927734375,746.2510366439819,completed
1241.525912,20,8.797229,1.0,True,20,0,0,775.2120090723038,885.3559219837189,14.986384201049805,775.2120090723038,completed
424.433475,20,8.817901,1.0,True,20,0,0,746.4000458717346,1135.7489018440247,28.960067629814148,746.4000458717346,completed
1371.109173,20,8.84011,1.0,True,20,0,0,585.0983083248138,909.9108347892761,15.798248100280762,585.0983083248138,completed
1872.591445,20,8.861252,1.0,True,20,0,0,556.0739755630493,768.6619482040405,8.2059006690979,556.0739755630493,completed
1530.485085,20,8.882264,1.0,True,20,0,0,594.5936422348022,824.8668966293335,12.760128593444824,594.5936422348022,completed
511.591067,20,8.902935,1.0,True,20,0,0,773.5145983695984,1107.1405267715454,27.16113986968994,773.5145983695984,completed
1464.795401,20,8.922862,1.0,True,20,0,0,701.4350414276123,1045.9689121246338,9.219444274902344,701.4350414276123,completed
2214.076715,20,8.942768,1.0,True,20,0,0,509.52873396873474,652.3729891777039,4.189893913269043,509.52873396873474,completed
578.120786,20,8.96193,1.0,True,20,0,0,850.2265000343323,1216.8466062545776,21.330301189422606,850.2265000343323,completed
1757.373882,20,8.981051,1.0,True,20,0,0,672.540198802948,842.0282583236694,6.696772861480713,672.540198802948,completed
1312.79028,20,9.000367,1.0,True,20,0,0,620.6017961502075,871.7445116043091,15.898241996765137,620.6017961502075,completed
1047.015777,20,9.019025,1.0,True,20,0,0,813.6951417922974,1011.7848987579346,17.045093727111816,813.6951417922974,completed
1015.887453,20,9.039704,1.0,True,20,0,0,585.2528047561646,970.4804744720459,21.760808563232423,585.2528047561646,completed
2161.214746,20,9.060086,1.0,True,20,0,0,548.8343286514282,661.5622711181641,5.9191539764404295,548.8343286514282,completed
2005.366477,20,9.079876,1.0,True,20,0,0,616.3017506599426,741.5329065322876,5.979156875610352,616.3017506599426,completed
1865.343674,20,9.099968,1.0,True,20,0,0,525.8974714279175,676.4879703521729,10.749526882171631,525.8974714279175,completed
994.446498,20,9.120213,1.0,True,20,0,0,791.7105350494385,1015.3967609405518,17.339768600463866,791.7105350494385,completed
1265.070416,20,9.140516,1.0,True,20,0,0,657.7277541160583,900.2977933883667,16.37413396835327,657.7277541160583,completed
1306.505834,20,9.160936,1.0,True,20,0,0,676.4206113815308,1020.9955730438232,13.61366672515869,676.4206113815308,completed
1902.391998,20,9.187075,1.0,True,20,0,0,660.0878887176514,858.6165180206299,4.051927471160889,660.0878887176514,completed
2112.864782,20,9.209018,1.0,True,20,0,0,617.6189336776733,661.1131496429443,4.858484840393066,617.6189336776733,completed
1682.644584,20,9.230424,1.0,True,20,0,0,630.7735919952393,797.5552463531494,11.039512252807617,630.7735919952393,completed
384.05054,20,9.250977,1.0,True,20,0,0,756.5731353759766,1102.5912456512451,29.478880214691163,756.5731353759766,completed
1950.701428,20,9.271418,1.0,True,20,0,0,641.9542226791382,801.9809246063232,5.298675537109375,641.9542226791382,completed
1852.223542,20,9.297135,1.0,True,20,0,0,615.8172197341919,799.054801940918,6.358146095275879,615.8172197341919,completed
492.290701,20,9.317846,1.0,True,20,0,0,818.576717376709,1169.6475830078125,23.998773193359376,818.576717376709,completed
1300.035777,20,9.337264,1.0,True,20,0,0,675.5683611631393,863.4152629375458,16.871660423278808,675.5683611631393,completed
2228.750997,20,9.35787,1.0,True,20,0,0,547.7750210762024,653.9798517227173,3.8301538467407226,547.7750210762024,completed
974.125431,20,9.378495,1.0,True,20,0,0,801.6852874755859,1189.6767082214355,14.780475425720216,801.6852874755859,completed
913.462697,20,9.398463,1.0,True,20,0,0,668.1381893157959,963.2521238327026,23.90192632675171,668.1381893157959,completed
1725.508041,20,9.417875,1.0,True,20,0,0,631.4257252216339,816.988733291626,9.4237229347229,631.4257252216339,completed
774.682537,20,9.437915,1.0,True,20,0,0,821.3177347183228,1161.7457828521729,18.365161514282228,821.3177347183228,completed
1721.88484,20,9.471536,1.0,True,20,0,0,641.190526008606,776.2664928436279,9.862692546844482,641.190526008606,completed
1086.508355,20,9.49888,1.0,True,20,0,0,806.1681709289551,1216.1589622497559,11.17539710998535,806.1681709289551,completed
1117.457174,20,9.526595,1.0,True,20,0,0,690.908323764801,968.1384401321411,18.95113868713379,690.908323764801,completed
1678.295469,20,9.560339,1.0,True,20,0,0,628.6035394668579,813.2623558044434,10.123845386505128,628.6035394668579,completed
1412.376525,20,9.583799,1.0,True,20,0,0,725.4669027328491,955.378077507019,12.035686206817626,725.4669027328491,completed
2155.627561,20,9.609232,1.0,True,20,0,0,522.0596055984497,680.3731422424316,5.3181554794311525,522.0596055984497,completed
1561.969463,20,9.635336,1.0,True,20,0,0,649.3711793422699,873.2958807945251,11.694559001922608,649.3711793422699,completed
1677.312211,20,9.669429,1.0,True,20,0,0,653.5737657546997,765.6938896179199,11.70700626373291,653.5737657546997,completed
1612.386417,20,9.692847,1.0,True,20,0,0,697.2303619384766,871.1385116577148,9.150575065612793,697.2303619384766,completed
1031.408862,20,9.716295,1.0,True,20,0,0,810.7759647369385,1260.881633758545,12.50389404296875,810.7759647369385,completed
604.5199,20,9.738746,1.0,True,20,0,0,788.8279690742493,1224.687135219574,21.375686740875246,788.8279690742493,completed
2038.309487,20,9.764936,1.0,True,20,0,0,510.512836933136,665.9672079086304,6.945472049713135,510.512836933136,completed
1530.026141,20,9.794617,1.0,True,20,0,0,664.5848920345306,800.7791209220886,14.259147262573242,664.5848920345306,completed
1476.401533,20,9.816816,1.0,True,20,0,0,734.4114503860474,1028.0077095031738,7.678577899932861,734.4114503860474,completed
1349.767627,20,9.839297,1.0,True,20,0,0,677.9090185165405,1028.0351057052612,12.941208648681641,677.9090185165405,completed
857.560349,20,9.861708,1.0,True,20,0,0,777.8878955841064,1042.677158355713,20.21905097961426,777.8878955841064,completed
1132.229264,20,11.28145,1.0,True,20,0,0,747.7270374298096,1100.8936100006104,14.703788566589356,747.7270374298096,completed
1800.720452,20,11.309866,1.0,True,20,0,0,661.1761775016785,849.5830087661743,6.825813293457031,661.1761775016785,completed
765.309702,20,11.330731,1.0,True,20,0,0,693.1529445648193,982.3343591690063,25.455768394470216,693.1529445648193,completed
2103.988352,20,11.351059,1.0,True,20,0,0,579.5968413352966,737.3962516784668,3.552941656112671,579.5968413352966,completed
2115.890316,20,11.378802,1.0,True,20,0,0,604.6292281150818,690.4470701217651,4.796009254455567,604.6292281150818,completed
737.716369,20,11.407145,1.0,True,20,0,0,788.423168182373,1116.0525035858154,19.789299392700194,788.423168182373,completed
1279.339484,20,11.425833,1.0,True,20,0,0,619.4737739562988,877.5137901306152,17.842777061462403,619.4737739562988,completed
1633.155732,20,11.44413,1.0,True,20,0,0,598.1692152023315,832.8767929077148,11.169456672668456,598.1692152023315,completed
175.518745,20,11.462524,1.0,True,20,0,0,888.1592798233032,1387.2745180130005,26.764592933654786,888.1592798233032,completed
987.607601,20,11.480979,1.0,True,20,0,0,723.3418073654175,945.8516073226929,21.07376365661621,723.3418073654175,completed
1520.549825,20,11.499315,1.0,True,20,0,0,623.6518063545227,909.886969089508,12.734585618972778,623.6518063545227,completed
656.847498,20,11.518398,1.0,True,20,0,0,732.6942138671875,1197.53804397583,21.031103134155273,732.6942138671875,completed
603.765766,20,11.540223,1.0,True,20,0,0,787.5239810943604,1251.1017303466797,20.687698554992675,787.5239810943604,completed
1944.891377,20,11.559408,1.0,True,20,0,0,540.6572740077972,792.5739169120789,7.222073745727539,540.6572740077972,completed
1707.024829,20,11.577753,1.0,True,20,0,0,632.13951587677,820.8470258712769,10.39399333000183,632.13951587677,completed
1111.973288,20,11.596784,1.0,True,20,0,0,707.648398399353,957.0386915206909,18.517377805709838,707.648398399353,completed
526.472121,20,11.614998,1.0,True,20,0,0,870.8166742324829,1213.538987159729,22.403624725341796,870.8166742324829,completed
1910.180008,20,11.633057,1.0,True,20,0,0,538.5339250564575,780.0707511901855,7.215545272827148,538.5339250564575,completed
1467.199231,20,11.651243,1.0,True,20,0,0,653.2313652038574,911.7383680343628,12.948743629455567,653.2313652038574,completed
439.642243,20,11.669429,1.0,True,20,0,0,752.4887866973877,1113.700698852539,29.0948429107666,752.4887866973877,completed
2130.735651,20,11.687468,1.0,True,20,0,0,556.9492321014404,763.1288642883301,2.5163264751434324,556.9492321014404,completed
1398.624438,20,11.705896,1.0,True,20,0,0,694.9435482025146,778.5698719024658,15.824564361572266,694.9435482025146,completed
495.257474,20,11.723906,1.0,True,20,0,0,900.8193006515503,1400.9568710327148,18.829959678649903,900.8193006515503,completed
2057.064122,20,11.741986,1.0,True,20,0,0,521.3651490211487,651.1788883209229,7.3455002784729,521.3651490211487,completed
2083.324006,20,11.760166,1.0,True,20,0,0,550.2154350280762,628.5302171707153,6.879087352752686,550.2154350280762,completed
1232.341553,20,11.778246,1.0,True,20,0,0,676.0499887466431,1010.2366218566895,15.144204235076904,676.0499887466431,completed
836.543382,20,11.796384,1.0,True,20,0,0,650.349093914032,980.262610912323,24.373957252502443,650.349093914032,completed
2042.457605,20,11.814721,1.0,True,20,0,0,568.6134724617004,724.5689234733582,5.608712387084961,568.6134724617004,completed
995.415878,20,11.832937,1.0,True,20,0,0,694.3180656433105,933.1109867095947,21.03927993774414,694.3180656433105,completed
1618.719307,20,11.850942,1.0,True,20,0,0,614.2985606193542,863.6217393875122,11.692941093444825,614.2985606193542,completed
550.630196,20,11.869033,1.0,True,20,0,0,881.480767250061,1259.2432794570923,21.00784339904785,881.480767250061,completed
2107.250128,20,11.887091,1.0,True,20,0,0,587.9150791168213,639.2432060241699,6.6708324432373045,587.9150791168213,completed
545.01202,20,11.905144,1.0,True,20,0,0,748.5545969009399,1040.938151359558,28.52058138847351,748.5545969009399,completed
2173.444912,20,11.923203,1.0,True,20,0,0,565.3557598590851,648.7681260108948,5.0924173355102536,565.3557598590851,completed
1985.399783,20,11.941217,1.0,True,20,0,0,600.6399326324463,735.7461395263672,5.6223875999450685,600.6399326324463,completed
1739.444988,20,11.959402,1.0,True,20,0,0,537.8469114303589,692.3972206115723,12.655248069763184,537.8469114303589,completed
1740.537234,20,11.977421,1.0,True,20,0,0,671.3070831298828,885.0030822753906,6.579378128051758,671.3070831298828,completed
1880.446002,20,11.99554,1.0,True,20,0,0,658.2991323471069,801.147029876709,5.582819652557373,658.2991323471069,completed
1497.671241,20,12.013778,1.0,True,20,0,0,681.3036842346191,800.1498908996582,14.209541702270508,681.3036842346191,completed
782.090941,20,12.031892,1.0,True,20,0,0,699.2160606384277,1003.8642406463623,23.728218936920165,699.2160606384277,completed
1555.100141,20,12.050052,1.0,True,20,0,0,593.9840841293335,762.7045521736145,14.488360023498535,593.9840841293335,completed
1527.417147,20,12.068068,1.0,True,20,0,0,686.7165269851685,891.984619140625,11.484246397018433,686.7165269851685,completed
1299.982889,20,12.086356,1.0,True,20,0,0,664.5876774787903,1007.1206955909729,13.085793495178223,664.5876774787903,completed
1341.021249,20,12.10449,1.0,True,20,0,0,683.3234663009644,937.9476222991943,14.306057167053222,683.3234663009644,completed
1874.416131,20,12.122694,1.0,True,20,0,0,639.9145369529724,768.8301186561584,5.64805040359497,639.9145369529724,completed
1150.216,20,12.140963,1.0,True,20,0,0,632.9236526489258,933.5598964691162,18.077848052978517,632.9236526489258,completed
2151.733461,20,12.158959,1.0,True,20,0,0,575.9132924079895,776.4290590286255,1.9661649703979491,575.9132924079895,completed
1106.497371,20,12.177114,1.0,True,20,0,0,710.3751935958862,918.4253025054932,19.05024199485779,710.3751935958862,completed
1010.823387,20,12.195334,1.0,True,20,0,0,669.8328018188477,1055.8019256591797,18.89737033843994,669.8328018188477,completed
1167.000081,20,12.213482,1.0,True,20,0,0,691.3395118713379,946.812783241272,17.042553758621217,691.3395118713379,completed
1118.170666,20,12.232348,1.0,True,20,0,0,763.0691709518433,1092.9500703811646,14.418568849563599,763.0691709518433,completed
1698.133566,20,12.25049,1.0,True,20,0,0,615.3686981201172,857.7327117919922,9.228480815887451,615.3686981201172,completed
2203.897898,20,12.268455,1.0,True,20,0,0,556.235463142395,734.4302368164062,2.1121891021728514,556.235463142395,completed
1793.79102,20,12.286662,1.0,True,20,0,0,571.5137028694153,806.3162159919739,8.908823013305664,571.5137028694153,completed
1385.13721,20,12.304694,1.0,True,20,0,0,696.021270275116,848.5775318145752,16.095368576049804,696.021270275116,completed
279.754097,20,12.322927,1.0,True,20,0,0,804.4708290100098,1216.3713397979736,30.113873291015626,804.4708290100098,completed
98.976956,20,12.341241,1.0,True,20,0,0,775.373010635376,1210.6871700286865,33.976083755493164,775.373010635376,completed
1649.298672,20,12.359469,1.0,True,20,0,0,696.3755445480347,777.8914661407471,10.804884719848634,696.3755445480347,completed
1402.04959,20,12.377581,1.0,True,20,0,0,681.0166034698486,850.2583694458008,15.226406049728393,681.0166034698486,completed
1746.208486,20,12.395584,1.0,True,20,0,0,645.2620949745178,742.7326574325562,10.740708351135254,645.2620949745178,completed
1182.77132,20,12.413528,1.0,True,20,0,0,746.6559405326843,958.1246881484985,16.757448959350587,746.6559405326843,completed
1366.471598,20,12.43162,1.0,True,20,0,0,630.7760791778564,868.4957427978516,15.117935943603516,630.7760791778564,completed
1912.776874,20,12.449773,1.0,True,20,0,0,555.1623311042786,695.3033604621887,8.607300758361816,555.1623311042786,completed
606.076391,20,12.467965,1.0,True,20,0,0,743.5541343688965,1173.5082054138184,24.048302555084227,743.5541343688965,completed
755.422648,20,12.485974,1.0,True,20,0,0,740.5935525894165,1016.2066516876221,25.309847593307495,740.5935525894165,completed
1347.288685,20,12.504258,1.0,True,20,0,0,676.9407458305359,925.2972412109375,13.967997550964355,676.9407458305359,completed
1182.219889,20,12.522306,1.0,True,20,0,0,726.6000576019287,1051.7783432006836,13.871597480773925,726.6000576019287,completed
1879.921575,20,12.540435,1.0,True,20,0,0,570.2768440246582,766.2047052383423,7.877178573608399,570.2768440246582,completed
816.058489,20,12.558599,1.0,True,20,0,0,753.1177778244019,1063.0641832351685,20.442506074905396,753.1177778244019,completed
1145.263232,20,12.576751,1.0,True,20,0,0,628.9901571273804,948.7127094268799,18.468967342376708,628.9901571273804,completed
2151.35506,20,12.594769,1.0,True,20,0,0,606.6167135238647,747.5198993682861,2.935075569152832,606.6167135238647,completed
1386.646191,20,12.613013,1.0,True,20,0,0,721.3287334442139,1036.7019386291504,9.879610919952393,721.3287334442139,completed
1083.546478,20,12.631387,1.0,True,20,0,0,747.1192364692688,1004.2592935562134,17.337418937683104,747.1192364692688,completed
1000.04011,20,12.649626,1.0,True,20,0,0,757.2659463882446,1049.4128065109253,18.65615587234497,757.2659463882446,completed
1512.738508,20,12.667675,1.0,True,20,0,0,725.4835538864136,866.2066516876221,11.97860107421875,725.4835538864136,completed
1785.998465,20,12.685847,1.0,True,20,0,0,719.5806713104248,793.1685829162598,7.869192266464234,719.5806713104248,completed
683.196288,20,12.703943,1.0,True,20,0,0,815.6986017227173,1176.499168395996,20.95588665008545,815.6986017227173,completed
1085.521139,20,12.722054,1.0,True,20,0,0,678.3308782577515,1047.110969543457,15.891456699371338,678.3308782577515,completed
2007.786508,20,12.740214,1.0,True,20,0,0,667.5842294692993,729.5752763748169,5.478253746032715,667.5842294692993,completed
1782.492498,20,12.758379,1.0,True,20,0,0,597.1476144790649,775.3928442001343,9.65717010498047,597.1476144790649,completed
1575.789478,20,12.776495,1.0,True,20,0,0,683.7923330068588,894.9873931407928,10.236224746704101,683.7923330068588,completed
1572.448616,20,12.794715,1.0,True,20,0,0,620.0425539016724,838.947756767273,12.192082977294922,620.0425539016724,completed
1520.918703,20,12.813055,1.0,True,20,0,0,698.7933802604675,896.1554231643677,10.725857591629028,698.7933802604675,completed
1401.169476,20,12.834219,1.0,True,20,0,0,641.6690549850464,859.6639156341553,15.579969596862792,641.6690549850464,completed
2367.272193,20,12.852358,1.0,True,20,0,0,436.0858590602875,573.9391093254089,3.618581771850586,436.0858590602875,completed
1460.94747,20,12.870666,1.0,True,20,0,0,687.4551410675049,954.2168884277344,10.173521709442138,687.4551410675049,completed
1822.718991,20,12.888819,1.0,True,20,0,0,554.0262365341187,810.1491394042969,8.342530345916748,554.0262365341187,completed
2053.146211,20,12.906832,1.0,True,20,0,0,621.4466624259949,728.3780994415283,4.444247055053711,621.4466624259949,completed
1549.538612,20,12.924892,1.0,True,20,0,0,618.1212539672852,932.1240310668945,10.231305027008057,618.1212539672852,completed
473.772604,20,12.943001,1.0,True,20,0,0,837.8546485900879,1173.5157642364502,25.941181659698486,837.8546485900879,completed
1819.315995,20,12.961255,1.0,True,20,0,0,621.734546661377,790.278636932373,7.958419418334961,621.734546661377,completed
1404.302348,20,12.979428,1.0,True,20,0,0,687.8971657752991,909.5937256813049,10.935156345367432,687.8971657752991,completed
1000.544066,20,12.997493,1.0,True,20,0,0,622.9341311454773,905.4221181869507,22.118278121948244,622.9341311454773,completed
1411.47965,20,13.015466,1.0,True,20,0,0,613.2949619293213,792.8674068450928,15.084730625152588,613.2949619293213,completed
1966.787838,20,13.033516,1.0,True,20,0,0,542.7936601638794,677.2023086547852,8.565335655212403,542.7936601638794,completed
1639.806416,20,13.051629,1.0,True,20,0,0,600.8618669509888,761.8063249588013,12.292237663269043,600.8618669509888,completed
1253.462921,20,13.074159,1.0,True,20,0,0,715.4638123512268,1035.0896964073181,12.716503143310547,715.4638123512268,completed
1323.995944,20,13.092672,1.0,True,20,0,0,705.2673916816711,917.446099281311,15.591322803497315,705.2673916816711,completed
1373.488239,20,13.111003,1.0,True,20,0,0,687.7364805936813,929.5955274105072,12.407869815826416,687.7364805936813,completed
113.943787,20,13.130588,1.0,True,20,0,0,935.80832862854,1275.879186630249,30.652602767944337,935.80832862854,completed
2294.512931,20,13.149128,1.0,True,20,0,0,524.3572378158569,564.392412185669,4.376026821136475,524.3572378158569,completed
576.172123,20,13.167237,1.0,True,20,0,0,818.648687839508,1092.3666105270386,25.90088481903076,818.648687839508,completed
1168.628561,20,14.435894,1.0,True,20,0,0,705.9951086044312,903.7062606811523,16.717437171936034,705.9951086044312,completed
1708.479497,20,14.458167,1.0,True,20,0,0,557.0717394351959,788.5144848823547,10.497788143157958,557.0717394351959,completed
1254.260045,20,14.479215,1.0,True,20,0,0,703.4749503135681,938.2584705352783,15.539266681671142,703.4749503135681,completed
1404.793834,20,14.499836,1.0,True,20,0,0,652.6149044036865,904.6100206375122,14.089155006408692,652.6149044036865,completed
1609.128604,20,14.520323,1.0,True,20,0,0,597.0432162284851,870.998532295227,11.363677024841309,597.0432162284851,completed
2385.348462,20,14.540477,1.0,True,20,0,0,558.4645738601685,626.4607048034668,1.1366504669189452,558.4645738601685,completed
1525.494367,20,14.563836,1.0,True,20,0,0,656.4602060317993,924.2327852249146,10.47433614730835,656.4602060317993,completed
1357.07602,20,14.584783,1.0,True,20,0,0,686.6208148002625,952.3592920303345,12.833906745910644,686.6208148002625,completed
2578.382367,20,14.605653,1.0,True,20,0,0,448.6574249267578,488.6866798400879,1.7466957569122314,448.6574249267578,completed
1781.730382,20,14.626511,1.0,True,20,0,0,593.9973096847534,772.8240976333618,9.794118118286132,593.9973096847534,completed
885.254438,20,14.64643,1.0,True,20,0,0,753.2290797233582,1149.4069695472717,18.836511182785035,753.2290797233582,completed
848.61856,20,14.668085,1.0,True,20,0,0,684.7332587242126,1011.5859813690186,23.944922637939452,684.7332587242126,completed
2317.360487,20,14.6966,1.0,True,20,0,0,524.507342338562,584.2016143798828,3.8828332901000975,524.507342338562,completed
1119.720707,20,14.718899,1.0,True,20,0,0,775.829644203186,1024.7272062301636,14.814539480209351,775.829644203186,completed
1243.456879,20,14.740168,1.0,True,20,0,0,742.9197635650635,883.9182376861572,16.712030029296876,742.9197635650635,completed
1419.470918,20,14.760442,1.0,True,20,0,0,662.6343774795532,861.6119432449341,13.504382944107055,662.6343774795532,completed
2234.846759,20,14.783237,1.0,True,20,0,0,567.935315489769,715.7760760784149,2.3009592056274415,567.935315489769,completed
1979.241669,20,14.808241,1.0,True,20,0,0,535.2723121643066,742.342851638794,7.200445175170898,535.2723121643066,completed
611.054324,20,14.829096,1.0,True,20,0,0,764.0400023460388,1090.3654561042786,25.277991819381715,764.0400023460388,completed
85.479661,20,14.849119,1.0,True,20,0,0,867.7455673217773,1312.0848197937012,30.139492416381835,867.7455673217773,completed
1610.588184,20,14.869686,1.0,True,20,0,0,607.7442216873169,855.6636629104614,11.588381338119508,607.7442216873169,completed
884.81212,20,14.891037,1.0,True,20,0,0,815.6384210586548,1134.7772798538208,16.438745498657227,815.6384210586548,completed
1434.010057,20,14.912657,1.0,True,20,0,0,609.8967719078064,798.9838428497314,17.52924132347107,609.8967719078064,completed
1639.281862,20,14.933328,1.0,True,20,0,0,698.5084697008133,820.6051981449127,10.4736834526062,698.5084697008133,completed
1267.84878,20,14.953648,1.0,True,20,0,0,696.5300717353821,950.5379209518433,14.966036605834962,696.5300717353821,completed
1856.302016,20,14.973968,1.0,True,20,0,0,494.7401967048645,677.2514410018921,10.796932029724122,494.7401967048645,completed
1867.242535,20,14.994794,1.0,True,20,0,0,609.1538927555084,919.8434796333313,4.010932540893554,609.1538927555084,completed
1498.000811,20,15.014913,1.0,True,20,0,0,588.205689907074,825.4262437820435,14.902672672271729,588.205689907074,completed
1384.489209,20,15.034846,1.0,True,20,0,0,753.6417388916016,855.7803268432617,13.799184703826905,753.6417388916016,completed
1448.822618,20,15.05464,1.0,True,20,0,0,745.3790011405945,843.3572731018066,13.281424522399902,745.3790011405945,completed
1794.52813,20,15.074886,1.0,True,20,0,0,609.1298589706421,767.4837675094604,9.39404525756836,609.1298589706421,completed
1456.643724,20,15.200095,1.0,True,20,0,0,811.1405901908875,942.6068267822266,9.995110321044923,811.1405901908875,completed
652.161448,20,15.220728,1.0,True,20,0,0,789.7056021690369,1176.4559106826782,21.497842216491698,789.7056021690369,completed
1814.960111,20,15.241672,1.0,True,20,0,0,561.0321493148804,737.9020795822144,10.418207788467408,561.0321493148804,completed
1840.837052,20,15.262676,1.0,True,20,0,0,699.9259910583496,807.5137481689453,6.398555755615234,699.9259910583496,completed
2099.81788,20,15.283468,1.0,True,20,0,0,511.7299084663391,685.2802228927612,4.8583982467651365,511.7299084663391,completed
2139.473491,20,15.314083,1.0,True,20,0,0,529.6579275131226,666.4743127822876,5.365250205993652,529.6579275131226,completed
520.592139,20,15.337909,1.0,True,20,0,0,754.2103953361511,1188.5391874313354,24.987212944030762,754.2103953361511,completed
1852.79771,20,15.35975,1.0,True,20,0,0,653.2358675003052,812.2727031707764,6.669019889831543,653.2358675003052,completed
78.842476,20,15.38239,1.0,True,20,0,0,960.1310987472534,1468.6162395477295,24.61502504348755,960.1310987472534,completed
1319.673162,20,15.405524,1.0,True,20,0,0,666.0235209465027,867.5509004592896,16.410168361663818,666.0235209465027,completed
2130.903663,20,15.426132,1.0,True,20,0,0,619.6182742118835,850.9064016342163,0.4082082748413086,619.6182742118835,completed
1199.826122,20,15.450703,1.0,True,20,0,0,692.3154807090759,927.8199472427368,17.354566192626955,692.3154807090759,completed
1638.572575,20,15.477183,1.0,True,20,0,0,627.1264815330505,811.1362295150757,11.197542095184327,627.1264815330505,completed
1772.445927,20,15.503286,1.0,True,20,0,0,597.9297161102295,733.5530033111572,11.672198486328124,597.9297161102295,completed
1272.978425,20,15.53818,1.0,True,20,0,0,745.4016871452332,1087.9379262924194,11.576221084594726,745.4016871452332,completed
1195.959786,20,15.56713,1.0,True,20,0,0,704.1395196914673,935.6546840667725,17.058408737182617,704.1395196914673,completed
1987.58376,20,15.589424,1.0,True,20,0,0,598.7527377605438,755.9352850914001,5.665894603729248,598.7527377605438,completed
1914.311914,20,15.611206,1.0,True,20,0,0,501.2792730331421,634.3614673614502,10.428072690963745,501.2792730331421,completed
1095.041819,20,15.632697,1.0,True,20,0,0,762.5845832824707,1014.7248477935791,16.53025245666504,762.5845832824707,completed
282.762137,20,15.656389,1.0,True,20,0,0,780.3907108306885,1250.6200542449951,28.833034420013426,780.3907108306885,completed
1891.743371,20,15.681645,1.0,True,20,0,0,522.4416327476501,692.5666971206665,9.699207067489624,522.4416327476501,completed
923.576842,20,15.706653,1.0,True,20,0,0,811.5483984947205,1039.5778322219849,20.023962593078615,811.5483984947205,completed
1276.188707,20,15.729336,1.0,True,20,0,0,699.9321966171265,1020.6672449111938,14.652950143814087,699.9321966171265,completed
412.048033,20,15.773711,1.0,True,20,0,0,758.0525500774384,1088.2823729515076,30.400245666503906,758.0525500774384,completed
2346.035328,20,15.801735,1.0,True,20,0,0,525.4520502090454,579.3256568908691,2.660880470275879,525.4520502090454,completed
1330.27905,20,15.825918,1.0,True,20,0,0,709.2022085189819,1001.8613452911377,11.803803634643554,709.2022085189819,completed
906.450842,20,15.847112,1.0,True,20,0,0,803.2219834327698,1129.474627494812,15.604846954345703,803.2219834327698,completed
2239.626885,20,15.867691,1.0,True,20,0,0,526.2854713201523,588.9149081707001,4.41988582611084,526.2854713201523,completed
1398.672756,20,15.888305,1.0,True,20,0,0,715.3680324554443,925.6986675262451,13.345947265625,715.3680324554443,completed
983.597386,20,15.909613,1.0,True,20,0,0,810.9860563278198,1180.9978122711182,14.642834663391113,810.9860563278198,completed
2419.089921,20,15.930106,1.0,True,20,0,0,538.4637157917023,587.418203830719,1.0417956352233886,538.4637157917023,completed
1913.23211,20,15.95096,1.0,True,20,0,0,550.7199401855469,716.8483419418335,9.320068740844727,550.7199401855469,completed
1567.098235,20,15.971397,1.0,True,20,0,0,609.8824625015259,875.6667966842651,12.093470287322997,609.8824625015259,completed
727.019332,20,15.991339,1.0,True,20,0,0,771.0771741867065,1082.7575492858887,23.10752649307251,771.0771741867065,completed
1973.200005,20,16.012376,1.0,True,20,0,0,571.3042578697205,717.3723268508911,6.247697019577027,571.3042578697205,completed
2070.35797,20,16.032676,1.0,True,20,0,0,547.1794924736023,729.3836030960083,5.725309276580811,547.1794924736023,completed
2134.931394,20,16.052557,1.0,True,20,0,0,495.52970933914185,603.8453416824341,6.463022613525391,495.52970933914185,completed
1280.235178,20,16.072636,1.0,True,20,0,0,671.3646845817566,891.1513910293579,16.666987037658693,671.3646845817566,completed
2071.787057,20,16.092676,1.0,True,20,0,0,583.7901878356934,707.0330944061279,5.75506067276001,583.7901878356934,completed
445.930222,20,16.112424,1.0,True,20,0,0,819.3864040374756,1262.8581275939941,24.457349872589113,819.3864040374756,completed
1574.462323,20,16.132585,1.0,True,20,0,0,503.20194816589355,775.9673309326172,15.626311111450196,503.20194816589355,completed
1455.16492,20,16.152501,1.0,True,20,0,0,633.4909181594849,873.4002933502197,13.350005149841309,633.4909181594849,completed
1348.974015,20,16.172285,1.0,True,20,0,0,692.1024103164673,898.822473526001,14.426495456695557,692.1024103164673,completed
1820.213412,20,16.192293,1.0,True,20,0,0,651.5537147521973,884.2681789398193,5.528984069824219,651.5537147521973,completed
473.024891,20,16.211929,1.0,True,20,0,0,801.425838470459,1165.9025917053223,25.465668869018554,801.425838470459,completed
1784.485873,20,16.233266,1.0,True,20,0,0,658.7483777999878,890.9836387634277,6.1295774459838865,658.7483777999878,completed
1799.234329,20,16.252782,1.0,True,20,0,0,719.6207847595215,964.3100509643555,3.456303596496582,719.6207847595215,completed
928.774504,20,16.272676,1.0,True,20,0,0,743.3058586120605,1027.673427581787,18.74503026008606,743.3058586120605,completed
1117.575069,20,16.292509,1.0,True,20,0,0,700.8529386520386,1068.272668838501,15.420330810546876,700.8529386520386,completed
1388.317993,20,16.312974,1.0,True,20,0,0,714.7395281791687,954.7519674301147,13.440278148651123,714.7395281791687,completed
1663.696081,20,16.33407,1.0,True,20,0,0,680.6740560531616,814.9692211151123,10.285833549499511,680.6740560531616,completed
1874.791885,20,16.354619,1.0,True,20,0,0,669.782238483429,858.3963289260864,5.227570247650147,669.782238483429,completed
616.546901,20,16.375196,1.0,True,20,0,0,706.942063331604,1011.1675510406494,27.55008888244629,706.942063331604,completed
1263.007864,20,16.395555,1.0,True,20,0,0,605.881826877594,912.9689130783081,18.729930877685547,605.881826877594,completed
1394.985512,20,16.416077,1.0,True,20,0,0,683.9283232688904,943.4186000823975,12.797425842285156,683.9283232688904,completed
1136.696868,20,16.436743,1.0,True,20,0,0,786.9395437240601,1048.9205741882324,15.4331693649292,786.9395437240601,completed
1187.099419,20,16.457155,1.0,True,20,0,0,721.4177556037903,986.8686513900757,13.737360286712647,721.4177556037903,completed
1746.915821,20,16.480682,1.0,True,20,0,0,592.0161809921265,754.5369548797607,10.572095489501953,592.0161809921265,completed
2144.725308,20,16.500928,1.0,True,20,0,0,571.5241780281067,812.1897592544556,1.2237862586975097,571.5241780281067,completed
1629.851248,20,16.52336,1.0,True,20,0,0,743.7613434791565,889.1375603675842,9.396015739440918,743.7613434791565,completed
846.253572,20,16.550436,1.0,True,20,0,0,679.2721042633057,1027.5055618286133,22.398176193237305,679.2721042633057,completed
1783.371202,20,16.577843,1.0,True,20,0,0,583.262885093689,867.1920642852783,7.3189949035644535,583.262885093689,completed
1752.763644,20,16.598869,1.0,True,20,0,0,635.6958990097046,880.4990520477295,6.306746482849121,635.6958990097046,completed
1630.839267,20,16.619719,1.0,True,20,0,0,659.9512596130371,859.1851577758789,10.202157592773437,659.9512596130371,completed
2141.368795,20,16.64154,1.0,True,20,0,0,545.6185398101807,676.8947486877441,4.1668964385986325,545.6185398101807,completed
1273.83767,20,16.662924,1.0,True,20,0,0,660.5838527679443,905.316029548645,17.224109649658203,660.5838527679443,completed
1510.139429,20,16.684656,1.0,True,20,0,0,615.1408319473267,792.0565643310547,15.112846279144287,615.1408319473267,completed
993.081332,20,16.706934,1.0,True,20,0,0,618.1832818984985,911.8204021453857,23.45015640258789,618.1832818984985,completed
-93.91179,20,16.728065,1.0,True,20,0,0,944.0236415863037,1307.5514850616455,32.97977428436279,944.0236415863037,completed
1400.858209,20,16.75026,1.0,True,20,0,0,696.9654400348663,1037.5866379737854,10.490430641174317,696.9654400348663,completed
1218.522232,20,16.772537,1.0,True,20,0,0,791.7488331794739,936.4178619384766,14.534220504760743,791.7488331794739,completed
1334.282814,20,16.794027,1.0,True,20,0,0,591.727605342865,927.6093282699585,15.507759046554565,591.727605342865,completed
1288.143908,20,18.163557,1.0,True,20,0,0,633.0546169281006,866.1027374267578,18.982757759094238,633.0546169281006,completed
1864.845461,20,18.196593,1.0,True,20,0,0,559.3470697402954,668.7660512924194,11.097591018676757,559.3470697402954,completed
2121.363444,20,18.264261,1.0,True,20,0,0,582.7145195007324,780.8375005722046,2.502164840698242,582.7145195007324,completed
1078.858312,20,18.292542,1.0,True,20,0,0,717.8900394439697,1116.2090468406677,14.814442825317382,717.8900394439697,completed
1845.684758,20,18.315155,1.0,True,20,0,0,596.5207891464233,751.0252704620361,9.381874275207519,596.5207891464233,completed
1534.338615,20,18.343857,1.0,True,20,0,0,603.5017275810242,773.6903071403503,15.187525272369385,603.5017275810242,completed
677.374816,20,18.367702,1.0,True,20,0,0,727.5308818817139,1093.2264881134033,23.463937950134277,727.5308818817139,completed
1074.084688,20,18.391633,1.0,True,20,0,0,662.4708173274994,1049.7995314598083,18.216333436965943,662.4708173274994,completed
981.886795,20,18.414784,1.0,True,20,0,0,743.1398801803589,1093.5827379226685,17.482206630706788,743.1398801803589,completed
1240.336419,20,18.440277,1.0,True,20,0,0,727.8533524274826,931.2562491893768,15.089242374897003,727.8533524274826,completed
1719.910718,20,18.463165,1.0,True,20,0,0,628.6385660171509,748.2320709228516,10.24627161026001,628.6385660171509,completed
1247.438375,20,18.485215,1.0,True,20,0,0,665.9798488616943,925.3454723358154,16.002342414855956,665.9798488616943,completed
2027.366597,20,18.506878,1.0,True,20,0,0,578.3221406936646,713.2010412216187,5.527974319458008,578.3221406936646,completed
1964.142349,20,18.528544,1.0,True,20,0,0,551.2407710552216,701.7850203514099,8.453741645812988,551.2407710552216,completed
1944.792813,20,18.552746,1.0,True,20,0,0,565.2057590484619,735.3420314788818,8.43018741607666,565.2057590484619,completed
1474.032112,20,18.574864,1.0,True,20,0,0,645.1560921669006,889.0588274002075,12.272738075256347,645.1560921669006,completed
1328.900833,20,18.599747,1.0,True,20,0,0,658.1594915390015,933.1046333312988,15.119709396362305,658.1594915390015,completed
2268.551326,20,18.62221,1.0,True,20,0,0,470.678417801857,612.2745940685272,3.888489246368408,470.678417801857,completed
803.702827,20,18.643738,1.0,True,20,0,0,741.8587646484375,1040.4885540008545,21.541112613677978,741.8587646484375,completed
1450.700051,20,18.665449,1.0,True,20,0,0,699.8659191131592,1018.7913646697998,9.717747402191161,699.8659191131592,completed
1625.490285,20,18.688916,1.0,True,20,0,0,684.315113067627,829.7830791473389,11.403981494903565,684.315113067627,completed
582.472906,20,18.710637,1.0,True,20,0,0,752.1266794204712,1124.627968788147,23.97900800704956,752.1266794204712,completed
2184.493649,20,18.801682,1.0,True,20,0,0,568.0744757652283,806.3139886856079,1.067906951904297,568.0744757652283,completed
1541.938872,20,18.883447,1.0,True,20,0,0,610.2508563995361,906.0466556549072,11.256482315063476,610.2508563995361,completed
1545.276714,20,18.918559,1.0,True,20,0,0,748.5035018920898,983.7513904571533,7.587366390228271,748.5035018920898,completed
499.788428,20,18.950753,1.0,True,20,0,0,903.6619691848755,1257.5621881484985,21.992399597167967,903.6619691848755,completed
1442.767252,20,18.989826,1.0,True,20,0,0,599.6375970840454,821.2126731872559,15.602906227111816,599.6375970840454,completed
1946.945596,20,19.060011,1.0,True,20,0,0,538.2956924438477,687.9204216003418,8.209113121032715,538.2956924438477,completed
1797.620227,20,19.089476,1.0,True,20,0,0,624.5958805084229,843.225025177002,7.0018679141998295,624.5958805084229,completed
738.380589,20,19.113738,1.0,True,20,0,0,793.786337852478,1037.730905532837,23.72109031677246,793.786337852478,completed
1987.942521,20,19.142258,1.0,True,20,0,0,586.0667880773544,746.4561545848846,6.107890892028808,586.0667880773544,completed
1375.467684,20,19.165885,1.0,True,20,0,0,673.7010087966919,1003.259617805481,12.418153285980225,673.7010087966919,completed
2288.296795,20,19.189851,1.0,True,20,0,0,538.2187385559082,733.1243591308594,0.9333791732788086,538.2187385559082,completed
1608.017941,20,19.213849,1.0,True,20,0,0,540.0438321828842,801.8187358379364,12.2738787651062,540.0438321828842,completed
2017.212942,20,19.239049,1.0,True,20,0,0,558.9643402099609,662.4988203048706,5.591493797302246,558.9643402099609,completed
1843.38427,20,19.288424,1.0,True,20,0,0,568.1211977005005,794.403881072998,8.672468566894532,568.1211977005005,completed
1441.837809,20,19.346057,1.0,True,20,0,0,663.4157733917236,869.0568084716797,14.603755950927734,663.4157733917236,completed
1299.096839,20,19.570877,1.0,True,20,0,0,619.6520791053772,798.3748850822449,18.897488498687743,619.6520791053772,completed
1102.803212,20,19.640641,1.0,True,20,0,0,714.6842460632324,864.8075332641602,18.67744884490967,714.6842460632324,completed
1037.236672,20,19.692817,1.0,True,20,0,0,767.2716493606567,1069.516432762146,16.398306560516357,767.2716493606567,completed
1477.635737,20,19.742761,1.0,True,20,0,0,622.6166076660156,888.1660079956055,11.295292234420776,622.6166076660156,completed
795.279409,20,19.779076,1.0,True,20,0,0,674.5553789138794,991.9219570159912,26.59683027267456,674.5553789138794,completed
1511.450051,20,19.825975,1.0,True,20,0,0,655.9904308319092,867.1878623962402,12.401226043701172,655.9904308319092,completed
1873.254398,20,19.855042,1.0,True,20,0,0,565.4082670211792,801.9967622756958,6.507605075836182,565.4082670211792,completed
782.434311,20,19.882341,1.0,True,20,0,0,735.5901908874512,1005.0223436355591,23.142174911499023,735.5901908874512,completed
1110.105062,20,19.906652,1.0,True,20,0,0,683.7156200408936,992.4623317718506,19.198925018310547,683.7156200408936,completed
1421.768728,20,19.942959,1.0,True,20,0,0,630.0924203395844,888.574492931366,13.818596935272216,630.0924203395844,completed
1973.123379,20,19.988721,1.0,True,20,0,0,575.4949026107788,743.5219831466675,6.717637443542481,575.4949026107788,completed
1754.938439,20,20.027429,1.0,True,20,0,0,605.143795967102,751.2868280410767,10.888994312286377,605.143795967102,completed
942.801173,20,20.06312,1.0,True,20,0,0,669.4522247314453,996.4382276535034,22.236136054992677,669.4522247314453,completed
824.535672,20,20.091428,1.0,True,20,0,0,701.7111177444458,1025.3167872428894,22.66472978591919,701.7111177444458,completed
1722.238067,20,20.115858,1.0,True,20,0,0,590.0084881782532,821.6735944747925,9.997897148132324,590.0084881782532,completed
2426.412517,20,20.139491,1.0,True,20,0,0,458.68811988830566,562.6642055511475,2.111099624633789,458.68811988830566,completed
2170.41081,20,20.168332,1.0,True,20,0,0,581.837119102478,637.2680206298828,3.9873023986816407,581.837119102478,completed
1078.084806,20,20.254068,1.0,True,20,0,0,638.1063485145569,972.1046628952026,19.9934063911438,638.1063485145569,completed
1811.17329,20,20.281804,1.0,True,20,0,0,615.5635628700256,826.0781106948853,7.895066261291504,615.5635628700256,completed
1874.625264,20,20.30707,1.0,True,20,0,0,605.3670684099197,744.1625692844391,8.714391708374023,605.3670684099197,completed
2100.805315,20,20.327605,1.0,True,20,0,0,579.749566078186,712.2574110031128,4.32154483795166,579.749566078186,completed
1579.498985,20,20.347441,1.0,True,20,0,0,703.1769037246704,903.4758701324463,10.244285392761231,703.1769037246704,completed
1125.206514,20,20.370357,1.0,True,20,0,0,638.6579475402832,895.1254940032959,19.674016857147215,638.6579475402832,completed
2034.337837,20,20.393098,1.0,True,20,0,0,521.44295835495,679.3792181015015,7.136981201171875,521.44295835495,completed
1404.828213,20,20.415656,1.0,True,20,0,0,739.7542114257812,905.1274061203003,13.391977834701539,739.7542114257812,completed
1706.295928,20,20.436279,1.0,True,20,0,0,645.2525315284729,792.3382616043091,9.749511623382569,645.2525315284729,completed
1466.647013,20,20.456039,1.0,True,20,0,0,701.9611592292786,888.5394430160522,12.244572591781616,701.9611592292786,completed
1004.648463,20,20.481283,1.0,True,20,0,0,687.1673049926758,1075.5249633789062,18.249342346191405,687.1673049926758,completed
1740.860149,20,20.50075,1.0,True,20,0,0,674.2234220504761,823.8865146636963,8.833265781402588,674.2234220504761,completed
1815.401924,20,20.520831,1.0,True,20,0,0,651.5244269371033,892.2821092605591,5.429327487945557,651.5244269371033,completed
2023.244656,20,20.541914,1.0,True,20,0,0,541.4434003829956,663.7835855484009,8.793183994293212,541.4434003829956,completed
1199.634718,20,20.562098,1.0,True,20,0,0,827.1786780357361,1113.8316450119019,10.846081638336182,827.1786780357361,completed
1662.684454,20,20.582152,1.0,True,20,0,0,635.5461473464966,850.4558696746826,9.3871600151062,635.5461473464966,completed
611.761679,20,20.602967,1.0,True,20,0,0,697.9894428253174,1170.8221492767334,23.41350727081299,697.9894428253174,completed
1464.0305,20,20.624183,1.0,True,20,0,0,724.3978900909424,877.3953895568848,11.654895925521851,724.3978900909424,completed
1163.406025,20,20.644261,1.0,True,20,0,0,768.5765905380249,1013.4068918228149,16.017510986328126,768.5765905380249,completed
586.426474,20,20.665128,1.0,True,20,0,0,746.7149019241333,1135.6805334091187,24.907399940490723,746.7149019241333,completed
1785.367217,20,20.687646,1.0,True,20,0,0,589.3137121200562,768.1054201126099,9.903214836120606,589.3137121200562,completed
1933.626309,20,20.712496,1.0,True,20,0,0,611.4941983222961,824.986575126648,4.299798488616943,611.4941983222961,completed
1496.189245,20,20.743804,1.0,True,20,0,0,607.7357687950134,809.1411848068237,14.477849769592286,607.7357687950134,completed
1498.115723,20,20.763938,1.0,True,20,0,0,562.1730279922485,768.7345895767212,14.349310302734375,562.1730279922485,completed
1595.13149,20,20.78344,1.0,True,20,0,0,608.785614490509,903.9711656570435,9.380721473693848,608.785614490509,completed
1726.466551,20,20.806402,1.0,True,20,0,0,725.1442003250122,925.3298873901367,5.639601325988769,725.1442003250122,completed
1201.890511,20,20.82715,1.0,True,20,0,0,624.8493175506592,877.5997791290283,20.32100353240967,624.8493175506592,completed
1776.153835,20,20.84687,1.0,True,20,0,0,537.2897796630859,693.4914493560791,12.965792560577393,537.2897796630859,completed
1633.729016,20,20.867514,1.0,True,20,0,0,637.1763551235199,775.3567423820496,12.15181884765625,637.1763551235199,completed
1850.85712,20,20.888053,1.0,True,20,0,0,608.2349133491516,770.469988822937,8.542123603820801,608.2349133491516,completed
-282.251493,20,20.90746,1.0,True,20,0,0,988.1801567077637,1525.0289192199707,31.670289707183837,988.1801567077637,completed
1474.412132,20,20.92652,1.0,True,20,0,0,623.3280849456787,853.8132362365723,13.559911441802978,623.3280849456787,completed
1267.255694,20,20.94546,1.0,True,20,0,0,640.9623861312866,925.6379318237305,16.49912872314453,640.9623861312866,completed
-388.695515,20,20.963797,1.0,True,20,0,0,827.5750579833984,1387.4388694763184,38.024193096160886,827.5750579833984,completed
103.991407,20,20.984687,1.0,True,20,0,0,828.9832496643066,1420.6932640075684,28.52140130996704,828.9832496643066,completed
441.624804,20,21.004265,1.0,True,20,0,0,805.4094371795654,1193.7055568695068,26.676335525512695,805.4094371795654,completed
1265.475209,20,21.022682,1.0,True,20,0,0,661.0785708427429,937.9323930740356,14.65380039215088,661.0785708427429,completed
1474.146958,20,21.041382,1.0,True,20,0,0,690.1468191146851,923.860161781311,11.262969303131104,690.1468191146851,completed
1315.775321,20,21.05991,1.0,True,20,0,0,703.0995116233826,975.7609839439392,14.225697231292724,703.0995116233826,completed
1567.768231,20,21.078514,1.0,True,20,0,0,665.8905239105225,939.5635833740234,8.229437828063965,665.8905239105225,completed
1042.622291,20,21.099115,1.0,True,20,0,0,699.9244093894958,986.1706113815308,20.19088478088379,699.9244093894958,completed
1189.329513,20,21.118646,1.0,True,20,0,0,630.8685760498047,879.3906154632568,19.245491600036623,630.8685760498047,completed
1035.05682,20,21.139514,1.0,True,20,0,0,778.1299414634705,1118.6970300674438,16.187462043762206,778.1299414634705,completed
1533.721116,20,21.161169,1.0,True,20,0,0,646.7603254318237,823.247706413269,13.816255283355712,646.7603254318237,completed
-439.810547,20,21.183404,1.0,True,20,0,0,853.0287833213806,1438.3463201522827,38.145308113098146,853.0287833213806,completed
1809.596836,20,21.204804,1.0,True,20,0,0,598.8578680753708,819.4897038936615,8.366244220733643,598.8578680753708,completed
1942.47449,20,21.228866,1.0,True,20,0,0,543.5678524971008,701.2654724121094,8.499819469451904,543.5678524971008,completed
1339.046502,20,21.249021,1.0,True,20,0,0,653.7477893829346,827.356035232544,15.340329647064209,653.7477893829346,completed
1069.645896,20,22.517894,1.0,True,20,0,0,756.6731109619141,1177.2329730987549,13.409849166870117,756.6731109619141,completed
1061.307124,20,22.537069,1.0,True,20,0,0,766.4402742385864,1215.4511404037476,13.045811414718628,766.4402742385864,completed
1286.838174,20,22.55566,1.0,True,20,0,0,629.1606502532959,860.5017786026001,19.227836990356444,629.1606502532959,completed
1305.724914,20,22.575313,1.0,True,20,0,0,655.2964363098145,902.6807079315186,15.953711128234863,655.2964363098145,completed
1786.171593,20,22.595971,1.0,True,20,0,0,623.4093260765076,905.6942796707153,6.837977600097656,623.4093260765076,completed
1041.063636,20,22.614888,1.0,True,20,0,0,649.5742268562317,1059.1677045822144,18.35268383026123,649.5742268562317,completed
1650.457364,20,22.633453,1.0,True,20,0,0,682.3187155723572,852.4332857131958,8.936869812011718,682.3187155723572,completed
686.893926,20,22.651893,1.0,True,20,0,0,760.901806473732,1104.3944294452667,22.418277931213378,760.901806473732,completed
1950.743567,20,22.670421,1.0,True,20,0,0,584.4012954235077,855.2087006568909,4.697152137756348,584.4012954235077,completed
168.587809,20,22.691093,1.0,True,20,0,0,835.0998630523682,1341.807321548462,28.984105491638182,835.0998630523682,completed
1263.457233,20,22.709875,1.0,True,20,0,0,687.8193974494934,960.4408407211304,14.309155082702636,687.8193974494934,completed
1431.666201,20,22.732071,1.0,True,20,0,0,739.7908029556274,889.7829961776733,13.142450523376464,739.7908029556274,completed
2020.01771,20,22.751394,1.0,True,20,0,0,531.6613502502441,658.2736854553223,7.297110652923584,531.6613502502441,completed
1097.292119,20,22.769896,1.0,True,20,0,0,711.5992321968079,1012.7677125930786,19.167596435546876,711.5992321968079,completed
1250.654339,20,22.788236,1.0,True,20,0,0,740.326099395752,989.1947174072266,14.300895309448242,740.326099395752,completed
2313.702932,20,22.810222,1.0,True,20,0,0,527.9737523198128,665.597269654274,1.6838954925537108,527.9737523198128,completed
1444.872007,20,22.834961,1.0,True,20,0,0,735.361159324646,914.2883930206299,12.204851627349854,735.361159324646,completed
1594.501121,20,22.85843,1.0,True,20,0,0,688.2766795158386,874.9717674255371,9.001598167419434,688.2766795158386,completed
833.951513,20,22.878843,1.0,True,20,0,0,764.566123008728,1198.754062652588,17.966983604431153,764.566123008728,completed
1734.989564,20,22.90492,1.0,True,20,0,0,597.1887111663818,793.1761140823364,9.730087089538575,597.1887111663818,completed
1218.820432,20,22.925729,1.0,True,20,0,0,740.2246732711792,974.4573650360107,16.128541564941408,740.2246732711792,completed
10.081181,20,22.945412,1.0,True,20,0,0,1043.9855117797852,1624.5571556091309,22.662866020202635,1043.9855117797852,completed
1193.954636,20,22.964849,1.0,True,20,0,0,706.5442185401917,964.4507365226746,16.280575561523438,706.5442185401917,completed
2026.241919,20,22.989008,1.0,True,20,0,0,599.6989982128143,760.1617636680603,5.1940185546875,599.6989982128143,completed
1487.696697,20,23.007934,1.0,True,20,0,0,738.1311264038086,886.2889013290405,12.4876708984375,738.1311264038086,completed
1447.725798,20,23.026731,1.0,True,20,0,0,665.9732532501221,943.6453247070312,12.367009830474853,665.9732532501221,completed
1607.468117,20,23.045369,1.0,True,20,0,0,585.6007747650146,873.0899295806885,10.894312381744385,585.6007747650146,completed
2006.488827,20,23.064227,1.0,True,20,0,0,608.3186011314392,701.2822866439819,5.927737426757813,608.3186011314392,completed
476.413375,20,23.083342,1.0,True,20,0,0,826.0472974777222,1252.141682624817,23.265059900283813,826.0472974777222,completed
2174.300834,20,23.102222,1.0,True,20,0,0,467.7066116333008,570.4169254302979,6.815414524078369,467.7066116333008,completed
2391.928067,20,23.120575,1.0,True,20,0,0,577.9257879257202,673.9240550994873,0.0,577.9257879257202,completed
1546.695275,20,23.139354,1.0,True,20,0,0,794.6963603496552,1206.8870902061462,1.97277774810791,794.6963603496552,completed
1092.559047,20,23.160502,1.0,True,20,0,0,709.1102752685547,1105.8437995910645,14.263665199279785,709.1102752685547,completed
1826.779833,20,23.181136,1.0,True,20,0,0,631.1607450246811,826.5963885784149,7.25669231414795,631.1607450246811,completed
1799.814032,20,23.200241,1.0,True,20,0,0,582.2762937545776,776.97532081604,8.778683471679688,582.2762937545776,completed
1413.431941,20,23.220365,1.0,True,20,0,0,799.8924584388733,1074.826403617859,6.983088493347168,799.8924584388733,completed
1179.02666,20,23.239495,1.0,True,20,0,0,775.2319339513779,1008.1931827068329,14.420541954040527,775.2319339513779,completed
1327.403186,20,23.258049,1.0,True,20,0,0,612.3404564857483,873.6957769393921,16.85317964553833,612.3404564857483,completed
1894.805271,20,23.276717,1.0,True,20,0,0,603.624541759491,761.5076513290405,7.759039688110351,603.624541759491,completed
685.15475,20,23.295283,1.0,True,20,0,0,783.1576347351074,1149.2019519805908,22.14571304321289,783.1576347351074,completed
2140.756258,20,23.313889,1.0,True,20,0,0,504.1781487464905,651.5309057235718,5.501321411132812,504.1781487464905,completed
1059.165499,20,23.333337,1.0,True,20,0,0,668.5635304450989,1011.2822427749634,18.932147884368895,668.5635304450989,completed
877.493684,20,23.351762,1.0,True,20,0,0,698.4493818283081,1032.158941268921,21.826546287536623,698.4493818283081,completed
1733.312787,20,23.370021,1.0,True,20,0,0,578.9767291545868,779.210608959198,11.679237651824952,578.9767291545868,completed
1621.138609,20,23.388759,1.0,True,20,0,0,602.8587436676025,848.8163166046143,10.96120491027832,602.8587436676025,completed
1152.891772,20,23.407534,1.0,True,20,0,0,671.9154930114746,1045.9276523590088,15.585962867736816,671.9154930114746,completed
1733.270533,20,23.426052,1.0,True,20,0,0,633.0780067443848,819.8183259963989,9.752062606811524,633.0780067443848,completed
1953.404151,20,23.444897,1.0,True,20,0,0,584.3400859832764,693.9894924163818,8.440083885192871,584.3400859832764,completed
1336.528954,20,23.463664,1.0,True,20,0,0,610.7014880180359,927.8060827255249,14.536586546897889,610.7014880180359,completed
1730.203152,20,23.49698,1.0,True,20,0,0,591.7717151641846,815.8858528137207,9.306484508514405,591.7717151641846,completed
1220.600072,20,23.518996,1.0,True,20,0,0,632.5603036880493,916.6384496688843,17.4140362739563,632.5603036880493,completed
2338.918757,20,23.537796,1.0,True,20,0,0,556.1156635284424,646.8690967559814,1.7713959693908692,556.1156635284424,completed
1223.51122,20,23.556345,1.0,True,20,0,0,600.9572448730469,851.6166172027588,20.228403854370118,600.9572448730469,completed
1619.200337,20,23.574972,1.0,True,20,0,0,659.7105240821838,812.0991430282593,11.166607284545899,659.7105240821838,completed
1692.437518,20,23.593568,1.0,True,20,0,0,633.9522161483765,814.9778938293457,9.017886734008789,633.9522161483765,completed
896.448795,20,23.611901,1.0,True,20,0,0,882.1278219223022,1130.80668258667,17.13467903137207,882.1278219223022,completed
1230.729521,20,23.630363,1.0,True,20,0,0,656.1686677932739,879.4635143280029,18.45398530960083,656.1686677932739,completed
15.911076,20,23.648912,1.0,True,20,0,0,854.8932428359985,1217.3044910430908,34.67795095443726,854.8932428359985,completed
1290.943829,20,23.667138,1.0,True,20,0,0,741.9888634681702,844.0245389938354,16.635896492004395,741.9888634681702,completed
2577.642197,20,23.68554,1.0,True,20,0,0,473.1168794631958,513.1520538330078,0.7255104064941407,473.1168794631958,completed
2001.282804,20,23.703813,1.0,True,20,0,0,544.9195883274078,742.0745658874512,6.512085509300232,544.9195883274078,completed
2563.583595,20,23.722195,1.0,True,20,0,0,480.1252839565277,515.5205245018005,0.9067164421081543,480.1252839565277,completed
1486.133561,20,23.740573,1.0,True,20,0,0,651.8621196746826,890.0460319519043,13.717463302612305,651.8621196746826,completed
2012.798504,20,23.758893,1.0,True,20,0,0,545.3093395233154,704.7455596923828,6.619894409179688,545.3093395233154,completed
990.010051,20,23.778488,1.0,True,20,0,0,786.6276650428772,995.7371263504028,18.692562770843505,786.6276650428772,completed
476.823455,20,23.797163,1.0,True,20,0,0,721.5986289978027,1112.3721923828125,28.04019889831543,721.5986289978027,completed
1344.797534,20,23.816034,1.0,True,20,0,0,681.8239982128143,873.5651717185974,15.379659461975098,681.8239982128143,completed
1703.527297,20,23.83453,1.0,True,20,0,0,581.0980558395386,773.8331775665283,11.289934349060058,581.0980558395386,completed
1621.595923,20,23.854782,1.0,True,20,0,0,585.876368522644,800.4298038482666,12.535136795043945,585.876368522644,completed
2257.386219,20,23.873204,1.0,True,20,0,0,542.2725143432617,695.398099899292,2.682809066772461,542.2725143432617,completed
1558.447865,20,23.891655,1.0,True,20,0,0,625.9978122711182,893.3367700576782,10.332075023651123,625.9978122711182,completed
2022.311252,20,23.910048,1.0,True,20,0,0,548.3706169128418,753.4281158447266,5.622386264801025,548.3706169128418,completed
2231.912362,20,23.928261,1.0,True,20,0,0,602.4152498245239,654.2266702651978,2.924728775024414,602.4152498245239,completed
1792.482474,20,23.946586,1.0,True,20,0,0,731.3385081291199,802.0745630264282,6.035810041427612,731.3385081291199,completed
1883.538693,20,23.964988,1.0,True,20,0,0,613.7923874855042,775.7928533554077,6.870343399047852,613.7923874855042,completed
1920.34224,20,23.99121,1.0,True,20,0,0,542.0796737670898,740.8462295532227,8.611977577209473,542.0796737670898,completed
1481.495893,20,24.012864,1.0,True,20,0,0,614.8769288063049,819.2212815284729,15.085863494873047,614.8769288063049,completed
2311.948964,20,24.031819,1.0,True,20,0,0,550.6608352661133,616.1059656143188,3.3734493255615234,550.6608352661133,completed
1604.42318,20,24.055334,1.0,True,20,0,0,705.7213430404663,869.4158573150635,8.644664287567139,705.7213430404663,completed
1741.365676,20,24.074966,1.0,True,20,0,0,675.6811137199402,906.0779476165771,5.913497829437256,675.6811137199402,completed
422.890167,20,24.094877,1.0,True,20,0,0,918.8456330299377,1246.019097328186,23.379536151885986,918.8456330299377,completed
2197.999822,20,24.11622,1.0,True,20,0,0,547.5423111915588,693.4842014312744,3.5160542488098145,547.5423111915588,completed
1844.595873,20,24.135748,1.0,True,20,0,0,552.968994140625,761.8398599624634,10.389972114562989,552.968994140625,completed
979.942995,20,24.155468,1.0,True,20,0,0,695.1657290458679,1025.45081615448,20.124041748046874,695.1657290458679,completed
1100.73024,20,24.17474,1.0,True,20,0,0,775.48091173172,982.3315572738647,16.46041250228882,775.48091173172,completed
2214.446484,20,24.19386,1.0,True,20,0,0,596.6244792938232,825.0716619491577,0.0,596.6244792938232,completed
248.128033,20,24.213133,1.0,True,20,0,0,792.0134916305542,1190.8757019042969,31.792514991760253,792.0134916305542,completed
-766.45486,20,24.23209,1.0,True,20,0,0,1100.9784183502197,1498.9302577972412,40.92611312866211,1100.9784183502197,completed
2231.260781,20,24.251866,1.0,True,20,0,0,446.2570858001709,534.8383102416992,6.066570663452149,446.2570858001709,completed
1285.602536,20,24.27041,1.0,True,20,0,0,695.7894821166992,983.381667137146,13.63009853363037,695.7894821166992,completed
1392.264212,20,24.28958,1.0,True,20,0,0,685.7005882263184,862.7534046173096,13.807167243957519,685.7005882263184,completed
1679.194253,20,24.308074,1.0,True,20,0,0,602.5653657913208,863.2922172546387,9.741127204895019,602.5653657913208,completed
1919.083644,20,24.326676,1.0,True,20,0,0,567.5381937026978,760.6342105865479,7.717395210266114,567.5381937026978,completed
2126.304651,20,24.344975,1.0,True,20,0,0,498.83969616889954,737.3936104774475,4.831464004516602,498.83969616889954,completed
573.595171,20,24.363397,1.0,True,20,0,0,743.2440567016602,1124.8082780838013,24.954232215881348,743.2440567016602,completed
1607.693933,20,24.381717,1.0,True,20,0,0,635.235835313797,760.3170356750488,13.24539566040039,635.235835313797,completed
1558.772338,20,24.399985,1.0,True,20,0,0,727.8747296333313,914.751748085022,9.45689754486084,727.8747296333313,completed
2469.776525,20,24.418391,1.0,True,20,0,0,480.23179280757904,535.1267583370209,1.4611241340637207,480.23179280757904,completed
1958.452347,20,24.43661,1.0,True,20,0,0,631.6234778165817,880.5221450328827,3.0999801635742186,631.6234778165817,completed
877.297868,20,24.454987,1.0,True,20,0,0,722.802627325058,1066.7648787498474,20.51447973251343,722.802627325058,completed
771.133836,20,24.47327,1.0,True,20,0,0,692.0816576480865,1058.534321308136,23.23073539733887,692.0816576480865,completed
1241.792931,20,24.491902,1.0,True,20,0,0,826.6835761070251,1159.8154802322388,9.784997367858887,826.6835761070251,completed
1682.769043,20,25.999858,1.0,True,20,0,0,734.25657081604,904.5569934844971,5.916608047485352,734.25657081604,completed
1206.467424,20,26.028174,1.0,True,20,0,0,723.3157153129578,885.2910261154175,16.01807544231415,723.3157153129578,completed
2003.129374,20,26.048688,1.0,True,20,0,0,579.5638771057129,761.3082332611084,5.417331075668335,579.5638771057129,completed
1377.646222,20,26.068849,1.0,True,20,0,0,771.9226837158203,1103.0301761627197,7.521674346923828,771.9226837158203,completed
2011.902906,20,26.091203,1.0,True,20,0,0,624.0414552688599,844.0305004119873,2.2559667587280274,624.0414552688599,completed
1487.346884,20,26.110086,1.0,True,20,0,0,691.4950129985809,885.6224055290222,11.964286541938781,691.4950129985809,completed
1627.391187,20,26.129815,1.0,True,20,0,0,595.7099289894104,839.7996850013733,11.160080051422119,595.7099289894104,completed
1526.694965,20,26.148106,1.0,True,20,0,0,639.7416985034943,915.4401268959045,10.311896896362304,639.7416985034943,completed
1838.645719,20,26.166873,1.0,True,20,0,0,669.1550598144531,807.8191661834717,6.281504058837891,669.1550598144531,completed
1331.973628,20,26.186899,1.0,True,20,0,0,732.2931985855103,915.6821937561035,12.535000991821288,732.2931985855103,completed
1512.631052,20,26.208481,1.0,True,20,0,0,640.967511177063,847.198163986206,13.146761512756347,640.967511177063,completed
1715.223471,20,26.226901,1.0,True,20,0,0,645.2911100387573,826.3134689331055,9.216426181793214,645.2911100387573,completed
389.783395,20,26.245511,1.0,True,20,0,0,900.5980062484741,1344.4576454162598,22.398859786987305,900.5980062484741,completed
676.828708,20,26.264675,1.0,True,20,0,0,804.169114112854,1179.9103412628174,21.194211196899413,804.169114112854,completed
1564.41849,20,26.28421,1.0,True,20,0,0,646.7605028152466,853.2899312973022,12.847657108306885,646.7605028152466,completed
962.158414,20,26.302366,1.0,True,20,0,0,740.3492150306702,1038.7455224990845,20.775299549102783,740.3492150306702,completed
1369.904149,20,26.32113,1.0,True,20,0,0,709.5160751342773,987.9842433929443,12.44008846282959,709.5160751342773,completed
1790.700577,20,26.342516,1.0,True,20,0,0,628.9360146522522,819.4373874664307,7.7639172077178955,628.9360146522522,completed
1449.04574,20,26.36197,1.0,True,20,0,0,632.3692712783813,861.6827163696289,13.84204273223877,632.3692712783813,completed
772.836793,20,26.380262,1.0,True,20,0,0,841.5020060539246,988.7347054481506,21.61634569168091,841.5020060539246,completed
740.127781,20,26.399219,1.0,True,20,0,0,842.5043888092041,1106.9898147583008,19.792019748687743,842.5043888092041,completed
1967.311134,20,26.42161,1.0,True,20,0,0,534.6271462440491,700.2224206924438,8.041697883605957,534.6271462440491,completed
1907.462483,20,26.442178,1.0,True,20,0,0,623.8714485168457,796.9715700149536,6.16364803314209,623.8714485168457,completed
844.226211,20,26.460497,1.0,True,20,0,0,740.1525611877441,978.0607967376709,22.89538440704346,740.1525611877441,completed
1994.921144,20,26.478802,1.0,True,20,0,0,637.7546229362488,727.1887655258179,5.687961006164551,637.7546229362488,completed
1332.147655,20,26.497054,1.0,True,20,0,0,645.8037166595459,888.3387393951416,15.829937553405761,645.8037166595459,completed
1316.428751,20,26.522309,1.0,True,20,0,0,676.9662029743195,980.7161316871643,13.840094566345215,676.9662029743195,completed
798.209848,20,26.543036,1.0,True,20,0,0,700.4654598236084,1053.4298849105835,23.81845006942749,700.4654598236084,completed
1479.135056,20,26.562151,1.0,True,20,0,0,642.8521327972412,871.3943109512329,13.915498065948487,642.8521327972412,completed
971.713074,20,26.58147,1.0,True,20,0,0,725.125253200531,947.6143236160278,22.020900440216064,725.125253200531,completed
1264.980849,20,26.59985,1.0,True,20,0,0,637.6997861862183,835.3770189285278,19.08711395263672,637.6997861862183,completed
1427.896631,20,26.618921,1.0,True,20,0,0,683.2484586834908,921.3772693872452,11.340982437133789,683.2484586834908,completed
796.376348,20,26.637183,1.0,True,20,0,0,720.9915437698364,1138.3114404678345,21.222153520584108,720.9915437698364,completed
2096.12867,20,26.655401,1.0,True,20,0,0,530.2250263690948,711.861843585968,5.817207145690918,530.2250263690948,completed
1949.515688,20,26.674124,1.0,True,20,0,0,626.9809193611145,740.1194581985474,6.629108905792236,626.9809193611145,completed
1677.284038,20,26.692477,1.0,True,20,0,0,653.9157104492188,851.6724300384521,8.088171577453613,653.9157104492188,completed
1395.611749,20,26.710916,1.0,True,20,0,0,662.7443852424622,897.566445350647,13.73546323776245,662.7443852424622,completed
970.830808,20,26.729356,1.0,True,20,0,0,763.8568105697632,1078.5210304260254,17.862049293518066,763.8568105697632,completed
1252.32584,20,26.749924,1.0,True,20,0,0,601.7459812164307,839.5866012573242,19.20203275680542,601.7459812164307,completed
1624.986482,20,26.776669,1.0,True,20,0,0,779.481122970581,817.4267196655273,9.703886318206788,779.481122970581,completed
1011.277434,20,26.799589,1.0,True,20,0,0,783.715085029602,996.0054359436035,18.82218837738037,783.715085029602,completed
1329.656745,20,26.818678,1.0,True,20,0,0,671.6013622283936,910.2502746582031,15.527678394317627,671.6013622283936,completed
2162.923782,20,26.837268,1.0,True,20,0,0,550.7044496536255,653.7440414428711,4.813377571105957,550.7044496536255,completed
2369.976486,20,26.855964,1.0,True,20,0,0,479.6133711338043,614.729820728302,2.4013172149658204,479.6133711338043,completed
1552.045732,20,26.881562,1.0,True,20,0,0,652.4476447105408,902.7248983383179,10.462207317352295,652.4476447105408,completed
1788.837368,20,26.900939,1.0,True,20,0,0,617.0850176811218,786.2176103591919,8.276806259155274,617.0850176811218,completed
1080.756395,20,26.921177,1.0,True,20,0,0,825.4326400756836,1050.4797439575195,15.586407566070557,825.4326400756836,completed
1182.190867,20,26.940237,1.0,True,20,0,0,709.589367389679,906.8563556671143,18.11283802986145,709.589367389679,completed
137.48281,20,26.958772,1.0,True,20,0,0,811.0418090820312,1188.3818740844727,31.84180107116699,811.0418090820312,completed
1389.314854,20,26.987623,1.0,True,20,0,0,697.3538219928741,849.9215130805969,15.308979701995849,697.3538219928741,completed
1715.472682,20,27.140385,1.0,True,20,0,0,669.6344919204712,797.8626480102539,9.627442741394043,669.6344919204712,completed
1585.249133,20,27.16168,1.0,True,20,0,0,646.5081129074097,898.4042835235596,10.465032196044922,646.5081129074097,completed
1291.410216,20,27.183477,1.0,True,20,0,0,797.425265789032,1275.4553880691528,6.42834243774414,797.425265789032,completed
1061.536204,20,27.206756,1.0,True,20,0,0,729.7574734687805,943.6161890029907,19.815787601470948,729.7574734687805,completed
1264.750105,20,27.226276,1.0,True,20,0,0,711.788496017456,892.184609413147,17.044343185424804,711.788496017456,completed
838.921782,20,27.245842,1.0,True,20,0,0,694.1188266277313,1116.3715815544128,21.789954566955565,694.1188266277313,completed
1771.829379,20,27.264873,1.0,True,20,0,0,667.1536712646484,904.0948076248169,5.959353256225586,667.1536712646484,completed
1130.791355,20,27.293979,1.0,True,20,0,0,631.5490970611572,892.609540939331,20.96021728515625,631.5490970611572,completed
1517.687824,20,27.313183,1.0,True,20,0,0,680.6019849777222,842.9142799377441,12.54363193511963,680.6019849777222,completed
1480.196995,20,27.33331,1.0,True,20,0,0,712.3376425504684,881.9305608272552,11.931920051574707,712.3376425504684,completed
2278.409271,20,27.352442,1.0,True,20,0,0,532.5650320053101,616.4106903076172,4.4749987602233885,532.5650320053101,completed
1167.06766,20,27.372075,1.0,True,20,0,0,728.5799427032471,974.9377336502075,16.33382167816162,728.5799427032471,completed
2661.471508,20,27.391333,1.0,True,20,0,0,474.44770312309265,485.32715463638306,0.0,474.44770312309265,completed
18.233009,20,27.410528,1.0,True,20,0,0,845.4999418258667,1337.7456150054932,30.82367124557495,845.4999418258667,completed
1640.644983,20,27.429182,1.0,True,20,0,0,663.3771314620972,990.6410102844238,6.91559066772461,663.3771314620972,completed
1321.478228,20,27.447871,1.0,True,20,0,0,687.4938850402832,918.5371198654175,15.890865230560303,687.4938850402832,completed
1291.899217,20,27.466905,1.0,True,20,0,0,668.0714836120605,919.090898513794,16.28144760131836,668.0714836120605,completed
1808.381342,20,27.485333,1.0,True,20,0,0,561.533595085144,777.366623878479,9.48988037109375,561.533595085144,completed
1709.048446,20,27.507811,1.0,True,20,0,0,672.6902704238892,748.8587512969971,9.214819145202636,672.6902704238892,completed
852.045041,20,27.530164,1.0,True,20,0,0,753.1067638397217,1153.48508644104,18.93143262863159,753.1067638397217,completed
2517.043766,20,27.549142,1.0,True,20,0,0,496.7531671524048,545.926290512085,0.9846353530883789,496.7531671524048,completed
-263.243568,20,27.569787,1.0,True,20,0,0,1036.8991956710815,1572.2736988067627,30.41507453918457,1036.8991956710815,completed
1390.360106,20,27.590517,1.0,True,20,0,0,589.5040049552917,881.1046762466431,16.668058681488038,589.5040049552917,completed
1197.228135,20,27.61294,1.0,True,20,0,0,774.6766014099121,1097.8243808746338,12.758977127075195,774.6766014099121,completed
1238.325909,20,27.632026,1.0,True,20,0,0,723.4212141036987,883.708459854126,17.138551425933837,723.4212141036987,completed
1885.126846,20,27.6513,1.0,True,20,0,0,494.1611285209656,676.1313180923462,10.740800666809083,494.1611285209656,completed
1769.371673,20,27.671829,1.0,True,20,0,0,588.5507979393005,771.9895858764648,8.332732582092286,588.5507979393005,completed
1501.565467,20,27.690406,1.0,True,20,0,0,609.3081889152527,888.7814149856567,13.379751586914063,609.3081889152527,completed
260.226957,20,27.712273,1.0,True,20,0,0,866.6206483840942,1277.5548038482666,27.362259244918825,866.6206483840942,completed
1786.514794,20,27.731718,1.0,True,20,0,0,534.6721935272217,721.901201248169,11.339764213562011,534.6721935272217,completed
82.991927,20,27.75137,1.0,True,20,0,0,891.6041984558105,1334.4345569610596,29.229188537597658,891.6041984558105,completed
1721.382313,20,27.771782,1.0,True,20,0,0,554.5597190856934,723.3269577026367,12.005555057525635,554.5597190856934,completed
1108.542475,20,27.791193,1.0,True,20,0,0,764.1862125396729,1050.6354808807373,15.1811692237854,764.1862125396729,completed
1149.761689,20,27.810257,1.0,True,20,0,0,681.9500160217285,916.685474395752,17.817856979370116,681.9500160217285,completed
1658.690461,20,27.831866,1.0,True,20,0,0,635.6613292694092,813.8440418243408,10.492107391357422,635.6613292694092,completed
1913.401312,20,27.850356,1.0,True,20,0,0,651.3346915245056,821.2507963180542,5.560549926757813,651.3346915245056,completed
1582.641518,20,27.869047,1.0,True,20,0,0,727.8495445251465,800.8436937332153,11.368017292022705,727.8495445251465,completed
2225.644267,20,27.887774,1.0,True,20,0,0,584.7525639533997,794.1076021194458,0.12464580535888672,584.7525639533997,completed
534.798015,20,27.907008,1.0,True,20,0,0,683.316020488739,1082.4986119270325,27.98659749031067,683.316020488739,completed
-67.93993,20,27.925881,1.0,True,20,0,0,793.6085915565491,1170.9806952476501,37.09240026473999,793.6085915565491,completed
2030.442955,20,27.94643,1.0,True,20,0,0,600.0625276565552,781.2226705551147,5.129364776611328,600.0625276565552,completed
2073.182682,20,27.966229,1.0,True,20,0,0,685.2480316162109,751.5465888977051,2.3491812705993653,685.2480316162109,completed
1700.987682,20,27.984715,1.0,True,20,0,0,593.0023078918457,811.0357074737549,11.401791381835938,593.0023078918457,completed
1342.57221,20,28.00378,1.0,True,20,0,0,617.4108467102051,892.6145458221436,15.87763204574585,617.4108467102051,completed
893.393594,20,28.022891,1.0,True,20,0,0,728.3210237026215,1058.3273482322693,21.51134271621704,728.3210237026215,completed
1021.840917,20,28.041359,1.0,True,20,0,0,800.0325603485107,1132.2142696380615,13.942596244812012,800.0325603485107,completed
1569.433635,20,28.060402,1.0,True,20,0,0,608.9707713127136,870.0290365219116,11.578799057006837,608.9707713127136,completed
1618.961553,20,28.078727,1.0,True,20,0,0,654.8317012786865,944.9235801696777,8.843087196350098,654.8317012786865,completed
25.688126,20,28.097055,1.0,True,20,0,0,920.8746256828308,1521.5007410049438,23.828407096862794,920.8746256828308,completed
813.02599,20,28.117314,1.0,True,20,0,0,794.2721424102783,1083.231478691101,19.34640245437622,794.2721424102783,completed
920.674565,20,28.138045,1.0,True,20,0,0,641.5790061950684,970.8351535797119,24.536484050750733,641.5790061950684,completed
744.802051,20,28.156832,1.0,True,20,0,0,720.1633586883545,1083.082667350769,22.167724990844725,720.1633586883545,completed
1864.658064,20,28.175646,1.0,True,20,0,0,533.6254065036774,694.7187161445618,10.774402618408203,533.6254065036774,completed
1052.897853,20,29.358273,1.0,True,20,0,0,719.2090120315552,1003.7837734222412,18.535364723205568,719.2090120315552,completed
1104.717769,20,29.377188,1.0,True,20,0,0,753.994833946228,957.8672866821289,17.980782890319823,753.994833946228,completed
913.05917,20,29.398322,1.0,True,20,0,0,716.0110673904419,1014.9088172912598,21.148362255096437,716.0110673904419,completed
1786.591593,20,29.418836,1.0,True,20,0,0,604.200904250145,788.3072535991669,9.09374713897705,604.200904250145,completed
1432.79681,20,29.437992,1.0,True,20,0,0,731.9731411933899,923.2457275390625,11.061225128173827,731.9731411933899,completed
1920.846765,20,29.457533,1.0,True,20,0,0,520.1137797832489,723.5793108940125,8.153693127632142,520.1137797832489,completed
1766.734513,20,29.476013,1.0,True,20,0,0,559.8711352348328,781.1160573959351,9.82787857055664,559.8711352348328,completed
1097.907509,20,29.494252,1.0,True,20,0,0,659.358696937561,976.9868755340576,18.41979274749756,659.358696937561,completed
1942.345604,20,29.512554,1.0,True,20,0,0,626.700662612915,727.0631227493286,7.796614074707032,626.700662612915,completed
2410.655733,20,29.530867,1.0,True,20,0,0,540.4592373371124,599.4260983467102,1.517500400543213,540.4592373371124,completed
1843.116538,20,29.549282,1.0,True,20,0,0,625.2784643173218,812.6984949111938,7.318700981140137,625.2784643173218,completed
1083.377613,20,29.567715,1.0,True,20,0,0,771.2089099884033,1064.6808757781982,15.943701934814452,771.2089099884033,completed
1323.772132,20,29.5858,1.0,True,20,0,0,648.543692111969,902.3630218505859,16.237558221817018,648.543692111969,completed
925.185312,20,29.604145,1.0,True,20,0,0,823.1104822158813,1047.5742101669312,18.340419197082518,823.1104822158813,completed
1106.905462,20,29.622459,1.0,True,20,0,0,792.1541700363159,1036.4638481140137,15.81729507446289,792.1541700363159,completed
615.206358,20,29.640668,1.0,True,20,0,0,846.4968643188477,1104.308666229248,24.17889976501465,846.4968643188477,completed
451.810244,20,29.658875,1.0,True,20,0,0,737.3948950767517,1218.943907737732,25.497863006591796,737.3948950767517,completed
1766.2416,20,29.677934,1.0,True,20,0,0,621.9992519617081,741.8788788318634,10.612302041053772,621.9992519617081,completed
2087.152289,20,29.699028,1.0,True,20,0,0,552.003585100174,843.7213883399963,2.713800811767578,552.003585100174,completed
1971.87885,20,29.718349,1.0,True,20,0,0,539.9040848016739,715.4877817630768,8.053553485870362,539.9040848016739,completed
1205.382184,20,29.736692,1.0,True,20,0,0,743.2304039001465,992.261775970459,15.304790496826172,743.2304039001465,completed
563.882238,20,29.755,1.0,True,20,0,0,780.0247440338135,1194.6755867004395,23.973994255065918,780.0247440338135,completed
1451.314454,20,29.773204,1.0,True,20,0,0,650.5336620807648,1002.603018283844,11.512550711631775,650.5336620807648,completed
1385.364918,20,29.791371,1.0,True,20,0,0,757.6088163852692,858.6177535057068,14.26475658416748,757.6088163852692,completed
518.456963,20,29.809951,1.0,True,20,0,0,772.8553032875061,1136.013078212738,25.58038673400879,772.8553032875061,completed
630.920582,20,29.828077,1.0,True,20,0,0,802.1468163728714,1122.9044477939606,22.064910888671875,802.1468163728714,completed
1535.175433,20,29.847365,1.0,True,20,0,0,646.1654906272888,868.2804884910583,11.925418376922607,646.1654906272888,completed
1007.791716,20,29.868835,1.0,True,20,0,0,745.1394662857056,1051.2982292175293,17.342413806915282,745.1394662857056,completed
1152.974983,20,29.887399,1.0,True,20,0,0,696.0401074886322,1013.8533205986023,16.72905750274658,696.0401074886322,completed
1327.946422,20,29.906937,1.0,True,20,0,0,679.3773889541626,871.3006982803345,15.899909400939942,679.3773889541626,completed
1405.283392,20,29.925485,1.0,True,20,0,0,654.434654712677,916.0625982284546,13.109673929214477,654.434654712677,completed
474.76562,20,29.945809,1.0,True,20,0,0,865.4889364242554,1223.6706104278564,23.497583675384522,865.4889364242554,completed
1216.489933,20,29.966557,1.0,True,20,0,0,677.1763296127319,887.8368291854858,16.38959393501282,677.1763296127319,completed
1120.561653,20,29.987037,1.0,True,20,0,0,763.1516571044922,959.3621940612793,17.406223487854003,763.1516571044922,completed
1022.034561,20,30.005638,1.0,True,20,0,0,747.4495162963867,1122.1805238723755,15.627428817749024,747.4495162963867,completed
548.693266,20,30.024308,1.0,True,20,0,0,754.7951393127441,1090.6392402648926,26.34316215515137,754.7951393127441,completed
1537.510687,20,30.046238,1.0,True,20,0,0,612.2028656005859,809.9617967605591,13.355240440368652,612.2028656005859,completed
624.507675,20,30.064897,1.0,True,20,0,0,756.8623552322388,1105.783971786499,24.625313568115235,756.8623552322388,completed
1922.750531,20,30.083381,1.0,True,20,0,0,579.8754162788391,715.2694883346558,8.68819456100464,579.8754162788391,completed
1931.151899,20,30.101566,1.0,True,20,0,0,653.0711591243744,724.6603217124939,7.746976280212403,653.0711591243744,completed
414.122592,20,30.119896,1.0,True,20,0,0,863.5530986785889,1246.216510772705,23.17268466949463,863.5530986785889,completed
1448.364109,20,30.140418,1.0,True,20,0,0,592.2757368087769,804.9751477241516,16.019944667816162,592.2757368087769,completed
1300.150722,20,30.159248,1.0,True,20,0,0,711.6878135204315,1044.9191184043884,12.585638999938965,711.6878135204315,completed
1143.005277,20,30.178379,1.0,True,20,0,0,743.0779180526733,990.5590972900391,16.913324117660522,743.0779180526733,completed
1569.167179,20,30.196743,1.0,True,20,0,0,598.3189916610718,818.5972938537598,13.159610080718995,598.3189916610718,completed
1827.986956,20,30.215635,1.0,True,20,0,0,567.7858853340149,752.0894327163696,8.976078414916993,567.7858853340149,completed
1765.468012,20,30.233722,1.0,True,20,0,0,607.6947131156921,796.7606763839722,9.336960411071777,607.6947131156921,completed
2086.79405,20,30.253433,1.0,True,20,0,0,577.3590741157532,663.9143314361572,5.412118530273437,577.3590741157532,completed
1754.090091,20,30.275691,1.0,True,20,0,0,568.0144331455231,834.0491585731506,9.191179370880127,568.0144331455231,completed
1001.619619,20,30.298191,1.0,True,20,0,0,620.9710006713867,928.9403858184814,22.72408390045166,620.9710006713867,completed
761.176917,20,30.31716,1.0,True,20,0,0,844.6198959350586,1129.7865867614746,19.23214750289917,844.6198959350586,completed
1517.439768,20,30.336044,1.0,True,20,0,0,658.838773727417,920.4032115936279,10.745335865020753,658.838773727417,completed
1642.629822,20,30.357649,1.0,True,20,0,0,591.5204448699951,895.7507801055908,9.928301334381104,591.5204448699951,completed
1693.891438,20,30.38092,1.0,True,20,0,0,664.531391620636,810.7958116531372,9.262858343124389,664.531391620636,completed
1321.75619,20,30.401329,1.0,True,20,0,0,689.5338344573975,1042.9544162750244,12.431841278076172,689.5338344573975,completed
2003.857567,20,30.420196,1.0,True,20,0,0,549.476940870285,701.2071471214294,7.503210163116455,549.476940870285,completed
362.973595,20,30.43883,1.0,True,20,0,0,799.5661563873291,1262.8111324310303,26.829861640930176,799.5661563873291,completed
1531.109404,20,30.457553,1.0,True,20,0,0,619.0778822898865,816.2196865081787,13.865055274963378,619.0778822898865,completed
2096.017287,20,30.478263,1.0,True,20,0,0,526.0223546028137,715.3335194587708,4.5375607252120975,526.0223546028137,completed
1764.566323,20,30.499595,1.0,True,20,0,0,639.0246276855469,857.9547004699707,7.206718254089355,639.0246276855469,completed
2188.25037,20,30.518744,1.0,True,20,0,0,481.80897545814514,639.2139687538147,6.238221979141235,481.80897545814514,completed
2145.174972,20,30.541208,1.0,True,20,0,0,544.8338966369629,661.8117799758911,5.12329330444336,544.8338966369629,completed
1887.175711,20,30.5652,1.0,True,20,0,0,595.0351419448853,703.1732006072998,7.807817077636718,595.0351419448853,completed
425.588019,20,30.585224,1.0,True,20,0,0,779.993170261383,1136.2025718688965,29.039831256866456,779.993170261383,completed
1437.067789,20,30.603414,1.0,True,20,0,0,745.6066808700562,870.0790748596191,12.837030506134033,745.6066808700562,completed
796.727341,20,30.62165,1.0,True,20,0,0,729.4810466766357,1011.6775350570679,23.31846857070923,729.4810466766357,completed
2050.182091,20,30.639941,1.0,True,20,0,0,554.4466600418091,729.7404956817627,5.485884189605713,554.4466600418091,completed
2483.347198,20,30.658084,1.0,True,20,0,0,493.6432350873947,561.9496428966522,1.433056354522705,493.6432350873947,completed
549.311463,20,30.676996,1.0,True,20,0,0,902.9600620269775,1165.8257217407227,22.662605142593385,902.9600620269775,completed
1679.658338,20,30.697768,1.0,True,20,0,0,600.4740042686462,815.4735083580017,11.075909996032715,600.4740042686462,completed
1909.844365,20,30.719109,1.0,True,20,0,0,486.37934398651123,738.7105655670166,9.143660163879394,486.37934398651123,completed
1324.64539,20,30.739532,1.0,True,20,0,0,735.3582878112793,860.92236328125,16.053125953674318,735.3582878112793,completed
1497.106321,20,30.766813,1.0,True,20,0,0,645.5419020652771,1035.2379217147827,8.29517059326172,645.5419020652771,completed
1407.370479,20,30.787475,1.0,True,20,0,0,627.5664930343628,876.9730710983276,14.535481166839599,627.5664930343628,completed
2140.282519,20,30.807037,1.0,True,20,0,0,556.4127941131592,682.6156826019287,5.124813842773437,556.4127941131592,completed
1464.533917,20,30.825665,1.0,True,20,0,0,637.8476581573486,789.4038715362549,15.360330724716187,637.8476581573486,completed
1331.356031,20,30.844154,1.0,True,20,0,0,732.4677410125732,956.692985534668,13.29502601623535,732.4677410125732,completed
1581.50187,20,30.863241,1.0,True,20,0,0,710.5912837982178,931.9020004272461,9.301278972625733,710.5912837982178,completed
1274.512857,20,30.881487,1.0,True,20,0,0,645.4074195623398,825.7093503475189,18.99906015396118,645.4074195623398,completed
564.477798,20,30.899757,1.0,True,20,0,0,917.1059913635254,1403.926462173462,16.77348747253418,917.1059913635254,completed
1324.575927,20,30.917915,1.0,True,20,0,0,774.1447176933289,950.9355144500732,12.997704410552979,774.1447176933289,completed
889.565959,20,30.936089,1.0,True,20,0,0,708.2635307312012,1039.812671661377,21.792049598693847,708.2635307312012,completed
-4.373741,20,30.954415,1.0,True,20,0,0,902.3787899017334,1250.3519830703735,34.81398215293884,902.3787899017334,completed
1446.316591,20,30.976552,1.0,True,20,0,0,670.2788257598877,888.9654893875122,13.841351890563965,670.2788257598877,completed
755.334962,20,30.995444,1.0,True,20,0,0,740.828971862793,1068.314214706421,22.62555046081543,740.828971862793,completed
1257.941685,20,31.014086,1.0,True,20,0,0,686.5647277832031,978.5689907073975,15.842339706420898,686.5647277832031,completed
1715.032525,20,31.035768,1.0,True,20,0,0,639.3671740293503,869.06267619133,8.759455680847168,639.3671740293503,completed
625.378099,20,31.055312,1.0,True,20,0,0,793.3617973327637,1044.7527885437012,26.359418869018555,793.3617973327637,completed
2180.186221,20,31.074734,1.0,True,20,0,0,560.0045232772827,656.0754594802856,4.178201484680176,560.0045232772827,completed
1207.107103,20,31.09302,1.0,True,20,0,0,651.8771543502808,1004.9446620941162,15.033186912536621,651.8771543502808,completed
2163.803487,20,31.111323,1.0,True,20,0,0,546.6052033901215,718.8090376853943,3.6885862350463867,546.6052033901215,completed
1491.954558,20,31.130627,1.0,True,20,0,0,671.4664211273193,874.029146194458,13.718338203430175,671.4664211273193,completed
864.862702,20,31.150472,1.0,True,20,0,0,846.8053607940674,1047.8162841796875,20.73640422821045,846.8053607940674,completed
2078.24958,20,31.169117,1.0,True,20,0,0,617.2361154556274,663.4306526184082,5.665875816345215,617.2361154556274,completed
1077.344328,20,31.187442,1.0,True,20,0,0,671.4299783706665,927.2318849563599,19.496065282821654,671.4299783706665,completed
1745.093828,20,31.205849,1.0,True,20,0,0,555.179853439331,735.3907985687256,11.696709537506104,555.179853439331,completed
1351.414775,20,31.224139,1.0,True,20,0,0,616.978319644928,876.0761032104492,16.74286298751831,616.978319644928,completed
1473.231025,20,31.242521,1.0,True,20,0,0,684.9962215423584,893.4890556335449,12.198332023620605,684.9962215423584,completed
982.875791,20,31.260938,1.0,True,20,0,0,745.017448425293,1143.0597829818726,14.81869945526123,745.017448425293,completed
1039.880377,20,31.279186,1.0,True,20,0,0,764.7387619018555,1044.8004932403564,16.424895572662354,764.7387619018555,completed
999.3299,20,31.297417,1.0,True,20,0,0,709.7185764312744,970.9154329299927,19.670799446105956,709.7185764312744,completed
2085.892607,20,31.316376,1.0,True,20,0,0,533.9412941932678,698.3841514587402,6.388001251220703,533.9412941932678,completed
1448.752555,20,32.763972,1.0,True,20,0,0,709.406325340271,967.2838287353516,11.664785957336425,709.406325340271,completed
2014.899162,20,32.787977,1.0,True,20,0,0,519.3256635665894,716.0826358795166,7.270363521575928,519.3256635665894,completed
2030.699137,20,32.815908,1.0,True,20,0,0,584.511420249939,687.3443336486816,7.312881088256836,584.511420249939,completed
1890.191634,20,32.837121,1.0,True,20,0,0,557.5164008140564,757.9985551834106,8.037502861022949,557.5164008140564,completed
2055.840298,20,32.859984,1.0,True,20,0,0,612.6681489944458,670.6483459472656,6.096140813827515,612.6681489944458,completed
741.473544,20,32.880827,1.0,True,20,0,0,782.7187795639038,1142.5906591415405,21.551136589050294,782.7187795639038,completed
1643.367797,20,32.900139,1.0,True,20,0,0,625.8798551559448,818.8524103164673,11.509165954589843,625.8798551559448,completed
709.752522,20,32.918936,1.0,True,20,0,0,836.921196937561,1272.4206218719482,19.210801887512208,836.921196937561,completed
1508.286716,20,32.937829,1.0,True,20,0,0,616.0423455238342,897.1308255195618,12.881099224090576,616.0423455238342,completed
2334.779203,20,32.956492,1.0,True,20,0,0,561.5612874031067,734.8036584854126,0.0,561.5612874031067,completed
1795.254148,20,32.975314,1.0,True,20,0,0,529.5055952072144,683.0768718719482,11.641448402404786,529.5055952072144,completed
1665.447622,20,32.997504,1.0,True,20,0,0,626.5529787540436,814.1235632896423,11.077116775512696,626.5529787540436,completed
1354.401597,20,33.016499,1.0,True,20,0,0,658.048490524292,913.5957183837891,14.395350456237793,658.048490524292,completed
1571.537941,20,33.035169,1.0,True,20,0,0,593.7551422119141,843.3253936767578,13.113776016235352,593.7551422119141,completed
1420.031781,20,33.05704,1.0,True,20,0,0,782.288586139679,1096.726321220398,7.104902839660644,782.288586139679,completed
1766.567017,20,33.076065,1.0,True,20,0,0,633.8202786445618,837.6282014846802,7.168744850158691,633.8202786445618,completed
899.841463,20,33.095153,1.0,True,20,0,0,790.5672264099121,976.3924751281738,21.419661951065063,790.5672264099121,completed
2017.719519,20,33.113761,1.0,True,20,0,0,641.084198474884,854.515549659729,2.1915714263916017,641.084198474884,completed
2239.556795,20,33.132124,1.0,True,20,0,0,507.9977436065674,628.2058277130127,4.240453720092773,507.9977436065674,completed
1594.115695,20,33.151026,1.0,True,20,0,0,656.8680305480957,772.2832126617432,12.931298828125,656.8680305480957,completed
483.577154,20,33.173714,1.0,True,20,0,0,780.0162019729614,1159.3689804077148,26.327681159973146,780.0162019729614,completed
553.527194,20,33.193963,1.0,True,20,0,0,921.7706003189087,1323.1266431808472,19.19927845001221,921.7706003189087,completed
1329.997735,20,33.213668,1.0,True,20,0,0,596.9025545120239,832.5596160888672,17.52612886428833,596.9025545120239,completed
1926.615946,20,33.233754,1.0,True,20,0,0,609.7915577888489,787.0528740882874,5.543773937225342,609.7915577888489,completed
1076.513931,20,33.256865,1.0,True,20,0,0,757.9557754993439,964.0147500038147,17.832409477233888,757.9557754993439,completed
1756.809087,20,33.280164,1.0,True,20,0,0,632.1642971038818,785.5029373168945,9.495977592468261,632.1642971038818,completed
713.412336,20,33.317757,1.0,True,20,0,0,688.6076889038086,1035.4848594665527,25.359742641448975,688.6076889038086,completed
257.391317,20,33.33979,1.0,True,20,0,0,803.6385726928711,1236.6012210845947,30.129104900360108,803.6385726928711,completed
1453.821888,20,33.358807,1.0,True,20,0,0,676.0318231582642,896.881669998169,12.724729537963867,676.0318231582642,completed
1083.071408,20,33.37766,1.0,True,20,0,0,694.025128364563,976.7876253128052,18.27617816925049,694.025128364563,completed
2254.467181,20,33.400091,1.0,True,20,0,0,486.97007942199707,679.3485107421875,3.4016852378845215,486.97007942199707,completed
1288.683781,20,33.420043,1.0,True,20,0,0,614.1482181549072,924.1779594421387,16.405788326263426,614.1482181549072,completed
2157.805951,20,33.438839,1.0,True,20,0,0,586.4460802078247,648.6949577331543,4.544048690795899,586.4460802078247,completed
1757.375786,20,33.458302,1.0,True,20,0,0,617.1272344589233,759.5637893676758,10.420692634582519,617.1272344589233,completed
1738.540963,20,33.48737,1.0,True,20,0,0,647.7988924980164,776.7863988876343,10.58286657333374,647.7988924980164,completed
1411.921013,20,33.507374,1.0,True,20,0,0,555.4027853012085,812.6939506530762,16.02184925079346,555.4027853012085,completed
1805.923019,20,33.529807,1.0,True,20,0,0,725.9497756958008,795.1807746887207,7.220206594467163,725.9497756958008,completed
1202.741436,20,33.551956,1.0,True,20,0,0,707.040461063385,1015.0385503768921,15.28729705810547,707.040461063385,completed
1908.257481,20,33.57093,1.0,True,20,0,0,642.3246660232544,865.7469472885132,4.6006519317626955,642.3246660232544,completed
2091.899131,20,33.590929,1.0,True,20,0,0,469.5819261074066,674.4852747917175,5.9854477643966675,469.5819261074066,completed
1689.78198,20,33.611655,1.0,True,20,0,0,570.884822845459,747.492280960083,13.136140441894531,570.884822845459,completed
1642.868727,20,33.631224,1.0,True,20,0,0,674.5005555152893,791.1543703079224,10.3040283203125,674.5005555152893,completed
384.956075,20,33.650054,1.0,True,20,0,0,968.1106014251709,1219.6424770355225,24.314270973205566,968.1106014251709,completed
723.461285,20,33.668797,1.0,True,20,0,0,865.820122718811,1140.3953504562378,18.940293884277345,865.820122718811,completed
1787.136488,20,33.687523,1.0,True,20,0,0,539.5607681274414,746.0393028259277,9.96209545135498,539.5607681274414,completed
1366.468098,20,33.709451,1.0,True,20,0,0,762.6557233333588,979.8131518363953,11.953600025177002,762.6557233333588,completed
249.926291,20,33.728533,1.0,True,20,0,0,878.1571474075317,1327.8864078521729,25.43760929107666,878.1571474075317,completed
1563.127323,20,33.749544,1.0,True,20,0,0,696.338321685791,921.4976234436035,9.010557460784913,696.338321685791,completed
1879.718846,20,33.770002,1.0,True,20,0,0,620.8016135692596,699.2293963432312,8.966196250915527,620.8016135692596,completed
1514.420518,20,33.790478,1.0,True,20,0,0,678.5200538635254,1091.8000450134277,6.437185001373291,678.5200538635254,completed
1199.213203,20,33.818011,1.0,True,20,0,0,608.2159252166748,984.6402807235718,17.06882333755493,608.2159252166748,completed
1913.563115,20,33.841134,1.0,True,20,0,0,540.640992641449,709.7904596328735,9.03206958770752,540.640992641449,completed
1109.925186,20,33.861939,1.0,True,20,0,0,751.5640487670898,954.2850160598755,18.610571670532227,751.5640487670898,completed
2343.420204,20,33.882564,1.0,True,20,0,0,549.9871046543121,604.6591684818268,2.28656120300293,549.9871046543121,completed
2041.096416,20,33.902248,1.0,True,20,0,0,533.78475689888,700.1631245613098,6.836332321166992,533.78475689888,completed
1307.01379,20,33.922477,1.0,True,20,0,0,602.5614020824432,916.3821730613708,16.960724449157716,602.5614020824432,completed
600.936264,20,33.945062,1.0,True,20,0,0,775.145830154419,1172.0656280517578,23.74260116815567,775.145830154419,completed
2546.852181,20,33.970027,1.0,True,20,0,0,486.0129599571228,549.9872903823853,0.2888505935668945,486.0129599571228,completed
1889.231846,20,33.993191,1.0,True,20,0,0,605.6907958984375,814.0231952667236,5.798204040527343,605.6907958984375,completed
2105.10523,20,34.012907,1.0,True,20,0,0,593.6732444763184,709.0784111022949,4.092614269256591,593.6732444763184,completed
1855.287405,20,34.036351,1.0,True,20,0,0,564.331033706665,694.6940879821777,9.298761940002441,564.331033706665,completed
2020.652376,20,34.059507,1.0,True,20,0,0,623.5502576828003,765.1375732421875,4.214153480529785,623.5502576828003,completed
961.645826,20,34.078713,1.0,True,20,0,0,800.591944694519,1094.7123155593872,16.470386505126953,800.591944694519,completed
1238.464464,20,34.101966,1.0,True,20,0,0,667.3990201950073,942.7486772537231,16.351814460754394,667.3990201950073,completed
1655.08304,20,34.120856,1.0,True,20,0,0,626.4255542755127,877.4535827636719,8.971567153930664,626.4255542755127,completed
1577.448841,20,34.139569,1.0,True,20,0,0,541.2058553695679,774.4290447235107,14.398892402648926,541.2058553695679,completed
2286.462624,20,34.158707,1.0,True,20,0,0,487.9144196510315,585.6498594284058,4.539346981048584,487.9144196510315,completed
1125.428188,20,34.178751,1.0,True,20,0,0,835.5296020507812,1041.6613969802856,15.810662841796875,835.5296020507812,completed
1783.494762,20,34.197951,1.0,True,20,0,0,631.8519802093506,794.4079723358154,7.963632011413575,631.8519802093506,completed
-23.099333,20,34.216956,1.0,True,20,0,0,844.8022084236145,1226.3787565231323,34.93003439903259,844.8022084236145,completed
1934.878389,20,34.235586,1.0,True,20,0,0,517.8334617614746,684.2643136978149,10.168269729614257,517.8334617614746,completed
998.886421,20,34.254499,1.0,True,20,0,0,735.9783325195312,1071.087887763977,17.783247566223146,735.9783325195312,completed
1078.481805,20,34.273031,1.0,True,20,0,0,703.09397315979,1074.3422966003418,16.822132110595703,703.09397315979,completed
2061.773115,20,34.291437,1.0,True,20,0,0,499.5852555036545,655.172952413559,8.069637107849122,499.5852555036545,completed
1664.524887,20,34.310747,1.0,True,20,0,0,562.0005497932434,751.279691696167,13.171678066253662,562.0005497932434,completed
2320.746951,20,34.329082,1.0,True,20,0,0,450.6199436187744,545.409797668457,5.973257637023925,450.6199436187744,completed
629.117719,20,34.347495,1.0,True,20,0,0,797.4007248878479,1163.1639699935913,22.32403697967529,797.4007248878479,completed
1110.744201,20,34.366769,1.0,True,20,0,0,741.5561237335205,1024.2728595733643,16.190549468994142,741.5561237335205,completed
1561.967177,20,34.385191,1.0,True,20,0,0,607.1260004043579,906.383864402771,12.043374300003052,607.1260004043579,completed
316.141757,20,34.403613,1.0,True,20,0,0,734.9335098266602,1167.682454109192,30.961185932159424,734.9335098266602,completed
1263.03162,20,34.421721,1.0,True,20,0,0,739.4065647125244,972.1561374664307,14.473817253112793,739.4065647125244,completed
575.930206,20,34.441675,1.0,True,20,0,0,706.8799743652344,1135.4910202026367,25.147542190551757,706.8799743652344,completed
1193.205379,20,34.463052,1.0,True,20,0,0,793.4584889411926,1119.0661268234253,11.993669700622558,793.4584889411926,completed
1135.176839,20,34.482529,1.0,True,20,0,0,614.2956562042236,831.9648656845093,22.152110385894776,614.2956562042236,completed
1035.50532,20,34.503594,1.0,True,20,0,0,706.136706829071,965.029839515686,19.606995820999146,706.136706829071,completed
1269.374065,20,34.523382,1.0,True,20,0,0,615.747410774231,850.3063220977783,20.14601335525513,615.747410774231,completed
2123.32429,20,34.542776,1.0,True,20,0,0,434.1375951766968,611.1158504486084,8.724142932891846,434.1375951766968,completed
787.129459,20,34.56976,1.0,True,20,0,0,773.9834289550781,1020.4917831420898,22.64848804473877,773.9834289550781,completed
890.483776,20,34.589382,1.0,True,20,0,0,786.8069496154785,1266.8651313781738,14.347010231018066,786.8069496154785,completed
1946.576474,20,34.60788,1.0,True,20,0,0,631.3101453781128,700.9223337173462,7.090571784973145,631.3101453781128,completed
2502.642065,20,34.629311,1.0,True,20,0,0,509.00595712661743,552.2524452209473,0.9869167804718018,509.00595712661743,completed
2256.685879,20,34.648283,1.0,True,20,0,0,503.4714574813843,596.3159036636353,4.757093811035157,503.4714574813843,completed
632.744637,20,34.666983,1.0,True,20,0,0,754.8476276397705,1243.0464305877686,20.674892807006835,754.8476276397705,completed
1093.257673,20,34.689265,1.0,True,20,0,0,656.8514020442963,932.2120881080627,19.804954719543456,656.8514020442963,completed
1839.441701,20,34.708629,1.0,True,20,0,0,688.1645307540894,883.2059516906738,4.528325843811035,688.1645307540894,completed
2009.787468,20,34.727901,1.0,True,20,0,0,573.577338218689,670.0392160415649,7.850574779510498,573.577338218689,completed
2095.707603,20,34.746542,1.0,True,20,0,0,533.0648097991943,741.2237281799316,4.977685260772705,533.0648097991943,completed
1572.027028,20,34.765705,1.0,True,20,0,0,624.3326244354248,922.3377361297607,10.470047187805175,624.3326244354248,completed
1135.376162,20,34.784013,1.0,True,20,0,0,753.0295085906982,975.5905075073242,16.74141435623169,753.0295085906982,completed
564.787032,20,34.802444,1.0,True,20,0,0,779.2362775802612,1131.1367816925049,26.335518550872802,779.2362775802612,completed
2127.907056,20,34.821293,1.0,True,20,0,0,600.5380182266235,695.0489730834961,4.43040657043457,600.5380182266235,completed
2368.565086,20,34.839604,1.0,True,20,0,0,503.03195428848267,646.1779470443726,1.2204999923706055,503.03195428848267,completed
2047.431151,20,34.857999,1.0,True,20,0,0,531.0590953826904,675.8568820953369,7.387270545959472,531.0590953826904,completed
1541.368598,20,36.185494,1.0,True,20,0,0,598.6713762283325,866.5176868438721,11.906478023529052,598.6713762283325,completed
1409.851888,20,36.205674,1.0,True,20,0,0,666.534252166748,880.1064186096191,13.802762508392334,666.534252166748,completed
1331.158803,20,36.225282,1.0,True,20,0,0,735.08806848526,1072.1873636245728,10.084556388854981,735.08806848526,completed
1968.253499,20,36.243814,1.0,True,20,0,0,571.285933971405,754.4947080612183,6.60076904296875,571.285933971405,completed
672.905682,20,36.26275,1.0,True,20,0,0,836.0760712623596,1198.8462324142456,20.91794548034668,836.0760712623596,completed
1935.821035,20,36.281775,1.0,True,20,0,0,602.6978530883789,710.6739807128906,7.520471858978271,602.6978530883789,completed
655.197856,20,36.301213,1.0,True,20,0,0,757.3949861526489,1053.5390281677246,24.03680553436279,757.3949861526489,completed
848.704684,20,36.320577,1.0,True,20,0,0,781.8306660652161,1086.357642173767,19.805087757110595,781.8306660652161,completed
1898.421226,20,36.339461,1.0,True,20,0,0,630.4643936157227,728.845461845398,8.164253234863281,630.4643936157227,completed
1565.952062,20,36.3584,1.0,True,20,0,0,630.1231489181519,814.4094953536987,12.878090095520019,630.1231489181519,completed
464.304703,20,36.377195,1.0,True,20,0,0,853.3216404914856,1136.592785835266,26.336256217956542,853.3216404914856,completed
1722.652236,20,36.396286,1.0,True,20,0,0,658.876015663147,932.759280204773,5.899673652648926,658.876015663147,completed
1053.86116,20,36.417431,1.0,True,20,0,0,749.2800998687744,954.9148826599121,20.02911024093628,749.2800998687744,completed
1892.214631,20,36.437368,1.0,True,20,0,0,675.7704043388367,803.0702366828918,6.223646640777588,675.7704043388367,completed
1549.444035,20,36.460323,1.0,True,20,0,0,744.8221464157104,890.0101222991943,10.116288566589356,744.8221464157104,completed
877.43448,20,36.482217,1.0,True,20,0,0,809.4979839324951,1064.4332542419434,18.024753761291503,809.4979839324951,completed
2051.7049,20,36.501243,1.0,True,20,0,0,548.3963534832001,671.4885725975037,7.140496444702149,548.3963534832001,completed
2075.946408,20,36.519494,1.0,True,20,0,0,552.0479907989502,717.2026958465576,5.22254581451416,552.0479907989502,completed
1057.639391,20,36.538299,1.0,True,20,0,0,680.814905166626,963.8752708435059,20.090221691131593,680.814905166626,completed
2173.089537,20,36.558633,1.0,True,20,0,0,487.1569023132324,651.7451133728027,6.192417430877685,487.1569023132324,completed
1053.739687,20,36.577768,1.0,True,20,0,0,743.1265783309937,1056.989514350891,16.69239749908447,743.1265783309937,completed
2195.907745,20,36.596803,1.0,True,20,0,0,589.772656917572,647.4619884490967,4.200511837005616,589.772656917572,completed
1108.08031,20,36.616572,1.0,True,20,0,0,748.2890025377274,986.6026976108551,17.817083024978636,748.2890025377274,completed
897.440191,20,36.635252,1.0,True,20,0,0,734.0824604034424,1073.171365737915,19.665545749664307,734.0824604034424,completed
2195.197519,20,36.653888,1.0,True,20,0,0,563.1769576072693,738.0349988937378,2.126445198059082,563.1769576072693,completed
950.736736,20,36.673166,1.0,True,20,0,0,725.9629998207092,1243.3559846878052,15.649847030639648,725.9629998207092,completed
1666.6608,20,36.692325,1.0,True,20,0,0,662.3708143234253,839.8703088760376,9.801484298706054,662.3708143234253,completed
1763.092861,20,36.710604,1.0,True,20,0,0,608.5780715942383,890.9059944152832,7.4190925598144535,608.5780715942383,completed
912.350716,20,36.729317,1.0,True,20,0,0,640.6080675125122,951.5841331481934,23.413547420501708,640.6080675125122,completed
1595.077983,20,36.748618,1.0,True,20,0,0,621.2896509170532,796.2581729888916,12.781605911254882,621.2896509170532,completed
2137.492825,20,36.768536,1.0,True,20,0,0,518.3622310161591,657.3593611717224,5.834863471984863,518.3622310161591,completed
446.525908,20,36.787899,1.0,True,20,0,0,746.1114120483398,1097.8439617156982,27.579472160339357,746.1114120483398,completed
715.453053,20,36.806992,1.0,True,20,0,0,649.3488206863403,1017.7164058685303,25.136240196228027,649.3488206863403,completed
1333.284721,20,36.826149,1.0,True,20,0,0,584.4812545776367,885.1789321899414,16.808242511749267,584.4812545776367,completed
1753.694652,20,36.845176,1.0,True,20,0,0,660.3199100494385,833.8506164550781,7.821943092346191,660.3199100494385,completed
1704.17618,20,36.864665,1.0,True,20,0,0,619.0516290664673,785.0837688446045,11.020017433166505,619.0516290664673,completed
1547.70715,20,36.883801,1.0,True,20,0,0,540.8243353366852,745.4225583076477,16.570835876464844,540.8243353366852,completed
1069.850999,20,36.902369,1.0,True,20,0,0,659.8699173927307,1094.58309841156,15.879641056060791,659.8699173927307,completed
1402.708055,20,36.921258,1.0,True,20,0,0,773.2160034179688,973.9927673339844,9.799257469177245,773.2160034179688,completed
1827.030481,20,36.94069,1.0,True,20,0,0,594.8468675613403,717.9091234207153,8.909034061431885,594.8468675613403,completed
1675.91548,20,36.959464,1.0,True,20,0,0,623.9414834976196,843.1212844848633,9.432155418395997,623.9414834976196,completed
2098.178129,20,36.978956,1.0,True,20,0,0,480.1616246700287,618.3667140007019,7.213037776947021,480.1616246700287,completed
1558.818405,20,36.998621,1.0,True,20,0,0,615.3929970264435,840.1109414100647,11.945594024658202,615.3929970264435,completed
451.005486,20,37.018459,1.0,True,20,0,0,846.1477336883545,1183.576826095581,26.109284114837646,846.1477336883545,completed
1449.866062,20,37.037149,1.0,True,20,0,0,625.0342721939087,948.194935798645,12.177473640441894,625.0342721939087,completed
1852.169822,20,37.055891,1.0,True,20,0,0,598.8891296386719,839.1194047927856,6.76163387298584,598.8891296386719,completed
1924.209638,20,37.074627,1.0,True,20,0,0,543.436110496521,729.321123123169,7.561886501312256,543.436110496521,completed
450.051415,20,37.093658,1.0,True,20,0,0,909.8438429832458,1266.0270071029663,24.160314273834228,909.8438429832458,completed
1671.647012,20,37.112939,1.0,True,20,0,0,552.2799687385559,775.6182289123535,12.470123863220214,552.2799687385559,completed
2048.484673,20,37.13213,1.0,True,20,0,0,553.0785326957703,628.6397123336792,8.329113101959228,553.0785326957703,completed
564.824677,20,37.156543,1.0,True,20,0,0,898.6506633758545,1155.306438446045,23.253696060180665,898.6506633758545,completed
2034.712237,20,37.177558,1.0,True,20,0,0,501.2966785430908,691.9220161437988,7.084888458251953,501.2966785430908,completed
262.868916,20,37.197229,1.0,True,20,0,0,739.6837291717529,1135.0350608825684,31.869556999206544,739.6837291717529,completed
1824.234529,20,37.21987,1.0,True,20,0,0,615.781084060669,775.5517711639404,9.57974681854248,615.781084060669,completed
2142.83634,20,37.241896,1.0,True,20,0,0,516.9697127342224,677.6994824409485,5.162810039520264,516.9697127342224,completed
1566.978911,20,37.264759,1.0,True,20,0,0,634.5456304550171,834.4517393112183,12.234919929504395,634.5456304550171,completed
1784.190742,20,37.294814,1.0,True,20,0,0,548.2690043449402,770.1507711410522,8.617050170898438,548.2690043449402,completed
1631.106038,20,37.318236,1.0,True,20,0,0,638.0649437904358,818.7061023712158,11.01195707321167,638.0649437904358,completed
1415.012935,20,37.337444,1.0,True,20,0,0,619.5955319404602,878.328727722168,14.426703643798827,619.5955319404602,completed
1526.565811,20,37.35829,1.0,True,20,0,0,662.5767539739609,905.0589530467987,12.75808219909668,662.5767539739609,completed
1695.564302,20,37.378382,1.0,True,20,0,0,635.0193781852722,839.5732574462891,7.622337198257446,635.0193781852722,completed
2268.357227,20,37.397724,1.0,True,20,0,0,521.0674147605896,653.6390590667725,2.6249839782714846,521.0674147605896,completed
1414.363004,20,37.417745,1.0,True,20,0,0,585.5831007957458,814.3408098220825,16.712806129455565,585.5831007957458,completed
597.420946,20,37.436703,1.0,True,20,0,0,811.8911085128784,1214.0808763504028,22.12388563156128,811.8911085128784,completed
1447.547898,20,37.456114,1.0,True,20,0,0,686.1515960693359,944.4471788406372,11.421731185913085,686.1515960693359,completed
1273.281395,20,37.474975,1.0,True,20,0,0,681.0266399383545,892.0200500488281,16.672014141082762,681.0266399383545,completed
774.410482,20,37.501833,1.0,True,20,0,0,741.7293996810913,1004.9296436309814,23.87823176383972,741.7293996810913,completed
1495.695987,20,37.525341,1.0,True,20,0,0,642.0935099124908,870.8022847175598,12.904134845733642,642.0935099124908,completed
1150.454899,20,37.544981,1.0,True,20,0,0,677.1023826599121,965.0578365325928,17.79300127029419,677.1023826599121,completed
2029.30938,20,37.566582,1.0,True,20,0,0,560.5588998794556,649.7960157394409,7.489491558074951,560.5588998794556,completed
1711.006284,20,37.587498,1.0,True,20,0,0,628.0305614471436,736.6312546730042,10.797024965286255,628.0305614471436,completed
1810.115985,20,37.609497,1.0,True,20,0,0,622.4331293106079,795.5005683898926,8.65933780670166,622.4331293106079,completed
990.646118,20,37.628945,1.0,True,20,0,0,671.2986001968384,990.0528192520142,19.937915515899657,671.2986001968384,completed
1925.239115,20,37.648694,1.0,True,20,0,0,597.4469261169434,755.3621788024902,6.634858322143555,597.4469261169434,completed
1930.962279,20,37.66845,1.0,True,20,0,0,612.0376188755035,672.367840051651,8.555263137817382,612.0376188755035,completed
1495.217189,20,37.690626,1.0,True,20,0,0,643.672637462616,876.3939800262451,12.738646268844604,643.672637462616,completed
1424.782143,20,37.71359,1.0,True,20,0,0,599.7796694040298,815.2399961948395,16.21465148925781,599.7796694040298,completed
874.949564,20,37.733292,1.0,True,20,0,0,696.081708908081,1060.3062763214111,21.77661266326904,696.081708908081,completed
2164.527456,20,37.753311,1.0,True,20,0,0,553.3907685279846,688.3559823036194,5.031162548065185,553.3907685279846,completed
2091.248582,20,37.772077,1.0,True,20,0,0,624.9038534164429,725.2473773956299,3.5259247779846192,624.9038534164429,completed
766.641569,20,37.790883,1.0,True,20,0,0,664.6552432775497,1051.0415580272675,25.21048927307129,664.6552432775497,completed
1965.121637,20,37.80994,1.0,True,20,0,0,596.9157552719116,762.9786243438721,5.436310577392578,596.9157552719116,completed
1069.43343,20,37.82957,1.0,True,20,0,0,737.3047504425049,974.3406820297241,18.03522424697876,737.3047504425049,completed
1579.337629,20,37.853146,1.0,True,20,0,0,614.1549196243286,911.7198295593262,9.481940174102784,614.1549196243286,completed
1513.084914,20,37.873479,1.0,True,20,0,0,669.7180986404419,859.3345232009888,13.620406293869019,669.7180986404419,completed
452.971809,20,37.892406,1.0,True,20,0,0,711.3440790176392,1074.1547441482544,30.466288137435914,711.3440790176392,completed
814.018668,20,37.911909,1.0,True,20,0,0,824.6546287536621,1089.9557304382324,19.930931282043456,824.6546287536621,completed
733.883501,20,37.931359,1.0,True,20,0,0,740.7973575592041,1012.5426416397095,24.071029472351075,740.7973575592041,completed
2043.715041,20,37.951102,1.0,True,20,0,0,581.1665539741516,748.6549005508423,5.351615905761719,581.1665539741516,completed
643.504665,20,37.970245,1.0,True,20,0,0,720.5211601257324,1134.6057052612305,23.902909088134766,720.5211601257324,completed
1468.09245,20,37.989474,1.0,True,20,0,0,646.4578185081482,867.715723991394,12.988639068603515,646.4578185081482,completed
2068.593805,20,38.013312,1.0,True,20,0,0,664.0735359191895,816.3342418670654,2.2498601913452148,664.0735359191895,completed
1636.764343,20,38.037666,1.0,True,20,0,0,697.9549350738525,815.3055324554443,9.440665245056152,697.9549350738525,completed
1699.064674,20,38.057597,1.0,True,20,0,0,593.5251150131226,810.3358402252197,10.211270809173584,593.5251150131226,completed
1952.076626,20,38.080354,1.0,True,20,0,0,559.8745465278625,746.9953470230103,6.757594108581543,559.8745465278625,completed
2249.210312,20,38.100723,1.0,True,20,0,0,572.6397831439972,638.9909920692444,3.357893180847168,572.6397831439972,completed
1787.015337,20,38.120166,1.0,True,20,0,0,582.8414254188538,739.7628331184387,10.11351728439331,582.8414254188538,completed
645.933764,20,38.142808,1.0,True,20,0,0,826.213924407959,1100.4422159194946,25.071286106109618,826.213924407959,completed
1574.262141,20,38.162903,1.0,True,20,0,0,611.9117441177368,743.4071178436279,14.271074581146241,611.9117441177368,completed
1499.401711,20,38.183305,1.0,True,20,0,0,636.7930679321289,908.3994121551514,13.107077360153198,636.7930679321289,completed
1281.563772,20,38.202784,1.0,True,20,0,0,688.7072505950928,1011.1808547973633,12.447823429107666,688.7072505950928,completed
1738.734812,20,38.227915,1.0,True,20,0,0,603.1704134941101,876.5058641433716,8.505162239074707,603.1704134941101,completed
1806.400369,20,39.545063,1.0,True,20,0,0,647.3948707580566,784.6108837127686,8.677268409729004,647.3948707580566,completed
1532.252372,20,39.564903,1.0,True,20,0,0,633.6065225601196,766.2417230606079,14.99294548034668,633.6065225601196,completed
2116.483758,20,39.588311,1.0,True,20,0,0,548.4503726959229,710.0618124008179,5.084450626373291,548.4503726959229,completed
1524.933023,20,39.60842,1.0,True,20,0,0,650.3262131214142,913.8337249755859,10.866353797912598,650.3262131214142,completed
1989.44074,20,39.62958,1.0,True,20,0,0,634.4030022621155,765.2987403869629,5.45222110748291,634.4030022621155,completed
1581.898215,20,39.64926,1.0,True,20,0,0,660.4986782073975,907.6650485992432,10.70927562713623,660.4986782073975,completed
1648.927887,20,39.668299,1.0,True,20,0,0,519.9678640365601,730.9377794265747,14.751495933532714,519.9678640365601,completed
1164.047044,20,39.688519,1.0,True,20,0,0,718.8772706985474,1101.4333610534668,13.701247406005859,718.8772706985474,completed
1354.911097,20,39.708794,1.0,True,20,0,0,676.9846434593201,928.8750371932983,14.303389406204223,676.9846434593201,completed
2179.887297,20,39.729153,1.0,True,20,0,0,582.1080069541931,648.0182180404663,4.0756964683532715,582.1080069541931,completed
770.558717,20,39.751526,1.0,True,20,0,0,680.2759437561035,1092.2205924987793,21.870826625823973,680.2759437561035,completed
1073.752339,20,39.770427,1.0,True,20,0,0,750.7309446334839,1125.4259028434753,14.821015024185181,750.7309446334839,completed
665.986767,20,39.789241,1.0,True,20,0,0,696.247670173645,1041.419508934021,26.89257926940918,696.247670173645,completed
994.900926,20,39.811868,1.0,True,20,0,0,722.4643440246582,1053.7851123809814,18.56142110824585,722.4643440246582,completed
2624.310276,20,39.834122,1.0,True,20,0,0,480.18963503837585,491.06908655166626,0.059998703002929685,480.18963503837585,completed
1067.911539,20,39.854176,1.0,True,20,0,0,752.1126728057861,969.5095710754395,17.98400821685791,752.1126728057861,completed
1612.799902,20,39.87284,1.0,True,20,0,0,640.796877861023,839.2388753890991,10.863980197906494,640.796877861023,completed
1066.041558,20,39.891032,1.0,True,20,0,0,774.488522529602,917.1952209472656,19.7587646484375,774.488522529602,completed
2366.784339,20,39.909758,1.0,True,20,0,0,510.9749093055725,574.5433292388916,2.4908263206481935,510.9749093055725,completed
1661.669335,20,39.928413,1.0,True,20,0,0,620.397632598877,833.2227811813354,11.36367564201355,620.397632598877,completed
1431.301412,20,39.947419,1.0,True,20,0,0,613.6986598968506,849.8518342971802,14.266059350967407,613.6986598968506,completed
1838.136561,20,39.969829,1.0,True,20,0,0,638.7814784049988,810.1861219406128,7.309745454788208,638.7814784049988,completed
1346.773769,20,39.991972,1.0,True,20,0,0,724.3020086288452,963.7326974868774,14.088476467132569,724.3020086288452,completed
1597.286949,20,40.011424,1.0,True,20,0,0,577.058629989624,790.475996017456,13.548856925964355,577.058629989624,completed
1109.897586,20,40.03111,1.0,True,20,0,0,773.398414850235,1116.511309146881,13.82252311706543,773.398414850235,completed
1636.94786,20,40.050222,1.0,True,20,0,0,614.3122606277466,823.165620803833,11.724565029144287,614.3122606277466,completed
1633.956005,20,40.068865,1.0,True,20,0,0,702.9081449508667,787.4737739562988,10.826948928833009,702.9081449508667,completed
1695.798544,20,40.090522,1.0,True,20,0,0,642.6621301174164,746.3008763790131,11.316830348968505,642.6621301174164,completed
1457.419511,20,40.109504,1.0,True,20,0,0,653.9023847579956,839.701075553894,14.539196872711182,653.9023847579956,completed
1816.40337,20,40.127935,1.0,True,20,0,0,633.9467267990112,803.6247024536133,6.23103551864624,633.9467267990112,completed
1196.824556,20,40.146703,1.0,True,20,0,0,723.682804107666,924.2461624145508,17.057374572753908,723.682804107666,completed
1676.25712,20,40.167203,1.0,True,20,0,0,612.8656826019287,795.5282440185547,10.898560047149658,612.8656826019287,completed
1227.3122,20,40.191062,1.0,True,20,0,0,676.6943187713623,976.6742477416992,14.933238410949707,676.6943187713623,completed
1715.865025,20,40.210884,1.0,True,20,0,0,639.6814298629761,767.2397117614746,9.659060859680176,639.6814298629761,completed
833.34476,20,40.229802,1.0,True,20,0,0,744.5978569984436,1085.7188634872437,20.765144395828248,744.5978569984436,completed
1747.94313,20,40.248338,1.0,True,20,0,0,556.4083566665649,725.977780342102,12.490907430648804,556.4083566665649,completed
540.50209,20,40.267698,1.0,True,20,0,0,959.0820596218109,1223.839107990265,21.695641374588014,959.0820596218109,completed
1142.783136,20,40.286253,1.0,True,20,0,0,654.3108043670654,856.2054748535156,20.69510898590088,654.3108043670654,completed
1518.137613,20,40.304652,1.0,True,20,0,0,630.7906541824341,890.9308433532715,12.584101676940918,630.7906541824341,completed
1761.546037,20,40.330717,1.0,True,20,0,0,569.5076365470886,763.7360925674438,10.915991973876952,569.5076365470886,completed
918.084752,20,40.352118,1.0,True,20,0,0,809.8448505401611,1027.6688232421875,19.264315795898437,809.8448505401611,completed
2111.072213,20,40.37277,1.0,True,20,0,0,537.1516847610474,698.3912973403931,4.460158729553223,537.1516847610474,completed
2197.990622,20,40.392998,1.0,True,20,0,0,513.9189977645874,688.6026153564453,4.77987756729126,513.9189977645874,completed
1644.157656,20,40.41389,1.0,True,20,0,0,616.3202110528946,775.8561913967133,10.940210163593292,616.3202110528946,completed
1740.804747,20,40.436205,1.0,True,20,0,0,574.6175527572632,749.7654247283936,11.117068862915039,574.6175527572632,completed
1463.154029,20,40.466707,1.0,True,20,0,0,734.8278150558472,902.4959650039673,10.830093002319336,734.8278150558472,completed
1168.721688,20,40.490306,1.0,True,20,0,0,693.390326499939,942.8760929107666,17.702010345458984,693.390326499939,completed
1528.808145,20,40.511025,1.0,True,20,0,0,747.4987452030182,1064.7119698524475,6.41273603439331,747.4987452030182,completed
1699.428061,20,40.532754,1.0,True,20,0,0,621.8295459747314,767.2721710205078,10.336870574951172,621.8295459747314,completed
1897.497852,20,40.553835,1.0,True,20,0,0,630.2246809005737,737.636308670044,6.699184989929199,630.2246809005737,completed
-389.577112,20,40.578903,1.0,True,20,0,0,780.1105690002441,1242.2442817687988,43.37605152130127,780.1105690002441,completed
1784.74687,20,40.607101,1.0,True,20,0,0,634.9417543411255,874.1504211425781,7.568065357208252,634.9417543411255,completed
1793.986508,20,40.629918,1.0,True,20,0,0,660.9804906845093,748.8358268737793,9.767644691467286,660.9804906845093,completed
2297.715577,20,40.650126,1.0,True,20,0,0,491.9304554462433,609.8454818725586,2.907402992248535,491.9304554462433,completed
1185.2012,20,40.669773,1.0,True,20,0,0,689.1887760162354,908.158878326416,18.932769203186034,689.1887760162354,completed
1305.616324,20,40.689508,1.0,True,20,0,0,720.1093473434448,1007.5028505325317,12.101623296737671,720.1093473434448,completed
1627.12637,20,40.712791,1.0,True,20,0,0,652.6263790130615,787.6824607849121,12.371177387237548,652.6263790130615,completed
947.624546,20,40.73858,1.0,True,20,0,0,833.0374116897583,1085.2734775543213,16.593804550170898,833.0374116897583,completed
989.379809,20,40.757609,1.0,True,20,0,0,747.0944719314575,1041.2219982147217,18.675482749938965,747.0944719314575,completed
1969.342189,20,40.776966,1.0,True,20,0,0,578.278470993042,733.238151550293,6.428219032287598,578.278470993042,completed
1934.447153,20,40.799293,1.0,True,20,0,0,547.4739189147949,697.1283159255981,9.380683708190919,547.4739189147949,completed
514.897521,20,40.820864,1.0,True,20,0,0,745.4823417663574,1137.5813274383545,26.03684034347534,745.4823417663574,completed
2332.236675,20,40.844358,1.0,True,20,0,0,544.8330583572388,639.1458225250244,1.695077133178711,544.8330583572388,completed
1921.974981,20,40.863059,1.0,True,20,0,0,598.8013582229614,746.8313894271851,8.180741882324218,598.8013582229614,completed
1083.110474,20,40.881749,1.0,True,20,0,0,726.4576048851013,981.7061281204224,18.278455543518067,726.4576048851013,completed
438.657413,20,40.901391,1.0,True,20,0,0,861.623556137085,1185.04270362854,24.895536994934083,861.623556137085,completed
1570.274708,20,40.924723,1.0,True,20,0,0,655.2177963256836,841.6644649505615,10.394092559814453,655.2177963256836,completed
1772.778704,20,40.944289,1.0,True,20,0,0,583.5581588745117,846.8806781768799,7.512941360473633,583.5581588745117,completed
526.746943,20,40.963323,1.0,True,20,0,0,851.0355129241943,1228.8550338745117,22.272280311584474,851.0355129241943,completed
1837.96475,20,40.982525,1.0,True,20,0,0,591.9892694950104,708.0571942329407,10.199469375610352,591.9892694950104,completed
977.169604,20,41.001364,1.0,True,20,0,0,744.0282392501831,1058.4046802520752,17.929207611083985,744.0282392501831,completed
1319.568806,20,41.020295,1.0,True,20,0,0,697.1216897964478,965.1240577697754,14.51304292678833,697.1216897964478,completed
1508.545789,20,41.039086,1.0,True,20,0,0,623.4699802398682,841.3105182647705,12.423266315460205,623.4699802398682,completed
1718.408807,20,41.064425,1.0,True,20,0,0,594.5695972442627,844.9543037414551,9.384992504119873,594.5695972442627,completed
1276.755219,20,41.088559,1.0,True,20,0,0,786.0024638175964,1120.468773841858,9.97819128036499,786.0024638175964,completed
695.111926,20,41.110504,1.0,True,20,0,0,761.5810823440552,1011.5739946365356,25.38020076751709,761.5810823440552,completed
1013.124006,20,41.130484,1.0,True,20,0,0,704.0741844177246,1023.1556177139282,19.849007606506348,704.0741844177246,completed
667.789935,20,41.150586,1.0,True,20,0,0,784.9113779067993,1142.486982345581,23.98818893432617,784.9113779067993,completed
1184.415905,20,41.170387,1.0,True,20,0,0,687.8089528083801,918.1574907302856,18.073137092590333,687.8089528083801,completed
1893.380236,20,41.195365,1.0,True,20,0,0,579.7900745868683,783.4083485603333,7.54991340637207,579.7900745868683,completed
1248.180365,20,41.216764,1.0,True,20,0,0,761.9917998313904,983.9557762145996,12.931830024719238,761.9917998313904,completed
2353.664523,20,41.236196,1.0,True,20,0,0,494.937002658844,616.0366125106812,2.5433250427246095,494.937002658844,completed
1524.320991,20,41.260306,1.0,True,20,0,0,672.7587881088257,916.2539339065552,10.478610229492187,672.7587881088257,completed
947.956899,20,41.280643,1.0,True,20,0,0,709.8289580345154,1005.9797086715698,21.864201164245607,709.8289580345154,completed
1260.577673,20,41.299938,1.0,True,20,0,0,680.3464632034302,911.5637645721436,17.08735771179199,680.3464632034302,completed
1709.937473,20,41.318916,1.0,True,20,0,0,546.1517333984375,726.2401447296143,13.587683200836182,546.1517333984375,completed
1243.610872,20,41.341792,1.0,True,20,0,0,654.5519814491272,901.4093022346497,18.177692675590514,654.5519814491272,completed
1325.144742,20,41.361336,1.0,True,20,0,0,649.5533752441406,886.3617248535156,14.753133392333984,649.5533752441406,completed
1317.181311,20,41.380113,1.0,True,20,0,0,670.5470361709595,987.5172863006592,13.730536317825317,670.5470361709595,completed
2097.002761,20,41.398844,1.0,True,20,0,0,639.9858314990997,705.1705060005188,3.7079545974731447,639.9858314990997,completed
1669.551326,20,41.41736,1.0,True,20,0,0,656.663901090622,853.7885603904724,10.057072925567628,656.663901090622,completed
2017.402174,20,41.435476,1.0,True,20,0,0,611.5169832706451,742.1311659812927,5.10858383178711,611.5169832706451,completed
912.990403,20,41.453893,1.0,True,20,0,0,723.3291327953339,1021.116054058075,20.86961145401001,723.3291327953339,completed
889.648235,20,41.47315,1.0,True,20,0,0,727.6374635696411,1031.0045623779297,20.49160671234131,727.6374635696411,completed
1528.315662,20,41.492087,1.0,True,20,0,0,595.042290687561,750.1177196502686,16.738236808776854,595.042290687561,completed
2037.627125,20,41.510914,1.0,True,20,0,0,571.011664390564,687.8904514312744,6.07715950012207,571.011664390564,completed
190.21286,20,41.529548,1.0,True,20,0,0,858.8423690795898,1220.3071098327637,29.553597450256348,858.8423690795898,completed
1903.682753,20,41.547889,1.0,True,20,0,0,650.7452642917633,827.5686626434326,5.013613986968994,650.7452642917633,completed
1502.948728,20,41.565905,1.0,True,20,0,0,726.6859474182129,1103.419189453125,5.681964874267578,726.6859474182129,completed
957.213338,20,41.584533,1.0,True,20,0,0,797.922737121582,1178.2032012939453,14.950237464904784,797.922737121582,completed
1905.388694,20,41.603145,1.0,True,20,0,0,473.95938777923584,661.9595069885254,10.927005386352539,473.95938777923584,completed
1643.842366,20,41.624466,1.0,True,20,0,0,621.5107889175415,750.1759452819824,12.201440525054931,621.5107889175415,completed
1971.423972,20,43.145237,1.0,True,20,0,0,641.0505380630493,797.2297563552856,4.924824333190918,641.0505380630493,completed
2175.581368,20,43.165457,1.0,True,20,0,0,542.5886936187744,649.6098937988281,4.732363319396972,542.5886936187744,completed
1739.237927,20,43.185003,1.0,True,20,0,0,742.4676802158356,1054.6498398780823,2.129166030883789,742.4676802158356,completed
1800.791944,20,43.204415,1.0,True,20,0,0,549.6996879577637,779.9786500930786,8.535293197631836,549.6996879577637,completed
1612.556406,20,43.223753,1.0,True,20,0,0,615.8588104248047,947.8539428710938,8.25722427368164,615.8588104248047,completed
681.892657,20,43.244116,1.0,True,20,0,0,737.1479635238647,1146.7767124176025,22.984104537963866,737.1479635238647,completed
908.722387,20,43.264813,1.0,True,20,0,0,692.9997086524963,1065.978376865387,20.19753932952881,692.9997086524963,completed
1813.408276,20,43.288671,1.0,True,20,0,0,599.1019949913025,784.5678949356079,8.6026460647583,599.1019949913025,completed
1586.543742,20,43.310753,1.0,True,20,0,0,632.6487694978714,808.0144197940826,11.876278352737426,632.6487694978714,completed
1949.612512,20,43.331816,1.0,True,20,0,0,527.5675811767578,704.1500263214111,8.482047748565673,527.5675811767578,completed
1331.179994,20,43.351054,1.0,True,20,0,0,774.3599243164062,930.3432474136353,14.020661973953247,774.3599243164062,completed
1029.574396,20,43.37046,1.0,True,20,0,0,700.3757610321045,948.2074127197266,20.92929983139038,700.3757610321045,completed
1360.379865,20,43.39036,1.0,True,20,0,0,671.9257297515869,995.7668256759644,11.153029727935792,671.9257297515869,completed
1558.475614,20,43.409482,1.0,True,20,0,0,723.5050029754639,938.5366592407227,9.500776481628417,723.5050029754639,completed
295.39996,20,43.428412,1.0,True,20,0,0,872.2961273193359,1337.6271133422852,25.37081346511841,872.2961273193359,completed
1395.788276,20,43.447468,1.0,True,20,0,0,666.2764482498169,841.8093147277832,15.211390209197997,666.2764482498169,completed
2037.930493,20,43.467058,1.0,True,20,0,0,545.4067010879517,678.9384660720825,6.074829339981079,545.4067010879517,completed
2273.12386,20,43.48676,1.0,True,20,0,0,526.8459832668304,658.6839046478271,2.280406379699707,526.8459832668304,completed
1906.416722,20,43.505423,1.0,True,20,0,0,566.3170189857483,723.942141532898,8.436417770385741,566.3170189857483,completed
1564.04156,20,43.524755,1.0,True,20,0,0,628.388897895813,859.621150970459,11.708545875549316,628.388897895813,completed
1508.241563,20,43.543391,1.0,True,20,0,0,616.0890333652496,885.8555874824524,13.19159677028656,616.0890333652496,completed
65.187466,20,43.561963,1.0,True,20,0,0,949.26305103302,1309.8803119659424,30.734659004211426,949.26305103302,completed
1724.429535,20,43.580679,1.0,True,20,0,0,581.4608278274536,752.7256488800049,11.96739387512207,581.4608278274536,completed
2253.217844,20,43.600101,1.0,True,20,0,0,505.72545528411865,606.2128419876099,4.537818908691406,505.72545528411865,completed
1522.384814,20,43.619061,1.0,True,20,0,0,689.8120675086975,895.6084699630737,10.838965702056885,689.8120675086975,completed
1802.776841,20,43.637904,1.0,True,20,0,0,596.1129715442657,797.6311936378479,9.179026579856872,596.1129715442657,completed
873.629996,20,43.656834,1.0,True,20,0,0,707.7118682861328,1024.6394500732422,23.24098720550537,707.7118682861328,completed
433.411595,20,43.675859,1.0,True,20,0,0,778.2400584220886,1230.6352987289429,26.2736385345459,778.2400584220886,completed
1452.85503,20,43.695106,1.0,True,20,0,0,591.4575347900391,789.3684511184692,15.724128818511963,591.4575347900391,completed
269.793629,20,43.714058,1.0,True,20,0,0,882.1800346374512,1186.2731351852417,30.649947547912596,882.1800346374512,completed
1407.120856,20,43.732991,1.0,True,20,0,0,764.1867651939392,954.9144086837769,11.599030876159668,764.1867651939392,completed
1261.333175,20,43.752289,1.0,True,20,0,0,605.7047348022461,828.4528865814209,19.223645210266113,605.7047348022461,completed
2058.121675,20,43.772035,1.0,True,20,0,0,619.9657025337219,684.6723566055298,5.543982791900635,619.9657025337219,completed
1485.687159,20,43.790995,1.0,True,20,0,0,616.1184797286987,882.347466468811,13.226488494873047,616.1184797286987,completed
371.753395,20,43.810291,1.0,True,20,0,0,807.267406463623,1144.205696105957,28.506497383117676,807.267406463623,completed
1008.218311,20,43.831051,1.0,True,20,0,0,698.9907855987549,982.239993095398,20.5480806350708,698.9907855987549,completed
2067.318961,20,43.858915,1.0,True,20,0,0,562.3871641159058,668.2187747955322,6.630202198028565,562.3871641159058,completed
519.608881,20,43.878766,1.0,True,20,0,0,767.7612652778625,1215.2740201950073,22.198323440551757,767.7612652778625,completed
1631.232,20,43.898449,1.0,True,20,0,0,657.948938369751,911.9902200698853,8.770234870910645,657.948938369751,completed
2012.233919,20,43.917702,1.0,True,20,0,0,586.0124409198761,778.7372119426727,4.613692092895508,586.0124409198761,completed
867.607556,20,43.937169,1.0,True,20,0,0,822.5797157287598,1010.8618669509888,20.797414016723632,822.5797157287598,completed
1772.716012,20,43.956512,1.0,True,20,0,0,570.0527834892273,801.7402009963989,8.333452415466308,570.0527834892273,completed
298.876569,20,43.976301,1.0,True,20,0,0,749.7130508422852,1290.856086730957,27.783847618103028,749.7130508422852,completed
1070.291713,20,43.9953,1.0,True,20,0,0,792.00954246521,1106.012113571167,14.822230911254882,792.00954246521,completed
1763.094041,20,44.015789,1.0,True,20,0,0,716.1616425514221,884.645586013794,5.977470731735229,716.1616425514221,completed
2308.301256,20,44.035025,1.0,True,20,0,0,533.11873960495,578.6309194564819,4.133337211608887,533.11873960495,completed
1217.575676,20,44.054192,1.0,True,20,0,0,711.708170413971,948.1108617782593,15.436936855316162,711.708170413971,completed
335.556479,20,44.073741,1.0,True,20,0,0,844.8452005386353,1313.6771297454834,24.18728895187378,844.8452005386353,completed
1558.937218,20,44.093424,1.0,True,20,0,0,685.1251993179321,929.0597038269043,9.075549697875976,685.1251993179321,completed
1474.284704,20,44.115681,1.0,True,20,0,0,650.9215402603149,830.3149862289429,13.795397186279297,650.9215402603149,completed
447.147118,20,44.135279,1.0,True,20,0,0,833.6908769607544,1080.9763202667236,26.714110088348388,833.6908769607544,completed
1324.009154,20,44.154526,1.0,True,20,0,0,689.3442068099976,989.6443719863892,12.594387817382813,689.3442068099976,completed
926.167556,20,44.173481,1.0,True,20,0,0,681.4305152893066,1005.0150737762451,21.611438846588136,681.4305152893066,completed
1509.72335,20,44.19514,1.0,True,20,0,0,710.0153694152832,906.7159957885742,11.171995830535888,710.0153694152832,completed
1407.649911,20,44.216911,1.0,True,20,0,0,619.2675919532776,844.5152230262756,16.170569705963135,619.2675919532776,completed
1902.878773,20,44.236267,1.0,True,20,0,0,587.900475025177,723.4364094734192,7.590022277832031,587.900475025177,completed
1630.48012,20,44.255678,1.0,True,20,0,0,600.2474141120911,944.6489458084106,8.756439781188964,600.2474141120911,completed
1111.127204,20,44.274889,1.0,True,20,0,0,743.4620475769043,998.3836822509766,16.864337921142578,743.4620475769043,completed
1489.883841,20,44.29469,1.0,True,20,0,0,657.6177787780762,882.8771743774414,12.48451499938965,657.6177787780762,completed
2272.681586,20,44.313241,1.0,True,20,0,0,546.9119520187378,640.6416263580322,3.7366363525390627,546.9119520187378,completed
1237.455908,20,44.332599,1.0,True,20,0,0,615.6641216278076,874.502851486206,17.779812049865722,615.6641216278076,completed
1961.547789,20,44.352798,1.0,True,20,0,0,522.4084672927856,647.4985961914062,9.19396686553955,522.4084672927856,completed
868.994755,20,44.372559,1.0,True,20,0,0,776.3784213066101,947.1878333091736,21.331789398193358,776.3784213066101,completed
1329.409126,20,44.39299,1.0,True,20,0,0,651.6785445213318,883.7036890983582,15.312742233276367,651.6785445213318,completed
187.658936,20,44.41152,1.0,True,20,0,0,852.3559594154358,1351.1351327896118,27.366971063613892,852.3559594154358,completed
1261.08899,20,44.430189,1.0,True,20,0,0,689.351640701294,979.4860038757324,13.821635532379151,689.351640701294,completed
1097.207613,20,44.44867,1.0,True,20,0,0,708.6973190307617,981.5411014556885,16.94696960449219,708.6973190307617,completed
1952.525024,20,44.46776,1.0,True,20,0,0,534.6434750556946,642.859450340271,9.988587379455566,534.6434750556946,completed
2046.205577,20,44.486607,1.0,True,20,0,0,499.07878959178925,644.999913930893,7.4961811065673825,499.07878959178925,completed
1462.656252,20,44.505616,1.0,True,20,0,0,669.9136695861816,907.310417175293,11.683852195739746,669.9136695861816,completed
1263.743504,20,44.524745,1.0,True,20,0,0,675.7897653579712,959.2061290740967,15.766397380828858,675.7897653579712,completed
1738.389218,20,44.543686,1.0,True,20,0,0,626.2731213569641,787.1927633285522,9.373371744155884,626.2731213569641,completed
1068.355555,20,44.562343,1.0,True,20,0,0,734.7916870117188,1005.6078033447266,18.490021228790283,734.7916870117188,completed
1947.150653,20,44.581468,1.0,True,20,0,0,585.947868347168,830.057222366333,4.83044204711914,585.947868347168,completed
925.016496,20,44.600564,1.0,True,20,0,0,692.3785572052002,1003.9506359100342,20.255266761779787,692.3785572052002,completed
1093.360766,20,44.620106,1.0,True,20,0,0,813.7903480529785,1083.1983013153076,12.671172332763671,813.7903480529785,completed
993.295886,20,44.639945,1.0,True,20,0,0,722.6517715454102,1012.1165108680725,19.119622230529785,722.6517715454102,completed
1956.86193,20,44.658852,1.0,True,20,0,0,577.0108070373535,776.583366394043,6.19224705696106,577.0108070373535,completed
1372.235852,20,44.677865,1.0,True,20,0,0,637.8220443725586,938.7389011383057,14.186453247070313,637.8220443725586,completed
1571.889515,20,44.69672,1.0,True,20,0,0,730.2522258758545,899.6281862258911,10.134203624725341,730.2522258758545,completed
852.465028,20,44.716201,1.0,True,20,0,0,698.4940686225891,1188.418122291565,19.40446491241455,698.4940686225891,completed
1690.042263,20,44.735117,1.0,True,20,0,0,590.7867956161499,829.4792032241821,10.576463413238525,590.7867956161499,completed
1591.711218,20,44.754314,1.0,True,20,0,0,652.2844743728638,884.728364944458,9.967922401428222,652.2844743728638,completed
1777.897045,20,44.773434,1.0,True,20,0,0,650.5576305389404,908.4182386398315,5.937707853317261,650.5576305389404,completed
1246.239065,20,44.793049,1.0,True,20,0,0,704.070013999939,956.2117443084717,15.862150192260742,704.070013999939,completed
1874.328789,20,44.812057,1.0,True,20,0,0,632.679251909256,909.0142617225647,3.7786993026733398,632.679251909256,completed
1046.207318,20,44.830824,1.0,True,20,0,0,843.259334564209,1245.703477859497,12.064081382751464,843.259334564209,completed
936.777685,20,44.849557,1.0,True,20,0,0,745.3692501783371,973.3941152095795,21.881680965423584,745.3692501783371,completed
1122.398125,20,44.868847,1.0,True,20,0,0,696.4462308883667,1001.4723815917969,17.20286293029785,696.4462308883667,completed
1879.626876,20,44.888221,1.0,True,20,0,0,648.0951852798462,830.476842880249,6.199787139892578,648.0951852798462,completed
693.908051,20,44.907193,1.0,True,20,0,0,806.6562690734863,1088.4727249145508,23.244454765319823,806.6562690734863,completed
822.572155,20,44.925981,1.0,True,20,0,0,769.3033380508423,1031.6502704620361,23.400763607025148,769.3033380508423,completed
904.277144,20,44.946769,1.0,True,20,0,0,700.8478236198425,1028.9419012069702,20.584451770782472,700.8478236198425,completed
1551.297979,20,44.967614,1.0,True,20,0,0,613.2340884208679,891.5143113136292,12.002395629882812,613.2340884208679,completed
1890.134251,20,44.987286,1.0,True,20,0,0,592.8175230026245,880.2654361724854,5.39708137512207,592.8175230026245,completed
1882.06053,20,45.007586,1.0,True,20,0,0,624.850368976593,874.3032121658325,4.657392883300782,624.850368976593,completed
1343.140407,20,45.026878,1.0,True,20,0,0,628.4154319763184,884.0771179199219,15.933137607574462,628.4154319763184,completed
1422.377584,20,45.046467,1.0,True,20,0,0,649.8324241638184,884.4448337554932,14.245841121673584,649.8324241638184,completed
1928.229041,20,45.065414,1.0,True,20,0,0,672.4846833944321,770.539389371872,5.017170524597168,672.4846833944321,completed
982.961487,20,45.084294,1.0,True,20,0,0,747.3565263748169,1083.5496253967285,17.66800022125244,747.3565263748169,completed
787.265109,20,45.10358,1.0,True,20,0,0,832.8560190200806,1282.497688293457,17.056845569610594,832.8560190200806,completed
1914.27912,20,45.121926,1.0,True,20,0,0,567.3905620574951,820.0799331665039,6.204965400695801,567.3905620574951,completed
1995.778254,20,45.141113,1.0,True,20,0,0,620.531614780426,769.4847860336304,4.761737823486328,620.531614780426,completed
1546.610065,20,46.40014,1.0,True,20,0,0,597.5841565132141,793.9862565994263,13.786363983154297,597.5841565132141,completed
1676.348212,20,46.421466,1.0,True,20,0,0,584.4346585273743,913.023434638977,9.341630363464356,584.4346585273743,completed
1194.132264,20,46.441554,1.0,True,20,0,0,558.3967380523682,837.2209796905518,21.997165393829345,558.3967380523682,completed
501.503696,20,46.461423,1.0,True,20,0,0,841.0428400039673,1173.4436750411987,25.827063941955565,841.0428400039673,completed
1649.674643,20,46.481631,1.0,True,20,0,0,641.6011974811554,802.0780453681946,11.576969718933105,641.6011974811554,completed
1542.806378,20,46.501622,1.0,True,20,0,0,680.6397533416748,808.0316867828369,12.249372863769532,680.6397533416748,completed
1028.853376,20,46.522247,1.0,True,20,0,0,779.0701718330383,1015.0138902664185,17.929731035232543,779.0701718330383,completed
2385.489514,20,46.542362,1.0,True,20,0,0,515.0187654495239,570.6882247924805,2.693554496765137,515.0187654495239,completed
1475.440381,20,46.562454,1.0,True,20,0,0,615.4376344680786,798.2280101776123,14.556155681610107,615.4376344680786,completed
1385.656403,20,46.582578,1.0,True,20,0,0,676.6296863555908,929.2206935882568,12.280575561523438,676.6296863555908,completed
1025.152757,20,46.602761,1.0,True,20,0,0,736.1888980865479,1008.2872295379639,18.2254487991333,736.1888980865479,completed
1351.803132,20,46.622748,1.0,True,20,0,0,560.7153940200806,770.9268417358398,19.843702650070192,560.7153940200806,completed
1048.492434,20,46.643152,1.0,True,20,0,0,779.3615388870239,1053.2987480163574,17.0065505027771,779.3615388870239,completed
1928.624587,20,46.663688,1.0,True,20,0,0,591.1163959503174,706.0975208282471,7.99995756149292,591.1163959503174,completed
1350.022014,20,46.683503,1.0,True,20,0,0,663.5967411994934,868.5319199562073,16.28587074279785,663.5967411994934,completed
1717.783186,20,46.703753,1.0,True,20,0,0,632.2712888717651,960.8709306716919,6.897400426864624,632.2712888717651,completed
1695.615481,20,46.724003,1.0,True,20,0,0,623.438588142395,939.0090398788452,8.185285568237305,623.438588142395,completed
2067.177838,20,46.743927,1.0,True,20,0,0,588.3737878799438,690.2876033782959,5.012038135528565,588.3737878799438,completed
947.894458,20,46.769286,1.0,True,20,0,0,785.6402177810669,1279.0638236999512,13.218780136108398,785.6402177810669,completed
1562.75104,20,46.793492,1.0,True,20,0,0,597.5338516235352,839.6743116378784,13.377172660827636,597.5338516235352,completed
1074.700524,20,46.813448,1.0,True,20,0,0,714.3790264129639,1018.9576187133789,16.395466995239257,714.3790264129639,completed
1506.593294,20,46.834622,1.0,True,20,0,0,685.968695640564,959.7599334716797,10.152239036560058,685.968695640564,completed
1733.286734,20,46.865019,1.0,True,20,0,0,634.7611536979675,808.3416318893433,10.042019462585449,634.7611536979675,completed
1896.480916,20,46.886125,1.0,True,20,0,0,684.6951206922531,840.3646094799042,3.082523536682129,684.6951206922531,completed
2000.250619,20,46.907649,1.0,True,20,0,0,597.911150932312,776.9199171066284,5.409769535064697,597.911150932312,completed
2469.247784,20,46.929029,1.0,True,20,0,0,491.91411304473877,573.1781282424927,0.8776951789855957,491.91411304473877,completed
1421.969618,20,46.951134,1.0,True,20,0,0,630.5784006118774,869.1078567504883,12.466617488861084,630.5784006118774,completed
2254.033508,20,46.973339,1.0,True,20,0,0,523.5600399971008,689.2395439147949,3.21667423248291,523.5600399971008,completed
1788.299799,20,46.994646,1.0,True,20,0,0,602.6714353561401,859.8282175064087,7.732157516479492,602.6714353561401,completed
1173.420624,20,47.017416,1.0,True,20,0,0,636.5521516799927,906.7354917526245,19.430976104736327,636.5521516799927,completed
1726.493166,20,47.041549,1.0,True,20,0,0,655.7111587524414,834.2996978759766,9.18376178741455,655.7111587524414,completed
1798.806554,20,47.063479,1.0,True,20,0,0,607.6729509830475,777.8433780670166,7.77404899597168,607.6729509830475,completed
2254.855124,20,47.08378,1.0,True,20,0,0,534.037286400795,638.7055904865265,2.553658866882324,534.037286400795,completed
825.329837,20,47.10637,1.0,True,20,0,0,761.6323280334473,1086.8277053833008,20.6795072555542,761.6323280334473,completed
1094.595603,20,47.12835,1.0,True,20,0,0,631.5612382888794,877.6202507019043,22.277134466171265,631.5612382888794,completed
1542.264755,20,47.151999,1.0,True,20,0,0,680.0369291305542,932.3434762954712,10.103381586074828,680.0369291305542,completed
1705.307846,20,47.173199,1.0,True,20,0,0,722.4451398849487,812.4629650115967,8.062895202636719,722.4451398849487,completed
1481.393591,20,47.194242,1.0,True,20,0,0,720.5229167938232,1000.2306423187256,8.525973796844482,720.5229167938232,completed
1014.834809,20,47.214708,1.0,True,20,0,0,731.0526738166809,993.0118751525879,20.230513095855713,731.0526738166809,completed
1407.639039,20,47.234538,1.0,True,20,0,0,709.3573560714722,989.4510698318481,12.083759260177612,709.3573560714722,completed
1022.038454,20,47.255017,1.0,True,20,0,0,818.7425785064697,1202.6737241744995,12.96937255859375,818.7425785064697,completed
1072.918605,20,47.281322,1.0,True,20,0,0,708.4594593048096,941.6304721832275,20.530305004119874,708.4594593048096,completed
941.401097,20,47.302672,1.0,True,20,0,0,735.1016731262207,1006.5713291168213,21.007735919952392,735.1016731262207,completed
1567.336211,20,47.326604,1.0,True,20,0,0,610.9371203184128,839.1494300365448,11.825928592681885,610.9371203184128,completed
1401.951161,20,47.350085,1.0,True,20,0,0,732.6568832397461,910.3938875198364,12.800535821914673,732.6568832397461,completed
1950.838175,20,47.373227,1.0,True,20,0,0,540.7248690128326,707.0483689308167,9.424342441558839,540.7248690128326,completed
2083.328822,20,47.395607,1.0,True,20,0,0,550.5246505737305,763.6326575279236,4.409011602401733,550.5246505737305,completed
1779.016053,20,47.417272,1.0,True,20,0,0,588.7989921569824,786.0465745925903,10.201332998275756,588.7989921569824,completed
1175.055812,20,47.443079,1.0,True,20,0,0,727.0649132728577,980.3683729171753,16.007500743865968,727.0649132728577,completed
1398.457567,20,47.463897,1.0,True,20,0,0,673.0557322502136,869.2195425033569,14.91418743133545,673.0557322502136,completed
1713.200951,20,47.483701,1.0,True,20,0,0,684.3283262252808,940.8798189163208,5.530856323242188,684.3283262252808,completed
1177.271226,20,47.504596,1.0,True,20,0,0,660.3747472763062,905.4320392608643,18.388217067718507,660.3747472763062,completed
1931.790562,20,47.525654,1.0,True,20,0,0,587.0657615661621,790.513002872467,5.660141944885254,587.0657615661621,completed
304.707526,20,47.54884,1.0,True,20,0,0,800.1492290496826,1207.9328384399414,28.53692035675049,800.1492290496826,completed
918.704699,20,47.574703,1.0,True,20,0,0,688.7031745910645,1046.581283569336,21.170849609375,688.7031745910645,completed
949.276047,20,47.595081,1.0,True,20,0,0,777.9701285362244,1062.7630472183228,19.247563087940215,777.9701285362244,completed
1296.715778,20,47.619693,1.0,True,20,0,0,832.3944144248962,1213.2526750564575,6.2317407608032225,832.3944144248962,completed
1147.417586,20,47.641699,1.0,True,20,0,0,734.1662039756775,989.372763633728,16.969316291809083,734.1662039756775,completed
1171.987597,20,47.666056,1.0,True,20,0,0,775.6827936172485,1054.1272640228271,13.951568412780762,775.6827936172485,completed
2435.847972,20,47.688115,1.0,True,20,0,0,402.21547996997833,507.7428514957428,5.482640075683594,402.21547996997833,completed
1789.748056,20,47.70917,1.0,True,20,0,0,626.5814085006714,824.5364122390747,7.057826137542724,626.5814085006714,completed
1150.71744,20,47.729602,1.0,True,20,0,0,760.1581563949585,1091.8884258270264,13.05275993347168,760.1581563949585,completed
1793.938134,20,47.753186,1.0,True,20,0,0,650.9010105133057,882.4246463775635,6.871353721618652,650.9010105133057,completed
1354.580765,20,47.774404,1.0,True,20,0,0,693.345422744751,877.9222640991211,14.842437267303467,693.345422744751,completed
345.342817,20,47.795859,1.0,True,20,0,0,834.4577393531799,1337.3799624443054,25.94661452770233,834.4577393531799,completed
2409.00118,20,47.8155,1.0,True,20,0,0,451.22110986709595,573.5005111694336,2.360389804840088,451.22110986709595,completed
1911.143212,20,47.836128,1.0,True,20,0,0,588.551103591919,721.4519624710083,8.678224182128906,588.551103591919,completed
2022.030644,20,47.856027,1.0,True,20,0,0,602.9161810874939,660.6055126190186,6.73883957862854,602.9161810874939,completed
1320.367409,20,47.881914,1.0,True,20,0,0,695.051266670227,943.1043882369995,15.754675102233886,695.051266670227,completed
1685.109712,20,47.902487,1.0,True,20,0,0,649.6115064620972,898.8527002334595,6.659635353088379,649.6115064620972,completed
1935.716932,20,47.922847,1.0,True,20,0,0,572.6091146469116,766.4753799438477,7.68986701965332,572.6091146469116,completed
2098.226022,20,47.94305,1.0,True,20,0,0,573.5535154342651,721.8708419799805,4.839598560333252,573.5535154342651,completed
1922.026333,20,47.96319,1.0,True,20,0,0,596.4715776443481,781.3019466400146,6.641464471817017,596.4715776443481,completed
1088.764459,20,47.982932,1.0,True,20,0,0,681.4990711212158,970.127799987793,19.754887962341307,681.4990711212158,completed
2267.087765,20,48.003178,1.0,True,20,0,0,536.0018441677094,620.2654070854187,3.350479507446289,536.0018441677094,completed
1242.757975,20,48.022895,1.0,True,20,0,0,654.3167252540588,894.3593082427979,17.77141876220703,654.3167252540588,completed
1006.181027,20,48.042739,1.0,True,20,0,0,722.2151536941528,935.8279151916504,19.6519793510437,722.2151536941528,completed
1121.514644,20,48.062389,1.0,True,20,0,0,641.9639377593994,979.809398651123,18.012916374206544,641.9639377593994,completed
1551.018714,20,48.082236,1.0,True,20,0,0,638.6950073242188,909.6624546051025,11.12838954925537,638.6950073242188,completed
1121.049461,20,48.102825,1.0,True,20,0,0,688.7668399810791,917.5320444107056,18.410129642486574,688.7668399810791,completed
2047.813682,20,48.124864,1.0,True,20,0,0,609.810373544693,740.5632948875427,5.667011737823486,609.810373544693,completed
2661.471508,20,48.145841,1.0,True,20,0,0,474.44770312309265,485.32715463638306,0.0,474.44770312309265,completed
2523.235748,20,48.165675,1.0,True,20,0,0,511.2891912460327,555.9463214874268,0.3362445831298828,511.2891912460327,completed
1068.184484,20,48.185515,1.0,True,20,0,0,699.9864735603333,975.9853572845459,19.205993461608887,699.9864735603333,completed
1003.186537,20,48.207116,1.0,True,20,0,0,744.0550236701965,1279.5400323867798,13.072160339355468,744.0550236701965,completed
824.078598,20,48.226515,1.0,True,20,0,0,792.9329710006714,1175.7355556488037,18.421312713623045,792.9329710006714,completed
1746.547413,20,48.246868,1.0,True,20,0,0,590.356568813324,788.1119413375854,9.682887744903564,590.356568813324,completed
1632.422758,20,48.26684,1.0,True,20,0,0,570.980128288269,706.3367137908936,13.825469493865967,570.980128288269,completed
1989.48364,20,48.286271,1.0,True,20,0,0,580.7676486968994,697.6190185546875,6.24187126159668,580.7676486968994,completed
1978.105125,20,48.307247,1.0,True,20,0,0,650.753568649292,814.2860412597656,3.518202209472656,650.753568649292,completed
1350.988726,20,48.333786,1.0,True,20,0,0,739.7012758255005,922.2340869903564,13.643325328826904,739.7012758255005,completed
2143.147503,20,48.362974,1.0,True,20,0,0,556.9553694725037,663.9028058052063,4.309654712677002,556.9553694725037,completed
1897.357938,20,48.385876,1.0,True,20,0,0,611.8593764305115,746.3577899932861,7.988321685791016,611.8593764305115,completed
874.375508,20,48.406754,1.0,True,20,0,0,759.720947265625,1126.2906131744385,18.396806240081787,759.720947265625,completed
1933.071366,20,48.428772,1.0,True,20,0,0,519.7985887527466,724.7968883514404,8.44432258605957,519.7985887527466,completed
2165.535786,20,48.451767,1.0,True,20,0,0,662.4239902496338,708.6185274124146,2.1882359981536865,662.4239902496338,completed
1837.976228,20,48.473332,1.0,True,20,0,0,569.5949172973633,749.0108547210693,8.783872032165528,569.5949172973633,completed
2069.662326,20,48.493882,1.0,True,20,0,0,604.9784722328186,738.7779245376587,3.367371845245361,604.9784722328186,completed
1365.859455,20,48.514679,1.0,True,20,0,0,669.655912399292,974.5720024108887,12.882944869995118,669.655912399292,completed
1026.950832,20,48.535387,1.0,True,20,0,0,732.6426267623901,1011.2702121734619,17.526658964157104,732.6426267623901,completed
1537.226208,20,48.556861,1.0,True,20,0,0,686.3518180847168,811.2233657836914,13.465424966812133,686.3518180847168,completed
1556.671289,20,48.580579,1.0,True,20,0,0,628.2420463562012,805.0036611557007,12.771986389160157,628.2420463562012,completed
1361.745661,20,49.940899,1.0,True,20,0,0,672.2552213668823,833.8750343322754,15.565966701507568,672.2552213668823,completed
1445.473071,20,49.962976,1.0,True,20,0,0,715.0830898284912,926.8762531280518,11.522829914093018,715.0830898284912,completed
1208.509284,20,49.985555,1.0,True,20,0,0,612.8116805553436,936.8827300071716,18.70581760406494,612.8116805553436,completed
1853.599596,20,50.013925,1.0,True,20,0,0,695.8665885925293,766.3526182174683,7.272314262390137,695.8665885925293,completed
826.839166,20,50.038559,1.0,True,20,0,0,764.8540182113647,1131.3252954483032,19.369764947891234,764.8540182113647,completed
1694.939503,20,50.05756,1.0,True,20,0,0,590.6715536117554,764.5894298553467,12.24022979736328,590.6715536117554,completed
957.615332,20,50.077129,1.0,True,20,0,0,680.7345895767212,1029.623529434204,20.158950805664062,680.7345895767212,completed
532.982258,20,50.211011,1.0,True,20,0,0,775.0188617706299,1240.9135513305664,22.925037956237794,775.0188617706299,completed
-763.331577,20,50.235715,1.0,True,20,0,0,1039.814224243164,1483.9791069030762,42.80165061950684,1039.814224243164,completed
1452.567108,20,50.255523,1.0,True,20,0,0,621.1550741195679,894.8669624328613,14.884654712677001,621.1550741195679,completed
2249.095548,20,50.274192,1.0,True,20,0,0,459.50897163152695,573.7805794477463,5.601010799407959,459.50897163152695,completed
1773.432845,20,50.293223,1.0,True,20,0,0,631.540919303894,996.139500617981,4.547228813171387,631.540919303894,completed
1444.306176,20,50.311994,1.0,True,20,0,0,655.8175549507141,1007.5270757675171,10.848087692260743,655.8175549507141,completed
693.081219,20,50.330409,1.0,True,20,0,0,719.5572290420532,1065.353916168213,23.957378387451172,719.5572290420532,completed
1343.696338,20,50.348772,1.0,True,20,0,0,707.3475790023804,939.710578918457,12.580336952209473,707.3475790023804,completed
2395.994153,20,50.367237,1.0,True,20,0,0,475.21836948394775,539.9509468078613,3.8732195854187013,475.21836948394775,completed
1560.570175,20,50.38551,1.0,True,20,0,0,712.1212720870972,998.6554050445557,7.3409029006958,712.1212720870972,completed
660.414623,20,50.403845,1.0,True,20,0,0,796.4621291160583,1079.9899950027466,23.842977619171144,796.4621291160583,completed
102.049287,20,50.421958,1.0,True,20,0,0,908.3534450531006,1265.5316314697266,29.771346282958984,908.3534450531006,completed
1503.03933,20,50.440685,1.0,True,20,0,0,653.8810086250305,896.9737005233765,11.824024868011474,653.8810086250305,completed
1127.199507,20,50.458957,1.0,True,20,0,0,650.2571496963501,971.7660465240479,18.592588806152342,650.2571496963501,completed
2356.629919,20,50.477169,1.0,True,20,0,0,546.8591606616974,612.2259449958801,2.420151138305664,546.8591606616974,completed
1675.829223,20,50.495366,1.0,True,20,0,0,725.2043814659119,915.3814306259155,5.928214359283447,725.2043814659119,completed
1161.758349,20,50.513529,1.0,True,20,0,0,769.2639007568359,995.1279335021973,15.926064586639404,769.2639007568359,completed
1259.274277,20,50.531742,1.0,True,20,0,0,655.3177576065063,896.8966083526611,17.27371997833252,655.3177576065063,completed
1412.37945,20,50.549915,1.0,True,20,0,0,709.8818473815918,907.2768478393555,12.342172718048095,709.8818473815918,completed
1207.524286,20,50.568042,1.0,True,20,0,0,635.6306829452515,849.0536108016968,20.178458309173585,635.6306829452515,completed
1938.29457,20,50.586123,1.0,True,20,0,0,571.2029180526733,723.5034513473511,7.5782470703125,571.2029180526733,completed
1240.611536,20,50.604258,1.0,True,20,0,0,746.5444297790527,970.8558988571167,13.713007926940918,746.5444297790527,completed
1657.453419,20,50.622397,1.0,True,20,0,0,708.0501499176025,814.1540517807007,10.053675842285156,708.0501499176025,completed
1526.590207,20,50.640595,1.0,True,20,0,0,670.8161544799805,939.7281742095947,10.430477714538574,670.8161544799805,completed
1945.124446,20,50.659003,1.0,True,20,0,0,563.0535626411438,698.6431379318237,7.588399124145508,563.0535626411438,completed
1870.449358,20,50.677316,1.0,True,20,0,0,575.8087582588196,763.3269186019897,8.735144424438477,575.8087582588196,completed
931.522338,20,50.69576,1.0,True,20,0,0,738.5950269699097,1048.490743637085,20.049520683288574,738.5950269699097,completed
1259.440261,20,50.717537,1.0,True,20,0,0,717.3687448501587,937.0970668792725,15.233292961120606,717.3687448501587,completed
2153.480463,20,50.740018,1.0,True,20,0,0,487.3413770198822,644.7941203117371,5.621029472351074,487.3413770198822,completed
1293.218507,20,50.760342,1.0,True,20,0,0,678.4363784790039,966.3948135375977,14.792134284973145,678.4363784790039,completed
1762.053781,20,50.779304,1.0,True,20,0,0,640.6571502685547,828.4227466583252,8.057172679901123,640.6571502685547,completed
1115.272166,20,50.797605,1.0,True,20,0,0,789.11314868927,1161.4987144470215,11.590283966064453,789.11314868927,completed
2086.868826,20,50.816035,1.0,True,20,0,0,498.260577082634,621.7366406917572,8.381613063812257,498.260577082634,completed
1044.149456,20,50.834499,1.0,True,20,0,0,757.0424941778183,996.9526965618134,18.374427032470702,757.0424941778183,completed
1986.634555,20,50.853378,1.0,True,20,0,0,551.451427936554,703.9315214157104,6.579247856140137,551.451427936554,completed
1665.736459,20,50.872028,1.0,True,20,0,0,636.2629492282867,755.2961661815643,10.6669997215271,636.2629492282867,completed
1524.969699,20,50.89025,1.0,True,20,0,0,685.7971811294556,813.0419244766235,13.105146884918213,685.7971811294556,completed
1625.779259,20,50.908458,1.0,True,20,0,0,579.4336996078491,791.6485223770142,14.018678665161133,579.4336996078491,completed
1200.326509,20,50.926564,1.0,True,20,0,0,771.0968503952026,934.3405981063843,16.60601806640625,771.0968503952026,completed
728.036281,20,50.94474,1.0,True,20,0,0,883.3560028076172,1149.1629219055176,20.821772575378418,883.3560028076172,completed
1282.111957,20,50.965313,1.0,True,20,0,0,677.6985754966736,935.1081981658936,16.56624698638916,677.6985754966736,completed
1103.745999,20,50.9841,1.0,True,20,0,0,714.0283007621765,959.9164786338806,17.92322235107422,714.0283007621765,completed
1242.278422,20,51.002482,1.0,True,20,0,0,669.1390771865845,977.1700248718262,15.908777618408203,669.1390771865845,completed
1132.93418,20,51.021238,1.0,True,20,0,0,683.398494720459,966.1772012710571,18.730795049667357,683.398494720459,completed
686.732692,20,51.042286,1.0,True,20,0,0,846.1581273078918,1279.0218076705933,18.216211080551147,846.1581273078918,completed
1647.649061,20,51.063276,1.0,True,20,0,0,620.3564639091492,822.56077003479,11.383005332946777,620.3564639091492,completed
1175.604639,20,51.084365,1.0,True,20,0,0,638.0071401596069,906.5158433914185,19.985591220855714,638.0071401596069,completed
929.72769,20,51.104563,1.0,True,20,0,0,651.0538558959961,1000.2341032028198,23.35956206321716,651.0538558959961,completed
1573.931028,20,51.131366,1.0,True,20,0,0,611.8553938865662,832.84046459198,11.820780611038208,611.8553938865662,completed
2333.599006,20,51.152646,1.0,True,20,0,0,549.5375957489014,617.3864822387695,2.188832664489746,549.5375957489014,completed
1360.456245,20,51.174722,1.0,True,20,0,0,736.001425743103,1039.6444683074951,11.483349609375,736.001425743103,completed
1776.116534,20,51.196002,1.0,True,20,0,0,674.9656925201416,986.9683990478516,4.080970287322998,674.9656925201416,completed
1907.434198,20,51.222945,1.0,True,20,0,0,646.6080268025398,842.0602308511734,5.208368301391602,646.6080268025398,completed
909.935773,20,51.249492,1.0,True,20,0,0,641.0571146011353,952.4822273254395,23.442487716674805,641.0571146011353,completed
913.195596,20,51.271315,1.0,True,20,0,0,724.5561714172363,1081.2515602111816,20.44234962463379,724.5561714172363,completed
1015.925756,20,51.291834,1.0,True,20,0,0,651.520185470581,960.9604167938232,22.27764186859131,651.520185470581,completed
1268.504226,20,51.312382,1.0,True,20,0,0,848.3581686019897,1255.9011459350586,6.774740314483642,848.3581686019897,completed
869.273846,20,51.331933,1.0,True,20,0,0,876.4901580810547,1071.7840900421143,17.64673900604248,876.4901580810547,completed
641.643678,20,51.35231,1.0,True,20,0,0,701.7325811386108,1057.5292768478394,26.975864219665528,701.7325811386108,completed
83.175459,20,51.377133,1.0,True,20,0,0,872.1470594406128,1339.9882707595825,29.36373019218445,872.1470594406128,completed
1123.023692,20,51.398165,1.0,True,20,0,0,635.9514627456665,923.2057542800903,20.246977519989013,635.9514627456665,completed
313.843423,20,51.417841,1.0,True,20,0,0,807.3761930465698,1348.1035614013672,23.72042360305786,807.3761930465698,completed
945.926526,20,51.438903,1.0,True,20,0,0,710.2715029716492,984.3552331924438,20.6279953956604,710.2715029716492,completed
1970.287908,20,51.458388,1.0,True,20,0,0,564.4610280990601,632.1193542480469,9.392604637145997,564.4610280990601,completed
485.434331,20,51.479304,1.0,True,20,0,0,793.9474968910217,1232.032467365265,24.074036407470704,793.9474968910217,completed
1073.222363,20,51.499257,1.0,True,20,0,0,725.640193939209,972.8179550170898,19.407344245910643,725.640193939209,completed
880.157848,20,51.5191,1.0,True,20,0,0,697.791015625,989.1316404342651,22.328068447113036,697.791015625,completed
1957.39284,20,51.539448,1.0,True,20,0,0,517.8927345275879,673.3702278137207,9.904106712341308,517.8927345275879,completed
1529.844258,20,51.55906,1.0,True,20,0,0,655.6428962945938,990.3636658191681,9.184249305725098,655.6428962945938,completed
2517.055697,20,51.57862,1.0,True,20,0,0,478.0374047756195,568.1189131736755,0.6547763824462891,478.0374047756195,completed
2538.276117,20,51.598848,1.0,True,20,0,0,458.65878200531006,504.1942939758301,1.547872257232666,458.65878200531006,completed
815.998165,20,51.620568,1.0,True,20,0,0,864.7249822616577,1150.0284843444824,18.2533878326416,864.7249822616577,completed
930.391496,20,51.639572,1.0,True,20,0,0,723.0499839782715,1053.7265663146973,19.54198226928711,723.0499839782715,completed
1004.669572,20,51.663131,1.0,True,20,0,0,743.0635385513306,1086.174162864685,17.117518138885497,743.0635385513306,completed
1628.130747,20,51.682543,1.0,True,20,0,0,649.7994413375854,868.5509757995605,10.164587879180909,649.7994413375854,completed
2344.564867,20,51.701674,1.0,True,20,0,0,537.5760856866837,642.1997215747833,1.4117446899414063,537.5760856866837,completed
1603.667562,20,51.720576,1.0,True,20,0,0,680.6772146224976,768.6539878845215,11.185168075561524,680.6772146224976,completed
1466.806734,20,51.739377,1.0,True,20,0,0,691.8776650428772,931.9634084701538,11.197672939300537,691.8776650428772,completed
1100.87803,20,51.757685,1.0,True,20,0,0,770.4679651260376,994.9242858886719,16.810611915588378,770.4679651260376,completed
2213.728934,20,51.776203,1.0,True,20,0,0,553.7115287780762,646.4357175827026,3.0741214752197266,553.7115287780762,completed
1728.129259,20,51.794791,1.0,True,20,0,0,594.4084329605103,795.9465236663818,10.492112636566162,594.4084329605103,completed
970.390853,20,51.813183,1.0,True,20,0,0,730.1524114608765,999.7348823547363,18.670233249664307,730.1524114608765,completed
1458.372123,20,51.831282,1.0,True,20,0,0,625.3921241760254,772.6870079040527,16.78592233657837,625.3921241760254,completed
1458.255195,20,51.849365,1.0,True,20,0,0,675.3223571777344,900.7986373901367,13.141822242736817,675.3223571777344,completed
1885.382914,20,51.868129,1.0,True,20,0,0,530.2497062683105,689.0542812347412,10.462688827514649,530.2497062683105,completed
379.588237,20,51.886433,1.0,True,20,0,0,800.3763823509216,1303.8965587615967,24.647492980957033,800.3763823509216,completed
593.84301,20,51.904972,1.0,True,20,0,0,839.3809442520142,1206.1434888839722,22.644264650344848,839.3809442520142,completed
2327.151279,20,51.923049,1.0,True,20,0,0,525.2078881263733,642.8432922363281,2.6399091720581054,525.2078881263733,completed
1515.505641,20,51.941086,1.0,True,20,0,0,588.8312067985535,793.9452953338623,14.696395254135131,588.8312067985535,completed
2055.229235,20,51.959431,1.0,True,20,0,0,542.1918354034424,699.7921323776245,5.742107963562011,542.1918354034424,completed
1907.289541,20,51.977429,1.0,True,20,0,0,506.9637062549591,677.7013001441956,11.201520133018494,506.9637062549591,completed
1883.456994,20,51.995542,1.0,True,20,0,0,708.8543844223022,966.1799468994141,1.4608108520507812,708.8543844223022,completed
1813.014652,20,52.013608,1.0,True,20,0,0,663.3712794780731,893.5542874336243,5.276321601867676,663.3712794780731,completed
1550.634546,20,52.031852,1.0,True,20,0,0,770.063961982727,1088.5991020202637,4.871701622009278,770.063961982727,completed
1860.419594,20,52.05043,1.0,True,20,0,0,564.4686597585678,744.0987174510956,7.8097655296325685,564.4686597585678,completed
2474.835198,20,52.068483,1.0,True,20,0,0,506.2890191078186,637.6285371780396,0.0,506.2890191078186,completed
1992.97783,20,53.256701,1.0,True,20,0,0,600.1865420341492,731.7272434234619,6.17525691986084,600.1865420341492,completed
1030.541281,20,53.277135,1.0,True,20,0,0,797.8903079032898,1132.8385038375854,14.990054512023926,797.8903079032898,completed
2006.196582,20,53.296716,1.0,True,20,0,0,555.4084072113037,701.0378971099854,6.735417175292969,555.4084072113037,completed
370.910886,20,53.316025,1.0,True,20,0,0,794.9997291564941,1242.3582153320312,26.01238098144531,794.9997291564941,completed
1230.398723,20,53.335018,1.0,True,20,0,0,720.5505275726318,1026.4081287384033,12.830550479888917,720.5505275726318,completed
1632.371798,20,53.354618,1.0,True,20,0,0,629.3341646194458,813.6300115585327,11.25086727142334,629.3341646194458,completed
1672.060067,20,53.373369,1.0,True,20,0,0,707.0945672988892,904.1694221496582,7.227420711517334,707.0945672988892,completed
854.67356,20,53.39226,1.0,True,20,0,0,774.6563682556152,1173.337682723999,17.996529197692873,774.6563682556152,completed
2152.478505,20,53.411198,1.0,True,20,0,0,532.3653364181519,678.2047605514526,4.6769264221191404,532.3653364181519,completed
1033.877892,20,53.43162,1.0,True,20,0,0,655.9032771587372,961.8819556236267,19.862749767303466,655.9032771587372,completed
875.457805,20,53.457167,1.0,True,20,0,0,769.5029296875,1202.8926067352295,17.36646423339844,769.5029296875,completed
1122.61867,20,53.478001,1.0,True,20,0,0,795.9233491420746,1193.0253987312317,11.687484550476075,795.9233491420746,completed
1850.534104,20,53.499851,1.0,True,20,0,0,532.5953795909882,737.6214146614075,9.33812780380249,532.5953795909882,completed
2138.789866,20,53.519668,1.0,True,20,0,0,576.2277116775513,754.6359014511108,3.509350395202637,576.2277116775513,completed
2189.491459,20,53.53989,1.0,True,20,0,0,587.3751845359802,707.408637046814,2.7483482360839844,587.3751845359802,completed
1750.27542,20,53.56018,1.0,True,20,0,0,564.9906392097473,769.0173149108887,11.1202787399292,564.9906392097473,completed
777.048697,20,53.58028,1.0,True,20,0,0,835.0098257064819,1177.3934621810913,18.295314979553222,835.0098257064819,completed
1740.01379,20,53.599801,1.0,True,20,0,0,627.5388822555542,934.8421249389648,6.503413581848145,627.5388822555542,completed
2422.302089,20,53.619209,1.0,True,20,0,0,473.572039604187,564.8253383636475,2.55617036819458,473.572039604187,completed
1855.321986,20,53.638827,1.0,True,20,0,0,620.7831189632416,816.1197600364685,6.361910152435303,620.7831189632416,completed
2160.88219,20,53.65837,1.0,True,20,0,0,525.7416820526123,670.4591674804688,4.779192924499512,525.7416820526123,completed
1665.101713,20,53.677358,1.0,True,20,0,0,615.8533868789673,820.3103065490723,10.451122951507568,615.8533868789673,completed
2220.424066,20,53.699132,1.0,True,20,0,0,556.4621534347534,662.152979850769,3.683259105682373,556.4621534347534,completed
394.132135,20,53.722804,1.0,True,20,0,0,923.9027905464172,1272.1987714767456,22.677688550949096,923.9027905464172,completed
1920.261414,20,53.743122,1.0,True,20,0,0,614.8539552688599,706.0970783233643,8.477985668182374,614.8539552688599,completed
1652.544991,20,53.763352,1.0,True,20,0,0,619.1004328727722,906.66534948349,8.341571617126466,619.1004328727722,completed
877.766609,20,53.783227,1.0,True,20,0,0,777.3527698516846,1085.5697541236877,20.417374992370604,777.3527698516846,completed
1510.707221,20,53.803427,1.0,True,20,0,0,700.1186628341675,860.8186349868774,10.683027076721192,700.1186628341675,completed
1618.227982,20,53.822691,1.0,True,20,0,0,665.9818267822266,913.6035919189453,8.930474281311035,665.9818267822266,completed
762.24415,20,53.841691,1.0,True,20,0,0,698.7189269065857,1053.1223759651184,23.5022469997406,698.7189269065857,completed
1550.760134,20,53.861708,1.0,True,20,0,0,599.9693217277527,910.2328100204468,11.075054550170899,599.9693217277527,completed
661.597669,20,53.88195,1.0,True,20,0,0,857.6360692977905,1173.5511808395386,21.57285976409912,857.6360692977905,completed
1318.599177,20,53.901493,1.0,True,20,0,0,755.8982319831848,908.3631677627563,14.591559982299804,755.8982319831848,completed
1208.243037,20,53.920017,1.0,True,20,0,0,805.9722089767456,1215.767038345337,8.77074737548828,805.9722089767456,completed
1202.780502,20,53.939022,1.0,True,20,0,0,652.2616310119629,1014.8314781188965,15.488697338104249,652.2616310119629,completed
1882.579238,20,53.958172,1.0,True,20,0,0,577.3860721588135,698.7617473602295,10.183779907226562,577.3860721588135,completed
553.524487,20,53.980684,1.0,True,20,0,0,767.633056640625,1108.3907070159912,26.166647529602052,767.633056640625,completed
1223.237388,20,54.002602,1.0,True,20,0,0,680.442052602768,859.0083117485046,18.83970594406128,680.442052602768,completed
1908.431,20,54.022088,1.0,True,20,0,0,588.9185733795166,748.6935138702393,7.991374778747558,588.9185733795166,completed
1061.331483,20,54.041473,1.0,True,20,0,0,694.4978675842285,945.6872158050537,19.667846488952637,694.4978675842285,completed
541.232899,20,54.060922,1.0,True,20,0,0,822.2628216743469,1075.1684770584106,25.318102073669433,822.2628216743469,completed
2123.070943,20,54.082055,1.0,True,20,0,0,579.4244070053101,702.3981637954712,5.290910816192627,579.4244070053101,completed
1810.732265,20,54.102062,1.0,True,20,0,0,639.4818363189697,737.6246099472046,8.104789066314698,639.4818363189697,completed
374.170952,20,54.121748,1.0,True,20,0,0,856.8401403427124,1348.352123260498,23.338440704345704,856.8401403427124,completed
1080.653382,20,54.148257,1.0,True,20,0,0,681.2490513324738,972.7849926948547,18.63834238052368,681.2490513324738,completed
939.510371,20,54.167708,1.0,True,20,0,0,701.816565990448,991.8328104019165,22.584589958190918,701.816565990448,completed
2179.968477,20,54.187701,1.0,True,20,0,0,555.0655823945999,643.5595972537994,4.601915407180786,555.0655823945999,completed
1640.017727,20,54.207102,1.0,True,20,0,0,590.6941337585449,790.8192100524902,12.891616535186767,590.6941337585449,completed
808.975335,20,54.226607,1.0,True,20,0,0,702.2432498931885,1041.7202243804932,24.469661712646484,702.2432498931885,completed
1736.182923,20,54.246465,1.0,True,20,0,0,652.0246257781982,913.832181930542,6.809672546386719,652.0246257781982,completed
2306.97608,20,54.265402,1.0,True,20,0,0,543.7815690040588,673.2747964859009,2.028817558288574,543.7815690040588,completed
1683.3215,20,54.284413,1.0,True,20,0,0,594.3922109603882,795.9798955917358,11.611632204055786,594.3922109603882,completed
1540.156065,20,54.302907,1.0,True,20,0,0,603.3830394744873,836.2774257659912,13.947723579406738,603.3830394744873,completed
1904.58019,20,54.321193,1.0,True,20,0,0,564.7675371170044,731.7155523300171,8.91680450439453,564.7675371170044,completed
2158.078659,20,54.339903,1.0,True,20,0,0,578.5433430671692,765.5352764129639,2.067663288116455,578.5433430671692,completed
2447.427408,20,54.359203,1.0,True,20,0,0,435.6209440231323,640.8053226470947,1.0328542709350585,435.6209440231323,completed
277.913616,20,54.377872,1.0,True,20,0,0,817.9803819656372,1228.776707649231,28.991094398498536,817.9803819656372,completed
1746.960351,20,54.396603,1.0,True,20,0,0,615.0469551086426,772.8341197967529,9.722348594665528,615.0469551086426,completed
1040.015107,20,54.415517,1.0,True,20,0,0,890.8403072357178,1356.693374633789,7.202949905395508,890.8403072357178,completed
2371.114892,20,54.434447,1.0,True,20,0,0,497.519775390625,582.8564987182617,2.980777359008789,497.519775390625,completed
1649.435805,20,54.453131,1.0,True,20,0,0,649.0597596168518,840.7618427276611,9.157257795333862,649.0597596168518,completed
1535.983318,20,54.471826,1.0,True,20,0,0,671.5236430168152,933.3697290420532,11.609894847869873,671.5236430168152,completed
1124.485035,20,54.49134,1.0,True,20,0,0,675.1074883937836,950.6086192131042,18.24452476501465,675.1074883937836,completed
443.192815,20,54.51024,1.0,True,20,0,0,919.4530997276306,1206.100806236267,23.960610961914064,919.4530997276306,completed
1182.331045,20,54.529522,1.0,True,20,0,0,701.2865056991577,966.293698310852,16.599349594116212,701.2865056991577,completed
1093.866572,20,54.548541,1.0,True,20,0,0,611.4437522888184,971.864896774292,20.005394744873048,611.4437522888184,completed
949.593787,20,54.567439,1.0,True,20,0,0,761.1463985443115,1084.7710032463074,18.26175675392151,761.1463985443115,completed
1494.010195,20,54.586239,1.0,True,20,0,0,697.64049243927,841.8890790939331,12.9081880569458,697.64049243927,completed
1786.949659,20,54.605072,1.0,True,20,0,0,712.4066033363342,919.0855045318604,5.115308094024658,712.4066033363342,completed
593.787175,20,54.623906,1.0,True,20,0,0,747.5550632476807,1147.7065353393555,26.255064964294434,747.5550632476807,completed
1482.858438,20,54.642865,1.0,True,20,0,0,582.8278064727783,843.3624935150146,15.493653392791748,582.8278064727783,completed
1312.002767,20,54.661925,1.0,True,20,0,0,736.2432079315186,933.1016502380371,14.37098731994629,736.2432079315186,completed
1587.819201,20,54.681032,1.0,True,20,0,0,646.9189639091492,894.8665933609009,10.49190421104431,646.9189639091492,completed
1667.182348,20,54.700305,1.0,True,20,0,0,616.2759222984314,841.1563920974731,11.069501686096192,616.2759222984314,completed
1629.892362,20,54.719654,1.0,True,20,0,0,584.4090383052826,797.4049963951111,11.182917976379395,584.4090383052826,completed
1782.637236,20,54.738539,1.0,True,20,0,0,632.4163627624512,789.0358333587646,9.374338245391845,632.4163627624512,completed
1210.353608,20,54.757729,1.0,True,20,0,0,706.9740285873413,1012.3857326507568,13.295941734313965,706.9740285873413,completed
1084.950572,20,54.776739,1.0,True,20,0,0,624.9301557540894,981.529016494751,18.510235404968263,624.9301557540894,completed
995.225493,20,54.795619,1.0,True,20,0,0,724.1760535240173,996.7630262374878,19.470738649368286,724.1760535240173,completed
1396.361325,20,54.814817,1.0,True,20,0,0,636.1201224327087,853.6205453872681,14.6996000289917,636.1201224327087,completed
775.84613,20,54.833448,1.0,True,20,0,0,771.8347835540771,1078.580813407898,21.990352630615234,771.8347835540771,completed
1336.603446,20,54.852724,1.0,True,20,0,0,602.4423389434814,907.5769023895264,15.839913940429687,602.4423389434814,completed
1573.061474,20,54.871573,1.0,True,20,0,0,615.444896697998,785.2828102111816,12.471512413024902,615.444896697998,completed
1532.911923,20,54.889995,1.0,True,20,0,0,673.5124435424805,833.7834243774414,11.270471096038818,673.5124435424805,completed
1771.743957,20,54.909091,1.0,True,20,0,0,523.8847692012787,692.7929682731628,12.046322917938232,523.8847692012787,completed
1309.402508,20,54.927684,1.0,True,20,0,0,749.6960444450378,1085.9579229354858,10.655653762817384,749.6960444450378,completed
771.927625,20,54.946388,1.0,True,20,0,0,771.2690534591675,1060.720651626587,22.587955665588378,771.2690534591675,completed
2017.537171,20,54.96508,1.0,True,20,0,0,639.1908106803894,706.1074838638306,5.055752754211426,639.1908106803894,completed
1413.804586,20,54.984,1.0,True,20,0,0,634.063850402832,868.8981304168701,15.124229001998902,634.063850402832,completed
2471.387789,20,55.00451,1.0,True,20,0,0,449.21527671813965,519.8607387542725,2.930905818939209,449.21527671813965,completed
1439.243012,20,55.02398,1.0,True,20,0,0,703.728009223938,827.5479564666748,13.955435752868652,703.728009223938,completed
1662.52711,20,55.043592,1.0,True,20,0,0,584.6710352897644,830.9767045974731,10.064897346496583,584.6710352897644,completed
1539.36795,20,55.062441,1.0,True,20,0,0,654.469245493412,877.1957904100418,10.82587833404541,654.469245493412,completed
2222.927037,20,55.081686,1.0,True,20,0,0,485.6299304962158,673.9930438995361,3.732566404342651,485.6299304962158,completed
781.88165,20,55.100633,1.0,True,20,0,0,749.8067231178284,1146.036660194397,19.064849758148192,749.8067231178284,completed
1515.535099,20,55.119757,1.0,True,20,0,0,601.2280950546265,894.6030750274658,11.741616535186768,601.2280950546265,completed
1544.387526,20,55.138792,1.0,True,20,0,0,691.4362244606018,841.669674873352,11.747852420806884,691.4362244606018,completed
2270.568175,20,55.157198,1.0,True,20,0,0,555.5075943470001,669.4449982643127,2.86844425201416,555.5075943470001,completed
2041.785408,20,55.175604,1.0,True,20,0,0,526.0039939880371,638.437557220459,8.008272075653077,526.0039939880371,completed
1617.756669,20,55.194063,1.0,True,20,0,0,705.2632355690002,901.6988000869751,9.305417728424072,705.2632355690002,completed
1893.953673,20,55.212752,1.0,True,20,0,0,591.7605919837952,744.547046661377,7.799705505371094,591.7605919837952,completed
1412.390431,20,55.231568,1.0,True,20,0,0,668.4284825325012,1111.700228691101,9.217055702209473,668.4284825325012,completed
1714.562541,20,56.561773,1.0,True,20,0,0,612.9257655143738,850.5723505020142,10.301310348510743,612.9257655143738,completed
2103.471097,20,56.581053,1.0,True,20,0,0,510.00768995285034,659.7044343948364,7.371235275268555,510.00768995285034,completed
2196.339996,20,56.600045,1.0,True,20,0,0,609.5721998214722,660.8524265289307,2.8994753837585447,609.5721998214722,completed
2300.172527,20,56.619507,1.0,True,20,0,0,551.9873533248901,653.2033796310425,2.6277835845947264,551.9873533248901,completed
1868.580412,20,56.638876,1.0,True,20,0,0,580.4041142463684,736.0706567764282,9.4624849319458,580.4041142463684,completed
2030.674121,20,56.658333,1.0,True,20,0,0,537.3931331634521,628.0786476135254,8.40008716583252,537.3931331634521,completed
1530.837971,20,56.677488,1.0,True,20,0,0,674.0779643058777,936.1292390823364,10.374327182769775,674.0779643058777,completed
1506.819019,20,56.695927,1.0,True,20,0,0,690.4265060424805,1001.4246559143066,10.18394889831543,690.4265060424805,completed
2026.103669,20,56.714986,1.0,True,20,0,0,495.55836248397827,662.9638986587524,8.182525634765625,495.55836248397827,completed
1011.941856,20,56.738847,1.0,True,20,0,0,626.4474782943726,922.778377532959,22.55333604812622,626.4474782943726,completed
1676.269587,20,56.76062,1.0,True,20,0,0,655.405083656311,880.8701467514038,8.5382550239563,655.405083656311,completed
1544.404033,20,56.781074,1.0,True,20,0,0,670.4830942153931,976.2263660430908,9.611427688598633,670.4830942153931,completed
1912.281205,20,56.79996,1.0,True,20,0,0,577.51935505867,780.6373410224915,7.187652683258056,577.51935505867,completed
748.908982,20,56.822763,1.0,True,20,0,0,818.3759446144104,1231.8320798873901,19.001254081726074,818.3759446144104,completed
2232.305418,20,56.842714,1.0,True,20,0,0,558.2655012607574,694.4588663578033,2.4707632064819336,558.2655012607574,completed
2102.078346,20,56.862318,1.0,True,20,0,0,575.0720348358154,613.4614906311035,6.451769828796387,575.0720348358154,completed
1854.185358,20,56.88945,1.0,True,20,0,0,674.3025577068329,886.0065417289734,4.290647792816162,674.3025577068329,completed
1396.529592,20,56.912003,1.0,True,20,0,0,718.7128520011902,920.0705041885376,12.879128551483154,718.7128520011902,completed
1196.627576,20,56.931969,1.0,True,20,0,0,729.9308524131775,1074.0447187423706,13.474118041992188,729.9308524131775,completed
1238.216792,20,56.952314,1.0,True,20,0,0,689.0743198394775,874.8203392028809,17.275906085968018,689.0743198394775,completed
2101.550241,20,56.972316,1.0,True,20,0,0,556.8898487091064,690.6830806732178,5.239111518859863,556.8898487091064,completed
1635.651328,20,56.990873,1.0,True,20,0,0,581.4537134170532,764.4769687652588,12.613794469833374,581.4537134170532,completed
1048.032195,20,57.010015,1.0,True,20,0,0,719.1905031204224,1011.502384185791,19.07002201080322,719.1905031204224,completed
1727.859677,20,57.028786,1.0,True,20,0,0,568.5328588485718,702.0393409729004,11.594433307647705,568.5328588485718,completed
2213.34481,20,57.047717,1.0,True,20,0,0,639.0666465759277,802.9229106903076,0.0,639.0666465759277,completed
1213.430494,20,57.066891,1.0,True,20,0,0,690.9400172233582,943.6592855453491,16.59950704574585,690.9400172233582,completed
904.461184,20,57.089227,1.0,True,20,0,0,693.4494202136993,1116.31098985672,18.91317687034607,693.4494202136993,completed
2372.129911,20,57.108835,1.0,True,20,0,0,528.6921010017395,574.2817144393921,2.0986235618591307,528.6921010017395,completed
1877.619164,20,57.127387,1.0,True,20,0,0,538.9495434761047,683.9776105880737,10.040893459320069,538.9495434761047,completed
986.091789,20,57.146528,1.0,True,20,0,0,716.4444041252136,983.2536444664001,20.811563992500304,716.4444041252136,completed
1888.435359,20,57.16573,1.0,True,20,0,0,553.8433935642242,772.7329216003418,8.98130977153778,553.8433935642242,completed
1279.661533,20,57.184846,1.0,True,20,0,0,703.7786917686462,944.2427625656128,14.110105323791505,703.7786917686462,completed
926.254045,20,57.203565,1.0,True,20,0,0,827.8177876472473,1242.3411283493042,14.137001037597656,827.8177876472473,completed
1516.210613,20,57.222479,1.0,True,20,0,0,657.9337229728699,917.821524143219,12.110636925697326,657.9337229728699,completed
2127.653614,20,57.241161,1.0,True,20,0,0,523.6657810211182,682.5909404754639,4.682422065734864,523.6657810211182,completed
1349.052335,20,57.260536,1.0,True,20,0,0,736.8824234008789,1117.349510192871,8.993343734741211,736.8824234008789,completed
1642.244076,20,57.28556,1.0,True,20,0,0,664.602105140686,899.9405679702759,8.72650089263916,664.602105140686,completed
1842.186413,20,57.304649,1.0,True,20,0,0,626.5042324066162,786.8362169265747,7.409780216217041,626.5042324066162,completed
797.631465,20,57.326502,1.0,True,20,0,0,828.264874458313,1197.6556568145752,17.949709701538087,828.264874458313,completed
1733.894084,20,57.347999,1.0,True,20,0,0,569.6433849334717,788.9888973236084,10.910802459716797,569.6433849334717,completed
2178.901736,20,57.368296,1.0,True,20,0,0,550.3552098274231,688.0523982048035,3.4756875038146973,550.3552098274231,completed
1048.0583,20,57.390113,1.0,True,20,0,0,752.2296562194824,1125.0309562683105,15.451746368408203,752.2296562194824,completed
417.477379,20,57.412563,1.0,True,20,0,0,888.3805899620056,1325.2250261306763,22.418668460845947,888.3805899620056,completed
2237.984966,20,57.436072,1.0,True,20,0,0,499.2936544418335,597.448902130127,4.63112621307373,499.2936544418335,completed
1833.232822,20,57.456129,1.0,True,20,0,0,695.3080034255981,798.2777690887451,6.286920738220215,695.3080034255981,completed
274.492131,20,57.476057,1.0,True,20,0,0,725.8056221008301,1087.7317924499512,32.46298809051514,725.8056221008301,completed
1800.546571,20,57.495719,1.0,True,20,0,0,694.9301824569702,834.1348896026611,6.12367353439331,694.9301824569702,completed
1228.088314,20,57.517021,1.0,True,20,0,0,796.0112152099609,1016.8773641586304,13.268496417999268,796.0112152099609,completed
710.430305,20,57.53836,1.0,True,20,0,0,805.2568688392639,1220.227370262146,19.854136657714843,805.2568688392639,completed
1917.929254,20,57.557772,1.0,True,20,0,0,613.4930081367493,868.5459032058716,4.714361190795898,613.4930081367493,completed
1117.425948,20,57.577041,1.0,True,20,0,0,622.7712211608887,938.6065044403076,19.536104106903075,622.7712211608887,completed
911.639539,20,57.596511,1.0,True,20,0,0,742.9561080932617,989.262508392334,20.234950923919676,742.9561080932617,completed
1569.457026,20,57.61533,1.0,True,20,0,0,677.7446517944336,886.2649879455566,11.350117397308349,677.7446517944336,completed
1217.787485,20,57.634376,1.0,True,20,0,0,779.0153656005859,1025.6120586395264,13.540750789642335,779.0153656005859,completed
2344.377619,20,57.653179,1.0,True,20,0,0,536.2133598327637,592.3250455856323,2.8084203720092775,536.2133598327637,completed
81.349006,20,57.672079,1.0,True,20,0,0,803.8150362968445,1287.3815622329712,30.006056356430054,803.8150362968445,completed
962.884852,20,57.690923,1.0,True,20,0,0,718.4521923065186,1025.0125675201416,20.213250207901,718.4521923065186,completed
2057.752919,20,57.709832,1.0,True,20,0,0,602.4818332195282,779.5171885490417,3.207226848602295,602.4818332195282,completed
1712.047434,20,57.729391,1.0,True,20,0,0,677.4278240203857,877.5663957595825,7.404320907592774,677.4278240203857,completed
1570.91238,20,57.749034,1.0,True,20,0,0,626.3036003112793,758.7410440444946,13.71725778579712,626.3036003112793,completed
1977.233195,20,57.768074,1.0,True,20,0,0,551.4400770664215,767.9262886047363,6.304596042633056,551.4400770664215,completed
1925.676629,20,57.786955,1.0,True,20,0,0,524.4678326249123,669.703537106514,10.074219512939454,524.4678326249123,completed
1297.291158,20,57.805929,1.0,True,20,0,0,689.4790353775024,1127.9354629516602,10.70731029510498,689.4790353775024,completed
1670.305473,20,57.825194,1.0,True,20,0,0,609.2385048866272,810.7823491096497,11.307271003723145,609.2385048866272,completed
2021.748572,20,57.844036,1.0,True,20,0,0,640.6291718482971,879.8365716934204,2.0263423919677734,640.6291718482971,completed
786.161354,20,57.863589,1.0,True,20,0,0,849.853512763977,1174.3354864120483,17.928937578201293,849.853512763977,completed
1226.838061,20,57.882826,1.0,True,20,0,0,712.15944480896,1038.5578918457031,13.96131477355957,712.15944480896,completed
1259.366459,20,57.901551,1.0,True,20,0,0,700.6826314926147,948.1291780471802,15.18204665184021,700.6826314926147,completed
1691.955864,20,57.928999,1.0,True,20,0,0,640.5915088653564,888.8096160888672,8.14996633529663,640.5915088653564,completed
1783.397523,20,57.954069,1.0,True,20,0,0,696.6248149871826,777.2129936218262,8.092332363128662,696.6248149871826,completed
1235.380923,20,57.974379,1.0,True,20,0,0,670.5755090713501,909.5100250244141,17.295318603515625,670.5755090713501,completed
1769.661839,20,57.9944,1.0,True,20,0,0,619.3410921096802,840.3021731376648,9.110027885437011,619.3410921096802,completed
1269.824597,20,58.01418,1.0,True,20,0,0,707.0611250400543,976.4006524085999,15.297450256347656,707.0611250400543,completed
2315.43567,20,58.034882,1.0,True,20,0,0,490.8534860610962,637.6088438034058,2.967062759399414,490.8534860610962,completed
730.163118,20,58.054314,1.0,True,20,0,0,782.4478216171265,1133.8359298706055,22.078716659545897,782.4478216171265,completed
1029.102836,20,58.073808,1.0,True,20,0,0,766.7668647766113,985.6064968109131,20.16674747467041,766.7668647766113,completed
1172.291528,20,58.09413,1.0,True,20,0,0,690.5532112121582,923.4257335662842,18.81520595550537,690.5532112121582,completed
2568.307449,20,58.118262,1.0,True,20,0,0,470.1734399795532,515.7089519500732,0.9327159881591797,470.1734399795532,completed
2215.726185,20,58.13775,1.0,True,20,0,0,521.6958348751068,634.1771674156189,4.466535758972168,521.6958348751068,completed
1576.497268,20,58.165078,1.0,True,20,0,0,746.1858606338501,856.0309772491455,8.478928518295287,746.1858606338501,completed
1150.199588,20,58.185273,1.0,True,20,0,0,791.4638538360596,1230.4150304794312,10.661639165878295,791.4638538360596,completed
712.433448,20,58.20612,1.0,True,20,0,0,778.6103224754333,1225.6851286888123,20.05366792678833,778.6103224754333,completed
814.820625,20,58.225408,1.0,True,20,0,0,891.2530589103699,1311.2444429397583,13.45146632194519,891.2530589103699,completed
1531.088468,20,58.245038,1.0,True,20,0,0,573.4233283996582,798.1494855880737,14.422327518463135,573.4233283996582,completed
1118.221175,20,58.264578,1.0,True,20,0,0,699.9660148620605,886.8125591278076,19.782635021209718,699.9660148620605,completed
1197.542532,20,58.284772,1.0,True,20,0,0,702.3202533721924,909.4987564086914,17.765417098999023,702.3202533721924,completed
1637.058763,20,58.303926,1.0,True,20,0,0,582.8132224082947,828.209801197052,12.055563068389892,582.8132224082947,completed
1977.644176,20,58.326327,1.0,True,20,0,0,506.4135756492615,699.825535774231,8.21748971939087,506.4135756492615,completed
1553.437279,20,58.34761,1.0,True,20,0,0,675.5933742523193,960.6994705200195,9.735931968688964,675.5933742523193,completed
504.932378,20,58.366933,1.0,True,20,0,0,706.9658789634705,1056.439501285553,29.095116090774535,706.9658789634705,completed
1864.357637,20,58.386293,1.0,True,20,0,0,593.659540772438,866.3969547748566,5.785249710083008,593.659540772438,completed
422.945116,20,58.406312,1.0,True,20,0,0,892.7136754989624,1160.2985286712646,27.377457427978516,892.7136754989624,completed
1643.656417,20,58.42721,1.0,True,20,0,0,673.1693115234375,877.264253616333,9.811282920837403,673.1693115234375,completed
1373.979608,20,58.44653,1.0,True,20,0,0,616.8369722366333,931.8003358840942,14.023445987701416,616.8369722366333,completed
1417.183831,20,58.46592,1.0,True,20,0,0,615.5111198425293,797.3776435852051,16.03485221862793,615.5111198425293,completed
474.010806,20,58.484475,1.0,True,20,0,0,752.1361312866211,1170.9899101257324,26.665465354919434,752.1361312866211,completed
2462.156255,20,58.503429,1.0,True,20,0,0,531.7562420368195,596.9409165382385,0.4288747787475586,531.7562420368195,completed
1538.604984,20,58.522162,1.0,True,20,0,0,650.2124218940735,806.4844446182251,12.85336685180664,650.2124218940735,completed
1529.874935,20,58.540763,1.0,True,20,0,0,592.6673905849457,831.6403155326843,14.49300708770752,592.6673905849457,completed
981.783417,20,58.559268,1.0,True,20,0,0,673.6289892196655,914.8115129470825,23.443663120269775,673.6289892196655,completed
1349.309651,20,58.577954,1.0,True,20,0,0,622.7526702880859,862.1808319091797,17.09099578857422,622.7526702880859,completed
456.841173,20,58.597344,1.0,True,20,0,0,757.0677642822266,1148.8073711395264,27.630751514434813,757.0677642822266,completed
2193.794173,20,59.781669,1.0,True,20,0,0,555.8647594451904,699.0714974403381,3.342708110809326,555.8647594451904,completed
1536.867381,20,59.802848,1.0,True,20,0,0,586.1553955078125,779.0895614624023,14.611021614074707,586.1553955078125,completed
2435.854567,20,59.823504,1.0,True,20,0,0,490.8184587955475,655.3867688179016,0.09322280883789062,490.8184587955475,completed
1671.248793,20,59.843559,1.0,True,20,0,0,663.0603890419006,835.0527567863464,9.183923530578614,663.0603890419006,completed
1088.961096,20,59.863704,1.0,True,20,0,0,675.2673511505127,995.1783638000488,19.779557323455812,675.2673511505127,completed
1395.948845,20,59.883996,1.0,True,20,0,0,719.7944760322571,893.7298555374146,13.601790714263917,719.7944760322571,completed
1675.927566,20,59.904129,1.0,True,20,0,0,623.5574026107788,783.4580011367798,11.078354787826537,623.5574026107788,completed
648.346586,20,59.924541,1.0,True,20,0,0,826.3480854034424,1222.6559972763062,20.39807415008545,826.3480854034424,completed
2379.289513,20,59.944317,1.0,True,20,0,0,498.23203897476196,591.7181606292725,2.5220321655273437,498.23203897476196,completed
1618.255665,20,59.964877,1.0,True,20,0,0,652.5894536972046,951.6021213531494,8.710708236694336,652.5894536972046,completed
1639.5686,20,59.984659,1.0,True,20,0,0,627.8358211517334,879.3247146606445,9.286818027496338,627.8358211517334,completed
1767.615711,20,60.005028,1.0,True,20,0,0,640.4747786521912,760.0952596664429,9.174865913391113,640.4747786521912,completed
1895.472392,20,60.025696,1.0,True,20,0,0,545.8890442848206,712.201762676239,9.33930606842041,545.8890442848206,completed
1435.446596,20,60.046096,1.0,True,20,0,0,616.0139780044556,817.9082508087158,16.256148529052734,616.0139780044556,completed
968.580692,20,60.066014,1.0,True,20,0,0,693.8766369819641,1025.466642856598,20.42700047492981,693.8766369819641,completed
299.056164,20,60.085602,1.0,True,20,0,0,815.8870306015015,1266.921893119812,26.819938373565673,815.8870306015015,completed
1857.679127,20,60.10589,1.0,True,20,0,0,586.78511095047,751.2553586959839,8.5967227935791,586.78511095047,completed
980.79909,20,60.126645,1.0,True,20,0,0,838.5802798271179,1080.0642538070679,17.074551582336426,838.5802798271179,completed
1260.537607,20,60.146648,1.0,True,20,0,0,738.9246187210083,1048.1974391937256,12.452260971069336,738.9246187210083,completed
2170.875272,20,60.167064,1.0,True,20,0,0,619.7437524795532,688.9747514724731,3.23515625,619.7437524795532,completed
1677.643825,20,60.187489,1.0,True,20,0,0,707.0169038772583,962.5049858093262,6.109763717651367,707.0169038772583,completed
1837.057041,20,60.207814,1.0,True,20,0,0,697.8366651535034,835.4262828826904,5.7568012237548825,697.8366651535034,completed
2172.25493,20,60.227286,1.0,True,20,0,0,542.7679710388184,589.4967136383057,5.840947556495666,542.7679710388184,completed
811.427826,20,60.248099,1.0,True,20,0,0,787.9787425994873,1079.5884094238281,22.0809419631958,787.9787425994873,completed
1569.071332,20,60.269043,1.0,True,20,0,0,657.5649242401123,868.2572555541992,9.657668304443359,657.5649242401123,completed
1056.797221,20,60.288701,1.0,True,20,0,0,650.0163450241089,956.702730178833,20.770499229431152,650.0163450241089,completed
1214.428516,20,60.308719,1.0,True,20,0,0,679.9980754852295,1017.9161968231201,15.946620559692382,679.9980754852295,completed
1532.449985,20,60.328996,1.0,True,20,0,0,565.8578182458878,813.7716019153595,14.072164058685303,565.8578182458878,completed
1177.491205,20,60.34905,1.0,True,20,0,0,647.4915742874146,1026.6518535614014,15.867420291900634,647.4915742874146,completed
2222.566109,20,60.36965,1.0,True,20,0,0,539.3779649734497,681.0963983535767,3.36502685546875,539.3779649734497,completed
965.8016,20,60.390076,1.0,True,20,0,0,739.1798329353333,1241.0864305496216,15.137385654449464,739.1798329353333,completed
1614.368868,20,60.410695,1.0,True,20,0,0,607.0651044845581,807.70569896698,11.572895002365112,607.0651044845581,completed
1574.437361,20,60.431077,1.0,True,20,0,0,679.3532752990723,886.5366382598877,10.56900930404663,679.3532752990723,completed
617.824071,20,60.450927,1.0,True,20,0,0,777.1209535598755,1089.2150411605835,25.56917028427124,777.1209535598755,completed
897.862347,20,60.470804,1.0,True,20,0,0,790.4981842041016,1117.831199645996,18.83061056137085,790.4981842041016,completed
1606.59322,20,60.491294,1.0,True,20,0,0,612.8102822303772,857.962986946106,11.54903311729431,612.8102822303772,completed
1356.086423,20,60.511139,1.0,True,20,0,0,711.3238391876221,874.138837814331,15.26416380405426,711.3238391876221,completed
2012.612203,20,60.531526,1.0,True,20,0,0,603.428219795227,780.5150718688965,4.294107151031494,603.428219795227,completed
973.947282,20,60.551561,1.0,True,20,0,0,801.1621747016907,1061.2442693710327,18.324667930603027,801.1621747016907,completed
1425.477997,20,60.571692,1.0,True,20,0,0,642.642086982727,831.478235244751,15.107767295837402,642.642086982727,completed
1578.53312,20,60.59159,1.0,True,20,0,0,667.2797323465347,853.4500496387482,10.307599639892578,667.2797323465347,completed
2320.141637,20,60.614678,1.0,True,20,0,0,541.6900682449341,666.2668190002441,1.9237705230712892,541.6900682449341,completed
1287.509338,20,60.637128,1.0,True,20,0,0,679.6502742767334,912.8722982406616,16.38852424621582,679.6502742767334,completed
829.167068,20,60.658407,1.0,True,20,0,0,679.0073819160461,1037.7404527664185,21.922850131988525,679.0073819160461,completed
1948.327737,20,60.679582,1.0,True,20,0,0,667.5383832454681,946.8782896995544,1.614577865600586,667.5383832454681,completed
2285.74961,20,60.699692,1.0,True,20,0,0,573.0215673446655,635.8846168518066,2.5241092681884765,573.0215673446655,completed
1181.798326,20,60.722953,1.0,True,20,0,0,638.9853067398071,929.2734422683716,18.565242576599122,638.9853067398071,completed
1673.483128,20,60.744666,1.0,True,20,0,0,543.52232837677,760.7171440124512,12.340365409851074,543.52232837677,completed
1365.120482,20,60.770159,1.0,True,20,0,0,673.6203470230103,818.3278503417969,15.263666868209839,673.6203470230103,completed
782.154205,20,60.790377,1.0,True,20,0,0,906.5096111297607,1372.2040309906006,12.987889862060547,906.5096111297607,completed
1735.362533,20,60.812199,1.0,True,20,0,0,596.7023868560791,822.9161205291748,10.160207557678223,596.7023868560791,completed
1511.316204,20,60.834722,1.0,True,20,0,0,674.1632685661316,926.8788576126099,11.740477275848388,674.1632685661316,completed
2168.620976,20,60.856803,1.0,True,20,0,0,535.6429109573364,684.446888923645,4.677542495727539,535.6429109573364,completed
1711.687369,20,60.878063,1.0,True,20,0,0,664.4282150268555,792.012128829956,10.58605899810791,664.4282150268555,completed
1299.38703,20,60.897886,1.0,True,20,0,0,668.8650531768799,924.3502883911133,15.312715530395508,668.8650531768799,completed
1937.964673,20,60.917801,1.0,True,20,0,0,544.6797313690186,706.0349540710449,7.839725971221924,544.6797313690186,completed
2023.329908,20,60.938066,1.0,True,20,0,0,500.0966966152191,610.4200036525726,9.003751754760742,500.0966966152191,completed
1134.756454,20,60.958387,1.0,True,20,0,0,641.409610748291,912.3945388793945,19.54409465789795,641.409610748291,completed
1599.523129,20,60.978858,1.0,True,20,0,0,606.5802266597748,867.2104048728943,10.314932250976563,606.5802266597748,completed
1948.359603,20,60.998798,1.0,True,20,0,0,536.2829713821411,660.247612953186,9.58995599746704,536.2829713821411,completed
1540.047506,20,61.019606,1.0,True,20,0,0,650.0165777206421,963.7119750976562,9.746484375,650.0165777206421,completed
341.270232,20,61.040114,1.0,True,20,0,0,820.138671875,1143.6181745529175,29.71666431427002,820.138671875,completed
1820.976599,20,61.060825,1.0,True,20,0,0,601.8691411018372,815.0506553649902,8.158654880523681,601.8691411018372,completed
2184.929357,20,61.081343,1.0,True,20,0,0,525.9158928394318,675.6599850654602,4.657378101348877,525.9158928394318,completed
1903.865515,20,61.101145,1.0,True,20,0,0,557.8857583999634,676.5376901626587,9.930289268493652,557.8857583999634,completed
817.642814,20,61.121864,1.0,True,20,0,0,857.8904576301575,1144.955418586731,17.204298782348634,857.8904576301575,completed
2291.195386,20,61.141933,1.0,True,20,0,0,532.8293676376343,621.1773910522461,3.395296573638916,532.8293676376343,completed
110.732516,20,61.162683,1.0,True,20,0,0,811.6793308258057,1258.0305042266846,32.46065826416016,811.6793308258057,completed
1265.796592,20,61.182711,1.0,True,20,0,0,664.3680355548859,922.7935357093811,15.01274242401123,664.3680355548859,completed
1125.775475,20,61.203313,1.0,True,20,0,0,768.0837092399597,992.8230247497559,16.906724309921266,768.0837092399597,completed
669.595368,20,61.223463,1.0,True,20,0,0,715.5680255889893,1078.696237564087,24.23744888305664,715.5680255889893,completed
1095.196466,20,61.243085,1.0,True,20,0,0,672.4848289489746,954.4823799133301,19.53455047607422,672.4848289489746,completed
2491.230163,20,61.263568,1.0,True,20,0,0,510.12627696990967,553.6204929351807,0.5927882194519043,510.12627696990967,completed
1057.902585,20,61.283663,1.0,True,20,0,0,655.5261993408203,981.5842533111572,19.35097541809082,655.5261993408203,completed
1767.916124,20,61.303507,1.0,True,20,0,0,590.2111024856567,1006.02414894104,5.033266258239746,590.2111024856567,completed
1214.574572,20,61.323983,1.0,True,20,0,0,673.519097328186,928.4094486236572,18.501589393615724,673.519097328186,completed
980.154591,20,61.344456,1.0,True,20,0,0,694.1000833511353,1046.469648361206,19.556718635559083,694.1000833511353,completed
1036.444748,20,61.364766,1.0,True,20,0,0,761.8222732543945,1019.6876430511475,17.870137023925782,761.8222732543945,completed
539.109402,20,61.38463,1.0,True,20,0,0,753.6608400344849,1221.5981731414795,23.62340259552002,753.6608400344849,completed
1224.493112,20,61.404855,1.0,True,20,0,0,759.3508086204529,1050.0101871490479,13.622129917144775,759.3508086204529,completed
970.875287,20,61.425644,1.0,True,20,0,0,747.0544815063477,1066.960018157959,18.43090009689331,747.0544815063477,completed
1765.093037,20,61.445409,1.0,True,20,0,0,612.52765417099,792.3092594146729,10.021254634857177,612.52765417099,completed
1437.261755,20,61.465278,1.0,True,20,0,0,697.3916478157043,976.0397472381592,11.266488361358643,697.3916478157043,completed
1562.95835,20,61.48517,1.0,True,20,0,0,688.4637784957886,898.1329593658447,11.025428199768067,688.4637784957886,completed
555.685925,20,61.504919,1.0,True,20,0,0,737.3980445861816,1189.452781677246,24.336929702758788,737.3980445861816,completed
924.198873,20,61.525395,1.0,True,20,0,0,706.0814385414124,1016.3249487876892,19.729870510101318,706.0814385414124,completed
1033.03131,20,61.552741,1.0,True,20,0,0,764.2426080703735,1013.209831237793,16.222307777404787,764.2426080703735,completed
2126.596663,20,61.573698,1.0,True,20,0,0,478.0131936073303,661.434739112854,5.975430202484131,478.0131936073303,completed
1488.018677,20,61.598258,1.0,True,20,0,0,614.0442548394203,817.4116812944412,14.360048007965087,614.0442548394203,completed
853.142859,20,61.619325,1.0,True,20,0,0,793.2277126312256,1151.6439924240112,17.102803039550782,793.2277126312256,completed
2120.710439,20,61.639819,1.0,True,20,0,0,536.3653783798218,737.2588291168213,3.1621405601501467,536.3653783798218,completed
545.383706,20,61.664958,1.0,True,20,0,0,851.0881905555725,1107.680848121643,25.76286115646362,851.0881905555725,completed
1376.507969,20,61.685756,1.0,True,20,0,0,594.0388903617859,878.2489428520203,16.399871492385863,594.0388903617859,completed
1476.612231,20,61.706947,1.0,True,20,0,0,756.4754462242126,1061.4147386550903,7.0486572265625,756.4754462242126,completed
1548.745381,20,61.727363,1.0,True,20,0,0,605.4412927627563,828.5451936721802,13.289753246307374,605.4412927627563,completed
1377.681691,20,61.747875,1.0,True,20,0,0,674.5364084243774,971.7015399932861,13.218119239807129,674.5364084243774,completed
729.938084,20,61.7682,1.0,True,20,0,0,815.5440797805786,1170.1582775115967,19.96403408050537,815.5440797805786,completed
1638.589014,20,61.788053,1.0,True,20,0,0,614.6600413322449,856.5663366317749,9.509799766540528,614.6600413322449,completed
1654.99003,20,61.808268,1.0,True,20,0,0,709.9045963287354,887.603084564209,7.442595481872559,709.9045963287354,completed
1825.628239,20,61.828984,1.0,True,20,0,0,710.6892548799515,824.8428881168365,6.1407757759094235,710.6892548799515,completed
1835.589508,20,61.849556,1.0,True,20,0,0,691.3584241867065,777.2130699157715,6.866526508331299,691.3584241867065,completed
979.718867,20,61.870461,1.0,True,20,0,0,720.3841471672058,1021.5202894210815,19.23445816040039,720.3841471672058,completed
1904.290533,20,61.890204,1.0,True,20,0,0,562.8081073760986,680.6080846786499,9.108892726898194,562.8081073760986,completed
789.53854,20,63.172744,1.0,True,20,0,0,766.1871299743652,1208.4280281066895,18.16195878982544,766.1871299743652,completed
1383.58908,20,63.193084,1.0,True,20,0,0,682.8279714584351,911.2028179168701,13.359775924682618,682.8279714584351,completed
1439.009738,20,63.212672,1.0,True,20,0,0,745.6731886863708,882.7247581481934,11.189727878570556,745.6731886863708,completed
2355.178583,20,63.232333,1.0,True,20,0,0,570.1948347091675,651.8492565155029,1.016758346557617,570.1948347091675,completed
1032.115698,20,63.252499,1.0,True,20,0,0,704.1350021362305,1009.5579624176025,17.872238540649413,704.1350021362305,completed
1955.168923,20,63.272022,1.0,True,20,0,0,582.0876545906067,719.6939649581909,8.347878074645996,582.0876545906067,completed
1086.248727,20,63.29147,1.0,True,20,0,0,658.3376808166504,948.913740158081,20.12358875274658,658.3376808166504,completed
2391.588329,20,63.310863,1.0,True,20,0,0,497.5701996088028,607.1311075687408,1.8006333351135253,497.5701996088028,completed
2407.872004,20,63.330009,1.0,True,20,0,0,539.2780392169952,680.5101566314697,0.0,539.2780392169952,completed
193.592412,20,63.348597,1.0,True,20,0,0,948.8691101074219,1360.3568744659424,26.14233899116516,948.8691101074219,completed
1241.580424,20,63.367323,1.0,True,20,0,0,706.8261280059814,1094.2571125030518,12.766026878356934,706.8261280059814,completed
534.709255,20,63.386855,1.0,True,20,0,0,816.3489942550659,1115.6673316955566,26.331182098388673,816.3489942550659,completed
1909.54846,20,63.408018,1.0,True,20,0,0,592.922004699707,689.6315870285034,8.277589797973633,592.922004699707,completed
1228.051001,20,63.434743,1.0,True,20,0,0,641.5907487869263,934.4843263626099,17.226544761657713,641.5907487869263,completed
2071.98188,20,63.457776,1.0,True,20,0,0,518.8122260570526,652.9789414405823,7.5863487243652346,518.8122260570526,completed
1304.673072,20,63.479202,1.0,True,20,0,0,800.846848487854,1160.878505706787,8.571311569213867,800.846848487854,completed
1978.54599,20,63.499008,1.0,True,20,0,0,559.885470867157,754.7955598831177,7.131190299987793,559.885470867157,completed
253.679221,20,63.519453,1.0,True,20,0,0,797.4523100852966,1275.8446788787842,28.61050615310669,797.4523100852966,completed
1863.379765,20,63.539221,1.0,True,20,0,0,623.2275042533875,821.3069162368774,5.356153106689453,623.2275042533875,completed
1839.528846,20,63.559464,1.0,True,20,0,0,583.5962996482849,759.6201152801514,9.493281173706055,583.5962996482849,completed
2103.746124,20,63.581425,1.0,True,20,0,0,538.4561948776245,698.1695404052734,5.254841613769531,538.4561948776245,completed
1316.850162,20,63.601764,1.0,True,20,0,0,697.6065826416016,975.8357906341553,13.654162979125976,697.6065826416016,completed
1923.843641,20,63.624134,1.0,True,20,0,0,579.4245080947876,752.424506187439,6.395867443084716,579.4245080947876,completed
1371.045203,20,63.644555,1.0,True,20,0,0,670.0222015380859,961.0179252624512,13.120543956756592,670.0222015380859,completed
2017.328985,20,63.667413,1.0,True,20,0,0,596.0493769645691,680.1360387802124,7.047293663024902,596.0493769645691,completed
1811.180829,20,63.687111,1.0,True,20,0,0,585.1253309249878,778.8552093505859,9.025081062316895,585.1253309249878,completed
1249.440137,20,63.707507,1.0,True,20,0,0,665.1461396217346,854.0183877944946,19.176298809051513,665.1461396217346,completed
1167.292712,20,63.730648,1.0,True,20,0,0,712.7578563690186,957.6007013320923,17.042295074462892,712.7578563690186,completed
1860.681298,20,63.750767,1.0,True,20,0,0,676.0387117862701,789.5510935783386,6.754731798171997,676.0387117862701,completed
1487.772328,20,63.770128,1.0,True,20,0,0,622.0013318061829,879.0272817611694,13.802421569824219,622.0013318061829,completed
590.658447,20,63.78935,1.0,True,20,0,0,652.149688243866,1032.9029512405396,27.79646234512329,652.149688243866,completed
1988.021971,20,63.808732,1.0,True,20,0,0,589.2604471445084,710.2014610767365,7.680003833770752,589.2604471445084,completed
844.033274,20,63.828095,1.0,True,20,0,0,735.1205387115479,1077.8754577636719,20.85578498840332,735.1205387115479,completed
1765.465209,20,63.847456,1.0,True,20,0,0,566.9070219993591,822.6709628105164,10.486312961578369,566.9070219993591,completed
1882.857102,20,63.866148,1.0,True,20,0,0,534.8552513122559,747.4173831939697,8.851765632629395,534.8552513122559,completed
1595.908599,20,63.885362,1.0,True,20,0,0,605.5574204921722,832.4488501548767,12.001580333709716,605.5574204921722,completed
1398.33975,20,63.904864,1.0,True,20,0,0,657.2888464927673,884.1847791671753,14.74209213256836,657.2888464927673,completed
801.120468,20,63.92408,1.0,True,20,0,0,822.5428867340088,1177.2349224090576,17.884884643554688,822.5428867340088,completed
720.167201,20,63.943324,1.0,True,20,0,0,853.107138633728,1085.9775772094727,22.5848295211792,853.107138633728,completed
74.526257,20,63.962246,1.0,True,20,0,0,957.1995525360107,1384.1813735961914,26.46386251449585,957.1995525360107,completed
1110.130906,20,63.981317,1.0,True,20,0,0,672.8903551101685,936.1121616363525,19.66028757095337,672.8903551101685,completed
2076.076385,20,63.999758,1.0,True,20,0,0,678.7876138687134,906.0464057922363,0.0,678.7876138687134,completed
1623.026526,20,64.018714,1.0,True,20,0,0,614.8525204658508,802.1521859169006,12.017363929748536,614.8525204658508,completed
1764.848219,20,64.037993,1.0,True,20,0,0,557.3057146072388,726.3208312988281,12.045385932922363,557.3057146072388,completed
1774.084705,20,64.056876,1.0,True,20,0,0,581.6659107208252,771.3870449066162,10.834749984741212,581.6659107208252,completed
2682.297678,20,64.075491,1.0,True,20,0,0,445.4261817932129,482.22419357299805,0.0,445.4261817932129,completed
1769.621517,20,64.094354,1.0,True,20,0,0,515.6608219146729,710.3966827392578,12.988640975952148,515.6608219146729,completed
2128.158638,20,64.113337,1.0,True,20,0,0,562.8908681869507,702.6851196289062,4.153830242156983,562.8908681869507,completed
1231.304058,20,64.131979,1.0,True,20,0,0,755.8246512413025,1078.565453529358,12.094478797912597,755.8246512413025,completed
1340.615509,20,64.151732,1.0,True,20,0,0,695.1450071334839,953.3925151824951,13.089142990112304,695.1450071334839,completed
2085.034752,20,64.173097,1.0,True,20,0,0,529.293050289154,676.7981014251709,6.447787666320801,529.293050289154,completed
1343.210342,20,64.200509,1.0,True,20,0,0,603.7979345321655,888.1751432418823,14.93795599937439,603.7979345321655,completed
1522.627576,20,64.220273,1.0,True,20,0,0,710.9005146026611,892.4436435699463,9.97860267162323,710.9005146026611,completed
1376.428652,20,64.242382,1.0,True,20,0,0,680.4444971084595,882.633955001831,14.9851824760437,680.4444971084595,completed
1284.133983,20,64.262328,1.0,True,20,0,0,713.9237055778503,958.3656053543091,14.082740688323975,713.9237055778503,completed
1436.092805,20,64.28188,1.0,True,20,0,0,723.5263750553131,968.2016892433167,11.119237804412842,723.5263750553131,completed
276.957057,20,64.301966,1.0,True,20,0,0,740.1309270858765,1124.24320936203,33.0574214220047,740.1309270858765,completed
1562.626831,20,64.321727,1.0,True,20,0,0,672.0414962768555,895.9586658477783,9.464843463897704,672.0414962768555,completed
1140.37749,20,64.343043,1.0,True,20,0,0,757.0324912071228,1026.8657550811768,15.146267127990722,757.0324912071228,completed
2321.346544,20,64.364224,1.0,True,20,0,0,520.4670124053955,619.4610557556152,3.499152183532715,520.4670124053955,completed
1373.781208,20,64.383942,1.0,True,20,0,0,733.2452774047852,929.6931667327881,12.96522855758667,733.2452774047852,completed
1521.572905,20,64.404428,1.0,True,20,0,0,698.8739891052246,956.7958717346191,9.040681076049804,698.8739891052246,completed
682.999621,20,64.42327,1.0,True,20,0,0,677.5308361053467,1050.9431953430176,26.486109066009522,677.5308361053467,completed
1804.919077,20,64.445379,1.0,True,20,0,0,622.498571395874,753.6620721817017,8.06383752822876,622.498571395874,completed
1806.949707,20,64.465548,1.0,True,20,0,0,593.3219447135925,739.9880313873291,9.451757287979126,593.3219447135925,completed
1966.424597,20,64.484771,1.0,True,20,0,0,556.0295372009277,714.300368309021,7.355681896209717,556.0295372009277,completed
1875.67342,20,64.504173,1.0,True,20,0,0,598.690780043602,698.5165112018585,9.418598747253418,598.690780043602,completed
1565.971007,20,64.523578,1.0,True,20,0,0,622.1824712753296,909.9737873077393,10.368708610534668,622.1824712753296,completed
1277.876304,20,64.543253,1.0,True,20,0,0,646.514413356781,918.5866498947144,16.969243335723878,646.514413356781,completed
1549.770076,20,64.562736,1.0,True,20,0,0,587.4630365371704,826.2289018630981,13.597507762908936,587.4630365371704,completed
1246.271082,20,64.581366,1.0,True,20,0,0,670.3973755836487,949.3992986679077,16.553781604766847,670.3973755836487,completed
1497.388261,20,64.600792,1.0,True,20,0,0,725.2101969718933,906.9884653091431,9.994957733154298,725.2101969718933,completed
1612.672849,20,64.620366,1.0,True,20,0,0,680.9238204956055,916.734016418457,8.13413600921631,680.9238204956055,completed
1212.978005,20,64.645029,1.0,True,20,0,0,703.1962518692017,921.315619468689,17.041426563262938,703.1962518692017,completed
1624.502021,20,64.669995,1.0,True,20,0,0,647.2974426746368,853.6374554634094,11.327957820892333,647.2974426746368,completed
1776.192471,20,64.692015,1.0,True,20,0,0,561.0307788848877,732.1504402160645,12.170589447021484,561.0307788848877,completed
1656.493842,20,64.711486,1.0,True,20,0,0,687.0163269042969,941.5401439666748,6.890055084228516,687.0163269042969,completed
1227.646236,20,64.731549,1.0,True,20,0,0,653.0973663330078,970.0814800262451,16.08514289855957,653.0973663330078,completed
995.360367,20,64.751203,1.0,True,20,0,0,772.6951260566711,985.220709323883,19.056994438171387,772.6951260566711,completed
1279.841788,20,64.770799,1.0,True,20,0,0,627.547947883606,833.0388631820679,18.307167339324952,627.547947883606,completed
1635.528307,20,64.790389,1.0,True,20,0,0,612.3454031944275,881.1995210647583,10.193624448776244,612.3454031944275,completed
2081.244709,20,64.809564,1.0,True,20,0,0,588.0000290870667,719.2191114425659,4.495356273651123,588.0000290870667,completed
2370.298033,20,64.828594,1.0,True,20,0,0,430.7355890274048,540.5462169647217,4.541494369506836,430.7355890274048,completed
943.805233,20,64.851396,1.0,True,20,0,0,718.3768100738525,1009.23388671875,20.500285148620605,718.3768100738525,completed
1021.421535,20,64.871979,1.0,True,20,0,0,633.1060419082642,930.0249996185303,22.01718349456787,633.1060419082642,completed
754.936171,20,64.890849,1.0,True,20,0,0,728.6284070014954,1036.953392982483,23.6809513092041,728.6284070014954,completed
1488.72166,20,64.909709,1.0,True,20,0,0,653.2599716186523,936.9227027893066,11.717684602737426,653.2599716186523,completed
1987.6011,20,64.928825,1.0,True,20,0,0,594.5452651977539,748.7328715324402,5.301639556884766,594.5452651977539,completed
1562.97219,20,64.950213,1.0,True,20,0,0,667.7734594345093,832.7824754714966,12.507575273513794,667.7734594345093,completed
2510.595562,20,64.970069,1.0,True,20,0,0,506.6185140609741,568.8673915863037,0.36697998046875,506.6185140609741,completed
1659.212122,20,64.990209,1.0,True,20,0,0,653.1014777421951,814.5381758213043,10.823374938964843,653.1014777421951,completed
1765.816623,20,65.009824,1.0,True,20,0,0,624.8866982460022,798.0938272476196,9.033703708648682,624.8866982460022,completed
1311.054323,20,65.031091,1.0,True,20,0,0,697.4852874875069,890.5523391962051,15.521173286437989,697.4852874875069,completed
1280.968841,20,65.050266,1.0,True,20,0,0,676.5294015407562,856.9092593193054,17.512833309173583,676.5294015407562,completed
1809.899268,20,65.06918,1.0,True,20,0,0,648.8727960586548,781.0524406433105,8.6654842376709,648.8727960586548,completed
2278.528326,20,65.088678,1.0,True,20,0,0,480.94967579841614,579.8896975517273,5.6255800247192385,480.94967579841614,completed
906.242111,20,65.107771,1.0,True,20,0,0,738.4060051441193,1069.8237805366516,19.472703170776366,738.4060051441193,completed
1199.635319,20,65.128767,1.0,True,20,0,0,754.437216758728,1050.039225578308,14.31648006439209,754.437216758728,completed
968.853539,20,65.148715,1.0,True,20,0,0,713.9364728927612,984.7473812103271,21.239061450958253,713.9364728927612,completed
1469.399026,20,65.167756,1.0,True,20,0,0,638.7073669433594,857.7968559265137,12.720000314712525,638.7073669433594,completed
2040.61968,20,65.188031,1.0,True,20,0,0,550.6104388237,769.2949047088623,5.319741535186767,550.6104388237,completed
2091.709184,20,65.206685,1.0,True,20,0,0,641.6277980804443,777.6686134338379,2.446966552734375,641.6277980804443,completed
2505.122641,20,66.50174,1.0,True,20,0,0,459.95629692077637,511.284423828125,2.787267875671387,459.95629692077637,completed
1640.661901,20,66.52081,1.0,True,20,0,0,738.2886180877686,968.9057769775391,5.139214324951172,738.2886180877686,completed
1085.095885,20,66.539394,1.0,True,20,0,0,700.7677359580994,1176.3787355422974,13.260671615600586,700.7677359580994,completed
2053.070199,20,66.558232,1.0,True,20,0,0,605.4730995893478,718.1259210109711,5.592685699462891,605.4730995893478,completed
1886.520313,20,66.577427,1.0,True,20,0,0,557.7190475463867,771.2532043457031,8.386743354797364,557.7190475463867,completed
1509.473687,20,66.596384,1.0,True,20,0,0,689.6349210739136,1011.0925455093384,8.613589000701904,689.6349210739136,completed
2337.571046,20,66.615375,1.0,True,20,0,0,519.8944565057755,624.562760591507,1.7118310928344727,519.8944565057755,completed
1802.639286,20,66.634617,1.0,True,20,0,0,604.2018136978149,819.0516757965088,8.472069549560548,604.2018136978149,completed
1970.929352,20,66.652898,1.0,True,20,0,0,559.1727089881897,730.2682580947876,8.006798458099365,559.1727089881897,completed
525.052919,20,66.671567,1.0,True,20,0,0,910.4494514465332,1208.2775115966797,22.61430368423462,910.4494514465332,completed
1391.873936,20,66.689951,1.0,True,20,0,0,650.5610504150391,928.097846031189,14.42204508781433,650.5610504150391,completed
1322.156937,20,66.708494,1.0,True,20,0,0,690.204020023346,901.6089677810669,13.798769664764404,690.204020023346,completed
1774.546162,20,66.727364,1.0,True,20,0,0,636.7501182556152,816.2404460906982,8.138481903076173,636.7501182556152,completed
1558.069633,20,66.747166,1.0,True,20,0,0,594.2908411026001,813.3025016784668,12.393077754974366,594.2908411026001,completed
1026.257817,20,66.765585,1.0,True,20,0,0,776.6451506614685,1081.566824913025,16.200789642333984,776.6451506614685,completed
1381.591197,20,66.78436,1.0,True,20,0,0,603.9913148880005,976.1910600662231,13.430096197128297,603.9913148880005,completed
1334.403018,20,66.803404,1.0,True,20,0,0,639.6850624084473,881.4100322723389,15.43087272644043,639.6850624084473,completed
1264.59597,20,66.822835,1.0,True,20,0,0,660.1888446807861,962.3041791915894,14.643903160095215,660.1888446807861,completed
1146.341774,20,66.840909,1.0,True,20,0,0,722.6356592178345,993.2149353027344,17.063510036468507,722.6356592178345,completed
2145.209048,20,66.859258,1.0,True,20,0,0,474.8530330657959,605.5211753845215,7.095145988464355,474.8530330657959,completed
1531.334159,20,66.877902,1.0,True,20,0,0,669.4283224344254,1011.4078915119171,8.361504173278808,669.4283224344254,completed
1916.967379,20,66.897175,1.0,True,20,0,0,619.3855443000793,751.5499925613403,7.242407560348511,619.3855443000793,completed
88.797229,20,66.915668,1.0,True,20,0,0,841.7250308990479,1332.202555656433,29.893623542785644,841.7250308990479,completed
1472.984613,20,66.934158,1.0,True,20,0,0,639.105363368988,913.2353448867798,12.974832248687743,639.105363368988,completed
478.659763,20,66.9527,1.0,True,20,0,0,847.5197772979736,1091.6514015197754,26.050295734405516,847.5197772979736,completed
1709.319188,20,66.971471,1.0,True,20,0,0,662.8540191650391,903.2406520843506,6.360092067718506,662.8540191650391,completed
2318.944925,20,66.989975,1.0,True,20,0,0,603.7912573814392,726.1639280319214,0.0,603.7912573814392,completed
772.31477,20,67.009224,1.0,True,20,0,0,778.9648323059082,1120.293685913086,22.074581909179688,778.9648323059082,completed
1443.611071,20,67.028105,1.0,True,20,0,0,602.711615562439,901.1266613006592,13.338065814971923,602.711615562439,completed
1717.081487,20,67.046682,1.0,True,20,0,0,680.1029329299927,931.7405586242676,6.998553466796875,680.1029329299927,completed
560.166775,20,67.065155,1.0,True,20,0,0,819.7371397018433,1137.4749212265015,25.044213199615477,819.7371397018433,completed
1920.892775,20,67.08376,1.0,True,20,0,0,488.1730217933655,693.6396417617798,9.454995155334473,488.1730217933655,completed
2200.431556,20,67.102606,1.0,True,20,0,0,543.0568957328796,649.0404510498047,4.744745254516602,543.0568957328796,completed
1113.287718,20,67.12175,1.0,True,20,0,0,660.5481472015381,934.7300872802734,17.929507446289062,660.5481472015381,completed
688.717311,20,67.140145,1.0,True,20,0,0,733.8832149505615,1063.5976486206055,24.524883651733397,733.8832149505615,completed
2510.489305,20,67.158975,1.0,True,20,0,0,498.267728805542,560.4290714263916,0.7269519805908203,498.267728805542,completed
1782.627032,20,67.179056,1.0,True,20,0,0,644.4958553314209,895.4989261627197,6.265665912628174,644.4958553314209,completed
2216.664123,20,67.197374,1.0,True,20,0,0,550.8008146286011,638.7020416259766,4.507078552246094,550.8008146286011,completed
1189.091168,20,67.215959,1.0,True,20,0,0,762.4956941604614,1119.0358600616455,12.561799240112304,762.4956941604614,completed
1610.312856,20,67.234852,1.0,True,20,0,0,611.044659614563,741.3970394134521,12.813090133666993,611.044659614563,completed
1902.5379,20,67.253687,1.0,True,20,0,0,629.4384202957153,810.752513885498,5.82428207397461,629.4384202957153,completed
1437.682188,20,67.272923,1.0,True,20,0,0,685.8771262168884,932.2429447174072,12.008107423782349,685.8771262168884,completed
2259.657443,20,67.291472,1.0,True,20,0,0,519.8299045562744,671.4825124740601,2.995346260070801,519.8299045562744,completed
395.283701,20,67.313581,1.0,True,20,0,0,941.8286933898926,1226.4743003845215,24.887433815002442,941.8286933898926,completed
1457.928525,20,67.336375,1.0,True,20,0,0,551.5520429611206,784.9724435806274,15.0667640209198,551.5520429611206,completed
1543.111851,20,67.359965,1.0,True,20,0,0,628.8561050891876,820.4407157897949,13.302242469787597,628.8561050891876,completed
1187.155888,20,67.37963,1.0,True,20,0,0,692.0173425674438,1032.9588537216187,15.409474182128907,692.0173425674438,completed
516.080064,20,67.399654,1.0,True,20,0,0,894.4332885742188,1422.5479946136475,17.81142921447754,894.4332885742188,completed
1666.964641,20,67.419394,1.0,True,20,0,0,681.5913820266724,808.3547954559326,9.74725637435913,681.5913820266724,completed
1779.72643,20,67.444316,1.0,True,20,0,0,573.3675241470337,724.5606269836426,12.105909156799317,573.3675241470337,completed
1996.426156,20,67.463989,1.0,True,20,0,0,647.9800915718079,760.5672655105591,5.204044914245605,647.9800915718079,completed
2523.460349,20,67.483207,1.0,True,20,0,0,434.459070622921,523.6807774305344,2.3703838348388673,434.459070622921,completed
260.411071,20,67.5025,1.0,True,20,0,0,781.0970826148987,1230.658648967743,30.55515413284302,781.0970826148987,completed
-117.728066,20,67.521814,1.0,True,20,0,0,958.573221206665,1382.6472644805908,31.916803550720214,958.573221206665,completed
1492.247894,20,67.543835,1.0,True,20,0,0,609.1593742370605,856.1383304595947,12.637607955932618,609.1593742370605,completed
1710.971596,20,67.563467,1.0,True,20,0,0,675.0289659500122,999.4906787872314,4.739281940460205,675.0289659500122,completed
1778.729915,20,67.582926,1.0,True,20,0,0,606.8848180770874,820.1353206634521,8.374758529663087,606.8848180770874,completed
2074.989948,20,67.602036,1.0,True,20,0,0,532.6149749755859,667.6512393951416,6.900617599487305,532.6149749755859,completed
1651.628256,20,67.620712,1.0,True,20,0,0,631.1119076013565,934.7750618457794,8.036300790309905,631.1119076013565,completed
1802.857588,20,67.639911,1.0,True,20,0,0,617.2417144775391,765.3557214736938,8.49765224456787,617.2417144775391,completed
1775.967422,20,67.657997,1.0,True,20,0,0,656.8016223907471,740.6821784973145,10.505030202865601,656.8016223907471,completed
1205.821968,20,67.676092,1.0,True,20,0,0,696.4787135124207,1155.6841917037964,12.125954818725585,696.4787135124207,completed
1104.4341,20,67.695377,1.0,True,20,0,0,761.0159034729004,920.2296447753906,18.917593717575073,761.0159034729004,completed
1339.47319,20,67.714447,1.0,True,20,0,0,661.2569999694824,909.7659063339233,14.20075283050537,661.2569999694824,completed
1230.104629,20,67.73499,1.0,True,20,0,0,661.5708699226379,896.8482789993286,16.660493564605712,661.5708699226379,completed
2109.532238,20,67.753783,1.0,True,20,0,0,619.4953031539917,667.4040946960449,4.7406518936157225,619.4953031539917,completed
1952.388309,20,67.772984,1.0,True,20,0,0,634.6343984603882,711.6493301391602,6.600419712066651,634.6343984603882,completed
1197.393267,20,67.791366,1.0,True,20,0,0,704.27370262146,961.0916624069214,16.94604206085205,704.27370262146,completed
1695.873801,20,67.810218,1.0,True,20,0,0,582.667231798172,743.0210499763489,12.93006763458252,582.667231798172,completed
718.882619,20,67.832037,1.0,True,20,0,0,790.8745098114014,1058.6295738220215,24.30250358581543,790.8745098114014,completed
2076.229687,20,67.854488,1.0,True,20,0,0,623.1961680650711,703.2646181583405,4.531538295745849,623.1961680650711,completed
1362.875591,20,67.875787,1.0,True,20,0,0,596.1501598358154,867.3944282531738,16.382511043548583,596.1501598358154,completed
1133.585122,20,67.896094,1.0,True,20,0,0,737.8702726364136,1155.5049057006836,12.690932941436767,737.8702726364136,completed
1389.138246,20,67.915591,1.0,True,20,0,0,656.9563293457031,837.2233848571777,16.26855583190918,656.9563293457031,completed
1024.21334,20,67.936689,1.0,True,20,0,0,671.9803657531738,941.4208106994629,21.05088872909546,671.9803657531738,completed
1780.096895,20,67.959888,1.0,True,20,0,0,583.0124745368958,807.5214185714722,8.42055149078369,583.0124745368958,completed
1553.649792,20,67.979547,1.0,True,20,0,0,678.9693262577057,937.0634942054749,9.704969215393067,678.9693262577057,completed
1390.763649,20,67.998332,1.0,True,20,0,0,656.5509462356567,954.4430379867554,12.385461044311523,656.5509462356567,completed
2008.931595,20,68.017463,1.0,True,20,0,0,590.2478075027466,785.7712526321411,5.064283561706543,590.2478075027466,completed
906.717846,20,68.036641,1.0,True,20,0,0,647.1908116340637,943.396487236023,23.680788278579712,647.1908116340637,completed
36.116147,20,68.054972,1.0,True,20,0,0,878.030083656311,1305.824475288391,32.016472005844115,878.030083656311,completed
1483.914825,20,68.073367,1.0,True,20,0,0,591.3589668273926,875.7819957733154,14.44773998260498,591.3589668273926,completed
2230.165842,20,68.095225,1.0,True,20,0,0,575.5937269926071,658.3671758174896,3.2568507194519043,575.5937269926071,completed
589.046694,20,68.113812,1.0,True,20,0,0,697.8426399230957,1094.3090782165527,26.712693405151366,697.8426399230957,completed
1802.27222,20,68.132722,1.0,True,20,0,0,592.6186633110046,814.5868616104126,8.152775859832763,592.6186633110046,completed
1460.433586,20,68.151613,1.0,True,20,0,0,700.9660844802856,934.925986289978,11.139204454421996,700.9660844802856,completed
263.32791,20,68.170176,1.0,True,20,0,0,685.380446434021,1104.1120681762695,33.52301368713379,685.380446434021,completed
2097.718921,20,68.188573,1.0,True,20,0,0,581.5985593795776,831.6616024971008,1.7123545169830323,581.5985593795776,completed
751.746304,20,68.206996,1.0,True,20,0,0,752.1321296691895,1039.6458187103271,23.334100437164306,752.1321296691895,completed
1940.034546,20,68.225631,1.0,True,20,0,0,602.5259599685669,842.0334377288818,4.430327415466309,602.5259599685669,completed
1541.665068,20,68.244257,1.0,True,20,0,0,619.4838676452637,940.8561153411865,10.792572116851806,619.4838676452637,completed
998.56404,20,68.262724,1.0,True,20,0,0,829.5830030441284,1079.744541168213,16.77417907714844,829.5830030441284,completed
1498.679724,20,68.283224,1.0,True,20,0,0,649.9577851295471,896.8609209060669,12.619964790344238,649.9577851295471,completed
2579.531595,20,68.307084,1.0,True,20,0,0,495.47436809539795,548.348895072937,0.0,495.47436809539795,completed
990.197671,20,68.33167,1.0,True,20,0,0,777.5300827026367,951.5260734558105,20.665139961242676,777.5300827026367,completed
1018.143115,20,68.354575,1.0,True,20,0,0,742.1187901496887,1187.3813743591309,15.26165246963501,742.1187901496887,completed
1394.705933,20,68.377353,1.0,True,20,0,0,750.5528182983398,857.3343658447266,14.797364330291748,750.5528182983398,completed
836.96687,20,68.399239,1.0,True,20,0,0,916.476879119873,1151.0296211242676,16.925360488891602,916.476879119873,completed
1609.406264,20,68.421438,1.0,True,20,0,0,686.8124997019768,815.5003207921982,10.911397075653076,686.8124997019768,completed
1553.913735,20,68.4465,1.0,True,20,0,0,626.594539642334,827.8522520065308,12.862301588058472,626.594539642334,completed
2297.520887,20,68.466745,1.0,True,20,0,0,471.26688838005066,560.5241227149963,5.828561115264892,471.26688838005066,completed
1968.207753,20,68.488261,1.0,True,20,0,0,681.7508449554443,769.9835710525513,4.51899528503418,681.7508449554443,completed
1426.073112,20,68.515795,1.0,True,20,0,0,723.9616394042969,949.7934169769287,11.869428634643555,723.9616394042969,completed
781.491726,20,69.907042,1.0,True,20,0,0,759.1264410018921,1097.3127012252808,21.524710941314698,759.1264410018921,completed
1087.096555,20,69.925746,1.0,True,20,0,0,796.1028318405151,1126.149528503418,13.786931610107422,796.1028318405151,completed
1860.625146,20,69.945395,1.0,True,20,0,0,621.8193244934082,899.4537582397461,4.5471031188964846,621.8193244934082,completed
1590.42565,20,69.968102,1.0,True,20,0,0,693.3601055145264,874.0693302154541,9.677050590515137,693.3601055145264,completed
2126.687668,20,69.987833,1.0,True,20,0,0,614.8909447193146,836.4942195415497,0.9808530807495117,614.8909447193146,completed
2007.548987,20,70.006649,1.0,True,20,0,0,523.5617461204529,695.1063580513,7.967424297332764,523.5617461204529,completed
2533.936988,20,70.024716,1.0,True,20,0,0,485.99672865867615,526.3752341270447,1.2613054275512696,485.99672865867615,completed
1852.427216,20,70.044228,1.0,True,20,0,0,524.3622789382935,740.7418918609619,9.953483390808106,524.3622789382935,completed
1168.642416,20,70.062819,1.0,True,20,0,0,783.940046787262,1101.212462425232,12.616496181488037,783.940046787262,completed
1786.022725,20,70.082383,1.0,True,20,0,0,652.3023834228516,916.7275352478027,6.104888916015625,652.3023834228516,completed
1640.407652,20,70.102028,1.0,True,20,0,0,679.7685983181,983.146586894989,7.5067485809326175,679.7685983181,completed
1031.552101,20,70.121438,1.0,True,20,0,0,778.761058807373,1233.575885772705,11.85644474029541,778.761058807373,completed
618.742715,20,70.140101,1.0,True,20,0,0,739.0883345603943,1146.6411528587341,24.537475395202637,739.0883345603943,completed
1989.82924,20,70.158686,1.0,True,20,0,0,645.3321585655212,863.0114698410034,2.5914711952209473,645.3321585655212,completed
1644.396983,20,70.177523,1.0,True,20,0,0,703.885739326477,862.8163900375366,8.479338598251342,703.885739326477,completed
1963.339996,20,70.195956,1.0,True,20,0,0,568.5918941497803,706.6847400665283,6.828791332244873,568.5918941497803,completed
1323.820019,20,70.214603,1.0,True,20,0,0,729.267219543457,942.2830104827881,13.927708435058594,729.267219543457,completed
1941.094427,20,70.233129,1.0,True,20,0,0,613.4978017807007,795.3546104431152,5.5229205131530765,613.4978017807007,completed
2159.991118,20,70.252337,1.0,True,20,0,0,596.4176058769226,728.7426900863647,2.7635339736938476,596.4176058769226,completed
1315.145298,20,70.271436,1.0,True,20,0,0,663.7871322631836,959.3969678878784,15.281143951416016,663.7871322631836,completed
1129.361354,20,70.291622,1.0,True,20,0,0,643.5637969970703,898.5237798690796,19.40310525894165,643.5637969970703,completed
616.457436,20,70.31086,1.0,True,20,0,0,833.785325050354,1260.3296756744385,21.297718143463136,833.785325050354,completed
1209.663955,20,70.329839,1.0,True,20,0,0,736.9362182617188,958.241512298584,16.85271625518799,736.9362182617188,completed
2652.148109,20,70.348933,1.0,True,20,0,0,410.7083148956299,458.4316873550415,0.678801155090332,410.7083148956299,completed
2165.258215,20,70.367494,1.0,True,20,0,0,557.2433929443359,648.730206489563,4.169813060760498,557.2433929443359,completed
2069.642014,20,70.385769,1.0,True,20,0,0,613.3844443559647,717.7465918064117,4.445151710510254,613.3844443559647,completed
1894.785527,20,70.404578,1.0,True,20,0,0,594.348650932312,768.6636428833008,7.0768818855285645,594.348650932312,completed
1442.398001,20,70.423588,1.0,True,20,0,0,622.5623474121094,818.588544845581,14.715429782867432,622.5623474121094,completed
1341.204417,20,70.442255,1.0,True,20,0,0,728.7025308609009,988.3115892410278,13.485782909393311,728.7025308609009,completed
531.712365,20,70.474992,1.0,True,20,0,0,752.6048574447632,1139.8815574645996,26.696375179290772,752.6048574447632,completed
1111.72177,20,70.49488,1.0,True,20,0,0,696.0636873245239,1055.80619430542,16.606330108642577,696.0636873245239,completed
1456.964996,20,70.514618,1.0,True,20,0,0,715.6510486602783,907.4595851898193,11.135970783233642,715.6510486602783,completed
1310.309675,20,70.533808,1.0,True,20,0,0,702.1497530937195,1010.8543901443481,12.161516094207764,702.1497530937195,completed
1165.804773,20,70.553141,1.0,True,20,0,0,705.9096479415894,1046.491138458252,15.36272964477539,705.9096479415894,completed
1792.596805,20,70.572007,1.0,True,20,0,0,561.0352106690407,776.8330575227737,10.531642627716064,561.0352106690407,completed
1225.9009,20,70.591143,1.0,True,20,0,0,663.8994722366333,995.2918682098389,15.27345905303955,663.8994722366333,completed
1036.214276,20,70.609904,1.0,True,20,0,0,708.0951542854309,1054.154808998108,17.108958530426026,708.0951542854309,completed
1793.136804,20,70.628557,1.0,True,20,0,0,590.0774211883545,787.3503160476685,9.168284893035889,590.0774211883545,completed
1216.20231,20,70.647719,1.0,True,20,0,0,700.5908012390137,960.3664112091064,15.30100393295288,700.5908012390137,completed
1752.233371,20,70.666393,1.0,True,20,0,0,613.949390411377,798.2469825744629,8.908132839202882,613.949390411377,completed
1717.886693,20,70.685719,1.0,True,20,0,0,708.7012495994568,854.5864992141724,8.046185207366943,708.7012495994568,completed
1462.428697,20,70.705004,1.0,True,20,0,0,741.736270904541,932.021074295044,11.80765895843506,741.736270904541,completed
1387.508245,20,70.72569,1.0,True,20,0,0,728.1540813446045,867.124472618103,13.794059658050537,728.1540813446045,completed
1555.571157,20,70.748708,1.0,True,20,0,0,653.2763013839722,945.6813364028931,9.805339813232422,653.2763013839722,completed
1397.492681,20,70.769171,1.0,True,20,0,0,679.6199722290039,906.1923007965088,14.44809513092041,679.6199722290039,completed
2023.734421,20,70.78776,1.0,True,20,0,0,587.5311298370361,721.159215927124,5.886794090270996,587.5311298370361,completed
1141.636142,20,70.807154,1.0,True,20,0,0,715.7494523525238,902.9227919578552,19.142477893829344,715.7494523525238,completed
1673.153431,20,70.825489,1.0,True,20,0,0,607.0706313848495,778.4161612987518,11.533660316467286,607.0706313848495,completed
1049.9963,20,70.844254,1.0,True,20,0,0,707.813862323761,1017.5818028450012,18.399384999275206,707.813862323761,completed
164.015813,20,70.863088,1.0,True,20,0,0,817.9261789321899,1280.541377067566,30.415824127197265,817.9261789321899,completed
2555.022697,20,70.882177,1.0,True,20,0,0,440.6565275192261,518.8978137969971,0.9948947906494141,440.6565275192261,completed
1057.633147,20,70.900925,1.0,True,20,0,0,655.1207728385925,963.7556972503662,19.8540780544281,655.1207728385925,completed
2262.485016,20,70.91962,1.0,True,20,0,0,539.9384617805481,700.3843660354614,1.2032276153564454,539.9384617805481,completed
1017.501423,20,70.938508,1.0,True,20,0,0,745.3718910217285,1215.0360298156738,14.468395233154297,745.3718910217285,completed
1979.55185,20,70.958102,1.0,True,20,0,0,573.314453125,657.4527931213379,7.706535148620605,573.314453125,completed
2129.70674,20,70.977571,1.0,True,20,0,0,560.2947459220886,788.6635189056396,1.789663553237915,560.2947459220886,completed
2229.286058,20,70.996773,1.0,True,20,0,0,569.40345287323,665.3733806610107,3.179028797149658,569.40345287323,completed
1691.104103,20,71.01511,1.0,True,20,0,0,632.7520878911018,875.1539407968521,8.66438274383545,632.7520878911018,completed
1917.219624,20,71.033276,1.0,True,20,0,0,693.3739624023438,771.002368927002,6.216334819793701,693.3739624023438,completed
1522.621729,20,71.052061,1.0,True,20,0,0,716.3029601573944,919.3902468681335,11.031680583953857,716.3029601573944,completed
1476.268772,20,71.071051,1.0,True,20,0,0,627.9229707717896,799.2632827758789,15.569695854187012,627.9229707717896,completed
1617.591115,20,71.089865,1.0,True,20,0,0,579.1762266159058,826.5150489807129,11.393414878845215,579.1762266159058,completed
1121.634229,20,71.108176,1.0,True,20,0,0,757.3068294525146,987.2002296447754,17.326535511016846,757.3068294525146,completed
1827.142512,20,71.126516,1.0,True,20,0,0,531.0884866714478,707.5589866638184,10.772237777709961,531.0884866714478,completed
1645.755272,20,71.144947,1.0,True,20,0,0,617.1661858558655,793.8499364852905,12.892752170562744,617.1661858558655,completed
1632.149435,20,71.163742,1.0,True,20,0,0,610.267746925354,822.281322479248,11.929511547088623,610.267746925354,completed
1561.243813,20,71.182079,1.0,True,20,0,0,673.7567386627197,919.9592037200928,10.688675498962402,673.7567386627197,completed
786.929749,20,71.200628,1.0,True,20,0,0,755.1181020736694,1064.2511854171753,21.733077144622804,755.1181020736694,completed
1269.680327,20,71.219218,1.0,True,20,0,0,653.9528985023499,945.2614984512329,15.704007148742676,653.9528985023499,completed
1032.015808,20,71.238372,1.0,True,20,0,0,683.9030647277832,946.071849822998,21.174082946777343,683.9030647277832,completed
2192.109384,20,71.256762,1.0,True,20,0,0,565.5251922607422,759.0331439971924,1.5909760475158692,565.5251922607422,completed
1436.431484,20,71.276196,1.0,True,20,0,0,765.1865072250366,956.5901145935059,8.930187129974366,765.1865072250366,completed
1947.327538,20,71.294496,1.0,True,20,0,0,575.5635304450989,723.5742058753967,7.285067939758301,575.5635304450989,completed
2241.381628,20,71.312717,1.0,True,20,0,0,565.0048532485962,653.9823541641235,3.2558717727661133,565.0048532485962,completed
1766.425158,20,71.331297,1.0,True,20,0,0,618.000810623169,836.9156188964844,8.054179382324218,618.000810623169,completed
1858.702906,20,71.349976,1.0,True,20,0,0,581.9681153297424,697.0882539749146,9.507978630065917,581.9681153297424,completed
1617.200618,20,71.368872,1.0,True,20,0,0,603.4505977630615,795.0687446594238,12.528835105895997,603.4505977630615,completed
1702.383468,20,71.387325,1.0,True,20,0,0,653.1104207038879,797.5089445114136,8.96226100921631,653.1104207038879,completed
1547.561211,20,71.405879,1.0,True,20,0,0,650.6370844841003,900.9750890731812,11.274598503112793,650.6370844841003,completed
1206.787349,20,71.424564,1.0,True,20,0,0,655.6283602714539,991.235680103302,16.611909675598145,655.6283602714539,completed
1481.265232,20,71.443457,1.0,True,20,0,0,715.5450325012207,1180.0674571990967,5.533338642120361,715.5450325012207,completed
2453.355699,20,71.462421,1.0,True,20,0,0,535.4014329910278,589.1243591308594,0.809166145324707,535.4014329910278,completed
1300.892355,20,71.483601,1.0,True,20,0,0,607.8100972175598,908.6842565536499,17.871722602844237,607.8100972175598,completed
1110.573317,20,71.50266,1.0,True,20,0,0,683.2360253334045,971.747688293457,18.514065265655518,683.2360253334045,completed
1779.684098,20,71.521122,1.0,True,20,0,0,629.5009870529175,730.4662628173828,10.47756052017212,629.5009870529175,completed
2199.652293,20,71.539657,1.0,True,20,0,0,485.58958530426025,623.7359848022461,5.697109317779541,485.58958530426025,completed
1971.57204,20,71.55853,1.0,True,20,0,0,542.3253002166748,700.0590620040894,7.824195289611817,542.3253002166748,completed
1577.373993,20,71.577057,1.0,True,20,0,0,662.1352572441101,892.4564332962036,11.216069412231445,662.1352572441101,completed
1442.694541,20,71.597844,1.0,True,20,0,0,628.3695373535156,893.0978107452393,15.071903610229493,628.3695373535156,completed
1243.651581,20,71.622846,1.0,True,20,0,0,667.7297296524048,985.5699663162231,15.039590454101562,667.7297296524048,completed
1029.429485,20,71.643575,1.0,True,20,0,0,758.2212734222412,1117.1974067687988,14.793015098571777,758.2212734222412,completed
1788.973236,20,71.663766,1.0,True,20,0,0,541.2994980812073,758.195013999939,12.05581374168396,541.2994980812073,completed
1380.211329,20,71.684794,1.0,True,20,0,0,681.1406679153442,1025.9601554870605,10.938702487945557,681.1406679153442,completed
1569.096673,20,71.709998,1.0,True,20,0,0,638.6558103561401,909.5499992370605,11.305121040344238,638.6558103561401,completed
1625.597454,20,71.729278,1.0,True,20,0,0,728.3528137207031,946.6159992218018,6.2778314590454105,728.3528137207031,completed
783.689315,20,71.750693,1.0,True,20,0,0,798.971025466919,1164.127061843872,19.03470754623413,798.971025466919,completed
2259.560604,20,71.770469,1.0,True,20,0,0,551.4910717010498,691.340934753418,2.6017431259155273,551.4910717010498,completed
1629.142546,20,71.789169,1.0,True,20,0,0,673.3309869766235,872.817512512207,9.043989944458009,673.3309869766235,completed
1460.888349,20,71.808191,1.0,True,20,0,0,783.5394020080566,943.0760984420776,10.290107536315919,783.5394020080566,completed
1875.665716,20,71.828428,1.0,True,20,0,0,564.9302363395691,771.9799365997314,7.904955291748047,564.9302363395691,completed
1829.76346,20,71.850306,1.0,True,20,0,0,672.4414005279541,710.8308563232422,9.121443939208984,672.4414005279541,completed
1343.122019,20,71.870092,1.0,True,20,0,0,623.7238245010376,917.1042547225952,14.470725154876709,623.7238245010376,completed
1015.480583,20,73.171393,1.0,True,20,0,0,725.0838532447815,1052.1789331436157,17.42680697441101,725.0838532447815,completed
1793.33953,20,73.192263,1.0,True,20,0,0,646.6352045536041,821.6343750953674,7.9970383644104,646.6352045536041,completed
1499.450886,20,73.339506,1.0,True,20,0,0,705.6447606086731,913.2361116409302,10.690063381195069,705.6447606086731,completed
1816.04373,20,73.367764,1.0,True,20,0,0,591.5337921082973,798.8467819094658,8.257613372802734,591.5337921082973,completed
1493.332634,20,73.389181,1.0,True,20,0,0,613.6822466850281,869.4839572906494,14.675641632080078,613.6822466850281,completed
1464.336778,20,73.408721,1.0,True,20,0,0,671.912974357605,1045.0163021087646,9.074937629699708,671.912974357605,completed
1097.773373,20,73.428573,1.0,True,20,0,0,698.1894454956055,986.1828842163086,18.212794685363768,698.1894454956055,completed
609.423849,20,73.450804,1.0,True,20,0,0,843.014955997467,1200.8286628723145,21.721391201019287,843.014955997467,completed
1228.569717,20,73.480049,1.0,True,20,0,0,643.6695780754089,907.7628302574158,17.917235565185546,643.6695780754089,completed
745.43435,20,73.500072,1.0,True,20,0,0,800.3568458557129,1173.1350078582764,20.972575855255126,800.3568458557129,completed
1794.718209,20,73.519384,1.0,True,20,0,0,702.6842374801636,988.2542276382446,3.1647899627685545,702.6842374801636,completed
1724.628318,20,73.542735,1.0,True,20,0,0,601.0748592615128,785.2738816738129,9.523137426376342,601.0748592615128,completed
6.147103,20,73.563215,1.0,True,20,0,0,754.7963333129883,1159.8626289367676,38.0031551361084,754.7963333129883,completed
474.450757,20,73.583449,1.0,True,20,0,0,901.4354610443115,1394.9301834106445,18.881619119644164,901.4354610443115,completed
693.559226,20,73.603334,1.0,True,20,0,0,747.4422283172607,1042.7799987792969,24.147935962677003,747.4422283172607,completed
1192.340139,20,73.622687,1.0,True,20,0,0,627.8447504043579,966.9488697052002,16.807731342315673,627.8447504043579,completed
1843.21545,20,73.642661,1.0,True,20,0,0,571.3150579929352,882.3443341255188,6.210418701171875,571.3150579929352,completed
2340.837064,20,73.661733,1.0,True,20,0,0,507.5237085223198,626.526904463768,3.0117279052734376,507.5237085223198,completed
2005.9807,20,73.684095,1.0,True,20,0,0,546.3438854217529,711.9647960662842,7.201292324066162,546.3438854217529,completed
1545.05669,20,73.706952,1.0,True,20,0,0,543.2534565925598,796.5049695968628,15.195894241333008,543.2534565925598,completed
2297.755915,20,73.726622,1.0,True,20,0,0,540.5253067016602,632.7441329956055,3.422758865356445,540.5253067016602,completed
1607.257122,20,73.746479,1.0,True,20,0,0,625.6619491577148,914.4187107086182,9.787128162384032,625.6619491577148,completed
1805.090911,20,73.766164,1.0,True,20,0,0,651.562406539917,834.6571521759033,7.2712194442749025,651.562406539917,completed
1756.509898,20,73.784685,1.0,True,20,0,0,630.8944901227951,804.1978423595428,9.008394527435303,630.8944901227951,completed
1221.313248,20,73.80688,1.0,True,20,0,0,765.0968742370605,922.4254989624023,15.874014472961425,765.0968742370605,completed
1454.093434,20,73.826049,1.0,True,20,0,0,674.3471300601959,954.0995106697083,12.419720649719238,674.3471300601959,completed
1941.01659,20,73.845291,1.0,True,20,0,0,616.8283939361572,751.7133941650391,7.300041007995605,616.8283939361572,completed
1488.816171,20,73.864097,1.0,True,20,0,0,705.5188760757446,901.5064849853516,11.905384254455566,705.5188760757446,completed
1720.171577,20,73.883609,1.0,True,20,0,0,565.6611661911011,759.7438068389893,12.117838382720947,565.6611661911011,completed
2069.458325,20,73.902672,1.0,True,20,0,0,589.1569557189941,805.3092269897461,3.030183792114258,589.1569557189941,completed
1116.200894,20,73.922246,1.0,True,20,0,0,730.3659479618073,1030.4463753700256,16.67721309661865,730.3659479618073,completed
1412.697219,20,73.941565,1.0,True,20,0,0,754.6133766174316,920.7278575897217,12.543352794647216,754.6133766174316,completed
1418.609004,20,73.960824,1.0,True,20,0,0,642.7835206985474,839.0548782348633,15.069012928009034,642.7835206985474,completed
1843.417097,20,73.980051,1.0,True,20,0,0,566.9651117324829,695.6560554504395,10.15455436706543,566.9651117324829,completed
1773.635451,20,73.999112,1.0,True,20,0,0,593.7654781341553,785.78297996521,9.643599605560302,593.7654781341553,completed
1882.60955,20,74.018202,1.0,True,20,0,0,621.2367792129517,853.1216068267822,5.905365371704102,621.2367792129517,completed
1292.395369,20,74.037065,1.0,True,20,0,0,682.5210695266724,898.5658588409424,16.61673860549927,682.5210695266724,completed
1609.10857,20,74.056609,1.0,True,20,0,0,724.9537873268127,982.0567235946655,7.0164190292358395,724.9537873268127,completed
1495.807329,20,74.075652,1.0,True,20,0,0,655.2716035842896,1043.600869178772,8.576718807220459,655.2716035842896,completed
2240.554074,20,74.094589,1.0,True,20,0,0,511.3446478843689,643.3241949081421,3.7495630741119386,511.3446478843689,completed
2558.473748,20,74.114128,1.0,True,20,0,0,495.5822114944458,543.584379196167,0.030852699279785158,495.5822114944458,completed
1309.04112,20,74.133702,1.0,True,20,0,0,674.9923939704895,1024.1399698257446,13.485236930847169,674.9923939704895,completed
1877.18329,20,74.152634,1.0,True,20,0,0,645.8405357599258,749.609988451004,6.018535041809082,645.8405357599258,completed
1844.532264,20,74.171042,1.0,True,20,0,0,531.3925895690918,745.3093090057373,10.544798564910888,531.3925895690918,completed
1227.11296,20,74.19079,1.0,True,20,0,0,684.0120027065277,881.9298090934753,18.0589262008667,684.0120027065277,completed
2188.795517,20,74.209804,1.0,True,20,0,0,530.963258266449,624.7568674087524,4.63484935760498,530.963258266449,completed
1729.592762,20,74.22862,1.0,True,20,0,0,644.4342843294144,770.5245363712311,10.404241943359375,644.4342843294144,completed
1470.697694,20,74.247564,1.0,True,20,0,0,620.0218634605408,872.490330696106,14.438745594024658,620.0218634605408,completed
1080.535307,20,74.266447,1.0,True,20,0,0,696.9014116227627,1009.5820209383965,19.26959056854248,696.9014116227627,completed
2342.182726,20,74.285591,1.0,True,20,0,0,503.5728907585144,606.8657665252686,2.328029918670654,503.5728907585144,completed
501.624968,20,74.304362,1.0,True,20,0,0,897.7724695205688,1257.486258506775,22.661916637420653,897.7724695205688,completed
958.603185,20,74.323307,1.0,True,20,0,0,695.4882459640503,1101.8424129486084,18.551930332183836,695.4882459640503,completed
2178.925121,20,74.3419,1.0,True,20,0,0,514.1400480270386,638.1011161804199,4.1419905662536625,514.1400480270386,completed
2096.181394,20,74.360441,1.0,True,20,0,0,562.2642879486084,618.5527610778809,7.276299905776978,562.2642879486084,completed
663.252673,20,74.379213,1.0,True,20,0,0,893.7026640176773,1092.5947315692902,21.34178810119629,893.7026640176773,completed
1471.249082,20,74.397935,1.0,True,20,0,0,636.9226787090302,767.9852957725525,15.170337128639222,636.9226787090302,completed
2107.465922,20,74.416354,1.0,True,20,0,0,521.4295785427094,744.6265482902527,4.764678192138672,521.4295785427094,completed
1982.632525,20,74.435432,1.0,True,20,0,0,611.4182691574097,805.7232208251953,4.855524253845215,611.4182691574097,completed
1600.999925,20,74.4544,1.0,True,20,0,0,543.0433166027069,814.220561504364,14.563286685943604,543.0433166027069,completed
-138.246146,20,74.473176,1.0,True,20,0,0,919.105583190918,1451.633888244629,31.12463798522949,919.105583190918,completed
2130.817601,20,74.496602,1.0,True,20,0,0,536.9078922271729,655.7700805664062,6.392264366149902,536.9078922271729,completed
30.856825,20,74.515609,1.0,True,20,0,0,835.8813333511353,1254.1912307739258,33.57510051727295,835.8813333511353,completed
1476.588114,20,74.53462,1.0,True,20,0,0,762.3787326812744,1101.3284130096436,6.48808479309082,762.3787326812744,completed
2046.823922,20,74.558306,1.0,True,20,0,0,497.3743920326233,628.377124786377,8.588415145874023,497.3743920326233,completed
1778.627033,20,74.579246,1.0,True,20,0,0,600.5628604888916,842.4668664932251,8.483042430877685,600.5628604888916,completed
1311.438702,20,74.598697,1.0,True,20,0,0,561.7675423622131,893.0985193252563,16.852310037612916,561.7675423622131,completed
2167.030603,20,74.62092,1.0,True,20,0,0,603.8967800140381,797.6053867340088,1.206635093688965,603.8967800140381,completed
1839.581021,20,74.640899,1.0,True,20,0,0,584.7452626228333,796.421441078186,8.462705898284913,584.7452626228333,completed
968.62651,20,74.661617,1.0,True,20,0,0,717.3137140274048,1088.4352054595947,17.717663383483888,717.3137140274048,completed
1165.560963,20,74.681045,1.0,True,20,0,0,740.2857971191406,1017.4064254760742,15.6530122756958,740.2857971191406,completed
1865.953567,20,74.701095,1.0,True,20,0,0,560.7377281188965,757.4830884933472,8.609309959411622,560.7377281188965,completed
1716.949602,20,74.723865,1.0,True,20,0,0,646.8249821662903,822.686936378479,9.874994468688964,646.8249821662903,completed
1366.209022,20,74.742185,1.0,True,20,0,0,616.3944149017334,896.199384689331,15.203375148773194,616.3944149017334,completed
1976.049209,20,74.761029,1.0,True,20,0,0,535.9199904203415,690.181663274765,8.704974174499512,535.9199904203415,completed
552.909929,20,74.779899,1.0,True,20,0,0,771.7740285396576,1219.6018252372742,23.061591148376465,771.7740285396576,completed
841.124783,20,74.79916,1.0,True,20,0,0,783.9646377563477,1152.4300079345703,18.14558563232422,783.9646377563477,completed
1780.636053,20,74.820923,1.0,True,20,0,0,671.9859175682068,862.5532484054565,7.434095573425293,671.9859175682068,completed
1486.648423,20,74.839904,1.0,True,20,0,0,616.2368612289429,833.3355484008789,14.5485089302063,616.2368612289429,completed
1436.622098,20,74.86023,1.0,True,20,0,0,649.7525775432587,908.0163779258728,12.617708492279053,649.7525775432587,completed
2285.22069,20,74.879114,1.0,True,20,0,0,536.3116936683655,642.759509563446,2.8989208221435545,536.3116936683655,completed
1711.162352,20,74.897971,1.0,True,20,0,0,645.4138660430908,779.7532825469971,11.221517944335938,645.4138660430908,completed
2337.151414,20,74.916673,1.0,True,20,0,0,538.5596985816956,745.1934242248535,0.0,538.5596985816956,completed
277.880339,20,74.935759,1.0,True,20,0,0,790.7103953361511,1214.2235889434814,28.551186895370485,790.7103953361511,completed
1329.968916,20,74.955326,1.0,True,20,0,0,733.1924114227295,977.7134895324707,11.490769958496093,733.1924114227295,completed
1687.262334,20,74.974267,1.0,True,20,0,0,616.7423424720764,914.7480144500732,8.536736106872558,616.7423424720764,completed
1721.704541,20,74.993441,1.0,True,20,0,0,633.2317733764648,808.7828578948975,10.342381286621094,633.2317733764648,completed
1789.522672,20,75.011979,1.0,True,20,0,0,588.5166549682617,834.5670881271362,7.358588457107544,588.5166549682617,completed
516.776868,20,75.031034,1.0,True,20,0,0,801.7305543422699,1230.2448344230652,23.84788703918457,801.7305543422699,completed
2113.40159,20,75.050207,1.0,True,20,0,0,586.9600372314453,845.7183017730713,1.4783063888549806,586.9600372314453,completed
1308.468976,20,75.069122,1.0,True,20,0,0,607.3208751678467,867.5830307006836,16.944929122924805,607.3208751678467,completed
1809.93723,20,75.087766,1.0,True,20,0,0,623.845630645752,855.3178596496582,6.997643661499024,623.845630645752,completed
398.179614,20,75.106724,1.0,True,20,0,0,767.997555732727,1178.2458410263062,28.74878568649292,767.997555732727,completed
1037.35383,20,75.125287,1.0,True,20,0,0,694.7304735183716,922.5556039810181,22.149918031692504,694.7304735183716,completed
1718.854163,20,75.143929,1.0,True,20,0,0,582.9110941886902,835.9872255325317,10.420330810546876,582.9110941886902,completed
2366.215757,20,75.162428,1.0,True,20,0,0,486.42072105407715,564.2132720947266,4.407430267333984,486.42072105407715,completed
1860.820259,20,75.18125,1.0,True,20,0,0,548.787844657898,711.1727886199951,9.565424156188964,548.787844657898,completed
602.556512,20,75.200207,1.0,True,20,0,0,792.9515233039856,1155.5121450424194,23.89023036956787,792.9515233039856,completed
1417.711864,20,75.219372,1.0,True,20,0,0,662.3336472511292,1068.8214120864868,10.354609870910645,662.3336472511292,completed
466.929539,20,75.238727,1.0,True,20,0,0,748.0358543395996,1133.5339050292969,27.93404130935669,748.0358543395996,completed
1062.201839,20,75.257921,1.0,True,20,0,0,637.964729309082,966.6618537902832,19.917282104492188,637.964729309082,completed
2012.337783,20,75.278565,1.0,True,20,0,0,582.069094657898,754.4606323242188,4.712851619720459,582.069094657898,completed
2248.202457,20,75.297432,1.0,True,20,0,0,492.9990339279175,597.6890277862549,5.088504791259766,492.9990339279175,completed
1518.635561,20,76.620655,1.0,True,20,0,0,631.2062005996704,790.0568132400513,14.714455604553223,631.2062005996704,completed
1777.425182,20,76.641681,1.0,True,20,0,0,682.9476118087769,770.1266059875488,8.641674613952636,682.9476118087769,completed
2212.514913,20,76.662758,1.0,True,20,0,0,523.9100131988525,612.2525329589844,5.116532325744629,523.9100131988525,completed
2363.752823,20,76.686296,1.0,True,20,0,0,534.4734468460083,603.187424659729,2.0514235496520996,534.4734468460083,completed
1159.414393,20,76.706703,1.0,True,20,0,0,655.1012492179871,920.5219192504883,18.498768663406373,655.1012492179871,completed
1774.819266,20,76.72953,1.0,True,20,0,0,593.0203709602356,809.8689413070679,8.962816905975341,593.0203709602356,completed
2140.652606,20,76.749585,1.0,True,20,0,0,564.7587013244629,681.8128423690796,5.012451171875,564.7587013244629,completed
2018.816734,20,76.76989,1.0,True,20,0,0,538.5920042991638,711.4460115432739,6.385936260223389,538.5920042991638,completed
1587.24739,20,76.789599,1.0,True,20,0,0,706.5712823867798,932.130407333374,8.586659812927246,706.5712823867798,completed
1105.016159,20,76.808346,1.0,True,20,0,0,659.3445394039154,911.5502095222473,21.291797161102295,659.3445394039154,completed
622.919827,20,76.828435,1.0,True,20,0,0,754.8968577384949,1169.6750736236572,22.312486934661866,754.8968577384949,completed
1225.652864,20,76.852575,1.0,True,20,0,0,670.26185131073,932.876256942749,16.900653553009032,670.26185131073,completed
1432.004264,20,76.879156,1.0,True,20,0,0,619.9632482528687,872.2689189910889,15.413049411773681,619.9632482528687,completed
1516.37842,20,76.899219,1.0,True,20,0,0,619.7873115539551,881.506799697876,11.802292823791504,619.7873115539551,completed
1560.549129,20,76.919036,1.0,True,20,0,0,601.8356056213379,782.9850816726685,14.30164794921875,601.8356056213379,completed
2182.167808,20,76.93912,1.0,True,20,0,0,512.8766860961914,628.5079975128174,4.343684577941895,512.8766860961914,completed
1580.987696,20,76.959035,1.0,True,20,0,0,689.1367950439453,789.6660919189453,11.047438144683838,689.1367950439453,completed
1734.586795,20,76.98303,1.0,True,20,0,0,586.5366771221161,747.6268763542175,11.1525408744812,586.5366771221161,completed
1770.286078,20,77.009762,1.0,True,20,0,0,669.6112241744995,756.083233833313,8.781390762329101,669.6112241744995,completed
1345.674611,20,77.032483,1.0,True,20,0,0,639.5944604873657,935.8589611053467,14.278096389770507,639.5944604873657,completed
1754.060483,20,77.051929,1.0,True,20,0,0,667.5664558410645,1051.2692337036133,2.9750871658325195,667.5664558410645,completed
1178.331467,20,77.070902,1.0,True,20,0,0,720.4036564826965,1215.6505765914917,10.18026762008667,720.4036564826965,completed
1997.330926,20,77.091025,1.0,True,20,0,0,585.9135656356812,702.5311431884766,6.458416938781738,585.9135656356812,completed
2202.317579,20,77.1095,1.0,True,20,0,0,628.7725193500519,818.5626444816589,0.0,628.7725193500519,completed
1231.825056,20,77.129871,1.0,True,20,0,0,650.072407245636,980.7496709823608,16.982671546936036,650.072407245636,completed
907.153157,20,77.150543,1.0,True,20,0,0,741.1491403579712,1172.679591178894,17.830245208740234,741.1491403579712,completed
1389.281137,20,77.169845,1.0,True,20,0,0,672.7596487998962,991.7579107284546,11.77823429107666,672.7596487998962,completed
2119.37659,20,77.18901,1.0,True,20,0,0,560.7699937820435,813.6718511581421,2.603059434890747,560.7699937820435,completed
1634.158109,20,77.207967,1.0,True,20,0,0,652.0635404586792,806.1020030975342,10.447289085388183,652.0635404586792,completed
2380.90778,20,77.230893,1.0,True,20,0,0,439.2709913253784,583.9503345489502,3.5796064376831054,439.2709913253784,completed
2054.496755,20,77.249361,1.0,True,20,0,0,597.4340314865112,698.8428106307983,4.957893371582031,597.4340314865112,completed
449.507438,20,77.267921,1.0,True,20,0,0,841.6536731719971,1218.790864944458,24.62076015472412,841.6536731719971,completed
1924.659926,20,77.286652,1.0,True,20,0,0,595.8161840438843,751.9046287536621,6.768881797790527,595.8161840438843,completed
1652.38765,20,77.305404,1.0,True,20,0,0,646.3575251102448,825.0224781036377,10.181827735900878,646.3575251102448,completed
2019.139211,20,77.324536,1.0,True,20,0,0,520.4643577337265,693.4276807308197,7.145293140411377,520.4643577337265,completed
1762.650003,20,77.34305,1.0,True,20,0,0,586.4110579490662,731.6893472671509,10.891127014160157,586.4110579490662,completed
2508.352357,20,77.361408,1.0,True,20,0,0,469.2470645904541,529.8659591674805,2.0561712265014647,469.2470645904541,completed
2151.741804,20,77.380944,1.0,True,20,0,0,462.56792974472046,612.944920539856,6.911950635910034,462.56792974472046,completed
1703.686483,20,77.39984,1.0,True,20,0,0,593.744213104248,810.7740364074707,10.705388736724853,593.744213104248,completed
1825.272891,20,77.418498,1.0,True,20,0,0,696.2125864028931,865.0843324661255,5.885169792175293,696.2125864028931,completed
2053.534291,20,77.437034,1.0,True,20,0,0,694.5646438598633,773.383731842041,3.350120449066162,694.5646438598633,completed
1729.415139,20,77.455235,1.0,True,20,0,0,541.1000909805298,699.8329248428345,13.277714729309082,541.1000909805298,completed
1825.290268,20,77.473414,1.0,True,20,0,0,584.4123663902283,743.5885438919067,9.027872848510743,584.4123663902283,completed
1696.901094,20,77.496161,1.0,True,20,0,0,608.9367017745972,795.9154090881348,11.05574836730957,608.9367017745972,completed
1640.052449,20,77.515302,1.0,True,20,0,0,596.3532099723816,884.8533048629761,9.59492473602295,596.3532099723816,completed
1175.289314,20,77.53394,1.0,True,20,0,0,790.9160280227661,978.6913328170776,15.090015077590943,790.9160280227661,completed
1146.767773,20,77.552787,1.0,True,20,0,0,756.7016706466675,1060.8498048782349,14.681910991668701,756.7016706466675,completed
622.495073,20,77.571467,1.0,True,20,0,0,872.3675408363342,1276.8842306137085,18.862793731689454,872.3675408363342,completed
663.973856,20,77.590601,1.0,True,20,0,0,665.3957486152649,1105.6347608566284,24.389761447906494,665.3957486152649,completed
998.609093,20,77.609812,1.0,True,20,0,0,756.2448463439941,1072.288480758667,18.07816677093506,756.2448463439941,completed
2013.432137,20,77.628939,1.0,True,20,0,0,610.2646174430847,831.8416080474854,3.38458309173584,610.2646174430847,completed
1999.557769,20,77.64783,1.0,True,20,0,0,522.2992370128632,668.020101070404,8.931014442443848,522.2992370128632,completed
920.182534,20,77.666848,1.0,True,20,0,0,684.4311652183533,1018.46826171875,21.346091985702515,684.4311652183533,completed
2128.445219,20,77.685268,1.0,True,20,0,0,605.6108312606812,674.0399904251099,4.918607330322265,605.6108312606812,completed
1784.600476,20,77.703862,1.0,True,20,0,0,574.2505059242249,740.806351184845,10.899055862426758,574.2505059242249,completed
1750.710254,20,77.722956,1.0,True,20,0,0,662.2128970623016,835.60702085495,8.444857120513916,662.2128970623016,completed
2042.660517,20,77.741575,1.0,True,20,0,0,543.9534618854523,660.3540687561035,7.1144482612609865,543.9534618854523,completed
116.151472,20,77.76277,1.0,True,20,0,0,704.7322845458984,1142.8157444000244,37.72279596328735,704.7322845458984,completed
994.412167,20,77.781688,1.0,True,20,0,0,704.3207368850708,1032.49489402771,19.431275177001954,704.3207368850708,completed
6.956206,20,77.800462,1.0,True,20,0,0,810.9125537872314,1339.3836765289307,33.45435543060303,810.9125537872314,completed
1456.950092,20,77.818718,1.0,True,20,0,0,646.2655769586563,827.4802453517914,13.126557302474975,646.2655769586563,completed
1926.859643,20,77.837562,1.0,True,20,0,0,522.5202350616455,688.0927486419678,8.94315481185913,522.5202350616455,completed
1031.101689,20,77.856408,1.0,True,20,0,0,657.4391889572144,1013.0047693252563,19.75323877334595,657.4391889572144,completed
1029.355643,20,77.875027,1.0,True,20,0,0,686.6611089706421,1051.5283908843994,17.674161529541017,686.6611089706421,completed
1395.411505,20,77.893793,1.0,True,20,0,0,721.9583396911621,989.5832691192627,10.946797370910645,721.9583396911621,completed
1223.484714,20,77.913412,1.0,True,20,0,0,675.5117678642273,1021.188572883606,15.697519874572754,675.5117678642273,completed
1542.821002,20,77.9382,1.0,True,20,0,0,649.6264533996582,906.8795051574707,10.620891761779784,649.6264533996582,completed
1886.063203,20,77.958978,1.0,True,20,0,0,553.2241101264954,710.954683303833,10.123804473876953,553.2241101264954,completed
1053.787281,20,77.982649,1.0,True,20,0,0,722.8915004730225,1013.424617767334,18.817768478393553,722.8915004730225,completed
1046.256116,20,78.003159,1.0,True,20,0,0,729.6855115890503,1039.8320407867432,17.552933311462404,729.6855115890503,completed
1335.700243,20,78.023205,1.0,True,20,0,0,774.6978521347046,941.6838808059692,13.590719413757324,774.6978521347046,completed
2428.71994,20,78.043453,1.0,True,20,0,0,588.5673866271973,634.6723890304565,0.0,588.5673866271973,completed
1286.266537,20,78.064495,1.0,True,20,0,0,741.4557247161865,1017.2827434539795,11.996225261688233,741.4557247161865,completed
2167.958119,20,78.086071,1.0,True,20,0,0,546.9075672626495,699.2203850746155,4.743872928619385,546.9075672626495,completed
1705.438422,20,78.107201,1.0,True,20,0,0,587.929624080658,817.9787120819092,11.175680494308471,587.929624080658,completed
1649.580057,20,78.128357,1.0,True,20,0,0,580.6682839393616,836.7139596939087,10.290840435028077,580.6682839393616,completed
999.957516,20,78.148816,1.0,True,20,0,0,730.9265689849854,1010.0612163543701,20.13548011779785,730.9265689849854,completed
981.7234,20,78.169282,1.0,True,20,0,0,676.1988878250122,1022.9067344665527,19.80899648666382,676.1988878250122,completed
978.343515,20,78.189494,1.0,True,20,0,0,675.3543338775635,1021.0766658782959,19.331488800048827,675.3543338775635,completed
1141.446321,20,78.209535,1.0,True,20,0,0,684.4737606048584,1001.2199611663818,17.538186645507814,684.4737606048584,completed
591.973437,20,78.235521,1.0,True,20,0,0,847.8889598846436,1282.0840530395508,19.850018215179443,847.8889598846436,completed
1926.160345,20,78.260774,1.0,True,20,0,0,649.893292427063,731.5007247924805,6.4813220500946045,649.893292427063,completed
1834.135349,20,78.293196,1.0,True,20,0,0,572.2479691505432,787.4684705734253,9.6575138092041,572.2479691505432,completed
2037.61132,20,78.317598,1.0,True,20,0,0,595.0570220947266,778.4728355407715,5.100858688354492,595.0570220947266,completed
1705.369447,20,78.338617,1.0,True,20,0,0,558.724169254303,725.8969287872314,13.522735738754273,558.724169254303,completed
1604.584869,20,78.360316,1.0,True,20,0,0,647.1571140289307,902.412425994873,9.861679840087891,647.1571140289307,completed
1160.202971,20,78.38322,1.0,True,20,0,0,653.9316682815552,960.5358695983887,18.021214294433594,653.9316682815552,completed
1056.605809,20,78.407015,1.0,True,20,0,0,738.0094137191772,1047.5535202026367,17.581991767883302,738.0094137191772,completed
1936.846876,20,78.433012,1.0,True,20,0,0,568.4250965118408,758.8501377105713,6.684072875976563,568.4250965118408,completed
749.553338,20,78.455194,1.0,True,20,0,0,677.390558719635,1021.451247215271,26.260398864746094,677.390558719635,completed
1381.00894,20,78.482197,1.0,True,20,0,0,639.1602468490601,936.4819793701172,14.634118366241456,639.1602468490601,completed
921.859014,20,78.504609,1.0,True,20,0,0,637.5735440254211,991.0136590003967,22.762045860290527,637.5735440254211,completed
1957.499742,20,78.525736,1.0,True,20,0,0,596.9492473602295,851.8185405731201,4.4332578659057615,596.9492473602295,completed
1215.911742,20,78.547501,1.0,True,20,0,0,662.870762348175,927.1098928451538,18.66362295150757,662.870762348175,completed
1534.20897,20,78.571755,1.0,True,20,0,0,603.2862272262573,820.0465421676636,14.544202423095703,603.2862272262573,completed
1759.132589,20,78.59472,1.0,True,20,0,0,560.1746587753296,853.7004928588867,8.642301845550538,560.1746587753296,completed
1722.461951,20,78.626115,1.0,True,20,0,0,679.0426225662231,858.4213695526123,8.271224212646484,679.0426225662231,completed
2089.619858,20,78.64763,1.0,True,20,0,0,542.1033489704132,757.956549167633,4.534148216247559,542.1033489704132,completed
1429.522925,20,78.673917,1.0,True,20,0,0,778.2570288181305,862.0711884498596,12.131113767623901,778.2570288181305,completed
1311.048522,20,78.69549,1.0,True,20,0,0,654.5747604370117,898.5563716888428,14.694865322113037,654.5747604370117,completed
736.823551,20,78.715674,1.0,True,20,0,0,778.1078634262085,1106.6466674804688,22.10000991821289,778.1078634262085,completed
527.354757,20,78.738651,1.0,True,20,0,0,772.3255043029785,1220.704776763916,23.661867141723633,772.3255043029785,completed
1250.657705,20,78.758531,1.0,True,20,0,0,676.0425782203674,981.4346914291382,16.103464698791505,676.0425782203674,completed
1442.32665,20,80.062882,1.0,True,20,0,0,646.9915204048157,1085.413025856018,8.888102722167968,646.9915204048157,completed
2160.457806,20,80.084429,1.0,True,20,0,0,497.88860034942627,633.3619594573975,6.852771949768067,497.88860034942627,completed
1608.276504,20,80.105786,1.0,True,20,0,0,624.2604532241821,863.5281553268433,12.432156324386597,624.2604532241821,completed
1398.808101,20,80.125464,1.0,True,20,0,0,714.3742433786392,1042.3027393817902,9.525858497619629,714.3742433786392,completed
2352.334059,20,80.145616,1.0,True,20,0,0,545.6037049293518,629.0088090896606,1.4598506927490233,545.6037049293518,completed
1857.032798,20,80.167357,1.0,True,20,0,0,575.4810094833374,765.1470813751221,8.40042016506195,575.4810094833374,completed
1481.38869,20,80.187842,1.0,True,20,0,0,675.9201197624207,874.5447463989258,10.776500415802001,675.9201197624207,completed
1682.054504,20,80.209446,1.0,True,20,0,0,686.6683628559113,954.593177318573,7.147299575805664,686.6683628559113,completed
465.835367,20,80.232814,1.0,True,20,0,0,872.1101236343384,1189.9172344207764,24.549740028381347,872.1101236343384,completed
1323.420212,20,80.253969,1.0,True,20,0,0,758.9643573760986,1081.985891342163,9.02541732788086,758.9643573760986,completed
1427.545119,20,80.274364,1.0,True,20,0,0,652.3214688301086,1048.7970552444458,9.559630966186523,652.3214688301086,completed
1619.618392,20,80.295502,1.0,True,20,0,0,644.457483291626,857.8670597076416,11.376333808898925,644.457483291626,completed
1825.744183,20,80.317406,1.0,True,20,0,0,638.5230106115341,851.368599653244,7.115913772583008,638.5230106115341,completed
1454.940129,20,80.340091,1.0,True,20,0,0,632.2033681869507,886.8037929534912,13.631341934204102,632.2033681869507,completed
1249.003348,20,80.359264,1.0,True,20,0,0,635.8560981750488,939.4247875213623,16.652893161773683,635.8560981750488,completed
629.181384,20,80.379779,1.0,True,20,0,0,789.743323802948,1195.8635263442993,22.163068580627442,789.743323802948,completed
2050.508315,20,80.399879,1.0,True,20,0,0,606.3111801147461,741.6593322753906,4.996992778778076,606.3111801147461,completed
1766.608389,20,80.42106,1.0,True,20,0,0,681.9618434906006,985.4177618026733,4.256374168395996,681.9618434906006,completed
2386.749548,20,80.440717,1.0,True,20,0,0,478.2691764831543,540.498176574707,3.4185237884521484,478.2691764831543,completed
-196.375908,20,80.461129,1.0,True,20,0,0,906.0248911380768,1378.4474720954895,34.78671884536743,906.0248911380768,completed
1965.313553,20,80.483113,1.0,True,20,0,0,554.6064076423645,772.5016255378723,5.8042703628540036,554.6064076423645,completed
1742.743642,20,80.504018,1.0,True,20,0,0,669.8123025894165,927.1271476745605,6.638227844238282,669.8123025894165,completed
2282.887839,20,80.523482,1.0,True,20,0,0,559.6188156604767,637.7452549934387,3.3705272674560547,559.6188156604767,completed
1703.160982,20,80.544175,1.0,True,20,0,0,653.5694651603699,914.7733106613159,8.211167430877685,653.5694651603699,completed
2195.189021,20,80.565011,1.0,True,20,0,0,595.3474273681641,776.3849000930786,0.5894783020019532,595.3474273681641,completed
534.037153,20,80.584476,1.0,True,20,0,0,822.7394795417786,1218.9190664291382,24.0377046585083,822.7394795417786,completed
1206.888567,20,80.603548,1.0,True,20,0,0,789.1234812736511,1063.1650648117065,13.878894329071045,789.1234812736511,completed
1842.218083,20,80.624622,1.0,True,20,0,0,625.2607724666595,847.4217467308044,6.386538314819336,625.2607724666595,completed
1268.085069,20,80.647125,1.0,True,20,0,0,724.1527414321899,1144.6338357925415,9.83315167427063,724.1527414321899,completed
973.711075,20,80.66762,1.0,True,20,0,0,754.1547248363495,1049.5980257987976,19.355956554412842,754.1547248363495,completed
1765.796392,20,80.688532,1.0,True,20,0,0,710.597060918808,798.2939696311951,8.368050122261048,710.597060918808,completed
1409.208219,20,80.709407,1.0,True,20,0,0,755.3719401359558,1029.854193687439,9.61822509765625,755.3719401359558,completed
1496.702258,20,80.742216,1.0,True,20,0,0,622.2577075958252,940.3969383239746,11.262662124633788,622.2577075958252,completed
1327.955069,20,80.766658,1.0,True,20,0,0,768.4155149459839,997.651933670044,12.339462375640869,768.4155149459839,completed
1538.90433,20,80.788142,1.0,True,20,0,0,547.780276298523,806.8199214935303,14.998139762878418,547.780276298523,completed
1418.041975,20,80.808658,1.0,True,20,0,0,661.228467464447,870.6650133132935,15.187235736846924,661.228467464447,completed
1999.868182,20,80.829945,1.0,True,20,0,0,622.2891473770142,734.2605438232422,5.60179328918457,622.2891473770142,completed
1984.549521,20,80.851687,1.0,True,20,0,0,557.2983913421631,729.9225778579712,6.453915214538574,557.2983913421631,completed
1993.106709,20,80.876018,1.0,True,20,0,0,612.3717317581177,736.4557704925537,6.4842226028442385,612.3717317581177,completed
1498.417015,20,80.897573,1.0,True,20,0,0,620.5701904296875,827.0324420928955,15.612629604339599,620.5701904296875,completed
1370.767283,20,80.919178,1.0,True,20,0,0,705.2909948825836,996.9246044158936,11.611026382446289,705.2909948825836,completed
2124.383437,20,80.939515,1.0,True,20,0,0,542.2084612846375,648.2239370346069,6.681128883361817,542.2084612846375,completed
1867.10585,20,80.95939,1.0,True,20,0,0,592.1115021705627,739.741660118103,9.222785568237304,592.1115021705627,completed
1109.89114,20,80.981469,1.0,True,20,0,0,645.4936423301697,984.0513467788696,18.75890483856201,645.4936423301697,completed
1908.026412,20,81.003742,1.0,True,20,0,0,561.4466409683228,728.2156867980957,8.976708698272706,561.4466409683228,completed
2140.77273,20,81.024218,1.0,True,20,0,0,549.2223587036133,727.9560642242432,3.9735546112060547,549.2223587036133,completed
1688.126579,20,81.046812,1.0,True,20,0,0,683.7497525215149,760.9225225448608,9.240219879150391,683.7497525215149,completed
1628.540031,20,81.068432,1.0,True,20,0,0,563.6754159927368,859.0195369720459,11.708330726623535,563.6754159927368,completed
1514.349959,20,81.090216,1.0,True,20,0,0,650.131085395813,829.535475730896,13.452059173583985,650.131085395813,completed
1872.813494,20,81.110201,1.0,True,20,0,0,609.9848458766937,780.7334589958191,8.309719848632813,609.9848458766937,completed
1416.962135,20,81.129623,1.0,True,20,0,0,687.7198638916016,923.9109058380127,12.727598762512207,687.7198638916016,completed
1809.227888,20,81.165675,1.0,True,20,0,0,657.7685408592224,873.584174156189,6.004209899902344,657.7685408592224,completed
1766.775727,20,81.189569,1.0,True,20,0,0,654.502760887146,943.6773643493652,5.81193790435791,654.502760887146,completed
2022.341782,20,81.210441,1.0,True,20,0,0,566.2276201248169,762.9568033218384,5.091729068756104,566.2276201248169,completed
1432.431917,20,81.233147,1.0,True,20,0,0,633.2744417190552,893.1820831298828,14.627578163146973,633.2744417190552,completed
1969.063004,20,81.254921,1.0,True,20,0,0,604.2639236450195,803.0689468383789,5.375069999694825,604.2639236450195,completed
2357.288124,20,81.275529,1.0,True,20,0,0,541.252067565918,659.4075183868408,1.1903091430664063,541.252067565918,completed
1757.188185,20,81.296352,1.0,True,20,0,0,596.0724086761475,848.8316993713379,7.661337518692017,596.0724086761475,completed
1660.343629,20,81.317589,1.0,True,20,0,0,590.4690265655518,783.7537879943848,11.956144714355469,590.4690265655518,completed
2322.19926,20,81.338994,1.0,True,20,0,0,583.1606423854828,608.376946926117,2.2172428131103517,583.1606423854828,completed
2053.465221,20,81.359917,1.0,True,20,0,0,598.4329977035522,718.0713977813721,5.0649110794067385,598.4329977035522,completed
1557.625904,20,81.382276,1.0,True,20,0,0,683.1792588233948,809.4556283950806,12.426633739471436,683.1792588233948,completed
1534.728047,20,81.407254,1.0,True,20,0,0,597.1697864532471,897.0317974090576,11.880877590179443,597.1697864532471,completed
1564.010943,20,81.42766,1.0,True,20,0,0,584.9978895187378,806.2497100830078,14.452891063690185,584.9978895187378,completed
1110.245368,20,81.447734,1.0,True,20,0,0,673.2708646059036,971.119772195816,18.68900909423828,673.2708646059036,completed
1093.794893,20,81.469218,1.0,True,20,0,0,653.081235408783,986.1414303779602,19.61501979827881,653.081235408783,completed
1908.748682,20,81.492913,1.0,True,20,0,0,597.3598098754883,773.3673877716064,6.553282642364502,597.3598098754883,completed
1236.021336,20,81.512874,1.0,True,20,0,0,627.0038149356842,872.9153532981873,18.93923716545105,627.0038149356842,completed
1609.864902,20,81.533625,1.0,True,20,0,0,643.9502534866333,1020.9581689834595,7.76777400970459,643.9502534866333,completed
2208.383754,20,81.554925,1.0,True,20,0,0,505.5272297859192,635.7016859054565,5.475701332092285,505.5272297859192,completed
1549.061706,20,81.575884,1.0,True,20,0,0,562.0767116546631,898.9460601806641,11.371290016174317,562.0767116546631,completed
1476.07276,20,81.598057,1.0,True,20,0,0,634.4272890090942,856.6320629119873,13.274389934539794,634.4272890090942,completed
1222.654879,20,81.621618,1.0,True,20,0,0,666.4135699272156,839.756685256958,18.96911563873291,666.4135699272156,completed
2389.257687,20,81.641958,1.0,True,20,0,0,496.68707060813904,607.5816607475281,1.859756088256836,496.68707060813904,completed
1970.309674,20,81.663189,1.0,True,20,0,0,590.8274207115173,748.7023916244507,6.415531063079834,590.8274207115173,completed
2347.625289,20,81.683981,1.0,True,20,0,0,576.3938434123993,587.2732949256897,2.888444519042969,576.3938434123993,completed
1355.064276,20,81.704844,1.0,True,20,0,0,610.0281896591187,951.7250843048096,14.675530433654785,610.0281896591187,completed
924.759893,20,81.725912,1.0,True,20,0,0,692.3429026603699,1024.92422580719,21.56044292449951,692.3429026603699,completed
2046.856522,20,81.749849,1.0,True,20,0,0,570.4791259765625,698.3584108352661,6.191543769836426,570.4791259765625,completed
1975.182892,20,81.770762,1.0,True,20,0,0,624.439621925354,806.9263362884521,4.813359117507934,624.439621925354,completed
2026.227932,20,81.79171,1.0,True,20,0,0,507.21901273727417,724.4360818862915,6.939024257659912,507.21901273727417,completed
1227.765485,20,81.81181,1.0,True,20,0,0,721.8703756332397,959.2246494293213,15.349129390716552,721.8703756332397,completed
369.030251,20,81.832414,1.0,True,20,0,0,859.8072972297668,1163.1200075149536,27.891334056854248,859.8072972297668,completed
1275.758201,20,81.854275,1.0,True,20,0,0,787.6492924690247,1112.1334161758423,10.832636642456055,787.6492924690247,completed
1062.563507,20,81.878014,1.0,True,20,0,0,685.4911594390869,945.9448184967041,21.015062427520753,685.4911594390869,completed
2069.352219,20,82.120743,1.0,True,20,0,0,568.2219085693359,682.1104068756104,4.859829711914062,568.2219085693359,completed
717.392488,20,82.14139,1.0,True,20,0,0,790.8452243804932,1051.4362449645996,24.5380126953125,790.8452243804932,completed
2256.488387,20,82.161692,1.0,True,20,0,0,519.5519123077393,609.482250213623,4.783749771118164,519.5519123077393,completed
1286.762791,20,82.182424,1.0,True,20,0,0,771.2185971736908,992.0307650566101,13.481805229187012,771.2185971736908,completed
1594.413565,20,82.202552,1.0,True,20,0,0,662.6444044113159,858.3614959716797,9.845053672790527,662.6444044113159,completed
1369.279614,20,82.226913,1.0,True,20,0,0,803.6216249465942,1234.7423915863037,4.883269500732422,803.6216249465942,completed
2219.596172,20,82.254164,1.0,True,20,0,0,597.1595010757446,728.6054744720459,1.8910526275634765,597.1595010757446,completed
1391.965316,20,82.274575,1.0,True,20,0,0,615.2285170555115,832.5417380332947,16.952541542053222,615.2285170555115,completed
1067.796303,20,82.295502,1.0,True,20,0,0,721.1309099197388,1004.4055805206299,17.4919753074646,721.1309099197388,completed
849.646024,20,82.317524,1.0,True,20,0,0,758.4567527770996,1141.3207473754883,18.62067756652832,758.4567527770996,completed
2236.75176,20,82.337473,1.0,True,20,0,0,517.9521131515503,663.8053703308105,3.8072766304016112,517.9521131515503,completed
1852.561203,20,82.358943,1.0,True,20,0,0,618.7433295249939,1028.9166440963745,2.4846122741699217,618.7433295249939,completed
1730.384133,20,82.379024,1.0,True,20,0,0,596.1357507705688,741.3666486740112,11.285777568817139,596.1357507705688,completed
1641.737934,20,82.399726,1.0,True,20,0,0,637.0236263275146,848.9041213989258,10.556333923339844,637.0236263275146,completed
1028.987507,20,82.420576,1.0,True,20,0,0,683.2485709190369,956.349720954895,20.351966428756715,683.2485709190369,completed
1964.64321,20,82.442252,1.0,True,20,0,0,548.2225096225739,704.7771229743958,7.779211235046387,548.2225096225739,completed
885.472714,20,82.464451,1.0,True,20,0,0,778.0877375602722,1163.8098554611206,17.437095069885252,778.0877375602722,completed
2202.056182,20,84.00689,1.0,True,20,0,0,492.0189003944397,607.4594278335571,5.988177680969239,492.0189003944397,completed
856.399723,20,84.030652,1.0,True,20,0,0,714.5662670135498,1096.8451251983643,20.333271980285645,714.5662670135498,completed
1962.705081,20,84.051745,1.0,True,20,0,0,593.7463746070862,803.3604860305786,5.0587639808654785,593.7463746070862,completed
1657.214282,20,84.079353,1.0,True,20,0,0,626.1608028411865,916.2083568572998,7.85650110244751,626.1608028411865,completed
987.403509,20,84.10551,1.0,True,20,0,0,687.9654026031494,997.890115737915,20.803453063964845,687.9654026031494,completed
1573.807804,20,84.13049,1.0,True,20,0,0,633.1144542694092,914.1345205307007,9.894388771057129,633.1144542694092,completed
2205.022497,20,84.155061,1.0,True,20,0,0,502.09866189956665,604.2206592559814,5.851889514923096,502.09866189956665,completed
1445.914313,20,84.17784,1.0,True,20,0,0,612.3730611801147,882.6661682128906,14.268226623535156,612.3730611801147,completed
2067.548876,20,84.198355,1.0,True,20,0,0,519.4100470542908,656.8882579803467,6.955700302124024,519.4100470542908,completed
1035.264009,20,84.218776,1.0,True,20,0,0,680.2009181976318,972.3246765136719,21.676457405090332,680.2009181976318,completed
1635.73935,20,84.245592,1.0,True,20,0,0,689.936939239502,895.0390434265137,9.268888473510742,689.936939239502,completed
930.933065,20,84.274487,1.0,True,20,0,0,725.0237979888916,1042.9388580322266,19.170497798919676,725.0237979888916,completed
670.091603,20,84.297969,1.0,True,20,0,0,749.7691669464111,1067.0376472473145,24.657637119293213,749.7691669464111,completed
2003.968654,20,84.317781,1.0,True,20,0,0,586.4513082504272,754.9228391647339,6.093635940551758,586.4513082504272,completed
1191.840793,20,84.338491,1.0,True,20,0,0,715.3662525117397,996.2056686282158,15.952830505371093,715.3662525117397,completed
720.957273,20,84.360891,1.0,True,20,0,0,748.6071186065674,1213.3505592346191,20.629821014404296,748.6071186065674,completed
84.12564,20,84.384271,1.0,True,20,0,0,919.79234790802,1361.829782485962,29.27465476989746,919.79234790802,completed
1826.27989,20,84.406272,1.0,True,20,0,0,640.4695720672607,754.60094165802,9.734433269500732,640.4695720672607,completed
2236.082077,20,84.431593,1.0,True,20,0,0,583.8516488075256,698.6289281845093,1.8778778076171876,583.8516488075256,completed
1104.652322,20,84.456061,1.0,True,20,0,0,717.206759929657,996.8437051773071,18.087388658523558,717.206759929657,completed
2155.717935,20,84.476749,1.0,True,20,0,0,521.5556788444519,691.0942234992981,5.6536252975463865,521.5556788444519,completed
1955.541478,20,84.506573,1.0,True,20,0,0,507.20602464675903,674.2573518753052,10.08629550933838,507.20602464675903,completed
1548.926899,20,84.530809,1.0,True,20,0,0,713.824239730835,920.9392204284668,9.743635368347167,713.824239730835,completed
2100.111878,20,84.554888,1.0,True,20,0,0,540.1182479858398,753.9089832305908,3.787932300567627,540.1182479858398,completed
815.644448,20,84.577442,1.0,True,20,0,0,764.3512115478516,1062.8146305084229,21.541218280792236,764.3512115478516,completed
2129.702146,20,84.597603,1.0,True,20,0,0,571.1369218826294,736.2125339508057,3.0695478439331056,571.1369218826294,completed
1817.350368,20,84.620871,1.0,True,20,0,0,579.2396388053894,714.2896738052368,10.73468017578125,579.2396388053894,completed
745.08745,20,84.642374,1.0,True,20,0,0,738.0279359817505,1174.1822633743286,21.887382459640502,738.0279359817505,completed
1685.262465,20,84.664318,1.0,True,20,0,0,598.0147333145142,858.612823009491,9.78636474609375,598.0147333145142,completed
1646.990885,20,84.686093,1.0,True,20,0,0,559.4256010055542,803.4908313751221,10.962845993041991,559.4256010055542,completed
1997.301501,20,84.707108,1.0,True,20,0,0,588.9971537590027,686.526930809021,6.85301456451416,588.9971537590027,completed
1342.758916,20,84.730955,1.0,True,20,0,0,670.8081035614014,1034.680269241333,12.415198135375977,670.8081035614014,completed
1679.466643,20,84.757484,1.0,True,20,0,0,760.0931367874146,961.6963233947754,5.915287971496582,760.0931367874146,completed
1826.332147,20,84.780937,1.0,True,20,0,0,681.4568085670471,780.403697013855,7.158742523193359,681.4568085670471,completed
2181.760146,20,84.803689,1.0,True,20,0,0,594.8645029067993,712.4445381164551,2.6908040046691895,594.8645029067993,completed
2130.747514,20,84.827395,1.0,True,20,0,0,552.85076379776,675.8376498222351,5.603015327453614,552.85076379776,completed
1683.208076,20,84.855233,1.0,True,20,0,0,619.5872411727905,784.5961809158325,10.924594497680664,619.5872411727905,completed
1928.573596,20,84.879107,1.0,True,20,0,0,574.6884676218033,734.1507828235626,7.4761865615844725,574.6884676218033,completed
1610.533564,20,84.904659,1.0,True,20,0,0,688.5045433044434,1020.1079158782959,7.106125068664551,688.5045433044434,completed
1912.343874,20,84.930266,1.0,True,20,0,0,575.8892641067505,763.1573085784912,5.816238212585449,575.8892641067505,completed
1586.829823,20,84.95135,1.0,True,20,0,0,638.0028867721558,781.2608327865601,13.149538230895995,638.0028867721558,completed
1307.058175,20,84.973057,1.0,True,20,0,0,791.611575126648,1332.2005424499512,4.563857078552246,791.611575126648,completed
1590.708459,20,85.000588,1.0,True,20,0,0,629.533200263977,879.7557582855225,10.471007156372071,629.533200263977,completed
1260.039991,20,85.022335,1.0,True,20,0,0,715.5097336769104,1191.3094830513,10.130343437194824,715.5097336769104,completed
2293.920065,20,85.042626,1.0,True,20,0,0,544.49915766716,634.6768889427185,2.7808965682983398,544.49915766716,completed
1943.572266,20,85.066301,1.0,True,20,0,0,689.6143951416016,991.3515586853027,0.17930955886840821,689.6143951416016,completed
1620.955794,20,85.086877,1.0,True,20,0,0,700.6207594871521,958.8909521102905,6.472292566299439,700.6207594871521,completed
2199.810847,20,85.108778,1.0,True,20,0,0,472.62859439849854,714.8206233978271,4.007732772827149,472.62859439849854,completed
1296.457827,20,85.129602,1.0,True,20,0,0,636.658275604248,944.5682983398438,16.563051986694337,636.658275604248,completed
1596.766675,20,85.151949,1.0,True,20,0,0,616.8144555091858,824.2686100006104,12.036229515075684,616.8144555091858,completed
1942.002865,20,85.174177,1.0,True,20,0,0,645.0783152580261,791.9144649505615,4.4961058616638185,645.0783152580261,completed
1381.336961,20,85.198402,1.0,True,20,0,0,722.1857786178589,870.7899007797241,13.312067031860352,722.1857786178589,completed
2099.567002,20,85.221058,1.0,True,20,0,0,567.7793383598328,721.2703351974487,4.909200668334961,567.7793383598328,completed
1378.088272,20,85.243638,1.0,True,20,0,0,717.9894819259644,946.0417976379395,13.261801528930665,717.9894819259644,completed
2024.771799,20,85.270185,1.0,True,20,0,0,484.27153301239014,647.6181049346924,9.43213415145874,484.27153301239014,completed
1797.94195,20,85.292434,1.0,True,20,0,0,632.2455387115479,836.9123935699463,8.927677345275878,632.2455387115479,completed
1662.201089,20,85.314032,1.0,True,20,0,0,597.6082630157471,818.5021362304688,10.84704008102417,597.6082630157471,completed
2141.653223,20,85.336295,1.0,True,20,0,0,601.0364453792572,776.6264128684998,1.8358963966369628,601.0364453792572,completed
2141.467561,20,85.357262,1.0,True,20,0,0,572.193212389946,675.0904366970062,4.440425777435303,572.193212389946,completed
2472.790912,20,85.379334,1.0,True,20,0,0,510.57155561447144,602.717556476593,0.32192106246948243,510.57155561447144,completed
1133.357725,20,85.400241,1.0,True,20,0,0,747.8431167602539,994.378963470459,15.727988624572754,747.8431167602539,completed
2538.750858,20,85.426379,1.0,True,20,0,0,512.2808108329773,576.2551412582397,0.0,512.2808108329773,completed
2299.380448,20,85.449652,1.0,True,20,0,0,536.1794743537903,644.8060936927795,2.4906291007995605,536.1794743537903,completed
1863.614741,20,85.472526,1.0,True,20,0,0,650.9814209938049,766.5764660835266,6.439057350158691,650.9814209938049,completed
1365.663118,20,85.496237,1.0,True,20,0,0,612.6877193450928,795.9925212860107,18.028311920166015,612.6877193450928,completed
1922.180658,20,85.519751,1.0,True,20,0,0,632.5341339111328,859.6093673706055,5.193213939666748,632.5341339111328,completed
1556.611968,20,85.55143,1.0,True,20,0,0,703.2840061187744,856.7532339096069,10.22472677230835,703.2840061187744,completed
1533.079671,20,85.571078,1.0,True,20,0,0,634.5435438156128,807.1023979187012,13.834539127349853,634.5435438156128,completed
627.235177,20,85.592819,1.0,True,20,0,0,753.4516248703003,1127.592607498169,24.63354949951172,753.4516248703003,completed
1465.752342,20,85.614122,1.0,True,20,0,0,636.8901299238205,860.3789393901825,14.017418670654298,636.8901299238205,completed
1314.559185,20,85.634573,1.0,True,20,0,0,710.2459058761597,1116.820164680481,10.269777250289916,710.2459058761597,completed
831.891029,20,85.65687,1.0,True,20,0,0,741.1843738555908,1131.8014945983887,20.210417556762696,741.1843738555908,completed
2293.0441,20,85.676962,1.0,True,20,0,0,493.3781533241272,607.1799807548523,3.700775718688965,493.3781533241272,completed
1855.920832,20,85.703202,1.0,True,20,0,0,632.4194526672363,773.83571434021,7.3352052688598635,632.4194526672363,completed
314.074565,20,85.726182,1.0,True,20,0,0,851.5363855361938,1375.5535564422607,22.922367286682128,851.5363855361938,completed
1734.404238,20,85.757751,1.0,True,20,0,0,596.3983659744263,795.0495719909668,8.455055332183838,596.3983659744263,completed
1973.326367,20,85.782559,1.0,True,20,0,0,523.6762714385986,664.8500108718872,9.028321456909179,523.6762714385986,completed
2178.075004,20,85.802716,1.0,True,20,0,0,600.6904382705688,735.6673488616943,2.0569162368774414,600.6904382705688,completed
1371.770945,20,85.823615,1.0,True,20,0,0,663.9964843392372,877.4293299913406,14.866472530364991,663.9964843392372,completed
1248.998615,20,85.844383,1.0,True,20,0,0,683.7580413818359,969.2013835906982,16.365625953674318,683.7580413818359,completed
2210.563558,20,85.866347,1.0,True,20,0,0,543.9904499053955,643.4995555877686,5.25481653213501,543.9904499053955,completed
2249.777722,20,85.888453,1.0,True,20,0,0,472.4142875671387,623.5872135162354,4.645694255828857,472.4142875671387,completed
2470.35234,20,85.912933,1.0,True,20,0,0,445.41264629364014,508.8156385421753,2.69257173538208,445.41264629364014,completed
1864.772546,20,85.935751,1.0,True,20,0,0,599.8381085395813,867.750244140625,6.269983005523682,599.8381085395813,completed
1171.617598,20,85.957302,1.0,True,20,0,0,777.9520220756531,1114.1335763931274,11.651606369018555,777.9520220756531,completed
1325.275805,20,85.97871,1.0,True,20,0,0,682.7677049636841,890.0848178863525,14.774256801605224,682.7677049636841,completed
1950.568414,20,86.006768,1.0,True,20,0,0,633.7356224060059,833.3892307281494,4.561551475524903,633.7356224060059,completed
1555.513769,20,86.029586,1.0,True,20,0,0,580.6298818588257,760.9160566329956,16.602515983581544,580.6298818588257,completed
1913.45206,20,86.052187,1.0,True,20,0,0,504.6695828437805,719.3372220993042,9.311881160736084,504.6695828437805,completed
1421.774177,20,86.074047,1.0,True,20,0,0,677.5336737632751,899.8855924606323,13.420786666870118,677.5336737632751,completed
1730.113984,20,86.09458,1.0,True,20,0,0,579.4117393493652,789.3250398635864,10.849535703659058,579.4117393493652,completed
1662.880282,20,86.116212,1.0,True,20,0,0,638.5234880447388,793.3962059020996,10.906744956970215,638.5234880447388,completed
2009.005983,20,86.137217,1.0,True,20,0,0,559.7839350700378,674.0505933761597,7.341700077056885,559.7839350700378,completed
1083.018277,20,86.159935,1.0,True,20,0,0,724.0596556663513,985.9701266288757,16.949469757080077,724.0596556663513,completed
1992.92755,20,86.182806,1.0,True,20,0,0,572.4327220916748,721.7688274383545,6.86667766571045,572.4327220916748,completed
1724.908437,20,86.205002,1.0,True,20,0,0,614.856125831604,921.8441152572632,8.053734016418456,614.856125831604,completed
722.905618,20,86.22918,1.0,True,20,0,0,653.93594789505,1014.1863789558411,27.478194904327392,653.93594789505,completed
1712.671126,20,86.253924,1.0,True,20,0,0,624.8310489654541,800.5713310241699,10.29504451751709,624.8310489654541,completed
1495.376952,20,86.276039,1.0,True,20,0,0,597.3498084545135,864.8109831809998,13.748027038574218,597.3498084545135,completed
2217.468171,20,86.299506,1.0,True,20,0,0,519.7001466751099,640.1051111221313,4.914902973175049,519.7001466751099,completed
1647.024986,20,86.320821,1.0,True,20,0,0,592.7283644676208,820.4813470840454,11.870212841033936,592.7283644676208,completed
2084.46235,20,86.34736,1.0,True,20,0,0,568.5865392684937,668.2693824768066,5.482235145568848,568.5865392684937,completed
2223.531631,20,86.368251,1.0,True,20,0,0,581.638053894043,683.1744337081909,3.2748414993286135,581.638053894043,completed
1531.229522,20,87.984047,1.0,True,20,0,0,578.3202686309814,871.2972297668457,12.333784103393555,578.3202686309814,completed
2035.00514,20,88.004563,1.0,True,20,0,0,616.5678625106812,739.8870334625244,4.654460144042969,616.5678625106812,completed
2263.685271,20,88.031403,1.0,True,20,0,0,575.6548118591309,637.4581470489502,2.367947006225586,575.6548118591309,completed
498.803827,20,88.052709,1.0,True,20,0,0,753.4833297729492,1155.565113067627,27.074613761901855,753.4833297729492,completed
1369.975495,20,88.075613,1.0,True,20,0,0,656.7782802581787,958.667368888855,12.78558578491211,656.7782802581787,completed
2434.7057,20,88.098849,1.0,True,20,0,0,450.77235746383667,541.2337694168091,3.861843490600586,450.77235746383667,completed
767.755072,20,88.121194,1.0,True,20,0,0,695.8160972595215,1052.7901058197021,24.04215383529663,695.8160972595215,completed
2007.194433,20,88.144514,1.0,True,20,0,0,577.3839755058289,732.0131149291992,5.529018878936768,577.3839755058289,completed
958.19368,20,88.167319,1.0,True,20,0,0,687.533166885376,1023.0642776489258,20.847892856597902,687.533166885376,completed
1751.60572,20,88.189059,1.0,True,20,0,0,570.660088300705,772.6809840202332,10.901228618621825,570.660088300705,completed
2216.655858,20,88.211409,1.0,True,20,0,0,454.63731241226196,601.9805688858032,7.584578227996826,454.63731241226196,completed
1760.153926,20,88.233097,1.0,True,20,0,0,607.5753993988037,735.3379955291748,11.160725975036621,607.5753993988037,completed
1546.813537,20,88.255037,1.0,True,20,0,0,739.3904428482056,857.0070514678955,9.921111011505127,739.3904428482056,completed
2035.877393,20,88.282518,1.0,True,20,0,0,585.3246240615845,673.9972848892212,6.913270473480225,585.3246240615845,completed
1215.584769,20,88.304316,1.0,True,20,0,0,650.1529817581177,927.5874547958374,17.599431037902832,650.1529817581177,completed
1590.589426,20,88.326736,1.0,True,20,0,0,588.0268577933311,830.8163517713547,13.692411804199219,588.0268577933311,completed
1346.56726,20,88.347858,1.0,True,20,0,0,673.6174764633179,963.3965244293213,13.613151931762696,673.6174764633179,completed
2281.731863,20,88.370226,1.0,True,20,0,0,550.3949546813965,652.4834289550781,3.1324848175048827,550.3949546813965,completed
613.44703,20,88.391508,1.0,True,20,0,0,746.7216668128967,1088.8739256858826,25.518966293334962,746.7216668128967,completed
1660.214942,20,88.414542,1.0,True,20,0,0,642.9613962173462,861.7346706390381,9.652502059936523,642.9613962173462,completed
1711.277102,20,88.439761,1.0,True,20,0,0,561.8226008415222,735.3262853622437,13.069260597229004,561.8226008415222,completed
1657.513061,20,88.466664,1.0,True,20,0,0,609.661093711853,854.2017726898193,10.426708316802978,609.661093711853,completed
2312.165259,20,88.493045,1.0,True,20,0,0,575.7924163341522,665.4019513130188,1.6354286193847656,575.7924163341522,completed
2233.052685,20,88.521167,1.0,True,20,0,0,550.5757207870483,687.4732341766357,3.3845331192016603,550.5757207870483,completed
1480.845735,20,88.543429,1.0,True,20,0,0,626.5611190795898,860.3177118301392,15.671702766418457,626.5611190795898,completed
1037.128133,20,88.567752,1.0,True,20,0,0,645.0047740936279,1004.6662406921387,19.393403434753417,645.0047740936279,completed
-215.983993,20,88.59469,1.0,True,20,0,0,867.0150365829468,1409.0337162017822,34.39594707489014,867.0150365829468,completed
1288.556608,20,88.618157,1.0,True,20,0,0,661.645751953125,893.9225215911865,16.528529167175293,661.645751953125,completed
1450.603995,20,88.637865,1.0,True,20,0,0,719.3507618904114,1011.0486764907837,10.265800094604492,719.3507618904114,completed
2361.332313,20,88.659383,1.0,True,20,0,0,399.72344398498535,542.2875480651855,4.557932949066162,399.72344398498535,completed
1460.77931,20,88.680637,1.0,True,20,0,0,652.7766199111938,862.899377822876,13.834135055541992,652.7766199111938,completed
1669.210361,20,88.701099,1.0,True,20,0,0,600.9777297973633,831.8459300994873,9.6293119430542,600.9777297973633,completed
2333.111436,20,88.7219,1.0,True,20,0,0,575.5982398986816,645.1694164276123,1.67108154296875,575.5982398986816,completed
1204.063342,20,88.742557,1.0,True,20,0,0,748.7549386024475,1017.431492805481,15.187726306915284,748.7549386024475,completed
1561.755897,20,88.773045,1.0,True,20,0,0,645.881893157959,851.2813510894775,11.732637023925781,645.881893157959,completed
1069.790357,20,88.796995,1.0,True,20,0,0,742.1304194927216,975.4906897544861,19.79729082584381,742.1304194927216,completed
1577.863379,20,88.818171,1.0,True,20,0,0,705.5931363105774,920.6693067550659,9.77611255645752,705.5931363105774,completed
1484.680311,20,88.841241,1.0,True,20,0,0,672.6754579544067,932.7280616760254,12.267838668823241,672.6754579544067,completed
2078.209312,20,88.863482,1.0,True,20,0,0,572.4932322502136,750.4259996414185,3.94565372467041,572.4932322502136,completed
1784.518746,20,88.884972,1.0,True,20,0,0,628.0151948928833,888.2687683105469,6.039412307739258,628.0151948928833,completed
1537.974146,20,88.907915,1.0,True,20,0,0,603.3493156433105,864.8601169586182,11.966753387451172,603.3493156433105,completed
1390.440553,20,88.929113,1.0,True,20,0,0,657.773229598999,897.5666818618774,13.939303970336914,657.773229598999,completed
1894.739139,20,88.950999,1.0,True,20,0,0,529.0779895782471,737.2310180664062,8.921498680114746,529.0779895782471,completed
2359.491489,20,88.976312,1.0,True,20,0,0,509.28437519073486,581.4270820617676,3.1342023849487304,509.28437519073486,completed
1624.631361,20,88.999456,1.0,True,20,0,0,554.54762840271,789.0742163658142,13.866460609436036,554.54762840271,completed
1055.461482,20,89.027583,1.0,True,20,0,0,792.2304153442383,1172.346242904663,12.740485048294067,792.2304153442383,completed
1799.083935,20,89.050042,1.0,True,20,0,0,560.130425453186,720.4196577072144,10.684404659271241,560.130425453186,completed
1840.562991,20,89.072665,1.0,True,20,0,0,634.4650802612305,879.5782089233398,5.4055482864379885,634.4650802612305,completed
1782.681485,20,89.095668,1.0,True,20,0,0,567.3119077682495,697.5205793380737,12.241468334197998,567.3119077682495,completed
1191.547557,20,89.116556,1.0,True,20,0,0,738.3400783538818,1017.8449487686157,15.64547381401062,738.3400783538818,completed
809.014135,20,89.140128,1.0,True,20,0,0,702.6011056900024,1017.8911762237549,25.74362268447876,702.6011056900024,completed
1477.815918,20,89.162546,1.0,True,20,0,0,599.5577812194824,808.2452392578125,15.70949125289917,599.5577812194824,completed
2143.367541,20,89.182843,1.0,True,20,0,0,604.1980276107788,657.5119905471802,5.021261310577392,604.1980276107788,completed
-8.945529,20,89.2033,1.0,True,20,0,0,992.4282159805298,1557.142949104309,24.515783882141115,992.4282159805298,completed
1933.331901,20,89.226422,1.0,True,20,0,0,634.3885540962219,886.2346239089966,2.9044219970703127,634.3885540962219,completed
403.3668,20,89.248932,1.0,True,20,0,0,849.9999704360962,1264.4658527374268,24.393019485473634,849.9999704360962,completed
1752.590672,20,89.27754,1.0,True,20,0,0,574.4126014709473,776.0714569091797,9.477079105377197,574.4126014709473,completed
1970.510248,20,89.30164,1.0,True,20,0,0,583.6957210302353,789.1654098033905,6.029759216308594,583.6957210302353,completed
1532.787012,20,89.339941,1.0,True,20,0,0,775.8290271759033,904.0500431060791,9.681513118743897,775.8290271759033,completed
2070.324173,20,89.472678,1.0,True,20,0,0,543.2478251457214,729.6702585220337,4.527246189117432,543.2478251457214,completed
1731.903507,20,89.501391,1.0,True,20,0,0,586.8089461326599,762.5128011703491,10.806176090240479,586.8089461326599,completed
2073.916812,20,89.528392,1.0,True,20,0,0,616.780837059021,729.2562999725342,3.9708189010620116,616.780837059021,completed
1507.439271,20,89.549882,1.0,True,20,0,0,675.4779863357544,923.9585494995117,10.647988319396973,675.4779863357544,completed
2421.450864,20,89.571549,1.0,True,20,0,0,491.27777004241943,534.8140888214111,2.5121744155883787,491.27777004241943,completed
1937.698968,20,89.593542,1.0,True,20,0,0,616.3043887615204,759.9844222068787,7.163388347625732,616.3043887615204,completed
2397.740645,20,89.615514,1.0,True,20,0,0,507.6182918548584,663.8339738845825,0.5617752075195312,507.6182918548584,completed
1058.260233,20,89.636966,1.0,True,20,0,0,731.1190729141235,1043.4945974349976,17.130606651306152,731.1190729141235,completed
1525.382815,20,89.659844,1.0,True,20,0,0,607.2935543060303,873.6953296661377,13.229404735565186,607.2935543060303,completed
1175.212178,20,89.680796,1.0,True,20,0,0,626.9134635925293,924.1949253082275,18.42563314437866,626.9134635925293,completed
2166.298349,20,89.702683,1.0,True,20,0,0,472.1190662384033,601.244649887085,6.726527404785156,472.1190662384033,completed
1721.488964,20,89.726152,1.0,True,20,0,0,625.2155704498291,884.9208717346191,7.749218368530274,625.2155704498291,completed
1787.579621,20,89.749951,1.0,True,20,0,0,646.280843257904,856.0539474487305,7.199813270568848,646.280843257904,completed
1461.146271,20,89.780839,1.0,True,20,0,0,638.0011129379272,948.5534725189209,11.066106033325195,638.0011129379272,completed
1628.983931,20,89.802719,1.0,True,20,0,0,674.7177650928497,956.14786028862,7.985569095611572,674.7177650928497,completed
2060.417931,20,89.823909,1.0,True,20,0,0,614.5905842781067,789.4265241622925,2.68646354675293,614.5905842781067,completed
1432.956056,20,89.846341,1.0,True,20,0,0,658.9382448196411,1012.5068798065186,10.323085737228393,658.9382448196411,completed
1548.314928,20,89.870525,1.0,True,20,0,0,643.3148174285889,802.3044843673706,12.204031229019165,643.3148174285889,completed
2101.343496,20,89.892469,1.0,True,20,0,0,565.3632253408432,755.8087232112885,3.3262243270874023,565.3632253408432,completed
1417.400617,20,89.914576,1.0,True,20,0,0,693.6977276802063,923.1267042160034,13.273534297943115,693.6977276802063,completed
1835.723408,20,89.938934,1.0,True,20,0,0,534.173746585846,728.192795753479,10.569006729125977,534.173746585846,completed
1765.823284,20,89.962631,1.0,True,20,0,0,644.4879746437073,856.5470247268677,7.75705509185791,644.4879746437073,completed
1891.725017,20,89.984058,1.0,True,20,0,0,552.2429622411728,756.9848897457123,8.731145668029786,552.2429622411728,completed
2179.2836,20,90.00722,1.0,True,20,0,0,540.912900686264,630.0875201225281,5.201809692382812,540.912900686264,completed
1471.608705,20,90.031714,1.0,True,20,0,0,656.1221257448196,913.3844702243805,12.124877548217773,656.1221257448196,completed
1113.772272,20,90.054009,1.0,True,20,0,0,618.4359660148621,951.5286245346069,19.962116527557374,618.4359660148621,completed
952.036646,20,90.075425,1.0,True,20,0,0,694.6482772827148,986.807430267334,20.642155361175536,694.6482772827148,completed
2240.684275,20,90.097824,1.0,True,20,0,0,508.2299327850342,635.7722473144531,4.625707340240479,508.2299327850342,completed
1821.185329,20,90.120709,1.0,True,20,0,0,534.7801113128662,683.3777360916138,11.53077735900879,534.7801113128662,completed
870.931011,20,90.144741,1.0,True,20,0,0,747.1300387382507,1100.6502981185913,21.25189094543457,747.1300387382507,completed
2215.375985,20,90.165937,1.0,True,20,0,0,640.508157491684,747.4863350391388,0.8271038055419921,640.508157491684,completed
2065.241707,20,90.186494,1.0,True,20,0,0,568.9194602966309,761.6671199798584,4.639319610595703,568.9194602966309,completed
1676.923502,20,90.209098,1.0,True,20,0,0,609.8525648117065,766.8415660858154,11.090980911254883,609.8525648117065,completed
1310.069269,20,90.229922,1.0,True,20,0,0,617.1603236198425,892.5901288986206,16.069634866714477,617.1603236198425,completed
1903.807688,20,90.253067,1.0,True,20,0,0,526.21399974823,717.0519733428955,9.292668533325195,526.21399974823,completed
1553.425513,20,90.277498,1.0,True,20,0,0,558.9463567733765,810.0245771408081,15.004490947723388,558.9463567733765,completed
1772.902279,20,90.297776,1.0,True,20,0,0,620.3053560256958,832.9632663726807,8.591372871398926,620.3053560256958,completed
1298.043261,20,90.320791,1.0,True,20,0,0,660.4929704666138,975.5483694076538,14.063943767547608,660.4929704666138,completed
2064.884228,20,90.341032,1.0,True,20,0,0,541.6866569519043,784.909008026123,3.79259672164917,541.6866569519043,completed
1887.391482,20,90.363993,1.0,True,20,0,0,559.655412197113,701.9180240631104,10.242636108398438,559.655412197113,completed
1018.26285,20,90.385808,1.0,True,20,0,0,682.5210647583008,975.7521915435791,20.72242751121521,682.5210647583008,completed
1626.80056,20,90.408111,1.0,True,20,0,0,653.515438079834,860.6931886672974,11.608191728591919,653.515438079834,completed
1376.974338,20,90.43116,1.0,True,20,0,0,728.3259468078613,1052.4882469177246,9.582325553894043,728.3259468078613,completed
958.292467,20,92.015423,1.0,True,20,0,0,764.8802623748779,1084.646900177002,19.24169464111328,764.8802623748779,completed
2363.401922,20,92.041598,1.0,True,20,0,0,487.3164710998535,602.534086227417,2.7855175018310545,487.3164710998535,completed
1247.733864,20,92.063477,1.0,True,20,0,0,640.8168845176697,923.7532329559326,17.041186237335204,640.8168845176697,completed
1829.325218,20,92.083378,1.0,True,20,0,0,612.8532304763794,804.5783920288086,7.448165321350098,612.8532304763794,completed
1658.16221,20,92.104789,1.0,True,20,0,0,622.7440495491028,812.6795816421509,11.356095504760741,622.7440495491028,completed
944.813566,20,92.125614,1.0,True,20,0,0,732.4287853240967,1118.4756183624268,18.510149574279787,732.4287853240967,completed
1022.930866,20,92.145717,1.0,True,20,0,0,749.0844359397888,981.1810541152954,19.45798282623291,749.0844359397888,completed
1964.239844,20,92.165565,1.0,True,20,0,0,684.8292722702026,815.3745946884155,3.3237634658813477,684.8292722702026,completed
2525.7278,20,92.187629,1.0,True,20,0,0,465.6419689655304,613.5336537361145,0.0,465.6419689655304,completed
1903.605278,20,92.20934,1.0,True,20,0,0,587.3586759567261,728.7025442123413,8.060167932510376,587.3586759567261,completed
1372.593962,20,92.232717,1.0,True,20,0,0,685.0805311203003,940.8974199295044,12.784263944625854,685.0805311203003,completed
2217.190279,20,92.254891,1.0,True,20,0,0,561.661726474762,728.5897569656372,1.8590988159179687,561.661726474762,completed
896.334208,20,92.282466,1.0,True,20,0,0,686.3746542930603,989.5349588394165,23.333813619613647,686.3746542930603,completed
2150.451524,20,92.304472,1.0,True,20,0,0,476.2288327217102,618.5652303695679,6.584735584259033,476.2288327217102,completed
1500.597528,20,92.326118,1.0,True,20,0,0,598.278342962265,825.1436057090759,14.694437503814697,598.278342962265,completed
1150.461089,20,92.347657,1.0,True,20,0,0,805.7845258712769,1077.1169662475586,12.155988311767578,805.7845258712769,completed
1684.31313,20,92.369967,1.0,True,20,0,0,600.8131446838379,828.6216049194336,10.5928804397583,600.8131446838379,completed
2563.364572,20,92.40104,1.0,True,20,0,0,416.8595848083496,494.4837894439697,1.189687728881836,416.8595848083496,completed
1876.046659,20,92.42613,1.0,True,20,0,0,529.5441122055054,672.7258253097534,11.780711650848389,529.5441122055054,completed
1366.59737,20,92.451048,1.0,True,20,0,0,695.627203464508,996.6939420700073,11.86657428741455,695.627203464508,completed
1216.380152,20,92.471865,1.0,True,20,0,0,646.5095863342285,983.7515678405762,16.089684295654298,646.5095863342285,completed
2009.533473,20,92.492238,1.0,True,20,0,0,522.3784513473511,656.4663047790527,8.998163032531739,522.3784513473511,completed
1636.234585,20,92.512337,1.0,True,20,0,0,724.5691003799438,971.066837310791,6.646260833740234,724.5691003799438,completed
1592.336178,20,92.536443,1.0,True,20,0,0,657.9818338155746,940.7628076076508,8.950890827178956,657.9818338155746,completed
1926.147405,20,92.556624,1.0,True,20,0,0,512.1461467146873,679.0549296140671,8.740112113952637,512.1461467146873,completed
1430.113917,20,92.576312,1.0,True,20,0,0,617.3454701900482,824.4375882148743,16.189936351776122,617.3454701900482,completed
2234.790824,20,92.596402,1.0,True,20,0,0,537.8596086502075,639.6128311157227,4.847982406616211,537.8596086502075,completed
1871.114162,20,92.615484,1.0,True,20,0,0,580.8203301429749,770.282548904419,8.452070903778075,580.8203301429749,completed
1421.108113,20,92.634395,1.0,True,20,0,0,656.2539110183716,898.0795278549194,13.181301498413086,656.2539110183716,completed
1721.555006,20,92.653835,1.0,True,20,0,0,539.4300184249878,847.0684671401978,9.450291728973388,539.4300184249878,completed
1020.611094,20,92.67238,1.0,True,20,0,0,752.723228931427,1268.173222541809,12.819110584259032,752.723228931427,completed
1578.979029,20,92.691877,1.0,True,20,0,0,616.8173332214355,844.9857215881348,12.536156940460206,616.8173332214355,completed
1795.742486,20,92.710891,1.0,True,20,0,0,567.5685648918152,764.1158132553101,10.079724502563476,567.5685648918152,completed
1710.749555,20,92.729904,1.0,True,20,0,0,658.753077507019,865.4497718811035,7.425096225738526,658.753077507019,completed
1383.05398,20,92.748841,1.0,True,20,0,0,601.7779241800308,872.7307827472687,16.271885108947753,601.7779241800308,completed
1663.014809,20,92.767716,1.0,True,20,0,0,669.7213077545166,854.5712957382202,10.003099536895752,669.7213077545166,completed
2156.249154,20,92.786761,1.0,True,20,0,0,597.6330006122589,801.9783313274384,1.4498720169067383,597.6330006122589,completed
2239.97752,20,92.805517,1.0,True,20,0,0,554.7685613632202,707.6278867721558,1.969266700744629,554.7685613632202,completed
1229.014742,20,92.824621,1.0,True,20,0,0,708.8764839172363,996.4201889038086,14.489929008483887,708.8764839172363,completed
1100.842748,20,92.843893,1.0,True,20,0,0,802.921895980835,1188.009651184082,10.389837455749511,802.921895980835,completed
480.944439,20,92.862874,1.0,True,20,0,0,768.7448482513428,1158.418264389038,26.588714027404784,768.7448482513428,completed
1238.219415,20,92.881614,1.0,True,20,0,0,681.4959392547607,922.8477821350098,17.318761539459228,681.4959392547607,completed
1884.572683,20,92.900293,1.0,True,20,0,0,601.4581651687622,805.0968084335327,8.09864821434021,601.4581651687622,completed
1425.072844,20,92.920726,1.0,True,20,0,0,760.9794087409973,1019.4720411300659,10.048006629943847,760.9794087409973,completed
2027.641486,20,92.939928,1.0,True,20,0,0,601.8690137863159,675.7433309555054,6.822986030578614,601.8690137863159,completed
1745.397406,20,92.958726,1.0,True,20,0,0,555.1833744049072,740.9191703796387,11.537037038803101,555.1833744049072,completed
2109.477265,20,92.978178,1.0,True,20,0,0,563.6914434432983,714.3453216552734,4.288200378417969,563.6914434432983,completed
1785.508594,20,92.997109,1.0,True,20,0,0,618.0782270431519,785.4998216629028,7.739866638183594,618.0782270431519,completed
63.27771,20,93.016097,1.0,True,20,0,0,744.1253204345703,1216.3845691680908,36.43060178756714,744.1253204345703,completed
1372.47691,20,93.04021,1.0,True,20,0,0,560.8344058990479,842.0963153839111,18.61791248321533,560.8344058990479,completed
1168.067871,20,93.063811,1.0,True,20,0,0,666.082414150238,956.4475355148315,17.754759788513184,666.082414150238,completed
1009.207083,20,93.08375,1.0,True,20,0,0,704.1685180664062,994.4565830230713,19.484739112854005,704.1685180664062,completed
1187.88339,20,93.103274,1.0,True,20,0,0,777.260890007019,1033.1923656463623,14.731211853027343,777.260890007019,completed
2577.642197,20,93.123307,1.0,True,20,0,0,473.1168794631958,513.1520538330078,0.7255104064941407,473.1168794631958,completed
2307.219532,20,93.142766,1.0,True,20,0,0,527.372576713562,655.0623407363892,2.144708681106567,527.372576713562,completed
1770.336847,20,93.161807,1.0,True,20,0,0,676.1044631004333,830.4350023269653,7.26304931640625,676.1044631004333,completed
1245.114988,20,93.181294,1.0,True,20,0,0,635.2129368782043,897.6721277236938,17.282947731018066,635.2129368782043,completed
2010.091786,20,93.199787,1.0,True,20,0,0,586.5802631378174,766.9306354522705,4.3584089279174805,586.5802631378174,completed
1408.366879,20,93.218797,1.0,True,20,0,0,653.6336698532104,902.3140697479248,14.047686052322387,653.6336698532104,completed
1738.024025,20,93.237484,1.0,True,20,0,0,622.5202140808105,803.0875205993652,10.251689338684082,622.5202140808105,completed
2108.295032,20,93.256503,1.0,True,20,0,0,570.2415761947632,650.3751182556152,5.978684806823731,570.2415761947632,completed
1944.92014,20,93.275497,1.0,True,20,0,0,524.5584354400635,689.8749847412109,9.037057876586914,524.5584354400635,completed
1862.452079,20,93.294766,1.0,True,20,0,0,563.1015815734863,745.8022499084473,8.357612419128419,563.1015815734863,completed
1029.411498,20,93.313563,1.0,True,20,0,0,735.1498823165894,1037.1114931106567,18.591898250579835,735.1498823165894,completed
1631.634954,20,93.332319,1.0,True,20,0,0,637.0377330780029,790.2996406555176,11.7953200340271,637.0377330780029,completed
1950.866778,20,93.351011,1.0,True,20,0,0,582.4853609800339,786.7446897029877,6.605571174621582,582.4853609800339,completed
2100.663563,20,93.370186,1.0,True,20,0,0,572.1483407020569,719.060492515564,4.8770222663879395,572.1483407020569,completed
1089.550158,20,93.389653,1.0,True,20,0,0,690.0399169921875,994.2628479003906,18.318418979644775,690.0399169921875,completed
1184.197862,20,93.408495,1.0,True,20,0,0,620.2544593811035,903.4675273895264,19.495879554748534,620.2544593811035,completed
1130.284316,20,93.427539,1.0,True,20,0,0,767.5921478271484,1090.070671081543,13.50206642150879,767.5921478271484,completed
2437.867415,20,93.446657,1.0,True,20,0,0,463.01659458875656,525.7531741857529,3.3998534202575685,463.01659458875656,completed
2075.66559,20,93.468701,1.0,True,20,0,0,615.8219327926636,783.5195388793945,3.074243927001953,615.8219327926636,completed
1520.635146,20,93.488436,1.0,True,20,0,0,612.499794960022,802.0174913406372,13.366143417358398,612.499794960022,completed
2613.652847,20,93.507481,1.0,True,20,0,0,482.050448179245,500.53264474868774,0.038274383544921874,482.050448179245,completed
1724.756231,20,93.526759,1.0,True,20,0,0,679.0310935974121,829.3439807891846,8.38866834640503,679.0310935974121,completed
1134.790823,20,93.554758,1.0,True,20,0,0,708.0375986099243,986.0354633331299,15.268690204620361,708.0375986099243,completed
2320.922671,20,93.57453,1.0,True,20,0,0,481.45535922050476,586.3323454856873,3.7559633255004883,481.45535922050476,completed
1431.363371,20,93.593794,1.0,True,20,0,0,644.8249654769897,915.3009481430054,13.872765159606933,644.8249654769897,completed
2098.779162,20,93.613205,1.0,True,20,0,0,548.4301681518555,722.4181594848633,5.187569046020508,548.4301681518555,completed
2284.779812,20,93.632283,1.0,True,20,0,0,567.1839990615845,715.4656133651733,1.0724403381347656,567.1839990615845,completed
2207.948423,20,93.653891,1.0,True,20,0,0,538.3501124382019,718.8196887969971,3.3334962844848635,538.3501124382019,completed
877.175596,20,93.676152,1.0,True,20,0,0,722.1260976791382,1062.2074689865112,20.028013229370117,722.1260976791382,completed
1094.445726,20,93.695383,1.0,True,20,0,0,746.8556261062622,1006.1301136016846,17.017444324493407,746.8556261062622,completed
1096.222214,20,93.715145,1.0,True,20,0,0,824.1184177398682,1315.4561576843262,7.932624053955078,824.1184177398682,completed
1751.01992,20,93.734731,1.0,True,20,0,0,513.3087120056152,713.6158084869385,11.52543659210205,513.3087120056152,completed
1628.934994,20,93.755261,1.0,True,20,0,0,659.4500675201416,858.1388187408447,10.911056613922119,659.4500675201416,completed
1525.053201,20,93.780388,1.0,True,20,0,0,600.4779253005981,812.2848873138428,15.028666687011718,600.4779253005981,completed
2038.285146,20,93.805641,1.0,True,20,0,0,559.5560153722763,683.3869292736053,6.356390571594238,559.5560153722763,completed
1512.282799,20,93.825748,1.0,True,20,0,0,714.0583539009094,897.1597604751587,10.685161304473876,714.0583539009094,completed
2003.259028,20,93.845001,1.0,True,20,0,0,564.234682559967,746.5375289916992,7.300222015380859,564.234682559967,completed
2713.459407,20,93.864436,1.0,True,20,0,0,423.839718580246,465.66978311538696,0.0,423.839718580246,completed
1510.637618,20,93.883224,1.0,True,20,0,0,676.3666617870331,874.0352146625519,11.302591228485108,676.3666617870331,completed
-5.358374,20,93.902323,1.0,True,20,0,0,931.6158828735352,1337.0938911437988,32.0146390914917,931.6158828735352,completed
1276.146742,20,93.920935,1.0,True,20,0,0,639.2567520141602,954.1095218658447,17.394468307495117,639.2567520141602,completed
1355.368954,20,93.9402,1.0,True,20,0,0,758.7164945602417,1089.4998683929443,9.273782348632812,758.7164945602417,completed
2601.314276,20,93.958719,1.0,True,20,0,0,445.8780872821808,524.254120349884,0.23698348999023439,445.8780872821808,completed
1102.683417,20,93.978291,1.0,True,20,0,0,660.6095685958862,972.5219659805298,19.02941699028015,660.6095685958862,completed
1791.717317,20,93.997043,1.0,True,20,0,0,609.9517374038696,749.6848011016846,9.941458988189698,609.9517374038696,completed
794.065873,20,94.016418,1.0,True,20,0,0,723.1175260543823,1037.719533920288,23.389303112030028,723.1175260543823,completed
1800.436973,20,94.035364,1.0,True,20,0,0,653.9215922355652,858.8882341384888,4.810825347900391,653.9215922355652,completed
2349.289411,20,94.054643,1.0,True,20,0,0,524.6255269050598,629.5166854858398,1.8366729736328125,524.6255269050598,completed
1927.747668,20,94.073361,1.0,True,20,0,0,555.6596851348877,725.2038288116455,8.028307723999024,555.6596851348877,completed
1611.715592,20,95.291824,1.0,True,20,0,0,598.8242812156677,790.076078414917,13.497653818130493,598.8242812156677,completed
2453.017778,20,95.312112,1.0,True,20,0,0,527.3777666091919,591.4658603668213,0.873577880859375,527.3777666091919,completed
2661.471508,20,95.331219,1.0,True,20,0,0,474.44770312309265,485.32715463638306,0.0,474.44770312309265,completed
1609.080383,20,95.350354,1.0,True,20,0,0,582.9578289985657,822.8493490219116,12.900265884399413,582.9578289985657,completed
1953.274989,20,95.369931,1.0,True,20,0,0,560.9559741020203,754.2543706893921,7.136790466308594,560.9559741020203,completed
836.167169,20,95.388468,1.0,True,20,0,0,686.4816060066223,1164.3931970596313,20.65278377532959,686.4816060066223,completed
1672.496202,20,95.407015,1.0,True,20,0,0,723.1473875045776,921.3362617492676,7.1286369323730465,723.1473875045776,completed
2502.642065,20,95.426184,1.0,True,20,0,0,509.00595712661743,552.2524452209473,0.9869167804718018,509.00595712661743,completed
787.449642,20,95.444945,1.0,True,20,0,0,741.5357055664062,1035.863004207611,22.704490756988527,741.5357055664062,completed
1449.75964,20,95.464499,1.0,True,20,0,0,736.0190734863281,1031.2229557037354,8.232091617584228,736.0190734863281,completed
1756.590545,20,95.483179,1.0,True,20,0,0,688.5102462768555,890.8376111984253,7.009548377990723,688.5102462768555,completed
825.815111,20,95.502285,1.0,True,20,0,0,692.8824253082275,990.9501934051514,23.710255527496336,692.8824253082275,completed
2163.169414,20,95.521623,1.0,True,20,0,0,509.03967690467834,673.613214969635,5.510806083679199,509.03967690467834,completed
2267.132716,20,95.540595,1.0,True,20,0,0,558.4347810745239,730.6082534790039,0.6034334182739258,558.4347810745239,completed
1151.373348,20,95.55992,1.0,True,20,0,0,628.7563710212708,1032.3560056686401,16.01953058242798,628.7563710212708,completed
2340.407551,20,95.579166,1.0,True,20,0,0,541.5193470716476,608.2598955631256,2.3898738861083983,541.5193470716476,completed
2518.893124,20,95.599215,1.0,True,20,0,0,482.99506664276123,531.7868309020996,0.9086080551147461,482.99506664276123,completed
1014.53943,20,95.617816,1.0,True,20,0,0,791.8738775253296,1136.5156841278076,14.75422477722168,791.8738775253296,completed
1883.380529,20,95.63661,1.0,True,20,0,0,551.1109404563904,734.6684846878052,8.320439338684082,551.1109404563904,completed
1819.97701,20,95.655188,1.0,True,20,0,0,627.1629858016968,770.0012502670288,10.293095588684082,627.1629858016968,completed
1241.383069,20,95.673953,1.0,True,20,0,0,664.2962741851807,990.8027830123901,15.628902626037597,664.2962741851807,completed
1645.096432,20,95.692789,1.0,True,20,0,0,595.2635979652405,822.8696184158325,12.439720726013183,595.2635979652405,completed
1663.089974,20,95.711339,1.0,True,20,0,0,620.7024192810059,775.1936302185059,12.294389533996583,620.7024192810059,completed
1496.57557,20,95.730103,1.0,True,20,0,0,667.5720491409302,960.4792623519897,11.283850288391113,667.5720491409302,completed
1019.518496,20,95.752116,1.0,True,20,0,0,796.9460020065308,1087.7498388290405,15.894726991653442,796.9460020065308,completed
2250.36704,20,95.772762,1.0,True,20,0,0,445.40252113342285,533.3402652740479,5.642928886413574,445.40252113342285,completed
1969.582997,20,95.792572,1.0,True,20,0,0,629.2222490310669,783.2341156005859,5.53315315246582,629.2222490310669,completed
870.755166,20,95.811567,1.0,True,20,0,0,814.6348762512207,1152.0464134216309,17.58032133579254,814.6348762512207,completed
1602.136277,20,95.830671,1.0,True,20,0,0,652.8632287979126,813.849328994751,11.022788095474244,652.8632287979126,completed
1726.868324,20,95.849504,1.0,True,20,0,0,615.1115827560425,924.8535556793213,6.668145370483399,615.1115827560425,completed
1519.234064,20,95.868157,1.0,True,20,0,0,660.7523317337036,930.9356060028076,11.007134246826173,660.7523317337036,completed
2029.752608,20,95.887306,1.0,True,20,0,0,553.5607664585114,647.4703123569489,8.272339725494385,553.5607664585114,completed
1952.484039,20,95.905957,1.0,True,20,0,0,539.0640325546265,706.0292091369629,8.811135292053223,539.0640325546265,completed
588.854861,20,95.924834,1.0,True,20,0,0,877.955249786377,1115.848627090454,24.04846248626709,877.955249786377,completed
1943.598343,20,95.944247,1.0,True,20,0,0,571.7713541984558,672.0896463394165,8.851005840301514,571.7713541984558,completed
1639.835086,20,95.962696,1.0,True,20,0,0,601.4667888879776,780.7591564655304,12.386244201660157,601.4667888879776,completed
1348.357575,20,95.981209,1.0,True,20,0,0,654.6389141082764,928.2578029632568,14.819387340545655,654.6389141082764,completed
1368.589538,20,96.000114,1.0,True,20,0,0,676.4905672073364,911.4130182266235,15.699045038223266,676.4905672073364,completed
1798.578977,20,96.018709,1.0,True,20,0,0,544.1484732627869,696.2949380874634,11.600187683105469,544.1484732627869,completed
1910.828707,20,96.037233,1.0,True,20,0,0,607.3907203674316,723.4906616210938,8.347428321838379,607.3907203674316,completed
2163.052387,20,96.056117,1.0,True,20,0,0,564.2552752494812,719.7219190597534,3.4175084114074705,564.2552752494812,completed
1624.953819,20,96.075147,1.0,True,20,0,0,707.0856418609619,1034.7429275512695,5.439439392089843,707.0856418609619,completed
564.348217,20,96.093634,1.0,True,20,0,0,723.4978556632996,1082.208776473999,27.903085374832152,723.4978556632996,completed
1121.57581,20,96.112246,1.0,True,20,0,0,748.2012395858765,987.8242435455322,16.822419452667237,748.2012395858765,completed
1837.010298,20,96.131443,1.0,True,20,0,0,606.6974077224731,744.0988273620605,9.011563682556153,606.6974077224731,completed
1764.294215,20,96.149883,1.0,True,20,0,0,611.9454708099365,895.6891689300537,7.207010412216187,611.9454708099365,completed
1670.296363,20,96.168667,1.0,True,20,0,0,654.0450887680054,937.5858545303345,7.773303604125976,654.0450887680054,completed
1940.825522,20,96.187195,1.0,True,20,0,0,595.5948777198792,715.2861585617065,7.375069427490234,595.5948777198792,completed
1901.301073,20,96.205974,1.0,True,20,0,0,480.07311820983887,664.3551044464111,10.246611022949219,480.07311820983887,completed
1623.78426,20,96.224338,1.0,True,20,0,0,592.0043063163757,774.8819952011108,14.34107403755188,592.0043063163757,completed
1838.521632,20,96.243417,1.0,True,20,0,0,534.8669934272766,730.4986066818237,11.050242614746093,534.8669934272766,completed
1587.764566,20,96.262172,1.0,True,20,0,0,662.3396615982056,878.3416357040405,11.341395950317382,662.3396615982056,completed
309.792408,20,96.280788,1.0,True,20,0,0,780.4929413795471,1264.1296768188477,28.40922956466675,780.4929413795471,completed
1074.547809,20,96.299215,1.0,True,20,0,0,656.485759139061,1022.5724666118622,16.543275547027587,656.485759139061,completed
1692.797139,20,96.318011,1.0,True,20,0,0,620.6866130828857,848.8539609909058,9.526288414001465,620.6866130828857,completed
1674.638686,20,96.336644,1.0,True,20,0,0,549.5526742935181,813.1460800170898,11.404225540161132,549.5526742935181,completed
2327.523506,20,96.355799,1.0,True,20,0,0,504.87308502197266,628.7261447906494,2.6988471031188963,504.87308502197266,completed
1489.652518,20,96.374972,1.0,True,20,0,0,604.0561609268188,900.2592067718506,11.565716457366943,604.0561609268188,completed
1516.382668,20,96.393951,1.0,True,20,0,0,675.231730222702,917.2751889228821,11.8618896484375,675.231730222702,completed
1203.399429,20,96.413481,1.0,True,20,0,0,636.8878984451294,868.1756744384766,19.11186475753784,636.8878984451294,completed
2015.286715,20,96.432734,1.0,True,20,0,0,571.7919564247131,710.5498542785645,6.62583179473877,571.7919564247131,completed
1861.899266,20,96.45124,1.0,True,20,0,0,651.4294104576111,907.8273077011108,4.465826225280762,651.4294104576111,completed
2077.038504,20,96.469952,1.0,True,20,0,0,564.9227571487427,684.6322622299194,5.272808837890625,564.9227571487427,completed
2465.66096,20,96.489738,1.0,True,20,0,0,539.0801019668579,590.1887712478638,0.4170832633972168,539.0801019668579,completed
986.598378,20,96.508395,1.0,True,20,0,0,588.5675926208496,945.3436155319214,22.509577226638793,588.5675926208496,completed
677.188166,20,96.527709,1.0,True,20,0,0,760.0000476837158,1234.6567878723145,20.34223346710205,760.0000476837158,completed
1321.103581,20,96.547183,1.0,True,20,0,0,684.6425838470459,955.1754741668701,14.310446166992188,684.6425838470459,completed
1576.254244,20,96.566213,1.0,True,20,0,0,659.117481470108,1002.1254162788391,7.648432731628418,659.117481470108,completed
1860.302782,20,96.58532,1.0,True,20,0,0,601.0862617492676,740.2530403137207,8.619177913665771,601.0862617492676,completed
1519.67832,20,96.603885,1.0,True,20,0,0,604.5180263519287,790.990348815918,15.063037014007568,604.5180263519287,completed
968.315104,20,96.62294,1.0,True,20,0,0,681.6148309707642,1040.9688301086426,18.941257095336915,681.6148309707642,completed
1161.846462,20,96.642258,1.0,True,20,0,0,716.2300815582275,1112.8891310691833,13.480936121940612,716.2300815582275,completed
1736.642763,20,96.66102,1.0,True,20,0,0,626.1910538673401,868.2498445510864,8.439194393157958,626.1910538673401,completed
922.25857,20,96.680161,1.0,True,20,0,0,733.308988571167,1107.428035736084,17.48962993621826,733.308988571167,completed
2516.841463,20,96.699105,1.0,True,20,0,0,509.7760934829712,566.369909286499,0.23214950561523437,509.7760934829712,completed
1679.147457,20,96.718116,1.0,True,20,0,0,671.0312571525574,906.3374128341675,8.781565856933593,671.0312571525574,completed
1367.499395,20,96.737025,1.0,True,20,0,0,712.7804255485535,962.3103332519531,13.15727458000183,712.7804255485535,completed
1634.621976,20,96.755784,1.0,True,20,0,0,654.2849941253662,813.342342376709,10.828261280059815,654.2849941253662,completed
1947.962549,20,96.774649,1.0,True,20,0,0,568.7212738990784,761.7252550125122,6.947672653198242,568.7212738990784,completed
1415.983998,20,96.793914,1.0,True,20,0,0,707.4815874099731,846.740816116333,14.577803802490234,707.4815874099731,completed
2172.065567,20,96.812894,1.0,True,20,0,0,507.2195415496826,633.75146484375,6.41190242767334,507.2195415496826,completed
1715.070855,20,96.831331,1.0,True,20,0,0,578.5429744720459,784.3674402236938,11.374979400634766,578.5429744720459,completed
1405.97967,20,96.850005,1.0,True,20,0,0,737.8847889900208,1034.452380180359,10.459795951843262,737.8847889900208,completed
916.651169,20,96.86901,1.0,True,20,0,0,679.82017993927,985.8678131103516,21.150053215026855,679.82017993927,completed
1252.50461,20,96.887678,1.0,True,20,0,0,684.7033653259277,955.096776008606,16.02667293548584,684.7033653259277,completed
1116.474852,20,96.906508,1.0,True,20,0,0,685.7245092391968,949.2412633895874,19.573126316070557,685.7245092391968,completed
1865.16195,20,96.924803,1.0,True,20,0,0,589.0631189346313,679.2794504165649,10.354819583892823,589.0631189346313,completed
1917.284063,20,96.944036,1.0,True,20,0,0,646.2797379493713,821.5964479446411,5.529800033569336,646.2797379493713,completed
1792.775526,20,96.96336,1.0,True,20,0,0,610.3526363372803,841.6787948608398,7.379155445098877,610.3526363372803,completed
2026.085333,20,96.983036,1.0,True,20,0,0,550.4676513671875,705.5310730934143,6.188747406005859,550.4676513671875,completed
1396.826701,20,97.002927,1.0,True,20,0,0,620.5178050994873,855.1624908447266,16.12959690093994,620.5178050994873,completed
1649.729085,20,97.022031,1.0,True,20,0,0,601.6743335723877,793.9883661270142,9.896977806091309,601.6743335723877,completed
1085.979604,20,97.040783,1.0,True,20,0,0,686.0855445861816,1040.325439453125,17.20027713775635,686.0855445861816,completed
2106.810799,20,97.059695,1.0,True,20,0,0,573.2883634567261,645.2625141143799,6.7356854438781735,573.2883634567261,completed
2156.699388,20,97.078412,1.0,True,20,0,0,592.9405946731567,703.0165481567383,2.98045129776001,592.9405946731567,completed
1495.028356,20,97.096882,1.0,True,20,0,0,638.5937366485596,933.1186046600342,11.884623432159424,638.5937366485596,completed
1927.43966,20,97.115963,1.0,True,20,0,0,681.2517824172974,746.7155437469482,6.810554313659668,681.2517824172974,completed
1503.793601,20,97.134773,1.0,True,20,0,0,692.4548673629761,927.861442565918,9.75214729309082,692.4548673629761,completed
1424.2313,20,97.153693,1.0,True,20,0,0,590.2833623886108,856.0205631256104,15.249401569366455,590.2833623886108,completed
1189.724952,20,97.17214,1.0,True,20,0,0,772.7489585876465,1189.0825805664062,9.84087085723877,772.7489585876465,completed
2146.517085,20,97.190819,1.0,True,20,0,0,572.9944815635681,747.9430413246155,3.548722004890442,572.9944815635681,completed
1642.953435,20,97.209957,1.0,True,20,0,0,685.9658126831055,806.2855587005615,10.9638240814209,685.9658126831055,completed
2267.057929,20,97.229212,1.0,True,20,0,0,535.0202655792236,677.2360048294067,3.0492576599121093,535.0202655792236,completed
2198.874205,20,98.672991,1.0,True,20,0,0,603.6931829452515,713.0938234329224,1.4876669883728026,603.6931829452515,completed
2033.666623,20,98.691949,1.0,True,20,0,0,593.7497563362122,792.9390478134155,3.5712642669677734,593.7497563362122,completed
2030.645834,20,98.710946,1.0,True,20,0,0,548.9035515785217,720.320309638977,6.316492366790771,548.9035515785217,completed
1269.607582,20,98.729421,1.0,True,20,0,0,755.4341526031494,927.5597229003906,14.670405769348145,755.4341526031494,completed
2053.164109,20,98.748906,1.0,True,20,0,0,625.7658166885376,736.4911975860596,4.780902099609375,625.7658166885376,completed
1228.990798,20,98.767788,1.0,True,20,0,0,718.0063171386719,979.5978870391846,14.816193389892579,718.0063171386719,completed
1188.718545,20,98.786779,1.0,True,20,0,0,720.7185549736023,1005.302924156189,15.075427627563476,720.7185549736023,completed
2115.572476,20,98.805665,1.0,True,20,0,0,599.482301235199,711.7435064315796,4.295507144927979,599.482301235199,completed
1888.701403,20,98.824534,1.0,True,20,0,0,566.9277667999268,719.747594833374,8.360489559173583,566.9277667999268,completed
1814.537864,20,98.843166,1.0,True,20,0,0,619.4359102249146,789.7810535430908,7.5010357856750485,619.4359102249146,completed
1106.464134,20,98.862076,1.0,True,20,0,0,727.1845843791962,949.3562064170837,18.573332214355467,727.1845843791962,completed
1904.269722,20,98.880253,1.0,True,20,0,0,637.962121963501,895.1561756134033,3.9570302963256836,637.962121963501,completed
1955.356712,20,98.898655,1.0,True,20,0,0,517.2730021476746,689.3683099746704,8.899358654022217,517.2730021476746,completed
1745.461895,20,98.917788,1.0,True,20,0,0,570.604386806488,760.1887483596802,10.774196243286132,570.604386806488,completed
2038.399463,20,98.936546,1.0,True,20,0,0,530.0173950195312,640.7509136199951,6.719102382659912,530.0173950195312,completed
1605.962264,20,98.955388,1.0,True,20,0,0,679.0883617401123,898.5566177368164,10.079310989379882,679.0883617401123,completed
1194.741783,20,98.973989,1.0,True,20,0,0,784.7882976531982,1074.8432292938232,12.67644214630127,784.7882976531982,completed
1919.774595,20,98.992329,1.0,True,20,0,0,573.7259402275085,730.5006227493286,7.810978889465332,573.7259402275085,completed
1477.133649,20,99.014716,1.0,True,20,0,0,671.5123615264893,937.0691947937012,11.104570484161377,671.5123615264893,completed
2387.427533,20,99.03714,1.0,True,20,0,0,460.68396186828613,632.6272926330566,1.756801700592041,460.68396186828613,completed
1859.465388,20,99.060425,1.0,True,20,0,0,626.6509184837341,774.5072393417358,7.939652442932129,626.6509184837341,completed
2072.556796,20,99.080807,1.0,True,20,0,0,585.0429081916809,775.3614540100098,3.837996482849121,585.0429081916809,completed
2065.594721,20,99.102396,1.0,True,20,0,0,515.9653143882751,673.3521432876587,5.978468322753907,515.9653143882751,completed
1582.552688,20,99.12449,1.0,True,20,0,0,644.2840275764465,904.2457818984985,9.780163383483886,644.2840275764465,completed
1624.38242,20,99.150778,1.0,True,20,0,0,582.7441972494125,796.1668241024017,12.00468888282776,582.7441972494125,completed
2009.932398,20,99.171876,1.0,True,20,0,0,592.3341012001038,699.4524974822998,7.381734848022461,592.3341012001038,completed
2052.184921,20,99.194415,1.0,True,20,0,0,620.4464926719666,909.3574690818787,0.7563491821289062,620.4464926719666,completed
2172.331157,20,99.215594,1.0,True,20,0,0,513.4311876296997,617.5408697128296,6.13287935256958,513.4311876296997,completed
2142.448252,20,99.236893,1.0,True,20,0,0,589.2463064193726,763.0477809906006,2.9912851333618162,589.2463064193726,completed
1253.746621,20,99.260228,1.0,True,20,0,0,689.2989206314087,969.7452964782715,15.523855018615723,689.2989206314087,completed
1581.201364,20,99.281922,1.0,True,20,0,0,568.2272306680679,805.6293957233429,13.666749048233033,568.2272306680679,completed
1818.909323,20,99.303559,1.0,True,20,0,0,519.4739844799042,750.2073378562927,9.979455375671387,519.4739844799042,completed
1337.594577,20,99.322875,1.0,True,20,0,0,667.3313364982605,943.3045616149902,15.109290075302123,667.3313364982605,completed
2605.728222,20,99.341429,1.0,True,20,0,0,479.33653151988983,533.3362357616425,0.0,479.33653151988983,completed
1777.338338,20,99.360553,1.0,True,20,0,0,550.1681594848633,764.4718151092529,10.166044235229492,550.1681594848633,completed
1684.418101,20,99.379181,1.0,True,20,0,0,589.9332551956177,807.2675371170044,10.715691375732423,589.9332551956177,completed
997.027308,20,99.397808,1.0,True,20,0,0,796.0837688446045,1157.5946226119995,14.549208641052246,796.0837688446045,completed
1547.530672,20,99.41659,1.0,True,20,0,0,697.287841796875,862.241943359375,10.3907621383667,697.287841796875,completed
2067.756616,20,99.435351,1.0,True,20,0,0,537.7577333450317,711.7693977355957,5.791060161590576,537.7577333450317,completed
1210.150721,20,99.454009,1.0,True,20,0,0,685.1344729065895,892.5353127717972,18.17449378967285,685.1344729065895,completed
1633.530076,20,99.472831,1.0,True,20,0,0,648.5711975097656,965.6068787574768,8.003990983963012,648.5711975097656,completed
1648.872325,20,99.491831,1.0,True,20,0,0,648.941328048706,847.1526679992676,10.247373580932617,648.941328048706,completed
1947.254178,20,99.510127,1.0,True,20,0,0,603.0189909934998,742.0341558456421,6.367421388626099,603.0189909934998,completed
1588.341551,20,99.528211,1.0,True,20,0,0,679.7247376441956,1002.3898572921753,8.279869079589844,679.7247376441956,completed
1250.446234,20,99.546459,1.0,True,20,0,0,693.5221803188324,957.3925623893738,15.25771598815918,693.5221803188324,completed
1075.733698,20,99.565483,1.0,True,20,0,0,646.5041961669922,1035.4309253692627,17.55974416732788,646.5041961669922,completed
2139.821561,20,99.583444,1.0,True,20,0,0,569.3494758605957,836.9436340332031,1.3232688903808594,569.3494758605957,completed
1699.004668,20,99.602118,1.0,True,20,0,0,561.9939365386963,826.680097579956,10.861271572113036,561.9939365386963,completed
2159.387049,20,99.620465,1.0,True,20,0,0,603.3359141349792,710.0313858985901,3.1894219398498533,603.3359141349792,completed
1255.293835,20,99.638887,1.0,True,20,0,0,713.6903591156006,1023.3283081054688,13.020770263671874,713.6903591156006,completed
1315.392678,20,99.657868,1.0,True,20,0,0,651.0728025436401,871.706184387207,17.252170944213866,651.0728025436401,completed
1794.09466,20,99.676121,1.0,True,20,0,0,614.1980395317078,840.0856466293335,7.957307624816894,614.1980395317078,completed
1233.089548,20,99.694403,1.0,True,20,0,0,603.206241607666,870.1543035507202,19.4454243183136,603.206241607666,completed
2116.157147,20,99.712829,1.0,True,20,0,0,540.4876489639282,716.234676361084,3.7923029899597167,540.4876489639282,completed
2021.825301,20,99.731288,1.0,True,20,0,0,518.7708377838135,707.6530418395996,7.3373462677001955,518.7708377838135,completed
2276.360332,20,99.751337,1.0,True,20,0,0,549.93181848526,608.3239164352417,3.8631067276000977,549.93181848526,completed
1243.16569,20,99.770499,1.0,True,20,0,0,711.1865825653076,1005.450023651123,13.228183364868164,711.1865825653076,completed
1601.543559,20,99.789381,1.0,True,20,0,0,681.3094701766968,770.1603784561157,12.437358570098876,681.3094701766968,completed
1679.848845,20,99.80817,1.0,True,20,0,0,659.8359551429749,902.7156496047974,8.406559181213378,659.8359551429749,completed
2234.799774,20,99.82854,1.0,True,20,0,0,548.9114031791687,650.7696514129639,3.7501691818237304,548.9114031791687,completed
1644.617234,20,99.847518,1.0,True,20,0,0,719.1669092178345,800.7887744903564,9.950374221801757,719.1669092178345,completed
2342.272575,20,99.865818,1.0,True,20,0,0,553.6607921123505,646.8191609382629,1.7257468223571777,553.6607921123505,completed
1467.07241,20,99.884273,1.0,True,20,0,0,717.2554874420166,891.3884372711182,11.301175403594971,717.2554874420166,completed
1343.59074,20,99.902467,1.0,True,20,0,0,742.3560409545898,1172.5468921661377,8.154851341247559,742.3560409545898,completed
1701.79875,20,99.921465,1.0,True,20,0,0,594.1687488555908,857.2988510131836,9.466781616210938,594.1687488555908,completed
1260.9728,20,99.939904,1.0,True,20,0,0,676.7044563293457,974.6660633087158,15.396796417236327,676.7044563293457,completed
1022.131803,20,99.958503,1.0,True,20,0,0,834.6840534210205,1094.2025785446167,15.085873222351074,834.6840534210205,completed
1656.33317,20,99.977139,1.0,True,20,0,0,573.5096492767334,799.7172698974609,11.871801090240478,573.5096492767334,completed
1494.57443,20,99.99558,1.0,True,20,0,0,646.5855946540833,849.2917776107788,13.45633144378662,646.5855946540833,completed
1975.649165,20,100.01472,1.0,True,20,0,0,626.3073163032532,789.4494638442993,5.254300880432129,626.3073163032532,completed
2169.845999,20,100.032867,1.0,True,20,0,0,576.3204445838928,719.8814163208008,2.437304401397705,576.3204445838928,completed
1368.068597,20,100.051339,1.0,True,20,0,0,697.674652338028,1135.0635228157043,9.868918418884277,697.674652338028,completed
743.159401,20,100.07051,1.0,True,20,0,0,842.5110950469971,1330.9287605285645,15.432807636260986,842.5110950469971,completed
156.543687,20,100.089124,1.0,True,20,0,0,826.3334259986877,1279.4505777359009,30.506515550613404,826.3334259986877,completed
1429.561967,20,100.107447,1.0,True,20,0,0,581.4716281890869,845.4673862457275,16.788523292541505,581.4716281890869,completed
1011.497999,20,100.125611,1.0,True,20,0,0,837.0393295288086,1075.511806488037,16.455385398864745,837.0393295288086,completed
1932.540272,20,100.143717,1.0,True,20,0,0,561.9604573249817,767.0955228805542,7.286959457397461,561.9604573249817,completed
1520.196252,20,100.162169,1.0,True,20,0,0,560.7301001548767,823.3485803604126,14.192056226730347,560.7301001548767,completed
1206.062014,20,100.180525,1.0,True,20,0,0,774.9470026493073,1051.0548748970032,13.195235538482667,774.9470026493073,completed
1786.997961,20,100.199054,1.0,True,20,0,0,592.0601916313171,707.6120977401733,10.234815406799317,592.0601916313171,completed
2088.898943,20,100.217858,1.0,True,20,0,0,598.2710559368134,781.4264845848083,2.4392322540283202,598.2710559368134,completed
1500.993706,20,100.236182,1.0,True,20,0,0,631.6821103096008,891.3099837303162,11.738901138305664,631.6821103096008,completed
1741.954704,20,100.254619,1.0,True,20,0,0,637.7632939815521,856.7830395698547,9.073149394989013,637.7632939815521,completed
2005.163166,20,100.27308,1.0,True,20,0,0,632.039794921875,716.0889472961426,5.822877883911133,632.039794921875,completed
2076.076385,20,100.292033,1.0,True,20,0,0,678.7876138687134,906.0464057922363,0.0,678.7876138687134,completed
1133.828429,20,100.310746,1.0,True,20,0,0,768.9074106216431,1091.81498336792,14.595766067504883,768.9074106216431,completed
2010.474953,20,100.329986,1.0,True,20,0,0,579.3999576568604,771.0243549346924,4.343957042694091,579.3999576568604,completed
786.353797,20,100.348606,1.0,True,20,0,0,716.4399614334106,1067.3797397613525,22.241612815856932,716.4399614334106,completed
1709.325511,20,100.368138,1.0,True,20,0,0,644.0410685539246,956.5466208457947,6.426214122772217,644.0410685539246,completed
813.917629,20,100.387132,1.0,True,20,0,0,759.8543457984924,1194.5958738327026,18.02785756587982,759.8543457984924,completed
1034.854008,20,100.40518,1.0,True,20,0,0,756.3643579483032,1162.1614627838135,14.073744201660157,756.3643579483032,completed
2215.652915,20,100.424409,1.0,True,20,0,0,489.0421311855316,588.3108727931976,4.969496154785157,489.0421311855316,completed
1228.074104,20,100.442889,1.0,True,20,0,0,744.176926612854,1138.4643602371216,11.327723598480224,744.176926612854,completed
1193.315454,20,100.46151,1.0,True,20,0,0,783.465033531189,971.9571647644043,15.561316108703613,783.465033531189,completed
2026.825599,20,100.479979,1.0,True,20,0,0,529.720522403717,719.2863473892212,6.728177642822265,529.720522403717,completed
2303.200224,20,100.498586,1.0,True,20,0,0,521.496551990509,680.2711801528931,1.6400886535644532,521.496551990509,completed
903.174727,20,100.517439,1.0,True,20,0,0,719.3446435928345,1023.2270050048828,21.11671953201294,719.3446435928345,completed
1552.47492,20,100.535498,1.0,True,20,0,0,638.9269723892212,884.1824245452881,10.539205741882324,638.9269723892212,completed
1321.360643,20,100.554103,1.0,True,20,0,0,740.6144733428955,1079.8071746826172,10.662069511413574,740.6144733428955,completed
1131.44705,20,100.573305,1.0,True,20,0,0,732.6414427757263,1052.62486410141,15.027018356323243,732.6414427757263,completed
1410.58858,20,100.591838,1.0,True,20,0,0,769.9470796585083,978.3146476745605,10.782426500320435,769.9470796585083,completed
1250.715904,20,100.610234,1.0,True,20,0,0,699.6480305790901,1008.9458261728287,13.741371726989746,699.6480305790901,completed
2553.074279,20,101.86851,1.0,True,20,0,0,460.84248065948486,514.2171392440796,0.8695344924926758,460.84248065948486,completed
2098.173997,20,101.889001,1.0,True,20,0,0,545.9931373596191,647.6166381835938,6.67129545211792,545.9931373596191,completed
1505.560182,20,101.908641,1.0,True,20,0,0,680.5849885940552,971.8180255889893,9.927224922180176,680.5849885940552,completed
1243.310629,20,101.927141,1.0,True,20,0,0,706.930871963501,961.5439519882202,14.495812511444091,706.930871963501,completed
2238.747323,20,101.946492,1.0,True,20,0,0,572.6188914775848,736.0180449485779,1.5765373229980468,572.6188914775848,completed
1505.629359,20,101.968214,1.0,True,20,0,0,614.3411221504211,823.5896883010864,13.7454327583313,614.3411221504211,completed
1821.526242,20,101.989725,1.0,True,20,0,0,661.3365592956543,813.4894781112671,7.295834922790528,661.3365592956543,completed
1834.611986,20,102.011004,1.0,True,20,0,0,580.0689482688904,719.6554613113403,10.143140935897828,580.0689482688904,completed
1282.726509,20,102.031748,1.0,True,20,0,0,748.885064125061,1246.7475204467773,7.5380044937133786,748.885064125061,completed
1634.848745,20,102.054088,1.0,True,20,0,0,648.7557773590088,928.8871417045593,8.353048324584961,648.7557773590088,completed
1393.426818,20,102.075928,1.0,True,20,0,0,708.7435059547424,928.2846956253052,12.25534782409668,708.7435059547424,completed
1855.786321,20,102.096874,1.0,True,20,0,0,548.2749524116516,780.3570318222046,9.046399307250976,548.2749524116516,completed
1703.573397,20,102.115474,1.0,True,20,0,0,606.5311284065247,1004.492241859436,6.439161491394043,606.5311284065247,completed
1508.093599,20,102.134173,1.0,True,20,0,0,600.1438894271851,798.1849069595337,15.220416736602782,600.1438894271851,completed
1662.32863,20,102.152934,1.0,True,20,0,0,570.1628618240356,781.8856105804443,11.637487030029297,570.1628618240356,completed
2545.948305,20,102.171642,1.0,True,20,0,0,469.7668876647949,530.9056053161621,1.079884910583496,469.7668876647949,completed
1551.756858,20,102.193499,1.0,True,20,0,0,709.3385233879089,991.0241994857788,9.062835216522217,709.3385233879089,completed
1304.914198,20,102.215887,1.0,True,20,0,0,784.6117906570435,1318.2009735107422,4.482441425323486,784.6117906570435,completed
1585.508095,20,102.238662,1.0,True,20,0,0,782.6847987174988,1113.8334436416626,3.7416059494018556,782.6847987174988,completed
1615.779157,20,102.260936,1.0,True,20,0,0,597.5921026468277,874.2620785236359,11.099432373046875,597.5921026468277,completed
1766.013242,20,102.283618,1.0,True,20,0,0,600.651743888855,759.2871799468994,11.084495353698731,600.651743888855,completed
1489.12315,20,102.30565,1.0,True,20,0,0,759.1276235580444,962.5297718048096,9.415438175201416,759.1276235580444,completed
542.755411,20,102.329846,1.0,True,20,0,0,849.3562350273132,1426.5697031021118,17.085104370117186,849.3562350273132,completed
1089.806664,20,102.352736,1.0,True,20,0,0,699.0595922470093,1096.2455759048462,15.997186183929443,699.0595922470093,completed
2406.779573,20,102.374885,1.0,True,20,0,0,493.82866501808167,643.1911911964417,1.1103229522705078,493.82866501808167,completed
795.983652,20,102.397146,1.0,True,20,0,0,715.8298797607422,1056.0976085662842,24.195276260375977,715.8298797607422,completed
1146.703829,20,102.41981,1.0,True,20,0,0,619.1230812072754,948.244218826294,19.218842029571533,619.1230812072754,completed
1890.931761,20,102.438719,1.0,True,20,0,0,610.038206577301,791.3771028518677,5.688262557983398,610.038206577301,completed
2578.257214,20,102.459251,1.0,True,20,0,0,487.6296615600586,553.7863540649414,0.0,487.6296615600586,completed
1525.525359,20,102.478699,1.0,True,20,0,0,684.5642967224121,851.8898239135742,12.041431427001953,684.5642967224121,completed
2230.942184,20,102.498002,1.0,True,20,0,0,510.7552490234375,647.0683212280273,3.8957378387451174,510.7552490234375,completed
2248.881443,20,102.516746,1.0,True,20,0,0,501.7601971626282,613.3414144515991,3.8846720695495605,501.7601971626282,completed
1963.009033,20,102.535713,1.0,True,20,0,0,619.0450239181519,779.690915107727,5.947598648071289,619.0450239181519,completed
977.212456,20,102.554441,1.0,True,20,0,0,710.1857223510742,1039.3514194488525,19.584738731384277,710.1857223510742,completed
1835.236401,20,102.57267,1.0,True,20,0,0,596.0345501899719,789.4547872543335,7.9685650825500485,596.0345501899719,completed
2185.494391,20,102.591096,1.0,True,20,0,0,512.2771611213684,642.622486114502,5.131364440917968,512.2771611213684,completed
2350.522527,20,102.609638,1.0,True,20,0,0,546.4958107471466,694.9456996917725,0.30349292755126955,546.4958107471466,completed
2192.534905,20,102.62906,1.0,True,20,0,0,543.9245023727417,700.7712659835815,2.8815500259399416,543.9245023727417,completed
1353.755736,20,102.648874,1.0,True,20,0,0,648.6243867874146,929.0714769363403,14.75227518081665,648.6243867874146,completed
280.723031,20,102.67032,1.0,True,20,0,0,859.6144428253174,1296.729700088501,27.67764081954956,859.6144428253174,completed
1947.680184,20,102.690372,1.0,True,20,0,0,546.344033241272,706.7182741165161,8.178082370758057,546.344033241272,completed
1728.413036,20,102.709442,1.0,True,20,0,0,604.1390805244446,834.6619558334351,9.899384117126464,604.1390805244446,completed
1077.854551,20,102.728129,1.0,True,20,0,0,755.078106880188,992.16282081604,17.692987060546876,755.078106880188,completed
1484.261378,20,102.746929,1.0,True,20,0,0,699.0110683441162,896.10032081604,11.64054069519043,699.0110683441162,completed
2558.317265,20,102.765076,1.0,True,20,0,0,401.8370999097824,506.98609137535095,2.447394371032715,401.8370999097824,completed
1666.260183,20,102.783132,1.0,True,20,0,0,545.0829629898071,763.8384132385254,12.411694622039795,545.0829629898071,completed
1579.76174,20,102.801182,1.0,True,20,0,0,588.0640878677368,835.2363967895508,13.215994262695313,588.0640878677368,completed
1060.067632,20,102.819641,1.0,True,20,0,0,685.3148746490479,917.679121017456,21.23241024017334,685.3148746490479,completed
627.442177,20,102.83866,1.0,True,20,0,0,763.4435257911682,1087.5411386489868,24.954911375045775,763.4435257911682,completed
870.137315,20,102.857164,1.0,True,20,0,0,651.5875477790833,1063.4651112556458,21.85246334075928,651.5875477790833,completed
1858.279799,20,102.875921,1.0,True,20,0,0,616.3733075857162,812.6520602703094,7.074473762512207,616.3733075857162,completed
2484.655028,20,102.894379,1.0,True,20,0,0,504.7694368362427,576.4571685791016,0.834510612487793,504.7694368362427,completed
1292.663373,20,102.912834,1.0,True,20,0,0,626.9333763122559,955.9634189605713,15.86542100906372,626.9333763122559,completed
1295.985603,20,102.930982,1.0,True,20,0,0,722.4709377288818,1030.129020690918,12.934747791290283,722.4709377288818,completed
509.030721,20,102.949595,1.0,True,20,0,0,774.2469491958618,1164.2691497802734,24.39312610626221,774.2469491958618,completed
2050.466476,20,102.968108,1.0,True,20,0,0,576.7708387374878,845.6735410690308,2.580753135681152,576.7708387374878,completed
2153.816057,20,102.986715,1.0,True,20,0,0,556.3541231155396,600.2818593978882,6.426535606384277,556.3541231155396,completed
1890.966315,20,103.006803,1.0,True,20,0,0,639.0242946147919,823.7208399772644,6.238154602050781,639.0242946147919,completed
1134.043369,20,103.041508,1.0,True,20,0,0,707.5640969276428,1089.2833757400513,15.580161476135254,707.5640969276428,completed
1466.757845,20,103.112621,1.0,True,20,0,0,658.512638092041,935.2342824935913,11.609421539306641,658.512638092041,completed
1116.301415,20,103.133004,1.0,True,20,0,0,665.7185363769531,917.6239490509033,18.872027969360353,665.7185363769531,completed
2058.743094,20,103.152079,1.0,True,20,0,0,552.3482456207275,760.5116004943848,3.832129955291748,552.3482456207275,completed
2305.422124,20,103.170998,1.0,True,20,0,0,528.7196636199951,601.4318752288818,3.6442753791809084,528.7196636199951,completed
184.048196,20,103.189389,1.0,True,20,0,0,912.0896711349487,1336.7314596176147,26.957334899902342,912.0896711349487,completed
1259.152679,20,103.208216,1.0,True,20,0,0,741.6718506813049,1014.2502288818359,14.004223966598511,741.6718506813049,completed
1664.26025,20,103.226481,1.0,True,20,0,0,672.1058530807495,841.2712097167969,9.051947689056396,672.1058530807495,completed
1444.891164,20,103.24466,1.0,True,20,0,0,633.0430755615234,952.4860877990723,12.06370735168457,633.0430755615234,completed
1531.008456,20,103.263076,1.0,True,20,0,0,732.0652513504028,851.9543991088867,12.440063858032227,732.0652513504028,completed
1957.039465,20,103.281947,1.0,True,20,0,0,531.1552114486694,720.327486038208,8.422679328918457,531.1552114486694,completed
2089.694085,20,103.300718,1.0,True,20,0,0,553.1102647781372,740.0121355056763,4.860660171508789,553.1102647781372,completed
2018.394229,20,103.320464,1.0,True,20,0,0,574.2207126617432,741.5346755981445,6.284630012512207,574.2207126617432,completed
1764.7659,20,103.339855,1.0,True,20,0,0,605.4618353843689,819.565559387207,9.385872077941894,605.4618353843689,completed
1407.176342,20,103.358388,1.0,True,20,0,0,634.9273357391357,945.4506893157959,12.546787452697753,634.9273357391357,completed
1039.551737,20,103.376612,1.0,True,20,0,0,802.4751234054565,1079.9917335510254,16.7743070602417,802.4751234054565,completed
574.205938,20,103.395088,1.0,True,20,0,0,843.7218432426453,1357.0655031204224,19.54472255706787,843.7218432426453,completed
2118.180353,20,103.413284,1.0,True,20,0,0,619.3433256149292,819.7842664718628,1.5862739562988282,619.3433256149292,completed
1781.305531,20,103.431283,1.0,True,20,0,0,649.0045726299286,793.8818850517273,8.400541305541992,649.0045726299286,completed
1466.083973,20,103.44979,1.0,True,20,0,0,753.2579307556152,948.0206985473633,9.853462505340577,753.2579307556152,completed
1989.531804,20,103.468654,1.0,True,20,0,0,594.7484154701233,795.476870059967,5.214864730834961,594.7484154701233,completed
2297.441289,20,103.487108,1.0,True,20,0,0,560.6633529663086,574.5151672363281,4.104850387573242,560.6633529663086,completed
2300.837069,20,103.505669,1.0,True,20,0,0,471.4086546897888,582.5063638687134,5.139018440246582,471.4086546897888,completed
1410.127002,20,103.524117,1.0,True,20,0,0,744.5889596939087,886.1597690582275,13.708596897125243,744.5889596939087,completed
1665.073964,20,103.542285,1.0,True,20,0,0,602.0312261581421,811.2579259872437,12.158089542388916,602.0312261581421,completed
2267.376809,20,103.560903,1.0,True,20,0,0,590.3737449645996,620.2153911590576,3.154050350189209,590.3737449645996,completed
1501.22703,20,103.579907,1.0,True,20,0,0,633.4763975143433,878.6621971130371,12.67896785736084,633.4763975143433,completed
1382.931053,20,103.598576,1.0,True,20,0,0,706.9439392089844,906.2666416168213,14.40023193359375,706.9439392089844,completed
1815.311486,20,103.617925,1.0,True,20,0,0,613.3309562206268,814.0038909912109,8.157141494750977,613.3309562206268,completed
1789.018943,20,103.638879,1.0,True,20,0,0,565.5321395397186,815.0425505638123,9.502874183654786,565.5321395397186,completed
1321.68584,20,103.657603,1.0,True,20,0,0,706.4132118225098,948.8508472442627,14.768257522583008,706.4132118225098,completed
2616.096638,20,103.676434,1.0,True,20,0,0,372.2346534729004,487.3099670410156,1.3630401611328125,372.2346534729004,completed
2198.463143,20,103.695075,1.0,True,20,0,0,502.542444229126,616.5643758773804,5.669764423370362,502.542444229126,completed
2125.216303,20,103.713541,1.0,True,20,0,0,637.4719865322113,721.7580800056458,3.83416543006897,637.4719865322113,completed
1484.052098,20,103.732175,1.0,True,20,0,0,747.5541415214539,887.4884538650513,10.52945294380188,747.5541415214539,completed
575.096764,20,103.750514,1.0,True,20,0,0,816.724636554718,1232.0275011062622,23.365955066680907,816.724636554718,completed
2544.003055,20,103.769522,1.0,True,20,0,0,468.89826214313507,551.2706120014191,0.5815078735351562,468.89826214313507,completed
2486.382891,20,103.788229,1.0,True,20,0,0,483.9256544113159,551.9653816223145,1.7774949073791504,483.9256544113159,completed
1705.016296,20,103.806634,1.0,True,20,0,0,702.7473745346069,816.7061700820923,9.498962306976319,702.7473745346069,completed
1894.9844,20,103.825215,1.0,True,20,0,0,653.518590927124,809.8180179595947,4.427615642547607,653.518590927124,completed
1770.180403,20,103.843438,1.0,True,20,0,0,578.56090259552,737.5027704238892,11.910750198364259,578.56090259552,completed
1502.992968,20,103.861836,1.0,True,20,0,0,609.4553356170654,886.8399524688721,13.395247077941894,609.4553356170654,completed
1225.612897,20,103.880754,1.0,True,20,0,0,600.4132413864136,969.0349130630493,16.955018854141237,600.4132413864136,completed
784.114184,20,103.899778,1.0,True,20,0,0,776.7084875106812,1144.3763122558594,21.15116949081421,776.7084875106812,completed
1589.145092,20,103.918337,1.0,True,20,0,0,615.045672416687,825.167366027832,12.228585052490235,615.045672416687,completed
1445.801038,20,105.145578,1.0,True,20,0,0,685.5149083137512,885.9437685012817,11.833796787261964,685.5149083137512,completed
2063.380916,20,105.164221,1.0,True,20,0,0,550.4021952152252,707.9340481758118,5.8162578582763675,550.4021952152252,completed
2173.645806,20,105.182796,1.0,True,20,0,0,584.3323407173157,697.7016534805298,4.08207426071167,584.3323407173157,completed
1582.654135,20,105.201654,1.0,True,20,0,0,645.9344539642334,844.7479820251465,12.014060306549073,645.9344539642334,completed
1594.125486,20,105.220191,1.0,True,20,0,0,653.434547662735,824.4631366729736,12.172608375549316,653.434547662735,completed
2239.492585,20,105.239294,1.0,True,20,0,0,553.1343145370483,649.8179788589478,3.595676231384277,553.1343145370483,completed
1714.081029,20,105.258498,1.0,True,20,0,0,651.209233045578,872.766667842865,8.503752422332763,651.209233045578,completed
1317.571276,20,105.277649,1.0,True,20,0,0,704.2667768001556,886.4893183708191,16.618260192871094,704.2667768001556,completed
2651.843368,20,105.29604,1.0,True,20,0,0,470.8345277309418,496.0508322715759,0.0,470.8345277309418,completed
1070.375104,20,105.314682,1.0,True,20,0,0,695.6626586914062,1002.178388595581,19.120776844024657,695.6626586914062,completed
1622.064196,20,105.335182,1.0,True,20,0,0,703.6063175201416,803.5158424377441,10.047614669799804,703.6063175201416,completed
1766.865665,20,105.354607,1.0,True,20,0,0,647.6788148880005,871.3071370124817,6.652229881286621,647.6788148880005,completed
1832.093632,20,105.373444,1.0,True,20,0,0,549.8650434017181,720.3649859428406,9.389646434783936,549.8650434017181,completed
1260.11535,20,105.392021,1.0,True,20,0,0,696.8566312789917,979.4033079147339,15.610675811767578,696.8566312789917,completed
1195.490648,20,105.410931,1.0,True,20,0,0,744.9241757392883,946.0480909347534,16.797548675537108,744.9241757392883,completed
1280.71151,20,105.429247,1.0,True,20,0,0,703.9826231002808,993.6769046783447,13.971358013153075,703.9826231002808,completed
2311.988001,20,105.447486,1.0,True,20,0,0,472.21334767341614,608.2005829811096,4.141583728790283,472.21334767341614,completed
1087.183903,20,105.466664,1.0,True,20,0,0,681.8149690628052,1059.958291053772,16.06932487487793,681.8149690628052,completed
1648.499129,20,105.485393,1.0,True,20,0,0,635.554157614708,845.4308936595917,11.754859828948975,635.554157614708,completed
1090.049744,20,105.504048,1.0,True,20,0,0,753.6366682052612,1077.6215381622314,16.30961408615112,753.6366682052612,completed
2296.811798,20,105.52283,1.0,True,20,0,0,542.2798595428467,604.5414428710938,3.5706174850463865,542.2798595428467,completed
1497.105825,20,105.541321,1.0,True,20,0,0,728.6160922050476,1167.5263509750366,4.661138343811035,728.6160922050476,completed
1367.396119,20,105.560408,1.0,True,20,0,0,740.8267288208008,1021.360725402832,10.49027614593506,740.8267288208008,completed
1139.309784,20,105.579685,1.0,True,20,0,0,716.5684480667114,1033.7159566879272,14.966539859771729,716.5684480667114,completed
1616.773287,20,105.59862,1.0,True,20,0,0,724.8633680343628,898.2199573516846,9.13166847229004,724.8633680343628,completed
1497.646051,20,105.617603,1.0,True,20,0,0,650.9624614715576,832.8316478729248,14.391541481018066,650.9624614715576,completed
1578.90229,20,105.63616,1.0,True,20,0,0,603.2562952041626,880.1850757598877,11.773508739471435,603.2562952041626,completed
1306.802815,20,105.654333,1.0,True,20,0,0,687.1712422370911,950.6112947463989,14.130550384521484,687.1712422370911,completed
1439.387856,20,105.672294,1.0,True,20,0,0,731.8532242774963,991.093023777008,10.28244707584381,731.8532242774963,completed
1816.487699,20,105.691053,1.0,True,20,0,0,548.0692592859268,765.3134529590607,8.570648670196533,548.0692592859268,completed
2057.148411,20,105.70975,1.0,True,20,0,0,585.1924662590027,821.6765403747559,2.9472978591918944,585.1924662590027,completed
1572.13178,20,105.727933,1.0,True,20,0,0,639.3426971435547,808.5119957923889,12.747485160827637,639.3426971435547,completed
1899.680547,20,105.747397,1.0,True,20,0,0,549.1908819675446,807.7850995063782,7.1810328483581545,549.1908819675446,completed
773.38525,20,105.771279,1.0,True,20,0,0,835.4422931671143,1107.345386505127,20.93173623085022,835.4422931671143,completed
1883.840638,20,105.791606,1.0,True,20,0,0,599.080397605896,773.0176639556885,8.40979232788086,599.080397605896,completed
2013.529008,20,105.81101,1.0,True,20,0,0,560.5601806640625,739.6166534423828,6.6639141082763675,560.5601806640625,completed
1879.974131,20,105.830269,1.0,True,20,0,0,633.3525366783142,835.0110101699829,5.662555885314942,633.3525366783142,completed
1123.035059,20,105.848766,1.0,True,20,0,0,799.3785672187805,1069.9914636611938,14.38367977142334,799.3785672187805,completed
688.774888,20,105.867009,1.0,True,20,0,0,722.6597476005554,1048.9205694198608,24.470415925979616,722.6597476005554,completed
2105.479507,20,105.885583,1.0,True,20,0,0,648.1428184509277,839.9903888702393,0.9161343574523926,648.1428184509277,completed
2262.489523,20,105.903917,1.0,True,20,0,0,475.43190145492554,614.6056232452393,4.529628753662109,475.43190145492554,completed
2423.39614,20,105.922752,1.0,True,20,0,0,513.3540229797363,582.2267017364502,2.0785518646240235,513.3540229797363,completed
1635.705894,20,105.940875,1.0,True,20,0,0,629.4067325592041,869.7370109558105,10.248483848571777,629.4067325592041,completed
1986.638176,20,105.959514,1.0,True,20,0,0,586.1168134212494,720.0061295032501,6.867124843597412,586.1168134212494,completed
793.044886,20,105.978526,1.0,True,20,0,0,720.4421606063843,1065.4623641967773,22.692030429840088,720.4421606063843,completed
1891.916475,20,105.996703,1.0,True,20,0,0,586.7411351203918,791.5221910476685,7.259110832214356,586.7411351203918,completed
1134.122921,20,106.015419,1.0,True,20,0,0,719.5016040802002,957.4912605285645,17.14839324951172,719.5016040802002,completed
1423.943543,20,106.034297,1.0,True,20,0,0,637.2032318115234,970.2879867553711,12.035443305969238,637.2032318115234,completed
2013.878095,20,106.05357,1.0,True,20,0,0,543.6617479324341,714.0886669158936,6.3606830596923825,543.6617479324341,completed
1232.758336,20,106.073341,1.0,True,20,0,0,631.8085098266602,889.6490526199341,17.238565015792847,631.8085098266602,completed
1109.103387,20,106.092159,1.0,True,20,0,0,635.1002988815308,935.8073425292969,19.636208915710448,635.1002988815308,completed
2310.74412,20,106.110799,1.0,True,20,0,0,511.5479636192322,686.3847374916077,1.4325972557067872,511.5479636192322,completed
869.527234,20,106.129559,1.0,True,20,0,0,723.0445318222046,1115.499834060669,19.364905738830565,723.0445318222046,completed
1687.318148,20,106.147466,1.0,True,20,0,0,557.8342504501343,830.3251934051514,10.490589714050293,557.8342504501343,completed
1090.659794,20,106.165635,1.0,True,20,0,0,648.476710319519,899.0759162902832,20.90676679611206,648.476710319519,completed
1892.312027,20,106.183837,1.0,True,20,0,0,597.2437138557434,805.7998008728027,6.074049091339111,597.2437138557434,completed
1268.971908,20,106.202114,1.0,True,20,0,0,658.4560499191284,901.6226387023926,15.604238986968994,658.4560499191284,completed
1142.475232,20,106.22086,1.0,True,20,0,0,828.2519311904907,970.3826007843018,16.203818702697752,828.2519311904907,completed
1993.103548,20,106.239306,1.0,True,20,0,0,502.3718147277832,642.3283882141113,9.472803401947022,502.3718147277832,completed
883.391221,20,106.257919,1.0,True,20,0,0,840.8456974029541,1203.9544506072998,17.31878662109375,840.8456974029541,completed
1830.435211,20,106.276104,1.0,True,20,0,0,648.0921592712402,828.9625873565674,6.846266174316407,648.0921592712402,completed
2363.549465,20,106.294259,1.0,True,20,0,0,509.2996988296509,605.960765838623,2.3578468322753907,509.2996988296509,completed
1930.630086,20,106.312949,1.0,True,20,0,0,605.3922214508057,797.4521350860596,5.848430824279785,605.3922214508057,completed
1723.478107,20,106.331432,1.0,True,20,0,0,627.8097276687622,874.3156471252441,7.32722110748291,627.8097276687622,completed
1643.86936,20,106.350025,1.0,True,20,0,0,621.7576985359192,777.5284223556519,12.069868898391723,621.7576985359192,completed
1166.302936,20,106.368611,1.0,True,20,0,0,769.3005990982056,944.881031036377,16.568689250946044,769.3005990982056,completed
1525.150466,20,106.387147,1.0,True,20,0,0,637.0713195800781,889.6493453979492,11.724811553955078,637.0713195800781,completed
842.89033,20,106.405882,1.0,True,20,0,0,692.3767342567444,1128.9075860977173,20.747132110595704,692.3767342567444,completed
1343.52253,20,106.426076,1.0,True,20,0,0,764.336757183075,1095.5896654129028,9.943169593811035,764.336757183075,completed
940.589034,20,106.446403,1.0,True,20,0,0,746.7087821960449,1054.1813316345215,20.169655799865723,746.7087821960449,completed
1249.122088,20,106.465073,1.0,True,20,0,0,656.2819333076477,896.1617860794067,17.533269691467286,656.2819333076477,completed
948.744406,20,106.483649,1.0,True,20,0,0,781.98872590065,1026.1704397201538,18.95687186717987,781.98872590065,completed
1330.464568,20,106.501723,1.0,True,20,0,0,670.7354669570923,957.3386707305908,14.225540351867675,670.7354669570923,completed
1265.710585,20,106.520122,1.0,True,20,0,0,746.9875960350037,1101.400731086731,11.363901329040527,746.9875960350037,completed
829.664607,20,106.538295,1.0,True,20,0,0,750.0103659629822,1060.8779726028442,19.584085083007814,750.0103659629822,completed
1422.740369,20,106.556654,1.0,True,20,0,0,610.8435869216919,828.8826475143433,15.724564170837402,610.8435869216919,completed
1304.482474,20,106.574873,1.0,True,20,0,0,632.9523439407349,934.8660411834717,16.059836864471436,632.9523439407349,completed
1141.705992,20,106.593728,1.0,True,20,0,0,705.3273779153824,1043.1694042682648,16.06528091430664,705.3273779153824,completed
2093.680913,20,106.611723,1.0,True,20,0,0,550.5450503826141,666.9851431846619,5.557709980010986,550.5450503826141,completed
1450.218278,20,106.630139,1.0,True,20,0,0,661.8590230941772,807.0043106079102,14.24903917312622,661.8590230941772,completed
2007.598454,20,106.648708,1.0,True,20,0,0,594.1502437591553,781.3937377929688,4.534457206726074,594.1502437591553,completed
1443.365964,20,106.6667,1.0,True,20,0,0,678.3435438871384,880.2644689083099,12.783424854278564,678.3435438871384,completed
1983.310293,20,106.684778,1.0,True,20,0,0,635.9383430480957,942.2001647949219,1.3426630020141601,635.9383430480957,completed
2148.239083,20,106.703277,1.0,True,20,0,0,543.7977180480957,652.0279426574707,5.3312887191772464,543.7977180480957,completed
1173.81547,20,106.721493,1.0,True,20,0,0,713.0787734985352,933.388623714447,18.790244483947752,713.0787734985352,completed
2126.643185,20,106.739844,1.0,True,20,0,0,554.1828148365021,694.1866688728333,4.5560447692871096,554.1828148365021,completed
887.023031,20,106.758118,1.0,True,20,0,0,812.9197034835815,1085.6635284423828,19.024881649017335,812.9197034835815,completed
2201.269773,20,106.777053,1.0,True,20,0,0,567.5609445571899,715.7390899658203,2.5220165252685547,567.5609445571899,completed
1741.680135,20,106.795758,1.0,True,20,0,0,595.4853239059448,823.1098651885986,9.39019546508789,595.4853239059448,completed
2015.935453,20,106.813977,1.0,True,20,0,0,590.5263013839722,781.3697900772095,5.006049919128418,590.5263013839722,completed
1953.554142,20,106.8323,1.0,True,20,0,0,573.4549398422241,766.1418113708496,7.240422534942627,573.4549398422241,completed
2165.30582,20,106.850838,1.0,True,20,0,0,529.411271572113,724.9301080703735,3.7406074523925783,529.411271572113,completed
2123.668256,20,106.869204,1.0,True,20,0,0,508.35634154081345,617.8596538305283,6.791807985305786,508.35634154081345,completed
1158.889881,20,106.888067,1.0,True,20,0,0,659.8194427490234,981.8491201400757,18.004610538482666,659.8194427490234,completed
2269.770807,20,106.907598,1.0,True,20,0,0,508.6679468154907,622.2664070129395,4.888384437561035,508.6679468154907,completed
1944.481639,20,106.926194,1.0,True,20,0,0,605.551016330719,759.8605823516846,6.533527755737305,605.551016330719,completed
1013.975689,20,106.945148,1.0,True,20,0,0,742.4443888664246,1025.7038011550903,18.557087421417236,742.4443888664246,completed
1923.207636,20,106.963937,1.0,True,20,0,0,554.8467817306519,661.8744087219238,9.270561122894287,554.8467817306519,completed
965.212385,20,106.982566,1.0,True,20,0,0,744.6563444137573,1061.7340049743652,19.37716007232666,744.6563444137573,completed
1783.200863,20,107.0005,1.0,True,20,0,0,651.3793306350708,810.8707084655762,7.850343990325928,651.3793306350708,completed
1905.098017,20,107.018656,1.0,True,20,0,0,623.7703828811646,798.0116395950317,6.8206737518310545,623.7703828811646,completed
1848.331418,20,107.037708,1.0,True,20,0,0,621.0437343120575,827.3387408256531,6.8492431640625,621.0437343120575,completed
1870.658459,20,108.251242,1.0,True,20,0,0,625.4112839698792,900.3476839065552,5.467807960510254,625.4112839698792,completed
2089.432568,20,108.270167,1.0,True,20,0,0,552.3292284011841,706.9989252090454,5.161776924133301,552.3292284011841,completed
1407.816267,20,108.288964,1.0,True,20,0,0,639.0297560691833,878.3766994476318,15.563787746429444,639.0297560691833,completed
2100.105009,20,108.3084,1.0,True,20,0,0,600.7262806892395,780.9014129638672,2.13669171333313,600.7262806892395,completed
1298.004107,20,108.327168,1.0,True,20,0,0,676.2199158668518,871.8704934120178,17.305160021781923,676.2199158668518,completed
1576.298842,20,108.346189,1.0,True,20,0,0,602.4992146492004,797.6796960830688,12.868849086761475,602.4992146492004,completed
2273.393427,20,108.364981,1.0,True,20,0,0,527.5838737487793,607.8277549743652,3.6611429691314696,527.5838737487793,completed
1513.621879,20,108.383173,1.0,True,20,0,0,686.096923828125,1068.0753707885742,7.620926475524902,686.096923828125,completed
1071.122339,20,108.401814,1.0,True,20,0,0,671.7355794906616,977.9608898162842,20.12698335647583,671.7355794906616,completed
2430.948096,20,108.421139,1.0,True,20,0,0,507.2888717651367,605.4511260986328,1.3420585632324218,507.2888717651367,completed
475.603624,20,108.43928,1.0,True,20,0,0,715.4720808267593,1083.6696197986603,28.3269136428833,715.4720808267593,completed
1879.993507,20,108.457752,1.0,True,20,0,0,662.8521118164062,783.2418394088745,6.643230056762695,662.8521118164062,completed
1708.260776,20,108.476141,1.0,True,20,0,0,632.6568009853363,815.9479117393494,9.865061020851135,632.6568009853363,completed
583.792184,20,108.494745,1.0,True,20,0,0,779.1757559776306,1079.6417722702026,26.027410316467286,779.1757559776306,completed
2287.46609,20,108.513865,1.0,True,20,0,0,461.859806060791,591.5801067352295,4.116997718811035,461.859806060791,completed
1065.342655,20,108.532761,1.0,True,20,0,0,758.2310552597046,1047.4390239715576,17.688394641876222,758.2310552597046,completed
2042.358732,20,108.550901,1.0,True,20,0,0,529.6468558311462,727.3677387237549,6.743716049194336,529.6468558311462,completed
1892.575328,20,108.569395,1.0,True,20,0,0,664.0965995788574,817.657567024231,5.988584709167481,664.0965995788574,completed
1769.449533,20,108.588438,1.0,True,20,0,0,686.5735478401184,972.8480081558228,4.461838245391846,686.5735478401184,completed
2108.310391,20,108.60678,1.0,True,20,0,0,571.579342842102,702.4242877960205,4.526882171630859,571.579342842102,completed
1485.614606,20,108.625608,1.0,True,20,0,0,604.7948806285858,833.0113883018494,16.004898452758788,604.7948806285858,completed
2309.378604,20,108.644864,1.0,True,20,0,0,580.9944534301758,610.8360996246338,3.1276253700256347,580.9944534301758,completed
1865.4988,20,108.663435,1.0,True,20,0,0,579.8801670074463,844.9600448608398,6.552926254272461,579.8801670074463,completed
2539.680372,20,108.682105,1.0,True,20,0,0,517.3735885620117,572.6322498321533,0.0,517.3735885620117,completed
1545.732061,20,108.700163,1.0,True,20,0,0,657.1431980133057,868.2865581512451,12.746670150756836,657.1431980133057,completed
1805.945451,20,108.719339,1.0,True,20,0,0,603.7490892410278,895.1753196716309,6.927806091308594,603.7490892410278,completed
2542.333977,20,108.737923,1.0,True,20,0,0,370.94651317596436,484.73368644714355,2.672276496887207,370.94651317596436,completed
1724.867134,20,108.757084,1.0,True,20,0,0,613.1601285934448,804.8736457824707,10.046894454956055,613.1601285934448,completed
1884.951513,20,108.775761,1.0,True,20,0,0,558.1742045581341,758.5578302741051,9.393258762359618,558.1742045581341,completed
2453.355699,20,108.793913,1.0,True,20,0,0,535.4014329910278,589.1243591308594,0.809166145324707,535.4014329910278,completed
1524.768925,20,108.812954,1.0,True,20,0,0,549.9863409996033,809.3760175704956,15.248141288757324,549.9863409996033,completed
2151.247096,20,108.83193,1.0,True,20,0,0,612.8871397972107,701.0272617340088,4.122265815734863,612.8871397972107,completed
1299.551022,20,108.850745,1.0,True,20,0,0,708.3506350517273,1052.859218120575,11.18233642578125,708.3506350517273,completed
1071.142109,20,108.869778,1.0,True,20,0,0,788.6978702545166,1213.7595691680908,12.512591075897216,788.6978702545166,completed
1084.455921,20,108.888676,1.0,True,20,0,0,763.8081760406494,1152.3043575286865,13.618109512329102,763.8081760406494,completed
1785.196533,20,108.907031,1.0,True,20,0,0,536.2186861038208,734.3234920501709,11.632910346984863,536.2186861038208,completed
1060.536448,20,108.925489,1.0,True,20,0,0,653.7308559417725,911.5752773284912,21.86230583190918,653.7308559417725,completed
1406.4941,20,108.943927,1.0,True,20,0,0,740.0892677307129,934.2633476257324,11.919066429138184,740.0892677307129,completed
1788.295887,20,108.963004,1.0,True,20,0,0,636.2770357131958,777.9573841094971,8.229619216918945,636.2770357131958,completed
1599.507079,20,108.981675,1.0,True,20,0,0,667.9687013626099,810.7682037353516,12.19666690826416,667.9687013626099,completed
1657.279683,20,109.000987,1.0,True,20,0,0,668.08229637146,766.9542226791382,11.330532360076905,668.08229637146,completed
862.694679,20,109.01978,1.0,True,20,0,0,786.648229598999,1193.8681030273438,17.051536750793456,786.648229598999,completed
2402.121396,20,109.038538,1.0,True,20,0,0,489.1150417327881,566.8476305007935,2.77192964553833,489.1150417327881,completed
1651.521268,20,109.056751,1.0,True,20,0,0,623.6015388965607,853.9154078960419,11.00027151107788,623.6015388965607,completed
2150.414642,20,109.075725,1.0,True,20,0,0,540.8038659095764,712.1092948913574,4.294570350646973,540.8038659095764,completed
1657.660217,20,109.094818,1.0,True,20,0,0,639.9475865364075,885.3347082138062,9.737576293945313,639.9475865364075,completed
1779.166449,20,109.113342,1.0,True,20,0,0,614.8382654190063,816.3442230224609,8.973798656463623,614.8382654190063,completed
1246.813367,20,109.132328,1.0,True,20,0,0,693.9472208023071,939.7701148986816,15.82677936553955,693.9472208023071,completed
858.309052,20,109.151119,1.0,True,20,0,0,793.023184299469,1100.7670698165894,20.250831508636473,793.023184299469,completed
2280.514244,20,109.170778,1.0,True,20,0,0,513.7925338745117,648.9027652740479,2.5604298591613768,513.7925338745117,completed
1888.697732,20,109.190015,1.0,True,20,0,0,587.0086936950684,787.9018459320068,8.060125541687011,587.0086936950684,completed
1264.786114,20,109.208571,1.0,True,20,0,0,687.5066347122192,925.9225025177002,16.47987880706787,687.5066347122192,completed
1950.800662,20,109.228502,1.0,True,20,0,0,563.7203302383423,711.99582862854,8.319293212890624,563.7203302383423,completed
1709.698033,20,109.250181,1.0,True,20,0,0,557.6077923774719,754.9926500320435,12.631134414672852,557.6077923774719,completed
1113.119056,20,109.270999,1.0,True,20,0,0,807.790207862854,1052.072811126709,14.373168182373046,807.790207862854,completed
1602.842562,20,109.29073,1.0,True,20,0,0,678.8933801651001,841.9705123901367,11.091346168518067,678.8933801651001,completed
1627.942084,20,109.309574,1.0,True,20,0,0,644.4683523178101,860.4713973999023,11.096459197998048,644.4683523178101,completed
1576.625488,20,109.328256,1.0,True,20,0,0,734.3856515884399,799.8261461257935,10.19835901260376,734.3856515884399,completed
2552.066921,20,109.351722,1.0,True,20,0,0,467.1265584230423,547.7272045612335,0.5039304733276367,467.1265584230423,completed
1863.353752,20,109.371708,1.0,True,20,0,0,582.2191963195801,752.6108922958374,8.486068725585938,582.2191963195801,completed
1667.481155,20,109.390574,1.0,True,20,0,0,624.8234844207764,812.8050422668457,10.463480186462402,624.8234844207764,completed
1686.320746,20,109.409375,1.0,True,20,0,0,604.3035254478455,804.2507810592651,11.160531997680664,604.3035254478455,completed
1378.448713,20,109.427894,1.0,True,20,0,0,689.7896127700806,1004.9143896102905,12.681792259216309,689.7896127700806,completed
2343.799104,20,109.446373,1.0,True,20,0,0,584.3866682052612,686.8458156585693,0.1259624481201172,584.3866682052612,completed
1775.204497,20,109.465222,1.0,True,20,0,0,674.6988201141357,782.9521141052246,7.843222141265869,674.6988201141357,completed
1636.476036,20,109.483324,1.0,True,20,0,0,617.2785968780518,855.1920928955078,11.436137580871582,617.2785968780518,completed
1880.597121,20,109.50271,1.0,True,20,0,0,614.5946407318115,755.7557563781738,7.482869052886963,614.5946407318115,completed
2381.006503,20,109.521611,1.0,True,20,0,0,538.1628122329712,614.2106971740723,1.2616010665893556,538.1628122329712,completed
1966.124629,20,109.54014,1.0,True,20,0,0,594.0936527252197,851.2821178436279,3.650221252441406,594.0936527252197,completed
2368.298343,20,109.558589,1.0,True,20,0,0,474.63746786117554,638.1318545341492,1.8743534088134766,474.63746786117554,completed
1514.289984,20,109.576913,1.0,True,20,0,0,647.9153480529785,951.7939853668213,10.749685573577882,647.9153480529785,completed
2466.052016,20,109.595847,1.0,True,20,0,0,500.3493404388428,569.3171615600586,1.562237548828125,500.3493404388428,completed
1396.111578,20,109.614231,1.0,True,20,0,0,670.3114051818848,892.4984836578369,13.748831176757813,670.3114051818848,completed
2119.107371,20,109.633016,1.0,True,20,0,0,568.9047803878784,722.3647289276123,4.373713970184326,568.9047803878784,completed
1463.777279,20,109.651669,1.0,True,20,0,0,621.2480902671814,877.5207986831665,13.830024719238281,621.2480902671814,completed
1513.381959,20,109.669977,1.0,True,20,0,0,666.9423389434814,976.1654253005981,9.191766738891602,666.9423389434814,completed
2203.952352,20,109.688576,1.0,True,20,0,0,474.45571088790894,674.9357771873474,4.973621654510498,474.45571088790894,completed
1550.441547,20,109.708217,1.0,True,20,0,0,618.3736953735352,867.2998123168945,13.237611055374146,618.3736953735352,completed
2661.471508,20,109.72655,1.0,True,20,0,0,474.44770312309265,485.32715463638306,0.0,474.44770312309265,completed
2636.42234,20,109.744885,1.0,True,20,0,0,398.64202547073364,489.9899950027466,1.0100862503051757,398.64202547073364,completed
2312.673726,20,109.763334,1.0,True,20,0,0,560.917263507843,666.1842823028564,1.8243301391601563,560.917263507843,completed
1307.924221,20,109.782044,1.0,True,20,0,0,704.2069239616394,895.9156141281128,14.101111221313477,704.2069239616394,completed
2113.924359,20,109.801099,1.0,True,20,0,0,557.5650949478149,643.5334367752075,6.216245079040528,557.5650949478149,completed
915.238688,20,109.819538,1.0,True,20,0,0,661.3025465011597,965.222038269043,23.905888557434082,661.3025465011597,completed
1352.832448,20,109.837989,1.0,True,20,0,0,798.8144493103027,1013.5389080047607,9.574652099609375,798.8144493103027,completed
2438.770928,20,109.85673,1.0,True,20,0,0,535.7334718704224,654.3536262512207,0.0,535.7334718704224,completed
1074.166689,20,109.875324,1.0,True,20,0,0,724.9204196929932,1107.7608852386475,16.933602142333985,724.9204196929932,completed
962.058262,20,109.893686,1.0,True,20,0,0,699.5475687980652,988.4517507553101,20.89790678024292,699.5475687980652,completed
1532.687043,20,109.912986,1.0,True,20,0,0,608.258053779602,805.8890962600708,15.522002983093262,608.258053779602,completed
1881.468624,20,109.931697,1.0,True,20,0,0,595.4092614650726,818.8012824058533,6.015110206604004,595.4092614650726,completed
644.39602,20,109.950055,1.0,True,20,0,0,780.5320768356323,1168.6985340118408,23.292908668518066,780.5320768356323,completed
1160.083035,20,109.968818,1.0,True,20,0,0,679.8594678640366,1081.450007200241,14.310156917572021,679.8594678640366,completed
1838.761646,20,109.987914,1.0,True,20,0,0,538.9763731956482,714.3924984931946,10.17551953792572,538.9763731956482,completed
1700.598004,20,110.006683,1.0,True,20,0,0,534.9519834518433,801.5726718902588,11.292521667480468,534.9519834518433,completed
1102.44833,20,110.025158,1.0,True,20,0,0,631.133152961731,964.0336971282959,20.96086778640747,631.133152961731,completed
1980.908268,20,110.043913,1.0,True,20,0,0,668.0962464809418,937.3711934089661,1.0531417846679687,668.0962464809418,completed
2324.392642,20,110.062671,1.0,True,20,0,0,564.786217212677,673.9221897125244,1.2605304718017578,564.786217212677,completed
624.030708,20,110.081297,1.0,True,20,0,0,815.5978384017944,1158.416395187378,24.183813858032227,815.5978384017944,completed
1153.177651,20,110.100195,1.0,True,20,0,0,656.9021410942078,941.0505361557007,18.688136863708497,656.9021410942078,completed
1482.582443,20,110.118449,1.0,True,20,0,0,653.8095698356628,899.1032042503357,11.652957248687745,653.8095698356628,completed
1729.65716,20,110.13671,1.0,True,20,0,0,648.8333377838135,879.3646087646484,7.96854419708252,648.8333377838135,completed
2221.478907,20,110.155125,1.0,True,20,0,0,558.4118995666504,716.1603755950928,2.142438507080078,558.4118995666504,completed
1369.642346,20,111.34207,1.0,True,20,0,0,629.3871207237244,870.6970815658569,16.24896478652954,629.3871207237244,completed
1516.662488,20,111.363071,1.0,True,20,0,0,592.8014206886292,796.0537004470825,14.549939727783203,592.8014206886292,completed
1943.061543,20,111.38372,1.0,True,20,0,0,675.5329456329346,820.3820514678955,4.479960823059082,675.5329456329346,completed
1624.768363,20,111.404205,1.0,True,20,0,0,648.5558862686157,866.9948148727417,10.93509521484375,648.5558862686157,completed
1752.196086,20,111.424647,1.0,True,20,0,0,680.441997051239,872.7942628860474,6.486625671386719,680.441997051239,completed
2048.244209,20,111.44472,1.0,True,20,0,0,542.9141173362732,753.9022617340088,5.667870807647705,542.9141173362732,completed
1746.940416,20,111.46502,1.0,True,20,0,0,647.9649605751038,807.6508393287659,10.146617102622987,647.9649605751038,completed
2244.651556,20,111.484892,1.0,True,20,0,0,561.505989074707,631.8732452392578,3.8346070289611816,561.505989074707,completed
2174.937224,20,111.504892,1.0,True,20,0,0,579.2169132232666,712.0961389541626,3.1056718826293945,579.2169132232666,completed
2081.272296,20,111.525121,1.0,True,20,0,0,565.8479439020157,722.9236919879913,4.100071907043457,565.8479439020157,completed
2207.510031,20,111.545933,1.0,True,20,0,0,520.9084477424622,634.1222348213196,4.060261058807373,520.9084477424622,completed
2327.932932,20,111.571213,1.0,True,20,0,0,503.77038407325745,642.2885594367981,2.3321855545043944,503.77038407325745,completed
1204.825169,20,111.591543,1.0,True,20,0,0,672.0749912261963,969.2390270233154,17.01917266845703,672.0749912261963,completed
1291.542803,20,111.616414,1.0,True,20,0,0,647.5089359283447,855.9115648269653,18.33622784614563,647.5089359283447,completed
2302.213447,20,111.636295,1.0,True,20,0,0,438.25855588912964,565.614504814148,5.441386604309082,438.25855588912964,completed
1469.004525,20,111.656824,1.0,True,20,0,0,619.5947980880737,909.3009624481201,12.850188446044921,619.5947980880737,completed
1193.841906,20,111.676925,1.0,True,20,0,0,676.9760341644287,1070.0883903503418,14.446881103515626,676.9760341644287,completed
2391.561293,20,111.696763,1.0,True,20,0,0,465.0607612133026,600.2328886985779,2.4786518096923826,465.0607612133026,completed
1886.811114,20,111.716886,1.0,True,20,0,0,637.4591724872589,849.4538216590881,5.657854461669922,637.4591724872589,completed
594.681065,20,111.736693,1.0,True,20,0,0,855.2868146896362,1148.9941177368164,23.95633292198181,855.2868146896362,completed
1938.716816,20,111.756893,1.0,True,20,0,0,598.1162624359131,741.0565423965454,7.9312807559967045,598.1162624359131,completed
1637.366626,20,111.777166,1.0,True,20,0,0,652.7209491729736,967.6521329879761,7.789586448669434,652.7209491729736,completed
2205.800585,20,111.797911,1.0,True,20,0,0,546.7592623233795,758.5646591186523,2.1680683135986327,546.7592623233795,completed
1575.792819,20,111.818312,1.0,True,20,0,0,668.0475940704346,907.6298809051514,10.749643898010254,668.0475940704346,completed
1974.504445,20,111.83917,1.0,True,20,0,0,549.4661283493042,720.4815864562988,7.0821533203125,549.4661283493042,completed
1730.452098,20,111.858924,1.0,True,20,0,0,650.9368093013763,800.5790810585022,10.083720684051514,650.9368093013763,completed
2178.363799,20,111.878217,1.0,True,20,0,0,595.034505367279,788.4685897827148,1.307501220703125,595.034505367279,completed
1407.597172,20,111.898019,1.0,True,20,0,0,613.4338265061378,851.233301281929,16.074647521972658,613.4338265061378,completed
1708.410391,20,111.917915,1.0,True,20,0,0,679.6783227920532,884.1462631225586,8.53054313659668,679.6783227920532,completed
1596.74008,20,111.937677,1.0,True,20,0,0,647.6675109863281,893.43088722229,9.047135925292968,647.6675109863281,completed
1930.0458,20,111.958127,1.0,True,20,0,0,570.4505867958069,767.0637807846069,7.847842216491699,570.4505867958069,completed
1483.128846,20,111.977832,1.0,True,20,0,0,636.5222492218018,850.383134841919,13.23840889930725,636.5222492218018,completed
2520.933361,20,111.997614,1.0,True,20,0,0,501.6663908958435,565.640721321106,0.27155027389526365,501.6663908958435,completed
1448.728442,20,112.017828,1.0,True,20,0,0,735.9074511528015,879.0960474014282,12.443035888671876,735.9074511528015,completed
1562.112494,20,112.037426,1.0,True,20,0,0,750.2980327606201,882.0600261688232,9.936066436767579,750.2980327606201,completed
2514.50373,20,112.057197,1.0,True,20,0,0,397.2788739204407,540.9922456741333,2.0509368896484377,397.2788739204407,completed
1579.336093,20,112.07725,1.0,True,20,0,0,618.6070767641068,849.3579695224762,12.380147361755371,618.6070767641068,completed
1423.458559,20,112.097455,1.0,True,20,0,0,640.6796741485596,856.0225210189819,15.762721586227418,640.6796741485596,completed
929.700392,20,112.122609,1.0,True,20,0,0,819.9096026420593,1038.9509191513062,18.51269588470459,819.9096026420593,completed
1842.475808,20,112.145698,1.0,True,20,0,0,590.9426703453064,808.2691354751587,7.346563529968262,590.9426703453064,completed
1694.200673,20,112.166427,1.0,True,20,0,0,629.0802540779114,840.8580026626587,9.585184288024902,629.0802540779114,completed
2169.75538,20,112.187146,1.0,True,20,0,0,486.4210948944092,618.1301555633545,5.961219787597656,486.4210948944092,completed
2651.843368,20,112.207236,1.0,True,20,0,0,470.8345277309418,496.0508322715759,0.0,470.8345277309418,completed
1539.40073,20,112.227145,1.0,True,20,0,0,616.4894833564758,871.8708372116089,12.166191482543946,616.4894833564758,completed
1891.472134,20,112.247608,1.0,True,20,0,0,652.318187713623,785.8249893188477,6.443236637115478,652.318187713623,completed
1660.264409,20,112.267722,1.0,True,20,0,0,684.6497211456299,858.8717784881592,8.47967004776001,684.6497211456299,completed
1981.181375,20,112.287935,1.0,True,20,0,0,610.0247163772583,916.3777856826782,1.8697057723999024,610.0247163772583,completed
1647.419217,20,112.307721,1.0,True,20,0,0,680.6781749725342,853.0373554229736,9.645819664001465,680.6781749725342,completed
1484.422279,20,112.327959,1.0,True,20,0,0,613.4146275520325,800.4221382141113,16.176614809036256,613.4146275520325,completed
1277.962631,20,112.348132,1.0,True,20,0,0,787.1834020614624,909.9923515319824,14.468393516540527,787.1834020614624,completed
2311.772107,20,112.37003,1.0,True,20,0,0,541.0765333175659,668.4748592376709,2.081490707397461,541.0765333175659,completed
2338.992926,20,112.390014,1.0,True,20,0,0,475.9300762414932,599.8430182933807,3.6405426979064943,475.9300762414932,completed
1583.968118,20,112.409629,1.0,True,20,0,0,712.4903316497803,758.0244255065918,13.367770373821259,712.4903316497803,completed
1272.58898,20,112.429133,1.0,True,20,0,0,760.8469984531403,1108.0366115570068,11.426563715934753,760.8469984531403,completed
1625.533448,20,112.448742,1.0,True,20,0,0,681.5276899337769,997.7523422241211,5.575559043884278,681.5276899337769,completed
1348.461597,20,112.468551,1.0,True,20,0,0,630.0528545379639,888.4385261535645,15.655607795715332,630.0528545379639,completed
1845.624351,20,112.48817,1.0,True,20,0,0,702.1012163162231,898.6154499053955,4.990948104858399,702.1012163162231,completed
1596.950033,20,112.507716,1.0,True,20,0,0,686.8329524993896,893.8190841674805,9.693730068206786,686.8329524993896,completed
2078.712122,20,112.527662,1.0,True,20,0,0,530.8881635665894,682.411226272583,6.4275657653808596,530.8881635665894,completed
2141.814815,20,112.547489,1.0,True,20,0,0,594.6386299133301,796.5802373886108,1.3790936470031738,594.6386299133301,completed
2073.987381,20,112.568123,1.0,True,20,0,0,571.1424188613892,705.3488788604736,5.936085033416748,571.1424188613892,completed
1462.719519,20,112.588176,1.0,True,20,0,0,690.7087187767029,1015.69184923172,10.26485538482666,690.7087187767029,completed
1552.374965,20,112.608416,1.0,True,20,0,0,652.600604057312,974.857813835144,8.468026924133301,652.600604057312,completed
1748.229525,20,112.628353,1.0,True,20,0,0,628.6138972043991,755.8914411067963,10.578038787841797,628.6138972043991,completed
1785.207769,20,112.64789,1.0,True,20,0,0,637.7331690788269,811.1975870132446,7.99587459564209,637.7331690788269,completed
1760.570412,20,112.667872,1.0,True,20,0,0,617.0830307006836,976.5885944366455,4.998307895660401,617.0830307006836,completed
1087.148007,20,112.687824,1.0,True,20,0,0,730.4665145874023,1024.5462675094604,17.564279747009277,730.4665145874023,completed
906.942176,20,112.708116,1.0,True,20,0,0,806.6468849182129,1168.1801452636719,16.351788330078126,806.6468849182129,completed
1462.446796,20,112.727145,1.0,True,20,0,0,651.170205116272,900.4362754821777,13.409279441833496,651.170205116272,completed
1578.271947,20,112.747562,1.0,True,20,0,0,702.807333946228,964.7994766235352,7.3441057205200195,702.807333946228,completed
1135.077432,20,112.76717,1.0,True,20,0,0,579.9922199249268,880.411943435669,22.58685245513916,579.9922199249268,completed
2335.952275,20,112.787634,1.0,True,20,0,0,519.5252637863159,613.0625791549683,2.074093246459961,519.5252637863159,completed
1423.814936,20,112.808245,1.0,True,20,0,0,660.2944025993347,858.7371172904968,15.38493983745575,660.2944025993347,completed
2429.900228,20,112.828621,1.0,True,20,0,0,514.9920234680176,582.8409099578857,1.249488925933838,514.9920234680176,completed
1254.190561,20,112.848807,1.0,True,20,0,0,710.9176705479622,1021.7099291086197,13.759447860717774,710.9176705479622,completed
1360.577698,20,112.868895,1.0,True,20,0,0,689.0444440841675,981.5550951957703,13.157125759124757,689.0444440841675,completed
1780.898544,20,112.888909,1.0,True,20,0,0,609.3738327026367,801.3829727172852,8.173897171020508,609.3738327026367,completed
1112.784989,20,112.908874,1.0,True,20,0,0,776.4758501052856,1029.7404918670654,15.465373992919922,776.4758501052856,completed
1235.414473,20,112.928994,1.0,True,20,0,0,702.4166536331177,955.7425403594971,16.170468521118163,702.4166536331177,completed
2025.524173,20,112.948465,1.0,True,20,0,0,635.6647515296936,755.6496734619141,4.171558380126953,635.6647515296936,completed
1733.934,20,112.968763,1.0,True,20,0,0,621.6738796234131,877.5126056671143,7.69494514465332,621.6738796234131,completed
1952.530706,20,112.988458,1.0,True,20,0,0,546.1132864952087,734.3460369110107,7.92551703453064,546.1132864952087,completed
1953.04532,20,113.008169,1.0,True,20,0,0,584.4363484382629,765.2789735794067,6.487150001525879,584.4363484382629,completed
2309.734188,20,113.028217,1.0,True,20,0,0,546.9239454269409,705.1769275665283,1.0354206085205078,546.9239454269409,completed
1077.781962,20,113.048338,1.0,True,20,0,0,701.0726411342621,961.8422961235046,19.338698196411134,701.0726411342621,completed
1397.07414,20,113.068615,1.0,True,20,0,0,628.2690296173096,926.1946649551392,14.053757762908935,628.2690296173096,completed
1498.240729,20,113.088823,1.0,True,20,0,0,649.4029459953308,845.5223078727722,14.051074123382568,649.4029459953308,completed
2390.164078,20,113.109167,1.0,True,20,0,0,454.6531901359558,635.3307356834412,1.7045049667358398,454.6531901359558,completed
1498.792586,20,113.129843,1.0,True,20,0,0,568.9448417425156,850.9993102550507,12.593531703948974,568.9448417425156,completed
2023.93333,20,113.149959,1.0,True,20,0,0,582.6195893287659,828.527988910675,3.627853202819824,582.6195893287659,completed
2008.068631,20,113.170161,1.0,True,20,0,0,583.2842197418213,824.7299251556396,4.743947982788086,583.2842197418213,completed
1697.968977,20,113.189834,1.0,True,20,0,0,650.2504386901855,798.7221870422363,10.332158851623536,650.2504386901855,completed
2206.038573,20,113.210544,1.0,True,20,0,0,599.3290395736694,735.5302963256836,1.382016944885254,599.3290395736694,completed
1723.742685,20,113.23048,1.0,True,20,0,0,562.4979619979858,759.875509262085,12.697386932373046,562.4979619979858,completed
2431.356503,20,113.250562,1.0,True,20,0,0,542.216649055481,604.3316240310669,0.838718032836914,542.216649055481,completed
1316.599285,20,113.270423,1.0,True,20,0,0,711.4881429672241,957.0982551574707,13.967493724822997,711.4881429672241,completed
2038.888678,20,113.290176,1.0,True,20,0,0,591.7270135879517,780.9315547943115,3.8012600898742677,591.7270135879517,completed
814.661533,20,113.310708,1.0,True,20,0,0,696.3727073669434,1141.722806930542,20.415493869781493,696.3727073669434,completed
1769.67784,20,113.330924,1.0,True,20,0,0,606.0280070304871,834.3702478408813,7.597452068328858,606.0280070304871,completed
1750.798109,20,113.350658,1.0,True,20,0,0,578.0581622123718,804.4259443283081,9.937461376190186,578.0581622123718,completed
1813.682869,20,113.370993,1.0,True,20,0,0,561.8779640197754,773.4164695739746,9.460805892944336,561.8779640197754,completed
2055.973079,20,113.391573,1.0,True,20,0,0,538.6919164657593,684.9985151290894,6.182835102081299,538.6919164657593,completed
2637.116878,20,113.411737,1.0,True,20,0,0,439.30432987213135,479.33950424194336,0.6756767272949219,439.30432987213135,completed
1599.040797,20,114.59534,1.0,True,20,0,0,655.6722393035889,951.9758372306824,8.5095609664917,655.6722393035889,completed
1856.890869,20,114.61421,1.0,True,20,0,0,631.4240846633911,785.4259662628174,7.007152938842774,631.4240846633911,completed
2129.150939,20,114.633574,1.0,True,20,0,0,608.5864160060883,791.7263541221619,1.6199555397033691,608.5864160060883,completed
1327.164238,20,114.652498,1.0,True,20,0,0,652.8360872268677,963.8336601257324,13.77292709350586,652.8360872268677,completed
1074.371616,20,114.671288,1.0,True,20,0,0,706.563355922699,1039.9104375839233,16.56972222328186,706.563355922699,completed
246.058091,20,114.68958,1.0,True,20,0,0,792.7477226257324,1183.177803993225,29.54494228363037,792.7477226257324,completed
1452.933435,20,114.708399,1.0,True,20,0,0,700.8795380592346,915.9765787124634,12.474115133285522,700.8795380592346,completed
1829.198292,20,114.728011,1.0,True,20,0,0,595.8082323074341,818.3816356658936,7.327424240112305,595.8082323074341,completed
1261.336237,20,114.747468,1.0,True,20,0,0,731.2486925125122,927.7333316802979,15.235197067260742,731.2486925125122,completed
1166.360177,20,114.7663,1.0,True,20,0,0,688.3574848175049,1039.8097820281982,15.795864295959472,688.3574848175049,completed
558.646381,20,114.785016,1.0,True,20,0,0,810.6768836975098,1170.0985870361328,23.695976066589356,810.6768836975098,completed
1998.949909,20,114.80341,1.0,True,20,0,0,534.9519047737122,681.8266496658325,7.751740837097168,534.9519047737122,completed
1817.537741,20,114.822945,1.0,True,20,0,0,566.9451756477356,776.0098152160645,9.842108917236327,566.9451756477356,completed
1791.887902,20,114.841704,1.0,True,20,0,0,619.7295827865601,810.1955232620239,8.126481819152833,619.7295827865601,completed
2455.908631,20,114.860985,1.0,True,20,0,0,499.5450773239136,575.0370445251465,1.6705893516540526,499.5450773239136,completed
2037.104485,20,114.88066,1.0,True,20,0,0,520.5680961608887,703.0223121643066,7.680752849578857,520.5680961608887,completed
1288.873658,20,114.899286,1.0,True,20,0,0,791.70152759552,993.3306217193604,12.461043548583984,791.70152759552,completed
1046.015885,20,114.91791,1.0,True,20,0,0,828.4223861694336,1039.5489435195923,17.335671138763427,828.4223861694336,completed
1506.94987,20,114.936428,1.0,True,20,0,0,598.4667112827301,809.0211405754089,14.976171207427978,598.4667112827301,completed
1481.815739,20,114.95551,1.0,True,20,0,0,641.3154530525208,1074.0608911514282,8.923200225830078,641.3154530525208,completed
1591.718338,20,114.974966,1.0,True,20,0,0,593.0953011512756,875.4796361923218,11.73492202758789,593.0953011512756,completed
1401.059886,20,114.993915,1.0,True,20,0,0,673.0996470451355,928.43590259552,13.845020818710328,673.0996470451355,completed
1670.634982,20,115.014811,1.0,True,20,0,0,620.5957903862,831.5140237808228,9.933552932739257,620.5957903862,completed
1531.087486,20,115.033948,1.0,True,20,0,0,622.092631816864,831.2267179489136,12.782688617706299,622.092631816864,completed
1789.784973,20,115.052604,1.0,True,20,0,0,615.6041288375854,786.6079978942871,8.26459379196167,615.6041288375854,completed
2246.779322,20,115.072144,1.0,True,20,0,0,549.0865089893341,700.1270961761475,2.0907241821289064,549.0865089893341,completed
1930.182027,20,115.090915,1.0,True,20,0,0,575.3127632141113,807.3124084472656,6.664666652679443,575.3127632141113,completed
1221.206574,20,115.109855,1.0,True,20,0,0,712.6147747039795,935.0614700317383,15.691423606872558,712.6147747039795,completed
1560.516365,20,115.128566,1.0,True,20,0,0,614.9202737808228,840.0162591934204,13.787839651107788,614.9202737808228,completed
2123.141059,20,115.146819,1.0,True,20,0,0,524.9490022659302,665.2237997055054,5.878584003448486,524.9490022659302,completed
1628.716352,20,115.165355,1.0,True,20,0,0,628.8162413835526,882.2105257511139,11.339058113098144,628.8162413835526,completed
2089.95659,20,115.184764,1.0,True,20,0,0,550.0762860774994,728.7394919395447,3.9596049308776857,550.0762860774994,completed
1409.591379,20,115.203666,1.0,True,20,0,0,691.9137496948242,922.4997043609619,12.26276741027832,691.9137496948242,completed
2226.918221,20,115.222341,1.0,True,20,0,0,527.1289958953857,602.0277881622314,4.989345359802246,527.1289958953857,completed
1955.691032,20,115.241384,1.0,True,20,0,0,656.2270758152008,867.6259713172913,3.154603862762451,656.2270758152008,completed
1603.112841,20,115.260634,1.0,True,20,0,0,604.1471948623657,777.1595935821533,12.113082218170167,604.1471948623657,completed
2174.620854,20,115.279712,1.0,True,20,0,0,561.3472955226898,652.475917339325,5.02118148803711,561.3472955226898,completed
1810.026946,20,115.29858,1.0,True,20,0,0,581.2174100875854,796.2264261245728,8.634838485717774,581.2174100875854,completed
1572.050898,20,115.318062,1.0,True,20,0,0,616.2776921391487,842.2051492929459,12.16892056465149,616.2776921391487,completed
1378.36437,20,115.336641,1.0,True,20,0,0,641.2062649726868,873.2859125137329,17.03243417739868,641.2062649726868,completed
1322.539713,20,115.355073,1.0,True,20,0,0,751.3441591262817,1051.7988920211792,10.616875267028808,751.3441591262817,completed
916.482209,20,115.37387,1.0,True,20,0,0,686.3312087059021,1034.3616375923157,20.97303161621094,686.3312087059021,completed
1827.52628,20,115.392961,1.0,True,20,0,0,617.1306657791138,754.8010149002075,9.42285509109497,617.1306657791138,completed
1701.29445,20,115.411497,1.0,True,20,0,0,582.9139804840088,782.8154211044312,11.696504974365235,582.9139804840088,completed
1076.910155,20,115.429879,1.0,True,20,0,0,759.9816102981567,1042.884967803955,16.87318534851074,759.9816102981567,completed
1387.852357,20,115.449685,1.0,True,20,0,0,601.682110786438,888.3985786437988,15.097498512268066,601.682110786438,completed
1537.554558,20,115.469041,1.0,True,20,0,0,647.9775545597076,826.934332370758,12.975778579711914,647.9775545597076,completed
1291.499424,20,115.487821,1.0,True,20,0,0,694.677484035492,948.290867805481,15.089353275299072,694.677484035492,completed
2108.17382,20,115.506855,1.0,True,20,0,0,602.8815542459488,814.2116987705231,2.23660945892334,602.8815542459488,completed
1066.995883,20,115.526349,1.0,True,20,0,0,732.6133131980896,975.1072087287903,18.770454978942873,732.6133131980896,completed
1709.816975,20,115.545345,1.0,True,20,0,0,521.9892535209656,746.0751733779907,13.40766954421997,521.9892535209656,completed
2762.97875,20,115.564387,1.0,True,20,0,0,345.27828323841095,393.86845803260803,0.6649744033813476,345.27828323841095,completed
1625.749085,20,115.583851,1.0,True,20,0,0,599.8169374465942,797.5608434677124,12.926095628738404,599.8169374465942,completed
2395.071568,20,115.60209,1.0,True,20,0,0,518.1325073242188,591.895378112793,1.8241003036499024,518.1325073242188,completed
2021.458953,20,115.620972,1.0,True,20,0,0,554.31276512146,705.5697040557861,6.245667839050293,554.31276512146,completed
1874.680757,20,115.639495,1.0,True,20,0,0,539.9845037460327,762.4931373596191,9.814652252197266,539.9845037460327,completed
1910.714088,20,115.658219,1.0,True,20,0,0,671.6029100418091,728.7072067260742,7.243655967712402,671.6029100418091,completed
2539.680372,20,115.677536,1.0,True,20,0,0,517.3735885620117,572.6322498321533,0.0,517.3735885620117,completed
2525.040497,20,115.696357,1.0,True,20,0,0,505.37698340415955,516.25643491745,0.846280860900879,505.37698340415955,completed
672.730578,20,115.715597,1.0,True,20,0,0,749.9635272026062,1108.5316019058228,24.697663593292237,749.9635272026062,completed
1000.080521,20,115.734773,1.0,True,20,0,0,764.388069152832,1118.7365837097168,16.641909885406495,764.388069152832,completed
1790.978614,20,115.863427,1.0,True,20,0,0,661.6189861297607,817.7101993560791,6.689219379425049,661.6189861297607,completed
1741.521135,20,115.888169,1.0,True,20,0,0,638.7910680770874,739.9027118682861,11.657781028747559,638.7910680770874,completed
1838.131083,20,115.908191,1.0,True,20,0,0,581.3691334724426,761.0422773361206,8.897523307800293,581.3691334724426,completed
-4.976252,20,115.927441,1.0,True,20,0,0,890.4104537963867,1513.109661102295,24.657733821868895,890.4104537963867,completed
1009.068344,20,115.946663,1.0,True,20,0,0,673.9778499603271,975.5936164855957,20.459799194335936,673.9778499603271,completed
1340.333923,20,115.96624,1.0,True,20,0,0,693.2060141563416,906.0121870040894,13.803226566314697,693.2060141563416,completed
2222.783312,20,115.985358,1.0,True,20,0,0,538.168267250061,689.155779838562,3.1561092376708983,538.168267250061,completed
2424.392326,20,116.004086,1.0,True,20,0,0,506.3515839576721,654.8226318359375,0.16229572296142578,506.3515839576721,completed
1099.622641,20,116.023396,1.0,True,20,0,0,646.5351815223694,1084.5003480911255,16.862646675109865,646.5351815223694,completed
2467.544187,20,116.042477,1.0,True,20,0,0,506.3997526168823,570.7831974029541,0.7688611030578614,506.3997526168823,completed
1630.890562,20,116.061516,1.0,True,20,0,0,674.9456886053085,903.2283294200897,8.764771556854248,674.9456886053085,completed
738.235176,20,116.080795,1.0,True,20,0,0,822.5323276519775,1322.7263202667236,16.706161880493163,822.5323276519775,completed
222.791481,20,116.100515,1.0,True,20,0,0,821.9535026550293,1263.8540115356445,28.094925117492675,821.9535026550293,completed
1597.027426,20,116.119374,1.0,True,20,0,0,597.2988452911377,858.2765102386475,10.762227630615234,597.2988452911377,completed
1484.210576,20,116.13846,1.0,True,20,0,0,683.7549734115601,1031.3966941833496,9.400001907348633,683.7549734115601,completed
2036.664284,20,116.15696,1.0,True,20,0,0,602.3250789642334,755.2844676971436,5.028193855285645,602.3250789642334,completed
1988.612664,20,116.175502,1.0,True,20,0,0,550.1472115516663,720.3027567863464,6.724149417877197,550.1472115516663,completed
1263.029446,20,116.194232,1.0,True,20,0,0,683.6252088546753,863.6686029434204,17.04399914741516,683.6252088546753,completed
2475.670019,20,116.212624,1.0,True,20,0,0,519.9673597812653,542.1189064979553,1.7754692077636718,519.9673597812653,completed
1976.312914,20,116.232004,1.0,True,20,0,0,559.4944195747375,768.513955116272,6.815627098083496,559.4944195747375,completed
1567.55049,20,116.250995,1.0,True,20,0,0,610.9980399608612,842.5897154808044,12.97504997253418,610.9980399608612,completed
1067.475619,20,116.269964,1.0,True,20,0,0,708.9104373455048,1000.2494387626648,18.42259340286255,708.9104373455048,completed
1881.611091,20,116.289347,1.0,True,20,0,0,615.7517604827881,964.561182975769,2.9480137825012207,615.7517604827881,completed
2226.233982,20,116.308597,1.0,True,20,0,0,565.8787922859192,717.4692430496216,1.8755643844604493,565.8787922859192,completed
1375.077997,20,116.327253,1.0,True,20,0,0,684.3430695533752,1042.841320991516,11.80476770401001,684.3430695533752,completed
1862.225281,20,116.34593,1.0,True,20,0,0,610.8511077165604,831.4013330936432,6.54306468963623,610.8511077165604,completed
2100.344377,20,116.365053,1.0,True,20,0,0,579.8598897457123,710.3540892601013,4.383754777908325,579.8598897457123,completed
2522.232481,20,116.384112,1.0,True,20,0,0,468.9949359893799,529.361701965332,1.1018171310424805,468.9949359893799,completed
1926.60171,20,116.404167,1.0,True,20,0,0,596.2395851612091,755.9714312553406,7.852149105072021,596.2395851612091,completed
1962.785136,20,116.423451,1.0,True,20,0,0,538.9470810890198,765.9470167160034,7.53262243270874,538.9470810890198,completed
1405.405582,20,116.443676,1.0,True,20,0,0,682.6400920152664,819.8890898227692,15.953309106826783,682.6400920152664,completed
2545.758583,20,116.461953,1.0,True,20,0,0,459.40018433332443,530.2798599004745,1.2573365211486816,459.40018433332443,completed
1378.03185,20,116.481473,1.0,True,20,0,0,657.6501154899597,893.3066682815552,13.74351863861084,657.6501154899597,completed
2321.584938,20,116.501218,1.0,True,20,0,0,545.2898225784302,649.8452472686768,2.285284900665283,545.2898225784302,completed
1511.849524,20,116.519884,1.0,True,20,0,0,654.5268268585205,851.2789154052734,13.475689315795899,654.5268268585205,completed
1952.556596,20,116.538888,1.0,True,20,0,0,604.4681816101074,739.861216545105,6.897878932952881,604.4681816101074,completed
816.915105,20,116.563607,1.0,True,20,0,0,756.5126600265503,1164.940686225891,19.443563604354857,756.5126600265503,completed
1184.823684,20,116.585526,1.0,True,20,0,0,697.0573129653931,967.5376987457275,17.19126148223877,697.0573129653931,completed
1462.537639,20,116.604782,1.0,True,20,0,0,732.1431198120117,882.596607208252,12.68300552368164,732.1431198120117,completed
1453.064712,20,116.623663,1.0,True,20,0,0,751.4849371910095,833.9735231399536,13.341836261749268,751.4849371910095,completed
1872.492707,20,116.642746,1.0,True,20,0,0,654.6402146816254,805.3176989555359,6.3468423843383786,654.6402146816254,completed
2106.567533,20,117.827803,1.0,True,20,0,0,619.8032093048096,694.2398738861084,4.697167015075683,619.8032093048096,completed
2240.025446,20,117.847291,1.0,True,20,0,0,639.5586528778076,684.5043611526489,1.9571141242980956,639.5586528778076,completed
473.428633,20,117.866144,1.0,True,20,0,0,795.8200359344482,1272.0690398216248,23.245085048675538,795.8200359344482,completed
1739.848221,20,117.88501,1.0,True,20,0,0,541.3806171417236,725.7337665557861,11.675406646728515,541.3806171417236,completed
2111.043237,20,117.90365,1.0,True,20,0,0,558.0360202789307,670.9654750823975,4.901828193664551,558.0360202789307,completed
1748.487957,20,117.922808,1.0,True,20,0,0,587.4701199531555,793.9202146530151,9.517943382263184,587.4701199531555,completed
2048.109392,20,117.941412,1.0,True,20,0,0,639.491274356842,814.7137975692749,2.550266647338867,639.491274356842,completed
2056.326255,20,117.96069,1.0,True,20,0,0,644.9052181243896,802.5893402099609,2.5970584869384767,644.9052181243896,completed
1969.769194,20,117.979488,1.0,True,20,0,0,582.4049816131592,728.703577041626,8.355347061157227,582.4049816131592,completed
1788.54555,20,117.998144,1.0,True,20,0,0,487.88899517059326,685.7760467529297,12.984185028076173,487.88899517059326,completed
1714.031783,20,118.016714,1.0,True,20,0,0,651.4700441360474,823.4797716140747,9.85646104812622,651.4700441360474,completed
2486.996751,20,118.037276,1.0,True,20,0,0,500.5847153663635,593.7016086578369,0.3645162582397461,500.5847153663635,completed
1543.777152,20,118.055823,1.0,True,20,0,0,674.1484050750732,918.0947093963623,11.170740604400635,674.1484050750732,completed
917.258425,20,118.075345,1.0,True,20,0,0,776.0726486444473,1012.1321918964386,21.468814373016357,776.0726486444473,completed
2261.093804,20,118.094038,1.0,True,20,0,0,578.7865114212036,725.2146396636963,0.5974546432495117,578.7865114212036,completed
2498.041009,20,118.113152,1.0,True,20,0,0,455.5493674874306,559.096678853035,1.71557559967041,455.5493674874306,completed
2096.052172,20,118.132056,1.0,True,20,0,0,540.070960521698,637.7152509689331,7.710461902618408,540.070960521698,completed
1931.25881,20,118.150746,1.0,True,20,0,0,586.5005450248718,813.6324486732483,5.67112922668457,586.5005450248718,completed
1976.449812,20,118.169661,1.0,True,20,0,0,553.0000548362732,711.9801487922668,8.464299774169922,553.0000548362732,completed
2027.525328,20,118.188871,1.0,True,20,0,0,538.0142087936401,690.2359371185303,7.385165405273438,538.0142087936401,completed
1558.6895,20,118.207512,1.0,True,20,0,0,614.3756818771362,816.1033573150635,12.624284934997558,614.3756818771362,completed
2057.157351,20,118.22646,1.0,True,20,0,0,523.2996056079865,786.3134293556213,4.847952842712402,523.2996056079865,completed
549.649463,20,118.245253,1.0,True,20,0,0,712.7297019958496,1073.3650159835815,28.675279951095582,712.7297019958496,completed
1825.342191,20,118.26398,1.0,True,20,0,0,601.7793941497803,733.3401145935059,9.672901153564453,601.7793941497803,completed
1944.390922,20,118.282796,1.0,True,20,0,0,645.1645154953003,903.8491926193237,1.9819064140319824,645.1645154953003,completed
1753.471534,20,118.301604,1.0,True,20,0,0,571.2817355394363,747.4356291294098,11.539505815505981,571.2817355394363,completed
1172.204413,20,118.320437,1.0,True,20,0,0,774.5015621185303,1058.6105461120605,13.840576219558717,774.5015621185303,completed
1377.812882,20,118.339772,1.0,True,20,0,0,631.6713380813599,931.0552673339844,13.725588035583495,631.6713380813599,completed
1627.367091,20,118.358883,1.0,True,20,0,0,591.7617349624634,803.9094276428223,12.206887435913085,591.7617349624634,completed
1931.812388,20,118.377585,1.0,True,20,0,0,608.3270330429077,949.7117280960083,2.212712287902832,608.3270330429077,completed
2063.345459,20,118.396652,1.0,True,20,0,0,612.0692502260208,742.646124124527,5.187556362152099,612.0692502260208,completed
1890.390907,20,118.415267,1.0,True,20,0,0,542.2092642784119,713.914891242981,9.474428844451904,542.2092642784119,completed
1801.875817,20,118.434078,1.0,True,20,0,0,548.38450050354,717.4039001464844,11.498729801177978,548.38450050354,completed
1229.272813,20,118.453291,1.0,True,20,0,0,607.9509468078613,886.2698917388916,18.40149345397949,607.9509468078613,completed
1624.47392,20,118.471709,1.0,True,20,0,0,590.8099436759949,783.8653478622437,12.844705772399902,590.8099436759949,completed
1996.02235,20,118.490644,1.0,True,20,0,0,633.7688627243042,937.8612041473389,1.176725196838379,633.7688627243042,completed
1581.236227,20,118.509769,1.0,True,20,0,0,594.8672218322754,887.8608350753784,11.62991304397583,594.8672218322754,completed
1394.210884,20,118.528752,1.0,True,20,0,0,693.9954385757446,1098.2850437164307,9.031957626342773,693.9954385757446,completed
467.473695,20,118.549172,1.0,True,20,0,0,853.5553865432739,1304.8594589233398,23.501191711425783,853.5553865432739,completed
2073.423705,20,118.568101,1.0,True,20,0,0,559.919949054718,808.6968169212341,2.65144567489624,559.919949054718,completed
2345.966354,20,118.586509,1.0,True,20,0,0,566.6265516281128,721.8706502914429,0.0,566.6265516281128,completed
40.762256,20,118.605271,1.0,True,20,0,0,891.8103685379028,1289.3595008850098,30.896401786804198,891.8103685379028,completed
1525.052434,20,118.624408,1.0,True,20,0,0,720.7449359893799,982.9881925582886,8.530339813232422,720.7449359893799,completed
2186.051742,20,118.643079,1.0,True,20,0,0,593.3303458690643,774.3999133110046,1.5277536392211915,593.3303458690643,completed
1918.659889,20,118.662038,1.0,True,20,0,0,577.661276102066,683.384603023529,9.700507044792175,577.661276102066,completed
2096.090436,20,118.680564,1.0,True,20,0,0,583.0684823989868,769.9238109588623,3.4288070678710936,583.0684823989868,completed
2075.967041,20,118.699547,1.0,True,20,0,0,633.0230207443237,761.7406673431396,3.407610321044922,633.0230207443237,completed
1990.565588,20,118.718994,1.0,True,20,0,0,539.8758387565613,721.8711414337158,7.411266326904297,539.8758387565613,completed
1648.310746,20,118.737935,1.0,True,20,0,0,575.9260106086731,768.5249013900757,12.893906402587891,575.9260106086731,completed
1877.724376,20,118.757243,1.0,True,20,0,0,540.2374043464661,755.5711870193481,8.050121879577636,540.2374043464661,completed
1825.494721,20,118.777024,1.0,True,20,0,0,582.7374711036682,767.7204027175903,9.009258842468261,582.7374711036682,completed
1497.086312,20,118.796104,1.0,True,20,0,0,574.906979560852,797.8470497131348,15.258443641662598,574.906979560852,completed
2129.292831,20,118.815645,1.0,True,20,0,0,524.9313771724701,719.9741206169128,4.84442024230957,524.9313771724701,completed
1426.172151,20,118.834889,1.0,True,20,0,0,663.1569547653198,857.5883541107178,14.689662170410156,663.1569547653198,completed
1405.001148,20,118.85392,1.0,True,20,0,0,663.6930499076843,1000.4747266769409,11.281520557403564,663.6930499076843,completed
2249.499318,20,118.872497,1.0,True,20,0,0,476.59872817993164,630.6287651062012,5.021245098114013,476.59872817993164,completed
2019.434691,20,118.893594,1.0,True,20,0,0,534.1168438196182,650.187983751297,8.747210502624512,534.1168438196182,completed
1211.200923,20,118.913233,1.0,True,20,0,0,713.8227958679199,1000.0669078826904,16.635795021057127,713.8227958679199,completed
2729.327439,20,118.932094,1.0,True,20,0,0,371.34954857826233,446.0109887123108,0.30626859664916994,371.34954857826233,completed
1320.414279,20,118.950923,1.0,True,20,0,0,784.4776864051819,1101.1045217514038,9.442103385925293,784.4776864051819,completed
1872.051863,20,118.969828,1.0,True,20,0,0,617.7114262580872,766.1680250167847,7.363411331176758,617.7114262580872,completed
2005.494804,20,118.988698,1.0,True,20,0,0,526.7320866584778,725.3113470077515,6.515586566925049,526.7320866584778,completed
1562.555806,20,119.008041,1.0,True,20,0,0,634.3176374435425,884.5030117034912,12.22250747680664,634.3176374435425,completed
1343.664574,20,119.02684,1.0,True,20,0,0,632.8320369720459,1008.0866069793701,13.068523406982422,632.8320369720459,completed
1826.869318,20,119.046074,1.0,True,20,0,0,608.1389908790588,888.1251554489136,5.9077404022216795,608.1389908790588,completed
2277.908824,20,119.065174,1.0,True,20,0,0,570.1664867401123,781.8102579116821,0.0,570.1664867401123,completed
1013.573105,20,119.083878,1.0,True,20,0,0,686.3589329719543,986.6023244857788,21.108724451065065,686.3589329719543,completed
2340.572088,20,119.102607,1.0,True,20,0,0,538.1243124008179,659.1353073120117,1.6626121520996093,538.1243124008179,completed
993.697281,20,119.121408,1.0,True,20,0,0,763.7147197723389,1035.4776458740234,17.226211929321288,763.7147197723389,completed
1821.756852,20,119.140873,1.0,True,20,0,0,706.9670045375824,1015.1127095222473,2.31097412109375,706.9670045375824,completed
1416.618388,20,119.160573,1.0,True,20,0,0,715.2566823959351,971.1863803863525,11.023064613342285,715.2566823959351,completed
2223.991749,20,119.179977,1.0,True,20,0,0,542.6630425453186,665.5917167663574,3.7064884185791014,542.6630425453186,completed
1320.728254,20,119.19899,1.0,True,20,0,0,635.1053056716919,875.9933280944824,15.990397548675537,635.1053056716919,completed
2150.378451,20,119.218394,1.0,True,20,0,0,559.8333683013916,693.4950819015503,4.521923446655274,559.8333683013916,completed
572.870082,20,119.237307,1.0,True,20,0,0,778.3331985473633,1068.6202583312988,27.866192865371705,778.3331985473633,completed
2257.004002,20,119.255992,1.0,True,20,0,0,438.1966609954834,649.1394996643066,3.650613784790039,438.1966609954834,completed
1111.732995,20,119.275406,1.0,True,20,0,0,767.8270673751831,1046.54935836792,15.78416175842285,767.8270673751831,completed
2128.436096,20,119.294413,1.0,True,20,0,0,650.9726808071136,838.4835419654846,0.34120998382568357,650.9726808071136,completed
2351.209846,20,119.313258,1.0,True,20,0,0,497.1881811618805,542.722275018692,4.587068557739258,497.1881811618805,completed
2539.680372,20,119.332201,1.0,True,20,0,0,517.3735885620117,572.6322498321533,0.0,517.3735885620117,completed
995.88306,20,119.351108,1.0,True,20,0,0,814.6630458831787,1268.6557960510254,12.494943428039551,814.6630458831787,completed
2058.069909,20,119.37016,1.0,True,20,0,0,567.6609482765198,759.924370765686,4.260417842864991,567.6609482765198,completed
2316.269245,20,119.394437,1.0,True,20,0,0,607.047678232193,673.5131802558899,0.8409412384033204,607.047678232193,completed
2159.989745,20,119.414082,1.0,True,20,0,0,529.4968075752258,649.866997718811,5.9364618301391605,529.4968075752258,completed
1285.017822,20,119.432902,1.0,True,20,0,0,657.7212743759155,870.211407661438,17.327921628952026,657.7212743759155,completed
1865.479636,20,119.451573,1.0,True,20,0,0,546.2893781661987,704.2697162628174,10.301251220703126,546.2893781661987,completed
1950.233307,20,119.470895,1.0,True,20,0,0,620.0119380950928,735.1522598266602,6.852301120758057,620.0119380950928,completed
1984.696245,20,119.489954,1.0,True,20,0,0,637.1510605812073,787.0810251235962,4.930599784851074,637.1510605812073,completed
989.444558,20,119.508599,1.0,True,20,0,0,733.090115070343,1030.4250116348267,19.18084650039673,733.090115070343,completed
1938.716911,20,119.527165,1.0,True,20,0,0,568.5167179107666,699.891767501831,8.882302856445312,568.5167179107666,completed
1447.498276,20,119.545963,1.0,True,20,0,0,711.1151649951935,1003.4867815971375,10.674929141998291,711.1151649951935,completed
2459.22983,20,119.565056,1.0,True,20,0,0,523.1575593948364,588.6213207244873,0.8598045349121094,523.1575593948364,completed
1777.373358,20,119.584483,1.0,True,20,0,0,629.7281951904297,846.8335361480713,6.706820869445801,629.7281951904297,completed
2178.732834,20,119.602924,1.0,True,20,0,0,560.4924513101578,800.062775850296,1.497566032409668,560.4924513101578,completed
1957.43541,20,119.621538,1.0,True,20,0,0,587.7156481742859,763.5228910446167,6.376500511169434,587.7156481742859,completed
1945.973077,20,119.640707,1.0,True,20,0,0,559.5194959640503,721.4602813720703,8.86772289276123,559.5194959640503,completed
1600.722597,20,119.659544,1.0,True,20,0,0,591.9494118690491,796.1197023391724,13.709402084350586,591.9494118690491,completed
2370.663383,20,119.678249,1.0,True,20,0,0,479.8960244655609,566.588385105133,3.078794479370117,479.8960244655609,completed
1816.06187,20,119.697501,1.0,True,20,0,0,677.6082503795624,922.0282292366028,4.203553199768066,677.6082503795624,completed
1226.483044,20,119.716305,1.0,True,20,0,0,682.1603879928589,1027.4155883789062,14.101589393615722,682.1603879928589,completed
1787.450119,20,119.735215,1.0,True,20,0,0,667.5603613853455,853.7021360397339,6.9485328674316404,667.5603613853455,completed
1942.8767,20,119.754198,1.0,True,20,0,0,526.2582136392593,700.499293088913,8.77047872543335,526.2582136392593,completed
866.231831,20,119.773086,1.0,True,20,0,0,758.28600025177,1132.2497272491455,19.70804672241211,758.28600025177,completed
1673.129672,20,120.971693,1.0,True,20,0,0,638.3680646419525,875.6863284111023,9.014863204956054,638.3680646419525,completed
1635.977456,20,120.990968,1.0,True,20,0,0,620.9215064048767,840.2425918579102,11.805069732666016,620.9215064048767,completed
675.979474,20,121.010195,1.0,True,20,0,0,849.9731779098511,1224.522211074829,20.551554679870605,849.9731779098511,completed
1984.891444,20,121.028903,1.0,True,20,0,0,573.9343822002411,702.2505412101746,8.206808280944824,573.9343822002411,completed
1685.755268,20,121.048295,1.0,True,20,0,0,625.2547874450684,814.4031887054443,11.831208801269531,625.2547874450684,completed
866.714778,20,121.067542,1.0,True,20,0,0,748.7827520370483,1105.8758296966553,19.313803958892823,748.7827520370483,completed
2394.039086,20,121.086766,1.0,True,20,0,0,506.83780455589294,631.7521052360535,1.5482728958129883,506.83780455589294,completed
1308.965197,20,121.105861,1.0,True,20,0,0,657.9816446304321,901.3354187011719,15.86942138671875,657.9816446304321,completed
2013.246196,20,121.124897,1.0,True,20,0,0,531.6430253982544,765.1760301589966,6.401858901977539,531.6430253982544,completed
1954.337149,20,121.144486,1.0,True,20,0,0,534.3740644454956,693.3243789672852,8.559539890289306,534.3740644454956,completed
2097.593316,20,121.163391,1.0,True,20,0,0,575.8952711820602,682.4945542812347,5.2781377792358395,575.8952711820602,completed
304.522101,20,121.18222,1.0,True,20,0,0,940.367974281311,1266.899887084961,26.06668095588684,940.367974281311,completed
1485.734141,20,121.201488,1.0,True,20,0,0,614.3048233985901,841.6998796463013,13.120327425003051,614.3048233985901,completed
2104.40836,20,121.220331,1.0,True,20,0,0,650.1756296157837,798.429443359375,2.055346870422363,650.1756296157837,completed
1140.418994,20,121.239051,1.0,True,20,0,0,648.051372051239,1056.3927597999573,17.8429536819458,648.051372051239,completed
2095.503148,20,121.258198,1.0,True,20,0,0,499.96625685691833,682.1822295188904,5.852916145324707,499.96625685691833,completed
1507.116451,20,121.277185,1.0,True,20,0,0,659.1303977966309,905.6379413604736,12.030089378356934,659.1303977966309,completed
1885.646954,20,121.296386,1.0,True,20,0,0,524.101692199707,680.5853080749512,10.781204795837402,524.101692199707,completed
1663.282953,20,121.31485,1.0,True,20,0,0,645.6701154708862,941.450737953186,7.342979145050049,645.6701154708862,completed
2104.219327,20,121.333627,1.0,True,20,0,0,520.9958820939064,696.7544003725052,5.543832588195801,520.9958820939064,completed
2079.096355,20,121.35211,1.0,True,20,0,0,549.5393772125244,751.5777196884155,4.861113166809082,549.5393772125244,completed
1415.888929,20,121.37193,1.0,True,20,0,0,669.8265571594238,1013.2735919952393,10.5653546333313,669.8265571594238,completed
666.997354,20,121.39104,1.0,True,20,0,0,783.8029403686523,1108.3976950645447,23.712085437774657,783.8029403686523,completed
991.634468,20,121.410553,1.0,True,20,0,0,750.5144846439362,1070.7434487342834,19.00597620010376,750.5144846439362,completed
1619.108014,20,121.429788,1.0,True,20,0,0,574.3613777160645,974.3246994018555,9.862949752807618,574.3613777160645,completed
1297.685887,20,121.448812,1.0,True,20,0,0,712.1770401000977,1010.1044883728027,12.347323799133301,712.1770401000977,completed
2305.353644,20,121.46758,1.0,True,20,0,0,542.272114276886,672.6965532302856,1.4829219818115233,542.272114276886,completed
1698.172841,20,121.487071,1.0,True,20,0,0,648.1326820850372,867.9589736461639,8.454816961288453,648.1326820850372,completed
909.545847,20,121.50588,1.0,True,20,0,0,773.6332635879517,1216.9231328964233,16.066468715667725,773.6332635879517,completed
2243.185142,20,121.524467,1.0,True,20,0,0,484.64288091659546,644.8817796707153,4.666479301452637,484.64288091659546,completed
1572.247233,20,121.543367,1.0,True,20,0,0,707.1608457565308,1110.6500444412231,5.9185302734375,707.1608457565308,completed
2277.908824,20,121.562278,1.0,True,20,0,0,570.1664867401123,781.8102579116821,0.0,570.1664867401123,completed
1826.82431,20,121.58193,1.0,True,20,0,0,570.26400578022,776.6565687656403,8.917376518249512,570.26400578022,completed
1967.157743,20,121.600405,1.0,True,20,0,0,553.5433535575867,692.996470451355,7.960503196716308,553.5433535575867,completed
1237.439642,20,121.619105,1.0,True,20,0,0,640.4096829891205,1023.2418990135193,15.193711471557616,640.4096829891205,completed
2189.902632,20,121.637731,1.0,True,20,0,0,613.684965133667,776.40598487854,1.0709951400756836,613.684965133667,completed
1840.926361,20,121.657138,1.0,True,20,0,0,577.8507504463196,761.5328073501587,8.241927528381348,577.8507504463196,completed
-195.765415,20,121.67579,1.0,True,20,0,0,869.3430018424988,1470.974757194519,30.902184534072877,869.3430018424988,completed
2129.238894,20,121.695038,1.0,True,20,0,0,562.1466751098633,699.0571613311768,4.237755584716797,562.1466751098633,completed
2064.883839,20,121.713995,1.0,True,20,0,0,537.7172589302063,738.7233281135559,5.1222536087036135,537.7172589302063,completed
1888.143213,20,121.73322,1.0,True,20,0,0,638.2141337394714,872.0719976425171,4.991227722167968,638.2141337394714,completed
2435.163089,20,121.752032,1.0,True,20,0,0,491.494158744812,572.3613061904907,1.7585744857788086,491.494158744812,completed
1194.450929,20,121.770895,1.0,True,20,0,0,704.2253580093384,1080.9315013885498,12.474730110168457,704.2253580093384,completed
1828.164879,20,121.790368,1.0,True,20,0,0,570.4419651031494,768.1654214859009,9.739699459075927,570.4419651031494,completed
2164.969573,20,121.808602,1.0,True,20,0,0,554.3219561576843,660.3374319076538,5.7766519546508786,554.3219561576843,completed
2048.072494,20,121.827326,1.0,True,20,0,0,518.6944482326508,707.5002627372742,6.6865137100219725,518.6944482326508,completed
2165.987325,20,121.846405,1.0,True,20,0,0,594.6065919399261,770.4696354866028,2.1183030128479006,594.6065919399261,completed
993.335873,20,121.865292,1.0,True,20,0,0,748.2965850830078,1071.128646850586,18.36111660003662,748.2965850830078,completed
2013.951377,20,121.883775,1.0,True,20,0,0,560.80690574646,747.9976062774658,5.79417781829834,560.80690574646,completed
1659.137239,20,121.902506,1.0,True,20,0,0,667.940869808197,817.0703535079956,11.158021259307862,667.940869808197,completed
995.079027,20,121.92127,1.0,True,20,0,0,814.0142259597778,1122.3007497787476,17.174540328979493,814.0142259597778,completed
1970.656703,20,121.950406,1.0,True,20,0,0,671.8277368545532,858.7841539382935,2.7896021366119386,671.8277368545532,completed
1035.969639,20,121.969278,1.0,True,20,0,0,685.3576455116272,1019.8426828384399,19.02472057342529,685.3576455116272,completed
1689.685926,20,121.987736,1.0,True,20,0,0,658.0480604171753,876.584813117981,8.906048583984376,658.0480604171753,completed
1464.541056,20,122.007736,1.0,True,20,0,0,648.6625609397888,917.7487959861755,13.543443298339843,648.6625609397888,completed
2176.70251,20,122.026378,1.0,True,20,0,0,532.1772012710571,675.8338899612427,4.139347267150879,532.1772012710571,completed
964.828258,20,122.045152,1.0,True,20,0,0,761.2276076078415,1081.5250642299652,18.59394016265869,761.2276076078415,completed
612.867645,20,122.063844,1.0,True,20,0,0,801.5109605789185,1113.9895648956299,24.645931434631347,801.5109605789185,completed
2219.310176,20,122.082747,1.0,True,20,0,0,502.13041591644287,628.6552391052246,4.197270298004151,502.13041591644287,completed
1990.658503,20,122.101565,1.0,True,20,0,0,602.4344925880432,829.4714593887329,3.5115549087524416,602.4344925880432,completed
1630.68321,20,122.120569,1.0,True,20,0,0,709.9377551078796,974.0385465621948,6.922793388366699,709.9377551078796,completed
1916.584079,20,122.139421,1.0,True,20,0,0,547.5499014854431,787.2466878890991,6.722865581512451,547.5499014854431,completed
1731.98139,20,122.158212,1.0,True,20,0,0,580.7359352111816,987.0738143920898,5.96989631652832,580.7359352111816,completed
1995.56996,20,122.177217,1.0,True,20,0,0,553.0824861526489,671.5121278762817,7.847930192947388,553.0824861526489,completed
2272.855883,20,122.196471,1.0,True,20,0,0,557.1173906326294,725.4949007034302,1.245732307434082,557.1173906326294,completed
2112.648898,20,122.214702,1.0,True,20,0,0,591.8743314743042,772.3662099838257,3.440591812133789,591.8743314743042,completed
1275.155939,20,122.233496,1.0,True,20,0,0,661.5084676742554,964.4942197799683,16.174883460998537,661.5084676742554,completed
387.475053,20,122.252343,1.0,True,20,0,0,837.3233919143677,1207.1510791778564,25.93161811828613,837.3233919143677,completed
1323.466426,20,122.2711,1.0,True,20,0,0,640.8696904182434,1015.0905561447144,12.010303688049316,640.8696904182434,completed
2147.276253,20,122.289819,1.0,True,20,0,0,571.7234292030334,770.4421739578247,2.3050824642181396,571.7234292030334,completed
1807.021709,20,122.308248,1.0,True,20,0,0,606.104323387146,743.3049564361572,10.41700611114502,606.104323387146,completed
1225.482895,20,122.326888,1.0,True,20,0,0,626.7824244499207,896.5434436798096,19.18124656677246,626.7824244499207,completed
1302.799084,20,122.345534,1.0,True,20,0,0,663.9506480693817,975.7577815055847,14.512424182891845,663.9506480693817,completed
2009.912489,20,122.364146,1.0,True,20,0,0,565.4309358596802,744.0229387283325,5.935092926025391,565.4309358596802,completed
1438.275024,20,122.38297,1.0,True,20,0,0,625.0231304168701,922.2633295059204,13.180535888671875,625.0231304168701,completed
1398.070947,20,122.401843,1.0,True,20,0,0,691.534646987915,914.2196712493896,14.03416566848755,691.534646987915,completed
1586.856218,20,122.421814,1.0,True,20,0,0,670.0380053520203,953.7952699661255,7.923654556274414,670.0380053520203,completed
1595.610673,20,122.441593,1.0,True,20,0,0,715.8590965270996,945.5353116989136,9.119625663757324,715.8590965270996,completed
1148.439246,20,122.460734,1.0,True,20,0,0,636.5841298103333,926.1095399856567,20.77224454879761,636.5841298103333,completed
1749.102438,20,122.479959,1.0,True,20,0,0,585.1916880607605,805.4079942703247,10.470843887329101,585.1916880607605,completed
1990.601287,20,122.499283,1.0,True,20,0,0,592.3764247894287,713.2546234130859,6.234819316864014,592.3764247894287,completed
672.603113,20,122.518101,1.0,True,20,0,0,715.405927658081,1141.1060218811035,22.44841766357422,715.405927658081,completed
1646.16292,20,122.536648,1.0,True,20,0,0,624.5679969787598,825.7180633544922,11.895160293579101,624.5679969787598,completed
1148.413405,20,122.555733,1.0,True,20,0,0,710.8628344535828,921.4035978317261,19.163123416900635,710.8628344535828,completed
2009.250316,20,122.574929,1.0,True,20,0,0,589.8891270160675,782.6129989624023,4.523547720909119,589.8891270160675,completed
1753.079669,20,122.59346,1.0,True,20,0,0,601.5282516479492,866.7353229522705,7.814863109588623,601.5282516479492,completed
1902.108249,20,122.612468,1.0,True,20,0,0,555.6967055797577,743.6658511161804,8.78603229522705,555.6967055797577,completed
1563.747964,20,122.631319,1.0,True,20,0,0,650.7841634750366,942.0821781158447,9.73727855682373,650.7841634750366,completed
2022.942123,20,122.650217,1.0,True,20,0,0,625.5174341201782,725.290096282959,5.848207759857178,625.5174341201782,completed
1266.771956,20,122.669046,1.0,True,20,0,0,667.5647497177124,885.1015682220459,18.476936721801756,667.5647497177124,completed
2003.664277,20,122.687823,1.0,True,20,0,0,616.1233549118042,716.6499099731445,6.083670234680175,616.1233549118042,completed
1362.409177,20,122.706342,1.0,True,20,0,0,689.3464975357056,1014.588604927063,10.948386478424073,689.3464975357056,completed
1528.776441,20,122.725186,1.0,True,20,0,0,643.6385555267334,959.7578964233398,10.232668495178222,643.6385555267334,completed
767.952047,20,122.744438,1.0,True,20,0,0,819.0044498443604,1129.5544052124023,21.95338592529297,819.0044498443604,completed
1576.994748,20,122.763502,1.0,True,20,0,0,585.1549835205078,775.3426532745361,13.72588357925415,585.1549835205078,completed
1858.438954,20,122.782938,1.0,True,20,0,0,584.8938865661621,807.3969841003418,7.6872007846832275,584.8938865661621,completed
1224.192655,20,122.801934,1.0,True,20,0,0,729.1156115531921,935.5627822875977,15.355472946166993,729.1156115531921,completed
1712.42698,20,122.821449,1.0,True,20,0,0,594.4205284118652,815.2248516082764,10.979334163665772,594.4205284118652,completed
2323.059084,20,122.840195,1.0,True,20,0,0,521.5447931289673,658.0968351364136,2.3776880264282227,521.5447931289673,completed
2145.772883,20,122.858836,1.0,True,20,0,0,545.2992916107178,695.2525568008423,3.5567432403564454,545.2992916107178,completed
1077.60059,20,122.877348,1.0,True,20,0,0,684.5801382064819,1006.5895586013794,17.110070323944093,684.5801382064819,completed
1823.698774,20,122.896365,1.0,True,20,0,0,625.3358364105225,792.6845417022705,7.728668212890625,625.3358364105225,completed
1264.364012,20,124.120293,1.0,True,20,0,0,796.4860062599182,1205.094780921936,8.428503131866455,796.4860062599182,completed
1071.484412,20,124.139369,1.0,True,20,0,0,779.343599319458,1159.7911252975464,13.503479766845704,779.343599319458,completed
2270.777229,20,124.158892,1.0,True,20,0,0,549.1927888393402,672.9805941581726,2.235711097717285,549.1927888393402,completed
2140.554813,20,124.178267,1.0,True,20,0,0,582.8062620162964,650.8164186477661,4.971584224700928,582.8062620162964,completed
1616.866456,20,124.19736,1.0,True,20,0,0,594.0329666137695,804.851583480835,13.03442554473877,594.0329666137695,completed
1423.806872,20,124.216595,1.0,True,20,0,0,656.5401592254639,943.4830780029297,12.485941171646118,656.5401592254639,completed
2146.36111,20,124.235873,1.0,True,20,0,0,588.8003814220428,686.9836316108704,4.366916656494141,588.8003814220428,completed
1493.879733,20,124.255046,1.0,True,20,0,0,697.8191690444946,947.0191097259521,10.642693614959716,697.8191690444946,completed
2091.729986,20,124.273717,1.0,True,20,0,0,465.50636529922485,619.1460008621216,8.822639846801758,465.50636529922485,completed
2262.853218,20,124.293505,1.0,True,20,0,0,602.9347562789917,747.0343046188354,0.216204833984375,602.9347562789917,completed
2189.777437,20,124.31267,1.0,True,20,0,0,509.7413520812988,628.4991226196289,6.075717926025391,509.7413520812988,completed
2049.711122,20,124.331333,1.0,True,20,0,0,557.5018396377563,674.5212440490723,6.970360136032104,557.5018396377563,completed
1565.404498,20,124.350276,1.0,True,20,0,0,596.2280645370483,851.5643501281738,13.003446960449219,596.2280645370483,completed
1828.655415,20,124.368884,1.0,True,20,0,0,643.0210866928101,813.9034900665283,7.38095235824585,643.0210866928101,completed
1573.371332,20,124.387862,1.0,True,20,0,0,629.6514043807983,895.5143909454346,11.09429988861084,629.6514043807983,completed
2139.016556,20,124.407622,1.0,True,20,0,0,509.2949959039688,666.5728576183319,6.9294075727462765,509.2949959039688,completed
1580.128287,20,124.427208,1.0,True,20,0,0,659.5284633636475,969.1674337387085,7.2017614364624025,659.5284633636475,completed
1834.250747,20,124.445843,1.0,True,20,0,0,672.2558341026306,863.0930814743042,5.4498340606689455,672.2558341026306,completed
1081.738257,20,124.464733,1.0,True,20,0,0,675.6378488540649,1023.7564830780029,17.918672561645508,675.6378488540649,completed
262.431681,20,124.483729,1.0,True,20,0,0,834.5820441246033,1401.452841758728,23.755524158477783,834.5820441246033,completed
1927.728432,20,124.502382,1.0,True,20,0,0,565.1565780639648,699.8421840667725,9.208780479431152,565.1565780639648,completed
2227.009279,20,124.521749,1.0,True,20,0,0,507.22817182540894,600.8859128952026,5.316982841491699,507.22817182540894,completed
1379.810066,20,124.540519,1.0,True,20,0,0,698.3134859800339,1009.0751187801361,12.405480289459229,698.3134859800339,completed
1645.615856,20,124.559775,1.0,True,20,0,0,635.2083959579468,940.5818290710449,8.59047737121582,635.2083959579468,completed
2065.856377,20,124.578419,1.0,True,20,0,0,518.7735767364502,649.2381134033203,7.217938804626465,518.7735767364502,completed
2479.235492,20,124.597358,1.0,True,20,0,0,466.1639063358307,557.9264435768127,2.058676910400391,466.1639063358307,completed
1772.636901,20,124.616286,1.0,True,20,0,0,665.1814341545105,791.6680216789246,9.060485363006592,665.1814341545105,completed
1530.755802,20,124.634599,1.0,True,20,0,0,659.2292773723602,819.935389995575,13.794442558288575,659.2292773723602,completed
1225.571328,20,124.653255,1.0,True,20,0,0,825.698408126831,1085.9922723770142,10.360453176498414,825.698408126831,completed
2045.882853,20,124.672105,1.0,True,20,0,0,553.0109453201294,703.9488592147827,6.324170875549316,553.0109453201294,completed
1861.861419,20,124.690301,1.0,True,20,0,0,543.2567160129547,720.0273480415344,10.003861713409425,543.2567160129547,completed
1760.187022,20,124.709334,1.0,True,20,0,0,602.9771001338959,892.3368220329285,7.536405348777771,602.9771001338959,completed
2138.996985,20,124.728118,1.0,True,20,0,0,629.0543372631073,719.0035259723663,3.066663360595703,629.0543372631073,completed
1134.703726,20,124.746622,1.0,True,20,0,0,748.6715834140778,1053.4532661437988,15.307368278503418,748.6715834140778,completed
2132.389077,20,124.765541,1.0,True,20,0,0,511.6727900505066,647.6282873153687,6.3304033279418945,511.6727900505066,completed
1286.211156,20,124.784352,1.0,True,20,0,0,733.9737629890442,1066.5257539749146,12.630656433105468,733.9737629890442,completed
2439.551048,20,124.803217,1.0,True,20,0,0,478.6407914161682,593.5355138778687,1.8843852996826171,478.6407914161682,completed
1191.033186,20,124.822219,1.0,True,20,0,0,675.6202007234097,967.0195991396904,17.37182836532593,675.6202007234097,completed
2605.663194,20,124.84126,1.0,True,20,0,0,486.8808159828186,529.2802877426147,0.0,486.8808159828186,completed
1491.809797,20,124.860829,1.0,True,20,0,0,655.2086811065674,1026.5536842346191,9.146398544311523,655.2086811065674,completed
2121.275311,20,124.87949,1.0,True,20,0,0,548.3782558441162,707.609582901001,3.7831798553466798,548.3782558441162,completed
1311.713172,20,124.899207,1.0,True,20,0,0,690.3801507949829,880.3449935913086,15.89198112487793,690.3801507949829,completed
1207.23494,20,124.918989,1.0,True,20,0,0,765.9184403419495,1256.1291284561157,8.911798858642578,765.9184403419495,completed
1443.524615,20,124.938136,1.0,True,20,0,0,737.5691118240356,965.6069564819336,11.419156646728515,737.5691118240356,completed
1652.255485,20,124.957534,1.0,True,20,0,0,601.4302697181702,789.2100567817688,12.468882274627685,601.4302697181702,completed
1831.688075,20,124.975856,1.0,True,20,0,0,560.7510404586792,757.6227703094482,8.211906337738037,560.7510404586792,completed
2030.524124,20,124.995811,1.0,True,20,0,0,643.9617705345154,809.1289434432983,3.701424407958984,643.9617705345154,completed
1879.417645,20,125.015257,1.0,True,20,0,0,598.9854488372803,824.9466428756714,6.468744468688965,598.9854488372803,completed
2325.801682,20,125.03406,1.0,True,20,0,0,500.5584325790405,576.4789371490479,4.868410682678222,500.5584325790405,completed
1996.523405,20,125.052964,1.0,True,20,0,0,548.2595586776733,733.2809181213379,6.822796249389649,548.2595586776733,completed
1230.914692,20,125.07231,1.0,True,20,0,0,711.1980772018433,917.3042812347412,17.20829381942749,711.1980772018433,completed
1516.344663,20,125.091371,1.0,True,20,0,0,634.8804931640625,899.1105213165283,11.717636680603027,634.8804931640625,completed
1205.639571,20,125.110317,1.0,True,20,0,0,618.0661745071411,938.2290153503418,17.411720180511473,618.0661745071411,completed
795.354975,20,125.129199,1.0,True,20,0,0,880.0781457424164,1145.7387375831604,18.65713815689087,880.0781457424164,completed
1920.146252,20,125.148101,1.0,True,20,0,0,635.6865215301514,903.195746421814,3.373162841796875,635.6865215301514,completed
1779.565849,20,125.167726,1.0,True,20,0,0,621.7635068893433,879.6196899414062,7.11985969543457,621.7635068893433,completed
1535.341024,20,125.18619,1.0,True,20,0,0,744.0726714134216,1085.4775471687317,6.354751777648926,744.0726714134216,completed
1027.557351,20,125.205071,1.0,True,20,0,0,729.9987211227417,1208.9748344421387,14.614277458190918,729.9987211227417,completed
1936.731673,20,125.224364,1.0,True,20,0,0,610.0338640213013,812.892240524292,5.201663589477539,610.0338640213013,completed
1512.394023,20,125.242746,1.0,True,20,0,0,683.021490573883,949.1233887672424,9.093933868408204,683.021490573883,completed
960.365057,20,125.261878,1.0,True,20,0,0,811.0080890655518,1185.7293281555176,14.468195724487305,811.0080890655518,completed
1934.481806,20,125.28091,1.0,True,20,0,0,551.0042662620544,734.4551362991333,8.925374603271484,551.0042662620544,completed
1509.674528,20,125.299958,1.0,True,20,0,0,732.6524457931519,911.4939699172974,10.70226593017578,732.6524457931519,completed
1966.338008,20,125.318763,1.0,True,20,0,0,537.2010011672974,652.7407341003418,8.708164596557618,537.2010011672974,completed
1844.75547,20,125.337514,1.0,True,20,0,0,607.6399211883545,877.0148410797119,5.773606300354004,607.6399211883545,completed
1696.813778,20,125.35605,1.0,True,20,0,0,651.5747933387756,949.9038915634155,5.558676624298096,651.5747933387756,completed
2149.15455,20,125.374867,1.0,True,20,0,0,514.8011815547943,639.828973531723,6.078821754455566,514.8011815547943,completed
260.903779,20,125.393904,1.0,True,20,0,0,886.4684867858887,1242.231725692749,29.89400577545166,886.4684867858887,completed
1959.088094,20,125.412751,1.0,True,20,0,0,593.2145557403564,704.7506046295166,7.868937683105469,593.2145557403564,completed
1147.937413,20,125.431139,1.0,True,20,0,0,693.6659564971924,1022.003755569458,16.041472053527833,693.6659564971924,completed
2444.368472,20,125.449768,1.0,True,20,0,0,477.7777853012085,544.1731176376343,2.509360694885254,477.7777853012085,completed
1759.38968,20,125.468786,1.0,True,20,0,0,543.6657028198242,769.8555355072021,10.564245223999023,543.6657028198242,completed
2410.135037,20,125.4878,1.0,True,20,0,0,463.4325588941574,660.2162930965424,1.0141876220703125,463.4325588941574,completed
620.192742,20,125.507171,1.0,True,20,0,0,740.8004608154297,1122.8468952178955,23.879884910583495,740.8004608154297,completed
2118.469654,20,125.526078,1.0,True,20,0,0,532.4924020767212,681.6602954864502,6.055214500427246,532.4924020767212,completed
2029.246438,20,125.544764,1.0,True,20,0,0,559.3305926322937,714.3049154281616,6.360494995117188,559.3305926322937,completed
2023.535054,20,125.563202,1.0,True,20,0,0,531.2508053779602,687.1488370895386,8.296268558502197,531.2508053779602,completed
1711.686517,20,125.581631,1.0,True,20,0,0,694.7067213058472,901.8382663726807,6.486683940887451,694.7067213058472,completed
2058.223312,20,125.600952,1.0,True,20,0,0,538.1262474060059,725.4828948974609,5.021743869781494,538.1262474060059,completed
2057.320308,20,125.620291,1.0,True,20,0,0,540.6577978134155,783.2055749893188,5.293972015380859,540.6577978134155,completed
1610.371419,20,125.63898,1.0,True,20,0,0,734.3809404373169,991.2362060546875,7.216004753112793,734.3809404373169,completed
1570.980434,20,125.657532,1.0,True,20,0,0,686.6873111724854,928.2609977722168,8.77300205230713,686.6873111724854,completed
1526.930258,20,125.678379,1.0,True,20,0,0,640.7158856391907,893.554539680481,11.518255424499511,640.7158856391907,completed
1700.405336,20,125.698402,1.0,True,20,0,0,631.4866561889648,827.2634572982788,9.76782169342041,631.4866561889648,completed
1199.153035,20,125.718251,1.0,True,20,0,0,631.0931665897369,915.987560749054,17.99011869430542,631.0931665897369,completed
1172.215804,20,125.737906,1.0,True,20,0,0,685.3787269592285,1066.6389770507812,14.331352138519287,685.3787269592285,completed
1530.330137,20,125.756607,1.0,True,20,0,0,648.8653539419174,865.9938638210297,11.443935012817382,648.8653539419174,completed
1635.091049,20,125.777423,1.0,True,20,0,0,598.2596492767334,813.1947898864746,12.285972309112548,598.2596492767334,completed
2225.565338,20,125.798819,1.0,True,20,0,0,488.8151569366455,630.6906185150146,4.809647178649902,488.8151569366455,completed
2062.832945,20,125.819231,1.0,True,20,0,0,518.9740357398987,706.9094247817993,6.329556655883789,518.9740357398987,completed
1455.044891,20,125.838575,1.0,True,20,0,0,612.496132850647,788.0554037094116,15.389912128448486,612.496132850647,completed
2261.283944,20,125.85797,1.0,True,20,0,0,498.9319062232971,649.1666412353516,3.881840181350708,498.9319062232971,completed
1823.370166,20,125.877242,1.0,True,20,0,0,619.8095808029175,787.4516077041626,7.33868293762207,619.8095808029175,completed
1008.027315,20,125.896246,1.0,True,20,0,0,613.6344094276428,937.562985420227,21.186818885803223,613.6344094276428,completed
2056.688046,20,125.915579,1.0,True,20,0,0,598.7579231262207,780.4025287628174,3.890360450744629,598.7579231262207,completed
1716.514973,20,125.934135,1.0,True,20,0,0,627.6296709775925,872.5345313549042,8.802980995178222,627.6296709775925,completed
1909.942512,20,125.953278,1.0,True,20,0,0,566.3219208717346,748.1505479812622,7.682468318939209,566.3219208717346,completed
1905.907251,20,125.972469,1.0,True,20,0,0,551.6689221560955,718.7604860663414,9.436371517181396,551.6689221560955,completed
2149.023267,20,125.991911,1.0,True,20,0,0,509.58495354652405,684.2160415649414,4.939702868461609,509.58495354652405,completed
1847.483452,20,126.010964,1.0,True,20,0,0,615.2144589424133,804.7329454421997,7.579540824890136,615.2144589424133,completed
1645.992399,20,126.030282,1.0,True,20,0,0,687.2604360580444,888.1954183578491,9.240909481048584,687.2604360580444,completed
1198.626292,20,126.049051,1.0,True,20,0,0,731.3229742050171,1086.2553386688232,13.067476272583008,731.3229742050171,completed
2250.103429,20,127.288254,1.0,True,20,0,0,595.5350160598755,793.2505102157593,0.0,595.5350160598755,completed
2435.755323,20,127.307154,1.0,True,20,0,0,482.0821809768677,554.308611869812,2.3813973903656005,482.0821809768677,completed
2417.108972,20,127.325681,1.0,True,20,0,0,496.08340644836426,584.4721522331238,1.8080404281616211,496.08340644836426,completed
451.759121,20,127.344457,1.0,True,20,0,0,851.8540706634521,1178.4157180786133,24.271778678894044,851.8540706634521,completed
2074.989512,20,127.363252,1.0,True,20,0,0,460.2506413459778,613.2072267532349,10.108303833007813,460.2506413459778,completed
2016.479472,20,127.381714,1.0,True,20,0,0,635.8983862400055,696.228607416153,6.653250694274902,635.8983862400055,completed
1547.849454,20,127.400546,1.0,True,20,0,0,604.593189239502,901.2037124633789,11.951763725280761,604.593189239502,completed
1885.262976,20,127.420057,1.0,True,20,0,0,588.5186469554901,916.7515120506287,4.579979324340821,588.5186469554901,completed
1529.859793,20,127.439779,1.0,True,20,0,0,603.1944532394409,875.5638408660889,11.87758274078369,603.1944532394409,completed
2205.356886,20,127.459122,1.0,True,20,0,0,589.3915328979492,692.6001844406128,2.728699779510498,589.3915328979492,completed
1740.33308,20,127.478181,1.0,True,20,0,0,583.1521015167236,794.8911228179932,9.134885597229005,583.1521015167236,completed
2077.458081,20,127.497514,1.0,True,20,0,0,530.607460975647,713.3024158477783,5.613619613647461,530.607460975647,completed
2212.348151,20,127.517374,1.0,True,20,0,0,482.1178936958313,630.3433523178101,5.875085639953613,482.1178936958313,completed
2188.256555,20,127.536302,1.0,True,20,0,0,493.2770162820816,634.5368983745575,6.194666171073914,493.2770162820816,completed
650.875962,20,127.555892,1.0,True,20,0,0,783.1764144897461,1246.7817969322205,20.31895532608032,783.1764144897461,completed
1352.495415,20,127.574922,1.0,True,20,0,0,657.2252025604248,923.8662815093994,14.797913837432862,657.2252025604248,completed
1924.072539,20,127.594468,1.0,True,20,0,0,587.517626285553,821.4584665298462,4.995314311981201,587.517626285553,completed
1123.657388,20,127.613116,1.0,True,20,0,0,695.8090362548828,1071.382432937622,15.883412837982178,695.8090362548828,completed
557.466632,20,127.632489,1.0,True,20,0,0,848.2715177536011,1335.8727397918701,20.47776107788086,848.2715177536011,completed
1641.382576,20,127.650909,1.0,True,20,0,0,653.4566519260406,1046.6275219917297,6.756328964233399,653.4566519260406,completed
2008.814758,20,127.670173,1.0,True,20,0,0,574.7742474675179,731.0331445932388,6.179605865478516,574.7742474675179,completed
1602.318763,20,127.689171,1.0,True,20,0,0,718.9564113616943,948.5855464935303,6.321582221984864,718.9564113616943,completed
1174.384092,20,127.707846,1.0,True,20,0,0,707.9487762451172,1025.4102745056152,15.697383499145507,707.9487762451172,completed
1904.782001,20,127.726493,1.0,True,20,0,0,582.7118663787842,898.4813947677612,5.306533622741699,582.7118663787842,completed
2313.236422,20,127.745268,1.0,True,20,0,0,530.4910172224045,597.3259980678558,2.910259246826172,530.4910172224045,completed
2208.416541,20,127.763958,1.0,True,20,0,0,588.6870021820068,742.8844203948975,1.9049598693847656,588.6870021820068,completed
2174.121255,20,127.783396,1.0,True,20,0,0,559.7760081291199,698.448676109314,3.1679899215698244,559.7760081291199,completed
2005.409201,20,127.802728,1.0,True,20,0,0,533.0010108947754,780.0427532196045,6.1685791015625,533.0010108947754,completed
1205.022459,20,127.822065,1.0,True,20,0,0,621.2526063919067,901.7357168197632,17.757917213439942,621.2526063919067,completed
1662.456887,20,127.840473,1.0,True,20,0,0,593.9608049988747,835.9195538759232,11.666378021240234,593.9608049988747,completed
1600.471853,20,127.859272,1.0,True,20,0,0,555.1373043060303,789.3496475219727,14.454028797149657,555.1373043060303,completed
2068.088732,20,127.877642,1.0,True,20,0,0,550.5444021224976,689.7063512802124,6.822691011428833,550.5444021224976,completed
1206.736447,20,127.896371,1.0,True,20,0,0,722.8615002632141,1026.9794521331787,14.621731376647949,722.8615002632141,completed
2132.506648,20,127.915619,1.0,True,20,0,0,588.9305067062378,775.9568786621094,2.2645620346069335,588.9305067062378,completed
804.203193,20,127.934608,1.0,True,20,0,0,783.262487411499,1111.7102298736572,20.823951530456544,783.262487411499,completed
1581.574641,20,127.953626,1.0,True,20,0,0,684.0401492118835,868.923113822937,11.429646110534668,684.0401492118835,completed
1156.389814,20,127.973524,1.0,True,20,0,0,731.3812336921692,1066.9245390892029,13.404111313819886,731.3812336921692,completed
2253.39565,20,127.993599,1.0,True,20,0,0,555.5378332138062,720.5066089630127,1.8931095123291015,555.5378332138062,completed
1160.309987,20,128.013283,1.0,True,20,0,0,684.4816279411316,971.2087163925171,17.891786193847658,684.4816279411316,completed
1806.006417,20,128.032318,1.0,True,20,0,0,724.4175819158554,1038.5349910259247,1.1738636016845703,724.4175819158554,completed
1780.109222,20,128.050985,1.0,True,20,0,0,617.9057531356812,865.0704698562622,7.564245223999023,617.9057531356812,completed
1784.381578,20,128.070585,1.0,True,20,0,0,632.1144418716431,834.9652414321899,8.072199773788451,632.1144418716431,completed
1814.124954,20,128.089053,1.0,True,20,0,0,605.3274075984955,953.0773482322693,4.482337951660156,605.3274075984955,completed
1586.682922,20,128.108524,1.0,True,20,0,0,628.3423118591309,886.937650680542,11.017006874084473,628.3423118591309,completed
2511.432114,20,128.129168,1.0,True,20,0,0,491.0772023200989,612.6559677124023,0.0,491.0772023200989,completed
2225.6495,20,128.148562,1.0,True,20,0,0,586.3051166534424,820.5158452987671,0.0,586.3051166534424,completed
2414.766858,20,128.167454,1.0,True,20,0,0,499.5960068702698,608.1715021133423,1.1621721267700196,499.5960068702698,completed
1420.573677,20,128.186634,1.0,True,20,0,0,705.7781758308411,928.978907585144,12.227065467834473,705.7781758308411,completed
2542.80267,20,128.206397,1.0,True,20,0,0,465.69695496559143,511.23104882240295,1.7606250762939453,465.69695496559143,completed
2000.944381,20,128.224934,1.0,True,20,0,0,595.3309850692749,748.99329662323,5.57411003112793,595.3309850692749,completed
899.384468,20,128.244391,1.0,True,20,0,0,607.8994874954224,913.1014566421509,25.28660593032837,607.8994874954224,completed
1998.347491,20,128.262418,1.0,True,20,0,0,658.2938652038574,783.556318283081,3.7441060066223146,658.2938652038574,completed
940.52323,20,128.281496,1.0,True,20,0,0,806.3980474472046,1087.8375816345215,18.9754150390625,806.3980474472046,completed
2263.026728,20,128.300849,1.0,True,20,0,0,540.9769258499146,618.3856000900269,4.679073905944824,540.9769258499146,completed
209.06367,20,128.320118,1.0,True,20,0,0,859.83629322052,1319.7196741104126,28.833572816848754,859.83629322052,completed
852.729545,20,128.339537,1.0,True,20,0,0,797.2033681869507,1156.2534971237183,17.55173969268799,797.2033681869507,completed
1185.63346,20,128.358521,1.0,True,20,0,0,754.1597185134888,979.1051940917969,16.621374893188477,754.1597185134888,completed
1703.19068,20,128.37773,1.0,True,20,0,0,584.449375629425,836.8280324935913,10.765721464157105,584.449375629425,completed
2351.350807,20,128.396416,1.0,True,20,0,0,434.4144963026047,572.1408841609955,5.341138076782227,434.4144963026047,completed
2043.731176,20,128.415658,1.0,True,20,0,0,579.2813940048218,716.6098804473877,6.260727977752685,579.2813940048218,completed
1423.822017,20,128.434394,1.0,True,20,0,0,654.3326692581177,884.3996124267578,14.143470191955567,654.3326692581177,completed
2044.157516,20,128.45285,1.0,True,20,0,0,634.9205322265625,809.2759160995483,2.8671664237976073,634.9205322265625,completed
1649.918541,20,128.471919,1.0,True,20,0,0,728.743727684021,841.3982963562012,9.807427406311035,728.743727684021,completed
2249.972205,20,128.490209,1.0,True,20,0,0,459.65561628341675,645.335587978363,4.234131956100464,459.65561628341675,completed
909.904097,20,128.509362,1.0,True,20,0,0,755.625678062439,1153.50208568573,17.446705055236816,755.625678062439,completed
1470.615171,20,128.528179,1.0,True,20,0,0,671.9146308898926,966.226318359375,11.709677505493165,671.9146308898926,completed
2084.785091,20,128.547921,1.0,True,20,0,0,563.2431154251099,721.4932918548584,4.715660476684571,563.2431154251099,completed
997.300877,20,128.566666,1.0,True,20,0,0,718.1245939731598,1027.1763710975647,18.048258972167968,718.1245939731598,completed
2001.726446,20,128.585281,1.0,True,20,0,0,508.4974822998047,662.2829303741455,8.616596031188966,508.4974822998047,completed
1688.786643,20,128.604271,1.0,True,20,0,0,642.2772212028503,822.9210638999939,9.390846347808838,642.2772212028503,completed
1763.827042,20,128.623132,1.0,True,20,0,0,679.176408290863,839.5414304733276,7.7542884826660154,679.176408290863,completed
2265.712669,20,128.642135,1.0,True,20,0,0,505.05523681640625,629.0904483795166,4.231367397308349,505.05523681640625,completed
1562.103385,20,128.660651,1.0,True,20,0,0,648.6540083885193,845.516095161438,13.090912628173829,648.6540083885193,completed
1981.897296,20,128.679698,1.0,True,20,0,0,703.3571498394012,885.9976096153259,1.2872760772705079,703.3571498394012,completed
2009.462689,20,128.698974,1.0,True,20,0,0,660.1677942276001,914.3800601959229,1.090464210510254,660.1677942276001,completed
2201.076606,20,128.718496,1.0,True,20,0,0,504.14532470703125,740.5952243804932,3.419536304473877,504.14532470703125,completed
2158.503355,20,128.73755,1.0,True,20,0,0,544.743049621582,649.7555313110352,5.747993278503418,544.743049621582,completed
1615.514611,20,128.756809,1.0,True,20,0,0,605.087718963623,812.0407028198242,11.454699611663818,605.087718963623,completed
877.395146,20,128.775626,1.0,True,20,0,0,743.6303610801697,1085.660301208496,21.555007648468017,743.6303610801697,completed
1355.80684,20,128.795322,1.0,True,20,0,0,643.8235850334167,958.2314367294312,12.721110725402832,643.8235850334167,completed
1106.036522,20,128.814459,1.0,True,20,0,0,728.6047611236572,1047.013515472412,15.877143859863281,728.6047611236572,completed
2117.971831,20,128.833963,1.0,True,20,0,0,632.2256157398224,832.4807572364807,1.0490991592407226,632.2256157398224,completed
1204.906599,20,128.854335,1.0,True,20,0,0,669.8382706642151,878.5504331588745,18.294624042510986,669.8382706642151,completed
1703.621396,20,128.873402,1.0,True,20,0,0,655.1560297012329,881.846752166748,8.45633897781372,655.1560297012329,completed
-28.924126,20,128.892154,1.0,True,20,0,0,867.9901790618896,1370.6522006988525,32.01031494140625,867.9901790618896,completed
2049.313268,20,128.910768,1.0,True,20,0,0,540.0181555747986,673.1169004440308,6.656181192398071,540.0181555747986,completed
1807.304161,20,128.9301,1.0,True,20,0,0,636.7498161792755,738.7085366249084,8.826663970947266,636.7498161792755,completed
2143.58026,20,128.949098,1.0,True,20,0,0,568.0050563812256,777.4873971939087,2.8845142364501952,568.0050563812256,completed
2166.048055,20,128.968292,1.0,True,20,0,0,481.74328780174255,587.0323235988617,6.979260396957398,481.74328780174255,completed
407.444672,20,128.986596,1.0,True,20,0,0,785.9026432037354,1276.8021717071533,24.913283824920654,785.9026432037354,completed
1358.458875,20,129.005035,1.0,True,20,0,0,710.4499459266663,932.3795609474182,13.616341018676758,710.4499459266663,completed
1578.672135,20,129.02415,1.0,True,20,0,0,571.9700496196747,895.244954586029,11.209409618377686,571.9700496196747,completed
980.529678,20,129.042889,1.0,True,20,0,0,746.3659229278564,980.7431411743164,19.945832824707033,746.3659229278564,completed
1382.390872,20,129.0625,1.0,True,20,0,0,691.5964851379395,1013.5957298278809,11.067398357391358,691.5964851379395,completed
1788.405874,20,129.080988,1.0,True,20,0,0,561.7381434440613,799.9778499603271,9.364390134811401,561.7381434440613,completed
1312.610107,20,129.100575,1.0,True,20,0,0,753.0661780834198,1107.3110566139221,10.562700605392456,753.0661780834198,completed
1200.459887,20,129.120655,1.0,True,20,0,0,669.3248400688171,973.674298286438,17.67258701324463,669.3248400688171,completed
879.344602,20,129.139694,1.0,True,20,0,0,721.7131054401398,1050.1385409832,22.186878490448,721.7131054401398,completed
2482.368725,20,129.158842,1.0,True,20,0,0,489.2892026901245,584.5584444999695,0.9010866165161133,489.2892026901245,completed
1596.510945,20,129.177923,1.0,True,20,0,0,645.3329601287842,920.0154552459717,10.23180694580078,645.3329601287842,completed
2303.081333,20,129.197116,1.0,True,20,0,0,503.0159101486206,599.0851364135742,3.5278867721557616,503.0159101486206,completed
1757.999826,20,129.216078,1.0,True,20,0,0,580.3973120450974,779.1363065242767,11.042796230316162,580.3973120450974,completed
2263.761288,20,129.235165,1.0,True,20,0,0,565.7769536972046,666.8388738632202,2.331244468688965,565.7769536972046,completed
2058.241708,20,130.455864,1.0,True,20,0,0,569.9431672096252,709.5892286300659,4.981105995178223,569.9431672096252,completed
1390.964356,20,130.474693,1.0,True,20,0,0,812.0022482872009,1172.468342781067,6.5529779434204105,812.0022482872009,completed
1599.581526,20,130.493149,1.0,True,20,0,0,602.39441883564,811.242219209671,13.165384531021118,602.39441883564,completed
2100.12946,20,130.511751,1.0,True,20,0,0,522.4493255615234,661.5741424560547,6.59173469543457,522.4493255615234,completed
1836.41216,20,130.530844,1.0,True,20,0,0,687.1714322566986,922.1153671741486,4.798951911926269,687.1714322566986,completed
2620.480328,20,130.549125,1.0,True,20,0,0,458.09332036972046,531.5124359130859,0.0,458.09332036972046,completed
1084.228894,20,130.567976,1.0,True,20,0,0,666.0394315719604,929.6273822784424,21.213933157920838,666.0394315719604,completed
1451.005571,20,130.586193,1.0,True,20,0,0,628.9969797134399,872.1208400726318,15.431582927703857,628.9969797134399,completed
1037.00841,20,130.604977,1.0,True,20,0,0,718.321560382843,1028.7023820877075,18.885650825500488,718.321560382843,completed
1000.337075,20,130.623557,1.0,True,20,0,0,713.8326759338379,1079.3411464691162,17.852201461791992,713.8326759338379,completed
1615.768819,20,130.642068,1.0,True,20,0,0,722.4682111740112,856.9129552841187,10.328650093078613,722.4682111740112,completed
2393.276604,20,130.660232,1.0,True,20,0,0,508.9251446723938,608.723671913147,2.169306755065918,508.9251446723938,completed
2266.54705,20,130.679105,1.0,True,20,0,0,516.0773119926453,591.6721887588501,4.449178886413574,516.0773119926453,completed
1932.943394,20,130.697299,1.0,True,20,0,0,645.486159324646,825.2587909698486,5.049505996704101,645.486159324646,completed
1836.453974,20,130.717132,1.0,True,20,0,0,579.3537340164185,814.7415170669556,8.117952919006347,579.3537340164185,completed
1837.259009,20,130.73601,1.0,True,20,0,0,681.40709400177,770.7523717880249,7.15172815322876,681.40709400177,completed
2395.73806,20,130.754162,1.0,True,20,0,0,547.0926303863525,687.2785110473633,0.0,547.0926303863525,completed
1532.472383,20,130.774331,1.0,True,20,0,0,539.9867258071899,789.376787185669,14.505527877807618,539.9867258071899,completed
2134.510063,20,130.796605,1.0,True,20,0,0,504.9864492416382,711.8612785339355,3.98626651763916,504.9864492416382,completed
1543.949076,20,130.818392,1.0,True,20,0,0,664.0688881874084,876.3458547592163,11.840728759765625,664.0688881874084,completed
1883.426155,20,130.837133,1.0,True,20,0,0,610.416187286377,767.7847309112549,7.14402322769165,610.416187286377,completed
1776.739696,20,130.855417,1.0,True,20,0,0,669.9281120300293,920.4788494110107,6.594417572021484,669.9281120300293,completed
1937.83829,20,130.874192,1.0,True,20,0,0,615.256181716919,745.1327629089355,6.959049034118652,615.256181716919,completed
1361.611398,20,130.892966,1.0,True,20,0,0,693.8209090232849,850.4330654144287,15.41549210548401,693.8209090232849,completed
1398.766868,20,130.911194,1.0,True,20,0,0,697.8701066970825,1045.8507204055786,10.301881885528564,697.8701066970825,completed
2041.588189,20,130.929891,1.0,True,20,0,0,564.1157674789429,703.4939632415771,6.902474784851075,564.1157674789429,completed
1984.253587,20,130.948019,1.0,True,20,0,0,550.5928497314453,710.2021179199219,8.354209327697754,550.5928497314453,completed
1907.12199,20,130.966466,1.0,True,20,0,0,721.8985910415649,950.674072265625,1.7249343872070313,721.8985910415649,completed
2145.475809,20,130.985165,1.0,True,20,0,0,556.8666207790375,744.6343836784363,3.282659912109375,556.8666207790375,completed
1609.065321,20,131.003697,1.0,True,20,0,0,633.4935207366943,851.5247592926025,10.729033279418946,633.4935207366943,completed
1997.841871,20,131.022661,1.0,True,20,0,0,555.3792904615402,798.4357221126556,5.516281509399414,555.3792904615402,completed
1962.189454,20,131.041151,1.0,True,20,0,0,614.5064167976379,773.8310785293579,6.197312736511231,614.5064167976379,completed
2503.324288,20,131.059914,1.0,True,20,0,0,484.4506721496582,543.7014827728271,1.5733419418334962,484.4506721496582,completed
1206.026276,20,131.078489,1.0,True,20,0,0,647.2367432117462,968.8444924354553,16.74756841659546,647.2367432117462,completed
1912.805401,20,131.097633,1.0,True,20,0,0,561.8979196548462,738.8030881881714,7.934311246871948,561.8979196548462,completed
1956.828145,20,131.11657,1.0,True,20,0,0,629.7853679656982,808.6067905426025,4.520829105377198,629.7853679656982,completed
2366.215757,20,131.1349,1.0,True,20,0,0,486.42072105407715,564.2132720947266,4.407430267333984,486.42072105407715,completed
1417.132362,20,131.153057,1.0,True,20,0,0,730.5539293289185,1124.9946060180664,7.8010303497314455,730.5539293289185,completed
2023.599128,20,131.172114,1.0,True,20,0,0,484.6148689985275,643.0436913967133,9.582097244262695,484.6148689985275,completed
1756.340328,20,131.191462,1.0,True,20,0,0,654.9034156799316,891.0632829666138,6.888700294494629,654.9034156799316,completed
1703.3206,20,131.20992,1.0,True,20,0,0,608.0023770332336,816.6266965866089,9.714715194702148,608.0023770332336,completed
1034.495505,20,131.228153,1.0,True,20,0,0,661.7618870735168,998.0164189338684,19.39073255062103,661.7618870735168,completed
1626.31697,20,131.246435,1.0,True,20,0,0,589.651535987854,873.9334621429443,10.964132499694824,589.651535987854,completed
994.942437,20,131.26475,1.0,True,20,0,0,828.7690776586533,1043.8864104747772,17.86302661895752,828.7690776586533,completed
1686.446641,20,131.283019,1.0,True,20,0,0,662.3619766235352,992.878303527832,6.349250984191895,662.3619766235352,completed
1189.330263,20,131.301784,1.0,True,20,0,0,754.0030435323715,958.580347776413,16.470738220214844,754.0030435323715,completed
1101.172449,20,131.320709,1.0,True,20,0,0,689.9707388877869,925.7403297424316,19.28826861381531,689.9707388877869,completed
1590.353315,20,131.338962,1.0,True,20,0,0,675.2170343399048,1020.75754737854,7.167079067230224,675.2170343399048,completed
1809.234624,20,131.357294,1.0,True,20,0,0,657.9101190567017,818.0024185180664,7.530416107177734,657.9101190567017,completed
1340.5648,20,131.375464,1.0,True,20,0,0,608.2781505584717,888.354528427124,16.806958198547363,608.2781505584717,completed
1562.698962,20,131.394194,1.0,True,20,0,0,688.9832816123962,839.328839302063,12.01623363494873,688.9832816123962,completed
2265.795465,20,131.413266,1.0,True,20,0,0,492.8217589855194,655.7548842430115,3.6795276641845702,492.8217589855194,completed
1804.847884,20,131.431285,1.0,True,20,0,0,621.540828704834,873.4844169616699,6.034869003295898,621.540828704834,completed
1527.180719,20,131.44954,1.0,True,20,0,0,624.0026364326477,894.4284868240356,11.11365909576416,624.0026364326477,completed
2249.713303,20,131.46769,1.0,True,20,0,0,547.060537815094,737.0936079025269,1.6561851501464844,547.060537815094,completed
2612.009807,20,131.486238,1.0,True,20,0,0,453.76993203163147,517.7664744853973,0.02962779998779297,453.76993203163147,completed
1744.394685,20,131.504915,1.0,True,20,0,0,630.9248399734497,963.7380599975586,6.173463630676269,630.9248399734497,completed
2128.206706,20,131.523615,1.0,True,20,0,0,616.916633605957,778.6572847366333,1.8780075073242188,616.916633605957,completed
1259.618807,20,131.542283,1.0,True,20,0,0,660.2121257781982,978.693733215332,14.942270278930664,660.2121257781982,completed
1439.688566,20,131.560804,1.0,True,20,0,0,677.9277653694153,957.475519657135,12.63329257965088,677.9277653694153,completed
794.774938,20,131.57918,1.0,True,20,0,0,769.4039134979248,1173.4796695709229,19.568876934051513,769.4039134979248,completed
1947.380839,20,131.597662,1.0,True,20,0,0,615.4907922744751,899.1079864501953,3.107647514343262,615.4907922744751,completed
1631.08832,20,131.616509,1.0,True,20,0,0,536.0980834960938,728.0112762451172,15.036010646820069,536.0980834960938,completed
1496.675749,20,131.634643,1.0,True,20,0,0,694.8869314193726,942.6324348449707,10.737410354614259,694.8869314193726,completed
2409.138507,20,131.654036,1.0,True,20,0,0,511.4725413322449,609.3746519088745,1.7166462898254395,511.4725413322449,completed
2318.911904,20,131.672511,1.0,True,20,0,0,488.6571387052536,595.6559598445892,4.066806411743164,488.6571387052536,completed
2148.992982,20,131.690904,1.0,True,20,0,0,505.68427538871765,681.479917049408,5.074213600158691,505.68427538871765,completed
1509.902205,20,131.710271,1.0,True,20,0,0,673.4589047431946,958.2301826477051,10.92423129081726,673.4589047431946,completed
2174.033986,20,131.72852,1.0,True,20,0,0,535.2312602996826,696.8463153839111,4.207407760620117,535.2312602996826,completed
2107.111103,20,131.747174,1.0,True,20,0,0,523.9137043952942,659.536810874939,6.451254558563233,523.9137043952942,completed
2035.247681,20,131.765989,1.0,True,20,0,0,600.1598176956177,708.8246355056763,5.748733234405518,600.1598176956177,completed
1724.4852,20,131.784429,1.0,True,20,0,0,550.3787095546722,752.2174487113953,12.446209526062011,550.3787095546722,completed
1737.817154,20,131.803496,1.0,True,20,0,0,602.5132985115051,816.3389701843262,9.567549991607667,602.5132985115051,completed
1720.2322,20,131.822187,1.0,True,20,0,0,607.9923253059387,799.1088137626648,9.77381772994995,607.9923253059387,completed
2139.231876,20,131.840427,1.0,True,20,0,0,531.5483214855194,694.4574503898621,3.948398399353027,531.5483214855194,completed
2227.074656,20,131.858789,1.0,True,20,0,0,513.5407066345215,611.1954860687256,5.56214714050293,513.5407066345215,completed
1039.61068,20,131.877829,1.0,True,20,0,0,769.0450859069824,1070.1408138275146,15.670184326171874,769.0450859069824,completed
1386.011528,20,131.896286,1.0,True,20,0,0,717.1714792251587,1106.8237438201904,8.029486656188965,717.1714792251587,completed
1637.254693,20,131.914526,1.0,True,20,0,0,602.0223999023438,881.7516803741455,10.290125465393066,602.0223999023438,completed
2274.041154,20,131.932808,1.0,True,20,0,0,536.0893177986145,629.5787944793701,3.5442145347595213,536.0893177986145,completed
2221.283297,20,131.951766,1.0,True,20,0,0,547.0825490951538,641.708158493042,3.739704990386963,547.0825490951538,completed
1771.373812,20,131.970484,1.0,True,20,0,0,575.0909566879272,837.1802978515625,9.191832160949707,575.0909566879272,completed
2081.292426,20,131.989187,1.0,True,20,0,0,559.4420051574707,704.4400758743286,5.953957176208496,559.4420051574707,completed
1677.922181,20,132.00811,1.0,True,20,0,0,595.4053864479065,857.963568687439,10.65186653137207,595.4053864479065,completed
1717.881271,20,132.026396,1.0,True,20,0,0,648.2967882156372,867.3299341201782,7.9769432067871096,648.2967882156372,completed
1503.395434,20,132.045051,1.0,True,20,0,0,662.4161400794983,936.1446533203125,11.23489408493042,662.4161400794983,completed
2168.373656,20,132.063003,1.0,True,20,0,0,444.5183959007263,579.2445478439331,7.69365758895874,444.5183959007263,completed
1595.323827,20,132.081443,1.0,True,20,0,0,637.5120086669922,869.5651168823242,11.766183471679687,637.5120086669922,completed
1026.374523,20,132.100025,1.0,True,20,0,0,688.4831781387329,1009.2387962341309,19.509322357177734,688.4831781387329,completed
1650.710196,20,132.118347,1.0,True,20,0,0,566.9855995178223,798.1066951751709,12.77952699661255,566.9855995178223,completed
1525.581477,20,132.136492,1.0,True,20,0,0,673.5752925872803,912.4792976379395,9.913652992248535,673.5752925872803,completed
2248.548009,20,132.155186,1.0,True,20,0,0,561.8256306648254,668.0010166168213,2.738887357711792,561.8256306648254,completed
2308.752679,20,132.173991,1.0,True,20,0,0,541.5263681411743,641.0998287200928,2.278042221069336,541.5263681411743,completed
2414.24381,20,132.192897,1.0,True,20,0,0,507.8047618865967,571.5168476104736,1.4351200103759765,507.8047618865967,completed
1250.632033,20,132.212004,1.0,True,20,0,0,646.9677085876465,913.1673488616943,18.417581462860106,646.9677085876465,completed
1863.947949,20,132.2302,1.0,True,20,0,0,629.6243715286255,969.5429096221924,2.4195056915283204,629.6243715286255,completed
1697.182882,20,132.248943,1.0,True,20,0,0,599.8479466438293,790.1376085281372,10.718924522399902,599.8479466438293,completed
2400.167189,20,132.267509,1.0,True,20,0,0,506.4347014427185,647.8940210342407,0.3322141647338867,506.4347014427185,completed
2076.076385,20,132.285868,1.0,True,20,0,0,678.7876138687134,906.0464057922363,0.0,678.7876138687134,completed
1357.201386,20,132.303703,1.0,True,20,0,0,708.9336471557617,919.8911790847778,15.26395320892334,708.9336471557617,completed
2423.655748,20,132.322444,1.0,True,20,0,0,542.1161394119263,664.6132440567017,0.0,542.1161394119263,completed
2317.712522,20,132.340873,1.0,True,20,0,0,555.1172363758087,628.7420964241028,2.815020751953125,555.1172363758087,completed
1741.474504,20,133.721206,1.0,True,20,0,0,621.567177772522,725.83420753479,10.429189014434815,621.567177772522,completed
2019.142965,20,133.741987,1.0,True,20,0,0,619.4989061355591,757.070291519165,5.78450927734375,619.4989061355591,completed
1891.539196,20,133.762019,1.0,True,20,0,0,512.4706382751465,679.8611283302307,10.828279495239258,512.4706382751465,completed
1737.927487,20,133.780927,1.0,True,20,0,0,566.6166944503784,827.8637790679932,9.786308479309081,566.6166944503784,completed
2321.529441,20,133.799497,1.0,True,20,0,0,493.05135798454285,600.3102355003357,3.1824621200561523,493.05135798454285,completed
1620.571253,20,133.817923,1.0,True,20,0,0,658.4422988891602,947.2873573303223,8.058681869506836,658.4422988891602,completed
1474.477035,20,133.836357,1.0,True,20,0,0,645.789963722229,874.277421951294,12.658595561981201,645.789963722229,completed
2171.879509,20,133.855829,1.0,True,20,0,0,525.885110616684,673.0273718833923,5.056482887268066,525.885110616684,completed
1654.593926,20,133.875523,1.0,True,20,0,0,578.0850601196289,786.4664173126221,12.836049461364746,578.0850601196289,completed
1706.46657,20,133.895728,1.0,True,20,0,0,625.3255310058594,906.4661712646484,8.155633068084716,625.3255310058594,completed
1686.398315,20,133.915716,1.0,True,20,0,0,672.0981478691101,817.8116188049316,9.143750381469726,672.0981478691101,completed
2108.796402,20,133.94008,1.0,True,20,0,0,460.9232325553894,609.6555261611938,7.475714492797851,460.9232325553894,completed
1930.401897,20,133.959735,1.0,True,20,0,0,525.4890375137329,733.5022048950195,9.436306381225586,525.4890375137329,completed
1796.966421,20,133.978494,1.0,True,20,0,0,545.4113631248474,723.2693300247192,12.12976245880127,545.4113631248474,completed
1522.996115,20,133.999689,1.0,True,20,0,0,608.9604045152664,866.968368768692,13.449060916900635,608.9604045152664,completed
1998.179312,20,134.018775,1.0,True,20,0,0,612.15234541893,787.5123381614685,4.956642723083496,612.15234541893,completed
2095.283853,20,134.037902,1.0,True,20,0,0,555.0017728805542,777.716136932373,3.0306833267211912,555.0017728805542,completed
1715.803227,20,134.056491,1.0,True,20,0,0,584.9508805274963,851.1650905609131,8.798616123199462,584.9508805274963,completed
449.110866,20,134.074741,1.0,True,20,0,0,935.7037963867188,1393.5767974853516,19.038309478759764,935.7037963867188,completed
1811.386465,20,134.093192,1.0,True,20,0,0,650.8160939216614,798.1249237060547,8.129661560058594,650.8160939216614,completed
1445.477088,20,134.111208,1.0,True,20,0,0,639.5049720704556,894.7891418337822,14.78879680633545,639.5049720704556,completed
934.705927,20,134.129154,1.0,True,20,0,0,823.0533466339111,1168.3697490692139,16.656383514404297,823.0533466339111,completed
1917.5937,20,134.14691,1.0,True,20,0,0,548.7516012191772,710.7819690704346,8.782379341125488,548.7516012191772,completed
2203.198374,20,134.166541,1.0,True,20,0,0,530.3156967163086,639.1584243774414,5.1384485244750975,530.3156967163086,completed
1551.554428,20,134.184711,1.0,True,20,0,0,686.6194915771484,888.5229635238647,10.977465438842774,686.6194915771484,completed
1807.027036,20,134.203624,1.0,True,20,0,0,599.3663749694824,821.1298065185547,8.3777587890625,599.3663749694824,completed
2091.15624,20,134.221673,1.0,True,20,0,0,555.581591129303,754.3377904891968,4.3930809020996096,555.581591129303,completed
1384.880507,20,134.239641,1.0,True,20,0,0,661.0907726287842,980.1015911102295,13.008831977844238,661.0907726287842,completed
275.518846,20,134.257756,1.0,True,20,0,0,900.1731853485107,1412.3860721588135,24.018814086914062,900.1731853485107,completed
1710.47168,20,134.276374,1.0,True,20,0,0,670.5259342193604,885.0414714813232,8.591678524017334,670.5259342193604,completed
1757.342767,20,134.294344,1.0,True,20,0,0,513.1431405544281,681.8201422691345,13.494229793548584,513.1431405544281,completed
2353.756025,20,134.312716,1.0,True,20,0,0,498.68842458724976,638.7040348052979,2.4864120483398438,498.68842458724976,completed
2214.706014,20,134.330825,1.0,True,20,0,0,516.0070033073425,695.3028168678284,2.8964171409606934,516.0070033073425,completed
1616.970845,20,134.348843,1.0,True,20,0,0,631.6937146186829,774.2151899337769,12.684405422210693,631.6937146186829,completed
1873.102264,20,134.367061,1.0,True,20,0,0,587.3418893814087,708.9243097305298,9.991896533966065,587.3418893814087,completed
1996.3676,20,134.387712,1.0,True,20,0,0,506.1302785873413,625.8981580734253,10.411656475067138,506.1302785873413,completed
1399.835915,20,134.406301,1.0,True,20,0,0,611.4302940368652,877.3459348678589,16.20563449859619,611.4302940368652,completed
1441.090636,20,134.425021,1.0,True,20,0,0,629.6157548427582,873.4390292167664,13.75892448425293,629.6157548427582,completed
1502.430584,20,134.443071,1.0,True,20,0,0,645.9617071151733,884.2759685516357,12.932220649719238,645.9617071151733,completed
1064.162554,20,134.461003,1.0,True,20,0,0,725.4654173851013,970.3452253341675,19.704461193084718,725.4654173851013,completed
1972.575704,20,134.479178,1.0,True,20,0,0,568.7031834125519,774.2735123634338,6.612538051605225,568.7031834125519,completed
1975.592897,20,134.497082,1.0,True,20,0,0,553.7370767593384,738.026575088501,7.133390617370606,553.7370767593384,completed
1660.804652,20,134.515083,1.0,True,20,0,0,648.3738858699799,923.5314974784851,7.857159233093261,648.3738858699799,completed
1803.593945,20,134.53306,1.0,True,20,0,0,661.2961921691895,922.8093357086182,4.738451766967773,661.2961921691895,completed
1555.758192,20,134.550991,1.0,True,20,0,0,632.6710715293884,934.483546257019,11.04268159866333,632.6710715293884,completed
1941.864176,20,134.569104,1.0,True,20,0,0,651.7045516967773,747.1872177124023,6.880178833007813,651.7045516967773,completed
1317.024635,20,134.587205,1.0,True,20,0,0,720.001220703125,887.7575550079346,15.736033058166504,720.001220703125,completed
1480.719706,20,134.605271,1.0,True,20,0,0,666.4524736404419,915.7916297912598,12.30095043182373,666.4524736404419,completed
1711.242925,20,134.623452,1.0,True,20,0,0,600.7515804767609,784.6273241043091,10.505401754379273,600.7515804767609,completed
2190.025359,20,134.64135,1.0,True,20,0,0,583.4034947156906,854.4841306209564,0.0,583.4034947156906,completed
2210.585159,20,134.659327,1.0,True,20,0,0,522.9255311489105,636.6365599632263,4.5089826583862305,522.9255311489105,completed
1951.272744,20,134.677501,1.0,True,20,0,0,651.0772924423218,843.0300149917603,3.393696594238281,651.0772924423218,completed
2165.816134,20,134.695655,1.0,True,20,0,0,553.3907685279846,688.3559823036194,4.998945617675782,553.3907685279846,completed
2361.469646,20,134.7135,1.0,True,20,0,0,550.862708568573,692.5109148025513,0.031268072128295896,550.862708568573,completed
2164.983786,20,134.731697,1.0,True,20,0,0,569.8370776176453,764.3949747085571,2.6819873809814454,569.8370776176453,completed
1865.07728,20,134.750733,1.0,True,20,0,0,535.9878478050232,726.7383317947388,9.847946166992188,535.9878478050232,completed
1375.541807,20,134.768937,1.0,True,20,0,0,656.8373880386353,962.0511989593506,13.177486038208007,656.8373880386353,completed
1956.764386,20,134.786972,1.0,True,20,0,0,597.2998447418213,829.8598670959473,5.675246334075927,597.2998447418213,completed
1706.20695,20,134.805322,1.0,True,20,0,0,645.5345611572266,980.3893356323242,5.2011011123657225,645.5345611572266,completed
2355.612789,20,134.823365,1.0,True,20,0,0,531.7256531715393,690.4466218948364,0.5215133666992188,531.7256531715393,completed
1914.248449,20,134.8421,1.0,True,20,0,0,607.6829824447632,790.2228336334229,7.047416114807129,607.6829824447632,completed
1641.810509,20,134.861483,1.0,True,20,0,0,656.5965518951416,920.8274841308594,7.658033180236816,656.5965518951416,completed
971.507035,20,134.880502,1.0,True,20,0,0,756.5749664306641,1121.7414474487305,16.14080982208252,756.5749664306641,completed
1657.989822,20,134.898808,1.0,True,20,0,0,562.7885293960571,776.8798875808716,12.619229602813721,562.7885293960571,completed
1933.435464,20,134.917134,1.0,True,20,0,0,605.4183874130249,709.3008670806885,7.577063751220703,605.4183874130249,completed
2046.33104,20,134.938879,1.0,True,20,0,0,554.8458640575409,741.052535533905,5.265091323852539,554.8458640575409,completed
1143.744293,20,134.958276,1.0,True,20,0,0,667.6211748123169,960.5775136947632,18.22619342803955,667.6211748123169,completed
1255.63813,20,134.976828,1.0,True,20,0,0,606.4458765983582,973.1817688941956,15.999859952926636,606.4458765983582,completed
1864.242149,20,134.995599,1.0,True,20,0,0,520.4756193161011,716.4050769805908,8.51067237854004,520.4756193161011,completed
1828.946762,20,135.014922,1.0,True,20,0,0,579.7024221420288,767.7078456878662,8.343828868865966,579.7024221420288,completed
1476.445784,20,135.033554,1.0,True,20,0,0,669.3220658302307,902.1670613288879,12.739430236816407,669.3220658302307,completed
1406.137458,20,135.051705,1.0,True,20,0,0,743.4388084411621,1027.5509967803955,9.312329006195068,743.4388084411621,completed
1595.03295,20,135.069534,1.0,True,20,0,0,676.2158460617065,948.3792819976807,8.400508308410645,676.2158460617065,completed
2329.874549,20,135.087892,1.0,True,20,0,0,535.4677081108093,627.1316928863525,2.2249990940093993,535.4677081108093,completed
940.424699,20,135.105878,1.0,True,20,0,0,724.4038214683533,1192.961760520935,16.066876792907713,724.4038214683533,completed
1826.207568,20,135.123735,1.0,True,20,0,0,668.5192754268646,862.0635075569153,6.360275220870972,668.5192754268646,completed
2271.368849,20,135.14165,1.0,True,20,0,0,541.4655323028564,670.9187908172607,2.3935290336608888,541.4655323028564,completed
2080.982141,20,135.159682,1.0,True,20,0,0,626.6500518321991,827.8536257743835,2.184720993041992,626.6500518321991,completed
2588.710183,20,135.177598,1.0,True,20,0,0,461.2180333137512,558.6899976730347,0.0,461.2180333137512,completed
1694.333776,20,135.195559,1.0,True,20,0,0,630.1170969009399,928.6981716156006,7.775699424743652,630.1170969009399,completed
2171.368554,20,135.213386,1.0,True,20,0,0,542.5819239616394,676.0372304916382,4.1110334396362305,542.5819239616394,completed
1396.670558,20,135.231324,1.0,True,20,0,0,615.0926923751831,857.161129951477,14.284914588928222,615.0926923751831,completed
2134.240701,20,135.249067,1.0,True,20,0,0,529.1335520744324,644.6966733932495,6.727820682525635,529.1335520744324,completed
1360.494351,20,135.267205,1.0,True,20,0,0,654.6274833679199,946.488691329956,14.639789962768555,654.6274833679199,completed
1767.858341,20,135.285212,1.0,True,20,0,0,629.6938314437866,867.0142612457275,8.265241813659667,629.6938314437866,completed
1772.051447,20,135.303131,1.0,True,20,0,0,551.2534370422363,778.1028919219971,10.532082748413085,551.2534370422363,completed
1988.22853,20,135.320995,1.0,True,20,0,0,643.942857503891,854.69744348526,2.880964183807373,643.942857503891,completed
1649.418202,20,135.338733,1.0,True,20,0,0,535.4627714157104,762.9428768157959,13.001674270629882,535.4627714157104,completed
1869.259498,20,135.357495,1.0,True,20,0,0,563.5402932167053,744.1794452667236,8.225473403930664,563.5402932167053,completed
1987.072254,20,135.375643,1.0,True,20,0,0,557.3560426235199,711.0524287223816,6.908911228179932,557.3560426235199,completed
1570.973997,20,135.393744,1.0,True,20,0,0,697.62446641922,1170.0921964645386,3.833747673034668,697.62446641922,completed
2034.305143,20,135.411666,1.0,True,20,0,0,592.1756734848022,801.1369972229004,3.978468894958496,592.1756734848022,completed
1470.347609,20,135.429766,1.0,True,20,0,0,555.5516424179077,803.1206188201904,16.072218132019042,555.5516424179077,completed
1710.295884,20,135.45177,1.0,True,20,0,0,646.0663909912109,821.2422904968262,8.842444038391113,646.0663909912109,completed
1560.673693,20,135.4711,1.0,True,20,0,0,671.5660758018494,950.7665319442749,9.263586902618409,671.5660758018494,completed
818.993052,20,135.49059,1.0,True,20,0,0,657.742262840271,1020.8928775787354,24.834485626220705,657.742262840271,completed
1424.816323,20,135.508863,1.0,True,20,0,0,591.92054271698,850.4565830230713,14.73822774887085,591.92054271698,completed
2055.772556,20,135.527161,1.0,True,20,0,0,551.8474187850952,734.3732671737671,5.257709980010986,551.8474187850952,completed
2153.184706,20,135.54539,1.0,True,20,0,0,556.9025230407715,737.6332454681396,3.2819302558898924,556.9025230407715,completed
2296.395393,20,135.563212,1.0,True,20,0,0,481.51179099082947,606.4979205131531,3.8137454986572266,481.51179099082947,completed
1897.657637,20,135.581225,1.0,True,20,0,0,568.8632209300995,751.933961391449,9.097426819801331,568.8632209300995,completed
2095.848793,20,135.598914,1.0,True,20,0,0,621.5947036743164,795.0795221328735,2.7901727676391603,621.5947036743164,completed
1492.252327,20,135.616939,1.0,True,20,0,0,643.8323726654053,886.6114387512207,11.279391670227051,643.8323726654053,completed
2441.758001,20,136.83336,1.0,True,20,0,0,533.9933347702026,652.5872707366943,0.0,533.9933347702026,completed
2015.341203,20,136.852806,1.0,True,20,0,0,557.8632068634033,801.2804145812988,4.338310432434082,557.8632068634033,completed
2570.783396,20,136.87148,1.0,True,20,0,0,438.19830322265625,520.5665168762207,1.2168613433837892,438.19830322265625,completed
1810.760087,20,136.890409,1.0,True,20,0,0,527.6385459899902,730.7701263427734,11.220241165161132,527.6385459899902,completed
1685.652694,20,136.90997,1.0,True,20,0,0,678.6267728805542,820.1583518981934,8.999926376342774,678.6267728805542,completed
1677.020487,20,136.929022,1.0,True,20,0,0,647.3448425531387,967.2409317493439,6.890189552307129,647.3448425531387,completed
1805.246042,20,136.950676,1.0,True,20,0,0,614.9974608421326,812.6924161911011,8.419845581054688,614.9974608421326,completed
2248.782971,20,136.972309,1.0,True,20,0,0,553.295560836792,699.6843719482422,2.614672088623047,553.295560836792,completed
2061.214041,20,136.993598,1.0,True,20,0,0,580.8638601303101,677.4029989242554,6.8781085968017575,580.8638601303101,completed
1508.128838,20,137.015908,1.0,True,20,0,0,715.8018374443054,1113.8350291252136,6.0542881965637205,715.8018374443054,completed
1005.940747,20,137.037225,1.0,True,20,0,0,675.3419194221497,1026.2798566818237,20.998656463623046,675.3419194221497,completed
1907.159926,20,137.056722,1.0,True,20,0,0,563.0257902145386,708.0058765411377,9.530453395843505,563.0257902145386,completed
1405.101677,20,137.076898,1.0,True,20,0,0,750.0312533378601,969.2075357437134,11.468782043457031,750.0312533378601,completed
2025.775126,20,137.095812,1.0,True,20,0,0,669.8056240081787,813.273045539856,3.318528747558594,669.8056240081787,completed
1870.872216,20,137.116005,1.0,True,20,0,0,605.8042678833008,736.0585975646973,8.399519157409667,605.8042678833008,completed
1344.712938,20,137.135367,1.0,True,20,0,0,702.9201085567474,956.4745268821716,13.41032543182373,702.9201085567474,completed
1697.483178,20,137.155043,1.0,True,20,0,0,645.5650134086609,831.8141946792603,8.254554986953735,645.5650134086609,completed
1147.258869,20,137.174442,1.0,True,20,0,0,766.0247936248779,1051.872652053833,14.77665843963623,766.0247936248779,completed
1775.955251,20,137.199675,1.0,True,20,0,0,574.4073820114136,733.1798048019409,10.697563362121581,574.4073820114136,completed
1238.199996,20,137.221221,1.0,True,20,0,0,689.3221673965454,972.2198247909546,15.219122409820557,689.3221673965454,completed
1008.857428,20,137.241367,1.0,True,20,0,0,721.2110786437988,1094.3375234603882,17.74111623764038,721.2110786437988,completed
2298.83938,20,137.261411,1.0,True,20,0,0,592.346531867981,710.9666862487793,0.46723365783691406,592.346531867981,completed
1842.277822,20,137.280667,1.0,True,20,0,0,615.7106499671936,821.7437429428101,7.859441757202148,615.7106499671936,completed
2337.827855,20,137.299277,1.0,True,20,0,0,502.30732250213623,661.1286420822144,0.9636561393737793,502.30732250213623,completed
2126.506283,20,137.318482,1.0,True,20,0,0,525.0903949737549,682.6273937225342,5.313733673095703,525.0903949737549,completed
2074.884591,20,137.337752,1.0,True,20,0,0,632.8803644180298,752.4459857940674,4.3174151420593265,632.8803644180298,completed
1897.079974,20,137.357221,1.0,True,20,0,0,586.0947635173798,796.0177264213562,7.01609172821045,586.0947635173798,completed
2128.048925,20,137.376466,1.0,True,20,0,0,598.6417756080627,715.7911748886108,3.8848929405212402,598.6417756080627,completed
1665.131524,20,137.39537,1.0,True,20,0,0,624.9471416473389,837.2714290618896,9.222540473937988,624.9471416473389,completed
2082.219878,20,137.41437,1.0,True,20,0,0,532.5786128044128,686.0044050216675,6.215702724456787,532.5786128044128,completed
2265.665361,20,137.433392,1.0,True,20,0,0,495.84539794921875,591.6842994689941,4.774366760253907,495.84539794921875,completed
1289.637908,20,137.452226,1.0,True,20,0,0,684.0819139480591,953.8538732528687,15.766842079162597,684.0819139480591,completed
1712.908726,20,137.471011,1.0,True,20,0,0,650.1009187698364,834.4883098602295,9.602339553833009,650.1009187698364,completed
1709.385323,20,137.489985,1.0,True,20,0,0,660.9915654659271,857.2893843650818,7.650035381317139,660.9915654659271,completed
1558.642657,20,137.509466,1.0,True,20,0,0,590.0230479240417,835.4677934646606,12.45822353363037,590.0230479240417,completed
1407.316571,20,137.528686,1.0,True,20,0,0,683.1748895645142,956.153772354126,12.77523365020752,683.1748895645142,completed
1461.766567,20,137.54784,1.0,True,20,0,0,647.8589487075806,1008.4277877807617,9.881187438964844,647.8589487075806,completed
315.135986,20,137.566715,1.0,True,20,0,0,817.3145303726196,1276.8797903060913,27.372688150405885,817.3145303726196,completed
1663.646245,20,137.586201,1.0,True,20,0,0,640.5454339981079,825.9148855209351,10.588003015518188,640.5454339981079,completed
1667.852718,20,137.605015,1.0,True,20,0,0,643.595308303833,881.7317161560059,9.527130222320556,643.595308303833,completed
1926.20796,20,137.624548,1.0,True,20,0,0,602.3336246013641,765.4310164451599,7.510443687438965,602.3336246013641,completed
1420.942695,20,137.6435,1.0,True,20,0,0,672.5064299106598,988.6686177253723,12.325449180603027,672.5064299106598,completed
2177.530222,20,137.661981,1.0,True,20,0,0,558.0951486825943,619.4029400348663,5.281736373901367,558.0951486825943,completed
2303.965208,20,137.681454,1.0,True,20,0,0,479.37469524145126,613.5120266675949,3.463668632507324,479.37469524145126,completed
2448.324883,20,137.700645,1.0,True,20,0,0,515.9154171943665,656.4780607223511,0.0,515.9154171943665,completed
1981.089999,20,137.719512,1.0,True,20,0,0,607.3717012405396,785.624080657959,5.5075122833251955,607.3717012405396,completed
2169.22424,20,137.738799,1.0,True,20,0,0,529.9532661437988,647.3654499053955,4.517545127868653,529.9532661437988,completed
1844.314357,20,137.757379,1.0,True,20,0,0,573.0293440818787,762.4253377914429,8.830004119873047,573.0293440818787,completed
1975.483747,20,137.776829,1.0,True,20,0,0,639.6954226493835,774.0025796890259,5.482404041290283,639.6954226493835,completed
2038.682759,20,137.796235,1.0,True,20,0,0,606.9687480926514,868.4228429794312,2.4217716217041017,606.9687480926514,completed
2401.107586,20,137.815152,1.0,True,20,0,0,515.8020963668823,699.4646873474121,0.0,515.8020963668823,completed
2233.877324,20,137.834641,1.0,True,20,0,0,557.8102843761444,666.2548785209656,3.213903474807739,557.8102843761444,completed
1952.940055,20,137.853635,1.0,True,20,0,0,632.1426448822021,737.9470872879028,7.150814056396484,632.1426448822021,completed
2412.389696,20,137.873087,1.0,True,20,0,0,535.0894465446472,601.6208610534668,1.4943422317504882,535.0894465446472,completed
2163.465927,20,137.892573,1.0,True,20,0,0,512.4500023126602,663.4546663761139,5.1065984725952145,512.4500023126602,completed
2321.09726,20,137.911921,1.0,True,20,0,0,568.9905757904053,694.1778583526611,0.7228187561035156,568.9905757904053,completed
2272.405214,20,137.930625,1.0,True,20,0,0,575.6527223587036,706.1918201446533,1.5098037719726562,575.6527223587036,completed
2097.551255,20,137.949869,1.0,True,20,0,0,566.4899574518204,700.0274651050568,5.563113975524902,566.4899574518204,completed
1454.422719,20,137.969641,1.0,True,20,0,0,629.7919244766235,973.6245803833008,11.917877197265625,629.7919244766235,completed
1420.63669,20,137.988268,1.0,True,20,0,0,630.9141635894775,1087.4302711486816,9.616037845611572,630.9141635894775,completed
1688.374133,20,138.007128,1.0,True,20,0,0,640.7836647033691,889.5176544189453,7.592156219482422,640.7836647033691,completed
2390.098441,20,138.025989,1.0,True,20,0,0,511.1229555606842,687.2920455932617,0.05516338348388672,511.1229555606842,completed
520.87576,20,138.044963,1.0,True,20,0,0,877.0192832946777,1194.122959136963,22.98443536758423,877.0192832946777,completed
1639.445728,20,138.063796,1.0,True,20,0,0,665.0303812026978,913.3165512084961,9.04719591140747,665.0303812026978,completed
1606.154716,20,138.084509,1.0,True,20,0,0,660.1865656375885,947.1568570137024,8.396520042419434,660.1865656375885,completed
1557.53318,20,138.103337,1.0,True,20,0,0,679.9645404815674,1028.0834312438965,7.714908027648926,679.9645404815674,completed
2520.89019,20,138.123301,1.0,True,20,0,0,458.1856679916382,584.2318305969238,0.41358489990234376,458.1856679916382,completed
1876.790019,20,138.143412,1.0,True,20,0,0,545.7682099342346,708.9369955062866,9.272958993911743,545.7682099342346,completed
1131.842745,20,138.162015,1.0,True,20,0,0,839.862714767456,1201.9884853363037,11.17630729675293,839.862714767456,completed
2267.119369,20,138.182347,1.0,True,20,0,0,565.9649896621704,682.5642890930176,1.8120229721069336,565.9649896621704,completed
2096.639809,20,138.207364,1.0,True,20,0,0,589.4979104995728,664.2656002044678,5.59923210144043,589.4979104995728,completed
2317.992185,20,138.227901,1.0,True,20,0,0,601.7257761955261,633.3924570083618,1.9810161590576172,601.7257761955261,completed
1485.138128,20,138.248753,1.0,True,20,0,0,671.0343607664108,926.8810746669769,12.441801834106446,671.0343607664108,completed
1558.505069,20,138.268567,1.0,True,20,0,0,664.148443698883,882.2970495223999,11.936977767944336,664.148443698883,completed
1949.015881,20,138.287713,1.0,True,20,0,0,580.7802128791809,659.6480178833008,8.922579288482666,580.7802128791809,completed
773.861879,20,138.306373,1.0,True,20,0,0,797.9533452987671,1171.4445686340332,20.34442720413208,797.9533452987671,completed
1582.540442,20,138.325275,1.0,True,20,0,0,584.5931379795074,834.2324104309082,13.226200604438782,584.5931379795074,completed
1502.238495,20,138.344385,1.0,True,20,0,0,622.0533618927002,768.7152862548828,15.848566818237305,622.0533618927002,completed
1908.277701,20,138.3631,1.0,True,20,0,0,654.4926748275757,752.4340114593506,7.5337320327758786,654.4926748275757,completed
2288.385639,20,138.382223,1.0,True,20,0,0,528.3903110027313,594.4741930961609,4.266464042663574,528.3903110027313,completed
1744.358358,20,138.4008,1.0,True,20,0,0,681.4779987335205,796.004054069519,9.403759574890136,681.4779987335205,completed
1135.975908,20,138.420199,1.0,True,20,0,0,651.5356979370117,975.2884645462036,18.25713405609131,651.5356979370117,completed
1721.952052,20,138.439236,1.0,True,20,0,0,639.0808591842651,802.9513359069824,10.408824062347412,639.0808591842651,completed
1662.901376,20,138.458248,1.0,True,20,0,0,589.5144307613373,794.3833508491516,12.239206981658935,589.5144307613373,completed
1791.451282,20,138.477096,1.0,True,20,0,0,545.1768140792847,754.4891242980957,10.162614822387695,545.1768140792847,completed
184.061403,20,138.496137,1.0,True,20,0,0,874.1873302459717,1377.9368019104004,26.392392921447755,874.1873302459717,completed
1656.477071,20,138.514655,1.0,True,20,0,0,599.4061822891235,896.9387559890747,8.806164693832397,599.4061822891235,completed
1970.634014,20,138.533842,1.0,True,20,0,0,577.490225315094,803.9953145980835,5.71192512512207,577.490225315094,completed
1536.400604,20,138.552392,1.0,True,20,0,0,614.8779411315918,1055.3578262329102,9.094475555419923,614.8779411315918,completed
641.808896,20,138.572034,1.0,True,20,0,0,762.5688672065735,1123.4470014572144,24.246452045440673,762.5688672065735,completed
2223.018748,20,138.591167,1.0,True,20,0,0,517.2180891036987,655.6933288574219,3.759693431854248,517.2180891036987,completed
2026.255825,20,138.610072,1.0,True,20,0,0,584.0882828235626,726.6063752174377,6.350604820251465,584.0882828235626,completed
1947.657835,20,138.628759,1.0,True,20,0,0,543.0864410400391,693.485424041748,7.966408348083496,543.0864410400391,completed
2210.520937,20,138.647321,1.0,True,20,0,0,586.7425546646118,771.5809745788574,1.0923614501953125,586.7425546646118,completed
2462.721362,20,138.666225,1.0,True,20,0,0,526.0699334144592,637.8515253067017,0.0,526.0699334144592,completed
2457.517567,20,138.684936,1.0,True,20,0,0,553.3734395503998,627.6894268989563,0.0,553.3734395503998,completed
2559.836718,20,138.704356,1.0,True,20,0,0,457.8568434715271,586.7719783782959,0.0,457.8568434715271,completed
594.931851,20,138.7234,1.0,True,20,0,0,736.8327937722206,1121.663531422615,26.478464698791505,736.8327937722206,completed
1811.330442,20,138.74238,1.0,True,20,0,0,675.790454864502,972.1525535583496,4.220686912536621,675.790454864502,completed
1759.514818,20,138.7611,1.0,True,20,0,0,654.4681663513184,926.9058704376221,5.830195617675781,654.4681663513184,completed
1339.309684,20,138.780428,1.0,True,20,0,0,738.8484678268433,1226.6743278503418,6.825986862182617,738.8484678268433,completed
753.658375,20,138.799354,1.0,True,20,0,0,800.7863459587097,1282.1775484085083,18.38686285018921,800.7863459587097,completed
2033.908188,20,140.05733,1.0,True,20,0,0,614.4122741222382,788.5525279045105,4.00091667175293,614.4122741222382,completed
1133.96432,20,140.076842,1.0,True,20,0,0,718.3642342090607,1058.2719597816467,15.022949600219727,718.3642342090607,completed
1736.478636,20,140.095681,1.0,True,20,0,0,524.3421754837036,730.9340667724609,12.49721462726593,524.3421754837036,completed
1056.641286,20,140.114701,1.0,True,20,0,0,742.2324924468994,1200.6013069152832,14.558944511413575,742.2324924468994,completed
1720.09623,20,140.133525,1.0,True,20,0,0,617.9395818710327,845.3101062774658,9.607472610473632,617.9395818710327,completed
2121.922839,20,140.153266,1.0,True,20,0,0,577.0713746547699,683.9240756034851,4.612946319580078,577.0713746547699,completed
2316.936793,20,140.17287,1.0,True,20,0,0,508.5361807346344,682.1184959411621,2.0652788162231444,508.5361807346344,completed
1531.172963,20,140.192519,1.0,True,20,0,0,728.6913957595825,1029.6693086624146,7.599398994445801,728.6913957595825,completed
1796.484816,20,140.211555,1.0,True,20,0,0,591.6243271827698,788.8638858795166,9.019757843017578,591.6243271827698,completed
1175.833154,20,140.230522,1.0,True,20,0,0,685.6125731468201,986.7318525314331,17.684856605529784,685.6125731468201,completed
2055.331077,20,140.249563,1.0,True,20,0,0,507.4421100616455,677.1286926269531,6.884052371978759,507.4421100616455,completed
2069.970457,20,140.268644,1.0,True,20,0,0,592.0204772949219,861.7478351593018,2.0473659515380858,592.0204772949219,completed
2589.764607,20,140.287628,1.0,True,20,0,0,458.5017964541912,559.2130140662193,0.0,458.5017964541912,completed
1223.697824,20,140.306582,1.0,True,20,0,0,742.1411476135254,1055.649751663208,13.120069026947021,742.1411476135254,completed
1378.343393,20,140.325989,1.0,True,20,0,0,714.8773040771484,933.0281448364258,14.284981632232666,714.8773040771484,completed
2274.647435,20,140.344945,1.0,True,20,0,0,506.78599894046783,649.2516100406647,3.427604866027832,506.78599894046783,completed
1647.457017,20,140.364356,1.0,True,20,0,0,682.0354013442993,830.0420541763306,10.881887054443359,682.0354013442993,completed
1865.656584,20,140.383591,1.0,True,20,0,0,597.8298349380493,765.959846496582,7.827242088317871,597.8298349380493,completed
2049.712044,20,140.402471,1.0,True,20,0,0,599.921637058258,704.585117816925,5.5072835922241214,599.921637058258,completed
1484.719282,20,140.422253,1.0,True,20,0,0,660.7144937515259,892.3096656799316,12.932784748077392,660.7144937515259,completed
2284.779812,20,140.441138,1.0,True,20,0,0,567.1839990615845,715.4656133651733,1.0724403381347656,567.1839990615845,completed
1869.60342,20,140.460364,1.0,True,20,0,0,731.8214318752289,1064.8215641975403,0.0,731.8214318752289,completed
1798.50488,20,140.49347,1.0,True,20,0,0,582.6753263473511,739.1968612670898,11.094334411621094,582.6753263473511,completed
2053.807618,20,140.514327,1.0,True,20,0,0,589.8236417770386,666.2385578155518,6.610894584655762,589.8236417770386,completed
1849.787717,20,140.536066,1.0,True,20,0,0,608.0580196380615,857.6759262084961,5.548348808288575,608.0580196380615,completed
1924.33035,20,140.557429,1.0,True,20,0,0,540.2470288276672,705.1412839889526,10.146650505065917,540.2470288276672,completed
1554.890632,20,140.578722,1.0,True,20,0,0,650.6623420715332,872.8590450286865,11.86417531967163,650.6623420715332,completed
2275.035765,20,140.701219,1.0,True,20,0,0,567.7877106666565,666.4819488525391,2.029036617279053,567.7877106666565,completed
2119.302197,20,140.744619,1.0,True,20,0,0,600.70516705513,762.4279398918152,3.4150992155075075,600.70516705513,completed
1446.160192,20,140.764697,1.0,True,20,0,0,611.9568912982941,904.1250615119934,14.303202629089355,611.9568912982941,completed
1606.716177,20,140.787691,1.0,True,20,0,0,669.568844795227,988.5704364776611,7.102875900268555,669.568844795227,completed
1245.196886,20,140.810822,1.0,True,20,0,0,720.204519033432,1064.018428325653,13.931503295898438,720.204519033432,completed
902.897865,20,140.832296,1.0,True,20,0,0,766.0375189781189,1138.629921913147,17.874667739868165,766.0375189781189,completed
1556.398681,20,140.851581,1.0,True,20,0,0,673.6706733703613,893.4777317047119,10.914335250854492,673.6706733703613,completed
1649.524075,20,140.870819,1.0,True,20,0,0,658.9863772392273,830.7516584396362,11.156431865692138,658.9863772392273,completed
1302.977202,20,140.891116,1.0,True,20,0,0,690.3943786621094,932.6644306182861,15.296382427215576,690.3943786621094,completed
2059.002358,20,140.911087,1.0,True,20,0,0,615.824805021286,806.2031321525574,2.866982841491699,615.824805021286,completed
2303.50877,20,140.93016,1.0,True,20,0,0,572.8741497993469,757.0606727600098,0.0,572.8741497993469,completed
1765.038249,20,140.949461,1.0,True,20,0,0,706.1531586647034,864.4417543411255,5.384598159790039,706.1531586647034,completed
2514.763092,20,140.968816,1.0,True,20,0,0,443.6040186882019,588.4132966995239,0.6704967498779297,443.6040186882019,completed
1327.189618,20,140.988286,1.0,True,20,0,0,604.9016485214233,838.0740604400635,18.574698162078857,604.9016485214233,completed
2345.993954,20,141.007301,1.0,True,20,0,0,539.8751697540283,736.4372215270996,0.0,539.8751697540283,completed
1880.891158,20,141.026367,1.0,True,20,0,0,537.3319473266602,807.7215566635132,7.830399036407471,537.3319473266602,completed
1808.8211,20,141.045945,1.0,True,20,0,0,641.7121078968048,859.7400879859924,6.010938453674316,641.7121078968048,completed
2255.743945,20,141.064228,1.0,True,20,0,0,539.2693135738373,644.5859923362732,3.5412468910217285,539.2693135738373,completed
1707.826603,20,141.083212,1.0,True,20,0,0,641.0282020568848,950.2107543945312,6.683116149902344,641.0282020568848,completed
2389.091722,20,141.102326,1.0,True,20,0,0,498.29903411865234,655.7062892913818,0.516298484802246,498.29903411865234,completed
1233.090691,20,141.121233,1.0,True,20,0,0,615.4840273857117,883.5644636154175,19.517449569702148,615.4840273857117,completed
-219.015547,20,141.140124,1.0,True,20,0,0,810.1826438903809,1272.9616966247559,41.566202354431155,810.1826438903809,completed
1443.221904,20,141.15897,1.0,True,20,0,0,686.1290595531464,935.7503800392151,13.644381046295166,686.1290595531464,completed
2088.454007,20,141.178002,1.0,True,20,0,0,579.610523223877,748.2589454650879,3.6423709869384764,579.610523223877,completed
1281.128842,20,141.196988,1.0,True,20,0,0,756.2512083053589,1109.951153755188,10.604354095458984,756.2512083053589,completed
1922.180658,20,141.215786,1.0,True,20,0,0,632.5341339111328,859.6093673706055,5.193213939666748,632.5341339111328,completed
1609.068841,20,141.235709,1.0,True,20,0,0,560.8606278896332,823.4886469841003,13.839431762695312,560.8606278896332,completed
1454.344563,20,141.255343,1.0,True,20,0,0,687.2565174102783,1090.649356842041,8.464680862426757,687.2565174102783,completed
2218.505862,20,141.275498,1.0,True,20,0,0,511.6309938430786,643.8968868255615,4.280724143981933,511.6309938430786,completed
1840.049675,20,141.297218,1.0,True,20,0,0,643.8444976806641,988.8793487548828,2.8969085693359373,643.8444976806641,completed
2085.153428,20,141.324132,1.0,True,20,0,0,554.4384078979492,677.4087886810303,6.0508464813232425,554.4384078979492,completed
1924.486279,20,141.348486,1.0,True,20,0,0,656.0954546928406,830.7723226547241,4.950172328948975,656.0954546928406,completed
1849.351128,20,141.367803,1.0,True,20,0,0,713.4741034507751,1022.8782815933228,0.6849575042724609,713.4741034507751,completed
1576.007431,20,141.38689,1.0,True,20,0,0,639.3222856521606,808.4258975982666,12.653267765045166,639.3222856521606,completed
1648.201151,20,141.405697,1.0,True,20,0,0,715.3811957836151,1032.4476923942566,6.046941757202148,715.3811957836151,completed
1524.328347,20,141.424666,1.0,True,20,0,0,650.6160650253296,891.554573059082,12.73979959487915,650.6160650253296,completed
1472.393001,20,141.443904,1.0,True,20,0,0,600.6424660682678,826.0823678970337,15.338272857666016,600.6424660682678,completed
2612.78386,20,141.462575,1.0,True,20,0,0,463.48254919052124,535.5696458816528,0.0,463.48254919052124,completed
2437.81133,20,141.482357,1.0,True,20,0,0,482.1651160120964,575.8097194433212,1.7374727249145507,482.1651160120964,completed
2294.228119,20,141.501433,1.0,True,20,0,0,553.0161032676697,656.4717793464661,2.04608154296875,553.0161032676697,completed
1175.571582,20,141.519938,1.0,True,20,0,0,686.5158243179321,895.9161882400513,19.5502779006958,686.5158243179321,completed
2217.843952,20,141.539547,1.0,True,20,0,0,524.2032098770142,646.252893447876,3.4188984870910644,524.2032098770142,completed
1857.236921,20,141.558377,1.0,True,20,0,0,593.432354927063,806.0966415405273,8.249934005737305,593.432354927063,completed
2499.271067,20,141.576823,1.0,True,20,0,0,539.5952379703522,597.247082233429,0.0,539.5952379703522,completed
1659.507496,20,141.596468,1.0,True,20,0,0,639.1538238525391,829.2168807983398,10.621541023254395,639.1538238525391,completed
2486.432015,20,141.615989,1.0,True,20,0,0,531.9344444274902,613.0975618362427,0.0,531.9344444274902,completed
2101.890677,20,141.634847,1.0,True,20,0,0,533.902334690094,663.4894704818726,6.948237609863281,533.902334690094,completed
2194.836839,20,141.653766,1.0,True,20,0,0,488.2300901412964,658.9843101501465,5.433559131622315,488.2300901412964,completed
1997.179367,20,141.672833,1.0,True,20,0,0,562.1610631942749,718.0080871582031,6.39287748336792,562.1610631942749,completed
1566.209885,20,141.691669,1.0,True,20,0,0,662.6292204856873,932.8928213119507,10.375761985778809,662.6292204856873,completed
2050.063254,20,141.710352,1.0,True,20,0,0,616.6455779075623,754.4965581893921,5.12507963180542,616.6455779075623,completed
1384.964433,20,141.728729,1.0,True,20,0,0,679.7941226959229,980.1598892211914,12.724580383300781,679.7941226959229,completed
1292.591706,20,141.748878,1.0,True,20,0,0,631.5932521820068,889.3491115570068,17.62920799255371,631.5932521820068,completed
1728.081257,20,141.767603,1.0,True,20,0,0,651.2887859344482,817.1979713439941,9.680692577362061,651.2887859344482,completed
1846.768891,20,141.786573,1.0,True,20,0,0,714.8322548866272,870.2276401519775,4.302033805847168,714.8322548866272,completed
1837.420072,20,141.805338,1.0,True,20,0,0,573.4347088336945,779.6505408287048,9.147587704658509,573.4347088336945,completed
1596.749875,20,141.824179,1.0,True,20,0,0,678.6176338195801,941.7904357910156,9.127751636505128,678.6176338195801,completed
1693.016015,20,141.843067,1.0,True,20,0,0,670.8163480758667,913.1673889160156,8.250251197814942,670.8163480758667,completed
1782.165042,20,141.86179,1.0,True,20,0,0,609.083212852478,912.7968158721924,6.332713317871094,609.083212852478,completed
2001.068892,20,141.880606,1.0,True,20,0,0,506.31714248657227,674.5204048156738,8.329209423065185,506.31714248657227,completed
1776.507317,20,141.900428,1.0,True,20,0,0,668.3615856170654,850.4992818832397,7.923163032531738,668.3615856170654,completed
1412.199876,20,141.919878,1.0,True,20,0,0,710.8357257843018,970.4162712097168,11.221019744873047,710.8357257843018,completed
2205.543093,20,141.93891,1.0,True,20,0,0,540.9066405296326,707.4119119644165,3.043995475769043,540.9066405296326,completed
1382.930234,20,141.958563,1.0,True,20,0,0,682.1208276748657,882.0749435424805,14.81287078857422,682.1208276748657,completed
1537.429463,20,141.981958,1.0,True,20,0,0,690.4144592285156,836.5395603179932,12.703208637237548,690.4144592285156,completed
2366.215757,20,142.001916,1.0,True,20,0,0,486.42072105407715,564.2132720947266,4.407430267333984,486.42072105407715,completed
1761.826509,20,142.023117,1.0,True,20,0,0,593.0850760936737,809.7795424461365,9.289123725891113,593.0850760936737,completed
1342.525681,20,142.043896,1.0,True,20,0,0,741.2298421859741,1158.5134525299072,8.584290409088135,741.2298421859741,completed
2413.097902,20,142.064217,1.0,True,20,0,0,480.49308228492737,540.8233034610748,3.9675153732299804,480.49308228492737,completed
2071.889553,20,142.083241,1.0,True,20,0,0,587.9985551834106,854.9128131866455,1.6226804733276368,587.9985551834106,completed
2317.228102,20,142.102223,1.0,True,20,0,0,516.2223958969116,580.3478555679321,3.4913954734802246,516.2223958969116,completed
1632.820987,20,142.122206,1.0,True,20,0,0,603.0711345672607,862.8291511535645,11.530606651306153,603.0711345672607,completed
1579.221591,20,142.141154,1.0,True,20,0,0,733.6909923553467,989.645040512085,7.423856735229492,733.6909923553467,completed
1941.180874,20,142.160273,1.0,True,20,0,0,533.1205353736877,687.2676095962524,9.073810863494874,533.1205353736877,completed
2073.616742,20,142.179446,1.0,True,20,0,0,558.032525062561,634.6514120101929,8.086179733276367,558.032525062561,completed
1942.602649,20,143.630472,1.0,True,20,0,0,601.2962713241577,793.8769788742065,5.0838727951049805,601.2962713241577,completed
2240.482969,20,143.651203,1.0,True,20,0,0,531.8351049423218,657.2456998825073,3.0611424446105957,531.8351049423218,completed
2620.999035,20,143.674476,1.0,True,20,0,0,465.6241726875305,526.9331464767456,0.0,465.6241726875305,completed
2071.152327,20,143.695308,1.0,True,20,0,0,563.3932707309723,699.2336864471436,5.666366386413574,563.3932707309723,completed
1966.326203,20,143.720865,1.0,True,20,0,0,651.8472740650177,691.0163769721985,7.811185455322265,651.8472740650177,completed
1254.104346,20,143.743144,1.0,True,20,0,0,630.4117517471313,958.9498949050903,16.070092964172364,630.4117517471313,completed
867.36241,20,143.763745,1.0,True,20,0,0,672.5791931152344,1086.8292837142944,21.589446544647217,672.5791931152344,completed
1966.644062,20,143.785663,1.0,True,20,0,0,602.2911739349365,832.3873920440674,3.4088775634765627,602.2911739349365,completed
1748.142723,20,143.807994,1.0,True,20,0,0,693.1011815071106,889.1787805557251,5.322497749328614,693.1011815071106,completed
798.615661,20,143.828585,1.0,True,20,0,0,758.0844111442566,1062.9764566421509,22.681489753723145,758.0844111442566,completed
1711.071859,20,143.848396,1.0,True,20,0,0,557.5507988929749,742.4300384521484,12.943115472793579,557.5507988929749,completed
1680.020175,20,143.869814,1.0,True,20,0,0,580.3749947547913,828.6792707443237,11.630190753936768,580.3749947547913,completed
1318.758698,20,143.889937,1.0,True,20,0,0,694.3112149238586,922.717095375061,13.866644191741944,694.3112149238586,completed
1513.653153,20,143.909861,1.0,True,20,0,0,689.5770797729492,937.2012519836426,10.54198055267334,689.5770797729492,completed
2062.768858,20,143.929199,1.0,True,20,0,0,564.1683113574982,771.9923806190491,3.2384634017944336,564.1683113574982,completed
1239.645338,20,143.948905,1.0,True,20,0,0,604.9395520687103,921.138473033905,19.103465270996093,604.9395520687103,completed
1610.37349,20,143.97437,1.0,True,20,0,0,517.6217941045761,768.5947635173798,13.46497983932495,517.6217941045761,completed
1597.773946,20,143.994342,1.0,True,20,0,0,718.9302937984467,985.6330902576447,7.916786956787109,718.9302937984467,completed
2040.69886,20,144.013858,1.0,True,20,0,0,543.3665428161621,700.960560798645,6.055614948272705,543.3665428161621,completed
1911.469433,20,144.03351,1.0,True,20,0,0,633.3909363746643,852.5951948165894,4.391032266616821,633.3909363746643,completed
2450.250204,20,144.052235,1.0,True,20,0,0,473.01400423049927,589.0005407333374,1.2010199546813964,473.01400423049927,completed
1676.441741,20,144.070818,1.0,True,20,0,0,671.464448928833,894.8045711517334,8.534864044189453,671.464448928833,completed
1957.861381,20,144.089521,1.0,True,20,0,0,596.0387229919434,816.6799201965332,4.154186820983886,596.0387229919434,completed
2096.531642,20,144.1085,1.0,True,20,0,0,559.4590058326721,723.1841630935669,4.432259368896484,559.4590058326721,completed
1573.57212,20,144.127816,1.0,True,20,0,0,660.9410309791565,881.6939363479614,10.37499828338623,660.9410309791565,completed
1129.711364,20,144.146461,1.0,True,20,0,0,648.3389234542847,927.4302082061768,19.152801322937012,648.3389234542847,completed
1864.682312,20,144.165095,1.0,True,20,0,0,541.3417105674744,753.5155801773071,9.041138076782227,541.3417105674744,completed
1913.931575,20,144.184315,1.0,True,20,0,0,572.9477391242981,700.2772550582886,9.424870014190674,572.9477391242981,completed
2284.874415,20,144.204427,1.0,True,20,0,0,582.2507898807526,687.9991590976715,1.5994009017944335,582.2507898807526,completed
2401.14428,20,144.229297,1.0,True,20,0,0,541.2853956222534,594.5993585586548,1.875629711151123,541.2853956222534,completed
1565.011038,20,144.24902,1.0,True,20,0,0,559.8940620422363,821.6765041351318,13.130209255218507,559.8940620422363,completed
2292.346064,20,144.269362,1.0,True,20,0,0,517.5066459178925,705.1246581077576,1.9128206253051758,517.5066459178925,completed
1869.60342,20,144.291796,1.0,True,20,0,0,731.8214318752289,1064.8215641975403,0.0,731.8214318752289,completed
2299.12644,20,144.314427,1.0,True,20,0,0,477.2259736061096,614.2972497940063,4.845275020599365,477.2259736061096,completed
2088.995535,20,144.336952,1.0,True,20,0,0,635.5157785415649,730.5634078979492,3.901881217956543,635.5157785415649,completed
1181.93173,20,144.36333,1.0,True,20,0,0,649.3151798248291,993.2607498168945,16.647308444976808,649.3151798248291,completed
1788.762029,20,144.389444,1.0,True,20,0,0,657.5586366653442,1011.4456262588501,3.3528150081634522,657.5586366653442,completed
2435.970307,20,144.409719,1.0,True,20,0,0,521.5319595336914,601.0476112365723,1.123953628540039,521.5319595336914,completed
1450.255122,20,144.42982,1.0,True,20,0,0,681.474817276001,935.6369390487671,13.541483879089355,681.474817276001,completed
1185.507815,20,144.452216,1.0,True,20,0,0,769.5451867580414,976.8419413566589,16.455973434448243,769.5451867580414,completed
1867.601628,20,144.480592,1.0,True,20,0,0,614.5439128875732,854.7388429641724,5.711482429504395,614.5439128875732,completed
1370.219788,20,144.500109,1.0,True,20,0,0,860.6793918609619,1388.5781059265137,1.023416519165039,860.6793918609619,completed
1276.756682,20,144.519413,1.0,True,20,0,0,706.4947080612183,979.3319778442383,15.052032947540283,706.4947080612183,completed
1293.209076,20,144.538351,1.0,True,20,0,0,629.6344609260559,927.198203086853,16.602305603027343,629.6344609260559,completed
1746.50251,20,144.559213,1.0,True,20,0,0,571.3878469467163,808.2207851409912,9.415547943115234,571.3878469467163,completed
2089.363594,20,144.579325,1.0,True,20,0,0,601.6651177406311,716.1091394424438,4.797932052612305,601.6651177406311,completed
2196.306092,20,144.600372,1.0,True,20,0,0,480.4184379577637,643.361005783081,5.943643474578858,480.4184379577637,completed
970.61493,20,144.622094,1.0,True,20,0,0,729.008415222168,1073.6945571899414,19.147900199890138,729.008415222168,completed
984.278518,20,144.643108,1.0,True,20,0,0,710.5209712982178,1131.3501586914062,16.873093128204346,710.5209712982178,completed
2124.440096,20,144.664436,1.0,True,20,0,0,596.4422807693481,688.2559185028076,4.14032564163208,596.4422807693481,completed
798.775541,20,144.685984,1.0,True,20,0,0,723.3991966247559,1138.435214996338,21.12265510559082,723.3991966247559,completed
696.987433,20,144.707109,1.0,True,20,0,0,755.9374704360962,1175.147747039795,22.169689083099364,755.9374704360962,completed
1762.296391,20,144.731598,1.0,True,20,0,0,657.1218891143799,889.9734134674072,5.486493015289307,657.1218891143799,completed
1984.991029,20,144.753,1.0,True,20,0,0,636.0259437561035,942.3753662109375,1.2945125579833985,636.0259437561035,completed
1537.826275,20,144.773383,1.0,True,20,0,0,567.3589200973511,773.3224277496338,16.27759256362915,567.3589200973511,completed
1730.24778,20,144.794225,1.0,True,20,0,0,631.3894681930542,806.9396543502808,10.207122993469238,631.3894681930542,completed
2339.096126,20,144.813478,1.0,True,20,0,0,458.8280646800995,587.7674956321716,4.226569747924804,458.8280646800995,completed
1682.810195,20,144.834424,1.0,True,20,0,0,578.2452630996704,782.0518341064453,11.62464075088501,578.2452630996704,completed
879.794934,20,144.855149,1.0,True,20,0,0,731.2845251560211,1094.8414902687073,20.177717781066896,731.2845251560211,completed
1858.29736,20,144.87698,1.0,True,20,0,0,648.3212755918503,775.2290532588959,6.9989479064941404,648.3212755918503,completed
2225.808338,20,144.897039,1.0,True,20,0,0,492.023663520813,595.7382869720459,5.716633701324463,492.023663520813,completed
2272.681586,20,144.922255,1.0,True,20,0,0,546.9119520187378,640.6416263580322,3.7366363525390627,546.9119520187378,completed
1613.7323,20,144.979741,1.0,True,20,0,0,696.3337454795837,865.3608908653259,9.289261817932129,696.3337454795837,completed
2067.488897,20,145.028822,1.0,True,20,0,0,573.7262705564499,764.727730512619,3.801870918273926,573.7262705564499,completed
1698.592154,20,145.141726,1.0,True,20,0,0,619.1368198394775,838.3560075759888,8.443353652954102,619.1368198394775,completed
1881.256596,20,145.166278,1.0,True,20,0,0,624.3242287635803,749.9291315078735,8.105670547485351,624.3242287635803,completed
1540.809244,20,145.232149,1.0,True,20,0,0,609.9979176521301,843.6052255630493,13.005656433105468,609.9979176521301,completed
923.084071,20,145.253801,1.0,True,20,0,0,702.5623191595078,1046.3706119060516,20.859271621704103,702.5623191595078,completed
1553.122231,20,145.275574,1.0,True,20,0,0,683.3098707199097,880.4368600845337,11.210282516479491,683.3098707199097,completed
1898.641994,20,145.29608,1.0,True,20,0,0,598.0448207855225,717.2202062606812,8.339722156524658,598.0448207855225,completed
2435.907178,20,145.316831,1.0,True,20,0,0,536.2740507125854,656.6621742248535,0.0,536.2740507125854,completed
1834.669454,20,145.337484,1.0,True,20,0,0,625.2613754272461,882.7611293792725,4.9784119606018065,625.2613754272461,completed
1761.36488,20,145.359026,1.0,True,20,0,0,607.1277112960815,905.2574739456177,7.7143817901611325,607.1277112960815,completed
2143.11725,20,145.381298,1.0,True,20,0,0,534.9062795639038,737.6730537414551,3.237465572357178,534.9062795639038,completed
2041.938375,20,145.403083,1.0,True,20,0,0,600.4895303249359,771.3272624015808,4.4826979637146,600.4895303249359,completed
1397.959206,20,145.423321,1.0,True,20,0,0,673.0904703140259,916.9172983169556,13.614437103271484,673.0904703140259,completed
2467.020317,20,145.442949,1.0,True,20,0,0,443.6040186882019,588.4132966995239,1.2390661239624023,443.6040186882019,completed
1296.784736,20,145.466317,1.0,True,20,0,0,704.3814144134521,1042.777048110962,10.963291549682618,704.3814144134521,completed
1825.967696,20,145.49485,1.0,True,20,0,0,580.9003772735596,814.2997198104858,7.744059658050537,580.9003772735596,completed
2168.574692,20,145.514413,1.0,True,20,0,0,480.6347975730896,643.5193109512329,6.004329681396484,480.6347975730896,completed
2005.59019,20,145.537679,1.0,True,20,0,0,599.0200462341309,720.8995494842529,6.17520694732666,599.0200462341309,completed
1805.985245,20,145.562194,1.0,True,20,0,0,606.7855763435364,793.836784362793,9.043073654174805,606.7855763435364,completed
2325.931419,20,145.584232,1.0,True,20,0,0,538.7729005813599,654.1605834960938,1.5307049751281738,538.7729005813599,completed
1324.601152,20,145.606377,1.0,True,20,0,0,649.9847145080566,915.377890586853,16.462308502197267,649.9847145080566,completed
1627.947207,20,145.628132,1.0,True,20,0,0,505.511839389801,757.458176612854,15.388542366027831,505.511839389801,completed
2400.631064,20,145.653543,1.0,True,20,0,0,524.6168166399002,616.2811834812164,1.5422386169433593,524.6168166399002,completed
1872.40894,20,145.675084,1.0,True,20,0,0,626.7546029090881,789.2404546737671,7.209344959259033,626.7546029090881,completed
2264.536136,20,145.696953,1.0,True,20,0,0,576.7523326873779,740.7753925323486,0.7389883041381836,576.7523326873779,completed
2188.991049,20,145.718522,1.0,True,20,0,0,518.2796380519867,650.7667956352234,4.104942321777344,518.2796380519867,completed
2083.503216,20,145.7489,1.0,True,20,0,0,535.0905395746231,712.7442390918732,4.160594940185547,535.0905395746231,completed
1059.15054,20,145.774701,1.0,True,20,0,0,815.4540786743164,1223.5056114196777,11.51802101135254,815.4540786743164,completed
1608.246458,20,145.799759,1.0,True,20,0,0,626.6827964782715,756.3074836730957,14.09514079093933,626.6827964782715,completed
1888.155941,20,145.82506,1.0,True,20,0,0,606.0840294361115,818.7229428291321,6.939960098266601,606.0840294361115,completed
1842.483545,20,145.847708,1.0,True,20,0,0,581.5090808868408,774.1802062988281,8.425319480895997,581.5090808868408,completed
1479.820263,20,145.869339,1.0,True,20,0,0,643.8705387115479,918.1438369750977,12.597479820251465,643.8705387115479,completed
734.296231,20,145.891315,1.0,True,20,0,0,714.6576533317566,1081.9117155075073,25.04515724182129,714.6576533317566,completed
1676.816952,20,145.913158,1.0,True,20,0,0,673.2664732933044,952.7382907867432,6.905276107788086,673.2664732933044,completed
2156.391349,20,145.935184,1.0,True,20,0,0,576.7175204753876,714.1988081932068,4.17398624420166,576.7175204753876,completed
2052.130956,20,145.957058,1.0,True,20,0,0,515.4268500804901,700.9650664329529,6.81378402709961,515.4268500804901,completed
2015.316332,20,145.981937,1.0,True,20,0,0,629.1159062385559,818.7205047607422,2.7905392169952394,629.1159062385559,completed
1843.336379,20,146.003677,1.0,True,20,0,0,603.515732884407,831.6095087528229,7.7445930480957035,603.515732884407,completed
1291.604824,20,146.025175,1.0,True,20,0,0,714.0584893226624,966.394024848938,14.923166370391845,714.0584893226624,completed
1590.787492,20,146.045536,1.0,True,20,0,0,721.8951950073242,1083.1200942993164,4.741082191467285,721.8951950073242,completed
1692.398932,20,147.277388,1.0,True,20,0,0,666.0835199356079,926.2115116119385,7.352957344055175,666.0835199356079,completed
1334.958483,20,147.296802,1.0,True,20,0,0,701.4972801208496,976.6155643463135,13.121650695800781,701.4972801208496,completed
2093.309491,20,147.315186,1.0,True,20,0,0,548.332221031189,767.9161891937256,4.074584197998047,548.332221031189,completed
2082.678452,20,147.334552,1.0,True,20,0,0,561.6809616088867,681.3456153869629,5.895819854736328,561.6809616088867,completed
930.377736,20,147.353533,1.0,True,20,0,0,726.8765487670898,1047.3285875320435,20.910872220993042,726.8765487670898,completed
2074.131666,20,147.372361,1.0,True,20,0,0,607.2054018974304,805.3521547317505,2.641443061828613,607.2054018974304,completed
2207.522164,20,147.39139,1.0,True,20,0,0,506.66051149368286,576.0908193588257,6.494540691375732,506.66051149368286,completed
2576.847605,20,147.409906,1.0,True,20,0,0,464.10515546798706,567.8993654251099,0.0,464.10515546798706,completed
1853.53073,20,147.428643,1.0,True,20,0,0,578.2432808876038,837.7498912811279,7.074960517883301,578.2432808876038,completed
1647.424695,20,147.448741,1.0,True,20,0,0,594.6223938465118,786.7933068275452,12.758230781555175,594.6223938465118,completed
1876.385186,20,147.468141,1.0,True,20,0,0,587.7227411270142,760.2193298339844,7.868497657775879,587.7227411270142,completed
1730.796908,20,147.499257,1.0,True,20,0,0,695.9159464836121,821.6976633071899,8.819652366638184,695.9159464836121,completed
1609.110036,20,147.522022,1.0,True,20,0,0,573.4295555353165,782.5387232303619,14.150990867614746,573.4295555353165,completed
2009.74584,20,147.542914,1.0,True,20,0,0,599.4545712471008,703.8805494308472,7.157820320129394,599.4545712471008,completed
1583.30663,20,147.563218,1.0,True,20,0,0,658.1613454818726,950.9945335388184,10.142564392089843,658.1613454818726,completed
1484.115613,20,147.583517,1.0,True,20,0,0,647.4960131645203,859.5502290725708,12.797038173675537,647.4960131645203,completed
2158.255476,20,147.603815,1.0,True,20,0,0,579.033433675766,732.6203894615173,2.3360508918762206,579.033433675766,completed
1104.168668,20,147.623997,1.0,True,20,0,0,849.57670545578,1034.432578086853,15.08023681640625,849.57670545578,completed
1604.391641,20,147.648047,1.0,True,20,0,0,757.9884128570557,1048.1259746551514,5.446918487548828,757.9884128570557,completed
1906.671197,20,147.670121,1.0,True,20,0,0,546.7227849960327,786.5096321105957,7.628363418579101,546.7227849960327,completed
1831.775933,20,147.690577,1.0,True,20,0,0,715.1633584499359,1031.5054173469543,1.4867523193359375,715.1633584499359,completed
1746.32151,20,147.710254,1.0,True,20,0,0,658.4724736213684,973.017988204956,4.8318804740905765,658.4724736213684,completed
902.70722,20,147.748172,1.0,True,20,0,0,786.0079298019409,1119.165846824646,18.115139770507813,786.0079298019409,completed
1906.080251,20,147.774263,1.0,True,20,0,0,605.6635274887085,751.4652557373047,7.722746276855469,605.6635274887085,completed
2168.60752,20,147.793556,1.0,True,20,0,0,601.736897945404,811.1081762313843,0.82828369140625,601.736897945404,completed
2378.864785,20,147.812787,1.0,True,20,0,0,440.9015369415283,525.9729843139648,4.575600242614746,440.9015369415283,completed
2212.36396,20,147.83277,1.0,True,20,0,0,546.0333695411682,696.5436315536499,3.095450592041016,546.0333695411682,completed
567.369407,20,147.854516,1.0,True,20,0,0,689.6261911392212,1036.6197872161865,29.589327812194824,689.6261911392212,completed
2074.605052,20,147.874274,1.0,True,20,0,0,562.762861251831,732.7211961746216,4.668597888946533,562.762861251831,completed
2116.419532,20,147.894297,1.0,True,20,0,0,578.9408888816833,748.2042207717896,2.9547822952270506,578.9408888816833,completed
2054.662105,20,147.913319,1.0,True,20,0,0,605.6747517585754,780.3015966415405,4.4650321960449215,605.6747517585754,completed
1150.783108,20,147.933007,1.0,True,20,0,0,822.3092374801636,1171.0038175582886,10.568178749084472,822.3092374801636,completed
1992.444314,20,147.952511,1.0,True,20,0,0,526.2986515760422,670.8865373134613,8.970032596588135,526.2986515760422,completed
1035.306919,20,147.971978,1.0,True,20,0,0,813.7219667434692,1208.0331983566284,12.565584564208985,813.7219667434692,completed
2198.079014,20,147.993977,1.0,True,20,0,0,540.3307981491089,643.5199279785156,5.6212646484375,540.3307981491089,completed
2304.628546,20,148.013375,1.0,True,20,0,0,514.5022230148315,640.7138481140137,2.7971221923828127,514.5022230148315,completed
2364.676478,20,148.033361,1.0,True,20,0,0,501.0235376358032,628.2096824645996,1.8419687271118164,501.0235376358032,completed
1977.52534,20,148.160561,1.0,True,20,0,0,595.9757013320923,861.6080083847046,3.0530107498168944,595.9757013320923,completed
2039.998455,20,148.179977,1.0,True,20,0,0,533.8220992088318,708.8625435829163,6.623987197875977,533.8220992088318,completed
1867.129528,20,148.198909,1.0,True,20,0,0,702.2669086456299,788.7882614135742,6.84608097076416,702.2669086456299,completed
75.333808,20,148.217792,1.0,True,20,0,0,857.676685333252,1289.3635005950928,32.41900825500488,857.676685333252,completed
2353.929526,20,148.236726,1.0,True,20,0,0,537.1110799312592,617.7715096473694,2.4813791275024415,537.1110799312592,completed
2500.573936,20,148.259392,1.0,True,20,0,0,453.5719335079193,577.2552332878113,1.1825536727905273,453.5719335079193,completed
2367.660726,20,148.280719,1.0,True,20,0,0,521.8115429878235,670.8693399429321,0.9074018478393555,521.8115429878235,completed
2266.115587,20,148.301856,1.0,True,20,0,0,509.39167976379395,666.6889715194702,2.4972884178161623,509.39167976379395,completed
2154.617063,20,148.323676,1.0,True,20,0,0,556.4883613586426,706.6626834869385,4.104024219512939,556.4883613586426,completed
2115.123108,20,148.345741,1.0,True,20,0,0,572.9020853042603,728.3275756835938,3.6243826866149904,572.9020853042603,completed
2428.113763,20,148.366831,1.0,True,20,0,0,517.8821263313293,649.6487112045288,0.03858447074890137,517.8821263313293,completed
2012.704288,20,148.386421,1.0,True,20,0,0,619.4360027313232,817.7439365386963,3.6528944969177246,619.4360027313232,completed
2137.14713,20,148.407086,1.0,True,20,0,0,576.5958404541016,746.2849311828613,3.7745485305786133,576.5958404541016,completed
2067.82382,20,148.427573,1.0,True,20,0,0,571.0727830827236,757.9247638583183,4.020381736755371,571.0727830827236,completed
1685.762693,20,148.447491,1.0,True,20,0,0,593.9435806274414,912.1794090270996,8.361845207214355,593.9435806274414,completed
2570.529597,20,148.466569,1.0,True,20,0,0,457.09003257751465,505.55189514160156,1.3527324676513672,457.09003257751465,completed
1371.942301,20,148.488453,1.0,True,20,0,0,658.6143531799316,879.7069125175476,15.505287075042725,658.6143531799316,completed
1836.00357,20,148.509773,1.0,True,20,0,0,558.8272132873535,785.7808284759521,7.983529758453369,558.8272132873535,completed
2174.942595,20,148.530628,1.0,True,20,0,0,574.3718204498291,806.087890625,1.2184408187866211,574.3718204498291,completed
1059.502883,20,148.555313,1.0,True,20,0,0,797.8936817646027,1098.7005870342255,14.579756546020509,797.8936817646027,completed
1425.45684,20,148.585741,1.0,True,20,0,0,717.2570343017578,923.679838180542,12.703527927398682,717.2570343017578,completed
1817.794636,20,148.616833,1.0,True,20,0,0,658.384970664978,874.8170337677002,6.371891117095947,658.384970664978,completed
2151.868377,20,148.638889,1.0,True,20,0,0,540.8988561630249,672.5832099914551,5.343769454956055,540.8988561630249,completed
1796.12005,20,148.658649,1.0,True,20,0,0,554.9009376764297,748.356537103653,10.693679904937744,554.9009376764297,completed
1372.69966,20,148.684131,1.0,True,20,0,0,631.0392761230469,877.8538036346436,14.700939750671386,631.0392761230469,completed
1216.916737,20,148.708763,1.0,True,20,0,0,710.1525754928589,1045.0259704589844,14.686578750610352,710.1525754928589,completed
2538.750858,20,148.734849,1.0,True,20,0,0,512.2808108329773,576.2551412582397,0.0,512.2808108329773,completed
1846.198105,20,148.757354,1.0,True,20,0,0,551.8501949906349,707.1960850954056,10.619402122497558,551.8501949906349,completed
2266.310558,20,148.776759,1.0,True,20,0,0,524.4001693725586,604.4307022094727,3.979389190673828,524.4001693725586,completed
1881.079046,20,148.796501,1.0,True,20,0,0,514.0310144424438,715.0604133605957,9.473397254943848,514.0310144424438,completed
1498.210471,20,148.821452,1.0,True,20,0,0,690.2123527526855,954.9601821899414,9.805147933959962,690.2123527526855,completed
1281.008268,20,148.844724,1.0,True,20,0,0,750.680513381958,1138.0283880233765,8.043804931640626,750.680513381958,completed
1772.745718,20,148.874381,1.0,True,20,0,0,569.9821524620056,821.2276344299316,9.672864818572998,569.9821524620056,completed
672.852253,20,148.897669,1.0,True,20,0,0,758.8992717862129,1027.0715214014053,26.17573776245117,758.8992717862129,completed
2196.038844,20,148.926372,1.0,True,20,0,0,564.0873775482178,722.7158546447754,2.513032245635986,564.0873775482178,completed
1796.033762,20,148.953083,1.0,True,20,0,0,610.7987761497498,884.692364692688,7.3581342697143555,610.7987761497498,completed
2557.404903,20,148.975127,1.0,True,20,0,0,473.06198263168335,541.8087663650513,0.44420661926269533,473.06198263168335,completed
1702.597425,20,149.005147,1.0,True,20,0,0,671.3034687042236,977.867115020752,6.224166679382324,671.3034687042236,completed
201.697579,20,149.025984,1.0,True,20,0,0,855.2039012908936,1317.2565212249756,27.904947662353514,855.2039012908936,completed
1410.022195,20,149.045022,1.0,True,20,0,0,655.6388301849365,1012.4680137634277,11.571992301940918,655.6388301849365,completed
1538.993138,20,149.064385,1.0,True,20,0,0,690.247932434082,940.9845571517944,9.1693772315979,690.247932434082,completed
1324.583955,20,149.083449,1.0,True,20,0,0,772.3034708499908,1094.9054131507874,10.315950202941895,772.3034708499908,completed
1987.267763,20,149.10307,1.0,True,20,0,0,543.1970348358154,736.5045766830444,5.791474533081055,543.1970348358154,completed
2498.419891,20,149.122257,1.0,True,20,0,0,504.00450706481934,568.2784461975098,0.7267778396606446,504.00450706481934,completed
2063.650418,20,149.14166,1.0,True,20,0,0,534.6192083358765,697.1395606994629,6.34311351776123,534.6192083358765,completed
2426.271827,20,149.160784,1.0,True,20,0,0,526.923261642456,670.5220146179199,0.0,526.923261642456,completed
1863.115907,20,149.180041,1.0,True,20,0,0,604.8687725067139,763.9007425308228,7.841800308227539,604.8687725067139,completed
1668.750365,20,149.19896,1.0,True,20,0,0,596.1543297767639,952.5986752510071,7.017462348937988,596.1543297767639,completed
2473.534714,20,149.218515,1.0,True,20,0,0,459.76700592041016,596.9653205871582,1.2235807418823241,459.76700592041016,completed
1958.019719,20,149.23732,1.0,True,20,0,0,561.7155637741089,753.983549118042,7.014225959777832,561.7155637741089,completed
1912.051795,20,149.255899,1.0,True,20,0,0,522.7467682361603,727.7432522773743,8.844564151763915,522.7467682361603,completed
1490.078417,20,149.275303,1.0,True,20,0,0,612.8193960189819,896.8905391693115,13.391258811950683,612.8193960189819,completed
1558.676528,20,149.293916,1.0,True,20,0,0,774.67116355896,1071.6053829193115,5.068871307373047,774.67116355896,completed
1902.863179,20,149.312742,1.0,True,20,0,0,653.9181938171387,894.5040798187256,3.770785427093506,653.9181938171387,completed
1205.563607,20,149.331771,1.0,True,20,0,0,653.0297627449036,1097.4895105361938,14.384501838684082,653.0297627449036,completed
1408.520275,20,149.351022,1.0,True,20,0,0,741.1701936721802,1008.7257299423218,10.429482650756835,741.1701936721802,completed
1333.849256,20,149.369904,1.0,True,20,0,0,691.0140900611877,1034.6245889663696,12.96138105392456,691.0140900611877,completed
2107.891721,20,149.388842,1.0,True,20,0,0,557.9548072814941,757.9163455963135,3.2156853675842285,557.9548072814941,completed
1940.1372,20,149.407888,1.0,True,20,0,0,607.8674712181091,838.2966947555542,5.0753988265991214,607.8674712181091,completed
2039.154007,20,149.426849,1.0,True,20,0,0,595.3425407409668,701.3262004852295,5.304541206359863,595.3425407409668,completed
1174.39404,20,149.445498,1.0,True,20,0,0,696.7644815444946,937.8280620574951,17.648410081863403,696.7644815444946,completed
1583.984603,20,149.464267,1.0,True,20,0,0,657.177472114563,886.7762603759766,10.656375694274903,657.177472114563,completed
1474.271744,20,149.483549,1.0,True,20,0,0,656.2101125717163,803.760235786438,13.821648216247558,656.2101125717163,completed
1675.013966,20,149.502769,1.0,True,20,0,0,607.3279881477356,841.9022302627563,10.362419700622558,607.3279881477356,completed
1756.825923,20,149.522228,1.0,True,20,0,0,689.2615849971771,788.1850638389587,7.940338897705078,689.2615849971771,completed
2150.715112,20,150.800731,1.0,True,20,0,0,532.0360956192017,795.7408962249756,2.1187061309814452,532.0360956192017,completed
2352.927835,20,150.823381,1.0,True,20,0,0,560.5384240150452,650.1138200759888,1.2655977249145507,560.5384240150452,completed
1946.773012,20,150.845906,1.0,True,20,0,0,539.3894009590149,728.3039178848267,8.336475944519043,539.3894009590149,completed
1983.291476,20,150.867011,1.0,True,20,0,0,620.8916766643524,713.0280432701111,6.621066761016846,620.8916766643524,completed
1618.012216,20,150.887404,1.0,True,20,0,0,649.0603790283203,865.7623748779297,11.130323600769042,649.0603790283203,completed
1811.372729,20,150.907599,1.0,True,20,0,0,562.080376625061,855.8294582366943,7.249166011810303,562.080376625061,completed
829.358505,20,150.927979,1.0,True,20,0,0,710.0717639923096,1154.5154314041138,19.4907865524292,710.0717639923096,completed
1730.806865,20,150.948428,1.0,True,20,0,0,615.6202092170715,889.1604642868042,8.168612480163574,615.6202092170715,completed
1809.009801,20,150.968698,1.0,True,20,0,0,574.9353227615356,807.2148952484131,9.702315521240234,574.9353227615356,completed
2333.088195,20,150.98821,1.0,True,20,0,0,487.03102564811707,597.4836783409119,3.6865285873413085,487.03102564811707,completed
1655.484596,20,151.010863,1.0,True,20,0,0,557.2384052872658,732.5777970552444,13.983419609069824,557.2384052872658,completed
2138.172539,20,151.031528,1.0,True,20,0,0,453.00443744659424,585.0839138031006,8.785812330245971,453.00443744659424,completed
2197.35524,20,151.053517,1.0,True,20,0,0,591.7351160049438,701.5427112579346,3.2726676940917967,591.7351160049438,completed
2092.165698,20,151.074397,1.0,True,20,0,0,609.8911595344543,765.121579170227,3.881646728515625,609.8911595344543,completed
2061.702661,20,151.094628,1.0,True,20,0,0,591.3077123165131,790.2934832572937,2.979747009277344,591.3077123165131,completed
1711.478178,20,151.116371,1.0,True,20,0,0,636.2665166854858,856.9195718765259,8.603759574890137,636.2665166854858,completed
1368.210955,20,151.137287,1.0,True,20,0,0,756.8634927272797,1114.9056859016418,9.531867361068725,756.8634927272797,completed
2065.534037,20,151.157734,1.0,True,20,0,0,593.5272946357727,717.9611167907715,4.839808940887451,593.5272946357727,completed
502.475232,20,151.1774,1.0,True,20,0,0,771.9347238540649,1241.9958391189575,25.579212760925294,771.9347238540649,completed
1169.665336,20,151.197516,1.0,True,20,0,0,712.8201084136963,1094.9838409423828,13.829009342193604,712.8201084136963,completed
2308.010921,20,151.217067,1.0,True,20,0,0,525.744307756424,613.3418231010437,2.6716622352600097,525.744307756424,completed
1601.618624,20,151.236983,1.0,True,20,0,0,680.5815696716309,863.6586399078369,11.125198268890381,680.5815696716309,completed
2386.625077,20,151.262947,1.0,True,20,0,0,524.4718885421753,658.4202251434326,0.7357385635375977,524.4718885421753,completed
1484.121421,20,151.283466,1.0,True,20,0,0,618.324721634388,846.2992082834244,14.848865413665772,618.324721634388,completed
1849.691836,20,151.303147,1.0,True,20,0,0,550.0456738471985,745.2450890541077,8.887779045104981,550.0456738471985,completed
2243.033334,20,151.322204,1.0,True,20,0,0,577.2768015861511,705.1381678581238,1.6237150192260743,577.2768015861511,completed
2352.839053,20,151.342062,1.0,True,20,0,0,563.1796770095825,631.5002765655518,1.115070915222168,563.1796770095825,completed
1857.337537,20,151.361405,1.0,True,20,0,0,618.2336382865906,755.583417892456,8.63951301574707,618.2336382865906,completed
1997.206344,20,151.381445,1.0,True,20,0,0,590.6258163452148,805.9724521636963,4.1712117195129395,590.6258163452148,completed
1990.308047,20,151.400702,1.0,True,20,0,0,635.3548393249512,810.8169689178467,4.164509582519531,635.3548393249512,completed
1508.88406,20,151.420425,1.0,True,20,0,0,767.6287450790405,1166.6741428375244,3.8049283981323243,767.6287450790405,completed
823.338035,20,151.440094,1.0,True,20,0,0,686.4173536300659,998.990026473999,24.273063087463377,686.4173536300659,completed
1625.388832,20,151.459496,1.0,True,20,0,0,621.4974222183228,913.3628425598145,9.425339698791504,621.4974222183228,completed
1234.052626,20,151.479277,1.0,True,20,0,0,655.3000862598419,950.3180069923401,17.060437870025634,655.3000862598419,completed
1996.095624,20,151.49953,1.0,True,20,0,0,559.6042490005493,741.1678085327148,6.446430921554565,559.6042490005493,completed
2082.106692,20,151.518689,1.0,True,20,0,0,562.4206442832947,748.273549079895,4.05850043296814,562.4206442832947,completed
2362.789344,20,151.538496,1.0,True,20,0,0,476.4588623046875,564.6086845397949,4.006644630432129,476.4588623046875,completed
2371.497056,20,151.558022,1.0,True,20,0,0,523.1958246231079,610.2852630615234,1.8317914962768556,523.1958246231079,completed
1519.092344,20,151.578182,1.0,True,20,0,0,684.6326217651367,1012.3640727996826,8.41319007873535,684.6326217651367,completed
1931.435884,20,151.597692,1.0,True,20,0,0,572.5695209503174,775.6406049728394,6.920443439483643,572.5695209503174,completed
1134.89443,20,151.617099,1.0,True,20,0,0,780.3556680679321,946.2687711715698,15.899913024902343,780.3556680679321,completed
1671.510209,20,151.637179,1.0,True,20,0,0,606.392388343811,759.978120803833,12.716960620880126,606.392388343811,completed
2038.703459,20,151.657264,1.0,True,20,0,0,585.225191116333,753.9676141738892,5.269926261901856,585.225191116333,completed
1865.023973,20,151.676416,1.0,True,20,0,0,548.8950519561768,682.577826499939,10.245084667205811,548.8950519561768,completed
1717.864156,20,151.69534,1.0,True,20,0,0,560.0906763076782,756.5400886535645,11.722183513641358,560.0906763076782,completed
1324.499895,20,151.714932,1.0,True,20,0,0,671.3471031188965,1010.8485565185547,13.518960762023926,671.3471031188965,completed
1214.434932,20,151.733877,1.0,True,20,0,0,691.4655206203461,1009.7147669792175,15.99998779296875,691.4655206203461,completed
2095.609364,20,151.754153,1.0,True,20,0,0,577.9392986297607,769.7630558013916,4.1471923828125,577.9392986297607,completed
1255.857752,20,151.773474,1.0,True,20,0,0,736.9553956985474,943.6275148391724,14.849468612670899,736.9553956985474,completed
1702.260607,20,151.793108,1.0,True,20,0,0,573.9111614227295,779.8641033172607,10.013554573059082,573.9111614227295,completed
1879.884805,20,151.812945,1.0,True,20,0,0,580.9226212501526,779.9134063720703,8.59142189025879,580.9226212501526,completed
1822.117344,20,151.832937,1.0,True,20,0,0,606.478336930275,892.0345470905304,5.943941307067871,606.478336930275,completed
2120.797744,20,151.853019,1.0,True,20,0,0,529.6983270645142,684.9544773101807,5.948333358764648,529.6983270645142,completed
2397.003679,20,151.872749,1.0,True,20,0,0,529.1682817935944,593.1648242473602,1.5753511428833007,529.1682817935944,completed
1833.904955,20,151.891709,1.0,True,20,0,0,645.8088521957397,846.5040798187256,7.561381149291992,645.8088521957397,completed
1156.708039,20,151.911498,1.0,True,20,0,0,682.2515830993652,1077.213056564331,15.72516622543335,682.2515830993652,completed
1944.229106,20,151.930913,1.0,True,20,0,0,512.8523197174072,758.0092144012451,7.981234169006347,512.8523197174072,completed
1824.391619,20,151.950872,1.0,True,20,0,0,615.889256477356,857.4295301437378,7.32255859375,615.889256477356,completed
2238.499908,20,151.970667,1.0,True,20,0,0,508.9803321361542,704.3606009483337,2.7828807830810547,508.9803321361542,completed
2185.650647,20,151.990031,1.0,True,20,0,0,495.78911113739014,692.7834815979004,3.9953514099121095,495.78911113739014,completed
2417.983848,20,152.010222,1.0,True,20,0,0,502.3754987716675,580.1130695343018,2.4366619110107424,502.3754987716675,completed
2158.708553,20,152.029311,1.0,True,20,0,0,547.2085494995117,694.4106025695801,3.852866363525391,547.2085494995117,completed
1836.706078,20,152.048689,1.0,True,20,0,0,608.5984287261963,807.3411073684692,8.501491165161132,608.5984287261963,completed
1915.079159,20,152.06778,1.0,True,20,0,0,548.3559370040894,765.8532772064209,7.336716842651367,548.3559370040894,completed
2251.775317,20,152.087915,1.0,True,20,0,0,504.38591051101685,615.7774877548218,4.330947494506836,504.38591051101685,completed
2204.439835,20,152.107211,1.0,True,20,0,0,592.1547179222107,807.9188261032104,0.16391563415527344,592.1547179222107,completed
2396.297862,20,152.12656,1.0,True,20,0,0,485.23819601535797,552.4306881427765,3.9971365928649902,485.23819601535797,completed
2038.382366,20,152.146685,1.0,True,20,0,0,662.1539416313171,733.7553968429565,4.679858303070068,662.1539416313171,completed
1888.666185,20,152.165755,1.0,True,20,0,0,561.0825991630554,749.4466934204102,8.257322311401367,561.0825991630554,completed
2067.904157,20,152.184821,1.0,True,20,0,0,629.9649466276169,877.205082654953,1.1047821044921875,629.9649466276169,completed
1400.965831,20,152.204303,1.0,True,20,0,0,707.9288620948792,1027.172116279602,10.609688091278077,707.9288620948792,completed
1348.112934,20,152.223838,1.0,True,20,0,0,668.2619709968567,1032.4159078598022,11.756809616088868,668.2619709968567,completed
2235.571693,20,152.243004,1.0,True,20,0,0,608.3843908309937,712.9684705734253,1.1283088684082032,608.3843908309937,completed
2497.264455,20,152.263274,1.0,True,20,0,0,498.0632326602936,621.7250962257385,0.0,498.0632326602936,completed
1610.724341,20,152.283253,1.0,True,20,0,0,606.1228847503662,881.9023752212524,9.637732887268067,606.1228847503662,completed
2301.091867,20,152.302621,1.0,True,20,0,0,524.9568510055542,666.5891933441162,2.017147731781006,524.9568510055542,completed
2239.367971,20,152.322149,1.0,True,20,0,0,445.1960325241089,569.4671039581299,6.802514886856079,445.1960325241089,completed
2455.786944,20,152.341599,1.0,True,20,0,0,514.9096479415894,650.2429699897766,0.0,514.9096479415894,completed
2368.475882,20,152.363399,1.0,True,20,0,0,580.5666513442993,624.1479730606079,1.2905339241027831,580.5666513442993,completed
1063.346181,20,152.385508,1.0,True,20,0,0,737.0578908920288,1106.3251733779907,16.43653483390808,737.0578908920288,completed
1811.306382,20,152.406511,1.0,True,20,0,0,611.9279713630676,901.5628232955933,6.49544324874878,611.9279713630676,completed
1982.793159,20,152.453898,1.0,True,20,0,0,572.6907920837402,664.4287014007568,8.69301986694336,572.6907920837402,completed
1690.522484,20,152.477922,1.0,True,20,0,0,665.6497735977173,862.075231552124,9.795122432708741,665.6497735977173,completed
1651.95482,20,152.505293,1.0,True,20,0,0,668.0516932010651,819.3233342170715,10.02396240234375,668.0516932010651,completed
2283.577549,20,152.527155,1.0,True,20,0,0,518.4922890663147,596.502142906189,4.479368019104004,518.4922890663147,completed
2207.758088,20,152.547555,1.0,True,20,0,0,491.3000349998474,669.5984544754028,4.147589778900146,491.3000349998474,completed
2493.417659,20,152.570116,1.0,True,20,0,0,487.1134078502655,595.4839663505554,0.35704832077026366,487.1134078502655,completed
1352.921992,20,152.592963,1.0,True,20,0,0,672.4504327774048,994.3336124420166,11.99601936340332,672.4504327774048,completed
2026.544255,20,152.615186,1.0,True,20,0,0,625.2475090026855,729.952507019043,5.008987045288086,625.2475090026855,completed
2325.801682,20,152.636146,1.0,True,20,0,0,500.5584325790405,576.4789371490479,4.868410682678222,500.5584325790405,completed
2189.429277,20,152.657566,1.0,True,20,0,0,526.1080799102783,612.4204940795898,5.656083297729492,526.1080799102783,completed
1703.507007,20,152.679631,1.0,True,20,0,0,581.0481691360474,787.9633102416992,10.902611255645752,581.0481691360474,completed
1751.654218,20,152.701242,1.0,True,20,0,0,635.4645924568176,876.2048225402832,8.33104305267334,635.4645924568176,completed
1408.927969,20,152.72304,1.0,True,20,0,0,734.575620174408,913.3247766494751,12.516735124588013,734.575620174408,completed
1855.200293,20,152.746823,1.0,True,20,0,0,580.2923793792725,772.7075271606445,8.791149997711182,580.2923793792725,completed
2030.337846,20,152.770273,1.0,True,20,0,0,571.14668238163,727.0672123432159,5.805005264282227,571.14668238163,completed
1503.596987,20,152.792336,1.0,True,20,0,0,674.0218844413757,940.103030204773,11.571913719177246,674.0218844413757,completed
2134.528178,20,152.816718,1.0,True,20,0,0,546.6079648733139,676.3400928974152,5.5883235216140745,546.6079648733139,completed
1904.063783,20,152.840492,1.0,True,20,0,0,569.2657427787781,773.5561037063599,7.711626434326172,569.2657427787781,completed
1164.130167,20,152.861491,1.0,True,20,0,0,726.2276296615601,1044.5145206451416,14.529182052612304,726.2276296615601,completed
2482.368725,20,152.882191,1.0,True,20,0,0,489.2892026901245,584.5584444999695,0.9010866165161133,489.2892026901245,completed
2584.550163,20,152.903834,1.0,True,20,0,0,497.8394079208374,542.4965381622314,0.0,497.8394079208374,completed
956.007845,20,152.925135,1.0,True,20,0,0,873.2356386184692,1410.358024597168,9.966423606872558,873.2356386184692,completed
2423.39614,20,154.170277,1.0,True,20,0,0,513.3540229797363,582.2267017364502,2.0785518646240235,513.3540229797363,completed
2176.718122,20,154.189585,1.0,True,20,0,0,561.344090461731,712.0611696243286,3.3302034378051757,561.344090461731,completed
2416.874223,20,154.209692,1.0,True,20,0,0,536.2369441986084,586.8481760025024,1.146265411376953,536.2369441986084,completed
2094.141168,20,154.229135,1.0,True,20,0,0,518.8137550354004,656.6074848175049,6.307558631896972,518.8137550354004,completed
1756.993434,20,154.25013,1.0,True,20,0,0,655.1500568389893,924.0388050079346,5.961846160888672,655.1500568389893,completed
2336.374069,20,154.269911,1.0,True,20,0,0,584.4810018539429,720.8521184921265,0.0,584.4810018539429,completed
2269.593387,20,154.290282,1.0,True,20,0,0,550.7536563873291,682.1245136260986,2.6154363632202147,550.7536563873291,completed
1134.77328,20,154.310416,1.0,True,20,0,0,769.9992699623108,996.5303249359131,16.551095008850098,769.9992699623108,completed
1810.085682,20,154.329934,1.0,True,20,0,0,606.5267639160156,834.8274955749512,5.942200374603272,606.5267639160156,completed
1918.135188,20,154.349194,1.0,True,20,0,0,552.9828510284424,765.0739231109619,7.837344646453857,552.9828510284424,completed
1972.265331,20,154.368181,1.0,True,20,0,0,645.1394062042236,784.6918296813965,5.187250328063965,645.1394062042236,completed
1527.571018,20,154.38756,1.0,True,20,0,0,652.7219581604004,888.3305988311768,12.715803718566894,652.7219581604004,completed
2198.647542,20,154.407263,1.0,True,20,0,0,535.9116616249084,683.4931764602661,2.6990741729736327,535.9116616249084,completed
1797.475497,20,154.426338,1.0,True,20,0,0,649.6671047210693,934.5943870544434,4.741760349273681,649.6671047210693,completed
2429.577742,20,154.44529,1.0,True,20,0,0,532.9701390266418,600.1808090209961,1.1360321044921875,532.9701390266418,completed
2246.43766,20,154.464497,1.0,True,20,0,0,505.7026205062866,619.0488929748535,4.979674625396728,505.7026205062866,completed
2063.873502,20,154.483713,1.0,True,20,0,0,562.1655769348145,739.3384027481079,5.388872718811035,562.1655769348145,completed
2661.471508,20,154.502676,1.0,True,20,0,0,474.44770312309265,485.32715463638306,0.0,474.44770312309265,completed
1541.152487,20,154.526712,1.0,True,20,0,0,748.7688522338867,965.9552116394043,8.800886726379394,748.7688522338867,completed
1503.632041,20,154.546257,1.0,True,20,0,0,731.0369749069214,1003.4650983810425,8.348354148864747,731.0369749069214,completed
1998.767945,20,154.565363,1.0,True,20,0,0,538.5805478096008,746.3024988174438,6.553774452209472,538.5805478096008,completed
1590.53853,20,154.584648,1.0,True,20,0,0,637.7932288646698,816.9138979911804,12.704506111145019,637.7932288646698,completed
1899.194239,20,154.603682,1.0,True,20,0,0,582.5501928329468,765.8967370986938,7.844730854034424,582.5501928329468,completed
1800.38084,20,154.622099,1.0,True,20,0,0,616.2752389907837,748.9752731323242,9.649530410766602,616.2752389907837,completed
1999.507711,20,154.641565,1.0,True,20,0,0,639.9735231399536,841.1275520324707,3.0316967010498046,639.9735231399536,completed
1559.505031,20,154.660851,1.0,True,20,0,0,745.9351978302002,968.334792137146,7.69413948059082,745.9351978302002,completed
1235.426005,20,154.679953,1.0,True,20,0,0,666.7493848800659,912.7140350341797,18.513473129272462,666.7493848800659,completed
1968.750064,20,154.698911,1.0,True,20,0,0,592.1799097061157,825.9197063446045,4.310757827758789,592.1799097061157,completed
1721.168307,20,154.717791,1.0,True,20,0,0,614.8449296951294,871.1671438217163,8.916021919250488,614.8449296951294,completed
1810.612417,20,154.737576,1.0,True,20,0,0,667.0344257354736,970.4326801300049,4.417274475097656,667.0344257354736,completed
1951.915555,20,154.75713,1.0,True,20,0,0,602.7734174728394,827.9438915252686,5.142052841186524,602.7734174728394,completed
322.467397,20,154.77627,1.0,True,20,0,0,797.4059133529663,1242.2471942901611,26.56542854309082,797.4059133529663,completed
2222.334485,20,154.794973,1.0,True,20,0,0,519.0284042358398,700.2670431137085,2.523868131637573,519.0284042358398,completed
2151.502215,20,154.814598,1.0,True,20,0,0,523.7531094551086,690.6808271408081,5.112425231933594,523.7531094551086,completed
989.093438,20,154.833922,1.0,True,20,0,0,704.6936054229736,1077.541561126709,18.944867038726805,704.6936054229736,completed
2291.737943,20,154.853975,1.0,True,20,0,0,470.413800239563,710.391035079956,2.489590954780579,470.413800239563,completed
1755.927643,20,154.873111,1.0,True,20,0,0,561.843602180481,744.0731620788574,11.712142944335938,561.843602180481,completed
2285.97241,20,154.892468,1.0,True,20,0,0,542.7349820137024,660.323878288269,2.3007583618164062,542.7349820137024,completed
881.201754,20,154.911803,1.0,True,20,0,0,761.3120231628418,1143.1956901550293,18.987394332885742,761.3120231628418,completed
1417.002881,20,154.931152,1.0,True,20,0,0,670.9154176712036,937.6525840759277,11.350750637054443,670.9154176712036,completed
2050.193718,20,154.952416,1.0,True,20,0,0,579.574969291687,746.5270843505859,4.647037696838379,579.574969291687,completed
1721.01795,20,154.972992,1.0,True,20,0,0,656.7098627090454,856.0872039794922,9.33150520324707,656.7098627090454,completed
2088.849695,20,154.992959,1.0,True,20,0,0,579.459547996521,783.4971389770508,3.2906930923461912,579.459547996521,completed
1634.212706,20,155.015782,1.0,True,20,0,0,616.9832754135132,882.8907194137573,10.735438442230224,616.9832754135132,completed
2507.977619,20,155.035613,1.0,True,20,0,0,478.341267824173,511.06431245803833,1.8211719036102294,478.341267824173,completed
2081.979877,20,155.055882,1.0,True,20,0,0,593.8017339706421,819.8418464660645,1.6228262901306152,593.8017339706421,completed
2277.212192,20,155.075589,1.0,True,20,0,0,567.6604375839233,750.7293367385864,0.2847318649291992,567.6604375839233,completed
2070.03887,20,155.095319,1.0,True,20,0,0,529.415783405304,767.6108751296997,4.323492431640625,529.415783405304,completed
2065.730913,20,155.115058,1.0,True,20,0,0,584.4964814186096,776.0870995521545,3.3718847274780273,584.4964814186096,completed
1235.647593,20,155.134665,1.0,True,20,0,0,669.5125064849854,962.4572734832764,15.848547554016113,669.5125064849854,completed
1884.870053,20,155.153829,1.0,True,20,0,0,592.3444318771362,826.16614818573,5.773513126373291,592.3444318771362,completed
2040.407831,20,155.173253,1.0,True,20,0,0,672.3191947937012,779.7347316741943,2.5873111724853515,672.3191947937012,completed
1538.679939,20,155.192344,1.0,True,20,0,0,688.1749172210693,1033.8836126327515,7.903578424453736,688.1749172210693,completed
1211.422905,20,155.212192,1.0,True,20,0,0,772.0425534248352,1177.722716331482,10.871414375305175,772.0425534248352,completed
1544.346681,20,155.231624,1.0,True,20,0,0,743.1607103347778,1039.5183591842651,6.782167434692383,743.1607103347778,completed
2140.554683,20,155.251246,1.0,True,20,0,0,626.1350030899048,807.1563816070557,1.2723073959350586,626.1350030899048,completed
2123.830543,20,155.271156,1.0,True,20,0,0,638.715859413147,825.9028968811035,0.9861688613891602,638.715859413147,completed
2057.194633,20,155.290532,1.0,True,20,0,0,580.7986254692078,752.7447061538696,4.9076753616333,580.7986254692078,completed
1915.951294,20,155.309263,1.0,True,20,0,0,670.1903853416443,858.9621839523315,4.801901817321777,670.1903853416443,completed
176.623527,20,155.328964,1.0,True,20,0,0,923.8183078765869,1270.8171710968018,30.029664993286133,923.8183078765869,completed
2151.917702,20,155.347944,1.0,True,20,0,0,624.1395735740662,766.8605604171753,2.126298427581787,624.1395735740662,completed
1899.296388,20,155.366567,1.0,True,20,0,0,633.5415620803833,761.0560607910156,7.835425186157226,633.5415620803833,completed
1860.696092,20,155.385314,1.0,True,20,0,0,548.5733613967896,749.7035369873047,9.762150001525878,548.5733613967896,completed
2342.362456,20,155.404425,1.0,True,20,0,0,531.5739040374756,651.5065994262695,1.300898551940918,531.5739040374756,completed
858.569106,20,155.423924,1.0,True,20,0,0,801.1473531723022,1040.2599725723267,21.1614128112793,801.1473531723022,completed
2218.286476,20,155.442758,1.0,True,20,0,0,566.2810621261597,743.4151954650879,1.9797042846679687,566.2810621261597,completed
1816.046555,20,155.462055,1.0,True,20,0,0,541.506772518158,681.501142501831,11.609953117370605,541.506772518158,completed
2274.69765,20,155.481149,1.0,True,20,0,0,518.5484280586243,630.1774454116821,3.7744525909423827,518.5484280586243,completed
1878.541956,20,155.500053,1.0,True,20,0,0,611.7162277698517,932.8357911109924,3.9577234268188475,611.7162277698517,completed
1904.851639,20,155.519035,1.0,True,20,0,0,644.1271204948425,756.2673330307007,7.044450569152832,644.1271204948425,completed
2119.094035,20,155.537861,1.0,True,20,0,0,529.951274394989,735.3194365501404,3.3520955085754394,529.951274394989,completed
1666.348326,20,155.556811,1.0,True,20,0,0,642.7147912979126,836.063892364502,10.208812952041626,642.7147912979126,completed
1557.035412,20,155.575956,1.0,True,20,0,0,549.8079595565796,842.456579208374,14.159439373016358,549.8079595565796,completed
2173.761238,20,155.595462,1.0,True,20,0,0,567.3576221466064,742.3418426513672,2.481204032897949,567.3576221466064,completed
1348.77539,20,155.61492,1.0,True,20,0,0,583.8456873893738,798.7349257469177,19.432719469070435,583.8456873893738,completed
1585.159765,20,155.634809,1.0,True,20,0,0,616.7316160202026,859.8470268249512,12.599238395690918,616.7316160202026,completed
2126.381241,20,155.654193,1.0,True,20,0,0,589.4062833786011,696.6151132583618,4.592459106445313,589.4062833786011,completed
1847.069201,20,155.674004,1.0,True,20,0,0,620.710325717926,824.1770544052124,6.347746086120606,620.710325717926,completed
2034.8318,20,155.693306,1.0,True,20,0,0,538.3473234176636,657.0756120681763,8.109415817260743,538.3473234176636,completed
2097.699576,20,155.713312,1.0,True,20,0,0,581.7575101852417,795.857442855835,2.0700682640075683,581.7575101852417,completed
2781.099181,20,155.732633,1.0,True,20,0,0,366.16347801685333,435.6388475894928,0.0,366.16347801685333,completed
1935.095687,20,155.752596,1.0,True,20,0,0,497.9471652507782,724.0282588005066,9.367623233795166,497.9471652507782,completed
2439.192138,20,155.777019,1.0,True,20,0,0,445.82431745529175,592.8538942337036,1.7793497085571288,445.82431745529175,completed
2300.326376,20,155.799731,1.0,True,20,0,0,573.0962920188904,684.3408961296082,1.4510215759277343,573.0962920188904,completed
2137.138781,20,155.822285,1.0,True,20,0,0,616.7514414787292,705.5156831741333,4.293577575683594,616.7514414787292,completed
2263.075679,20,155.842096,1.0,True,20,0,0,584.2032842636108,787.638500213623,0.0,584.2032842636108,completed
1668.593884,20,155.861,1.0,True,20,0,0,602.660701751709,812.5168771743774,11.401028251647949,602.660701751709,completed
1687.765443,20,155.880009,1.0,True,20,0,0,584.5598940849304,804.1444063186646,12.048494338989258,584.5598940849304,completed
2496.981081,20,155.898611,1.0,True,20,0,0,512.3959398269653,614.1648683547974,0.0,512.3959398269653,completed
1751.671215,20,155.917183,1.0,True,20,0,0,610.1788821220398,861.6037378311157,7.236433601379394,610.1788821220398,completed
1491.96527,20,155.936051,1.0,True,20,0,0,628.5065484046936,889.3906555175781,12.690026998519897,628.5065484046936,completed
456.524155,20,155.954669,1.0,True,20,0,0,871.6662158966064,1265.5954875946045,23.95802698135376,871.6662158966064,completed
2192.755813,20,155.974554,1.0,True,20,0,0,545.0070405006409,753.0609922409058,2.0468217849731447,545.0070405006409,completed
1427.250417,20,155.99399,1.0,True,20,0,0,656.773659825325,914.6875383853912,13.188227367401122,656.773659825325,completed
1225.717608,20,156.012984,1.0,True,20,0,0,711.2157764434814,983.740665435791,14.885954856872559,711.2157764434814,completed
1342.409545,20,156.032354,1.0,True,20,0,0,755.6710112094879,1081.056501865387,10.500642395019531,755.6710112094879,completed
1426.872144,20,156.050772,1.0,True,20,0,0,599.5264053344727,911.7627010345459,14.761826038360596,599.5264053344727,completed
2339.940976,20,156.069469,1.0,True,20,0,0,508.1908206939697,759.2223014831543,0.0,508.1908206939697,completed
1084.031724,20,156.088405,1.0,True,20,0,0,688.8530148267746,992.8674275875092,17.887557411193846,688.8530148267746,completed
2565.95122,20,156.10735,1.0,True,20,0,0,466.236385345459,576.6426811218262,0.0,466.236385345459,completed
1851.755564,20,156.125761,1.0,True,20,0,0,583.1251277923584,780.3771362304688,8.623862743377686,583.1251277923584,completed
2099.307417,20,156.144738,1.0,True,20,0,0,560.6385855674744,713.821750164032,4.602637672424317,560.6385855674744,completed
2028.339576,20,157.349732,1.0,True,20,0,0,604.9070386886597,820.4621257781982,2.7801965713500976,604.9070386886597,completed
2647.969794,20,157.369197,1.0,True,20,0,0,439.53106117248535,516.6468811035156,0.0,439.53106117248535,completed
1612.688915,20,157.388641,1.0,True,20,0,0,663.7298214435577,954.2433686256409,7.985137176513672,663.7298214435577,completed
1968.872163,20,157.407293,1.0,True,20,0,0,627.5543451309204,806.9843635559082,4.297810745239258,627.5543451309204,completed
1201.240073,20,157.426189,1.0,True,20,0,0,675.607063293457,979.5469436645508,16.772351264953613,675.607063293457,completed
1880.076615,20,157.445409,1.0,True,20,0,0,635.5826625823975,830.8636989593506,5.740592956542969,635.5826625823975,completed
1206.691223,20,157.464834,1.0,True,20,0,0,720.5557732582092,895.2219514846802,17.03077917098999,720.5557732582092,completed
2386.488693,20,157.484401,1.0,True,20,0,0,573.2143297195435,622.231104850769,1.0032123565673827,573.2143297195435,completed
2309.02372,20,157.504136,1.0,True,20,0,0,542.1025204658508,653.1571340560913,2.5560480117797852,542.1025204658508,completed
1921.961254,20,157.523736,1.0,True,20,0,0,647.4062943458557,825.7382192611694,5.282073211669922,647.4062943458557,completed
2172.125734,20,157.543942,1.0,True,20,0,0,546.2027339935303,652.6749000549316,5.305255889892578,546.2027339935303,completed
2179.477073,20,157.563393,1.0,True,20,0,0,575.7062292098999,667.2088966369629,3.654235076904297,575.7062292098999,completed
1306.591015,20,157.582395,1.0,True,20,0,0,792.6545963287354,1155.0236721038818,8.807254695892334,792.6545963287354,completed
2270.459149,20,157.602001,1.0,True,20,0,0,476.7491047382355,635.7479252815247,4.354216766357422,476.7491047382355,completed
1763.119261,20,157.620816,1.0,True,20,0,0,603.1129450798035,772.1536865234375,9.516097927093506,603.1129450798035,completed
2052.501898,20,157.63974,1.0,True,20,0,0,579.9688243865967,782.3347053527832,3.5987157821655273,579.9688243865967,completed
1224.034218,20,157.658647,1.0,True,20,0,0,704.0968046188354,1098.92600440979,12.492227363586426,704.0968046188354,completed
2197.340974,20,157.677443,1.0,True,20,0,0,471.96232509613037,622.9996891021729,6.604549312591553,471.96232509613037,completed
956.413326,20,157.697082,1.0,True,20,0,0,784.4556608200073,1011.9985990524292,19.742870473861693,784.4556608200073,completed
1812.723759,20,157.716307,1.0,True,20,0,0,588.7250566482544,808.002534866333,8.130960464477539,588.7250566482544,completed
1588.938177,20,157.744946,1.0,True,20,0,0,638.0917444229126,914.0601663589478,11.318514823913574,638.0917444229126,completed
2455.786944,20,157.76919,1.0,True,20,0,0,514.9096479415894,650.2429699897766,0.0,514.9096479415894,completed
2070.584935,20,157.789163,1.0,True,20,0,0,549.7960526943207,682.7162685394287,6.963738441467285,549.7960526943207,completed
1751.04276,20,157.808584,1.0,True,20,0,0,591.6574592590332,840.8486967086792,9.350729942321777,591.6574592590332,completed
1855.098966,20,157.827447,1.0,True,20,0,0,696.9438786506653,1097.031551361084,0.0,696.9438786506653,completed
2485.061679,20,157.846579,1.0,True,20,0,0,459.738267660141,605.8764719963074,0.6907810211181641,459.738267660141,completed
1372.342306,20,157.86617,1.0,True,20,0,0,777.1224284172058,1006.5024824142456,10.230787658691407,777.1224284172058,completed
1783.349802,20,157.885667,1.0,True,20,0,0,627.0313959121704,987.1204538345337,4.614971542358399,627.0313959121704,completed
1922.289334,20,157.904345,1.0,True,20,0,0,644.0662546157837,811.0098896026611,6.354000854492187,644.0662546157837,completed
2379.910178,20,157.923533,1.0,True,20,0,0,557.9630689620972,627.1940679550171,1.2599626541137696,557.9630689620972,completed
1575.684082,20,157.94272,1.0,True,20,0,0,587.4810481071472,919.116213798523,11.019986343383788,587.4810481071472,completed
874.471368,20,157.96225,1.0,True,20,0,0,777.0577306747437,1206.0308275222778,17.1915020942688,777.0577306747437,completed
2395.73806,20,157.982997,1.0,True,20,0,0,547.0926303863525,687.2785110473633,0.0,547.0926303863525,completed
1825.221929,20,158.008705,1.0,True,20,0,0,652.2266960144043,864.942084312439,5.925144004821777,652.2266960144043,completed
1371.59193,20,158.040529,1.0,True,20,0,0,757.1962089538574,1000.6551055908203,10.709243202209473,757.1962089538574,completed
2361.945571,20,158.061814,1.0,True,20,0,0,549.849775314331,688.0583419799805,0.15700969696044922,549.849775314331,completed
1112.571,20,158.083956,1.0,True,20,0,0,739.1263680458069,1210.5414896011353,11.05893850326538,739.1263680458069,completed
2448.324883,20,158.105516,1.0,True,20,0,0,515.9154171943665,656.4780607223511,0.0,515.9154171943665,completed
1915.951671,20,158.127478,1.0,True,20,0,0,605.3772010803223,912.6427822113037,4.297873687744141,605.3772010803223,completed
2271.148612,20,158.153366,1.0,True,20,0,0,539.2100095748901,616.1135902404785,3.940010833740234,539.2100095748901,completed
1341.515428,20,158.180318,1.0,True,20,0,0,628.602340221405,926.3460836410522,16.058561897277833,628.602340221405,completed
2263.514804,20,158.235378,1.0,True,20,0,0,507.94892835617065,655.586911201477,4.1392559051513675,507.94892835617065,completed
1859.711747,20,158.285156,1.0,True,20,0,0,633.7023134231567,745.6781711578369,7.995521926879883,633.7023134231567,completed
1947.831988,20,158.347944,1.0,True,20,0,0,533.9371948242188,730.1898860931396,8.33992052078247,533.9371948242188,completed
1829.293006,20,158.377065,1.0,True,20,0,0,597.8339586257935,801.1074523925781,7.769710540771484,597.8339586257935,completed
2492.353915,20,158.401971,1.0,True,20,0,0,465.72308826446533,505.75826263427734,2.546953582763672,465.72308826446533,completed
1595.180413,20,158.424881,1.0,True,20,0,0,627.8445281982422,886.0918159484863,9.585296821594238,627.8445281982422,completed
1171.672909,20,158.445897,1.0,True,20,0,0,680.0441408157349,1032.6395282745361,15.359928131103516,680.0441408157349,completed
1995.494445,20,158.46767,1.0,True,20,0,0,590.1626567840576,768.6841049194336,6.49638614654541,590.1626567840576,completed
2080.157495,20,158.487996,1.0,True,20,0,0,534.6362533569336,727.4339923858643,5.097084045410156,534.6362533569336,completed
2051.448359,20,158.509587,1.0,True,20,0,0,596.145724773407,888.1834154129028,1.7215612411499024,596.145724773407,completed
1906.027831,20,158.534549,1.0,True,20,0,0,560.2773036956787,778.824089050293,7.652482223510742,560.2773036956787,completed
2333.622909,20,158.556454,1.0,True,20,0,0,583.3056554794312,671.3836650848389,0.8217916488647461,583.3056554794312,completed
1734.644286,20,158.578988,1.0,True,20,0,0,676.6018199920654,968.6121015548706,5.598032760620117,676.6018199920654,completed
1811.698353,20,158.602065,1.0,True,20,0,0,577.2033100128174,822.5330219268799,7.92983341217041,577.2033100128174,completed
1237.268739,20,158.625371,1.0,True,20,0,0,750.8105795383453,1071.3356385231018,13.469392776489258,750.8105795383453,completed
511.538292,20,158.648597,1.0,True,20,0,0,779.1781257390976,1255.99866938591,23.608907413482665,779.1781257390976,completed
2253.481469,20,158.671963,1.0,True,20,0,0,601.9984812736511,707.2655000686646,1.558184814453125,601.9984812736511,completed
1663.624496,20,158.695336,1.0,True,20,0,0,611.2999114990234,797.3636341094971,10.56238899230957,611.2999114990234,completed
2128.127436,20,158.718552,1.0,True,20,0,0,598.1011481285095,727.1088237762451,3.579804229736328,598.1011481285095,completed
1971.853015,20,158.744226,1.0,True,20,0,0,622.2842330932617,791.448712348938,4.104571533203125,622.2842330932617,completed
2076.558695,20,158.773763,1.0,True,20,0,0,485.4341993331909,672.073657989502,7.447494029998779,485.4341993331909,completed
1888.981699,20,158.797667,1.0,True,20,0,0,571.2270555496216,724.4084072113037,8.785820484161377,571.2270555496216,completed
841.64076,20,158.822044,1.0,True,20,0,0,684.3040151596069,1143.4512939453125,19.249510192871092,684.3040151596069,completed
2188.569876,20,158.841537,1.0,True,20,0,0,558.3554000854492,616.7598505020142,4.44952621459961,558.3554000854492,completed
1409.490775,20,158.861013,1.0,True,20,0,0,676.3285026550293,943.587739944458,11.919140243530274,676.3285026550293,completed
1259.57196,20,158.881633,1.0,True,20,0,0,711.6690492630005,1062.667802810669,12.487300682067872,711.6690492630005,completed
2401.32785,20,158.907872,1.0,True,20,0,0,436.9562973976135,575.1178541183472,3.3467183113098145,436.9562973976135,completed
1917.057994,20,158.928535,1.0,True,20,0,0,589.2844014167786,750.7375345230103,7.714001941680908,589.2844014167786,completed
2542.360144,20,158.947572,1.0,True,20,0,0,444.1448245048523,494.01228427886963,1.943486213684082,444.1448245048523,completed
1763.352889,20,158.968079,1.0,True,20,0,0,580.0608558654785,854.7521018981934,8.209582138061524,580.0608558654785,completed
2215.704218,20,158.987681,1.0,True,20,0,0,568.0480449199677,696.859857082367,3.2980278015136717,568.0480449199677,completed
1789.868918,20,159.006171,1.0,True,20,0,0,542.0405495166779,823.7953171730042,9.593297576904297,542.0405495166779,completed
933.409871,20,159.025214,1.0,True,20,0,0,704.4918212890625,998.1115007400513,21.899309635162354,704.4918212890625,completed
1203.89781,20,159.044079,1.0,True,20,0,0,845.6324138641357,1014.6796569824219,13.814377975463866,845.6324138641357,completed
913.983585,20,159.06318,1.0,True,20,0,0,716.4068670272827,1058.4647512435913,21.79652671813965,716.4068670272827,completed
1810.178079,20,159.082885,1.0,True,20,0,0,580.3318810462952,806.4915008544922,8.362053537368775,580.3318810462952,completed
1933.932914,20,159.10271,1.0,True,20,0,0,645.1265716552734,910.8247871398926,2.677096939086914,645.1265716552734,completed
2089.483626,20,159.123449,1.0,True,20,0,0,603.1931796073914,744.5346713066101,3.9903081893920898,603.1931796073914,completed
1904.182903,20,159.143027,1.0,True,20,0,0,572.4192306995392,846.3741555213928,5.658849692344665,572.4192306995392,completed
1462.46268,20,159.162426,1.0,True,20,0,0,665.4734170436859,860.7281603813171,14.911307334899902,665.4734170436859,completed
1329.763591,20,159.181838,1.0,True,20,0,0,640.4543769359589,1040.9280047416687,13.023574447631836,640.4543769359589,completed
1919.749278,20,159.20056,1.0,True,20,0,0,657.4383130073547,919.1259965896606,3.243728446960449,657.4383130073547,completed
1607.914123,20,159.221559,1.0,True,20,0,0,652.6359386444092,891.4992589950562,9.371378231048585,652.6359386444092,completed
2019.611598,20,159.241759,1.0,True,20,0,0,468.83972918987274,640.9913499355316,9.974851989746094,468.83972918987274,completed
2517.377262,20,159.261049,1.0,True,20,0,0,518.944007396698,592.051212310791,0.0,518.944007396698,completed
504.101163,20,159.283572,1.0,True,20,0,0,763.0982122421265,1126.2769269943237,26.97838225364685,763.0982122421265,completed
1897.419897,20,159.303427,1.0,True,20,0,0,628.8487097024918,930.2486660480499,2.6749336242675783,628.8487097024918,completed
2547.565573,20,159.322518,1.0,True,20,0,0,493.1780548095703,578.6614489555359,0.0,493.1780548095703,completed
1050.158607,20,159.341955,1.0,True,20,0,0,724.5702638626099,1024.6495151519775,17.324619197845458,724.5702638626099,completed
1167.928623,20,159.36075,1.0,True,20,0,0,736.8493123054504,1058.0771260261536,14.526923775672913,736.8493123054504,completed
1823.791574,20,159.37943,1.0,True,20,0,0,575.0153903961182,723.6146755218506,11.005576229095459,575.0153903961182,completed
2349.372337,20,159.398066,1.0,True,20,0,0,511.24052596092224,643.7382025718689,2.269283103942871,511.24052596092224,completed
2470.846092,20,159.416959,1.0,True,20,0,0,491.30455017089844,574.9144396781921,0.7991323471069336,491.30455017089844,completed
1688.710575,20,159.435443,1.0,True,20,0,0,636.8657326698303,906.0738878250122,9.062217712402344,636.8657326698303,completed
2138.845075,20,159.453819,1.0,True,20,0,0,523.750682592392,675.484124660492,6.47179946899414,523.750682592392,completed
2093.372114,20,159.47258,1.0,True,20,0,0,622.3660674095154,742.5090246200562,3.0362079620361326,622.3660674095154,completed
2139.109606,20,159.491294,1.0,True,20,0,0,604.5225305557251,690.9584045410156,3.578065776824951,604.5225305557251,completed
2391.111061,20,159.511326,1.0,True,20,0,0,510.85511684417725,605.8243064880371,2.2742282867431642,510.85511684417725,completed
1863.67258,20,159.533977,1.0,True,20,0,0,604.6345224380493,800.0545425415039,7.462167739868164,604.6345224380493,completed
1604.411218,20,159.554569,1.0,True,20,0,0,685.5560717582703,963.171404838562,8.244164848327637,685.5560717582703,completed
2233.610781,20,159.575418,1.0,True,20,0,0,581.9510946273804,771.528787612915,0.5884223937988281,581.9510946273804,completed
2169.318145,20,161.129199,1.0,True,20,0,0,535.7787885665894,705.3491830825806,4.083262014389038,535.7787885665894,completed
1651.386346,20,161.149097,1.0,True,20,0,0,575.6544147133827,806.0714656114578,11.788559818267823,575.6544147133827,completed
1856.37752,20,161.169876,1.0,True,20,0,0,596.8691830635071,768.5021772384644,8.62871437072754,596.8691830635071,completed
371.903673,20,161.1898,1.0,True,20,0,0,761.5603313446045,1233.4148292541504,27.360095405578612,761.5603313446045,completed
1835.14808,20,161.211082,1.0,True,20,0,0,598.1340112686157,776.6489877700806,9.541440677642822,598.1340112686157,completed
1209.560618,20,161.230743,1.0,True,20,0,0,755.8496370315552,958.913667678833,15.303114128112792,755.8496370315552,completed
1398.710951,20,161.251335,1.0,True,20,0,0,745.6681456565857,1012.3766469955444,10.506846237182618,745.6681456565857,completed
1846.244419,20,161.271675,1.0,True,20,0,0,621.779616355896,922.6371059417725,4.26967487335205,621.779616355896,completed
1903.006774,20,161.294634,1.0,True,20,0,0,687.4302949905396,889.9892702102661,3.38867130279541,687.4302949905396,completed
1447.812634,20,161.314279,1.0,True,20,0,0,679.6741237640381,942.2349300384521,12.823111724853515,679.6741237640381,completed
2397.097596,20,161.333241,1.0,True,20,0,0,541.7567553520203,688.9530458450317,0.0,541.7567553520203,completed
1781.301168,20,161.351584,1.0,True,20,0,0,603.569845199585,837.6412534713745,7.878788661956787,603.569845199585,completed
1538.762258,20,161.37052,1.0,True,20,0,0,754.2893826961517,928.4257233142853,9.809895420074463,754.2893826961517,completed
1817.346149,20,161.389277,1.0,True,20,0,0,579.930552482605,854.4914951324463,6.868871879577637,579.930552482605,completed
1379.82432,20,161.408432,1.0,True,20,0,0,715.6238975524902,1004.1628713607788,11.655554580688477,715.6238975524902,completed
1442.871997,20,161.428635,1.0,True,20,0,0,646.7101573944092,875.701337814331,12.770760917663575,646.7101573944092,completed
2050.882542,20,161.44817,1.0,True,20,0,0,593.8435220718384,732.5052890777588,4.801388168334961,593.8435220718384,completed
2367.777495,20,161.467653,1.0,True,20,0,0,579.6136183738708,694.9584856033325,0.0,579.6136183738708,completed
958.655956,20,161.486745,1.0,True,20,0,0,752.9716720581055,1104.1953678131104,16.373653411865234,752.9716720581055,completed
822.529404,20,161.506596,1.0,True,20,0,0,712.0175561904907,1125.9234924316406,20.418605518341064,712.0175561904907,completed
1791.235938,20,161.52724,1.0,True,20,0,0,663.2102384567261,846.482292175293,7.117684936523437,663.2102384567261,completed
1810.388289,20,161.554666,1.0,True,20,0,0,690.1355805397034,987.5741386413574,2.3549702644348143,690.1355805397034,completed
2661.471508,20,161.575164,1.0,True,20,0,0,474.44770312309265,485.32715463638306,0.0,474.44770312309265,completed
1604.95039,20,161.594188,1.0,True,20,0,0,676.8830587863922,782.3123936653137,12.709403538703919,676.8830587863922,completed
2061.680032,20,161.613564,1.0,True,20,0,0,552.6974177360535,731.5574426651001,5.799708271026612,552.6974177360535,completed
1611.126238,20,161.632184,1.0,True,20,0,0,618.597508430481,929.3268804550171,10.636392211914062,618.597508430481,completed
1900.451799,20,161.650532,1.0,True,20,0,0,619.7077615261078,769.1968493461609,7.790175247192383,619.7077615261078,completed
2089.59847,20,161.669447,1.0,True,20,0,0,573.1702404022217,730.8956489562988,4.187854290008545,573.1702404022217,completed
1816.013772,20,161.689783,1.0,True,20,0,0,690.4497246742249,788.1753406524658,7.693087959289551,690.4497246742249,completed
1801.187878,20,161.708699,1.0,True,20,0,0,640.0973062515259,878.2904777526855,5.715855312347412,640.0973062515259,completed
2223.634109,20,161.734068,1.0,True,20,0,0,616.7085795402527,805.7643117904663,0.0,616.7085795402527,completed
2175.088377,20,161.756535,1.0,True,20,0,0,533.2780342102051,692.1138916015625,4.965488052368164,533.2780342102051,completed
1692.459854,20,161.775091,1.0,True,20,0,0,639.6593189239502,862.2053203582764,9.507967567443847,639.6593189239502,completed
2030.934939,20,161.806554,1.0,True,20,0,0,579.6113624572754,737.6353101730347,5.372485065460205,579.6113624572754,completed
1267.974301,20,161.829392,1.0,True,20,0,0,711.2969284057617,991.9566783905029,13.602379894256591,711.2969284057617,completed
1454.323184,20,161.850556,1.0,True,20,0,0,705.4983763694763,855.1439819335938,14.667985248565675,705.4983763694763,completed
1603.36074,20,161.870899,1.0,True,20,0,0,597.5925765037537,866.4014959335327,10.376051712036134,597.5925765037537,completed
1845.849845,20,161.892691,1.0,True,20,0,0,595.0706696510315,771.7157845497131,9.455509757995605,595.0706696510315,completed
2278.788328,20,161.913286,1.0,True,20,0,0,508.8525667190552,620.1264228820801,4.094026660919189,508.8525667190552,completed
1980.645916,20,161.931853,1.0,True,20,0,0,647.462963104248,859.809121131897,2.8771568298339845,647.462963104248,completed
2130.243893,20,161.953156,1.0,True,20,0,0,572.8016834259033,683.5473117828369,4.479326343536377,572.8016834259033,completed
1984.122017,20,161.972269,1.0,True,20,0,0,584.2639579772949,805.761640548706,5.224545097351074,584.2639579772949,completed
2127.838039,20,161.992588,1.0,True,20,0,0,570.5916247367859,673.1618690490723,4.858223247528076,570.5916247367859,completed
1061.562748,20,162.012927,1.0,True,20,0,0,710.1377458572388,1035.7821979522705,18.19985466003418,710.1377458572388,completed
1574.939727,20,162.03585,1.0,True,20,0,0,676.3240976333618,946.6926670074463,9.572597026824951,676.3240976333618,completed
2141.422611,20,162.057424,1.0,True,20,0,0,541.9558939933777,635.6053075790405,6.605950355529785,541.9558939933777,completed
2158.441599,20,162.076502,1.0,True,20,0,0,463.0322551727295,574.2671375274658,7.176129913330078,463.0322551727295,completed
2221.871667,20,162.095847,1.0,True,20,0,0,530.7029900550842,690.3846635818481,3.2570852279663085,530.7029900550842,completed
2424.214616,20,162.115121,1.0,True,20,0,0,434.9674172401428,560.6286363601685,3.2028358459472654,434.9674172401428,completed
1519.067049,20,162.133849,1.0,True,20,0,0,733.0852885246277,962.3690605163574,10.311895275115967,733.0852885246277,completed
1494.792384,20,162.152849,1.0,True,20,0,0,632.3090257644653,842.6460294723511,13.847789192199707,632.3090257644653,completed
1627.007141,20,162.171814,1.0,True,20,0,0,636.922149181366,1034.1343140602112,6.457295608520508,636.922149181366,completed
1976.660702,20,162.191104,1.0,True,20,0,0,552.1472887992859,790.6945142745972,5.05717396736145,552.1472887992859,completed
2234.186173,20,162.209532,1.0,True,20,0,0,537.3619365692139,732.8853588104248,2.3055692672729493,537.3619365692139,completed
1899.939304,20,162.22879,1.0,True,20,0,0,578.1909193992615,779.8140993118286,7.5087658882141115,578.1909193992615,completed
1549.093192,20,162.248341,1.0,True,20,0,0,611.7262535095215,852.9638538360596,13.76527042388916,611.7262535095215,completed
2178.20932,20,162.266936,1.0,True,20,0,0,530.4932000637054,636.9332900047302,6.44670352935791,530.4932000637054,completed
1825.020434,20,162.289148,1.0,True,20,0,0,733.9211978912354,1104.2062244415283,0.0,733.9211978912354,completed
1367.266135,20,162.310662,1.0,True,20,0,0,790.0217056274414,1247.2627334594727,4.793295860290527,790.0217056274414,completed
1444.459073,20,162.330515,1.0,True,20,0,0,670.3614273071289,1035.3532447814941,10.48588752746582,670.3614273071289,completed
1797.003164,20,162.350282,1.0,True,20,0,0,614.9456739425659,790.908953666687,8.600739574432373,614.9456739425659,completed
1798.559645,20,162.369907,1.0,True,20,0,0,601.5267114639282,794.2008781433105,8.672584056854248,601.5267114639282,completed
1618.52468,20,162.390209,1.0,True,20,0,0,682.1988191604614,912.1260623931885,8.72043399810791,682.1988191604614,completed
2304.156215,20,162.409737,1.0,True,20,0,0,504.9203462600708,618.8201961517334,2.9297340393066404,504.9203462600708,completed
333.807549,20,162.428774,1.0,True,20,0,0,896.0994157791138,1407.446340560913,22.133545684814454,896.0994157791138,completed
1553.702386,20,162.448022,1.0,True,20,0,0,579.8173501491547,814.8025584220886,13.928109741210937,579.8173501491547,completed
1597.652059,20,162.466521,1.0,True,20,0,0,728.6586744785309,1027.031828403473,6.635443115234375,728.6586744785309,completed
1601.408191,20,162.48783,1.0,True,20,0,0,656.661479473114,981.7874426841736,8.865718364715576,656.661479473114,completed
2114.440056,20,162.508669,1.0,True,20,0,0,524.1479353904724,698.4063777923584,5.1956041812896725,524.1479353904724,completed
2064.633027,20,162.527509,1.0,True,20,0,0,566.9058094024658,699.3757104873657,6.397755146026611,566.9058094024658,completed
1882.824427,20,162.553004,1.0,True,20,0,0,625.3214058876038,748.4363317489624,7.46756911277771,625.3214058876038,completed
1851.906841,20,162.572253,1.0,True,20,0,0,644.9490416049957,822.7914156913757,7.151329421997071,644.9490416049957,completed
1928.359833,20,162.592388,1.0,True,20,0,0,615.3623580932617,823.9471950531006,5.0270209312438965,615.3623580932617,completed
2217.337701,20,162.61109,1.0,True,20,0,0,541.3774900436401,676.330470085144,2.9718071937561037,541.3774900436401,completed
2282.121807,20,162.629876,1.0,True,20,0,0,533.4828248023987,648.5400948524475,3.484859848022461,533.4828248023987,completed
2048.44208,20,162.64837,1.0,True,20,0,0,622.9723172187805,671.6258478164673,6.099652433395386,622.9723172187805,completed
1596.867922,20,162.667528,1.0,True,20,0,0,570.1763663291931,812.1999063491821,13.690159034729003,570.1763663291931,completed
2486.432015,20,162.685897,1.0,True,20,0,0,531.9344444274902,613.0975618362427,0.0,531.9344444274902,completed
1327.707333,20,162.704448,1.0,True,20,0,0,688.4435901641846,930.5494928359985,15.3905517578125,688.4435901641846,completed
1703.274825,20,162.723283,1.0,True,20,0,0,660.9637651443481,860.7727193832397,8.957423114776612,660.9637651443481,completed
1640.183639,20,162.741519,1.0,True,20,0,0,612.1508107185364,755.7758846282959,13.529310035705567,612.1508107185364,completed
1862.727816,20,162.76009,1.0,True,20,0,0,570.9541234970093,727.4643125534058,9.36222414970398,570.9541234970093,completed
1892.500956,20,162.778634,1.0,True,20,0,0,634.5277289152145,799.7594697475433,6.926174736022949,634.5277289152145,completed
1999.592625,20,162.798041,1.0,True,20,0,0,543.3672428131104,677.519983291626,8.35287618637085,543.3672428131104,completed
2314.689545,20,162.816264,1.0,True,20,0,0,581.0779500007629,742.4215316772461,0.0,581.0779500007629,completed
835.407925,20,162.835665,1.0,True,20,0,0,836.0466499328613,1128.6913890838623,17.53508892059326,836.0466499328613,completed
1224.690638,20,162.855613,1.0,True,20,0,0,720.2366189956665,983.1942796707153,16.041342067718507,720.2366189956665,completed
1899.187773,20,162.875063,1.0,True,20,0,0,636.9945707321167,823.0251960754395,6.082194232940674,636.9945707321167,completed
1835.27892,20,162.893272,1.0,True,20,0,0,631.8977642059326,782.2601776123047,7.627405643463135,631.8977642059326,completed
1456.712507,20,162.912173,1.0,True,20,0,0,663.5868844985962,980.1150493621826,11.800220203399657,663.5868844985962,completed
2651.843368,20,162.930352,1.0,True,20,0,0,470.8345277309418,496.0508322715759,0.0,470.8345277309418,completed
1052.724499,20,162.949413,1.0,True,20,0,0,669.6493639945984,996.506805896759,20.108209896087647,669.6493639945984,completed
547.823735,20,162.967812,1.0,True,20,0,0,874.4752113819122,1249.7232155799866,22.069890022277832,874.4752113819122,completed
1799.271257,20,162.986642,1.0,True,20,0,0,527.48453104496,724.1439964771271,11.066990697383881,527.48453104496,completed
1902.122857,20,163.005268,1.0,True,20,0,0,536.7270574569702,760.4524993896484,7.9835789680480955,536.7270574569702,completed
1237.840142,20,163.026103,1.0,True,20,0,0,726.7204942703247,1216.1677532196045,9.208575820922851,726.7204942703247,completed
2445.28437,20,163.053008,1.0,True,20,0,0,504.86357259750366,634.7776441574097,0.21355195045471193,504.86357259750366,completed
1321.612734,20,163.071988,1.0,True,20,0,0,692.4121749401093,917.7007365226746,15.836728763580322,692.4121749401093,completed
2340.893834,20,163.090605,1.0,True,20,0,0,544.9916744232178,633.5326986312866,1.630629825592041,544.9916744232178,completed
1485.628422,20,163.109923,1.0,True,20,0,0,619.7305812835693,843.931131362915,13.605224609375,619.7305812835693,completed
1981.706096,20,163.128704,1.0,True,20,0,0,559.3571418523788,693.3774564266205,8.749110412597656,559.3571418523788,completed
2246.370946,20,163.148536,1.0,True,20,0,0,541.3234624862671,674.5318470001221,1.6712486267089843,541.3234624862671,completed
2466.636892,20,163.167186,1.0,True,20,0,0,530.7428941726685,573.5143556594849,0.9762895107269287,530.7428941726685,completed
1488.228814,20,164.47809,1.0,True,20,0,0,698.212443113327,942.8035674095154,10.893994903564453,698.212443113327,completed
2280.364374,20,164.510277,1.0,True,20,0,0,524.1825035810471,670.138974905014,1.824331283569336,524.1825035810471,completed
1554.910272,20,164.535073,1.0,True,20,0,0,759.273184299469,946.8649740219116,8.824358654022216,759.273184299469,completed
2137.742377,20,164.565012,1.0,True,20,0,0,540.6399531364441,632.9734258651733,6.790072059631347,540.6399531364441,completed
1289.719689,20,164.625904,1.0,True,20,0,0,822.9700326919556,1309.8268127441406,5.767219924926758,822.9700326919556,completed
1262.278477,20,164.647718,1.0,True,20,0,0,711.1636033058167,1125.4710006713867,11.950131511688232,711.1636033058167,completed
1775.896524,20,164.667951,1.0,True,20,0,0,691.7668416500092,984.7123837471008,3.8964937210083006,691.7668416500092,completed
1902.866459,20,164.697844,1.0,True,20,0,0,715.1046314239502,941.1044864654541,2.196395683288574,715.1046314239502,completed
2018.241885,20,164.71937,1.0,True,20,0,0,582.2855434417725,747.7250785827637,4.747230052947998,582.2855434417725,completed
1694.598092,20,164.741759,1.0,True,20,0,0,630.3032674789429,828.2481517791748,10.528674507141114,630.3032674789429,completed
2213.231467,20,164.762476,1.0,True,20,0,0,495.03147888183594,634.2328681945801,5.552337265014648,495.03147888183594,completed
1680.301327,20,164.785174,1.0,True,20,0,0,749.3332681655884,999.2089977264404,3.774220371246338,749.3332681655884,completed
2011.984885,20,164.814651,1.0,True,20,0,0,629.4837064743042,912.4113817214966,1.5418092727661132,629.4837064743042,completed
1835.666579,20,164.835844,1.0,True,20,0,0,586.8114963769913,756.3652541637421,9.6311185836792,586.8114963769913,completed
2116.009349,20,164.862261,1.0,True,20,0,0,596.5905241966248,716.026692867279,4.2101743698120115,596.5905241966248,completed
2610.693896,20,164.884441,1.0,True,20,0,0,465.6723356246948,536.2751846313477,0.0,465.6723356246948,completed
2317.862249,20,164.907142,1.0,True,20,0,0,578.4751524925232,677.8928527832031,1.109263038635254,578.4751524925232,completed
1863.273747,20,164.927997,1.0,True,20,0,0,563.4853308200836,699.4178066253662,10.231886672973634,563.4853308200836,completed
1811.662963,20,164.948538,1.0,True,20,0,0,626.0388028621674,853.7629065513611,6.964363956451416,626.0388028621674,completed
1957.686151,20,164.968759,1.0,True,20,0,0,574.2204823493958,775.6872186660767,6.238140487670899,574.2204823493958,completed
1680.359212,20,164.989075,1.0,True,20,0,0,540.7939686775208,782.7931966781616,14.102297258377074,540.7939686775208,completed
2516.866993,20,165.00992,1.0,True,20,0,0,492.6036252975464,537.6272068023682,0.6545226097106933,492.6036252975464,completed
2140.351663,20,165.030675,1.0,True,20,0,0,560.3581833839417,658.4099378585815,5.729562377929687,560.3581833839417,completed
2516.866993,20,165.062445,1.0,True,20,0,0,492.6036252975464,537.6272068023682,0.6545226097106933,492.6036252975464,completed
2189.764727,20,165.08329,1.0,True,20,0,0,536.8979756832123,833.8152022361755,0.647494125366211,536.8979756832123,completed
1972.515367,20,165.103195,1.0,True,20,0,0,598.3519396781921,787.0263223648071,6.443612861633301,598.3519396781921,completed
1604.890281,20,165.124207,1.0,True,20,0,0,642.8614616394043,858.5220165252686,9.875465583801269,642.8614616394043,completed
2068.292723,20,165.143641,1.0,True,20,0,0,573.6076946258545,731.7705574035645,5.3148761749267575,573.6076946258545,completed
2420.869339,20,165.163519,1.0,True,20,0,0,538.4081611633301,669.1688766479492,0.0,538.4081611633301,completed
2184.425828,20,165.187902,1.0,True,20,0,0,480.19737815856934,670.3928127288818,5.500591278076172,480.19737815856934,completed
1680.925333,20,165.232704,1.0,True,20,0,0,645.0359678268433,844.444712638855,10.204097557067872,645.0359678268433,completed
2275.487947,20,165.281341,1.0,True,20,0,0,576.7204308509827,780.4361772537231,0.0,576.7204308509827,completed
2377.198117,20,165.312752,1.0,True,20,0,0,485.543940782547,541.1512351036072,2.9052289962768554,485.543940782547,completed
2144.521569,20,165.333407,1.0,True,20,0,0,556.2688777446747,670.9675650596619,4.716319561004639,556.2688777446747,completed
1908.776033,20,165.353118,1.0,True,20,0,0,708.6552443504333,1004.0160417556763,0.4153293609619141,708.6552443504333,completed
2287.195227,20,165.372274,1.0,True,20,0,0,506.3569313287735,660.6967284679413,3.4306053161621093,506.3569313287735,completed
1157.177907,20,165.392239,1.0,True,20,0,0,642.6209259033203,937.7986660003662,19.516775131225586,642.6209259033203,completed
1431.349404,20,165.411899,1.0,True,20,0,0,650.5855488777161,923.1304082870483,13.571395444869996,650.5855488777161,completed
2413.135289,20,165.430497,1.0,True,20,0,0,458.45529985427856,583.0181646347046,3.136788749694824,458.45529985427856,completed
1823.80894,20,165.449514,1.0,True,20,0,0,612.6725682020187,764.4055268764496,9.943535995483398,612.6725682020187,completed
1346.547207,20,165.46839,1.0,True,20,0,0,769.2232675552368,941.763970375061,13.39946162700653,769.2232675552368,completed
2066.047087,20,165.488015,1.0,True,20,0,0,638.1174445152283,848.5820417404175,1.8160550117492675,638.1174445152283,completed
1786.116238,20,165.506764,1.0,True,20,0,0,597.1652774810791,895.5209083557129,6.887789916992188,597.1652774810791,completed
2087.64775,20,165.525293,1.0,True,20,0,0,554.9644637107849,680.0650496482849,5.907550430297851,554.9644637107849,completed
982.53646,20,165.547392,1.0,True,20,0,0,728.8446950912476,1079.2328815460205,18.700013828277587,728.8446950912476,completed
2036.986529,20,165.568845,1.0,True,20,0,0,628.0391864776611,774.3458652496338,4.110237693786621,628.0391864776611,completed
2301.309577,20,165.589677,1.0,True,20,0,0,463.45429039001465,602.2468852996826,4.07865686416626,463.45429039001465,completed
1554.409935,20,165.610763,1.0,True,20,0,0,705.405797958374,890.2405738830566,10.577048873901367,705.405797958374,completed
1419.562041,20,165.639996,1.0,True,20,0,0,683.2601251602173,953.1879425048828,11.299378681182862,683.2601251602173,completed
2049.193626,20,165.663892,1.0,True,20,0,0,625.0242643356323,771.2539310455322,4.560312271118164,625.0242643356323,completed
2246.797507,20,165.688628,1.0,True,20,0,0,539.5401134490967,748.2216300964355,1.5358657836914062,539.5401134490967,completed
2018.91448,20,165.713348,1.0,True,20,0,0,594.1115479469299,820.5655183792114,3.174913024902344,594.1115479469299,completed
1671.114079,20,165.739249,1.0,True,20,0,0,673.8271417617798,992.1966915130615,5.954331874847412,673.8271417617798,completed
2161.102261,20,165.767896,1.0,True,20,0,0,564.322847366333,713.4195423126221,3.638563346862793,564.322847366333,completed
1689.814501,20,165.796034,1.0,True,20,0,0,576.5113854408264,862.4261064529419,8.640248775482178,576.5113854408264,completed
2375.031183,20,165.824318,1.0,True,20,0,0,554.9451270103455,612.3857545852661,1.834435272216797,554.9451270103455,completed
2490.482172,20,165.848888,1.0,True,20,0,0,461.8232226371765,537.9017238616943,1.7682999610900878,461.8232226371765,completed
1749.18127,20,165.876461,1.0,True,20,0,0,641.5256567001343,804.2354030609131,9.031109809875488,641.5256567001343,completed
1946.073489,20,165.897636,1.0,True,20,0,0,520.087197303772,725.3741054534912,8.724066925048827,520.087197303772,completed
1560.49472,20,165.917031,1.0,True,20,0,0,707.5894451141357,845.9906616210938,10.984047126770019,707.5894451141357,completed
1724.993877,20,165.936824,1.0,True,20,0,0,613.3959522247314,802.6277503967285,10.101950645446777,613.3959522247314,completed
2510.850189,20,165.95806,1.0,True,20,0,0,491.8296980857849,575.9647355079651,0.38726956844329835,491.8296980857849,completed
2083.216929,20,165.977333,1.0,True,20,0,0,630.0325717926025,708.0329208374023,4.123182868957519,630.0325717926025,completed
2169.171638,20,165.996508,1.0,True,20,0,0,597.0023627281189,714.9472732543945,3.529623603820801,597.0023627281189,completed
1976.949437,20,166.014967,1.0,True,20,0,0,573.4236268997192,758.5283374786377,6.240380382537841,573.4236268997192,completed
1391.293773,20,166.033839,1.0,True,20,0,0,665.4604539871216,950.4852504730225,12.972404479980469,665.4604539871216,completed
1696.433705,20,166.05541,1.0,True,20,0,0,700.0221066474915,1103.1880073547363,3.1261555671691896,700.0221066474915,completed
2117.638601,20,166.075045,1.0,True,20,0,0,544.6839487552643,726.2350430488586,4.667312049865723,544.6839487552643,completed
1657.911221,20,166.094129,1.0,True,20,0,0,579.4516758918762,801.8758840560913,12.308857536315918,579.4516758918762,completed
1182.771024,20,166.113014,1.0,True,20,0,0,718.1308584213257,946.2705068588257,17.511322593688966,718.1308584213257,completed
2076.219976,20,166.131724,1.0,True,20,0,0,505.9368486404419,625.5112981796265,8.428887176513673,505.9368486404419,completed
1798.205868,20,166.150153,1.0,True,20,0,0,651.6287550926208,848.0757551193237,7.0733386993408205,651.6287550926208,completed
1425.585784,20,166.168552,1.0,True,20,0,0,588.2547788619995,908.1782627105713,14.43663148880005,588.2547788619995,completed
424.78092,20,166.188185,1.0,True,20,0,0,745.7749681472778,1164.0307216644287,27.558007621765135,745.7749681472778,completed
2327.826637,20,166.208249,1.0,True,20,0,0,546.9542257785797,611.965057849884,3.1459815979003904,546.9542257785797,completed
2026.073256,20,166.227422,1.0,True,20,0,0,547.0269231796265,701.1604614257812,5.73585205078125,547.0269231796265,completed
1948.404809,20,166.246766,1.0,True,20,0,0,599.3044967651367,718.5073194503784,8.291361045837402,599.3044967651367,completed
2137.724594,20,166.265595,1.0,True,20,0,0,552.783611536026,731.1658539772034,4.53306999206543,552.783611536026,completed
2417.997928,20,166.284438,1.0,True,20,0,0,569.9712972640991,654.5629940032959,0.0,569.9712972640991,completed
1838.645898,20,166.30629,1.0,True,20,0,0,622.0656328201294,763.825044631958,8.197679328918458,622.0656328201294,completed
995.134299,20,166.326663,1.0,True,20,0,0,779.0233211517334,1197.3763465881348,15.00844316482544,779.0233211517334,completed
1908.120145,20,166.345257,1.0,True,20,0,0,586.0741634368896,874.0367069244385,4.594874477386474,586.0741634368896,completed
2373.382253,20,166.364078,1.0,True,20,0,0,546.9661378860474,707.6709671020508,0.0,546.9661378860474,completed
1484.838842,20,166.382432,1.0,True,20,0,0,654.2069745063782,826.1026391983032,14.84810175895691,654.2069745063782,completed
1691.718774,20,166.40109,1.0,True,20,0,0,651.2943420410156,998.4702072143555,6.854684829711914,651.2943420410156,completed
1782.256426,20,166.42086,1.0,True,20,0,0,638.8166192173958,887.28300344944,7.211057472229004,638.8166192173958,completed
2065.060301,20,166.439366,1.0,True,20,0,0,623.6764049530029,799.2429246902466,3.41416597366333,623.6764049530029,completed
1139.900568,20,166.457827,1.0,True,20,0,0,727.2659139633179,1008.5319900512695,17.358867359161376,727.2659139633179,completed
2372.743736,20,166.475835,1.0,True,20,0,0,470.4025092124939,629.6619372367859,2.0596656799316406,470.4025092124939,completed
2117.095266,20,166.494074,1.0,True,20,0,0,541.9917168617249,658.7472448348999,5.327193355560302,541.9917168617249,completed
2163.297429,20,166.512181,1.0,True,20,0,0,608.8159599304199,732.7606000900269,3.009408378601074,608.8159599304199,completed
1758.316713,20,166.531696,1.0,True,20,0,0,675.1310968399048,850.251859664917,8.283189582824708,675.1310968399048,completed
1769.782807,20,166.553576,1.0,True,20,0,0,617.4449653625488,877.9887599945068,7.474064445495605,617.4449653625488,completed
2253.295212,20,166.572154,1.0,True,20,0,0,489.5808229446411,578.8179388046265,6.156414031982422,489.5808229446411,completed
2427.347228,20,166.592432,1.0,True,20,0,0,504.68796730041504,622.5370016098022,1.0012322425842286,504.68796730041504,completed
1685.485602,20,166.612049,1.0,True,20,0,0,702.6579747200012,838.4481916427612,8.765665054321289,702.6579747200012,completed
2180.061696,20,166.631005,1.0,True,20,0,0,577.6317502260208,673.771124124527,4.0552754402160645,577.6317502260208,completed
2212.328728,20,166.649716,1.0,True,20,0,0,598.8259325027466,651.1873950958252,3.551739454269409,598.8259325027466,completed
2156.060553,20,166.668498,1.0,True,20,0,0,569.9771227836609,675.8300943374634,4.713501739501953,569.9771227836609,completed
1702.624206,20,166.687725,1.0,True,20,0,0,647.9450373649597,887.9493360519409,8.421612548828126,647.9450373649597,completed
1576.619716,20,166.706145,1.0,True,20,0,0,605.1069898605347,785.4513568878174,13.782989931106567,605.1069898605347,completed
2207.55242,20,166.724712,1.0,True,20,0,0,599.8705058097839,760.2297039031982,1.2818150520324707,599.8705058097839,completed
